Data from Parasolid IGES Translator 28.1.247, Copyright(c) 2006 Siemens S      1
PLM Software. All Rights Reserved.                                      S      2
1H,,1H;,6HNoname,13H2604-1101.igs,27HBy Siemens PLM Incorporated,27HXPluG      1
s GENERIC/IGES 28.1.247,32,38, 6,308,15,6HNoname,1.000,2,2HMM,1,1.000,  G      2
15H20251104.225400,1.0e-05,0.00,6HNoname,6HNoname,11,0,15H20251104.22540G      3
0;                                                                      G      4
     110       1       0       1       0       0       0       000010001D      1
     110       1       0       2       0       0       0               0D      2
     110       3       0       1       0       0       0       000010001D      3
     110       1       0       1       0       0       0               0D      4
     120       4       0       1       0       0       0       000010001D      5
     120       1       0       1       0       0       0               0D      6
     126       5       0       1       0       0       0       000010501D      7
     126       1       0       4       0       0       0               0D      8
     126       9       0       1       0       0       0       000010501D      9
     126       1       0       2       0       0       0               0D     10
     126      11       0       1       0       0       0       000010501D     11
     126       1       0       4       0       0       0               0D     12
     126      15       0       1       0       0       0       000010501D     13
     126       1       0       2       0       0       0               0D     14
     102      17       0       1       0       0       0       000010501D     15
     102       1       0       1       0       0       0               0D     16
     124      18       0       1       0       0       0       000010001D     17
     124       1       0       1       0       0       0               0D     18
     100      19       0       1       0       0      17       000010001D     19
     100       1       0       1       0       0       0               0D     20
     110      20       0       1       0       0       0       000010001D     21
     110       1       0       1       0       0       0               0D     22
     124      21       0       1       0       0       0       000010001D     23
     124       1       0       1       0       0       0               0D     24
     100      22       0       1       0       0      23       000010001D     25
     100       1       0       1       0       0       0               0D     26
     110      23       0       1       0       0       0       000010001D     27
     110       1       0       2       0       0       0               0D     28
     102      25       0       1       0       0       0       000010001D     29
     102       1       0       1       0       0       0               0D     30
     142      26       0       1       0       0       0       000010001D     31
     142       1       0       1       0       0       0               0D     32
     144      27       0       1       0       0       0       000000001D     33
     144       1       0       1       0       0       0               0D     34
     110      28       0       1       0       0       0       000010001D     35
     110       1       0       2       0       0       0               0D     36
     110      30       0       1       0       0       0       000010001D     37
     110       1       0       1       0       0       0               0D     38
     120      31       0       1       0       0       0       000010001D     39
     120       1       0       1       0       0       0               0D     40
     126      32       0       1       0       0       0       000010501D     41
     126       1       0       4       0       0       0               0D     42
     126      36       0       1       0       0       0       000010501D     43
     126       1       0       3       0       0       0               0D     44
     126      39       0       1       0       0       0       000010501D     45
     126       1       0       4       0       0       0               0D     46
     126      43       0       1       0       0       0       000010501D     47
     126       1       0       3       0       0       0               0D     48
     102      46       0       1       0       0       0       000010501D     49
     102       1       0       1       0       0       0               0D     50
     124      47       0       1       0       0       0       000010001D     51
     124       1       0       1       0       0       0               0D     52
     100      48       0       1       0       0      51       000010001D     53
     100       1       0       1       0       0       0               0D     54
     110      49       0       1       0       0       0       000010001D     55
     110       1       0       1       0       0       0               0D     56
     124      50       0       1       0       0       0       000010001D     57
     124       1       0       1       0       0       0               0D     58
     100      51       0       1       0       0      57       000010001D     59
     100       1       0       1       0       0       0               0D     60
     110      52       0       1       0       0       0       000010001D     61
     110       1       0       2       0       0       0               0D     62
     102      54       0       1       0       0       0       000010001D     63
     102       1       0       1       0       0       0               0D     64
     142      55       0       1       0       0       0       000010001D     65
     142       1       0       1       0       0       0               0D     66
     144      56       0       1       0       0       0       000000001D     67
     144       1       0       1       0       0       0               0D     68
     110      57       0       1       0       0       0       000010001D     69
     110       1       0       1       0       0       0               0D     70
     110      58       0       1       0       0       0       000010001D     71
     110       1       0       1       0       0       0               0D     72
     120      59       0       1       0       0       0       000010001D     73
     120       1       0       1       0       0       0               0D     74
     126      60       0       1       0       0       0       000010501D     75
     126       1       0       2       0       0       0               0D     76
     126      62       0       1       0       0       0       000010501D     77
     126       1       0       2       0       0       0               0D     78
     126      64       0       1       0       0       0       000010501D     79
     126       1       0       2       0       0       0               0D     80
     126      66       0       1       0       0       0       000010501D     81
     126       1       0       3       0       0       0               0D     82
     102      69       0       1       0       0       0       000010501D     83
     102       1       0       1       0       0       0               0D     84
     124      70       0       1       0       0       0       000010001D     85
     124       1       0       1       0       0       0               0D     86
     100      71       0       1       0       0      85       000010001D     87
     100       1       0       1       0       0       0               0D     88
     110      72       0       1       0       0       0       000010001D     89
     110       1       0       1       0       0       0               0D     90
     124      73       0       1       0       0       0       000010001D     91
     124       1       0       1       0       0       0               0D     92
     100      74       0       1       0       0      91       000010001D     93
     100       1       0       1       0       0       0               0D     94
     110      75       0       1       0       0       0       000010001D     95
     110       1       0       2       0       0       0               0D     96
     102      77       0       1       0       0       0       000010001D     97
     102       1       0       1       0       0       0               0D     98
     142      78       0       1       0       0       0       000010001D     99
     142       1       0       1       0       0       0               0D    100
     144      79       0       1       0       0       0       000000001D    101
     144       1       0       1       0       0       0               0D    102
     110      80       0       1       0       0       0       000010001D    103
     110       1       0       1       0       0       0               0D    104
     110      81       0       1       0       0       0       000010001D    105
     110       1       0       1       0       0       0               0D    106
     120      82       0       1       0       0       0       000010001D    107
     120       1       0       1       0       0       0               0D    108
     126      83       0       1       0       0       0       000010501D    109
     126       1       0       4       0       0       0               0D    110
     126      87       0       1       0       0       0       000010501D    111
     126       1       0       2       0       0       0               0D    112
     126      89       0       1       0       0       0       000010501D    113
     126       1       0       4       0       0       0               0D    114
     126      93       0       1       0       0       0       000010501D    115
     126       1       0       2       0       0       0               0D    116
     102      95       0       1       0       0       0       000010501D    117
     102       1       0       1       0       0       0               0D    118
     124      96       0       1       0       0       0       000010001D    119
     124       1       0       1       0       0       0               0D    120
     100      97       0       1       0       0     119       000010001D    121
     100       1       0       1       0       0       0               0D    122
     110      98       0       1       0       0       0       000010001D    123
     110       1       0       1       0       0       0               0D    124
     124      99       0       1       0       0       0       000010001D    125
     124       1       0       1       0       0       0               0D    126
     100     100       0       1       0       0     125       000010001D    127
     100       1       0       1       0       0       0               0D    128
     110     101       0       1       0       0       0       000010001D    129
     110       1       0       2       0       0       0               0D    130
     102     103       0       1       0       0       0       000010001D    131
     102       1       0       1       0       0       0               0D    132
     142     104       0       1       0       0       0       000010001D    133
     142       1       0       1       0       0       0               0D    134
     144     105       0       1       0       0       0       000000001D    135
     144       1       0       1       0       0       0               0D    136
     110     106       0       1       0       0       0       000010001D    137
     110       1       0       1       0       0       0               0D    138
     110     107       0       1       0       0       0       000010001D    139
     110       1       0       1       0       0       0               0D    140
     120     108       0       1       0       0       0       000010001D    141
     120       1       0       1       0       0       0               0D    142
     126     109       0       1       0       0       0       000010501D    143
     126       1       0       2       0       0       0               0D    144
     126     111       0       1       0       0       0       000010501D    145
     126       1       0       2       0       0       0               0D    146
     126     113       0       1       0       0       0       000010501D    147
     126       1       0       2       0       0       0               0D    148
     126     115       0       1       0       0       0       000010501D    149
     126       1       0       2       0       0       0               0D    150
     102     117       0       1       0       0       0       000010501D    151
     102       1       0       1       0       0       0               0D    152
     124     118       0       1       0       0       0       000010001D    153
     124       1       0       1       0       0       0               0D    154
     100     119       0       1       0       0     153       000010001D    155
     100       1       0       1       0       0       0               0D    156
     110     120       0       1       0       0       0       000010001D    157
     110       1       0       1       0       0       0               0D    158
     124     121       0       1       0       0       0       000010001D    159
     124       1       0       1       0       0       0               0D    160
     100     122       0       1       0       0     159       000010001D    161
     100       1       0       1       0       0       0               0D    162
     110     123       0       1       0       0       0       000010001D    163
     110       1       0       1       0       0       0               0D    164
     102     124       0       1       0       0       0       000010001D    165
     102       1       0       1       0       0       0               0D    166
     142     125       0       1       0       0       0       000010001D    167
     142       1       0       1       0       0       0               0D    168
     144     126       0       1       0       0       0       000000001D    169
     144       1       0       1       0       0       0               0D    170
     110     127       0       1       0       0       0       000010001D    171
     110       1       0       1       0       0       0               0D    172
     110     128       0       1       0       0       0       000010001D    173
     110       1       0       1       0       0       0               0D    174
     120     129       0       1       0       0       0       000010001D    175
     120       1       0       1       0       0       0               0D    176
     126     130       0       1       0       0       0       000010501D    177
     126       1       0       4       0       0       0               0D    178
     126     134       0       1       0       0       0       000010501D    179
     126       1       0       3       0       0       0               0D    180
     126     137       0       1       0       0       0       000010501D    181
     126       1       0       4       0       0       0               0D    182
     126     141       0       1       0       0       0       000010501D    183
     126       1       0       6       0       0       0               0D    184
     102     147       0       1       0       0       0       000010501D    185
     102       1       0       1       0       0       0               0D    186
     124     148       0       1       0       0       0       000010001D    187
     124       1       0       1       0       0       0               0D    188
     100     149       0       1       0       0     187       000010001D    189
     100       1       0       1       0       0       0               0D    190
     110     150       0       1       0       0       0       000010001D    191
     110       1       0       1       0       0       0               0D    192
     124     151       0       1       0       0       0       000010001D    193
     124       1       0       1       0       0       0               0D    194
     100     152       0       1       0       0     193       000010001D    195
     100       1       0       1       0       0       0               0D    196
     126     153       0       1       0       0       0       000010001D    197
     126       1       0       6       0       0       0               0D    198
     102     159       0       1       0       0       0       000010001D    199
     102       1       0       1       0       0       0               0D    200
     142     160       0       1       0       0       0       000010001D    201
     142       1       0       1       0       0       0               0D    202
     144     161       0       1       0       0       0       000000001D    203
     144       1       0       1       0       0       0               0D    204
     110     162       0       1       0       0       0       000010001D    205
     110       1       0       1       0       0       0               0D    206
     110     163       0       1       0       0       0       000010001D    207
     110       1       0       1       0       0       0               0D    208
     120     164       0       1       0       0       0       000010001D    209
     120       1       0       1       0       0       0               0D    210
     126     165       0       1       0       0       0       000010501D    211
     126       1       0       3       0       0       0               0D    212
     126     168       0       1       0       0       0       000010501D    213
     126       1       0       2       0       0       0               0D    214
     126     170       0       1       0       0       0       000010501D    215
     126       1       0       4       0       0       0               0D    216
     126     174       0       1       0       0       0       000010501D    217
     126       1       0       7       0       0       0               0D    218
     126     181       0       1       0       0       0       000010501D    219
     126       1       0       3       0       0       0               0D    220
     126     184       0       1       0       0       0       000010501D    221
     126       1       0       6       0       0       0               0D    222
     102     190       0       1       0       0       0       000010501D    223
     102       1       0       1       0       0       0               0D    224
     124     191       0       1       0       0       0       000010001D    225
     124       1       0       1       0       0       0               0D    226
     100     192       0       1       0       0     225       000010001D    227
     100       1       0       1       0       0       0               0D    228
     110     193       0       1       0       0       0       000010001D    229
     110       1       0       1       0       0       0               0D    230
     124     194       0       1       0       0       0       000010001D    231
     124       1       0       1       0       0       0               0D    232
     100     195       0       1       0       0     231       000010001D    233
     100       1       0       1       0       0       0               0D    234
     126     196       0       1       0       0       0       000010001D    235
     126       1       0       9       0       0       0               0D    236
     124     205       0       1       0       0       0       000010001D    237
     124       1       0       1       0       0       0               0D    238
     100     206       0       1       0       0     237       000010001D    239
     100       1       0       1       0       0       0               0D    240
     126     207       0       1       0       0       0       000010001D    241
     126       1       0       9       0       0       0               0D    242
     102     216       0       1       0       0       0       000010001D    243
     102       1       0       1       0       0       0               0D    244
     142     217       0       1       0       0       0       000010001D    245
     142       1       0       1       0       0       0               0D    246
     144     218       0       1       0       0       0       000000001D    247
     144       1       0       1       0       0       0               0D    248
     110     219       0       1       0       0       0       000010001D    249
     110       1       0       1       0       0       0               0D    250
     110     220       0       1       0       0       0       000010001D    251
     110       1       0       1       0       0       0               0D    252
     120     221       0       1       0       0       0       000010001D    253
     120       1       0       1       0       0       0               0D    254
     126     222       0       1       0       0       0       000010501D    255
     126       1       0       4       0       0       0               0D    256
     126     226       0       1       0       0       0       000010501D    257
     126       1       0       3       0       0       0               0D    258
     126     229       0       1       0       0       0       000010501D    259
     126       1       0       4       0       0       0               0D    260
     126     233       0       1       0       0       0       000010501D    261
     126       1       0       3       0       0       0               0D    262
     126     236       0       1       0       0       0       000010501D    263
     126       1       0       4       0       0       0               0D    264
     126     240       0       1       0       0       0       000010501D    265
     126       1       0       3       0       0       0               0D    266
     126     243       0       1       0       0       0       000010501D    267
     126       1       0       4       0       0       0               0D    268
     126     247       0       1       0       0       0       000010501D    269
     126       1       0       3       0       0       0               0D    270
     102     250       0       1       0       0       0       000010501D    271
     102       1       0       1       0       0       0               0D    272
     124     251       0       1       0       0       0       000010001D    273
     124       1       0       1       0       0       0               0D    274
     100     252       0       1       0       0     273       000010001D    275
     100       1       0       1       0       0       0               0D    276
     110     253       0       1       0       0       0       000010001D    277
     110       1       0       1       0       0       0               0D    278
     124     254       0       1       0       0       0       000010001D    279
     124       1       0       1       0       0       0               0D    280
     100     255       0       1       0       0     279       000010001D    281
     100       1       0       1       0       0       0               0D    282
     110     256       0       1       0       0       0       000010001D    283
     110       1       0       1       0       0       0               0D    284
     124     257       0       1       0       0       0       000010001D    285
     124       1       0       1       0       0       0               0D    286
     100     258       0       1       0       0     285       000010001D    287
     100       1       0       1       0       0       0               0D    288
     110     259       0       1       0       0       0       000010001D    289
     110       1       0       1       0       0       0               0D    290
     124     260       0       1       0       0       0       000010001D    291
     124       1       0       1       0       0       0               0D    292
     100     261       0       1       0       0     291       000010001D    293
     100       1       0       1       0       0       0               0D    294
     110     262       0       1       0       0       0       000010001D    295
     110       1       0       2       0       0       0               0D    296
     102     264       0       1       0       0       0       000010001D    297
     102       1       0       1       0       0       0               0D    298
     142     265       0       1       0       0       0       000010001D    299
     142       1       0       1       0       0       0               0D    300
     144     266       0       1       0       0       0       000000001D    301
     144       1       0       1       0       0       0               0D    302
     110     267       0       1       0       0       0       000010001D    303
     110       1       0       1       0       0       0               0D    304
     110     268       0       1       0       0       0       000010001D    305
     110       1       0       1       0       0       0               0D    306
     120     269       0       1       0       0       0       000010001D    307
     120       1       0       1       0       0       0               0D    308
     126     270       0       1       0       0       0       000010501D    309
     126       1       0       2       0       0       0               0D    310
     126     272       0       1       0       0       0       000010501D    311
     126       1       0       2       0       0       0               0D    312
     126     274       0       1       0       0       0       000010501D    313
     126       1       0       3       0       0       0               0D    314
     126     277       0       1       0       0       0       000010501D    315
     126       1       0       2       0       0       0               0D    316
     102     279       0       1       0       0       0       000010501D    317
     102       1       0       1       0       0       0               0D    318
     110     280       0       1       0       0       0       000010001D    319
     110       1       0       1       0       0       0               0D    320
     124     281       0       1       0       0       0       000010001D    321
     124       1       0       1       0       0       0               0D    322
     100     282       0       1       0       0     321       000010001D    323
     100       1       0       1       0       0       0               0D    324
     110     283       0       1       0       0       0       000010001D    325
     110       1       0       1       0       0       0               0D    326
     124     284       0       1       0       0       0       000010001D    327
     124       1       0       1       0       0       0               0D    328
     100     285       0       1       0       0     327       000010001D    329
     100       1       0       1       0       0       0               0D    330
     102     286       0       1       0       0       0       000010001D    331
     102       1       0       1       0       0       0               0D    332
     142     287       0       1       0       0       0       000010001D    333
     142       1       0       1       0       0       0               0D    334
     144     288       0       1       0       0       0       000000001D    335
     144       1       0       1       0       0       0               0D    336
     110     289       0       1       0       0       0       000010001D    337
     110       1       0       1       0       0       0               0D    338
     110     290       0       1       0       0       0       000010001D    339
     110       1       0       1       0       0       0               0D    340
     120     291       0       1       0       0       0       000010001D    341
     120       1       0       1       0       0       0               0D    342
     126     292       0       1       0       0       0       000010501D    343
     126       1       0       3       0       0       0               0D    344
     126     295       0       1       0       0       0       000010501D    345
     126       1       0       2       0       0       0               0D    346
     126     297       0       1       0       0       0       000010501D    347
     126       1       0       3       0       0       0               0D    348
     126     300       0       1       0       0       0       000010501D    349
     126       1       0      11       0       0       0               0D    350
     126     311       0       1       0       0       0       000010501D    351
     126       1       0       4       0       0       0               0D    352
     126     315       0       1       0       0       0       000010501D    353
     126       1       0       5       0       0       0               0D    354
     102     320       0       1       0       0       0       000010501D    355
     102       1       0       1       0       0       0               0D    356
     124     321       0       1       0       0       0       000010001D    357
     124       1       0       1       0       0       0               0D    358
     100     322       0       1       0       0     357       000010001D    359
     100       1       0       1       0       0       0               0D    360
     110     323       0       1       0       0       0       000010001D    361
     110       1       0       1       0       0       0               0D    362
     124     324       0       1       0       0       0       000010001D    363
     124       1       0       1       0       0       0               0D    364
     100     325       0       1       0       0     363       000010001D    365
     100       1       0       1       0       0       0               0D    366
     126     326       0       1       0       0       0       000010001D    367
     126       1       0      23       0       0       0               0D    368
     124     349       0       1       0       0       0       000010001D    369
     124       1       0       1       0       0       0               0D    370
     100     350       0       1       0       0     369       000010001D    371
     100       1       0       1       0       0       0               0D    372
     126     351       0       1       0       0       0       000010001D    373
     126       1       0       9       0       0       0               0D    374
     102     360       0       1       0       0       0       000010001D    375
     102       1       0       1       0       0       0               0D    376
     142     361       0       1       0       0       0       000010001D    377
     142       1       0       1       0       0       0               0D    378
     144     362       0       1       0       0       0       000000001D    379
     144       1       0       1       0       0       0               0D    380
     110     363       0       1       0       0       0       000010001D    381
     110       1       0       2       0       0       0               0D    382
     122     365       0       1       0       0       0       000010001D    383
     122       1       0       1       0       0       0               0D    384
     126     366       0       1       0       0       0       000010501D    385
     126       1       0       5       0       0       0               0D    386
     126     371       0       1       0       0       0       000010501D    387
     126       1       0       2       0       0       0               0D    388
     126     373       0       1       0       0       0       000010501D    389
     126       1       0       2       0       0       0               0D    390
     126     375       0       1       0       0       0       000010501D    391
     126       1       0       2       0       0       0               0D    392
     126     377       0       1       0       0       0       000010501D    393
     126       1       0       5       0       0       0               0D    394
     126     382       0       1       0       0       0       000010501D    395
     126       1       0       8       0       0       0               0D    396
     126     390       0       1       0       0       0       000010501D    397
     126       1       0       5       0       0       0               0D    398
     126     395       0       1       0       0       0       000010501D    399
     126       1       0       4       0       0       0               0D    400
     126     399       0       1       0       0       0       000010501D    401
     126       1       0       6       0       0       0               0D    402
     126     405       0       1       0       0       0       000010501D    403
     126       1       0       8       0       0       0               0D    404
     102     413       0       1       0       0       0       000010501D    405
     102       1       0       1       0       0       0               0D    406
     124     414       0       1       0       0       0       000010001D    407
     124       1       0       3       0       0       0               0D    408
     104     417       0       1       0       0     407       000010001D    409
     104       1       0       3       1       0       0               0D    410
     110     420       0       1       0       0       0       000010001D    411
     110       1       0       2       0       0       0               0D    412
     110     422       0       1       0       0       0       000010001D    413
     110       1       0       2       0       0       0               0D    414
     110     424       0       1       0       0       0       000010001D    415
     110       1       0       2       0       0       0               0D    416
     124     426       0       1       0       0       0       000010001D    417
     124       1       0       3       0       0       0               0D    418
     104     429       0       1       0       0     417       000010001D    419
     104       1       0       2       1       0       0               0D    420
     124     431       0       1       0       0       0       000010001D    421
     124       1       0       3       0       0       0               0D    422
     104     434       0       1       0       0     421       000010001D    423
     104       1       0       3       1       0       0               0D    424
     124     437       0       1       0       0       0       000010001D    425
     124       1       0       2       0       0       0               0D    426
     104     439       0       1       0       0     425       000010001D    427
     104       1       0       3       1       0       0               0D    428
     110     442       0       1       0       0       0       000010001D    429
     110       1       0       2       0       0       0               0D    430
     124     444       0       1       0       0       0       000010001D    431
     124       1       0       2       0       0       0               0D    432
     104     446       0       1       0       0     431       000010001D    433
     104       1       0       3       1       0       0               0D    434
     124     449       0       1       0       0       0       000010001D    435
     124       1       0       3       0       0       0               0D    436
     104     452       0       1       0       0     435       000010001D    437
     104       1       0       3       1       0       0               0D    438
     102     455       0       1       0       0       0       000010001D    439
     102       1       0       1       0       0       0               0D    440
     142     456       0       1       0       0       0       000010001D    441
     142       1       0       1       0       0       0               0D    442
     144     457       0       1       0       0       0       000000001D    443
     144       1       0       1       0       0       0               0D    444
     110     458       0       1       0       0       0       000010001D    445
     110       1       0       1       0       0       0               0D    446
     110     459       0       1       0       0       0       000010001D    447
     110       1       0       1       0       0       0               0D    448
     120     460       0       1       0       0       0       000010001D    449
     120       1       0       1       0       0       0               0D    450
     126     461       0       1       0       0       0       000010501D    451
     126       1       0       5       0       0       0               0D    452
     126     466       0       1       0       0       0       000010501D    453
     126       1       0       6       0       0       0               0D    454
     126     472       0       1       0       0       0       000010501D    455
     126       1       0       6       0       0       0               0D    456
     126     478       0       1       0       0       0       000010501D    457
     126       1       0       5       0       0       0               0D    458
     126     483       0       1       0       0       0       000010501D    459
     126       1       0       4       0       0       0               0D    460
     102     487       0       1       0       0       0       000010501D    461
     102       1       0       1       0       0       0               0D    462
     126     488       0       1       0       0       0       000010001D    463
     126       1       0       6       0       0       0               0D    464
     126     494       0       1       0       0       0       000010001D    465
     126       1       0       9       0       0       0               0D    466
     126     503       0       1       0       0       0       000010001D    467
     126       1       0       9       0       0       0               0D    468
     126     512       0       1       0       0       0       000010001D    469
     126       1       0       6       0       0       0               0D    470
     110     518       0       1       0       0       0       000010001D    471
     110       1       0       1       0       0       0               0D    472
     102     519       0       1       0       0       0       000010001D    473
     102       1       0       1       0       0       0               0D    474
     142     520       0       1       0       0       0       000010001D    475
     142       1       0       1       0       0       0               0D    476
     144     521       0       1       0       0       0       000000001D    477
     144       1       0       1       0       0       0               0D    478
     110     522       0       1       0       0       0       000010001D    479
     110       1       0       1       0       0       0               0D    480
     110     523       0       1       0       0       0       000010001D    481
     110       1       0       1       0       0       0               0D    482
     120     524       0       1       0       0       0       000010001D    483
     120       1       0       1       0       0       0               0D    484
     126     525       0       1       0       0       0       000010501D    485
     126       1       0       4       0       0       0               0D    486
     126     529       0       1       0       0       0       000010501D    487
     126       1       0       4       0       0       0               0D    488
     126     533       0       1       0       0       0       000010501D    489
     126       1       0       4       0       0       0               0D    490
     102     537       0       1       0       0       0       000010501D    491
     102       1       0       1       0       0       0               0D    492
     126     538       0       1       0       0       0       000010001D    493
     126       1       0       6       0       0       0               0D    494
     126     544       0       1       0       0       0       000010001D    495
     126       1       0       6       0       0       0               0D    496
     110     550       0       1       0       0       0       000010001D    497
     110       1       0       2       0       0       0               0D    498
     102     552       0       1       0       0       0       000010001D    499
     102       1       0       1       0       0       0               0D    500
     142     553       0       1       0       0       0       000010001D    501
     142       1       0       1       0       0       0               0D    502
     144     554       0       1       0       0       0       000000001D    503
     144       1       0       1       0       0       0               0D    504
     110     555       0       1       0       0       0       000010001D    505
     110       1       0       1       0       0       0               0D    506
     122     556       0       1       0       0       0       000010001D    507
     122       1       0       1       0       0       0               0D    508
     126     557       0       1       0       0       0       000010501D    509
     126       1       0       5       0       0       0               0D    510
     126     562       0       1       0       0       0       000010501D    511
     126       1       0       7       0       0       0               0D    512
     126     569       0       1       0       0       0       000010501D    513
     126       1       0       4       0       0       0               0D    514
     126     573       0       1       0       0       0       000010501D    515
     126       1       0       7       0       0       0               0D    516
     126     580       0       1       0       0       0       000010501D    517
     126       1       0       5       0       0       0               0D    518
     126     585       0       1       0       0       0       000010501D    519
     126       1       0       3       0       0       0               0D    520
     126     588       0       1       0       0       0       000010501D    521
     126       1       0       3       0       0       0               0D    522
     126     591       0       1       0       0       0       000010501D    523
     126       1       0       3       0       0       0               0D    524
     126     594       0       1       0       0       0       000010501D    525
     126       1       0       2       0       0       0               0D    526
     126     596       0       1       0       0       0       000010501D    527
     126       1       0       3       0       0       0               0D    528
     126     599       0       1       0       0       0       000010501D    529
     126       1       0       2       0       0       0               0D    530
     126     601       0       1       0       0       0       000010501D    531
     126       1       0       3       0       0       0               0D    532
     102     604       0       1       0       0       0       000010501D    533
     102       1       0       1       0       0       0               0D    534
     124     605       0       1       0       0       0       000010001D    535
     124       1       0       2       0       0       0               0D    536
     100     607       0       1       0       0     535       000010001D    537
     100       1       0       2       0       0       0               0D    538
     124     609       0       1       0       0       0       000010001D    539
     124       1       0       2       0       0       0               0D    540
     100     611       0       1       0       0     539       000010001D    541
     100       1       0       2       0       0       0               0D    542
     110     613       0       1       0       0       0       000010001D    543
     110       1       0       1       0       0       0               0D    544
     124     614       0       1       0       0       0       000010001D    545
     124       1       0       2       0       0       0               0D    546
     100     616       0       1       0       0     545       000010001D    547
     100       1       0       2       0       0       0               0D    548
     124     618       0       1       0       0       0       000010001D    549
     124       1       0       1       0       0       0               0D    550
     100     619       0       1       0       0     549       000010001D    551
     100       1       0       2       0       0       0               0D    552
     110     621       0       1       0       0       0       000010001D    553
     110       1       0       1       0       0       0               0D    554
     110     622       0       1       0       0       0       000010001D    555
     110       1       0       1       0       0       0               0D    556
     110     623       0       1       0       0       0       000010001D    557
     110       1       0       1       0       0       0               0D    558
     110     624       0       1       0       0       0       000010001D    559
     110       1       0       1       0       0       0               0D    560
     110     625       0       1       0       0       0       000010001D    561
     110       1       0       1       0       0       0               0D    562
     110     626       0       1       0       0       0       000010001D    563
     110       1       0       1       0       0       0               0D    564
     110     627       0       1       0       0       0       000010001D    565
     110       1       0       1       0       0       0               0D    566
     102     628       0       1       0       0       0       000010001D    567
     102       1       0       1       0       0       0               0D    568
     142     629       0       1       0       0       0       000010001D    569
     142       1       0       1       0       0       0               0D    570
     144     630       0       1       0       0       0       000000001D    571
     144       1       0       1       0       0       0               0D    572
     110     631       0       1       0       0       0       000010001D    573
     110       1       0       1       0       0       0               0D    574
     122     632       0       1       0       0       0       000010001D    575
     122       1       0       1       0       0       0               0D    576
     126     633       0       1       0       0       0       000010501D    577
     126       1       0       4       0       0       0               0D    578
     126     637       0       1       0       0       0       000010501D    579
     126       1       0       7       0       0       0               0D    580
     126     644       0       1       0       0       0       000010501D    581
     126       1       0      11       0       0       0               0D    582
     126     655       0       1       0       0       0       000010501D    583
     126       1       0       3       0       0       0               0D    584
     126     658       0       1       0       0       0       000010501D    585
     126       1       0      11       0       0       0               0D    586
     126     669       0       1       0       0       0       000010501D    587
     126       1       0       3       0       0       0               0D    588
     126     672       0       1       0       0       0       000010501D    589
     126       1       0       4       0       0       0               0D    590
     126     676       0       1       0       0       0       000010501D    591
     126       1       0       7       0       0       0               0D    592
     126     683       0       1       0       0       0       000010501D    593
     126       1       0       3       0       0       0               0D    594
     102     686       0       1       0       0       0       000010501D    595
     102       1       0       1       0       0       0               0D    596
     110     687       0       1       0       0       0       000010001D    597
     110       1       0       2       0       0       0               0D    598
     124     689       0       1       0       0       0       000010001D    599
     124       1       0       1       0       0       0               0D    600
     100     690       0       1       0       0     599       000010001D    601
     100       1       0       1       0       0       0               0D    602
     124     691       0       1       0       0       0       000010001D    603
     124       1       0       1       0       0       0               0D    604
     100     692       0       1       0       0     603       000010001D    605
     100       1       0       1       0       0       0               0D    606
     110     693       0       1       0       0       0       000010001D    607
     110       1       0       1       0       0       0               0D    608
     124     694       0       1       0       0       0       000010001D    609
     124       1       0       2       0       0       0               0D    610
     100     696       0       1       0       0     609       000010001D    611
     100       1       0       2       0       0       0               0D    612
     110     698       0       1       0       0       0       000010001D    613
     110       1       0       2       0       0       0               0D    614
     110     700       0       1       0       0       0       000010001D    615
     110       1       0       1       0       0       0               0D    616
     124     701       0       1       0       0       0       000010001D    617
     124       1       0       1       0       0       0               0D    618
     100     702       0       1       0       0     617       000010001D    619
     100       1       0       1       0       0       0               0D    620
     110     703       0       1       0       0       0       000010001D    621
     110       1       0       1       0       0       0               0D    622
     102     704       0       1       0       0       0       000010001D    623
     102       1       0       1       0       0       0               0D    624
     142     705       0       1       0       0       0       000010001D    625
     142       1       0       1       0       0       0               0D    626
     144     706       0       1       0       0       0       000000001D    627
     144       1       0       1       0       0       0               0D    628
     110     707       0       1       0       0       0       000010001D    629
     110       1       0       1       0       0       0               0D    630
     122     708       0       1       0       0       0       000010001D    631
     122       1       0       1       0       0       0               0D    632
     126     709       0       1       0       0       0       000010501D    633
     126       1       0       7       0       0       0               0D    634
     126     716       0       1       0       0       0       000010501D    635
     126       1       0       4       0       0       0               0D    636
     126     720       0       1       0       0       0       000010501D    637
     126       1       0       3       0       0       0               0D    638
     126     723       0       1       0       0       0       000010501D    639
     126       1       0       7       0       0       0               0D    640
     126     730       0       1       0       0       0       000010501D    641
     126       1       0       4       0       0       0               0D    642
     126     734       0       1       0       0       0       000010501D    643
     126       1       0       3       0       0       0               0D    644
     126     737       0       1       0       0       0       000010501D    645
     126       1       0      11       0       0       0               0D    646
     126     748       0       1       0       0       0       000010501D    647
     126       1       0       3       0       0       0               0D    648
     126     751       0       1       0       0       0       000010501D    649
     126       1       0      11       0       0       0               0D    650
     102     762       0       1       0       0       0       000010501D    651
     102       1       0       1       0       0       0               0D    652
     124     763       0       1       0       0       0       000010001D    653
     124       1       0       1       0       0       0               0D    654
     100     764       0       1       0       0     653       000010001D    655
     100       1       0       1       0       0       0               0D    656
     110     765       0       1       0       0       0       000010001D    657
     110       1       0       2       0       0       0               0D    658
     110     767       0       1       0       0       0       000010001D    659
     110       1       0       1       0       0       0               0D    660
     124     768       0       1       0       0       0       000010001D    661
     124       1       0       1       0       0       0               0D    662
     100     769       0       1       0       0     661       000010001D    663
     100       1       0       1       0       0       0               0D    664
     110     770       0       1       0       0       0       000010001D    665
     110       1       0       1       0       0       0               0D    666
     110     771       0       1       0       0       0       000010001D    667
     110       1       0       2       0       0       0               0D    668
     124     773       0       1       0       0       0       000010001D    669
     124       1       0       2       0       0       0               0D    670
     100     775       0       1       0       0     669       000010001D    671
     100       1       0       2       0       0       0               0D    672
     110     777       0       1       0       0       0       000010001D    673
     110       1       0       1       0       0       0               0D    674
     124     778       0       1       0       0       0       000010001D    675
     124       1       0       1       0       0       0               0D    676
     100     779       0       1       0       0     675       000010001D    677
     100       1       0       1       0       0       0               0D    678
     102     780       0       1       0       0       0       000010001D    679
     102       1       0       1       0       0       0               0D    680
     142     781       0       1       0       0       0       000010001D    681
     142       1       0       1       0       0       0               0D    682
     144     782       0       1       0       0       0       000000001D    683
     144       1       0       1       0       0       0               0D    684
     110     783       0       1       0       0       0       000010001D    685
     110       1       0       1       0       0       0               0D    686
     122     784       0       1       0       0       0       000010001D    687
     122       1       0       1       0       0       0               0D    688
     126     785       0       1       0       0       0       000010501D    689
     126       1       0       2       0       0       0               0D    690
     126     787       0       1       0       0       0       000010501D    691
     126       1       0       2       0       0       0               0D    692
     126     789       0       1       0       0       0       000010501D    693
     126       1       0       2       0       0       0               0D    694
     126     791       0       1       0       0       0       000010501D    695
     126       1       0       2       0       0       0               0D    696
     102     793       0       1       0       0       0       000010501D    697
     102       1       0       1       0       0       0               0D    698
     110     794       0       1       0       0       0       000010001D    699
     110       1       0       1       0       0       0               0D    700
     110     795       0       1       0       0       0       000010001D    701
     110       1       0       1       0       0       0               0D    702
     110     796       0       1       0       0       0       000010001D    703
     110       1       0       1       0       0       0               0D    704
     110     797       0       1       0       0       0       000010001D    705
     110       1       0       1       0       0       0               0D    706
     102     798       0       1       0       0       0       000010001D    707
     102       1       0       1       0       0       0               0D    708
     142     799       0       1       0       0       0       000010001D    709
     142       1       0       1       0       0       0               0D    710
     126     800       0       1       0       0       0       000010501D    711
     126       1       0       5       0       0       0               0D    712
     126     805       0       1       0       0       0       000010501D    713
     126       1       0       3       0       0       0               0D    714
     126     808       0       1       0       0       0       000010501D    715
     126       1       0       8       0       0       0               0D    716
     126     816       0       1       0       0       0       000010501D    717
     126       1       0       5       0       0       0               0D    718
     126     821       0       1       0       0       0       000010501D    719
     126       1       0       3       0       0       0               0D    720
     126     824       0       1       0       0       0       000010501D    721
     126       1       0      11       0       0       0               0D    722
     126     835       0       1       0       0       0       000010501D    723
     126       1       0       3       0       0       0               0D    724
     126     838       0       1       0       0       0       000010501D    725
     126       1       0      12       0       0       0               0D    726
     126     850       0       1       0       0       0       000010501D    727
     126       1       0       3       0       0       0               0D    728
     126     853       0       1       0       0       0       000010501D    729
     126       1       0       7       0       0       0               0D    730
     126     860       0       1       0       0       0       000010501D    731
     126       1       0       3       0       0       0               0D    732
     126     863       0       1       0       0       0       000010501D    733
     126       1       0       7       0       0       0               0D    734
     126     870       0       1       0       0       0       000010501D    735
     126       1       0       4       0       0       0               0D    736
     126     874       0       1       0       0       0       000010501D    737
     126       1       0       4       0       0       0               0D    738
     126     878       0       1       0       0       0       000010501D    739
     126       1       0       3       0       0       0               0D    740
     126     881       0       1       0       0       0       000010501D    741
     126       1       0       8       0       0       0               0D    742
     126     889       0       1       0       0       0       000010501D    743
     126       1       0       3       0       0       0               0D    744
     126     892       0       1       0       0       0       000010501D    745
     126       1       0      12       0       0       0               0D    746
     126     904       0       1       0       0       0       000010501D    747
     126       1       0       3       0       0       0               0D    748
     102     907       0       1       0       0       0       000010501D    749
     102       1       0       2       0       0       0               0D    750
     124     909       0       1       0       0       0       000010001D    751
     124       1       0       2       0       0       0               0D    752
     100     911       0       1       0       0     751       000010001D    753
     100       1       0       2       0       0       0               0D    754
     110     913       0       1       0       0       0       000010001D    755
     110       1       0       2       0       0       0               0D    756
     124     915       0       1       0       0       0       000010001D    757
     124       1       0       2       0       0       0               0D    758
     100     917       0       1       0       0     757       000010001D    759
     100       1       0       2       0       0       0               0D    760
     124     919       0       1       0       0       0       000010001D    761
     124       1       0       1       0       0       0               0D    762
     100     920       0       1       0       0     761       000010001D    763
     100       1       0       2       0       0       0               0D    764
     110     922       0       1       0       0       0       000010001D    765
     110       1       0       2       0       0       0               0D    766
     124     924       0       1       0       0       0       000010001D    767
     124       1       0       1       0       0       0               0D    768
     100     925       0       1       0       0     767       000010001D    769
     100       1       0       1       0       0       0               0D    770
     110     926       0       1       0       0       0       000010001D    771
     110       1       0       1       0       0       0               0D    772
     124     927       0       1       0       0       0       000010001D    773
     124       1       0       1       0       0       0               0D    774
     100     928       0       1       0       0     773       000010001D    775
     100       1       0       1       0       0       0               0D    776
     110     929       0       1       0       0       0       000010001D    777
     110       1       0       1       0       0       0               0D    778
     124     930       0       1       0       0       0       000010001D    779
     124       1       0       1       0       0       0               0D    780
     100     931       0       1       0       0     779       000010001D    781
     100       1       0       1       0       0       0               0D    782
     110     932       0       1       0       0       0       000010001D    783
     110       1       0       1       0       0       0               0D    784
     124     933       0       1       0       0       0       000010001D    785
     124       1       0       1       0       0       0               0D    786
     100     934       0       1       0       0     785       000010001D    787
     100       1       0       2       0       0       0               0D    788
     110     936       0       1       0       0       0       000010001D    789
     110       1       0       2       0       0       0               0D    790
     110     938       0       1       0       0       0       000010001D    791
     110       1       0       2       0       0       0               0D    792
     110     940       0       1       0       0       0       000010001D    793
     110       1       0       2       0       0       0               0D    794
     124     942       0       1       0       0       0       000010001D    795
     124       1       0       1       0       0       0               0D    796
     100     943       0       1       0       0     795       000010001D    797
     100       1       0       2       0       0       0               0D    798
     110     945       0       1       0       0       0       000010001D    799
     110       1       0       2       0       0       0               0D    800
     124     947       0       1       0       0       0       000010001D    801
     124       1       0       1       0       0       0               0D    802
     100     948       0       1       0       0     801       000010001D    803
     100       1       0       1       0       0       0               0D    804
     110     949       0       1       0       0       0       000010001D    805
     110       1       0       2       0       0       0               0D    806
     102     951       0       1       0       0       0       000010001D    807
     102       1       0       2       0       0       0               0D    808
     142     953       0       1       0       0       0       000010001D    809
     142       1       0       1       0       0       0               0D    810
     144     954       0       1       0       0       0       000000001D    811
     144       1       0       1       0       0       0               0D    812
     110     955       0       1       0       0       0       000010001D    813
     110       1       0       1       0       0       0               0D    814
     122     956       0       1       0       0       0       000010001D    815
     122       1       0       1       0       0       0               0D    816
     126     957       0       1       0       0       0       000010501D    817
     126       1       0       3       0       0       0               0D    818
     126     960       0       1       0       0       0       000010501D    819
     126       1       0       4       0       0       0               0D    820
     126     964       0       1       0       0       0       000010501D    821
     126       1       0       3       0       0       0               0D    822
     126     967       0       1       0       0       0       000010501D    823
     126       1       0       4       0       0       0               0D    824
     126     971       0       1       0       0       0       000010501D    825
     126       1       0       3       0       0       0               0D    826
     126     974       0       1       0       0       0       000010501D    827
     126       1       0       4       0       0       0               0D    828
     126     978       0       1       0       0       0       000010501D    829
     126       1       0       3       0       0       0               0D    830
     126     981       0       1       0       0       0       000010501D    831
     126       1       0       4       0       0       0               0D    832
     126     985       0       1       0       0       0       000010501D    833
     126       1       0       4       0       0       0               0D    834
     126     989       0       1       0       0       0       000010501D    835
     126       1       0       2       0       0       0               0D    836
     126     991       0       1       0       0       0       000010501D    837
     126       1       0       2       0       0       0               0D    838
     126     993       0       1       0       0       0       000010501D    839
     126       1       0       2       0       0       0               0D    840
     126     995       0       1       0       0       0       000010501D    841
     126       1       0       2       0       0       0               0D    842
     126     997       0       1       0       0       0       000010501D    843
     126       1       0       4       0       0       0               0D    844
     126    1001       0       1       0       0       0       000010501D    845
     126       1       0       4       0       0       0               0D    846
     102    1005       0       1       0       0       0       000010501D    847
     102       1       0       2       0       0       0               0D    848
     110    1007       0       1       0       0       0       000010001D    849
     110       1       0       1       0       0       0               0D    850
     110    1008       0       1       0       0       0       000010001D    851
     110       1       0       1       0       0       0               0D    852
     110    1009       0       1       0       0       0       000010001D    853
     110       1       0       1       0       0       0               0D    854
     110    1010       0       1       0       0       0       000010001D    855
     110       1       0       1       0       0       0               0D    856
     110    1011       0       1       0       0       0       000010001D    857
     110       1       0       1       0       0       0               0D    858
     110    1012       0       1       0       0       0       000010001D    859
     110       1       0       1       0       0       0               0D    860
     126    1013       0       1       0       0       0       000010001D    861
     126       1       0       9       0       0       0               0D    862
     110    1022       0       1       0       0       0       000010001D    863
     110       1       0       1       0       0       0               0D    864
     126    1023       0       1       0       0       0       000010001D    865
     126       1       0       6       0       0       0               0D    866
     110    1029       0       1       0       0       0       000010001D    867
     110       1       0       1       0       0       0               0D    868
     110    1030       0       1       0       0       0       000010001D    869
     110       1       0       1       0       0       0               0D    870
     110    1031       0       1       0       0       0       000010001D    871
     110       1       0       1       0       0       0               0D    872
     110    1032       0       1       0       0       0       000010001D    873
     110       1       0       1       0       0       0               0D    874
     110    1033       0       1       0       0       0       000010001D    875
     110       1       0       1       0       0       0               0D    876
     126    1034       0       1       0       0       0       000010001D    877
     126       1       0       7       0       0       0               0D    878
     102    1041       0       1       0       0       0       000010001D    879
     102       1       0       2       0       0       0               0D    880
     142    1043       0       1       0       0       0       000010001D    881
     142       1       0       1       0       0       0               0D    882
     126    1044       0       1       0       0       0       000010501D    883
     126       1       0       4       0       0       0               0D    884
     126    1048       0       1       0       0       0       000010501D    885
     126       1       0       3       0       0       0               0D    886
     126    1051       0       1       0       0       0       000010501D    887
     126       1       0       4       0       0       0               0D    888
     126    1055       0       1       0       0       0       000010501D    889
     126       1       0       3       0       0       0               0D    890
     102    1058       0       1       0       0       0       000010501D    891
     102       1       0       1       0       0       0               0D    892
     110    1059       0       1       0       0       0       000010001D    893
     110       1       0       1       0       0       0               0D    894
     110    1060       0       1       0       0       0       000010001D    895
     110       1       0       1       0       0       0               0D    896
     110    1061       0       1       0       0       0       000010001D    897
     110       1       0       1       0       0       0               0D    898
     110    1062       0       1       0       0       0       000010001D    899
     110       1       0       1       0       0       0               0D    900
     102    1063       0       1       0       0       0       000010001D    901
     102       1       0       1       0       0       0               0D    902
     142    1064       0       1       0       0       0       000010001D    903
     142       1       0       1       0       0       0               0D    904
     144    1065       0       1       0       0       0       000000001D    905
     144       1       0       1       0       0       0               0D    906
     110    1066       0       1       0       0       0       000010001D    907
     110       1       0       2       0       0       0               0D    908
     122    1068       0       1       0       0       0       000010001D    909
     122       1       0       1       0       0       0               0D    910
     126    1069       0       1       0       0       0       000010501D    911
     126       1       0       4       0       0       0               0D    912
     126    1073       0       1       0       0       0       000010501D    913
     126       1       0       7       0       0       0               0D    914
     126    1080       0       1       0       0       0       000010501D    915
     126       1       0       3       0       0       0               0D    916
     126    1083       0       1       0       0       0       000010501D    917
     126       1       0       2       0       0       0               0D    918
     126    1085       0       1       0       0       0       000010501D    919
     126       1       0       3       0       0       0               0D    920
     102    1088       0       1       0       0       0       000010501D    921
     102       1       0       1       0       0       0               0D    922
     110    1089       0       1       0       0       0       000010001D    923
     110       1       0       2       0       0       0               0D    924
     124    1091       0       1       0       0       0       000010001D    925
     124       1       0       3       0       0       0               0D    926
     104    1094       0       1       0       0     925       000010001D    927
     104       1       0       3       1       0       0               0D    928
     110    1097       0       1       0       0       0       000010001D    929
     110       1       0       2       0       0       0               0D    930
     110    1099       0       1       0       0       0       000010001D    931
     110       1       0       2       0       0       0               0D    932
     110    1101       0       1       0       0       0       000010001D    933
     110       1       0       2       0       0       0               0D    934
     102    1103       0       1       0       0       0       000010001D    935
     102       1       0       1       0       0       0               0D    936
     142    1104       0       1       0       0       0       000010001D    937
     142       1       0       1       0       0       0               0D    938
     144    1105       0       1       0       0       0       000000001D    939
     144       1       0       1       0       0       0               0D    940
     110    1106       0       1       0       0       0       000010001D    941
     110       1       0       2       0       0       0               0D    942
     110    1108       0       1       0       0       0       000010001D    943
     110       1       0       2       0       0       0               0D    944
     120    1110       0       1       0       0       0       000010001D    945
     120       1       0       1       0       0       0               0D    946
     126    1111       0       1       0       0       0       000010501D    947
     126       1       0       8       0       0       0               0D    948
     126    1119       0       1       0       0       0       000010501D    949
     126       1       0       3       0       0       0               0D    950
     126    1122       0       1       0       0       0       000010501D    951
     126       1       0       4       0       0       0               0D    952
     126    1126       0       1       0       0       0       000010501D    953
     126       1       0       3       0       0       0               0D    954
     102    1129       0       1       0       0       0       000010501D    955
     102       1       0       1       0       0       0               0D    956
     124    1130       0       1       0       0       0       000010001D    957
     124       1       0       3       0       0       0               0D    958
     104    1133       0       1       0       0     957       000010001D    959
     104       1       0       3       1       0       0               0D    960
     110    1136       0       1       0       0       0       000010001D    961
     110       1       0       2       0       0       0               0D    962
     124    1138       0       1       0       0       0       000010001D    963
     124       1       0       2       0       0       0               0D    964
     100    1140       0       1       0       0     963       000010001D    965
     100       1       0       2       0       0       0               0D    966
     110    1142       0       1       0       0       0       000010001D    967
     110       1       0       2       0       0       0               0D    968
     102    1144       0       1       0       0       0       000010001D    969
     102       1       0       1       0       0       0               0D    970
     142    1145       0       1       0       0       0       000010001D    971
     142       1       0       1       0       0       0               0D    972
     144    1146       0       1       0       0       0       000000001D    973
     144       1       0       1       0       0       0               0D    974
     110    1147       0       1       0       0       0       000010001D    975
     110       1       0       2       0       0       0               0D    976
     122    1149       0       1       0       0       0       000010001D    977
     122       1       0       1       0       0       0               0D    978
     126    1150       0       1       0       0       0       000010501D    979
     126       1       0       4       0       0       0               0D    980
     126    1154       0       1       0       0       0       000010501D    981
     126       1       0       3       0       0       0               0D    982
     126    1157       0       1       0       0       0       000010501D    983
     126       1       0       2       0       0       0               0D    984
     126    1159       0       1       0       0       0       000010501D    985
     126       1       0       3       0       0       0               0D    986
     102    1162       0       1       0       0       0       000010501D    987
     102       1       0       1       0       0       0               0D    988
     110    1163       0       1       0       0       0       000010001D    989
     110       1       0       2       0       0       0               0D    990
     110    1165       0       1       0       0       0       000010001D    991
     110       1       0       2       0       0       0               0D    992
     110    1167       0       1       0       0       0       000010001D    993
     110       1       0       2       0       0       0               0D    994
     110    1169       0       1       0       0       0       000010001D    995
     110       1       0       2       0       0       0               0D    996
     102    1171       0       1       0       0       0       000010001D    997
     102       1       0       1       0       0       0               0D    998
     142    1172       0       1       0       0       0       000010001D    999
     142       1       0       1       0       0       0               0D   1000
     144    1173       0       1       0       0       0       000000001D   1001
     144       1       0       1       0       0       0               0D   1002
     110    1174       0       1       0       0       0       000010001D   1003
     110       1       0       2       0       0       0               0D   1004
     110    1176       0       1       0       0       0       000010001D   1005
     110       1       0       2       0       0       0               0D   1006
     120    1178       0       1       0       0       0       000010001D   1007
     120       1       0       1       0       0       0               0D   1008
     126    1179       0       1       0       0       0       000010501D   1009
     126       1       0       8       0       0       0               0D   1010
     126    1187       0       1       0       0       0       000010501D   1011
     126       1       0       3       0       0       0               0D   1012
     126    1190       0       1       0       0       0       000010501D   1013
     126       1       0       4       0       0       0               0D   1014
     126    1194       0       1       0       0       0       000010501D   1015
     126       1       0       4       0       0       0               0D   1016
     102    1198       0       1       0       0       0       000010501D   1017
     102       1       0       1       0       0       0               0D   1018
     124    1199       0       1       0       0       0       000010001D   1019
     124       1       0       3       0       0       0               0D   1020
     104    1202       0       1       0       0    1019       000010001D   1021
     104       1       0       2       1       0       0               0D   1022
     110    1204       0       1       0       0       0       000010001D   1023
     110       1       0       2       0       0       0               0D   1024
     124    1206       0       1       0       0       0       000010001D   1025
     124       1       0       1       0       0       0               0D   1026
     100    1207       0       1       0       0    1025       000010001D   1027
     100       1       0       1       0       0       0               0D   1028
     110    1208       0       1       0       0       0       000010001D   1029
     110       1       0       2       0       0       0               0D   1030
     102    1210       0       1       0       0       0       000010001D   1031
     102       1       0       1       0       0       0               0D   1032
     142    1211       0       1       0       0       0       000010001D   1033
     142       1       0       1       0       0       0               0D   1034
     144    1212       0       1       0       0       0       000000001D   1035
     144       1       0       1       0       0       0               0D   1036
     110    1213       0       1       0       0       0       000010001D   1037
     110       1       0       1       0       0       0               0D   1038
     122    1214       0       1       0       0       0       000010001D   1039
     122       1       0       1       0       0       0               0D   1040
     126    1215       0       1       0       0       0       000010501D   1041
     126       1       0       4       0       0       0               0D   1042
     126    1219       0       1       0       0       0       000010501D   1043
     126       1       0       3       0       0       0               0D   1044
     126    1222       0       1       0       0       0       000010501D   1045
     126       1       0       2       0       0       0               0D   1046
     126    1224       0       1       0       0       0       000010501D   1047
     126       1       0       3       0       0       0               0D   1048
     126    1227       0       1       0       0       0       000010501D   1049
     126       1       0       6       0       0       0               0D   1050
     102    1233       0       1       0       0       0       000010501D   1051
     102       1       0       1       0       0       0               0D   1052
     110    1234       0       1       0       0       0       000010001D   1053
     110       1       0       2       0       0       0               0D   1054
     110    1236       0       1       0       0       0       000010001D   1055
     110       1       0       2       0       0       0               0D   1056
     110    1238       0       1       0       0       0       000010001D   1057
     110       1       0       1       0       0       0               0D   1058
     110    1239       0       1       0       0       0       000010001D   1059
     110       1       0       1       0       0       0               0D   1060
     124    1240       0       1       0       0       0       000010001D   1061
     124       1       0       1       0       0       0               0D   1062
     100    1241       0       1       0       0    1061       000010001D   1063
     100       1       0       2       0       0       0               0D   1064
     102    1243       0       1       0       0       0       000010001D   1065
     102       1       0       1       0       0       0               0D   1066
     142    1244       0       1       0       0       0       000010001D   1067
     142       1       0       1       0       0       0               0D   1068
     144    1245       0       1       0       0       0       000000001D   1069
     144       1       0       1       0       0       0               0D   1070
     110    1246       0       1       0       0       0       000010001D   1071
     110       1       0       1       0       0       0               0D   1072
     122    1247       0       1       0       0       0       000010001D   1073
     122       1       0       1       0       0       0               0D   1074
     126    1248       0       1       0       0       0       000010501D   1075
     126       1       0       2       0       0       0               0D   1076
     126    1250       0       1       0       0       0       000010501D   1077
     126       1       0      10       0       0       0               0D   1078
     126    1260       0       1       0       0       0       000010501D   1079
     126       1       0       3       0       0       0               0D   1080
     126    1263       0       1       0       0       0       000010501D   1081
     126       1       0       7       0       0       0               0D   1082
     126    1270       0       1       0       0       0       000010501D   1083
     126       1       0       3       0       0       0               0D   1084
     126    1273       0       1       0       0       0       000010501D   1085
     126       1       0       5       0       0       0               0D   1086
     126    1278       0       1       0       0       0       000010501D   1087
     126       1       0       3       0       0       0               0D   1088
     126    1281       0       1       0       0       0       000010501D   1089
     126       1       0      10       0       0       0               0D   1090
     126    1291       0       1       0       0       0       000010501D   1091
     126       1       0       2       0       0       0               0D   1092
     126    1293       0       1       0       0       0       000010501D   1093
     126       1       0      10       0       0       0               0D   1094
     102    1303       0       1       0       0       0       000010501D   1095
     102       1       0       1       0       0       0               0D   1096
     110    1304       0       1       0       0       0       000010001D   1097
     110       1       0       1       0       0       0               0D   1098
     124    1305       0       1       0       0       0       000010001D   1099
     124       1       0       1       0       0       0               0D   1100
     100    1306       0       1       0       0    1099       000010001D   1101
     100       1       0       1       0       0       0               0D   1102
     110    1307       0       1       0       0       0       000010001D   1103
     110       1       0       1       0       0       0               0D   1104
     124    1308       0       1       0       0       0       000010001D   1105
     124       1       0       2       0       0       0               0D   1106
     100    1310       0       1       0       0    1105       000010001D   1107
     100       1       0       2       0       0       0               0D   1108
     110    1312       0       1       0       0       0       000010001D   1109
     110       1       0       2       0       0       0               0D   1110
     124    1314       0       1       0       0       0       000010001D   1111
     124       1       0       2       0       0       0               0D   1112
     100    1316       0       1       0       0    1111       000010001D   1113
     100       1       0       2       0       0       0               0D   1114
     110    1318       0       1       0       0       0       000010001D   1115
     110       1       0       1       0       0       0               0D   1116
     124    1319       0       1       0       0       0       000010001D   1117
     124       1       0       1       0       0       0               0D   1118
     100    1320       0       1       0       0    1117       000010001D   1119
     100       1       0       2       0       0       0               0D   1120
     110    1322       0       1       0       0       0       000010001D   1121
     110       1       0       1       0       0       0               0D   1122
     124    1323       0       1       0       0       0       000010001D   1123
     124       1       0       1       0       0       0               0D   1124
     100    1324       0       1       0       0    1123       000010001D   1125
     100       1       0       1       0       0       0               0D   1126
     102    1325       0       1       0       0       0       000010001D   1127
     102       1       0       1       0       0       0               0D   1128
     142    1326       0       1       0       0       0       000010001D   1129
     142       1       0       1       0       0       0               0D   1130
     126    1327       0       1       0       0       0       000010501D   1131
     126       1       0       3       0       0       0               0D   1132
     126    1330       0       1       0       0       0       000010501D   1133
     126       1       0       7       0       0       0               0D   1134
     126    1337       0       1       0       0       0       000010501D   1135
     126       1       0       3       0       0       0               0D   1136
     126    1340       0       1       0       0       0       000010501D   1137
     126       1       0      12       0       0       0               0D   1138
     126    1352       0       1       0       0       0       000010501D   1139
     126       1       0       3       0       0       0               0D   1140
     126    1355       0       1       0       0       0       000010501D   1141
     126       1       0       7       0       0       0               0D   1142
     126    1362       0       1       0       0       0       000010501D   1143
     126       1       0       3       0       0       0               0D   1144
     126    1365       0       1       0       0       0       000010501D   1145
     126       1       0       8       0       0       0               0D   1146
     102    1373       0       1       0       0       0       000010501D   1147
     102       1       0       1       0       0       0               0D   1148
     110    1374       0       1       0       0       0       000010001D   1149
     110       1       0       1       0       0       0               0D   1150
     124    1375       0       1       0       0       0       000010001D   1151
     124       1       0       1       0       0       0               0D   1152
     100    1376       0       1       0       0    1151       000010001D   1153
     100       1       0       1       0       0       0               0D   1154
     110    1377       0       1       0       0       0       000010001D   1155
     110       1       0       1       0       0       0               0D   1156
     124    1378       0       1       0       0       0       000010001D   1157
     124       1       0       1       0       0       0               0D   1158
     100    1379       0       1       0       0    1157       000010001D   1159
     100       1       0       1       0       0       0               0D   1160
     110    1380       0       1       0       0       0       000010001D   1161
     110       1       0       2       0       0       0               0D   1162
     124    1382       0       1       0       0       0       000010001D   1163
     124       1       0       2       0       0       0               0D   1164
     100    1384       0       1       0       0    1163       000010001D   1165
     100       1       0       2       0       0       0               0D   1166
     110    1386       0       1       0       0       0       000010001D   1167
     110       1       0       2       0       0       0               0D   1168
     124    1388       0       1       0       0       0       000010001D   1169
     124       1       0       1       0       0       0               0D   1170
     100    1389       0       1       0       0    1169       000010001D   1171
     100       1       0       1       0       0       0               0D   1172
     102    1390       0       1       0       0       0       000010001D   1173
     102       1       0       1       0       0       0               0D   1174
     142    1391       0       1       0       0       0       000010001D   1175
     142       1       0       1       0       0       0               0D   1176
     126    1392       0       1       0       0       0       000010501D   1177
     126       1       0       8       0       0       0               0D   1178
     126    1400       0       1       0       0       0       000010501D   1179
     126       1       0       3       0       0       0               0D   1180
     126    1403       0       1       0       0       0       000010501D   1181
     126       1       0      12       0       0       0               0D   1182
     126    1415       0       1       0       0       0       000010501D   1183
     126       1       0       3       0       0       0               0D   1184
     126    1418       0       1       0       0       0       000010501D   1185
     126       1       0      12       0       0       0               0D   1186
     126    1430       0       1       0       0       0       000010501D   1187
     126       1       0       3       0       0       0               0D   1188
     126    1433       0       1       0       0       0       000010501D   1189
     126       1       0       7       0       0       0               0D   1190
     102    1440       0       1       0       0       0       000010501D   1191
     102       1       0       1       0       0       0               0D   1192
     124    1441       0       1       0       0       0       000010001D   1193
     124       1       0       1       0       0       0               0D   1194
     100    1442       0       1       0       0    1193       000010001D   1195
     100       1       0       1       0       0       0               0D   1196
     110    1443       0       1       0       0       0       000010001D   1197
     110       1       0       2       0       0       0               0D   1198
     124    1445       0       1       0       0       0       000010001D   1199
     124       1       0       1       0       0       0               0D   1200
     100    1446       0       1       0       0    1199       000010001D   1201
     100       1       0       2       0       0       0               0D   1202
     110    1448       0       1       0       0       0       000010001D   1203
     110       1       0       2       0       0       0               0D   1204
     124    1450       0       1       0       0       0       000010001D   1205
     124       1       0       1       0       0       0               0D   1206
     100    1451       0       1       0       0    1205       000010001D   1207
     100       1       0       2       0       0       0               0D   1208
     110    1453       0       1       0       0       0       000010001D   1209
     110       1       0       2       0       0       0               0D   1210
     124    1455       0       1       0       0       0       000010001D   1211
     124       1       0       1       0       0       0               0D   1212
     100    1456       0       1       0       0    1211       000010001D   1213
     100       1       0       1       0       0       0               0D   1214
     102    1457       0       1       0       0       0       000010001D   1215
     102       1       0       1       0       0       0               0D   1216
     142    1458       0       1       0       0       0       000010001D   1217
     142       1       0       1       0       0       0               0D   1218
     144    1459       0       1       0       0       0       000000001D   1219
     144       1       0       1       0       0       0               0D   1220
     110    1460       0       1       0       0       0       000010001D   1221
     110       1       0       2       0       0       0               0D   1222
     110    1462       0       1       0       0       0       000010001D   1223
     110       1       0       2       0       0       0               0D   1224
     120    1464       0       1       0       0       0       000010001D   1225
     120       1       0       1       0       0       0               0D   1226
     126    1465       0       1       0       0       0       000010501D   1227
     126       1       0       2       0       0       0               0D   1228
     126    1467       0       1       0       0       0       000010501D   1229
     126       1       0       4       0       0       0               0D   1230
     126    1471       0       1       0       0       0       000010501D   1231
     126       1       0       2       0       0       0               0D   1232
     126    1473       0       1       0       0       0       000010501D   1233
     126       1       0       4       0       0       0               0D   1234
     102    1477       0       1       0       0       0       000010501D   1235
     102       1       0       1       0       0       0               0D   1236
     110    1478       0       1       0       0       0       000010001D   1237
     110       1       0       2       0       0       0               0D   1238
     124    1480       0       1       0       0       0       000010001D   1239
     124       1       0       2       0       0       0               0D   1240
     100    1482       0       1       0       0    1239       000010001D   1241
     100       1       0       2       0       0       0               0D   1242
     110    1484       0       1       0       0       0       000010001D   1243
     110       1       0       1       0       0       0               0D   1244
     124    1485       0       1       0       0       0       000010001D   1245
     124       1       0       2       0       0       0               0D   1246
     100    1487       0       1       0       0    1245       000010001D   1247
     100       1       0       2       0       0       0               0D   1248
     102    1489       0       1       0       0       0       000010001D   1249
     102       1       0       1       0       0       0               0D   1250
     142    1490       0       1       0       0       0       000010001D   1251
     142       1       0       1       0       0       0               0D   1252
     144    1491       0       1       0       0       0       000000001D   1253
     144       1       0       1       0       0       0               0D   1254
     110    1492       0       1       0       0       0       000010001D   1255
     110       1       0       1       0       0       0               0D   1256
     110    1493       0       1       0       0       0       000010001D   1257
     110       1       0       2       0       0       0               0D   1258
     120    1495       0       1       0       0       0       000010001D   1259
     120       1       0       1       0       0       0               0D   1260
     126    1496       0       1       0       0       0       000010501D   1261
     126       1       0       3       0       0       0               0D   1262
     126    1499       0       1       0       0       0       000010501D   1263
     126       1       0       5       0       0       0               0D   1264
     126    1504       0       1       0       0       0       000010501D   1265
     126       1       0       2       0       0       0               0D   1266
     126    1506       0       1       0       0       0       000010501D   1267
     126       1       0       4       0       0       0               0D   1268
     102    1510       0       1       0       0       0       000010501D   1269
     102       1       0       1       0       0       0               0D   1270
     110    1511       0       1       0       0       0       000010001D   1271
     110       1       0       1       0       0       0               0D   1272
     124    1512       0       1       0       0       0       000010001D   1273
     124       1       0       3       0       0       0               0D   1274
     100    1515       0       1       0       0    1273       000010001D   1275
     100       1       0       2       0       0       0               0D   1276
     110    1517       0       1       0       0       0       000010001D   1277
     110       1       0       1       0       0       0               0D   1278
     124    1518       0       1       0       0       0       000010001D   1279
     124       1       0       1       0       0       0               0D   1280
     100    1519       0       1       0       0    1279       000010001D   1281
     100       1       0       2       0       0       0               0D   1282
     102    1521       0       1       0       0       0       000010001D   1283
     102       1       0       1       0       0       0               0D   1284
     142    1522       0       1       0       0       0       000010001D   1285
     142       1       0       1       0       0       0               0D   1286
     144    1523       0       1       0       0       0       000000001D   1287
     144       1       0       1       0       0       0               0D   1288
     110    1524       0       1       0       0       0       000010001D   1289
     110       1       0       1       0       0       0               0D   1290
     110    1525       0       1       0       0       0       000010001D   1291
     110       1       0       1       0       0       0               0D   1292
     120    1526       0       1       0       0       0       000010001D   1293
     120       1       0       1       0       0       0               0D   1294
     126    1527       0       1       0       0       0       000010501D   1295
     126       1       0       3       0       0       0               0D   1296
     126    1530       0       1       0       0       0       000010501D   1297
     126       1       0       3       0       0       0               0D   1298
     126    1533       0       1       0       0       0       000010501D   1299
     126       1       0       5       0       0       0               0D   1300
     126    1538       0       1       0       0       0       000010501D   1301
     126       1       0       3       0       0       0               0D   1302
     102    1541       0       1       0       0       0       000010501D   1303
     102       1       0       1       0       0       0               0D   1304
     110    1542       0       1       0       0       0       000010001D   1305
     110       1       0       1       0       0       0               0D   1306
     124    1543       0       1       0       0       0       000010001D   1307
     124       1       0       1       0       0       0               0D   1308
     100    1544       0       1       0       0    1307       000010001D   1309
     100       1       0       1       0       0       0               0D   1310
     126    1545       0       1       0       0       0       000010001D   1311
     126       1       0       6       0       0       0               0D   1312
     124    1551       0       1       0       0       0       000010001D   1313
     124       1       0       1       0       0       0               0D   1314
     100    1552       0       1       0       0    1313       000010001D   1315
     100       1       0       1       0       0       0               0D   1316
     102    1553       0       1       0       0       0       000010001D   1317
     102       1       0       1       0       0       0               0D   1318
     142    1554       0       1       0       0       0       000010001D   1319
     142       1       0       1       0       0       0               0D   1320
     144    1555       0       1       0       0       0       000000001D   1321
     144       1       0       1       0       0       0               0D   1322
     110    1556       0       1       0       0       0       000010001D   1323
     110       1       0       1       0       0       0               0D   1324
     122    1557       0       1       0       0       0       000010001D   1325
     122       1       0       1       0       0       0               0D   1326
     126    1558       0       1       0       0       0       000010501D   1327
     126       1       0       4       0       0       0               0D   1328
     126    1562       0       1       0       0       0       000010501D   1329
     126       1       0      11       0       0       0               0D   1330
     126    1573       0       1       0       0       0       000010501D   1331
     126       1       0       4       0       0       0               0D   1332
     126    1577       0       1       0       0       0       000010501D   1333
     126       1       0       4       0       0       0               0D   1334
     126    1581       0       1       0       0       0       000010501D   1335
     126       1       0      11       0       0       0               0D   1336
     102    1592       0       1       0       0       0       000010501D   1337
     102       1       0       1       0       0       0               0D   1338
     110    1593       0       1       0       0       0       000010001D   1339
     110       1       0       1       0       0       0               0D   1340
     124    1594       0       1       0       0       0       000010001D   1341
     124       1       0       1       0       0       0               0D   1342
     100    1595       0       1       0       0    1341       000010001D   1343
     100       1       0       1       0       0       0               0D   1344
     124    1596       0       1       0       0       0       000010001D   1345
     124       1       0       1       0       0       0               0D   1346
     100    1597       0       1       0       0    1345       000010001D   1347
     100       1       0       1       0       0       0               0D   1348
     110    1598       0       1       0       0       0       000010001D   1349
     110       1       0       1       0       0       0               0D   1350
     124    1599       0       1       0       0       0       000010001D   1351
     124       1       0       1       0       0       0               0D   1352
     100    1600       0       1       0       0    1351       000010001D   1353
     100       1       0       1       0       0       0               0D   1354
     102    1601       0       1       0       0       0       000010001D   1355
     102       1       0       1       0       0       0               0D   1356
     142    1602       0       1       0       0       0       000010001D   1357
     142       1       0       1       0       0       0               0D   1358
     144    1603       0       1       0       0       0       000000001D   1359
     144       1       0       1       0       0       0               0D   1360
     110    1604       0       1       0       0       0       000010001D   1361
     110       1       0       1       0       0       0               0D   1362
     110    1605       0       1       0       0       0       000010001D   1363
     110       1       0       1       0       0       0               0D   1364
     120    1606       0       1       0       0       0       000010001D   1365
     120       1       0       1       0       0       0               0D   1366
     126    1607       0       1       0       0       0       000010501D   1367
     126       1       0       2       0       0       0               0D   1368
     126    1609       0       1       0       0       0       000010501D   1369
     126       1       0       4       0       0       0               0D   1370
     126    1613       0       1       0       0       0       000010501D   1371
     126       1       0       3       0       0       0               0D   1372
     126    1616       0       1       0       0       0       000010501D   1373
     126       1       0       2       0       0       0               0D   1374
     102    1618       0       1       0       0       0       000010501D   1375
     102       1       0       1       0       0       0               0D   1376
     110    1619       0       1       0       0       0       000010001D   1377
     110       1       0       1       0       0       0               0D   1378
     124    1620       0       1       0       0       0       000010001D   1379
     124       1       0       1       0       0       0               0D   1380
     100    1621       0       1       0       0    1379       000010001D   1381
     100       1       0       1       0       0       0               0D   1382
     110    1622       0       1       0       0       0       000010001D   1383
     110       1       0       1       0       0       0               0D   1384
     124    1623       0       1       0       0       0       000010001D   1385
     124       1       0       1       0       0       0               0D   1386
     100    1624       0       1       0       0    1385       000010001D   1387
     100       1       0       1       0       0       0               0D   1388
     102    1625       0       1       0       0       0       000010001D   1389
     102       1       0       1       0       0       0               0D   1390
     142    1626       0       1       0       0       0       000010001D   1391
     142       1       0       1       0       0       0               0D   1392
     144    1627       0       1       0       0       0       000000001D   1393
     144       1       0       1       0       0       0               0D   1394
     110    1628       0       1       0       0       0       000010001D   1395
     110       1       0       1       0       0       0               0D   1396
     110    1629       0       1       0       0       0       000010001D   1397
     110       1       0       1       0       0       0               0D   1398
     120    1630       0       1       0       0       0       000010001D   1399
     120       1       0       1       0       0       0               0D   1400
     126    1631       0       1       0       0       0       000010501D   1401
     126       1       0       3       0       0       0               0D   1402
     126    1634       0       1       0       0       0       000010501D   1403
     126       1       0       3       0       0       0               0D   1404
     126    1637       0       1       0       0       0       000010501D   1405
     126       1       0       5       0       0       0               0D   1406
     126    1642       0       1       0       0       0       000010501D   1407
     126       1       0       3       0       0       0               0D   1408
     102    1645       0       1       0       0       0       000010501D   1409
     102       1       0       1       0       0       0               0D   1410
     110    1646       0       1       0       0       0       000010001D   1411
     110       1       0       1       0       0       0               0D   1412
     124    1647       0       1       0       0       0       000010001D   1413
     124       1       0       1       0       0       0               0D   1414
     100    1648       0       1       0       0    1413       000010001D   1415
     100       1       0       1       0       0       0               0D   1416
     126    1649       0       1       0       0       0       000010001D   1417
     126       1       0       6       0       0       0               0D   1418
     124    1655       0       1       0       0       0       000010001D   1419
     124       1       0       1       0       0       0               0D   1420
     100    1656       0       1       0       0    1419       000010001D   1421
     100       1       0       1       0       0       0               0D   1422
     102    1657       0       1       0       0       0       000010001D   1423
     102       1       0       1       0       0       0               0D   1424
     142    1658       0       1       0       0       0       000010001D   1425
     142       1       0       1       0       0       0               0D   1426
     144    1659       0       1       0       0       0       000000001D   1427
     144       1       0       1       0       0       0               0D   1428
     110    1660       0       1       0       0       0       000010001D   1429
     110       1       0       1       0       0       0               0D   1430
     122    1661       0       1       0       0       0       000010001D   1431
     122       1       0       1       0       0       0               0D   1432
     126    1662       0       1       0       0       0       000010501D   1433
     126       1       0       4       0       0       0               0D   1434
     126    1666       0       1       0       0       0       000010501D   1435
     126       1       0      11       0       0       0               0D   1436
     126    1677       0       1       0       0       0       000010501D   1437
     126       1       0       4       0       0       0               0D   1438
     126    1681       0       1       0       0       0       000010501D   1439
     126       1       0       3       0       0       0               0D   1440
     126    1684       0       1       0       0       0       000010501D   1441
     126       1       0       4       0       0       0               0D   1442
     126    1688       0       1       0       0       0       000010501D   1443
     126       1       0       7       0       0       0               0D   1444
     102    1695       0       1       0       0       0       000010501D   1445
     102       1       0       1       0       0       0               0D   1446
     110    1696       0       1       0       0       0       000010001D   1447
     110       1       0       1       0       0       0               0D   1448
     124    1697       0       1       0       0       0       000010001D   1449
     124       1       0       1       0       0       0               0D   1450
     100    1698       0       1       0       0    1449       000010001D   1451
     100       1       0       1       0       0       0               0D   1452
     124    1699       0       1       0       0       0       000010001D   1453
     124       1       0       1       0       0       0               0D   1454
     100    1700       0       1       0       0    1453       000010001D   1455
     100       1       0       1       0       0       0               0D   1456
     110    1701       0       1       0       0       0       000010001D   1457
     110       1       0       1       0       0       0               0D   1458
     110    1702       0       1       0       0       0       000010001D   1459
     110       1       0       1       0       0       0               0D   1460
     124    1703       0       1       0       0       0       000010001D   1461
     124       1       0       1       0       0       0               0D   1462
     100    1704       0       1       0       0    1461       000010001D   1463
     100       1       0       1       0       0       0               0D   1464
     102    1705       0       1       0       0       0       000010001D   1465
     102       1       0       1       0       0       0               0D   1466
     142    1706       0       1       0       0       0       000010001D   1467
     142       1       0       1       0       0       0               0D   1468
     144    1707       0       1       0       0       0       000000001D   1469
     144       1       0       1       0       0       0               0D   1470
     110    1708       0       1       0       0       0       000010001D   1471
     110       1       0       1       0       0       0               0D   1472
     122    1709       0       1       0       0       0       000010001D   1473
     122       1       0       1       0       0       0               0D   1474
     126    1710       0       1       0       0       0       000010501D   1475
     126       1       0       2       0       0       0               0D   1476
     126    1712       0       1       0       0       0       000010501D   1477
     126       1       0       2       0       0       0               0D   1478
     126    1714       0       1       0       0       0       000010501D   1479
     126       1       0       3       0       0       0               0D   1480
     126    1717       0       1       0       0       0       000010501D   1481
     126       1       0       2       0       0       0               0D   1482
     126    1719       0       1       0       0       0       000010501D   1483
     126       1       0       2       0       0       0               0D   1484
     126    1721       0       1       0       0       0       000010501D   1485
     126       1       0       2       0       0       0               0D   1486
     126    1723       0       1       0       0       0       000010501D   1487
     126       1       0       2       0       0       0               0D   1488
     126    1725       0       1       0       0       0       000010501D   1489
     126       1       0       3       0       0       0               0D   1490
     126    1728       0       1       0       0       0       000010501D   1491
     126       1       0       3       0       0       0               0D   1492
     126    1731       0       1       0       0       0       000010501D   1493
     126       1       0       7       0       0       0               0D   1494
     126    1738       0       1       0       0       0       000010501D   1495
     126       1       0       4       0       0       0               0D   1496
     126    1742       0       1       0       0       0       000010501D   1497
     126       1       0       3       0       0       0               0D   1498
     126    1745       0       1       0       0       0       000010501D   1499
     126       1       0       2       0       0       0               0D   1500
     126    1747       0       1       0       0       0       000010501D   1501
     126       1       0       2       0       0       0               0D   1502
     126    1749       0       1       0       0       0       000010501D   1503
     126       1       0       2       0       0       0               0D   1504
     102    1751       0       1       0       0       0       000010501D   1505
     102       1       0       2       0       0       0               0D   1506
     110    1753       0       1       0       0       0       000010001D   1507
     110       1       0       1       0       0       0               0D   1508
     110    1754       0       1       0       0       0       000010001D   1509
     110       1       0       2       0       0       0               0D   1510
     110    1756       0       1       0       0       0       000010001D   1511
     110       1       0       1       0       0       0               0D   1512
     110    1757       0       1       0       0       0       000010001D   1513
     110       1       0       1       0       0       0               0D   1514
     110    1758       0       1       0       0       0       000010001D   1515
     110       1       0       1       0       0       0               0D   1516
     110    1759       0       1       0       0       0       000010001D   1517
     110       1       0       1       0       0       0               0D   1518
     110    1760       0       1       0       0       0       000010001D   1519
     110       1       0       1       0       0       0               0D   1520
     110    1761       0       1       0       0       0       000010001D   1521
     110       1       0       1       0       0       0               0D   1522
     110    1762       0       1       0       0       0       000010001D   1523
     110       1       0       2       0       0       0               0D   1524
     126    1764       0       1       0       0       0       000010001D   1525
     126       1       0       9       0       0       0               0D   1526
     110    1773       0       1       0       0       0       000010001D   1527
     110       1       0       1       0       0       0               0D   1528
     110    1774       0       1       0       0       0       000010001D   1529
     110       1       0       1       0       0       0               0D   1530
     110    1775       0       1       0       0       0       000010001D   1531
     110       1       0       1       0       0       0               0D   1532
     110    1776       0       1       0       0       0       000010001D   1533
     110       1       0       1       0       0       0               0D   1534
     110    1777       0       1       0       0       0       000010001D   1535
     110       1       0       1       0       0       0               0D   1536
     102    1778       0       1       0       0       0       000010001D   1537
     102       1       0       2       0       0       0               0D   1538
     142    1780       0       1       0       0       0       000010001D   1539
     142       1       0       1       0       0       0               0D   1540
     144    1781       0       1       0       0       0       000000001D   1541
     144       1       0       1       0       0       0               0D   1542
     110    1782       0       1       0       0       0       000010001D   1543
     110       1       0       1       0       0       0               0D   1544
     110    1783       0       1       0       0       0       000010001D   1545
     110       1       0       1       0       0       0               0D   1546
     120    1784       0       1       0       0       0       000010001D   1547
     120       1       0       1       0       0       0               0D   1548
     126    1785       0       1       0       0       0       000010501D   1549
     126       1       0       4       0       0       0               0D   1550
     126    1789       0       1       0       0       0       000010501D   1551
     126       1       0       3       0       0       0               0D   1552
     126    1792       0       1       0       0       0       000010501D   1553
     126       1       0       4       0       0       0               0D   1554
     126    1796       0       1       0       0       0       000010501D   1555
     126       1       0       3       0       0       0               0D   1556
     102    1799       0       1       0       0       0       000010501D   1557
     102       1       0       1       0       0       0               0D   1558
     124    1800       0       1       0       0       0       000010001D   1559
     124       1       0       1       0       0       0               0D   1560
     100    1801       0       1       0       0    1559       000010001D   1561
     100       1       0       1       0       0       0               0D   1562
     110    1802       0       1       0       0       0       000010001D   1563
     110       1       0       1       0       0       0               0D   1564
     124    1803       0       1       0       0       0       000010001D   1565
     124       1       0       1       0       0       0               0D   1566
     100    1804       0       1       0       0    1565       000010001D   1567
     100       1       0       1       0       0       0               0D   1568
     110    1805       0       1       0       0       0       000010001D   1569
     110       1       0       1       0       0       0               0D   1570
     102    1806       0       1       0       0       0       000010001D   1571
     102       1       0       1       0       0       0               0D   1572
     142    1807       0       1       0       0       0       000010001D   1573
     142       1       0       1       0       0       0               0D   1574
     144    1808       0       1       0       0       0       000000001D   1575
     144       1       0       1       0       0       0               0D   1576
     110    1809       0       1       0       0       0       000010001D   1577
     110       1       0       1       0       0       0               0D   1578
     110    1810       0       1       0       0       0       000010001D   1579
     110       1       0       1       0       0       0               0D   1580
     120    1811       0       1       0       0       0       000010001D   1581
     120       1       0       1       0       0       0               0D   1582
     126    1812       0       1       0       0       0       000010501D   1583
     126       1       0       2       0       0       0               0D   1584
     126    1814       0       1       0       0       0       000010501D   1585
     126       1       0       2       0       0       0               0D   1586
     126    1816       0       1       0       0       0       000010501D   1587
     126       1       0       3       0       0       0               0D   1588
     126    1819       0       1       0       0       0       000010501D   1589
     126       1       0       3       0       0       0               0D   1590
     102    1822       0       1       0       0       0       000010501D   1591
     102       1       0       1       0       0       0               0D   1592
     110    1823       0       1       0       0       0       000010001D   1593
     110       1       0       1       0       0       0               0D   1594
     124    1824       0       1       0       0       0       000010001D   1595
     124       1       0       1       0       0       0               0D   1596
     100    1825       0       1       0       0    1595       000010001D   1597
     100       1       0       2       0       0       0               0D   1598
     110    1827       0       1       0       0       0       000010001D   1599
     110       1       0       1       0       0       0               0D   1600
     124    1828       0       1       0       0       0       000010001D   1601
     124       1       0       1       0       0       0               0D   1602
     100    1829       0       1       0       0    1601       000010001D   1603
     100       1       0       2       0       0       0               0D   1604
     102    1831       0       1       0       0       0       000010001D   1605
     102       1       0       1       0       0       0               0D   1606
     142    1832       0       1       0       0       0       000010001D   1607
     142       1       0       1       0       0       0               0D   1608
     144    1833       0       1       0       0       0       000000001D   1609
     144       1       0       1       0       0       0               0D   1610
     110    1834       0       1       0       0       0       000010001D   1611
     110       1       0       1       0       0       0               0D   1612
     110    1835       0       1       0       0       0       000010001D   1613
     110       1       0       1       0       0       0               0D   1614
     120    1836       0       1       0       0       0       000010001D   1615
     120       1       0       1       0       0       0               0D   1616
     126    1837       0       1       0       0       0       000010501D   1617
     126       1       0       2       0       0       0               0D   1618
     126    1839       0       1       0       0       0       000010501D   1619
     126       1       0       4       0       0       0               0D   1620
     126    1843       0       1       0       0       0       000010501D   1621
     126       1       0       2       0       0       0               0D   1622
     126    1845       0       1       0       0       0       000010501D   1623
     126       1       0       4       0       0       0               0D   1624
     102    1849       0       1       0       0       0       000010501D   1625
     102       1       0       1       0       0       0               0D   1626
     110    1850       0       1       0       0       0       000010001D   1627
     110       1       0       1       0       0       0               0D   1628
     124    1851       0       1       0       0       0       000010001D   1629
     124       1       0       1       0       0       0               0D   1630
     100    1852       0       1       0       0    1629       000010001D   1631
     100       1       0       1       0       0       0               0D   1632
     110    1853       0       1       0       0       0       000010001D   1633
     110       1       0       1       0       0       0               0D   1634
     124    1854       0       1       0       0       0       000010001D   1635
     124       1       0       1       0       0       0               0D   1636
     100    1855       0       1       0       0    1635       000010001D   1637
     100       1       0       1       0       0       0               0D   1638
     102    1856       0       1       0       0       0       000010001D   1639
     102       1       0       1       0       0       0               0D   1640
     142    1857       0       1       0       0       0       000010001D   1641
     142       1       0       1       0       0       0               0D   1642
     144    1858       0       1       0       0       0       000000001D   1643
     144       1       0       1       0       0       0               0D   1644
     110    1859       0       1       0       0       0       000010001D   1645
     110       1       0       1       0       0       0               0D   1646
     122    1860       0       1       0       0       0       000010001D   1647
     122       1       0       1       0       0       0               0D   1648
     126    1861       0       1       0       0       0       000010501D   1649
     126       1       0       2       0       0       0               0D   1650
     126    1863       0       1       0       0       0       000010501D   1651
     126       1       0       3       0       0       0               0D   1652
     126    1866       0       1       0       0       0       000010501D   1653
     126       1       0       2       0       0       0               0D   1654
     126    1868       0       1       0       0       0       000010501D   1655
     126       1       0       2       0       0       0               0D   1656
     126    1870       0       1       0       0       0       000010501D   1657
     126       1       0       2       0       0       0               0D   1658
     126    1872       0       1       0       0       0       000010501D   1659
     126       1       0       2       0       0       0               0D   1660
     126    1874       0       1       0       0       0       000010501D   1661
     126       1       0       2       0       0       0               0D   1662
     126    1876       0       1       0       0       0       000010501D   1663
     126       1       0       2       0       0       0               0D   1664
     102    1878       0       1       0       0       0       000010501D   1665
     102       1       0       1       0       0       0               0D   1666
     110    1879       0       1       0       0       0       000010001D   1667
     110       1       0       1       0       0       0               0D   1668
     110    1880       0       1       0       0       0       000010001D   1669
     110       1       0       1       0       0       0               0D   1670
     110    1881       0       1       0       0       0       000010001D   1671
     110       1       0       1       0       0       0               0D   1672
     110    1882       0       1       0       0       0       000010001D   1673
     110       1       0       1       0       0       0               0D   1674
     110    1883       0       1       0       0       0       000010001D   1675
     110       1       0       1       0       0       0               0D   1676
     110    1884       0       1       0       0       0       000010001D   1677
     110       1       0       1       0       0       0               0D   1678
     110    1885       0       1       0       0       0       000010001D   1679
     110       1       0       1       0       0       0               0D   1680
     110    1886       0       1       0       0       0       000010001D   1681
     110       1       0       1       0       0       0               0D   1682
     102    1887       0       1       0       0       0       000010001D   1683
     102       1       0       1       0       0       0               0D   1684
     142    1888       0       1       0       0       0       000010001D   1685
     142       1       0       1       0       0       0               0D   1686
     144    1889       0       1       0       0       0       000000001D   1687
     144       1       0       1       0       0       0               0D   1688
     110    1890       0       1       0       0       0       000010001D   1689
     110       1       0       1       0       0       0               0D   1690
     110    1891       0       1       0       0       0       000010001D   1691
     110       1       0       1       0       0       0               0D   1692
     120    1892       0       1       0       0       0       000010001D   1693
     120       1       0       1       0       0       0               0D   1694
     126    1893       0       1       0       0       0       000010501D   1695
     126       1       0       2       0       0       0               0D   1696
     126    1895       0       1       0       0       0       000010501D   1697
     126       1       0       3       0       0       0               0D   1698
     126    1898       0       1       0       0       0       000010501D   1699
     126       1       0       2       0       0       0               0D   1700
     126    1900       0       1       0       0       0       000010501D   1701
     126       1       0       4       0       0       0               0D   1702
     102    1904       0       1       0       0       0       000010501D   1703
     102       1       0       1       0       0       0               0D   1704
     110    1905       0       1       0       0       0       000010001D   1705
     110       1       0       1       0       0       0               0D   1706
     124    1906       0       1       0       0       0       000010001D   1707
     124       1       0       1       0       0       0               0D   1708
     100    1907       0       1       0       0    1707       000010001D   1709
     100       1       0       1       0       0       0               0D   1710
     110    1908       0       1       0       0       0       000010001D   1711
     110       1       0       1       0       0       0               0D   1712
     124    1909       0       1       0       0       0       000010001D   1713
     124       1       0       1       0       0       0               0D   1714
     100    1910       0       1       0       0    1713       000010001D   1715
     100       1       0       1       0       0       0               0D   1716
     102    1911       0       1       0       0       0       000010001D   1717
     102       1       0       1       0       0       0               0D   1718
     142    1912       0       1       0       0       0       000010001D   1719
     142       1       0       1       0       0       0               0D   1720
     144    1913       0       1       0       0       0       000000001D   1721
     144       1       0       1       0       0       0               0D   1722
     110    1914       0       1       0       0       0       000010001D   1723
     110       1       0       2       0       0       0               0D   1724
     110    1916       0       1       0       0       0       000010001D   1725
     110       1       0       2       0       0       0               0D   1726
     120    1918       0       1       0       0       0       000010001D   1727
     120       1       0       1       0       0       0               0D   1728
     126    1919       0       1       0       0       0       000010501D   1729
     126       1       0       2       0       0       0               0D   1730
     126    1921       0       1       0       0       0       000010501D   1731
     126       1       0       4       0       0       0               0D   1732
     126    1925       0       1       0       0       0       000010501D   1733
     126       1       0       2       0       0       0               0D   1734
     126    1927       0       1       0       0       0       000010501D   1735
     126       1       0       4       0       0       0               0D   1736
     102    1931       0       1       0       0       0       000010501D   1737
     102       1       0       1       0       0       0               0D   1738
     110    1932       0       1       0       0       0       000010001D   1739
     110       1       0       1       0       0       0               0D   1740
     124    1933       0       1       0       0       0       000010001D   1741
     124       1       0       2       0       0       0               0D   1742
     100    1935       0       1       0       0    1741       000010001D   1743
     100       1       0       2       0       0       0               0D   1744
     110    1937       0       1       0       0       0       000010001D   1745
     110       1       0       2       0       0       0               0D   1746
     124    1939       0       1       0       0       0       000010001D   1747
     124       1       0       2       0       0       0               0D   1748
     100    1941       0       1       0       0    1747       000010001D   1749
     100       1       0       2       0       0       0               0D   1750
     102    1943       0       1       0       0       0       000010001D   1751
     102       1       0       1       0       0       0               0D   1752
     142    1944       0       1       0       0       0       000010001D   1753
     142       1       0       1       0       0       0               0D   1754
     144    1945       0       1       0       0       0       000000001D   1755
     144       1       0       1       0       0       0               0D   1756
     110    1946       0       1       0       0       0       000010001D   1757
     110       1       0       2       0       0       0               0D   1758
     122    1948       0       1       0       0       0       000010001D   1759
     122       1       0       1       0       0       0               0D   1760
     126    1949       0       1       0       0       0       000010501D   1761
     126       1       0       3       0       0       0               0D   1762
     126    1952       0       1       0       0       0       000010501D   1763
     126       1       0       4       0       0       0               0D   1764
     126    1956       0       1       0       0       0       000010501D   1765
     126       1       0       2       0       0       0               0D   1766
     126    1958       0       1       0       0       0       000010501D   1767
     126       1       0       2       0       0       0               0D   1768
     126    1960       0       1       0       0       0       000010501D   1769
     126       1       0       2       0       0       0               0D   1770
     126    1962       0       1       0       0       0       000010501D   1771
     126       1       0       2       0       0       0               0D   1772
     126    1964       0       1       0       0       0       000010501D   1773
     126       1       0       2       0       0       0               0D   1774
     126    1966       0       1       0       0       0       000010501D   1775
     126       1       0       4       0       0       0               0D   1776
     102    1970       0       1       0       0       0       000010501D   1777
     102       1       0       1       0       0       0               0D   1778
     110    1971       0       1       0       0       0       000010001D   1779
     110       1       0       1       0       0       0               0D   1780
     110    1972       0       1       0       0       0       000010001D   1781
     110       1       0       2       0       0       0               0D   1782
     110    1974       0       1       0       0       0       000010001D   1783
     110       1       0       2       0       0       0               0D   1784
     110    1976       0       1       0       0       0       000010001D   1785
     110       1       0       2       0       0       0               0D   1786
     110    1978       0       1       0       0       0       000010001D   1787
     110       1       0       2       0       0       0               0D   1788
     110    1980       0       1       0       0       0       000010001D   1789
     110       1       0       2       0       0       0               0D   1790
     110    1982       0       1       0       0       0       000010001D   1791
     110       1       0       2       0       0       0               0D   1792
     110    1984       0       1       0       0       0       000010001D   1793
     110       1       0       2       0       0       0               0D   1794
     102    1986       0       1       0       0       0       000010001D   1795
     102       1       0       1       0       0       0               0D   1796
     142    1987       0       1       0       0       0       000010001D   1797
     142       1       0       1       0       0       0               0D   1798
     144    1988       0       1       0       0       0       000000001D   1799
     144       1       0       1       0       0       0               0D   1800
     110    1989       0       1       0       0       0       000010001D   1801
     110       1       0       2       0       0       0               0D   1802
     110    1991       0       1       0       0       0       000010001D   1803
     110       1       0       2       0       0       0               0D   1804
     120    1993       0       1       0       0       0       000010001D   1805
     120       1       0       1       0       0       0               0D   1806
     126    1994       0       1       0       0       0       000010501D   1807
     126       1       0       3       0       0       0               0D   1808
     126    1997       0       1       0       0       0       000010501D   1809
     126       1       0       4       0       0       0               0D   1810
     126    2001       0       1       0       0       0       000010501D   1811
     126       1       0       3       0       0       0               0D   1812
     126    2004       0       1       0       0       0       000010501D   1813
     126       1       0       4       0       0       0               0D   1814
     102    2008       0       1       0       0       0       000010501D   1815
     102       1       0       1       0       0       0               0D   1816
     110    2009       0       1       0       0       0       000010001D   1817
     110       1       0       1       0       0       0               0D   1818
     124    2010       0       1       0       0       0       000010001D   1819
     124       1       0       2       0       0       0               0D   1820
     100    2012       0       1       0       0    1819       000010001D   1821
     100       1       0       2       0       0       0               0D   1822
     110    2014       0       1       0       0       0       000010001D   1823
     110       1       0       2       0       0       0               0D   1824
     124    2016       0       1       0       0       0       000010001D   1825
     124       1       0       2       0       0       0               0D   1826
     100    2018       0       1       0       0    1825       000010001D   1827
     100       1       0       2       0       0       0               0D   1828
     102    2020       0       1       0       0       0       000010001D   1829
     102       1       0       1       0       0       0               0D   1830
     142    2021       0       1       0       0       0       000010001D   1831
     142       1       0       1       0       0       0               0D   1832
     144    2022       0       1       0       0       0       000000001D   1833
     144       1       0       1       0       0       0               0D   1834
     110    2023       0       1       0       0       0       000010001D   1835
     110       1       0       1       0       0       0               0D   1836
     122    2024       0       1       0       0       0       000010001D   1837
     122       1       0       1       0       0       0               0D   1838
     126    2025       0       1       0       0       0       000010501D   1839
     126       1       0       7       0       0       0               0D   1840
     126    2032       0       1       0       0       0       000010501D   1841
     126       1       0       4       0       0       0               0D   1842
     126    2036       0       1       0       0       0       000010501D   1843
     126       1       0       7       0       0       0               0D   1844
     126    2043       0       1       0       0       0       000010501D   1845
     126       1       0      20       0       0       0               0D   1846
     126    2063       0       1       0       0       0       000010501D   1847
     126       1       0       3       0       0       0               0D   1848
     126    2066       0       1       0       0       0       000010501D   1849
     126       1       0       3       0       0       0               0D   1850
     126    2069       0       1       0       0       0       000010501D   1851
     126       1       0       2       0       0       0               0D   1852
     126    2071       0       1       0       0       0       000010501D   1853
     126       1       0       2       0       0       0               0D   1854
     126    2073       0       1       0       0       0       000010501D   1855
     126       1       0       2       0       0       0               0D   1856
     126    2075       0       1       0       0       0       000010501D   1857
     126       1       0       3       0       0       0               0D   1858
     126    2078       0       1       0       0       0       000010501D   1859
     126       1       0       5       0       0       0               0D   1860
     126    2083       0       1       0       0       0       000010501D   1861
     126       1       0       3       0       0       0               0D   1862
     126    2086       0       1       0       0       0       000010501D   1863
     126       1       0       6       0       0       0               0D   1864
     126    2092       0       1       0       0       0       000010501D   1865
     126       1       0       3       0       0       0               0D   1866
     126    2095       0       1       0       0       0       000010501D   1867
     126       1       0       3       0       0       0               0D   1868
     126    2098       0       1       0       0       0       000010501D   1869
     126       1       0       4       0       0       0               0D   1870
     126    2102       0       1       0       0       0       000010501D   1871
     126       1       0       2       0       0       0               0D   1872
     126    2104       0       1       0       0       0       000010501D   1873
     126       1       0       2       0       0       0               0D   1874
     126    2106       0       1       0       0       0       000010501D   1875
     126       1       0       2       0       0       0               0D   1876
     126    2108       0       1       0       0       0       000010501D   1877
     126       1       0       3       0       0       0               0D   1878
     102    2111       0       1       0       0       0       000010501D   1879
     102       1       0       2       0       0       0               0D   1880
     124    2113       0       1       0       0       0       000010001D   1881
     124       1       0       1       0       0       0               0D   1882
     100    2114       0       1       0       0    1881       000010001D   1883
     100       1       0       1       0       0       0               0D   1884
     110    2115       0       1       0       0       0       000010001D   1885
     110       1       0       1       0       0       0               0D   1886
     124    2116       0       1       0       0       0       000010001D   1887
     124       1       0       1       0       0       0               0D   1888
     100    2117       0       1       0       0    1887       000010001D   1889
     100       1       0       1       0       0       0               0D   1890
     124    2118       0       1       0       0       0       000010001D   1891
     124       1       0       1       0       0       0               0D   1892
     100    2119       0       1       0       0    1891       000010001D   1893
     100       1       0       1       0       0       0               0D   1894
     110    2120       0       1       0       0       0       000010001D   1895
     110       1       0       1       0       0       0               0D   1896
     110    2121       0       1       0       0       0       000010001D   1897
     110       1       0       1       0       0       0               0D   1898
     110    2122       0       1       0       0       0       000010001D   1899
     110       1       0       1       0       0       0               0D   1900
     110    2123       0       1       0       0       0       000010001D   1901
     110       1       0       1       0       0       0               0D   1902
     110    2124       0       1       0       0       0       000010001D   1903
     110       1       0       1       0       0       0               0D   1904
     110    2125       0       1       0       0       0       000010001D   1905
     110       1       0       1       0       0       0               0D   1906
     124    2126       0       1       0       0       0       000010001D   1907
     124       1       0       2       0       0       0               0D   1908
     100    2128       0       1       0       0    1907       000010001D   1909
     100       1       0       2       0       0       0               0D   1910
     110    2130       0       1       0       0       0       000010001D   1911
     110       1       0       2       0       0       0               0D   1912
     124    2132       0       1       0       0       0       000010001D   1913
     124       1       0       2       0       0       0               0D   1914
     100    2134       0       1       0       0    1913       000010001D   1915
     100       1       0       2       0       0       0               0D   1916
     110    2136       0       1       0       0       0       000010001D   1917
     110       1       0       1       0       0       0               0D   1918
     110    2137       0       1       0       0       0       000010001D   1919
     110       1       0       1       0       0       0               0D   1920
     110    2138       0       1       0       0       0       000010001D   1921
     110       1       0       1       0       0       0               0D   1922
     110    2139       0       1       0       0       0       000010001D   1923
     110       1       0       1       0       0       0               0D   1924
     110    2140       0       1       0       0       0       000010001D   1925
     110       1       0       1       0       0       0               0D   1926
     110    2141       0       1       0       0       0       000010001D   1927
     110       1       0       1       0       0       0               0D   1928
     110    2142       0       1       0       0       0       000010001D   1929
     110       1       0       1       0       0       0               0D   1930
     102    2143       0       1       0       0       0       000010001D   1931
     102       1       0       2       0       0       0               0D   1932
     142    2145       0       1       0       0       0       000010001D   1933
     142       1       0       1       0       0       0               0D   1934
     144    2146       0       1       0       0       0       000000001D   1935
     144       1       0       1       0       0       0               0D   1936
     110    2147       0       1       0       0       0       000010001D   1937
     110       1       0       1       0       0       0               0D   1938
     122    2148       0       1       0       0       0       000010001D   1939
     122       1       0       1       0       0       0               0D   1940
     126    2149       0       1       0       0       0       000010501D   1941
     126       1       0      11       0       0       0               0D   1942
     126    2160       0       1       0       0       0       000010501D   1943
     126       1       0       3       0       0       0               0D   1944
     126    2163       0       1       0       0       0       000010501D   1945
     126       1       0       5       0       0       0               0D   1946
     126    2168       0       1       0       0       0       000010501D   1947
     126       1       0       3       0       0       0               0D   1948
     126    2171       0       1       0       0       0       000010501D   1949
     126       1       0       7       0       0       0               0D   1950
     126    2178       0       1       0       0       0       000010501D   1951
     126       1       0       3       0       0       0               0D   1952
     126    2181       0       1       0       0       0       000010501D   1953
     126       1       0      11       0       0       0               0D   1954
     126    2192       0       1       0       0       0       000010501D   1955
     126       1       0       2       0       0       0               0D   1956
     126    2194       0       1       0       0       0       000010501D   1957
     126       1       0      10       0       0       0               0D   1958
     126    2204       0       1       0       0       0       000010501D   1959
     126       1       0       2       0       0       0               0D   1960
     102    2206       0       1       0       0       0       000010501D   1961
     102       1       0       1       0       0       0               0D   1962
     124    2207       0       1       0       0       0       000010001D   1963
     124       1       0       1       0       0       0               0D   1964
     100    2208       0       1       0       0    1963       000010001D   1965
     100       1       0       2       0       0       0               0D   1966
     110    2210       0       1       0       0       0       000010001D   1967
     110       1       0       1       0       0       0               0D   1968
     124    2211       0       1       0       0       0       000010001D   1969
     124       1       0       2       0       0       0               0D   1970
     100    2213       0       1       0       0    1969       000010001D   1971
     100       1       0       2       0       0       0               0D   1972
     110    2215       0       1       0       0       0       000010001D   1973
     110       1       0       2       0       0       0               0D   1974
     124    2217       0       1       0       0       0       000010001D   1975
     124       1       0       2       0       0       0               0D   1976
     100    2219       0       1       0       0    1975       000010001D   1977
     100       1       0       2       0       0       0               0D   1978
     110    2221       0       1       0       0       0       000010001D   1979
     110       1       0       1       0       0       0               0D   1980
     124    2222       0       1       0       0       0       000010001D   1981
     124       1       0       1       0       0       0               0D   1982
     100    2223       0       1       0       0    1981       000010001D   1983
     100       1       0       1       0       0       0               0D   1984
     110    2224       0       1       0       0       0       000010001D   1985
     110       1       0       1       0       0       0               0D   1986
     124    2225       0       1       0       0       0       000010001D   1987
     124       1       0       1       0       0       0               0D   1988
     100    2226       0       1       0       0    1987       000010001D   1989
     100       1       0       1       0       0       0               0D   1990
     110    2227       0       1       0       0       0       000010001D   1991
     110       1       0       1       0       0       0               0D   1992
     102    2228       0       1       0       0       0       000010001D   1993
     102       1       0       1       0       0       0               0D   1994
     142    2229       0       1       0       0       0       000010001D   1995
     142       1       0       1       0       0       0               0D   1996
     144    2230       0       1       0       0       0       000000001D   1997
     144       1       0       1       0       0       0               0D   1998
     110    2231       0       1       0       0       0       000010001D   1999
     110       1       0       1       0       0       0               0D   2000
     122    2232       0       1       0       0       0       000010001D   2001
     122       1       0       1       0       0       0               0D   2002
     126    2233       0       1       0       0       0       000010501D   2003
     126       1       0       2       0       0       0               0D   2004
     126    2235       0       1       0       0       0       000010501D   2005
     126       1       0       2       0       0       0               0D   2006
     126    2237       0       1       0       0       0       000010501D   2007
     126       1       0      11       0       0       0               0D   2008
     126    2248       0       1       0       0       0       000010501D   2009
     126       1       0      11       0       0       0               0D   2010
     126    2259       0       1       0       0       0       000010501D   2011
     126       1       0       2       0       0       0               0D   2012
     126    2261       0       1       0       0       0       000010501D   2013
     126       1       0      11       0       0       0               0D   2014
     102    2272       0       1       0       0       0       000010501D   2015
     102       1       0       1       0       0       0               0D   2016
     110    2273       0       1       0       0       0       000010001D   2017
     110       1       0       1       0       0       0               0D   2018
     110    2274       0       1       0       0       0       000010001D   2019
     110       1       0       1       0       0       0               0D   2020
     124    2275       0       1       0       0       0       000010001D   2021
     124       1       0       1       0       0       0               0D   2022
     100    2276       0       1       0       0    2021       000010001D   2023
     100       1       0       1       0       0       0               0D   2024
     124    2277       0       1       0       0       0       000010001D   2025
     124       1       0       1       0       0       0               0D   2026
     100    2278       0       1       0       0    2025       000010001D   2027
     100       1       0       1       0       0       0               0D   2028
     110    2279       0       1       0       0       0       000010001D   2029
     110       1       0       1       0       0       0               0D   2030
     124    2280       0       1       0       0       0       000010001D   2031
     124       1       0       1       0       0       0               0D   2032
     100    2281       0       1       0       0    2031       000010001D   2033
     100       1       0       1       0       0       0               0D   2034
     102    2282       0       1       0       0       0       000010001D   2035
     102       1       0       1       0       0       0               0D   2036
     142    2283       0       1       0       0       0       000010001D   2037
     142       1       0       1       0       0       0               0D   2038
     144    2284       0       1       0       0       0       000000001D   2039
     144       1       0       1       0       0       0               0D   2040
     110    2285       0       1       0       0       0       000010001D   2041
     110       1       0       1       0       0       0               0D   2042
     122    2286       0       1       0       0       0       000010001D   2043
     122       1       0       1       0       0       0               0D   2044
     126    2287       0       1       0       0       0       000010501D   2045
     126       1       0       4       0       0       0               0D   2046
     126    2291       0       1       0       0       0       000010501D   2047
     126       1       0       4       0       0       0               0D   2048
     126    2295       0       1       0       0       0       000010501D   2049
     126       1       0      20       0       0       0               0D   2050
     126    2315       0       1       0       0       0       000010501D   2051
     126       1       0       3       0       0       0               0D   2052
     126    2318       0       1       0       0       0       000010501D   2053
     126       1       0      11       0       0       0               0D   2054
     126    2329       0       1       0       0       0       000010501D   2055
     126       1       0       2       0       0       0               0D   2056
     126    2331       0       1       0       0       0       000010501D   2057
     126       1       0      11       0       0       0               0D   2058
     126    2342       0       1       0       0       0       000010501D   2059
     126       1       0      11       0       0       0               0D   2060
     126    2353       0       1       0       0       0       000010501D   2061
     126       1       0       3       0       0       0               0D   2062
     126    2356       0       1       0       0       0       000010501D   2063
     126       1       0       4       0       0       0               0D   2064
     126    2360       0       1       0       0       0       000010501D   2065
     126       1       0      20       0       0       0               0D   2066
     102    2380       0       1       0       0       0       000010501D   2067
     102       1       0       1       0       0       0               0D   2068
     110    2381       0       1       0       0       0       000010001D   2069
     110       1       0       1       0       0       0               0D   2070
     124    2382       0       1       0       0       0       000010001D   2071
     124       1       0       1       0       0       0               0D   2072
     100    2383       0       1       0       0    2071       000010001D   2073
     100       1       0       1       0       0       0               0D   2074
     124    2384       0       1       0       0       0       000010001D   2075
     124       1       0       1       0       0       0               0D   2076
     100    2385       0       1       0       0    2075       000010001D   2077
     100       1       0       1       0       0       0               0D   2078
     110    2386       0       1       0       0       0       000010001D   2079
     110       1       0       1       0       0       0               0D   2080
     124    2387       0       1       0       0       0       000010001D   2081
     124       1       0       1       0       0       0               0D   2082
     100    2388       0       1       0       0    2081       000010001D   2083
     100       1       0       1       0       0       0               0D   2084
     110    2389       0       1       0       0       0       000010001D   2085
     110       1       0       1       0       0       0               0D   2086
     124    2390       0       1       0       0       0       000010001D   2087
     124       1       0       1       0       0       0               0D   2088
     100    2391       0       1       0       0    2087       000010001D   2089
     100       1       0       1       0       0       0               0D   2090
     124    2392       0       1       0       0       0       000010001D   2091
     124       1       0       1       0       0       0               0D   2092
     100    2393       0       1       0       0    2091       000010001D   2093
     100       1       0       1       0       0       0               0D   2094
     110    2394       0       1       0       0       0       000010001D   2095
     110       1       0       1       0       0       0               0D   2096
     124    2395       0       1       0       0       0       000010001D   2097
     124       1       0       1       0       0       0               0D   2098
     100    2396       0       1       0       0    2097       000010001D   2099
     100       1       0       1       0       0       0               0D   2100
     124    2397       0       1       0       0       0       000010001D   2101
     124       1       0       1       0       0       0               0D   2102
     100    2398       0       1       0       0    2101       000010001D   2103
     100       1       0       1       0       0       0               0D   2104
     102    2399       0       1       0       0       0       000010001D   2105
     102       1       0       1       0       0       0               0D   2106
     142    2400       0       1       0       0       0       000010001D   2107
     142       1       0       1       0       0       0               0D   2108
     144    2401       0       1       0       0       0       000000001D   2109
     144       1       0       1       0       0       0               0D   2110
     110    2402       0       1       0       0       0       000010001D   2111
     110       1       0       1       0       0       0               0D   2112
     110    2403       0       1       0       0       0       000010001D   2113
     110       1       0       1       0       0       0               0D   2114
     120    2404       0       1       0       0       0       000010001D   2115
     120       1       0       1       0       0       0               0D   2116
     126    2405       0       1       0       0       0       000010501D   2117
     126       1       0       4       0       0       0               0D   2118
     126    2409       0       1       0       0       0       000010501D   2119
     126       1       0       2       0       0       0               0D   2120
     126    2411       0       1       0       0       0       000010501D   2121
     126       1       0       4       0       0       0               0D   2122
     126    2415       0       1       0       0       0       000010501D   2123
     126       1       0       2       0       0       0               0D   2124
     102    2417       0       1       0       0       0       000010501D   2125
     102       1       0       1       0       0       0               0D   2126
     124    2418       0       1       0       0       0       000010001D   2127
     124       1       0       1       0       0       0               0D   2128
     100    2419       0       1       0       0    2127       000010001D   2129
     100       1       0       1       0       0       0               0D   2130
     110    2420       0       1       0       0       0       000010001D   2131
     110       1       0       1       0       0       0               0D   2132
     124    2421       0       1       0       0       0       000010001D   2133
     124       1       0       1       0       0       0               0D   2134
     100    2422       0       1       0       0    2133       000010001D   2135
     100       1       0       1       0       0       0               0D   2136
     110    2423       0       1       0       0       0       000010001D   2137
     110       1       0       2       0       0       0               0D   2138
     102    2425       0       1       0       0       0       000010001D   2139
     102       1       0       1       0       0       0               0D   2140
     142    2426       0       1       0       0       0       000010001D   2141
     142       1       0       1       0       0       0               0D   2142
     144    2427       0       1       0       0       0       000000001D   2143
     144       1       0       1       0       0       0               0D   2144
     110    2428       0       1       0       0       0       000010001D   2145
     110       1       0       2       0       0       0               0D   2146
     110    2430       0       1       0       0       0       000010001D   2147
     110       1       0       1       0       0       0               0D   2148
     120    2431       0       1       0       0       0       000010001D   2149
     120       1       0       1       0       0       0               0D   2150
     126    2432       0       1       0       0       0       000010501D   2151
     126       1       0       4       0       0       0               0D   2152
     126    2436       0       1       0       0       0       000010501D   2153
     126       1       0       2       0       0       0               0D   2154
     126    2438       0       1       0       0       0       000010501D   2155
     126       1       0       3       0       0       0               0D   2156
     126    2441       0       1       0       0       0       000010501D   2157
     126       1       0       2       0       0       0               0D   2158
     102    2443       0       1       0       0       0       000010501D   2159
     102       1       0       1       0       0       0               0D   2160
     124    2444       0       1       0       0       0       000010001D   2161
     124       1       0       1       0       0       0               0D   2162
     100    2445       0       1       0       0    2161       000010001D   2163
     100       1       0       1       0       0       0               0D   2164
     110    2446       0       1       0       0       0       000010001D   2165
     110       1       0       2       0       0       0               0D   2166
     124    2448       0       1       0       0       0       000010001D   2167
     124       1       0       1       0       0       0               0D   2168
     100    2449       0       1       0       0    2167       000010001D   2169
     100       1       0       1       0       0       0               0D   2170
     110    2450       0       1       0       0       0       000010001D   2171
     110       1       0       1       0       0       0               0D   2172
     102    2451       0       1       0       0       0       000010001D   2173
     102       1       0       1       0       0       0               0D   2174
     142    2452       0       1       0       0       0       000010001D   2175
     142       1       0       1       0       0       0               0D   2176
     144    2453       0       1       0       0       0       000000001D   2177
     144       1       0       1       0       0       0               0D   2178
     110    2454       0       1       0       0       0       000010001D   2179
     110       1       0       2       0       0       0               0D   2180
     122    2456       0       1       0       0       0       000010001D   2181
     122       1       0       1       0       0       0               0D   2182
     126    2457       0       1       0       0       0       000010501D   2183
     126       1       0       7       0       0       0               0D   2184
     126    2464       0       1       0       0       0       000010501D   2185
     126       1       0       4       0       0       0               0D   2186
     102    2468       0       1       0       0       0       000010501D   2187
     102       1       0       1       0       0       0               0D   2188
     126    2469       0       1       0       0       0       000010001D   2189
     126       1       0       9       0       0       0               0D   2190
     110    2478       0       1       0       0       0       000010001D   2191
     110       1       0       1       0       0       0               0D   2192
     102    2479       0       1       0       0       0       000010001D   2193
     102       1       0       1       0       0       0               0D   2194
     142    2480       0       1       0       0       0       000010001D   2195
     142       1       0       1       0       0       0               0D   2196
     144    2481       0       1       0       0       0       000000001D   2197
     144       1       0       1       0       0       0               0D   2198
     110    2482       0       1       0       0       0       000010001D   2199
     110       1       0       2       0       0       0               0D   2200
     122    2484       0       1       0       0       0       000010001D   2201
     122       1       0       1       0       0       0               0D   2202
     126    2485       0       1       0       0       0       000010501D   2203
     126       1       0      11       0       0       0               0D   2204
     126    2496       0       1       0       0       0       000010501D   2205
     126       1       0       4       0       0       0               0D   2206
     102    2500       0       1       0       0       0       000010501D   2207
     102       1       0       1       0       0       0               0D   2208
     126    2501       0       1       0       0       0       000010001D   2209
     126       1       0      23       0       0       0               0D   2210
     110    2524       0       1       0       0       0       000010001D   2211
     110       1       0       1       0       0       0               0D   2212
     102    2525       0       1       0       0       0       000010001D   2213
     102       1       0       1       0       0       0               0D   2214
     142    2526       0       1       0       0       0       000010001D   2215
     142       1       0       1       0       0       0               0D   2216
     144    2527       0       1       0       0       0       000000001D   2217
     144       1       0       1       0       0       0               0D   2218
     110    2528       0       1       0       0       0       000010001D   2219
     110       1       0       1       0       0       0               0D   2220
     110    2529       0       1       0       0       0       000010001D   2221
     110       1       0       1       0       0       0               0D   2222
     120    2530       0       1       0       0       0       000010001D   2223
     120       1       0       1       0       0       0               0D   2224
     126    2531       0       1       0       0       0       000010501D   2225
     126       1       0       2       0       0       0               0D   2226
     126    2533       0       1       0       0       0       000010501D   2227
     126       1       0       3       0       0       0               0D   2228
     126    2536       0       1       0       0       0       000010501D   2229
     126       1       0       3       0       0       0               0D   2230
     126    2539       0       1       0       0       0       000010501D   2231
     126       1       0       5       0       0       0               0D   2232
     126    2544       0       1       0       0       0       000010501D   2233
     126       1       0       3       0       0       0               0D   2234
     102    2547       0       1       0       0       0       000010501D   2235
     102       1       0       1       0       0       0               0D   2236
     110    2548       0       1       0       0       0       000010001D   2237
     110       1       0       1       0       0       0               0D   2238
     124    2549       0       1       0       0       0       000010001D   2239
     124       1       0       1       0       0       0               0D   2240
     100    2550       0       1       0       0    2239       000010001D   2241
     100       1       0       1       0       0       0               0D   2242
     124    2551       0       1       0       0       0       000010001D   2243
     124       1       0       1       0       0       0               0D   2244
     100    2552       0       1       0       0    2243       000010001D   2245
     100       1       0       1       0       0       0               0D   2246
     126    2553       0       1       0       0       0       000010001D   2247
     126       1       0       7       0       0       0               0D   2248
     124    2560       0       1       0       0       0       000010001D   2249
     124       1       0       1       0       0       0               0D   2250
     100    2561       0       1       0       0    2249       000010001D   2251
     100       1       0       1       0       0       0               0D   2252
     102    2562       0       1       0       0       0       000010001D   2253
     102       1       0       1       0       0       0               0D   2254
     142    2563       0       1       0       0       0       000010001D   2255
     142       1       0       1       0       0       0               0D   2256
     144    2564       0       1       0       0       0       000000001D   2257
     144       1       0       1       0       0       0               0D   2258
     110    2565       0       1       0       0       0       000010001D   2259
     110       1       0       1       0       0       0               0D   2260
     110    2566       0       1       0       0       0       000010001D   2261
     110       1       0       1       0       0       0               0D   2262
     120    2567       0       1       0       0       0       000010001D   2263
     120       1       0       1       0       0       0               0D   2264
     126    2568       0       1       0       0       0       000010501D   2265
     126       1       0       2       0       0       0               0D   2266
     126    2570       0       1       0       0       0       000010501D   2267
     126       1       0       4       0       0       0               0D   2268
     126    2574       0       1       0       0       0       000010501D   2269
     126       1       0       4       0       0       0               0D   2270
     126    2578       0       1       0       0       0       000010501D   2271
     126       1       0       2       0       0       0               0D   2272
     126    2580       0       1       0       0       0       000010501D   2273
     126       1       0       4       0       0       0               0D   2274
     102    2584       0       1       0       0       0       000010501D   2275
     102       1       0       1       0       0       0               0D   2276
     110    2585       0       1       0       0       0       000010001D   2277
     110       1       0       1       0       0       0               0D   2278
     124    2586       0       1       0       0       0       000010001D   2279
     124       1       0       1       0       0       0               0D   2280
     100    2587       0       1       0       0    2279       000010001D   2281
     100       1       0       1       0       0       0               0D   2282
     124    2588       0       1       0       0       0       000010001D   2283
     124       1       0       1       0       0       0               0D   2284
     100    2589       0       1       0       0    2283       000010001D   2285
     100       1       0       1       0       0       0               0D   2286
     110    2590       0       1       0       0       0       000010001D   2287
     110       1       0       1       0       0       0               0D   2288
     124    2591       0       1       0       0       0       000010001D   2289
     124       1       0       1       0       0       0               0D   2290
     100    2592       0       1       0       0    2289       000010001D   2291
     100       1       0       1       0       0       0               0D   2292
     102    2593       0       1       0       0       0       000010001D   2293
     102       1       0       1       0       0       0               0D   2294
     142    2594       0       1       0       0       0       000010001D   2295
     142       1       0       1       0       0       0               0D   2296
     144    2595       0       1       0       0       0       000000001D   2297
     144       1       0       1       0       0       0               0D   2298
     110    2596       0       1       0       0       0       000010001D   2299
     110       1       0       1       0       0       0               0D   2300
     122    2597       0       1       0       0       0       000010001D   2301
     122       1       0       1       0       0       0               0D   2302
     126    2598       0       1       0       0       0       000010501D   2303
     126       1       0      20       0       0       0               0D   2304
     126    2618       0       1       0       0       0       000010501D   2305
     126       1       0       3       0       0       0               0D   2306
     126    2621       0       1       0       0       0       000010501D   2307
     126       1       0       7       0       0       0               0D   2308
     126    2628       0       1       0       0       0       000010501D   2309
     126       1       0       2       0       0       0               0D   2310
     126    2630       0       1       0       0       0       000010501D   2311
     126       1       0       2       0       0       0               0D   2312
     126    2632       0       1       0       0       0       000010501D   2313
     126       1       0       3       0       0       0               0D   2314
     126    2635       0       1       0       0       0       000010501D   2315
     126       1       0       3       0       0       0               0D   2316
     126    2638       0       1       0       0       0       000010501D   2317
     126       1       0       7       0       0       0               0D   2318
     102    2645       0       1       0       0       0       000010501D   2319
     102       1       0       1       0       0       0               0D   2320
     124    2646       0       1       0       0       0       000010001D   2321
     124       1       0       1       0       0       0               0D   2322
     100    2647       0       1       0       0    2321       000010001D   2323
     100       1       0       1       0       0       0               0D   2324
     110    2648       0       1       0       0       0       000010001D   2325
     110       1       0       1       0       0       0               0D   2326
     124    2649       0       1       0       0       0       000010001D   2327
     124       1       0       1       0       0       0               0D   2328
     100    2650       0       1       0       0    2327       000010001D   2329
     100       1       0       1       0       0       0               0D   2330
     110    2651       0       1       0       0       0       000010001D   2331
     110       1       0       1       0       0       0               0D   2332
     110    2652       0       1       0       0       0       000010001D   2333
     110       1       0       1       0       0       0               0D   2334
     110    2653       0       1       0       0       0       000010001D   2335
     110       1       0       1       0       0       0               0D   2336
     110    2654       0       1       0       0       0       000010001D   2337
     110       1       0       1       0       0       0               0D   2338
     124    2655       0       1       0       0       0       000010001D   2339
     124       1       0       1       0       0       0               0D   2340
     100    2656       0       1       0       0    2339       000010001D   2341
     100       1       0       1       0       0       0               0D   2342
     102    2657       0       1       0       0       0       000010001D   2343
     102       1       0       1       0       0       0               0D   2344
     142    2658       0       1       0       0       0       000010001D   2345
     142       1       0       1       0       0       0               0D   2346
     126    2659       0       1       0       0       0       000010501D   2347
     126       1       0       4       0       0       0               0D   2348
     126    2663       0       1       0       0       0       000010501D   2349
     126       1       0       3       0       0       0               0D   2350
     126    2666       0       1       0       0       0       000010501D   2351
     126       1       0       4       0       0       0               0D   2352
     126    2670       0       1       0       0       0       000010501D   2353
     126       1       0       3       0       0       0               0D   2354
     102    2673       0       1       0       0       0       000010501D   2355
     102       1       0       1       0       0       0               0D   2356
     110    2674       0       1       0       0       0       000010001D   2357
     110       1       0       1       0       0       0               0D   2358
     110    2675       0       1       0       0       0       000010001D   2359
     110       1       0       1       0       0       0               0D   2360
     110    2676       0       1       0       0       0       000010001D   2361
     110       1       0       1       0       0       0               0D   2362
     110    2677       0       1       0       0       0       000010001D   2363
     110       1       0       1       0       0       0               0D   2364
     102    2678       0       1       0       0       0       000010001D   2365
     102       1       0       1       0       0       0               0D   2366
     142    2679       0       1       0       0       0       000010001D   2367
     142       1       0       1       0       0       0               0D   2368
     144    2680       0       1       0       0       0       000000001D   2369
     144       1       0       1       0       0       0               0D   2370
     110    2681       0       1       0       0       0       000010001D   2371
     110       1       0       1       0       0       0               0D   2372
     122    2682       0       1       0       0       0       000010001D   2373
     122       1       0       1       0       0       0               0D   2374
     126    2683       0       1       0       0       0       000010501D   2375
     126       1       0       3       0       0       0               0D   2376
     126    2686       0       1       0       0       0       000010501D   2377
     126       1       0       2       0       0       0               0D   2378
     126    2688       0       1       0       0       0       000010501D   2379
     126       1       0       2       0       0       0               0D   2380
     126    2690       0       1       0       0       0       000010501D   2381
     126       1       0       2       0       0       0               0D   2382
     126    2692       0       1       0       0       0       000010501D   2383
     126       1       0      11       0       0       0               0D   2384
     102    2703       0       1       0       0       0       000010501D   2385
     102       1       0       1       0       0       0               0D   2386
     110    2704       0       1       0       0       0       000010001D   2387
     110       1       0       1       0       0       0               0D   2388
     110    2705       0       1       0       0       0       000010001D   2389
     110       1       0       1       0       0       0               0D   2390
     110    2706       0       1       0       0       0       000010001D   2391
     110       1       0       1       0       0       0               0D   2392
     110    2707       0       1       0       0       0       000010001D   2393
     110       1       0       2       0       0       0               0D   2394
     124    2709       0       1       0       0       0       000010001D   2395
     124       1       0       3       0       0       0               0D   2396
     100    2712       0       1       0       0    2395       000010001D   2397
     100       1       0       2       0       0       0               0D   2398
     102    2714       0       1       0       0       0       000010001D   2399
     102       1       0       1       0       0       0               0D   2400
     142    2715       0       1       0       0       0       000010001D   2401
     142       1       0       1       0       0       0               0D   2402
     144    2716       0       1       0       0       0       000000001D   2403
     144       1       0       1       0       0       0               0D   2404
     110    2717       0       1       0       0       0       000010001D   2405
     110       1       0       1       0       0       0               0D   2406
     122    2718       0       1       0       0       0       000010001D   2407
     122       1       0       1       0       0       0               0D   2408
     126    2719       0       1       0       0       0       000010501D   2409
     126       1       0       2       0       0       0               0D   2410
     126    2721       0       1       0       0       0       000010501D   2411
     126       1       0       2       0       0       0               0D   2412
     126    2723       0       1       0       0       0       000010501D   2413
     126       1       0       2       0       0       0               0D   2414
     126    2725       0       1       0       0       0       000010501D   2415
     126       1       0       2       0       0       0               0D   2416
     126    2727       0       1       0       0       0       000010501D   2417
     126       1       0      10       0       0       0               0D   2418
     102    2737       0       1       0       0       0       000010501D   2419
     102       1       0       1       0       0       0               0D   2420
     110    2738       0       1       0       0       0       000010001D   2421
     110       1       0       1       0       0       0               0D   2422
     110    2739       0       1       0       0       0       000010001D   2423
     110       1       0       1       0       0       0               0D   2424
     110    2740       0       1       0       0       0       000010001D   2425
     110       1       0       1       0       0       0               0D   2426
     110    2741       0       1       0       0       0       000010001D   2427
     110       1       0       1       0       0       0               0D   2428
     124    2742       0       1       0       0       0       000010001D   2429
     124       1       0       1       0       0       0               0D   2430
     100    2743       0       1       0       0    2429       000010001D   2431
     100       1       0       2       0       0       0               0D   2432
     102    2745       0       1       0       0       0       000010001D   2433
     102       1       0       1       0       0       0               0D   2434
     142    2746       0       1       0       0       0       000010001D   2435
     142       1       0       1       0       0       0               0D   2436
     144    2747       0       1       0       0       0       000000001D   2437
     144       1       0       1       0       0       0               0D   2438
     110    2748       0       1       0       0       0       000010001D   2439
     110       1       0       1       0       0       0               0D   2440
     122    2749       0       1       0       0       0       000010001D   2441
     122       1       0       1       0       0       0               0D   2442
     126    2750       0       1       0       0       0       000010501D   2443
     126       1       0       2       0       0       0               0D   2444
     126    2752       0       1       0       0       0       000010501D   2445
     126       1       0       2       0       0       0               0D   2446
     126    2754       0       1       0       0       0       000010501D   2447
     126       1       0       2       0       0       0               0D   2448
     126    2756       0       1       0       0       0       000010501D   2449
     126       1       0       2       0       0       0               0D   2450
     102    2758       0       1       0       0       0       000010501D   2451
     102       1       0       1       0       0       0               0D   2452
     110    2759       0       1       0       0       0       000010001D   2453
     110       1       0       1       0       0       0               0D   2454
     110    2760       0       1       0       0       0       000010001D   2455
     110       1       0       1       0       0       0               0D   2456
     110    2761       0       1       0       0       0       000010001D   2457
     110       1       0       1       0       0       0               0D   2458
     110    2762       0       1       0       0       0       000010001D   2459
     110       1       0       1       0       0       0               0D   2460
     102    2763       0       1       0       0       0       000010001D   2461
     102       1       0       1       0       0       0               0D   2462
     142    2764       0       1       0       0       0       000010001D   2463
     142       1       0       1       0       0       0               0D   2464
     144    2765       0       1       0       0       0       000000001D   2465
     144       1       0       1       0       0       0               0D   2466
     110    2766       0       1       0       0       0       000010001D   2467
     110       1       0       1       0       0       0               0D   2468
     122    2767       0       1       0       0       0       000010001D   2469
     122       1       0       1       0       0       0               0D   2470
     126    2768       0       1       0       0       0       000010501D   2471
     126       1       0       2       0       0       0               0D   2472
     126    2770       0       1       0       0       0       000010501D   2473
     126       1       0       2       0       0       0               0D   2474
     126    2772       0       1       0       0       0       000010501D   2475
     126       1       0       2       0       0       0               0D   2476
     126    2774       0       1       0       0       0       000010501D   2477
     126       1       0       2       0       0       0               0D   2478
     102    2776       0       1       0       0       0       000010501D   2479
     102       1       0       1       0       0       0               0D   2480
     110    2777       0       1       0       0       0       000010001D   2481
     110       1       0       1       0       0       0               0D   2482
     110    2778       0       1       0       0       0       000010001D   2483
     110       1       0       1       0       0       0               0D   2484
     110    2779       0       1       0       0       0       000010001D   2485
     110       1       0       1       0       0       0               0D   2486
     110    2780       0       1       0       0       0       000010001D   2487
     110       1       0       1       0       0       0               0D   2488
     102    2781       0       1       0       0       0       000010001D   2489
     102       1       0       1       0       0       0               0D   2490
     142    2782       0       1       0       0       0       000010001D   2491
     142       1       0       1       0       0       0               0D   2492
     144    2783       0       1       0       0       0       000000001D   2493
     144       1       0       1       0       0       0               0D   2494
     110    2784       0       1       0       0       0       000010001D   2495
     110       1       0       2       0       0       0               0D   2496
     110    2786       0       1       0       0       0       000010001D   2497
     110       1       0       2       0       0       0               0D   2498
     120    2788       0       1       0       0       0       000010001D   2499
     120       1       0       1       0       0       0               0D   2500
     126    2789       0       1       0       0       0       000010501D   2501
     126       1       0       4       0       0       0               0D   2502
     126    2793       0       1       0       0       0       000010501D   2503
     126       1       0       2       0       0       0               0D   2504
     126    2795       0       1       0       0       0       000010501D   2505
     126       1       0       4       0       0       0               0D   2506
     126    2799       0       1       0       0       0       000010501D   2507
     126       1       0       2       0       0       0               0D   2508
     102    2801       0       1       0       0       0       000010501D   2509
     102       1       0       1       0       0       0               0D   2510
     124    2802       0       1       0       0       0       000010001D   2511
     124       1       0       2       0       0       0               0D   2512
     100    2804       0       1       0       0    2511       000010001D   2513
     100       1       0       2       0       0       0               0D   2514
     110    2806       0       1       0       0       0       000010001D   2515
     110       1       0       2       0       0       0               0D   2516
     124    2808       0       1       0       0       0       000010001D   2517
     124       1       0       2       0       0       0               0D   2518
     100    2810       0       1       0       0    2517       000010001D   2519
     100       1       0       2       0       0       0               0D   2520
     110    2812       0       1       0       0       0       000010001D   2521
     110       1       0       1       0       0       0               0D   2522
     102    2813       0       1       0       0       0       000010001D   2523
     102       1       0       1       0       0       0               0D   2524
     142    2814       0       1       0       0       0       000010001D   2525
     142       1       0       1       0       0       0               0D   2526
     144    2815       0       1       0       0       0       000000001D   2527
     144       1       0       1       0       0       0               0D   2528
     110    2816       0       1       0       0       0       000010001D   2529
     110       1       0       2       0       0       0               0D   2530
     122    2818       0       1       0       0       0       000010001D   2531
     122       1       0       1       0       0       0               0D   2532
     126    2819       0       1       0       0       0       000010501D   2533
     126       1       0       2       0       0       0               0D   2534
     126    2821       0       1       0       0       0       000010501D   2535
     126       1       0       2       0       0       0               0D   2536
     126    2823       0       1       0       0       0       000010501D   2537
     126       1       0       2       0       0       0               0D   2538
     126    2825       0       1       0       0       0       000010501D   2539
     126       1       0       2       0       0       0               0D   2540
     102    2827       0       1       0       0       0       000010501D   2541
     102       1       0       1       0       0       0               0D   2542
     110    2828       0       1       0       0       0       000010001D   2543
     110       1       0       2       0       0       0               0D   2544
     110    2830       0       1       0       0       0       000010001D   2545
     110       1       0       2       0       0       0               0D   2546
     110    2832       0       1       0       0       0       000010001D   2547
     110       1       0       2       0       0       0               0D   2548
     110    2834       0       1       0       0       0       000010001D   2549
     110       1       0       2       0       0       0               0D   2550
     102    2836       0       1       0       0       0       000010001D   2551
     102       1       0       1       0       0       0               0D   2552
     142    2837       0       1       0       0       0       000010001D   2553
     142       1       0       1       0       0       0               0D   2554
     144    2838       0       1       0       0       0       000000001D   2555
     144       1       0       1       0       0       0               0D   2556
     110    2839       0       1       0       0       0       000010001D   2557
     110       1       0       2       0       0       0               0D   2558
     110    2841       0       1       0       0       0       000010001D   2559
     110       1       0       2       0       0       0               0D   2560
     120    2843       0       1       0       0       0       000010001D   2561
     120       1       0       1       0       0       0               0D   2562
     126    2844       0       1       0       0       0       000010501D   2563
     126       1       0       4       0       0       0               0D   2564
     126    2848       0       1       0       0       0       000010501D   2565
     126       1       0       2       0       0       0               0D   2566
     126    2850       0       1       0       0       0       000010501D   2567
     126       1       0       4       0       0       0               0D   2568
     126    2854       0       1       0       0       0       000010501D   2569
     126       1       0       2       0       0       0               0D   2570
     102    2856       0       1       0       0       0       000010501D   2571
     102       1       0       1       0       0       0               0D   2572
     124    2857       0       1       0       0       0       000010001D   2573
     124       1       0       2       0       0       0               0D   2574
     100    2859       0       1       0       0    2573       000010001D   2575
     100       1       0       2       0       0       0               0D   2576
     110    2861       0       1       0       0       0       000010001D   2577
     110       1       0       1       0       0       0               0D   2578
     124    2862       0       1       0       0       0       000010001D   2579
     124       1       0       2       0       0       0               0D   2580
     100    2864       0       1       0       0    2579       000010001D   2581
     100       1       0       2       0       0       0               0D   2582
     110    2866       0       1       0       0       0       000010001D   2583
     110       1       0       2       0       0       0               0D   2584
     102    2868       0       1       0       0       0       000010001D   2585
     102       1       0       1       0       0       0               0D   2586
     142    2869       0       1       0       0       0       000010001D   2587
     142       1       0       1       0       0       0               0D   2588
     144    2870       0       1       0       0       0       000000001D   2589
     144       1       0       1       0       0       0               0D   2590
     110    2871       0       1       0       0       0       000010001D   2591
     110       1       0       1       0       0       0               0D   2592
     122    2872       0       1       0       0       0       000010001D   2593
     122       1       0       1       0       0       0               0D   2594
     126    2873       0       1       0       0       0       000010501D   2595
     126       1       0       2       0       0       0               0D   2596
     126    2875       0       1       0       0       0       000010501D   2597
     126       1       0       3       0       0       0               0D   2598
     126    2878       0       1       0       0       0       000010501D   2599
     126       1       0       2       0       0       0               0D   2600
     126    2880       0       1       0       0       0       000010501D   2601
     126       1       0       3       0       0       0               0D   2602
     126    2883       0       1       0       0       0       000010501D   2603
     126       1       0       5       0       0       0               0D   2604
     126    2888       0       1       0       0       0       000010501D   2605
     126       1       0       3       0       0       0               0D   2606
     126    2891       0       1       0       0       0       000010501D   2607
     126       1       0       5       0       0       0               0D   2608
     126    2896       0       1       0       0       0       000010501D   2609
     126       1       0       2       0       0       0               0D   2610
     102    2898       0       1       0       0       0       000010501D   2611
     102       1       0       1       0       0       0               0D   2612
     110    2899       0       1       0       0       0       000010001D   2613
     110       1       0       1       0       0       0               0D   2614
     110    2900       0       1       0       0       0       000010001D   2615
     110       1       0       1       0       0       0               0D   2616
     110    2901       0       1       0       0       0       000010001D   2617
     110       1       0       1       0       0       0               0D   2618
     110    2902       0       1       0       0       0       000010001D   2619
     110       1       0       1       0       0       0               0D   2620
     124    2903       0       1       0       0       0       000010001D   2621
     124       1       0       2       0       0       0               0D   2622
     100    2905       0       1       0       0    2621       000010001D   2623
     100       1       0       2       0       0       0               0D   2624
     110    2907       0       1       0       0       0       000010001D   2625
     110       1       0       2       0       0       0               0D   2626
     124    2909       0       1       0       0       0       000010001D   2627
     124       1       0       2       0       0       0               0D   2628
     100    2911       0       1       0       0    2627       000010001D   2629
     100       1       0       2       0       0       0               0D   2630
     110    2913       0       1       0       0       0       000010001D   2631
     110       1       0       1       0       0       0               0D   2632
     102    2914       0       1       0       0       0       000010001D   2633
     102       1       0       1       0       0       0               0D   2634
     142    2915       0       1       0       0       0       000010001D   2635
     142       1       0       1       0       0       0               0D   2636
     144    2916       0       1       0       0       0       000000001D   2637
     144       1       0       1       0       0       0               0D   2638
     110    2917       0       1       0       0       0       000010001D   2639
     110       1       0       1       0       0       0               0D   2640
     122    2918       0       1       0       0       0       000010001D   2641
     122       1       0       1       0       0       0               0D   2642
     126    2919       0       1       0       0       0       000010501D   2643
     126       1       0       2       0       0       0               0D   2644
     126    2921       0       1       0       0       0       000010501D   2645
     126       1       0       2       0       0       0               0D   2646
     126    2923       0       1       0       0       0       000010501D   2647
     126       1       0       2       0       0       0               0D   2648
     126    2925       0       1       0       0       0       000010501D   2649
     126       1       0       5       0       0       0               0D   2650
     126    2930       0       1       0       0       0       000010501D   2651
     126       1       0       4       0       0       0               0D   2652
     102    2934       0       1       0       0       0       000010501D   2653
     102       1       0       1       0       0       0               0D   2654
     110    2935       0       1       0       0       0       000010001D   2655
     110       1       0       1       0       0       0               0D   2656
     110    2936       0       1       0       0       0       000010001D   2657
     110       1       0       1       0       0       0               0D   2658
     110    2937       0       1       0       0       0       000010001D   2659
     110       1       0       1       0       0       0               0D   2660
     124    2938       0       1       0       0       0       000010001D   2661
     124       1       0       2       0       0       0               0D   2662
     100    2940       0       1       0       0    2661       000010001D   2663
     100       1       0       2       0       0       0               0D   2664
     110    2942       0       1       0       0       0       000010001D   2665
     110       1       0       2       0       0       0               0D   2666
     102    2944       0       1       0       0       0       000010001D   2667
     102       1       0       1       0       0       0               0D   2668
     142    2945       0       1       0       0       0       000010001D   2669
     142       1       0       1       0       0       0               0D   2670
     144    2946       0       1       0       0       0       000000001D   2671
     144       1       0       1       0       0       0               0D   2672
     110    2947       0       1       0       0       0       000010001D   2673
     110       1       0       1       0       0       0               0D   2674
     122    2948       0       1       0       0       0       000010001D   2675
     122       1       0       1       0       0       0               0D   2676
     126    2949       0       1       0       0       0       000010501D   2677
     126       1       0       5       0       0       0               0D   2678
     126    2954       0       1       0       0       0       000010501D   2679
     126       1       0       3       0       0       0               0D   2680
     126    2957       0       1       0       0       0       000010501D   2681
     126       1       0       2       0       0       0               0D   2682
     126    2959       0       1       0       0       0       000010501D   2683
     126       1       0       3       0       0       0               0D   2684
     126    2962       0       1       0       0       0       000010501D   2685
     126       1       0       4       0       0       0               0D   2686
     102    2966       0       1       0       0       0       000010501D   2687
     102       1       0       1       0       0       0               0D   2688
     124    2967       0       1       0       0       0       000010001D   2689
     124       1       0       2       0       0       0               0D   2690
     100    2969       0       1       0       0    2689       000010001D   2691
     100       1       0       2       0       0       0               0D   2692
     110    2971       0       1       0       0       0       000010001D   2693
     110       1       0       1       0       0       0               0D   2694
     110    2972       0       1       0       0       0       000010001D   2695
     110       1       0       1       0       0       0               0D   2696
     110    2973       0       1       0       0       0       000010001D   2697
     110       1       0       1       0       0       0               0D   2698
     110    2974       0       1       0       0       0       000010001D   2699
     110       1       0       2       0       0       0               0D   2700
     102    2976       0       1       0       0       0       000010001D   2701
     102       1       0       1       0       0       0               0D   2702
     142    2977       0       1       0       0       0       000010001D   2703
     142       1       0       1       0       0       0               0D   2704
     144    2978       0       1       0       0       0       000000001D   2705
     144       1       0       1       0       0       0               0D   2706
     110    2979       0       1       0       0       0       000010001D   2707
     110       1       0       1       0       0       0               0D   2708
     122    2980       0       1       0       0       0       000010001D   2709
     122       1       0       1       0       0       0               0D   2710
     126    2981       0       1       0       0       0       000010501D   2711
     126       1       0       5       0       0       0               0D   2712
     126    2986       0       1       0       0       0       000010501D   2713
     126       1       0       2       0       0       0               0D   2714
     126    2988       0       1       0       0       0       000010501D   2715
     126       1       0       2       0       0       0               0D   2716
     126    2990       0       1       0       0       0       000010501D   2717
     126       1       0       2       0       0       0               0D   2718
     126    2992       0       1       0       0       0       000010501D   2719
     126       1       0       2       0       0       0               0D   2720
     102    2994       0       1       0       0       0       000010501D   2721
     102       1       0       1       0       0       0               0D   2722
     126    2995       0       1       0       0       0       000010001D   2723
     126       1       0       6       0       0       0               0D   2724
     110    3001       0       1       0       0       0       000010001D   2725
     110       1       0       1       0       0       0               0D   2726
     110    3002       0       1       0       0       0       000010001D   2727
     110       1       0       1       0       0       0               0D   2728
     110    3003       0       1       0       0       0       000010001D   2729
     110       1       0       1       0       0       0               0D   2730
     110    3004       0       1       0       0       0       000010001D   2731
     110       1       0       1       0       0       0               0D   2732
     102    3005       0       1       0       0       0       000010001D   2733
     102       1       0       1       0       0       0               0D   2734
     142    3006       0       1       0       0       0       000010001D   2735
     142       1       0       1       0       0       0               0D   2736
     144    3007       0       1       0       0       0       000000001D   2737
     144       1       0       1       0       0       0               0D   2738
     110    3008       0       1       0       0       0       000010001D   2739
     110       1       0       1       0       0       0               0D   2740
     122    3009       0       1       0       0       0       000010001D   2741
     122       1       0       1       0       0       0               0D   2742
     126    3010       0       1       0       0       0       000010501D   2743
     126       1       0       5       0       0       0               0D   2744
     126    3015       0       1       0       0       0       000010501D   2745
     126       1       0       3       0       0       0               0D   2746
     126    3018       0       1       0       0       0       000010501D   2747
     126       1       0       2       0       0       0               0D   2748
     126    3020       0       1       0       0       0       000010501D   2749
     126       1       0       3       0       0       0               0D   2750
     126    3023       0       1       0       0       0       000010501D   2751
     126       1       0       2       0       0       0               0D   2752
     102    3025       0       1       0       0       0       000010501D   2753
     102       1       0       1       0       0       0               0D   2754
     126    3026       0       1       0       0       0       000010001D   2755
     126       1       0       6       0       0       0               0D   2756
     110    3032       0       1       0       0       0       000010001D   2757
     110       1       0       1       0       0       0               0D   2758
     110    3033       0       1       0       0       0       000010001D   2759
     110       1       0       1       0       0       0               0D   2760
     110    3034       0       1       0       0       0       000010001D   2761
     110       1       0       1       0       0       0               0D   2762
     110    3035       0       1       0       0       0       000010001D   2763
     110       1       0       1       0       0       0               0D   2764
     102    3036       0       1       0       0       0       000010001D   2765
     102       1       0       1       0       0       0               0D   2766
     142    3037       0       1       0       0       0       000010001D   2767
     142       1       0       1       0       0       0               0D   2768
     144    3038       0       1       0       0       0       000000001D   2769
     144       1       0       1       0       0       0               0D   2770
     110    3039       0       1       0       0       0       000010001D   2771
     110       1       0       1       0       0       0               0D   2772
     110    3040       0       1       0       0       0       000010001D   2773
     110       1       0       1       0       0       0               0D   2774
     120    3041       0       1       0       0       0       000010001D   2775
     120       1       0       1       0       0       0               0D   2776
     126    3042       0       1       0       0       0       000010501D   2777
     126       1       0       4       0       0       0               0D   2778
     126    3046       0       1       0       0       0       000010501D   2779
     126       1       0       2       0       0       0               0D   2780
     126    3048       0       1       0       0       0       000010501D   2781
     126       1       0       4       0       0       0               0D   2782
     126    3052       0       1       0       0       0       000010501D   2783
     126       1       0       2       0       0       0               0D   2784
     102    3054       0       1       0       0       0       000010501D   2785
     102       1       0       1       0       0       0               0D   2786
     124    3055       0       1       0       0       0       000010001D   2787
     124       1       0       1       0       0       0               0D   2788
     100    3056       0       1       0       0    2787       000010001D   2789
     100       1       0       1       0       0       0               0D   2790
     110    3057       0       1       0       0       0       000010001D   2791
     110       1       0       1       0       0       0               0D   2792
     124    3058       0       1       0       0       0       000010001D   2793
     124       1       0       1       0       0       0               0D   2794
     100    3059       0       1       0       0    2793       000010001D   2795
     100       1       0       1       0       0       0               0D   2796
     110    3060       0       1       0       0       0       000010001D   2797
     110       1       0       1       0       0       0               0D   2798
     102    3061       0       1       0       0       0       000010001D   2799
     102       1       0       1       0       0       0               0D   2800
     142    3062       0       1       0       0       0       000010001D   2801
     142       1       0       1       0       0       0               0D   2802
     144    3063       0       1       0       0       0       000000001D   2803
     144       1       0       1       0       0       0               0D   2804
     110    3064       0       1       0       0       0       000010001D   2805
     110       1       0       1       0       0       0               0D   2806
     110    3065       0       1       0       0       0       000010001D   2807
     110       1       0       1       0       0       0               0D   2808
     120    3066       0       1       0       0       0       000010001D   2809
     120       1       0       1       0       0       0               0D   2810
     126    3067       0       1       0       0       0       000010501D   2811
     126       1       0       5       0       0       0               0D   2812
     126    3072       0       1       0       0       0       000010501D   2813
     126       1       0       6       0       0       0               0D   2814
     126    3078       0       1       0       0       0       000010501D   2815
     126       1       0       3       0       0       0               0D   2816
     126    3081       0       1       0       0       0       000010501D   2817
     126       1       0       3       0       0       0               0D   2818
     102    3084       0       1       0       0       0       000010501D   2819
     102       1       0       1       0       0       0               0D   2820
     124    3085       0       1       0       0       0       000010001D   2821
     124       1       0       2       0       0       0               0D   2822
     104    3087       0       1       0       0    2821       000010001D   2823
     104       1       0       3       1       0       0               0D   2824
     126    3090       0       1       0       0       0       000010001D   2825
     126       1       0       8       0       0       0               0D   2826
     110    3098       0       1       0       0       0       000010001D   2827
     110       1       0       1       0       0       0               0D   2828
     124    3099       0       1       0       0       0       000010001D   2829
     124       1       0       1       0       0       0               0D   2830
     100    3100       0       1       0       0    2829       000010001D   2831
     100       1       0       1       0       0       0               0D   2832
     102    3101       0       1       0       0       0       000010001D   2833
     102       1       0       1       0       0       0               0D   2834
     142    3102       0       1       0       0       0       000010001D   2835
     142       1       0       1       0       0       0               0D   2836
     144    3103       0       1       0       0       0       000000001D   2837
     144       1       0       1       0       0       0               0D   2838
     110    3104       0       1       0       0       0       000010001D   2839
     110       1       0       2       0       0       0               0D   2840
     110    3106       0       1       0       0       0       000010001D   2841
     110       1       0       2       0       0       0               0D   2842
     120    3108       0       1       0       0       0       000010001D   2843
     120       1       0       1       0       0       0               0D   2844
     126    3109       0       1       0       0       0       000010501D   2845
     126       1       0       3       0       0       0               0D   2846
     126    3112       0       1       0       0       0       000010501D   2847
     126       1       0       6       0       0       0               0D   2848
     126    3118       0       1       0       0       0       000010501D   2849
     126       1       0       4       0       0       0               0D   2850
     126    3122       0       1       0       0       0       000010501D   2851
     126       1       0       4       0       0       0               0D   2852
     102    3126       0       1       0       0       0       000010501D   2853
     102       1       0       1       0       0       0               0D   2854
     110    3127       0       1       0       0       0       000010001D   2855
     110       1       0       2       0       0       0               0D   2856
     126    3129       0       1       0       0       0       000010001D   2857
     126       1       0       6       0       0       0               0D   2858
     124    3135       0       1       0       0       0       000010001D   2859
     124       1       0       3       0       0       0               0D   2860
     104    3138       0       1       0       0    2859       000010001D   2861
     104       1       0       3       1       0       0               0D   2862
     124    3141       0       1       0       0       0       000010001D   2863
     124       1       0       1       0       0       0               0D   2864
     100    3142       0       1       0       0    2863       000010001D   2865
     100       1       0       1       0       0       0               0D   2866
     102    3143       0       1       0       0       0       000010001D   2867
     102       1       0       1       0       0       0               0D   2868
     142    3144       0       1       0       0       0       000010001D   2869
     142       1       0       1       0       0       0               0D   2870
     144    3145       0       1       0       0       0       000000001D   2871
     144       1       0       1       0       0       0               0D   2872
     110    3146       0       1       0       0       0       000010001D   2873
     110       1       0       2       0       0       0               0D   2874
     122    3148       0       1       0       0       0       000010001D   2875
     122       1       0       1       0       0       0               0D   2876
     126    3149       0       1       0       0       0       000010501D   2877
     126       1       0       2       0       0       0               0D   2878
     126    3151       0       1       0       0       0       000010501D   2879
     126       1       0       2       0       0       0               0D   2880
     126    3153       0       1       0       0       0       000010501D   2881
     126       1       0       2       0       0       0               0D   2882
     126    3155       0       1       0       0       0       000010501D   2883
     126       1       0       2       0       0       0               0D   2884
     102    3157       0       1       0       0       0       000010501D   2885
     102       1       0       1       0       0       0               0D   2886
     110    3158       0       1       0       0       0       000010001D   2887
     110       1       0       2       0       0       0               0D   2888
     110    3160       0       1       0       0       0       000010001D   2889
     110       1       0       2       0       0       0               0D   2890
     110    3162       0       1       0       0       0       000010001D   2891
     110       1       0       2       0       0       0               0D   2892
     110    3164       0       1       0       0       0       000010001D   2893
     110       1       0       2       0       0       0               0D   2894
     102    3166       0       1       0       0       0       000010001D   2895
     102       1       0       1       0       0       0               0D   2896
     142    3167       0       1       0       0       0       000010001D   2897
     142       1       0       1       0       0       0               0D   2898
     144    3168       0       1       0       0       0       000000001D   2899
     144       1       0       1       0       0       0               0D   2900
     110    3169       0       1       0       0       0       000010001D   2901
     110       1       0       1       0       0       0               0D   2902
     110    3170       0       1       0       0       0       000010001D   2903
     110       1       0       1       0       0       0               0D   2904
     120    3171       0       1       0       0       0       000010001D   2905
     120       1       0       1       0       0       0               0D   2906
     126    3172       0       1       0       0       0       000010501D   2907
     126       1       0       2       0       0       0               0D   2908
     126    3174       0       1       0       0       0       000010501D   2909
     126       1       0       3       0       0       0               0D   2910
     126    3177       0       1       0       0       0       000010501D   2911
     126       1       0       2       0       0       0               0D   2912
     126    3179       0       1       0       0       0       000010501D   2913
     126       1       0       3       0       0       0               0D   2914
     102    3182       0       1       0       0       0       000010501D   2915
     102       1       0       1       0       0       0               0D   2916
     110    3183       0       1       0       0       0       000010001D   2917
     110       1       0       1       0       0       0               0D   2918
     124    3184       0       1       0       0       0       000010001D   2919
     124       1       0       1       0       0       0               0D   2920
     100    3185       0       1       0       0    2919       000010001D   2921
     100       1       0       1       0       0       0               0D   2922
     110    3186       0       1       0       0       0       000010001D   2923
     110       1       0       2       0       0       0               0D   2924
     124    3188       0       1       0       0       0       000010001D   2925
     124       1       0       1       0       0       0               0D   2926
     100    3189       0       1       0       0    2925       000010001D   2927
     100       1       0       1       0       0       0               0D   2928
     102    3190       0       1       0       0       0       000010001D   2929
     102       1       0       1       0       0       0               0D   2930
     142    3191       0       1       0       0       0       000010001D   2931
     142       1       0       1       0       0       0               0D   2932
     144    3192       0       1       0       0       0       000000001D   2933
     144       1       0       1       0       0       0               0D   2934
     110    3193       0       1       0       0       0       000010001D   2935
     110       1       0       2       0       0       0               0D   2936
     122    3195       0       1       0       0       0       000010001D   2937
     122       1       0       1       0       0       0               0D   2938
     126    3196       0       1       0       0       0       000010501D   2939
     126       1       0       2       0       0       0               0D   2940
     126    3198       0       1       0       0       0       000010501D   2941
     126       1       0       2       0       0       0               0D   2942
     126    3200       0       1       0       0       0       000010501D   2943
     126       1       0       2       0       0       0               0D   2944
     126    3202       0       1       0       0       0       000010501D   2945
     126       1       0       2       0       0       0               0D   2946
     102    3204       0       1       0       0       0       000010501D   2947
     102       1       0       1       0       0       0               0D   2948
     110    3205       0       1       0       0       0       000010001D   2949
     110       1       0       2       0       0       0               0D   2950
     110    3207       0       1       0       0       0       000010001D   2951
     110       1       0       2       0       0       0               0D   2952
     110    3209       0       1       0       0       0       000010001D   2953
     110       1       0       2       0       0       0               0D   2954
     110    3211       0       1       0       0       0       000010001D   2955
     110       1       0       2       0       0       0               0D   2956
     102    3213       0       1       0       0       0       000010001D   2957
     102       1       0       1       0       0       0               0D   2958
     142    3214       0       1       0       0       0       000010001D   2959
     142       1       0       1       0       0       0               0D   2960
     144    3215       0       1       0       0       0       000000001D   2961
     144       1       0       1       0       0       0               0D   2962
     110    3216       0       1       0       0       0       000010001D   2963
     110       1       0       1       0       0       0               0D   2964
     110    3217       0       1       0       0       0       000010001D   2965
     110       1       0       1       0       0       0               0D   2966
     120    3218       0       1       0       0       0       000010001D   2967
     120       1       0       1       0       0       0               0D   2968
     126    3219       0       1       0       0       0       000010501D   2969
     126       1       0       4       0       0       0               0D   2970
     126    3223       0       1       0       0       0       000010501D   2971
     126       1       0       2       0       0       0               0D   2972
     126    3225       0       1       0       0       0       000010501D   2973
     126       1       0       3       0       0       0               0D   2974
     126    3228       0       1       0       0       0       000010501D   2975
     126       1       0       4       0       0       0               0D   2976
     126    3232       0       1       0       0       0       000010501D   2977
     126       1       0       2       0       0       0               0D   2978
     102    3234       0       1       0       0       0       000010501D   2979
     102       1       0       1       0       0       0               0D   2980
     124    3235       0       1       0       0       0       000010001D   2981
     124       1       0       1       0       0       0               0D   2982
     100    3236       0       1       0       0    2981       000010001D   2983
     100       1       0       2       0       0       0               0D   2984
     110    3238       0       1       0       0       0       000010001D   2985
     110       1       0       2       0       0       0               0D   2986
     124    3240       0       1       0       0       0       000010001D   2987
     124       1       0       1       0       0       0               0D   2988
     100    3241       0       1       0       0    2987       000010001D   2989
     100       1       0       1       0       0       0               0D   2990
     124    3242       0       1       0       0       0       000010001D   2991
     124       1       0       1       0       0       0               0D   2992
     100    3243       0       1       0       0    2991       000010001D   2993
     100       1       0       1       0       0       0               0D   2994
     110    3244       0       1       0       0       0       000010001D   2995
     110       1       0       2       0       0       0               0D   2996
     102    3246       0       1       0       0       0       000010001D   2997
     102       1       0       1       0       0       0               0D   2998
     142    3247       0       1       0       0       0       000010001D   2999
     142       1       0       1       0       0       0               0D   3000
     144    3248       0       1       0       0       0       000000001D   3001
     144       1       0       1       0       0       0               0D   3002
     110    3249       0       1       0       0       0       000010001D   3003
     110       1       0       2       0       0       0               0D   3004
     122    3251       0       1       0       0       0       000010001D   3005
     122       1       0       1       0       0       0               0D   3006
     126    3252       0       1       0       0       0       000010501D   3007
     126       1       0       2       0       0       0               0D   3008
     126    3254       0       1       0       0       0       000010501D   3009
     126       1       0       2       0       0       0               0D   3010
     126    3256       0       1       0       0       0       000010501D   3011
     126       1       0       2       0       0       0               0D   3012
     126    3258       0       1       0       0       0       000010501D   3013
     126       1       0       2       0       0       0               0D   3014
     102    3260       0       1       0       0       0       000010501D   3015
     102       1       0       1       0       0       0               0D   3016
     110    3261       0       1       0       0       0       000010001D   3017
     110       1       0       2       0       0       0               0D   3018
     110    3263       0       1       0       0       0       000010001D   3019
     110       1       0       2       0       0       0               0D   3020
     110    3265       0       1       0       0       0       000010001D   3021
     110       1       0       2       0       0       0               0D   3022
     110    3267       0       1       0       0       0       000010001D   3023
     110       1       0       2       0       0       0               0D   3024
     102    3269       0       1       0       0       0       000010001D   3025
     102       1       0       1       0       0       0               0D   3026
     142    3270       0       1       0       0       0       000010001D   3027
     142       1       0       1       0       0       0               0D   3028
     144    3271       0       1       0       0       0       000000001D   3029
     144       1       0       1       0       0       0               0D   3030
     110    3272       0       1       0       0       0       000010001D   3031
     110       1       0       1       0       0       0               0D   3032
     110    3273       0       1       0       0       0       000010001D   3033
     110       1       0       1       0       0       0               0D   3034
     120    3274       0       1       0       0       0       000010001D   3035
     120       1       0       1       0       0       0               0D   3036
     126    3275       0       1       0       0       0       000010501D   3037
     126       1       0       4       0       0       0               0D   3038
     126    3279       0       1       0       0       0       000010501D   3039
     126       1       0       2       0       0       0               0D   3040
     126    3281       0       1       0       0       0       000010501D   3041
     126       1       0       4       0       0       0               0D   3042
     126    3285       0       1       0       0       0       000010501D   3043
     126       1       0       2       0       0       0               0D   3044
     102    3287       0       1       0       0       0       000010501D   3045
     102       1       0       1       0       0       0               0D   3046
     124    3288       0       1       0       0       0       000010001D   3047
     124       1       0       1       0       0       0               0D   3048
     100    3289       0       1       0       0    3047       000010001D   3049
     100       1       0       2       0       0       0               0D   3050
     110    3291       0       1       0       0       0       000010001D   3051
     110       1       0       2       0       0       0               0D   3052
     124    3293       0       1       0       0       0       000010001D   3053
     124       1       0       1       0       0       0               0D   3054
     100    3294       0       1       0       0    3053       000010001D   3055
     100       1       0       2       0       0       0               0D   3056
     110    3296       0       1       0       0       0       000010001D   3057
     110       1       0       2       0       0       0               0D   3058
     102    3298       0       1       0       0       0       000010001D   3059
     102       1       0       1       0       0       0               0D   3060
     142    3299       0       1       0       0       0       000010001D   3061
     142       1       0       1       0       0       0               0D   3062
     144    3300       0       1       0       0       0       000000001D   3063
     144       1       0       1       0       0       0               0D   3064
     110    3301       0       1       0       0       0       000010001D   3065
     110       1       0       2       0       0       0               0D   3066
     122    3303       0       1       0       0       0       000010001D   3067
     122       1       0       1       0       0       0               0D   3068
     126    3304       0       1       0       0       0       000010501D   3069
     126       1       0       2       0       0       0               0D   3070
     126    3306       0       1       0       0       0       000010501D   3071
     126       1       0       2       0       0       0               0D   3072
     126    3308       0       1       0       0       0       000010501D   3073
     126       1       0       2       0       0       0               0D   3074
     126    3310       0       1       0       0       0       000010501D   3075
     126       1       0       2       0       0       0               0D   3076
     102    3312       0       1       0       0       0       000010501D   3077
     102       1       0       1       0       0       0               0D   3078
     110    3313       0       1       0       0       0       000010001D   3079
     110       1       0       2       0       0       0               0D   3080
     110    3315       0       1       0       0       0       000010001D   3081
     110       1       0       2       0       0       0               0D   3082
     110    3317       0       1       0       0       0       000010001D   3083
     110       1       0       2       0       0       0               0D   3084
     110    3319       0       1       0       0       0       000010001D   3085
     110       1       0       2       0       0       0               0D   3086
     102    3321       0       1       0       0       0       000010001D   3087
     102       1       0       1       0       0       0               0D   3088
     142    3322       0       1       0       0       0       000010001D   3089
     142       1       0       1       0       0       0               0D   3090
     144    3323       0       1       0       0       0       000000001D   3091
     144       1       0       1       0       0       0               0D   3092
     110    3324       0       1       0       0       0       000010001D   3093
     110       1       0       1       0       0       0               0D   3094
     110    3325       0       1       0       0       0       000010001D   3095
     110       1       0       1       0       0       0               0D   3096
     120    3326       0       1       0       0       0       000010001D   3097
     120       1       0       1       0       0       0               0D   3098
     126    3327       0       1       0       0       0       000010501D   3099
     126       1       0       4       0       0       0               0D   3100
     126    3331       0       1       0       0       0       000010501D   3101
     126       1       0       4       0       0       0               0D   3102
     126    3335       0       1       0       0       0       000010501D   3103
     126       1       0       3       0       0       0               0D   3104
     126    3338       0       1       0       0       0       000010501D   3105
     126       1       0       4       0       0       0               0D   3106
     126    3342       0       1       0       0       0       000010501D   3107
     126       1       0       3       0       0       0               0D   3108
     102    3345       0       1       0       0       0       000010501D   3109
     102       1       0       1       0       0       0               0D   3110
     124    3346       0       1       0       0       0       000010001D   3111
     124       1       0       1       0       0       0               0D   3112
     100    3347       0       1       0       0    3111       000010001D   3113
     100       1       0       1       0       0       0               0D   3114
     124    3348       0       1       0       0       0       000010001D   3115
     124       1       0       1       0       0       0               0D   3116
     100    3349       0       1       0       0    3115       000010001D   3117
     100       1       0       1       0       0       0               0D   3118
     110    3350       0       1       0       0       0       000010001D   3119
     110       1       0       2       0       0       0               0D   3120
     124    3352       0       1       0       0       0       000010001D   3121
     124       1       0       1       0       0       0               0D   3122
     100    3353       0       1       0       0    3121       000010001D   3123
     100       1       0       2       0       0       0               0D   3124
     110    3355       0       1       0       0       0       000010001D   3125
     110       1       0       2       0       0       0               0D   3126
     102    3357       0       1       0       0       0       000010001D   3127
     102       1       0       1       0       0       0               0D   3128
     142    3358       0       1       0       0       0       000010001D   3129
     142       1       0       1       0       0       0               0D   3130
     144    3359       0       1       0       0       0       000000001D   3131
     144       1       0       1       0       0       0               0D   3132
     110    3360       0       1       0       0       0       000010001D   3133
     110       1       0       2       0       0       0               0D   3134
     122    3362       0       1       0       0       0       000010001D   3135
     122       1       0       1       0       0       0               0D   3136
     126    3363       0       1       0       0       0       000010501D   3137
     126       1       0       2       0       0       0               0D   3138
     126    3365       0       1       0       0       0       000010501D   3139
     126       1       0       2       0       0       0               0D   3140
     126    3367       0       1       0       0       0       000010501D   3141
     126       1       0       2       0       0       0               0D   3142
     126    3369       0       1       0       0       0       000010501D   3143
     126       1       0       2       0       0       0               0D   3144
     102    3371       0       1       0       0       0       000010501D   3145
     102       1       0       1       0       0       0               0D   3146
     110    3372       0       1       0       0       0       000010001D   3147
     110       1       0       2       0       0       0               0D   3148
     110    3374       0       1       0       0       0       000010001D   3149
     110       1       0       2       0       0       0               0D   3150
     110    3376       0       1       0       0       0       000010001D   3151
     110       1       0       2       0       0       0               0D   3152
     110    3378       0       1       0       0       0       000010001D   3153
     110       1       0       2       0       0       0               0D   3154
     102    3380       0       1       0       0       0       000010001D   3155
     102       1       0       1       0       0       0               0D   3156
     142    3381       0       1       0       0       0       000010001D   3157
     142       1       0       1       0       0       0               0D   3158
     144    3382       0       1       0       0       0       000000001D   3159
     144       1       0       1       0       0       0               0D   3160
     110    3383       0       1       0       0       0       000010001D   3161
     110       1       0       1       0       0       0               0D   3162
     110    3384       0       1       0       0       0       000010001D   3163
     110       1       0       1       0       0       0               0D   3164
     120    3385       0       1       0       0       0       000010001D   3165
     120       1       0       1       0       0       0               0D   3166
     126    3386       0       1       0       0       0       000010501D   3167
     126       1       0       3       0       0       0               0D   3168
     126    3389       0       1       0       0       0       000010501D   3169
     126       1       0       4       0       0       0               0D   3170
     126    3393       0       1       0       0       0       000010501D   3171
     126       1       0       3       0       0       0               0D   3172
     126    3396       0       1       0       0       0       000010501D   3173
     126       1       0       4       0       0       0               0D   3174
     102    3400       0       1       0       0       0       000010501D   3175
     102       1       0       1       0       0       0               0D   3176
     110    3401       0       1       0       0       0       000010001D   3177
     110       1       0       1       0       0       0               0D   3178
     124    3402       0       1       0       0       0       000010001D   3179
     124       1       0       1       0       0       0               0D   3180
     100    3403       0       1       0       0    3179       000010001D   3181
     100       1       0       1       0       0       0               0D   3182
     110    3404       0       1       0       0       0       000010001D   3183
     110       1       0       2       0       0       0               0D   3184
     124    3406       0       1       0       0       0       000010001D   3185
     124       1       0       1       0       0       0               0D   3186
     100    3407       0       1       0       0    3185       000010001D   3187
     100       1       0       1       0       0       0               0D   3188
     102    3408       0       1       0       0       0       000010001D   3189
     102       1       0       1       0       0       0               0D   3190
     142    3409       0       1       0       0       0       000010001D   3191
     142       1       0       1       0       0       0               0D   3192
     144    3410       0       1       0       0       0       000000001D   3193
     144       1       0       1       0       0       0               0D   3194
     110    3411       0       1       0       0       0       000010001D   3195
     110       1       0       2       0       0       0               0D   3196
     122    3413       0       1       0       0       0       000010001D   3197
     122       1       0       1       0       0       0               0D   3198
     126    3414       0       1       0       0       0       000010501D   3199
     126       1       0       2       0       0       0               0D   3200
     126    3416       0       1       0       0       0       000010501D   3201
     126       1       0       2       0       0       0               0D   3202
     126    3418       0       1       0       0       0       000010501D   3203
     126       1       0       2       0       0       0               0D   3204
     126    3420       0       1       0       0       0       000010501D   3205
     126       1       0       2       0       0       0               0D   3206
     102    3422       0       1       0       0       0       000010501D   3207
     102       1       0       1       0       0       0               0D   3208
     110    3423       0       1       0       0       0       000010001D   3209
     110       1       0       2       0       0       0               0D   3210
     110    3425       0       1       0       0       0       000010001D   3211
     110       1       0       2       0       0       0               0D   3212
     110    3427       0       1       0       0       0       000010001D   3213
     110       1       0       2       0       0       0               0D   3214
     110    3429       0       1       0       0       0       000010001D   3215
     110       1       0       2       0       0       0               0D   3216
     102    3431       0       1       0       0       0       000010001D   3217
     102       1       0       1       0       0       0               0D   3218
     142    3432       0       1       0       0       0       000010001D   3219
     142       1       0       1       0       0       0               0D   3220
     144    3433       0       1       0       0       0       000000001D   3221
     144       1       0       1       0       0       0               0D   3222
     110    3434       0       1       0       0       0       000010001D   3223
     110       1       0       1       0       0       0               0D   3224
     110    3435       0       1       0       0       0       000010001D   3225
     110       1       0       1       0       0       0               0D   3226
     120    3436       0       1       0       0       0       000010001D   3227
     120       1       0       1       0       0       0               0D   3228
     126    3437       0       1       0       0       0       000010501D   3229
     126       1       0       4       0       0       0               0D   3230
     126    3441       0       1       0       0       0       000010501D   3231
     126       1       0       3       0       0       0               0D   3232
     126    3444       0       1       0       0       0       000010501D   3233
     126       1       0       4       0       0       0               0D   3234
     126    3448       0       1       0       0       0       000010501D   3235
     126       1       0       3       0       0       0               0D   3236
     102    3451       0       1       0       0       0       000010501D   3237
     102       1       0       1       0       0       0               0D   3238
     124    3452       0       1       0       0       0       000010001D   3239
     124       1       0       1       0       0       0               0D   3240
     100    3453       0       1       0       0    3239       000010001D   3241
     100       1       0       2       0       0       0               0D   3242
     110    3455       0       1       0       0       0       000010001D   3243
     110       1       0       2       0       0       0               0D   3244
     124    3457       0       1       0       0       0       000010001D   3245
     124       1       0       1       0       0       0               0D   3246
     100    3458       0       1       0       0    3245       000010001D   3247
     100       1       0       2       0       0       0               0D   3248
     110    3460       0       1       0       0       0       000010001D   3249
     110       1       0       2       0       0       0               0D   3250
     102    3462       0       1       0       0       0       000010001D   3251
     102       1       0       1       0       0       0               0D   3252
     142    3463       0       1       0       0       0       000010001D   3253
     142       1       0       1       0       0       0               0D   3254
     144    3464       0       1       0       0       0       000000001D   3255
     144       1       0       1       0       0       0               0D   3256
     110    3465       0       1       0       0       0       000010001D   3257
     110       1       0       1       0       0       0               0D   3258
     122    3466       0       1       0       0       0       000010001D   3259
     122       1       0       1       0       0       0               0D   3260
     126    3467       0       1       0       0       0       000010501D   3261
     126       1       0       3       0       0       0               0D   3262
     126    3470       0       1       0       0       0       000010501D   3263
     126       1       0      11       0       0       0               0D   3264
     126    3481       0       1       0       0       0       000010501D   3265
     126       1       0       3       0       0       0               0D   3266
     126    3484       0       1       0       0       0       000010501D   3267
     126       1       0      12       0       0       0               0D   3268
     126    3496       0       1       0       0       0       000010501D   3269
     126       1       0       4       0       0       0               0D   3270
     126    3500       0       1       0       0       0       000010501D   3271
     126       1       0       3       0       0       0               0D   3272
     126    3503       0       1       0       0       0       000010501D   3273
     126       1       0      12       0       0       0               0D   3274
     102    3515       0       1       0       0       0       000010501D   3275
     102       1       0       1       0       0       0               0D   3276
     110    3516       0       1       0       0       0       000010001D   3277
     110       1       0       2       0       0       0               0D   3278
     124    3518       0       1       0       0       0       000010001D   3279
     124       1       0       1       0       0       0               0D   3280
     100    3519       0       1       0       0    3279       000010001D   3281
     100       1       0       2       0       0       0               0D   3282
     110    3521       0       1       0       0       0       000010001D   3283
     110       1       0       2       0       0       0               0D   3284
     124    3523       0       1       0       0       0       000010001D   3285
     124       1       0       1       0       0       0               0D   3286
     100    3524       0       1       0       0    3285       000010001D   3287
     100       1       0       1       0       0       0               0D   3288
     124    3525       0       1       0       0       0       000010001D   3289
     124       1       0       1       0       0       0               0D   3290
     100    3526       0       1       0       0    3289       000010001D   3291
     100       1       0       1       0       0       0               0D   3292
     110    3527       0       1       0       0       0       000010001D   3293
     110       1       0       2       0       0       0               0D   3294
     124    3529       0       1       0       0       0       000010001D   3295
     124       1       0       1       0       0       0               0D   3296
     100    3530       0       1       0       0    3295       000010001D   3297
     100       1       0       2       0       0       0               0D   3298
     102    3532       0       1       0       0       0       000010001D   3299
     102       1       0       1       0       0       0               0D   3300
     142    3533       0       1       0       0       0       000010001D   3301
     142       1       0       1       0       0       0               0D   3302
     144    3534       0       1       0       0       0       000000001D   3303
     144       1       0       1       0       0       0               0D   3304
     110    3535       0       1       0       0       0       000010001D   3305
     110       1       0       2       0       0       0               0D   3306
     122    3537       0       1       0       0       0       000010001D   3307
     122       1       0       1       0       0       0               0D   3308
     126    3538       0       1       0       0       0       000010501D   3309
     126       1       0       6       0       0       0               0D   3310
     126    3544       0       1       0       0       0       000010501D   3311
     126       1       0       3       0       0       0               0D   3312
     126    3547       0       1       0       0       0       000010501D   3313
     126       1       0       6       0       0       0               0D   3314
     126    3553       0       1       0       0       0       000010501D   3315
     126       1       0       4       0       0       0               0D   3316
     102    3557       0       1       0       0       0       000010501D   3317
     102       1       0       1       0       0       0               0D   3318
     124    3558       0       1       0       0       0       000010001D   3319
     124       1       0       2       0       0       0               0D   3320
     104    3560       0       1       0       0    3319       000010001D   3321
     104       1       0       3       1       0       0               0D   3322
     110    3563       0       1       0       0       0       000010001D   3323
     110       1       0       1       0       0       0               0D   3324
     124    3564       0       1       0       0       0       000010001D   3325
     124       1       0       3       0       0       0               0D   3326
     104    3567       0       1       0       0    3325       000010001D   3327
     104       1       0       3       1       0       0               0D   3328
     110    3570       0       1       0       0       0       000010001D   3329
     110       1       0       2       0       0       0               0D   3330
     102    3572       0       1       0       0       0       000010001D   3331
     102       1       0       1       0       0       0               0D   3332
     142    3573       0       1       0       0       0       000010001D   3333
     142       1       0       1       0       0       0               0D   3334
     144    3574       0       1       0       0       0       000000001D   3335
     144       1       0       1       0       0       0               0D   3336
     110    3575       0       1       0       0       0       000010001D   3337
     110       1       0       2       0       0       0               0D   3338
     122    3577       0       1       0       0       0       000010001D   3339
     122       1       0       1       0       0       0               0D   3340
     126    3578       0       1       0       0       0       000010501D   3341
     126       1       0       4       0       0       0               0D   3342
     126    3582       0       1       0       0       0       000010501D   3343
     126       1       0       7       0       0       0               0D   3344
     126    3589       0       1       0       0       0       000010501D   3345
     126       1       0       4       0       0       0               0D   3346
     126    3593       0       1       0       0       0       000010501D   3347
     126       1       0      11       0       0       0               0D   3348
     126    3604       0       1       0       0       0       000010501D   3349
     126       1       0       3       0       0       0               0D   3350
     126    3607       0       1       0       0       0       000010501D   3351
     126       1       0       3       0       0       0               0D   3352
     102    3610       0       1       0       0       0       000010501D   3353
     102       1       0       1       0       0       0               0D   3354
     110    3611       0       1       0       0       0       000010001D   3355
     110       1       0       2       0       0       0               0D   3356
     124    3613       0       1       0       0       0       000010001D   3357
     124       1       0       3       0       0       0               0D   3358
     104    3616       0       1       0       0    3357       000010001D   3359
     104       1       0       3       1       0       0               0D   3360
     110    3619       0       1       0       0       0       000010001D   3361
     110       1       0       2       0       0       0               0D   3362
     124    3621       0       1       0       0       0       000010001D   3363
     124       1       0       3       0       0       0               0D   3364
     104    3624       0       1       0       0    3363       000010001D   3365
     104       1       0       2       1       0       0               0D   3366
     110    3626       0       1       0       0       0       000010001D   3367
     110       1       0       2       0       0       0               0D   3368
     110    3628       0       1       0       0       0       000010001D   3369
     110       1       0       2       0       0       0               0D   3370
     102    3630       0       1       0       0       0       000010001D   3371
     102       1       0       1       0       0       0               0D   3372
     142    3631       0       1       0       0       0       000010001D   3373
     142       1       0       1       0       0       0               0D   3374
     144    3632       0       1       0       0       0       000000001D   3375
     144       1       0       1       0       0       0               0D   3376
     110    3633       0       1       0       0       0       000010001D   3377
     110       1       0       1       0       0       0               0D   3378
     110    3634       0       1       0       0       0       000010001D   3379
     110       1       0       2       0       0       0               0D   3380
     120    3636       0       1       0       0       0       000010001D   3381
     120       1       0       1       0       0       0               0D   3382
     126    3637       0       1       0       0       0       000010501D   3383
     126       1       0       5       0       0       0               0D   3384
     126    3642       0       1       0       0       0       000010501D   3385
     126       1       0       3       0       0       0               0D   3386
     126    3645       0       1       0       0       0       000010501D   3387
     126       1       0       4       0       0       0               0D   3388
     126    3649       0       1       0       0       0       000010501D   3389
     126       1       0       8       0       0       0               0D   3390
     126    3657       0       1       0       0       0       000010501D   3391
     126       1       0       4       0       0       0               0D   3392
     126    3661       0       1       0       0       0       000010501D   3393
     126       1       0       7       0       0       0               0D   3394
     102    3668       0       1       0       0       0       000010501D   3395
     102       1       0       1       0       0       0               0D   3396
     124    3669       0       1       0       0       0       000010001D   3397
     124       1       0       3       0       0       0               0D   3398
     104    3672       0       1       0       0    3397       000010001D   3399
     104       1       0       3       1       0       0               0D   3400
     110    3675       0       1       0       0       0       000010001D   3401
     110       1       0       2       0       0       0               0D   3402
     124    3677       0       1       0       0       0       000010001D   3403
     124       1       0       1       0       0       0               0D   3404
     100    3678       0       1       0       0    3403       000010001D   3405
     100       1       0       2       0       0       0               0D   3406
     126    3680       0       1       0       0       0       000010001D   3407
     126       1       0       9       0       0       0               0D   3408
     110    3689       0       1       0       0       0       000010001D   3409
     110       1       0       2       0       0       0               0D   3410
     126    3691       0       1       0       0       0       000010001D   3411
     126       1       0       7       0       0       0               0D   3412
     102    3698       0       1       0       0       0       000010001D   3413
     102       1       0       1       0       0       0               0D   3414
     142    3699       0       1       0       0       0       000010001D   3415
     142       1       0       1       0       0       0               0D   3416
     144    3700       0       1       0       0       0       000000001D   3417
     144       1       0       1       0       0       0               0D   3418
     110    3701       0       1       0       0       0       000010001D   3419
     110       1       0       1       0       0       0               0D   3420
     122    3702       0       1       0       0       0       000010001D   3421
     122       1       0       1       0       0       0               0D   3422
     126    3703       0       1       0       0       0       000010501D   3423
     126       1       0       2       0       0       0               0D   3424
     126    3705       0       1       0       0       0       000010501D   3425
     126       1       0       2       0       0       0               0D   3426
     126    3707       0       1       0       0       0       000010501D   3427
     126       1       0       2       0       0       0               0D   3428
     126    3709       0       1       0       0       0       000010501D   3429
     126       1       0       2       0       0       0               0D   3430
     102    3711       0       1       0       0       0       000010501D   3431
     102       1       0       1       0       0       0               0D   3432
     110    3712       0       1       0       0       0       000010001D   3433
     110       1       0       1       0       0       0               0D   3434
     110    3713       0       1       0       0       0       000010001D   3435
     110       1       0       1       0       0       0               0D   3436
     110    3714       0       1       0       0       0       000010001D   3437
     110       1       0       1       0       0       0               0D   3438
     110    3715       0       1       0       0       0       000010001D   3439
     110       1       0       1       0       0       0               0D   3440
     102    3716       0       1       0       0       0       000010001D   3441
     102       1       0       1       0       0       0               0D   3442
     142    3717       0       1       0       0       0       000010001D   3443
     142       1       0       1       0       0       0               0D   3444
     144    3718       0       1       0       0       0       000000001D   3445
     144       1       0       1       0       0       0               0D   3446
     110    3719       0       1       0       0       0       000010001D   3447
     110       1       0       1       0       0       0               0D   3448
     122    3720       0       1       0       0       0       000010001D   3449
     122       1       0       1       0       0       0               0D   3450
     126    3721       0       1       0       0       0       000010501D   3451
     126       1       0       3       0       0       0               0D   3452
     126    3724       0       1       0       0       0       000010501D   3453
     126       1       0       2       0       0       0               0D   3454
     126    3726       0       1       0       0       0       000010501D   3455
     126       1       0       2       0       0       0               0D   3456
     126    3728       0       1       0       0       0       000010501D   3457
     126       1       0       2       0       0       0               0D   3458
     102    3730       0       1       0       0       0       000010501D   3459
     102       1       0       1       0       0       0               0D   3460
     110    3731       0       1       0       0       0       000010001D   3461
     110       1       0       1       0       0       0               0D   3462
     110    3732       0       1       0       0       0       000010001D   3463
     110       1       0       1       0       0       0               0D   3464
     110    3733       0       1       0       0       0       000010001D   3465
     110       1       0       1       0       0       0               0D   3466
     110    3734       0       1       0       0       0       000010001D   3467
     110       1       0       1       0       0       0               0D   3468
     102    3735       0       1       0       0       0       000010001D   3469
     102       1       0       1       0       0       0               0D   3470
     142    3736       0       1       0       0       0       000010001D   3471
     142       1       0       1       0       0       0               0D   3472
     144    3737       0       1       0       0       0       000000001D   3473
     144       1       0       1       0       0       0               0D   3474
     110    3738       0       1       0       0       0       000010001D   3475
     110       1       0       1       0       0       0               0D   3476
     122    3739       0       1       0       0       0       000010001D   3477
     122       1       0       1       0       0       0               0D   3478
     126    3740       0       1       0       0       0       000010501D   3479
     126       1       0       2       0       0       0               0D   3480
     126    3742       0       1       0       0       0       000010501D   3481
     126       1       0       2       0       0       0               0D   3482
     126    3744       0       1       0       0       0       000010501D   3483
     126       1       0       2       0       0       0               0D   3484
     126    3746       0       1       0       0       0       000010501D   3485
     126       1       0       2       0       0       0               0D   3486
     102    3748       0       1       0       0       0       000010501D   3487
     102       1       0       1       0       0       0               0D   3488
     110    3749       0       1       0       0       0       000010001D   3489
     110       1       0       1       0       0       0               0D   3490
     110    3750       0       1       0       0       0       000010001D   3491
     110       1       0       1       0       0       0               0D   3492
     110    3751       0       1       0       0       0       000010001D   3493
     110       1       0       1       0       0       0               0D   3494
     110    3752       0       1       0       0       0       000010001D   3495
     110       1       0       1       0       0       0               0D   3496
     102    3753       0       1       0       0       0       000010001D   3497
     102       1       0       1       0       0       0               0D   3498
     142    3754       0       1       0       0       0       000010001D   3499
     142       1       0       1       0       0       0               0D   3500
     144    3755       0       1       0       0       0       000000001D   3501
     144       1       0       1       0       0       0               0D   3502
     110    3756       0       1       0       0       0       000010001D   3503
     110       1       0       1       0       0       0               0D   3504
     122    3757       0       1       0       0       0       000010001D   3505
     122       1       0       1       0       0       0               0D   3506
     126    3758       0       1       0       0       0       000010501D   3507
     126       1       0       3       0       0       0               0D   3508
     126    3761       0       1       0       0       0       000010501D   3509
     126       1       0       2       0       0       0               0D   3510
     126    3763       0       1       0       0       0       000010501D   3511
     126       1       0       2       0       0       0               0D   3512
     126    3765       0       1       0       0       0       000010501D   3513
     126       1       0       2       0       0       0               0D   3514
     102    3767       0       1       0       0       0       000010501D   3515
     102       1       0       1       0       0       0               0D   3516
     110    3768       0       1       0       0       0       000010001D   3517
     110       1       0       1       0       0       0               0D   3518
     110    3769       0       1       0       0       0       000010001D   3519
     110       1       0       1       0       0       0               0D   3520
     110    3770       0       1       0       0       0       000010001D   3521
     110       1       0       1       0       0       0               0D   3522
     110    3771       0       1       0       0       0       000010001D   3523
     110       1       0       1       0       0       0               0D   3524
     102    3772       0       1       0       0       0       000010001D   3525
     102       1       0       1       0       0       0               0D   3526
     142    3773       0       1       0       0       0       000010001D   3527
     142       1       0       1       0       0       0               0D   3528
     144    3774       0       1       0       0       0       000000001D   3529
     144       1       0       1       0       0       0               0D   3530
     110    3775       0       1       0       0       0       000010001D   3531
     110       1       0       1       0       0       0               0D   3532
     122    3776       0       1       0       0       0       000010001D   3533
     122       1       0       1       0       0       0               0D   3534
     126    3777       0       1       0       0       0       000010501D   3535
     126       1       0       2       0       0       0               0D   3536
     126    3779       0       1       0       0       0       000010501D   3537
     126       1       0       2       0       0       0               0D   3538
     126    3781       0       1       0       0       0       000010501D   3539
     126       1       0       2       0       0       0               0D   3540
     126    3783       0       1       0       0       0       000010501D   3541
     126       1       0       2       0       0       0               0D   3542
     102    3785       0       1       0       0       0       000010501D   3543
     102       1       0       1       0       0       0               0D   3544
     110    3786       0       1       0       0       0       000010001D   3545
     110       1       0       1       0       0       0               0D   3546
     110    3787       0       1       0       0       0       000010001D   3547
     110       1       0       1       0       0       0               0D   3548
     110    3788       0       1       0       0       0       000010001D   3549
     110       1       0       1       0       0       0               0D   3550
     110    3789       0       1       0       0       0       000010001D   3551
     110       1       0       1       0       0       0               0D   3552
     102    3790       0       1       0       0       0       000010001D   3553
     102       1       0       1       0       0       0               0D   3554
     142    3791       0       1       0       0       0       000010001D   3555
     142       1       0       1       0       0       0               0D   3556
     144    3792       0       1       0       0       0       000000001D   3557
     144       1       0       1       0       0       0               0D   3558
     110    3793       0       1       0       0       0       000010001D   3559
     110       1       0       1       0       0       0               0D   3560
     122    3794       0       1       0       0       0       000010001D   3561
     122       1       0       1       0       0       0               0D   3562
     126    3795       0       1       0       0       0       000010501D   3563
     126       1       0       3       0       0       0               0D   3564
     126    3798       0       1       0       0       0       000010501D   3565
     126       1       0       2       0       0       0               0D   3566
     126    3800       0       1       0       0       0       000010501D   3567
     126       1       0       2       0       0       0               0D   3568
     126    3802       0       1       0       0       0       000010501D   3569
     126       1       0       2       0       0       0               0D   3570
     102    3804       0       1       0       0       0       000010501D   3571
     102       1       0       1       0       0       0               0D   3572
     110    3805       0       1       0       0       0       000010001D   3573
     110       1       0       1       0       0       0               0D   3574
     110    3806       0       1       0       0       0       000010001D   3575
     110       1       0       1       0       0       0               0D   3576
     110    3807       0       1       0       0       0       000010001D   3577
     110       1       0       1       0       0       0               0D   3578
     110    3808       0       1       0       0       0       000010001D   3579
     110       1       0       1       0       0       0               0D   3580
     102    3809       0       1       0       0       0       000010001D   3581
     102       1       0       1       0       0       0               0D   3582
     142    3810       0       1       0       0       0       000010001D   3583
     142       1       0       1       0       0       0               0D   3584
     144    3811       0       1       0       0       0       000000001D   3585
     144       1       0       1       0       0       0               0D   3586
     110    3812       0       1       0       0       0       000010001D   3587
     110       1       0       1       0       0       0               0D   3588
     122    3813       0       1       0       0       0       000010001D   3589
     122       1       0       1       0       0       0               0D   3590
     126    3814       0       1       0       0       0       000010501D   3591
     126       1       0       4       0       0       0               0D   3592
     126    3818       0       1       0       0       0       000010501D   3593
     126       1       0       5       0       0       0               0D   3594
     126    3823       0       1       0       0       0       000010501D   3595
     126       1       0       5       0       0       0               0D   3596
     126    3828       0       1       0       0       0       000010501D   3597
     126       1       0       3       0       0       0               0D   3598
     126    3831       0       1       0       0       0       000010501D   3599
     126       1       0       2       0       0       0               0D   3600
     126    3833       0       1       0       0       0       000010501D   3601
     126       1       0       2       0       0       0               0D   3602
     102    3835       0       1       0       0       0       000010501D   3603
     102       1       0       1       0       0       0               0D   3604
     110    3836       0       1       0       0       0       000010001D   3605
     110       1       0       1       0       0       0               0D   3606
     124    3837       0       1       0       0       0       000010001D   3607
     124       1       0       1       0       0       0               0D   3608
     100    3838       0       1       0       0    3607       000010001D   3609
     100       1       0       1       0       0       0               0D   3610
     124    3839       0       1       0       0       0       000010001D   3611
     124       1       0       1       0       0       0               0D   3612
     100    3840       0       1       0       0    3611       000010001D   3613
     100       1       0       1       0       0       0               0D   3614
     110    3841       0       1       0       0       0       000010001D   3615
     110       1       0       1       0       0       0               0D   3616
     110    3842       0       1       0       0       0       000010001D   3617
     110       1       0       1       0       0       0               0D   3618
     110    3843       0       1       0       0       0       000010001D   3619
     110       1       0       1       0       0       0               0D   3620
     102    3844       0       1       0       0       0       000010001D   3621
     102       1       0       1       0       0       0               0D   3622
     142    3845       0       1       0       0       0       000010001D   3623
     142       1       0       1       0       0       0               0D   3624
     144    3846       0       1       0       0       0       000000001D   3625
     144       1       0       1       0       0       0               0D   3626
     110    3847       0       1       0       0       0       000010001D   3627
     110       1       0       1       0       0       0               0D   3628
     122    3848       0       1       0       0       0       000010001D   3629
     122       1       0       1       0       0       0               0D   3630
     126    3849       0       1       0       0       0       000010501D   3631
     126       1       0       3       0       0       0               0D   3632
     126    3852       0       1       0       0       0       000010501D   3633
     126       1       0       2       0       0       0               0D   3634
     126    3854       0       1       0       0       0       000010501D   3635
     126       1       0       2       0       0       0               0D   3636
     126    3856       0       1       0       0       0       000010501D   3637
     126       1       0       3       0       0       0               0D   3638
     126    3859       0       1       0       0       0       000010501D   3639
     126       1       0       5       0       0       0               0D   3640
     126    3864       0       1       0       0       0       000010501D   3641
     126       1       0       4       0       0       0               0D   3642
     102    3868       0       1       0       0       0       000010501D   3643
     102       1       0       1       0       0       0               0D   3644
     110    3869       0       1       0       0       0       000010001D   3645
     110       1       0       1       0       0       0               0D   3646
     110    3870       0       1       0       0       0       000010001D   3647
     110       1       0       1       0       0       0               0D   3648
     110    3871       0       1       0       0       0       000010001D   3649
     110       1       0       1       0       0       0               0D   3650
     110    3872       0       1       0       0       0       000010001D   3651
     110       1       0       1       0       0       0               0D   3652
     124    3873       0       1       0       0       0       000010001D   3653
     124       1       0       1       0       0       0               0D   3654
     100    3874       0       1       0       0    3653       000010001D   3655
     100       1       0       1       0       0       0               0D   3656
     124    3875       0       1       0       0       0       000010001D   3657
     124       1       0       1       0       0       0               0D   3658
     100    3876       0       1       0       0    3657       000010001D   3659
     100       1       0       1       0       0       0               0D   3660
     102    3877       0       1       0       0       0       000010001D   3661
     102       1       0       1       0       0       0               0D   3662
     142    3878       0       1       0       0       0       000010001D   3663
     142       1       0       1       0       0       0               0D   3664
     144    3879       0       1       0       0       0       000000001D   3665
     144       1       0       1       0       0       0               0D   3666
     110    3880       0       1       0       0       0       000010001D   3667
     110       1       0       1       0       0       0               0D   3668
     122    3881       0       1       0       0       0       000010001D   3669
     122       1       0       1       0       0       0               0D   3670
     126    3882       0       1       0       0       0       000010501D   3671
     126       1       0       2       0       0       0               0D   3672
     126    3884       0       1       0       0       0       000010501D   3673
     126       1       0       2       0       0       0               0D   3674
     126    3886       0       1       0       0       0       000010501D   3675
     126       1       0       2       0       0       0               0D   3676
     126    3888       0       1       0       0       0       000010501D   3677
     126       1       0       2       0       0       0               0D   3678
     102    3890       0       1       0       0       0       000010501D   3679
     102       1       0       1       0       0       0               0D   3680
     110    3891       0       1       0       0       0       000010001D   3681
     110       1       0       1       0       0       0               0D   3682
     110    3892       0       1       0       0       0       000010001D   3683
     110       1       0       1       0       0       0               0D   3684
     110    3893       0       1       0       0       0       000010001D   3685
     110       1       0       1       0       0       0               0D   3686
     110    3894       0       1       0       0       0       000010001D   3687
     110       1       0       1       0       0       0               0D   3688
     102    3895       0       1       0       0       0       000010001D   3689
     102       1       0       1       0       0       0               0D   3690
     142    3896       0       1       0       0       0       000010001D   3691
     142       1       0       1       0       0       0               0D   3692
     144    3897       0       1       0       0       0       000000001D   3693
     144       1       0       1       0       0       0               0D   3694
     110    3898       0       1       0       0       0       000010001D   3695
     110       1       0       1       0       0       0               0D   3696
     122    3899       0       1       0       0       0       000010001D   3697
     122       1       0       1       0       0       0               0D   3698
     126    3900       0       1       0       0       0       000010501D   3699
     126       1       0       2       0       0       0               0D   3700
     126    3902       0       1       0       0       0       000010501D   3701
     126       1       0       2       0       0       0               0D   3702
     126    3904       0       1       0       0       0       000010501D   3703
     126       1       0       2       0       0       0               0D   3704
     126    3906       0       1       0       0       0       000010501D   3705
     126       1       0       2       0       0       0               0D   3706
     102    3908       0       1       0       0       0       000010501D   3707
     102       1       0       1       0       0       0               0D   3708
     110    3909       0       1       0       0       0       000010001D   3709
     110       1       0       1       0       0       0               0D   3710
     110    3910       0       1       0       0       0       000010001D   3711
     110       1       0       1       0       0       0               0D   3712
     110    3911       0       1       0       0       0       000010001D   3713
     110       1       0       1       0       0       0               0D   3714
     110    3912       0       1       0       0       0       000010001D   3715
     110       1       0       1       0       0       0               0D   3716
     102    3913       0       1       0       0       0       000010001D   3717
     102       1       0       1       0       0       0               0D   3718
     142    3914       0       1       0       0       0       000010001D   3719
     142       1       0       1       0       0       0               0D   3720
     144    3915       0       1       0       0       0       000000001D   3721
     144       1       0       1       0       0       0               0D   3722
     110    3916       0       1       0       0       0       000010001D   3723
     110       1       0       2       0       0       0               0D   3724
     110    3918       0       1       0       0       0       000010001D   3725
     110       1       0       2       0       0       0               0D   3726
     120    3920       0       1       0       0       0       000010001D   3727
     120       1       0       1       0       0       0               0D   3728
     126    3921       0       1       0       0       0       000010501D   3729
     126       1       0       4       0       0       0               0D   3730
     126    3925       0       1       0       0       0       000010501D   3731
     126       1       0       3       0       0       0               0D   3732
     126    3928       0       1       0       0       0       000010501D   3733
     126       1       0       3       0       0       0               0D   3734
     126    3931       0       1       0       0       0       000010501D   3735
     126       1       0       3       0       0       0               0D   3736
     102    3934       0       1       0       0       0       000010501D   3737
     102       1       0       1       0       0       0               0D   3738
     124    3935       0       1       0       0       0       000010001D   3739
     124       1       0       2       0       0       0               0D   3740
     100    3937       0       1       0       0    3739       000010001D   3741
     100       1       0       2       0       0       0               0D   3742
     110    3939       0       1       0       0       0       000010001D   3743
     110       1       0       2       0       0       0               0D   3744
     124    3941       0       1       0       0       0       000010001D   3745
     124       1       0       2       0       0       0               0D   3746
     100    3943       0       1       0       0    3745       000010001D   3747
     100       1       0       2       0       0       0               0D   3748
     110    3945       0       1       0       0       0       000010001D   3749
     110       1       0       2       0       0       0               0D   3750
     102    3947       0       1       0       0       0       000010001D   3751
     102       1       0       1       0       0       0               0D   3752
     142    3948       0       1       0       0       0       000010001D   3753
     142       1       0       1       0       0       0               0D   3754
     144    3949       0       1       0       0       0       000000001D   3755
     144       1       0       1       0       0       0               0D   3756
     110    3950       0       1       0       0       0       000010001D   3757
     110       1       0       2       0       0       0               0D   3758
     122    3952       0       1       0       0       0       000010001D   3759
     122       1       0       1       0       0       0               0D   3760
     126    3953       0       1       0       0       0       000010501D   3761
     126       1       0       2       0       0       0               0D   3762
     126    3955       0       1       0       0       0       000010501D   3763
     126       1       0       2       0       0       0               0D   3764
     126    3957       0       1       0       0       0       000010501D   3765
     126       1       0       2       0       0       0               0D   3766
     126    3959       0       1       0       0       0       000010501D   3767
     126       1       0       2       0       0       0               0D   3768
     102    3961       0       1       0       0       0       000010501D   3769
     102       1       0       1       0       0       0               0D   3770
     110    3962       0       1       0       0       0       000010001D   3771
     110       1       0       1       0       0       0               0D   3772
     110    3963       0       1       0       0       0       000010001D   3773
     110       1       0       2       0       0       0               0D   3774
     110    3965       0       1       0       0       0       000010001D   3775
     110       1       0       2       0       0       0               0D   3776
     110    3967       0       1       0       0       0       000010001D   3777
     110       1       0       1       0       0       0               0D   3778
     102    3968       0       1       0       0       0       000010001D   3779
     102       1       0       1       0       0       0               0D   3780
     142    3969       0       1       0       0       0       000010001D   3781
     142       1       0       1       0       0       0               0D   3782
     144    3970       0       1       0       0       0       000000001D   3783
     144       1       0       1       0       0       0               0D   3784
     110    3971       0       1       0       0       0       000010001D   3785
     110       1       0       1       0       0       0               0D   3786
     110    3972       0       1       0       0       0       000010001D   3787
     110       1       0       1       0       0       0               0D   3788
     120    3973       0       1       0       0       0       000010001D   3789
     120       1       0       1       0       0       0               0D   3790
     126    3974       0       1       0       0       0       000010501D   3791
     126       1       0       4       0       0       0               0D   3792
     126    3978       0       1       0       0       0       000010501D   3793
     126       1       0       3       0       0       0               0D   3794
     126    3981       0       1       0       0       0       000010501D   3795
     126       1       0       3       0       0       0               0D   3796
     126    3984       0       1       0       0       0       000010501D   3797
     126       1       0       3       0       0       0               0D   3798
     102    3987       0       1       0       0       0       000010501D   3799
     102       1       0       1       0       0       0               0D   3800
     124    3988       0       1       0       0       0       000010001D   3801
     124       1       0       1       0       0       0               0D   3802
     100    3989       0       1       0       0    3801       000010001D   3803
     100       1       0       1       0       0       0               0D   3804
     110    3990       0       1       0       0       0       000010001D   3805
     110       1       0       1       0       0       0               0D   3806
     124    3991       0       1       0       0       0       000010001D   3807
     124       1       0       1       0       0       0               0D   3808
     100    3992       0       1       0       0    3807       000010001D   3809
     100       1       0       1       0       0       0               0D   3810
     110    3993       0       1       0       0       0       000010001D   3811
     110       1       0       1       0       0       0               0D   3812
     102    3994       0       1       0       0       0       000010001D   3813
     102       1       0       1       0       0       0               0D   3814
     142    3995       0       1       0       0       0       000010001D   3815
     142       1       0       1       0       0       0               0D   3816
     144    3996       0       1       0       0       0       000000001D   3817
     144       1       0       1       0       0       0               0D   3818
     110    3997       0       1       0       0       0       000010001D   3819
     110       1       0       1       0       0       0               0D   3820
     122    3998       0       1       0       0       0       000010001D   3821
     122       1       0       1       0       0       0               0D   3822
     126    3999       0       1       0       0       0       000010501D   3823
     126       1       0       2       0       0       0               0D   3824
     126    4001       0       1       0       0       0       000010501D   3825
     126       1       0       2       0       0       0               0D   3826
     126    4003       0       1       0       0       0       000010501D   3827
     126       1       0       2       0       0       0               0D   3828
     126    4005       0       1       0       0       0       000010501D   3829
     126       1       0       2       0       0       0               0D   3830
     102    4007       0       1       0       0       0       000010501D   3831
     102       1       0       1       0       0       0               0D   3832
     110    4008       0       1       0       0       0       000010001D   3833
     110       1       0       1       0       0       0               0D   3834
     110    4009       0       1       0       0       0       000010001D   3835
     110       1       0       1       0       0       0               0D   3836
     110    4010       0       1       0       0       0       000010001D   3837
     110       1       0       2       0       0       0               0D   3838
     110    4012       0       1       0       0       0       000010001D   3839
     110       1       0       2       0       0       0               0D   3840
     102    4014       0       1       0       0       0       000010001D   3841
     102       1       0       1       0       0       0               0D   3842
     142    4015       0       1       0       0       0       000010001D   3843
     142       1       0       1       0       0       0               0D   3844
     144    4016       0       1       0       0       0       000000001D   3845
     144       1       0       1       0       0       0               0D   3846
     110    4017       0       1       0       0       0       000010001D   3847
     110       1       0       2       0       0       0               0D   3848
     110    4019       0       1       0       0       0       000010001D   3849
     110       1       0       1       0       0       0               0D   3850
     120    4020       0       1       0       0       0       000010001D   3851
     120       1       0       1       0       0       0               0D   3852
     126    4021       0       1       0       0       0       000010501D   3853
     126       1       0       4       0       0       0               0D   3854
     126    4025       0       1       0       0       0       000010501D   3855
     126       1       0       3       0       0       0               0D   3856
     126    4028       0       1       0       0       0       000010501D   3857
     126       1       0       4       0       0       0               0D   3858
     126    4032       0       1       0       0       0       000010501D   3859
     126       1       0       3       0       0       0               0D   3860
     102    4035       0       1       0       0       0       000010501D   3861
     102       1       0       1       0       0       0               0D   3862
     124    4036       0       1       0       0       0       000010001D   3863
     124       1       0       1       0       0       0               0D   3864
     100    4037       0       1       0       0    3863       000010001D   3865
     100       1       0       1       0       0       0               0D   3866
     110    4038       0       1       0       0       0       000010001D   3867
     110       1       0       2       0       0       0               0D   3868
     124    4040       0       1       0       0       0       000010001D   3869
     124       1       0       1       0       0       0               0D   3870
     100    4041       0       1       0       0    3869       000010001D   3871
     100       1       0       2       0       0       0               0D   3872
     110    4043       0       1       0       0       0       000010001D   3873
     110       1       0       2       0       0       0               0D   3874
     102    4045       0       1       0       0       0       000010001D   3875
     102       1       0       1       0       0       0               0D   3876
     142    4046       0       1       0       0       0       000010001D   3877
     142       1       0       1       0       0       0               0D   3878
     144    4047       0       1       0       0       0       000000001D   3879
     144       1       0       1       0       0       0               0D   3880
     110    4048       0       1       0       0       0       000010001D   3881
     110       1       0       2       0       0       0               0D   3882
     122    4050       0       1       0       0       0       000010001D   3883
     122       1       0       1       0       0       0               0D   3884
     126    4051       0       1       0       0       0       000010501D   3885
     126       1       0       2       0       0       0               0D   3886
     126    4053       0       1       0       0       0       000010501D   3887
     126       1       0       2       0       0       0               0D   3888
     126    4055       0       1       0       0       0       000010501D   3889
     126       1       0       2       0       0       0               0D   3890
     126    4057       0       1       0       0       0       000010501D   3891
     126       1       0       3       0       0       0               0D   3892
     102    4060       0       1       0       0       0       000010501D   3893
     102       1       0       1       0       0       0               0D   3894
     110    4061       0       1       0       0       0       000010001D   3895
     110       1       0       1       0       0       0               0D   3896
     110    4062       0       1       0       0       0       000010001D   3897
     110       1       0       2       0       0       0               0D   3898
     110    4064       0       1       0       0       0       000010001D   3899
     110       1       0       2       0       0       0               0D   3900
     110    4066       0       1       0       0       0       000010001D   3901
     110       1       0       2       0       0       0               0D   3902
     102    4068       0       1       0       0       0       000010001D   3903
     102       1       0       1       0       0       0               0D   3904
     142    4069       0       1       0       0       0       000010001D   3905
     142       1       0       1       0       0       0               0D   3906
     144    4070       0       1       0       0       0       000000001D   3907
     144       1       0       1       0       0       0               0D   3908
     110    4071       0       1       0       0       0       000010001D   3909
     110       1       0       2       0       0       0               0D   3910
     122    4073       0       1       0       0       0       000010001D   3911
     122       1       0       1       0       0       0               0D   3912
     126    4074       0       1       0       0       0       000010501D   3913
     126       1       0       3       0       0       0               0D   3914
     126    4077       0       1       0       0       0       000010501D   3915
     126       1       0       3       0       0       0               0D   3916
     126    4080       0       1       0       0       0       000010501D   3917
     126       1       0       4       0       0       0               0D   3918
     126    4084       0       1       0       0       0       000010501D   3919
     126       1       0       3       0       0       0               0D   3920
     102    4087       0       1       0       0       0       000010501D   3921
     102       1       0       1       0       0       0               0D   3922
     110    4088       0       1       0       0       0       000010001D   3923
     110       1       0       1       0       0       0               0D   3924
     110    4089       0       1       0       0       0       000010001D   3925
     110       1       0       2       0       0       0               0D   3926
     110    4091       0       1       0       0       0       000010001D   3927
     110       1       0       2       0       0       0               0D   3928
     110    4093       0       1       0       0       0       000010001D   3929
     110       1       0       2       0       0       0               0D   3930
     102    4095       0       1       0       0       0       000010001D   3931
     102       1       0       1       0       0       0               0D   3932
     142    4096       0       1       0       0       0       000010001D   3933
     142       1       0       1       0       0       0               0D   3934
     144    4097       0       1       0       0       0       000000001D   3935
     144       1       0       1       0       0       0               0D   3936
     110    4098       0       1       0       0       0       000010001D   3937
     110       1       0       2       0       0       0               0D   3938
     122    4100       0       1       0       0       0       000010001D   3939
     122       1       0       1       0       0       0               0D   3940
     126    4101       0       1       0       0       0       000010501D   3941
     126       1       0       3       0       0       0               0D   3942
     126    4104       0       1       0       0       0       000010501D   3943
     126       1       0       3       0       0       0               0D   3944
     126    4107       0       1       0       0       0       000010501D   3945
     126       1       0       3       0       0       0               0D   3946
     126    4110       0       1       0       0       0       000010501D   3947
     126       1       0       2       0       0       0               0D   3948
     102    4112       0       1       0       0       0       000010501D   3949
     102       1       0       1       0       0       0               0D   3950
     110    4113       0       1       0       0       0       000010001D   3951
     110       1       0       1       0       0       0               0D   3952
     110    4114       0       1       0       0       0       000010001D   3953
     110       1       0       2       0       0       0               0D   3954
     110    4116       0       1       0       0       0       000010001D   3955
     110       1       0       2       0       0       0               0D   3956
     110    4118       0       1       0       0       0       000010001D   3957
     110       1       0       2       0       0       0               0D   3958
     102    4120       0       1       0       0       0       000010001D   3959
     102       1       0       1       0       0       0               0D   3960
     142    4121       0       1       0       0       0       000010001D   3961
     142       1       0       1       0       0       0               0D   3962
     144    4122       0       1       0       0       0       000000001D   3963
     144       1       0       1       0       0       0               0D   3964
     110    4123       0       1       0       0       0       000010001D   3965
     110       1       0       1       0       0       0               0D   3966
     110    4124       0       1       0       0       0       000010001D   3967
     110       1       0       1       0       0       0               0D   3968
     120    4125       0       1       0       0       0       000010001D   3969
     120       1       0       1       0       0       0               0D   3970
     126    4126       0       1       0       0       0       000010501D   3971
     126       1       0       4       0       0       0               0D   3972
     126    4130       0       1       0       0       0       000010501D   3973
     126       1       0       3       0       0       0               0D   3974
     126    4133       0       1       0       0       0       000010501D   3975
     126       1       0       3       0       0       0               0D   3976
     126    4136       0       1       0       0       0       000010501D   3977
     126       1       0       3       0       0       0               0D   3978
     102    4139       0       1       0       0       0       000010501D   3979
     102       1       0       1       0       0       0               0D   3980
     124    4140       0       1       0       0       0       000010001D   3981
     124       1       0       1       0       0       0               0D   3982
     100    4141       0       1       0       0    3981       000010001D   3983
     100       1       0       1       0       0       0               0D   3984
     110    4142       0       1       0       0       0       000010001D   3985
     110       1       0       2       0       0       0               0D   3986
     124    4144       0       1       0       0       0       000010001D   3987
     124       1       0       1       0       0       0               0D   3988
     100    4145       0       1       0       0    3987       000010001D   3989
     100       1       0       2       0       0       0               0D   3990
     110    4147       0       1       0       0       0       000010001D   3991
     110       1       0       1       0       0       0               0D   3992
     102    4148       0       1       0       0       0       000010001D   3993
     102       1       0       1       0       0       0               0D   3994
     142    4149       0       1       0       0       0       000010001D   3995
     142       1       0       1       0       0       0               0D   3996
     144    4150       0       1       0       0       0       000000001D   3997
     144       1       0       1       0       0       0               0D   3998
     110    4151       0       1       0       0       0       000010001D   3999
     110       1       0       1       0       0       0               0D   4000
     122    4152       0       1       0       0       0       000010001D   4001
     122       1       0       1       0       0       0               0D   4002
     126    4153       0       1       0       0       0       000010501D   4003
     126       1       0       2       0       0       0               0D   4004
     126    4155       0       1       0       0       0       000010501D   4005
     126       1       0       2       0       0       0               0D   4006
     126    4157       0       1       0       0       0       000010501D   4007
     126       1       0       2       0       0       0               0D   4008
     126    4159       0       1       0       0       0       000010501D   4009
     126       1       0       2       0       0       0               0D   4010
     102    4161       0       1       0       0       0       000010501D   4011
     102       1       0       1       0       0       0               0D   4012
     110    4162       0       1       0       0       0       000010001D   4013
     110       1       0       1       0       0       0               0D   4014
     110    4163       0       1       0       0       0       000010001D   4015
     110       1       0       1       0       0       0               0D   4016
     110    4164       0       1       0       0       0       000010001D   4017
     110       1       0       1       0       0       0               0D   4018
     110    4165       0       1       0       0       0       000010001D   4019
     110       1       0       1       0       0       0               0D   4020
     102    4166       0       1       0       0       0       000010001D   4021
     102       1       0       1       0       0       0               0D   4022
     142    4167       0       1       0       0       0       000010001D   4023
     142       1       0       1       0       0       0               0D   4024
     144    4168       0       1       0       0       0       000000001D   4025
     144       1       0       1       0       0       0               0D   4026
     110    4169       0       1       0       0       0       000010001D   4027
     110       1       0       1       0       0       0               0D   4028
     110    4170       0       1       0       0       0       000010001D   4029
     110       1       0       1       0       0       0               0D   4030
     120    4171       0       1       0       0       0       000010001D   4031
     120       1       0       1       0       0       0               0D   4032
     126    4172       0       1       0       0       0       000010501D   4033
     126       1       0       4       0       0       0               0D   4034
     126    4176       0       1       0       0       0       000010501D   4035
     126       1       0       3       0       0       0               0D   4036
     126    4179       0       1       0       0       0       000010501D   4037
     126       1       0       4       0       0       0               0D   4038
     126    4183       0       1       0       0       0       000010501D   4039
     126       1       0       3       0       0       0               0D   4040
     102    4186       0       1       0       0       0       000010501D   4041
     102       1       0       1       0       0       0               0D   4042
     124    4187       0       1       0       0       0       000010001D   4043
     124       1       0       1       0       0       0               0D   4044
     100    4188       0       1       0       0    4043       000010001D   4045
     100       1       0       1       0       0       0               0D   4046
     110    4189       0       1       0       0       0       000010001D   4047
     110       1       0       1       0       0       0               0D   4048
     124    4190       0       1       0       0       0       000010001D   4049
     124       1       0       1       0       0       0               0D   4050
     100    4191       0       1       0       0    4049       000010001D   4051
     100       1       0       1       0       0       0               0D   4052
     110    4192       0       1       0       0       0       000010001D   4053
     110       1       0       1       0       0       0               0D   4054
     102    4193       0       1       0       0       0       000010001D   4055
     102       1       0       1       0       0       0               0D   4056
     142    4194       0       1       0       0       0       000010001D   4057
     142       1       0       1       0       0       0               0D   4058
     144    4195       0       1       0       0       0       000000001D   4059
     144       1       0       1       0       0       0               0D   4060
     110    4196       0       1       0       0       0       000010001D   4061
     110       1       0       1       0       0       0               0D   4062
     122    4197       0       1       0       0       0       000010001D   4063
     122       1       0       1       0       0       0               0D   4064
     126    4198       0       1       0       0       0       000010501D   4065
     126       1       0       2       0       0       0               0D   4066
     126    4200       0       1       0       0       0       000010501D   4067
     126       1       0       2       0       0       0               0D   4068
     126    4202       0       1       0       0       0       000010501D   4069
     126       1       0       2       0       0       0               0D   4070
     126    4204       0       1       0       0       0       000010501D   4071
     126       1       0       2       0       0       0               0D   4072
     102    4206       0       1       0       0       0       000010501D   4073
     102       1       0       1       0       0       0               0D   4074
     110    4207       0       1       0       0       0       000010001D   4075
     110       1       0       1       0       0       0               0D   4076
     110    4208       0       1       0       0       0       000010001D   4077
     110       1       0       1       0       0       0               0D   4078
     110    4209       0       1       0       0       0       000010001D   4079
     110       1       0       1       0       0       0               0D   4080
     110    4210       0       1       0       0       0       000010001D   4081
     110       1       0       1       0       0       0               0D   4082
     102    4211       0       1       0       0       0       000010001D   4083
     102       1       0       1       0       0       0               0D   4084
     142    4212       0       1       0       0       0       000010001D   4085
     142       1       0       1       0       0       0               0D   4086
     144    4213       0       1       0       0       0       000000001D   4087
     144       1       0       1       0       0       0               0D   4088
     110    4214       0       1       0       0       0       000010001D   4089
     110       1       0       1       0       0       0               0D   4090
     110    4215       0       1       0       0       0       000010001D   4091
     110       1       0       1       0       0       0               0D   4092
     120    4216       0       1       0       0       0       000010001D   4093
     120       1       0       1       0       0       0               0D   4094
     126    4217       0       1       0       0       0       000010501D   4095
     126       1       0       4       0       0       0               0D   4096
     126    4221       0       1       0       0       0       000010501D   4097
     126       1       0       3       0       0       0               0D   4098
     126    4224       0       1       0       0       0       000010501D   4099
     126       1       0       4       0       0       0               0D   4100
     126    4228       0       1       0       0       0       000010501D   4101
     126       1       0       3       0       0       0               0D   4102
     102    4231       0       1       0       0       0       000010501D   4103
     102       1       0       1       0       0       0               0D   4104
     124    4232       0       1       0       0       0       000010001D   4105
     124       1       0       1       0       0       0               0D   4106
     100    4233       0       1       0       0    4105       000010001D   4107
     100       1       0       1       0       0       0               0D   4108
     110    4234       0       1       0       0       0       000010001D   4109
     110       1       0       1       0       0       0               0D   4110
     124    4235       0       1       0       0       0       000010001D   4111
     124       1       0       1       0       0       0               0D   4112
     100    4236       0       1       0       0    4111       000010001D   4113
     100       1       0       1       0       0       0               0D   4114
     110    4237       0       1       0       0       0       000010001D   4115
     110       1       0       1       0       0       0               0D   4116
     102    4238       0       1       0       0       0       000010001D   4117
     102       1       0       1       0       0       0               0D   4118
     142    4239       0       1       0       0       0       000010001D   4119
     142       1       0       1       0       0       0               0D   4120
     144    4240       0       1       0       0       0       000000001D   4121
     144       1       0       1       0       0       0               0D   4122
     110    4241       0       1       0       0       0       000010001D   4123
     110       1       0       1       0       0       0               0D   4124
     122    4242       0       1       0       0       0       000010001D   4125
     122       1       0       1       0       0       0               0D   4126
     126    4243       0       1       0       0       0       000010501D   4127
     126       1       0       2       0       0       0               0D   4128
     126    4245       0       1       0       0       0       000010501D   4129
     126       1       0       2       0       0       0               0D   4130
     126    4247       0       1       0       0       0       000010501D   4131
     126       1       0       2       0       0       0               0D   4132
     126    4249       0       1       0       0       0       000010501D   4133
     126       1       0       2       0       0       0               0D   4134
     102    4251       0       1       0       0       0       000010501D   4135
     102       1       0       1       0       0       0               0D   4136
     110    4252       0       1       0       0       0       000010001D   4137
     110       1       0       1       0       0       0               0D   4138
     110    4253       0       1       0       0       0       000010001D   4139
     110       1       0       1       0       0       0               0D   4140
     110    4254       0       1       0       0       0       000010001D   4141
     110       1       0       1       0       0       0               0D   4142
     110    4255       0       1       0       0       0       000010001D   4143
     110       1       0       1       0       0       0               0D   4144
     102    4256       0       1       0       0       0       000010001D   4145
     102       1       0       1       0       0       0               0D   4146
     142    4257       0       1       0       0       0       000010001D   4147
     142       1       0       1       0       0       0               0D   4148
     144    4258       0       1       0       0       0       000000001D   4149
     144       1       0       1       0       0       0               0D   4150
     110    4259       0       1       0       0       0       000010001D   4151
     110       1       0       1       0       0       0               0D   4152
     110    4260       0       1       0       0       0       000010001D   4153
     110       1       0       1       0       0       0               0D   4154
     120    4261       0       1       0       0       0       000010001D   4155
     120       1       0       1       0       0       0               0D   4156
     126    4262       0       1       0       0       0       000010501D   4157
     126       1       0       4       0       0       0               0D   4158
     126    4266       0       1       0       0       0       000010501D   4159
     126       1       0       3       0       0       0               0D   4160
     126    4269       0       1       0       0       0       000010501D   4161
     126       1       0       3       0       0       0               0D   4162
     126    4272       0       1       0       0       0       000010501D   4163
     126       1       0       3       0       0       0               0D   4164
     102    4275       0       1       0       0       0       000010501D   4165
     102       1       0       1       0       0       0               0D   4166
     124    4276       0       1       0       0       0       000010001D   4167
     124       1       0       1       0       0       0               0D   4168
     100    4277       0       1       0       0    4167       000010001D   4169
     100       1       0       1       0       0       0               0D   4170
     110    4278       0       1       0       0       0       000010001D   4171
     110       1       0       1       0       0       0               0D   4172
     124    4279       0       1       0       0       0       000010001D   4173
     124       1       0       1       0       0       0               0D   4174
     100    4280       0       1       0       0    4173       000010001D   4175
     100       1       0       1       0       0       0               0D   4176
     110    4281       0       1       0       0       0       000010001D   4177
     110       1       0       1       0       0       0               0D   4178
     102    4282       0       1       0       0       0       000010001D   4179
     102       1       0       1       0       0       0               0D   4180
     142    4283       0       1       0       0       0       000010001D   4181
     142       1       0       1       0       0       0               0D   4182
     144    4284       0       1       0       0       0       000000001D   4183
     144       1       0       1       0       0       0               0D   4184
     110    4285       0       1       0       0       0       000010001D   4185
     110       1       0       1       0       0       0               0D   4186
     122    4286       0       1       0       0       0       000010001D   4187
     122       1       0       1       0       0       0               0D   4188
     126    4287       0       1       0       0       0       000010501D   4189
     126       1       0       2       0       0       0               0D   4190
     126    4289       0       1       0       0       0       000010501D   4191
     126       1       0       2       0       0       0               0D   4192
     126    4291       0       1       0       0       0       000010501D   4193
     126       1       0       2       0       0       0               0D   4194
     126    4293       0       1       0       0       0       000010501D   4195
     126       1       0       2       0       0       0               0D   4196
     102    4295       0       1       0       0       0       000010501D   4197
     102       1       0       1       0       0       0               0D   4198
     110    4296       0       1       0       0       0       000010001D   4199
     110       1       0       1       0       0       0               0D   4200
     110    4297       0       1       0       0       0       000010001D   4201
     110       1       0       1       0       0       0               0D   4202
     110    4298       0       1       0       0       0       000010001D   4203
     110       1       0       2       0       0       0               0D   4204
     110    4300       0       1       0       0       0       000010001D   4205
     110       1       0       2       0       0       0               0D   4206
     102    4302       0       1       0       0       0       000010001D   4207
     102       1       0       1       0       0       0               0D   4208
     142    4303       0       1       0       0       0       000010001D   4209
     142       1       0       1       0       0       0               0D   4210
     144    4304       0       1       0       0       0       000000001D   4211
     144       1       0       1       0       0       0               0D   4212
     110    4305       0       1       0       0       0       000010001D   4213
     110       1       0       2       0       0       0               0D   4214
     110    4307       0       1       0       0       0       000010001D   4215
     110       1       0       2       0       0       0               0D   4216
     120    4309       0       1       0       0       0       000010001D   4217
     120       1       0       1       0       0       0               0D   4218
     126    4310       0       1       0       0       0       000010501D   4219
     126       1       0       4       0       0       0               0D   4220
     126    4314       0       1       0       0       0       000010501D   4221
     126       1       0       3       0       0       0               0D   4222
     126    4317       0       1       0       0       0       000010501D   4223
     126       1       0       4       0       0       0               0D   4224
     126    4321       0       1       0       0       0       000010501D   4225
     126       1       0       3       0       0       0               0D   4226
     102    4324       0       1       0       0       0       000010501D   4227
     102       1       0       1       0       0       0               0D   4228
     124    4325       0       1       0       0       0       000010001D   4229
     124       1       0       1       0       0       0               0D   4230
     100    4326       0       1       0       0    4229       000010001D   4231
     100       1       0       1       0       0       0               0D   4232
     110    4327       0       1       0       0       0       000010001D   4233
     110       1       0       2       0       0       0               0D   4234
     124    4329       0       1       0       0       0       000010001D   4235
     124       1       0       1       0       0       0               0D   4236
     100    4330       0       1       0       0    4235       000010001D   4237
     100       1       0       2       0       0       0               0D   4238
     110    4332       0       1       0       0       0       000010001D   4239
     110       1       0       2       0       0       0               0D   4240
     102    4334       0       1       0       0       0       000010001D   4241
     102       1       0       1       0       0       0               0D   4242
     142    4335       0       1       0       0       0       000010001D   4243
     142       1       0       1       0       0       0               0D   4244
     144    4336       0       1       0       0       0       000000001D   4245
     144       1       0       1       0       0       0               0D   4246
     110    4337       0       1       0       0       0       000010001D   4247
     110       1       0       2       0       0       0               0D   4248
     110    4339       0       1       0       0       0       000010001D   4249
     110       1       0       2       0       0       0               0D   4250
     120    4341       0       1       0       0       0       000010001D   4251
     120       1       0       1       0       0       0               0D   4252
     126    4342       0       1       0       0       0       000010501D   4253
     126       1       0       4       0       0       0               0D   4254
     126    4346       0       1       0       0       0       000010501D   4255
     126       1       0       3       0       0       0               0D   4256
     126    4349       0       1       0       0       0       000010501D   4257
     126       1       0       4       0       0       0               0D   4258
     126    4353       0       1       0       0       0       000010501D   4259
     126       1       0       3       0       0       0               0D   4260
     102    4356       0       1       0       0       0       000010501D   4261
     102       1       0       1       0       0       0               0D   4262
     124    4357       0       1       0       0       0       000010001D   4263
     124       1       0       2       0       0       0               0D   4264
     100    4359       0       1       0       0    4263       000010001D   4265
     100       1       0       2       0       0       0               0D   4266
     110    4361       0       1       0       0       0       000010001D   4267
     110       1       0       2       0       0       0               0D   4268
     124    4363       0       1       0       0       0       000010001D   4269
     124       1       0       2       0       0       0               0D   4270
     100    4365       0       1       0       0    4269       000010001D   4271
     100       1       0       2       0       0       0               0D   4272
     110    4367       0       1       0       0       0       000010001D   4273
     110       1       0       2       0       0       0               0D   4274
     102    4369       0       1       0       0       0       000010001D   4275
     102       1       0       1       0       0       0               0D   4276
     142    4370       0       1       0       0       0       000010001D   4277
     142       1       0       1       0       0       0               0D   4278
     144    4371       0       1       0       0       0       000000001D   4279
     144       1       0       1       0       0       0               0D   4280
     110    4372       0       1       0       0       0       000010001D   4281
     110       1       0       2       0       0       0               0D   4282
     122    4374       0       1       0       0       0       000010001D   4283
     122       1       0       1       0       0       0               0D   4284
     126    4375       0       1       0       0       0       000010501D   4285
     126       1       0       2       0       0       0               0D   4286
     126    4377       0       1       0       0       0       000010501D   4287
     126       1       0       2       0       0       0               0D   4288
     126    4379       0       1       0       0       0       000010501D   4289
     126       1       0       2       0       0       0               0D   4290
     126    4381       0       1       0       0       0       000010501D   4291
     126       1       0       2       0       0       0               0D   4292
     102    4383       0       1       0       0       0       000010501D   4293
     102       1       0       1       0       0       0               0D   4294
     110    4384       0       1       0       0       0       000010001D   4295
     110       1       0       2       0       0       0               0D   4296
     110    4386       0       1       0       0       0       000010001D   4297
     110       1       0       2       0       0       0               0D   4298
     110    4388       0       1       0       0       0       000010001D   4299
     110       1       0       2       0       0       0               0D   4300
     110    4390       0       1       0       0       0       000010001D   4301
     110       1       0       2       0       0       0               0D   4302
     102    4392       0       1       0       0       0       000010001D   4303
     102       1       0       1       0       0       0               0D   4304
     142    4393       0       1       0       0       0       000010001D   4305
     142       1       0       1       0       0       0               0D   4306
     144    4394       0       1       0       0       0       000000001D   4307
     144       1       0       1       0       0       0               0D   4308
     110    4395       0       1       0       0       0       000010001D   4309
     110       1       0       1       0       0       0               0D   4310
     122    4396       0       1       0       0       0       000010001D   4311
     122       1       0       1       0       0       0               0D   4312
     126    4397       0       1       0       0       0       000010501D   4313
     126       1       0       5       0       0       0               0D   4314
     126    4402       0       1       0       0       0       000010501D   4315
     126       1       0       3       0       0       0               0D   4316
     126    4405       0       1       0       0       0       000010501D   4317
     126       1       0      10       0       0       0               0D   4318
     126    4415       0       1       0       0       0       000010501D   4319
     126       1       0       3       0       0       0               0D   4320
     126    4418       0       1       0       0       0       000010501D   4321
     126       1       0       7       0       0       0               0D   4322
     126    4425       0       1       0       0       0       000010501D   4323
     126       1       0       3       0       0       0               0D   4324
     126    4428       0       1       0       0       0       000010501D   4325
     126       1       0       3       0       0       0               0D   4326
     126    4431       0       1       0       0       0       000010501D   4327
     126       1       0       3       0       0       0               0D   4328
     126    4434       0       1       0       0       0       000010501D   4329
     126       1       0       7       0       0       0               0D   4330
     126    4441       0       1       0       0       0       000010501D   4331
     126       1       0       3       0       0       0               0D   4332
     126    4444       0       1       0       0       0       000010501D   4333
     126       1       0       7       0       0       0               0D   4334
     126    4451       0       1       0       0       0       000010501D   4335
     126       1       0       3       0       0       0               0D   4336
     126    4454       0       1       0       0       0       000010501D   4337
     126       1       0      11       0       0       0               0D   4338
     126    4465       0       1       0       0       0       000010501D   4339
     126       1       0       2       0       0       0               0D   4340
     126    4467       0       1       0       0       0       000010501D   4341
     126       1       0      11       0       0       0               0D   4342
     126    4478       0       1       0       0       0       000010501D   4343
     126       1       0       3       0       0       0               0D   4344
     126    4481       0       1       0       0       0       000010501D   4345
     126       1       0       8       0       0       0               0D   4346
     126    4489       0       1       0       0       0       000010501D   4347
     126       1       0       7       0       0       0               0D   4348
     126    4496       0       1       0       0       0       000010501D   4349
     126       1       0       3       0       0       0               0D   4350
     102    4499       0       1       0       0       0       000010501D   4351
     102       1       0       2       0       0       0               0D   4352
     124    4501       0       1       0       0       0       000010001D   4353
     124       1       0       2       0       0       0               0D   4354
     100    4503       0       1       0       0    4353       000010001D   4355
     100       1       0       2       0       0       0               0D   4356
     110    4505       0       1       0       0       0       000010001D   4357
     110       1       0       1       0       0       0               0D   4358
     124    4506       0       1       0       0       0       000010001D   4359
     124       1       0       1       0       0       0               0D   4360
     100    4507       0       1       0       0    4359       000010001D   4361
     100       1       0       1       0       0       0               0D   4362
     110    4508       0       1       0       0       0       000010001D   4363
     110       1       0       1       0       0       0               0D   4364
     124    4509       0       1       0       0       0       000010001D   4365
     124       1       0       1       0       0       0               0D   4366
     100    4510       0       1       0       0    4365       000010001D   4367
     100       1       0       1       0       0       0               0D   4368
     110    4511       0       1       0       0       0       000010001D   4369
     110       1       0       1       0       0       0               0D   4370
     110    4512       0       1       0       0       0       000010001D   4371
     110       1       0       1       0       0       0               0D   4372
     110    4513       0       1       0       0       0       000010001D   4373
     110       1       0       1       0       0       0               0D   4374
     124    4514       0       1       0       0       0       000010001D   4375
     124       1       0       1       0       0       0               0D   4376
     100    4515       0       1       0       0    4375       000010001D   4377
     100       1       0       1       0       0       0               0D   4378
     110    4516       0       1       0       0       0       000010001D   4379
     110       1       0       1       0       0       0               0D   4380
     124    4517       0       1       0       0       0       000010001D   4381
     124       1       0       1       0       0       0               0D   4382
     100    4518       0       1       0       0    4381       000010001D   4383
     100       1       0       1       0       0       0               0D   4384
     110    4519       0       1       0       0       0       000010001D   4385
     110       1       0       1       0       0       0               0D   4386
     124    4520       0       1       0       0       0       000010001D   4387
     124       1       0       1       0       0       0               0D   4388
     100    4521       0       1       0       0    4387       000010001D   4389
     100       1       0       1       0       0       0               0D   4390
     110    4522       0       1       0       0       0       000010001D   4391
     110       1       0       1       0       0       0               0D   4392
     124    4523       0       1       0       0       0       000010001D   4393
     124       1       0       1       0       0       0               0D   4394
     100    4524       0       1       0       0    4393       000010001D   4395
     100       1       0       1       0       0       0               0D   4396
     110    4525       0       1       0       0       0       000010001D   4397
     110       1       0       1       0       0       0               0D   4398
     124    4526       0       1       0       0       0       000010001D   4399
     124       1       0       1       0       0       0               0D   4400
     100    4527       0       1       0       0    4399       000010001D   4401
     100       1       0       1       0       0       0               0D   4402
     124    4528       0       1       0       0       0       000010001D   4403
     124       1       0       2       0       0       0               0D   4404
     100    4530       0       1       0       0    4403       000010001D   4405
     100       1       0       2       0       0       0               0D   4406
     110    4532       0       1       0       0       0       000010001D   4407
     110       1       0       2       0       0       0               0D   4408
     102    4534       0       1       0       0       0       000010001D   4409
     102       1       0       2       0       0       0               0D   4410
     142    4536       0       1       0       0       0       000010001D   4411
     142       1       0       1       0       0       0               0D   4412
     144    4537       0       1       0       0       0       000000001D   4413
     144       1       0       1       0       0       0               0D   4414
     110    4538       0       1       0       0       0       000010001D   4415
     110       1       0       2       0       0       0               0D   4416
     122    4540       0       1       0       0       0       000010001D   4417
     122       1       0       1       0       0       0               0D   4418
     126    4541       0       1       0       0       0       000010501D   4419
     126       1       0       2       0       0       0               0D   4420
     126    4543       0       1       0       0       0       000010501D   4421
     126       1       0       2       0       0       0               0D   4422
     126    4545       0       1       0       0       0       000010501D   4423
     126       1       0       2       0       0       0               0D   4424
     126    4547       0       1       0       0       0       000010501D   4425
     126       1       0       2       0       0       0               0D   4426
     102    4549       0       1       0       0       0       000010501D   4427
     102       1       0       1       0       0       0               0D   4428
     110    4550       0       1       0       0       0       000010001D   4429
     110       1       0       1       0       0       0               0D   4430
     110    4551       0       1       0       0       0       000010001D   4431
     110       1       0       2       0       0       0               0D   4432
     110    4553       0       1       0       0       0       000010001D   4433
     110       1       0       2       0       0       0               0D   4434
     110    4555       0       1       0       0       0       000010001D   4435
     110       1       0       2       0       0       0               0D   4436
     102    4557       0       1       0       0       0       000010001D   4437
     102       1       0       1       0       0       0               0D   4438
     142    4558       0       1       0       0       0       000010001D   4439
     142       1       0       1       0       0       0               0D   4440
     144    4559       0       1       0       0       0       000000001D   4441
     144       1       0       1       0       0       0               0D   4442
     110    4560       0       1       0       0       0       000010001D   4443
     110       1       0       2       0       0       0               0D   4444
     110    4562       0       1       0       0       0       000010001D   4445
     110       1       0       2       0       0       0               0D   4446
     120    4564       0       1       0       0       0       000010001D   4447
     120       1       0       1       0       0       0               0D   4448
     126    4565       0       1       0       0       0       000010501D   4449
     126       1       0       3       0       0       0               0D   4450
     126    4568       0       1       0       0       0       000010501D   4451
     126       1       0       4       0       0       0               0D   4452
     126    4572       0       1       0       0       0       000010501D   4453
     126       1       0       3       0       0       0               0D   4454
     126    4575       0       1       0       0       0       000010501D   4455
     126       1       0       4       0       0       0               0D   4456
     102    4579       0       1       0       0       0       000010501D   4457
     102       1       0       1       0       0       0               0D   4458
     110    4580       0       1       0       0       0       000010001D   4459
     110       1       0       2       0       0       0               0D   4460
     124    4582       0       1       0       0       0       000010001D   4461
     124       1       0       2       0       0       0               0D   4462
     100    4584       0       1       0       0    4461       000010001D   4463
     100       1       0       2       0       0       0               0D   4464
     110    4586       0       1       0       0       0       000010001D   4465
     110       1       0       1       0       0       0               0D   4466
     124    4587       0       1       0       0       0       000010001D   4467
     124       1       0       2       0       0       0               0D   4468
     100    4589       0       1       0       0    4467       000010001D   4469
     100       1       0       2       0       0       0               0D   4470
     102    4591       0       1       0       0       0       000010001D   4471
     102       1       0       1       0       0       0               0D   4472
     142    4592       0       1       0       0       0       000010001D   4473
     142       1       0       1       0       0       0               0D   4474
     144    4593       0       1       0       0       0       000000001D   4475
     144       1       0       1       0       0       0               0D   4476
     110    4594       0       1       0       0       0       000010001D   4477
     110       1       0       2       0       0       0               0D   4478
     110    4596       0       1       0       0       0       000010001D   4479
     110       1       0       1       0       0       0               0D   4480
     120    4597       0       1       0       0       0       000010001D   4481
     120       1       0       1       0       0       0               0D   4482
     126    4598       0       1       0       0       0       000010501D   4483
     126       1       0       4       0       0       0               0D   4484
     126    4602       0       1       0       0       0       000010501D   4485
     126       1       0       3       0       0       0               0D   4486
     126    4605       0       1       0       0       0       000010501D   4487
     126       1       0       4       0       0       0               0D   4488
     126    4609       0       1       0       0       0       000010501D   4489
     126       1       0       3       0       0       0               0D   4490
     102    4612       0       1       0       0       0       000010501D   4491
     102       1       0       1       0       0       0               0D   4492
     124    4613       0       1       0       0       0       000010001D   4493
     124       1       0       1       0       0       0               0D   4494
     100    4614       0       1       0       0    4493       000010001D   4495
     100       1       0       1       0       0       0               0D   4496
     110    4615       0       1       0       0       0       000010001D   4497
     110       1       0       2       0       0       0               0D   4498
     124    4617       0       1       0       0       0       000010001D   4499
     124       1       0       1       0       0       0               0D   4500
     100    4618       0       1       0       0    4499       000010001D   4501
     100       1       0       1       0       0       0               0D   4502
     110    4619       0       1       0       0       0       000010001D   4503
     110       1       0       1       0       0       0               0D   4504
     102    4620       0       1       0       0       0       000010001D   4505
     102       1       0       1       0       0       0               0D   4506
     142    4621       0       1       0       0       0       000010001D   4507
     142       1       0       1       0       0       0               0D   4508
     144    4622       0       1       0       0       0       000000001D   4509
     144       1       0       1       0       0       0               0D   4510
     110    4623       0       1       0       0       0       000010001D   4511
     110       1       0       1       0       0       0               0D   4512
     122    4624       0       1       0       0       0       000010001D   4513
     122       1       0       1       0       0       0               0D   4514
     126    4625       0       1       0       0       0       000010501D   4515
     126       1       0       2       0       0       0               0D   4516
     126    4627       0       1       0       0       0       000010501D   4517
     126       1       0       2       0       0       0               0D   4518
     126    4629       0       1       0       0       0       000010501D   4519
     126       1       0       2       0       0       0               0D   4520
     126    4631       0       1       0       0       0       000010501D   4521
     126       1       0       2       0       0       0               0D   4522
     102    4633       0       1       0       0       0       000010501D   4523
     102       1       0       1       0       0       0               0D   4524
     110    4634       0       1       0       0       0       000010001D   4525
     110       1       0       1       0       0       0               0D   4526
     110    4635       0       1       0       0       0       000010001D   4527
     110       1       0       1       0       0       0               0D   4528
     110    4636       0       1       0       0       0       000010001D   4529
     110       1       0       1       0       0       0               0D   4530
     110    4637       0       1       0       0       0       000010001D   4531
     110       1       0       1       0       0       0               0D   4532
     102    4638       0       1       0       0       0       000010001D   4533
     102       1       0       1       0       0       0               0D   4534
     142    4639       0       1       0       0       0       000010001D   4535
     142       1       0       1       0       0       0               0D   4536
     144    4640       0       1       0       0       0       000000001D   4537
     144       1       0       1       0       0       0               0D   4538
     110    4641       0       1       0       0       0       000010001D   4539
     110       1       0       1       0       0       0               0D   4540
     110    4642       0       1       0       0       0       000010001D   4541
     110       1       0       1       0       0       0               0D   4542
     120    4643       0       1       0       0       0       000010001D   4543
     120       1       0       1       0       0       0               0D   4544
     126    4644       0       1       0       0       0       000010501D   4545
     126       1       0       3       0       0       0               0D   4546
     126    4647       0       1       0       0       0       000010501D   4547
     126       1       0       3       0       0       0               0D   4548
     126    4650       0       1       0       0       0       000010501D   4549
     126       1       0       2       0       0       0               0D   4550
     126    4652       0       1       0       0       0       000010501D   4551
     126       1       0       3       0       0       0               0D   4552
     102    4655       0       1       0       0       0       000010501D   4553
     102       1       0       1       0       0       0               0D   4554
     110    4656       0       1       0       0       0       000010001D   4555
     110       1       0       1       0       0       0               0D   4556
     124    4657       0       1       0       0       0       000010001D   4557
     124       1       0       1       0       0       0               0D   4558
     100    4658       0       1       0       0    4557       000010001D   4559
     100       1       0       1       0       0       0               0D   4560
     110    4659       0       1       0       0       0       000010001D   4561
     110       1       0       1       0       0       0               0D   4562
     124    4660       0       1       0       0       0       000010001D   4563
     124       1       0       1       0       0       0               0D   4564
     100    4661       0       1       0       0    4563       000010001D   4565
     100       1       0       1       0       0       0               0D   4566
     102    4662       0       1       0       0       0       000010001D   4567
     102       1       0       1       0       0       0               0D   4568
     142    4663       0       1       0       0       0       000010001D   4569
     142       1       0       1       0       0       0               0D   4570
     144    4664       0       1       0       0       0       000000001D   4571
     144       1       0       1       0       0       0               0D   4572
     110    4665       0       1       0       0       0       000010001D   4573
     110       1       0       1       0       0       0               0D   4574
     122    4666       0       1       0       0       0       000010001D   4575
     122       1       0       1       0       0       0               0D   4576
     126    4667       0       1       0       0       0       000010501D   4577
     126       1       0       2       0       0       0               0D   4578
     126    4669       0       1       0       0       0       000010501D   4579
     126       1       0       2       0       0       0               0D   4580
     126    4671       0       1       0       0       0       000010501D   4581
     126       1       0       2       0       0       0               0D   4582
     126    4673       0       1       0       0       0       000010501D   4583
     126       1       0       2       0       0       0               0D   4584
     102    4675       0       1       0       0       0       000010501D   4585
     102       1       0       1       0       0       0               0D   4586
     110    4676       0       1       0       0       0       000010001D   4587
     110       1       0       1       0       0       0               0D   4588
     110    4677       0       1       0       0       0       000010001D   4589
     110       1       0       1       0       0       0               0D   4590
     110    4678       0       1       0       0       0       000010001D   4591
     110       1       0       1       0       0       0               0D   4592
     110    4679       0       1       0       0       0       000010001D   4593
     110       1       0       1       0       0       0               0D   4594
     102    4680       0       1       0       0       0       000010001D   4595
     102       1       0       1       0       0       0               0D   4596
     142    4681       0       1       0       0       0       000010001D   4597
     142       1       0       1       0       0       0               0D   4598
     144    4682       0       1       0       0       0       000000001D   4599
     144       1       0       1       0       0       0               0D   4600
     110    4683       0       1       0       0       0       000010001D   4601
     110       1       0       1       0       0       0               0D   4602
     110    4684       0       1       0       0       0       000010001D   4603
     110       1       0       1       0       0       0               0D   4604
     120    4685       0       1       0       0       0       000010001D   4605
     120       1       0       1       0       0       0               0D   4606
     126    4686       0       1       0       0       0       000010501D   4607
     126       1       0       3       0       0       0               0D   4608
     126    4689       0       1       0       0       0       000010501D   4609
     126       1       0       4       0       0       0               0D   4610
     126    4693       0       1       0       0       0       000010501D   4611
     126       1       0       2       0       0       0               0D   4612
     126    4695       0       1       0       0       0       000010501D   4613
     126       1       0       4       0       0       0               0D   4614
     102    4699       0       1       0       0       0       000010501D   4615
     102       1       0       1       0       0       0               0D   4616
     110    4700       0       1       0       0       0       000010001D   4617
     110       1       0       1       0       0       0               0D   4618
     124    4701       0       1       0       0       0       000010001D   4619
     124       1       0       1       0       0       0               0D   4620
     100    4702       0       1       0       0    4619       000010001D   4621
     100       1       0       1       0       0       0               0D   4622
     110    4703       0       1       0       0       0       000010001D   4623
     110       1       0       1       0       0       0               0D   4624
     124    4704       0       1       0       0       0       000010001D   4625
     124       1       0       1       0       0       0               0D   4626
     100    4705       0       1       0       0    4625       000010001D   4627
     100       1       0       1       0       0       0               0D   4628
     102    4706       0       1       0       0       0       000010001D   4629
     102       1       0       1       0       0       0               0D   4630
     142    4707       0       1       0       0       0       000010001D   4631
     142       1       0       1       0       0       0               0D   4632
     144    4708       0       1       0       0       0       000000001D   4633
     144       1       0       1       0       0       0               0D   4634
     110    4709       0       1       0       0       0       000010001D   4635
     110       1       0       1       0       0       0               0D   4636
     122    4710       0       1       0       0       0       000010001D   4637
     122       1       0       1       0       0       0               0D   4638
     126    4711       0       1       0       0       0       000010501D   4639
     126       1       0       2       0       0       0               0D   4640
     126    4713       0       1       0       0       0       000010501D   4641
     126       1       0       2       0       0       0               0D   4642
     126    4715       0       1       0       0       0       000010501D   4643
     126       1       0       2       0       0       0               0D   4644
     126    4717       0       1       0       0       0       000010501D   4645
     126       1       0       2       0       0       0               0D   4646
     102    4719       0       1       0       0       0       000010501D   4647
     102       1       0       1       0       0       0               0D   4648
     110    4720       0       1       0       0       0       000010001D   4649
     110       1       0       1       0       0       0               0D   4650
     110    4721       0       1       0       0       0       000010001D   4651
     110       1       0       1       0       0       0               0D   4652
     110    4722       0       1       0       0       0       000010001D   4653
     110       1       0       1       0       0       0               0D   4654
     110    4723       0       1       0       0       0       000010001D   4655
     110       1       0       1       0       0       0               0D   4656
     102    4724       0       1       0       0       0       000010001D   4657
     102       1       0       1       0       0       0               0D   4658
     142    4725       0       1       0       0       0       000010001D   4659
     142       1       0       1       0       0       0               0D   4660
     144    4726       0       1       0       0       0       000000001D   4661
     144       1       0       1       0       0       0               0D   4662
     110    4727       0       1       0       0       0       000010001D   4663
     110       1       0       1       0       0       0               0D   4664
     110    4728       0       1       0       0       0       000010001D   4665
     110       1       0       1       0       0       0               0D   4666
     120    4729       0       1       0       0       0       000010001D   4667
     120       1       0       1       0       0       0               0D   4668
     126    4730       0       1       0       0       0       000010501D   4669
     126       1       0       4       0       0       0               0D   4670
     126    4734       0       1       0       0       0       000010501D   4671
     126       1       0       3       0       0       0               0D   4672
     126    4737       0       1       0       0       0       000010501D   4673
     126       1       0       3       0       0       0               0D   4674
     126    4740       0       1       0       0       0       000010501D   4675
     126       1       0       3       0       0       0               0D   4676
     102    4743       0       1       0       0       0       000010501D   4677
     102       1       0       1       0       0       0               0D   4678
     124    4744       0       1       0       0       0       000010001D   4679
     124       1       0       1       0       0       0               0D   4680
     100    4745       0       1       0       0    4679       000010001D   4681
     100       1       0       1       0       0       0               0D   4682
     110    4746       0       1       0       0       0       000010001D   4683
     110       1       0       1       0       0       0               0D   4684
     124    4747       0       1       0       0       0       000010001D   4685
     124       1       0       1       0       0       0               0D   4686
     100    4748       0       1       0       0    4685       000010001D   4687
     100       1       0       1       0       0       0               0D   4688
     110    4749       0       1       0       0       0       000010001D   4689
     110       1       0       1       0       0       0               0D   4690
     102    4750       0       1       0       0       0       000010001D   4691
     102       1       0       1       0       0       0               0D   4692
     142    4751       0       1       0       0       0       000010001D   4693
     142       1       0       1       0       0       0               0D   4694
     144    4752       0       1       0       0       0       000000001D   4695
     144       1       0       1       0       0       0               0D   4696
     110    4753       0       1       0       0       0       000010001D   4697
     110       1       0       1       0       0       0               0D   4698
     122    4754       0       1       0       0       0       000010001D   4699
     122       1       0       1       0       0       0               0D   4700
     126    4755       0       1       0       0       0       000010501D   4701
     126       1       0       3       0       0       0               0D   4702
     126    4758       0       1       0       0       0       000010501D   4703
     126       1       0       2       0       0       0               0D   4704
     126    4760       0       1       0       0       0       000010501D   4705
     126       1       0       2       0       0       0               0D   4706
     126    4762       0       1       0       0       0       000010501D   4707
     126       1       0       2       0       0       0               0D   4708
     102    4764       0       1       0       0       0       000010501D   4709
     102       1       0       1       0       0       0               0D   4710
     110    4765       0       1       0       0       0       000010001D   4711
     110       1       0       1       0       0       0               0D   4712
     110    4766       0       1       0       0       0       000010001D   4713
     110       1       0       1       0       0       0               0D   4714
     110    4767       0       1       0       0       0       000010001D   4715
     110       1       0       1       0       0       0               0D   4716
     110    4768       0       1       0       0       0       000010001D   4717
     110       1       0       1       0       0       0               0D   4718
     102    4769       0       1       0       0       0       000010001D   4719
     102       1       0       1       0       0       0               0D   4720
     142    4770       0       1       0       0       0       000010001D   4721
     142       1       0       1       0       0       0               0D   4722
     144    4771       0       1       0       0       0       000000001D   4723
     144       1       0       1       0       0       0               0D   4724
     110    4772       0       1       0       0       0       000010001D   4725
     110       1       0       1       0       0       0               0D   4726
     110    4773       0       1       0       0       0       000010001D   4727
     110       1       0       1       0       0       0               0D   4728
     120    4774       0       1       0       0       0       000010001D   4729
     120       1       0       1       0       0       0               0D   4730
     126    4775       0       1       0       0       0       000010501D   4731
     126       1       0       3       0       0       0               0D   4732
     126    4778       0       1       0       0       0       000010501D   4733
     126       1       0       3       0       0       0               0D   4734
     126    4781       0       1       0       0       0       000010501D   4735
     126       1       0       2       0       0       0               0D   4736
     126    4783       0       1       0       0       0       000010501D   4737
     126       1       0       4       0       0       0               0D   4738
     102    4787       0       1       0       0       0       000010501D   4739
     102       1       0       1       0       0       0               0D   4740
     110    4788       0       1       0       0       0       000010001D   4741
     110       1       0       1       0       0       0               0D   4742
     124    4789       0       1       0       0       0       000010001D   4743
     124       1       0       1       0       0       0               0D   4744
     100    4790       0       1       0       0    4743       000010001D   4745
     100       1       0       1       0       0       0               0D   4746
     110    4791       0       1       0       0       0       000010001D   4747
     110       1       0       1       0       0       0               0D   4748
     124    4792       0       1       0       0       0       000010001D   4749
     124       1       0       1       0       0       0               0D   4750
     100    4793       0       1       0       0    4749       000010001D   4751
     100       1       0       1       0       0       0               0D   4752
     102    4794       0       1       0       0       0       000010001D   4753
     102       1       0       1       0       0       0               0D   4754
     142    4795       0       1       0       0       0       000010001D   4755
     142       1       0       1       0       0       0               0D   4756
     144    4796       0       1       0       0       0       000000001D   4757
     144       1       0       1       0       0       0               0D   4758
     110    4797       0       1       0       0       0       000010001D   4759
     110       1       0       1       0       0       0               0D   4760
     122    4798       0       1       0       0       0       000010001D   4761
     122       1       0       1       0       0       0               0D   4762
     126    4799       0       1       0       0       0       000010501D   4763
     126       1       0       2       0       0       0               0D   4764
     126    4801       0       1       0       0       0       000010501D   4765
     126       1       0       2       0       0       0               0D   4766
     126    4803       0       1       0       0       0       000010501D   4767
     126       1       0       2       0       0       0               0D   4768
     126    4805       0       1       0       0       0       000010501D   4769
     126       1       0       2       0       0       0               0D   4770
     102    4807       0       1       0       0       0       000010501D   4771
     102       1       0       1       0       0       0               0D   4772
     110    4808       0       1       0       0       0       000010001D   4773
     110       1       0       1       0       0       0               0D   4774
     110    4809       0       1       0       0       0       000010001D   4775
     110       1       0       1       0       0       0               0D   4776
     110    4810       0       1       0       0       0       000010001D   4777
     110       1       0       1       0       0       0               0D   4778
     110    4811       0       1       0       0       0       000010001D   4779
     110       1       0       1       0       0       0               0D   4780
     102    4812       0       1       0       0       0       000010001D   4781
     102       1       0       1       0       0       0               0D   4782
     142    4813       0       1       0       0       0       000010001D   4783
     142       1       0       1       0       0       0               0D   4784
     144    4814       0       1       0       0       0       000000001D   4785
     144       1       0       1       0       0       0               0D   4786
     110    4815       0       1       0       0       0       000010001D   4787
     110       1       0       1       0       0       0               0D   4788
     122    4816       0       1       0       0       0       000010001D   4789
     122       1       0       1       0       0       0               0D   4790
     126    4817       0       1       0       0       0       000010501D   4791
     126       1       0       2       0       0       0               0D   4792
     126    4819       0       1       0       0       0       000010501D   4793
     126       1       0       2       0       0       0               0D   4794
     126    4821       0       1       0       0       0       000010501D   4795
     126       1       0       2       0       0       0               0D   4796
     126    4823       0       1       0       0       0       000010501D   4797
     126       1       0       2       0       0       0               0D   4798
     102    4825       0       1       0       0       0       000010501D   4799
     102       1       0       1       0       0       0               0D   4800
     110    4826       0       1       0       0       0       000010001D   4801
     110       1       0       1       0       0       0               0D   4802
     110    4827       0       1       0       0       0       000010001D   4803
     110       1       0       1       0       0       0               0D   4804
     110    4828       0       1       0       0       0       000010001D   4805
     110       1       0       1       0       0       0               0D   4806
     110    4829       0       1       0       0       0       000010001D   4807
     110       1       0       1       0       0       0               0D   4808
     102    4830       0       1       0       0       0       000010001D   4809
     102       1       0       1       0       0       0               0D   4810
     142    4831       0       1       0       0       0       000010001D   4811
     142       1       0       1       0       0       0               0D   4812
     144    4832       0       1       0       0       0       000000001D   4813
     144       1       0       1       0       0       0               0D   4814
     110    4833       0       1       0       0       0       000010001D   4815
     110       1       0       1       0       0       0               0D   4816
     122    4834       0       1       0       0       0       000010001D   4817
     122       1       0       1       0       0       0               0D   4818
     126    4835       0       1       0       0       0       000010501D   4819
     126       1       0       2       0       0       0               0D   4820
     126    4837       0       1       0       0       0       000010501D   4821
     126       1       0       2       0       0       0               0D   4822
     126    4839       0       1       0       0       0       000010501D   4823
     126       1       0       2       0       0       0               0D   4824
     126    4841       0       1       0       0       0       000010501D   4825
     126       1       0       2       0       0       0               0D   4826
     102    4843       0       1       0       0       0       000010501D   4827
     102       1       0       1       0       0       0               0D   4828
     110    4844       0       1       0       0       0       000010001D   4829
     110       1       0       1       0       0       0               0D   4830
     110    4845       0       1       0       0       0       000010001D   4831
     110       1       0       1       0       0       0               0D   4832
     110    4846       0       1       0       0       0       000010001D   4833
     110       1       0       1       0       0       0               0D   4834
     110    4847       0       1       0       0       0       000010001D   4835
     110       1       0       1       0       0       0               0D   4836
     102    4848       0       1       0       0       0       000010001D   4837
     102       1       0       1       0       0       0               0D   4838
     142    4849       0       1       0       0       0       000010001D   4839
     142       1       0       1       0       0       0               0D   4840
     144    4850       0       1       0       0       0       000000001D   4841
     144       1       0       1       0       0       0               0D   4842
     110    4851       0       1       0       0       0       000010001D   4843
     110       1       0       2       0       0       0               0D   4844
     110    4853       0       1       0       0       0       000010001D   4845
     110       1       0       1       0       0       0               0D   4846
     120    4854       0       1       0       0       0       000010001D   4847
     120       1       0       1       0       0       0               0D   4848
     126    4855       0       1       0       0       0       000010501D   4849
     126       1       0       3       0       0       0               0D   4850
     126    4858       0       1       0       0       0       000010501D   4851
     126       1       0       4       0       0       0               0D   4852
     126    4862       0       1       0       0       0       000010501D   4853
     126       1       0       3       0       0       0               0D   4854
     126    4865       0       1       0       0       0       000010501D   4855
     126       1       0       4       0       0       0               0D   4856
     102    4869       0       1       0       0       0       000010501D   4857
     102       1       0       1       0       0       0               0D   4858
     110    4870       0       1       0       0       0       000010001D   4859
     110       1       0       1       0       0       0               0D   4860
     124    4871       0       1       0       0       0       000010001D   4861
     124       1       0       1       0       0       0               0D   4862
     100    4872       0       1       0       0    4861       000010001D   4863
     100       1       0       1       0       0       0               0D   4864
     110    4873       0       1       0       0       0       000010001D   4865
     110       1       0       1       0       0       0               0D   4866
     124    4874       0       1       0       0       0       000010001D   4867
     124       1       0       1       0       0       0               0D   4868
     100    4875       0       1       0       0    4867       000010001D   4869
     100       1       0       1       0       0       0               0D   4870
     102    4876       0       1       0       0       0       000010001D   4871
     102       1       0       1       0       0       0               0D   4872
     142    4877       0       1       0       0       0       000010001D   4873
     142       1       0       1       0       0       0               0D   4874
     144    4878       0       1       0       0       0       000000001D   4875
     144       1       0       1       0       0       0               0D   4876
     110    4879       0       1       0       0       0       000010001D   4877
     110       1       0       1       0       0       0               0D   4878
     122    4880       0       1       0       0       0       000010001D   4879
     122       1       0       1       0       0       0               0D   4880
     126    4881       0       1       0       0       0       000010501D   4881
     126       1       0       2       0       0       0               0D   4882
     126    4883       0       1       0       0       0       000010501D   4883
     126       1       0       2       0       0       0               0D   4884
     126    4885       0       1       0       0       0       000010501D   4885
     126       1       0       2       0       0       0               0D   4886
     126    4887       0       1       0       0       0       000010501D   4887
     126       1       0       2       0       0       0               0D   4888
     102    4889       0       1       0       0       0       000010501D   4889
     102       1       0       1       0       0       0               0D   4890
     110    4890       0       1       0       0       0       000010001D   4891
     110       1       0       1       0       0       0               0D   4892
     110    4891       0       1       0       0       0       000010001D   4893
     110       1       0       1       0       0       0               0D   4894
     110    4892       0       1       0       0       0       000010001D   4895
     110       1       0       1       0       0       0               0D   4896
     110    4893       0       1       0       0       0       000010001D   4897
     110       1       0       1       0       0       0               0D   4898
     102    4894       0       1       0       0       0       000010001D   4899
     102       1       0       1       0       0       0               0D   4900
     142    4895       0       1       0       0       0       000010001D   4901
     142       1       0       1       0       0       0               0D   4902
     144    4896       0       1       0       0       0       000000001D   4903
     144       1       0       1       0       0       0               0D   4904
     110    4897       0       1       0       0       0       000010001D   4905
     110       1       0       1       0       0       0               0D   4906
     110    4898       0       1       0       0       0       000010001D   4907
     110       1       0       1       0       0       0               0D   4908
     120    4899       0       1       0       0       0       000010001D   4909
     120       1       0       1       0       0       0               0D   4910
     126    4900       0       1       0       0       0       000010501D   4911
     126       1       0       3       0       0       0               0D   4912
     126    4903       0       1       0       0       0       000010501D   4913
     126       1       0       4       0       0       0               0D   4914
     126    4907       0       1       0       0       0       000010501D   4915
     126       1       0       3       0       0       0               0D   4916
     126    4910       0       1       0       0       0       000010501D   4917
     126       1       0       4       0       0       0               0D   4918
     102    4914       0       1       0       0       0       000010501D   4919
     102       1       0       1       0       0       0               0D   4920
     110    4915       0       1       0       0       0       000010001D   4921
     110       1       0       1       0       0       0               0D   4922
     124    4916       0       1       0       0       0       000010001D   4923
     124       1       0       1       0       0       0               0D   4924
     100    4917       0       1       0       0    4923       000010001D   4925
     100       1       0       1       0       0       0               0D   4926
     110    4918       0       1       0       0       0       000010001D   4927
     110       1       0       1       0       0       0               0D   4928
     124    4919       0       1       0       0       0       000010001D   4929
     124       1       0       1       0       0       0               0D   4930
     100    4920       0       1       0       0    4929       000010001D   4931
     100       1       0       1       0       0       0               0D   4932
     102    4921       0       1       0       0       0       000010001D   4933
     102       1       0       1       0       0       0               0D   4934
     142    4922       0       1       0       0       0       000010001D   4935
     142       1       0       1       0       0       0               0D   4936
     144    4923       0       1       0       0       0       000000001D   4937
     144       1       0       1       0       0       0               0D   4938
     110    4924       0       1       0       0       0       000010001D   4939
     110       1       0       1       0       0       0               0D   4940
     122    4925       0       1       0       0       0       000010001D   4941
     122       1       0       1       0       0       0               0D   4942
     126    4926       0       1       0       0       0       000010501D   4943
     126       1       0       2       0       0       0               0D   4944
     126    4928       0       1       0       0       0       000010501D   4945
     126       1       0       2       0       0       0               0D   4946
     126    4930       0       1       0       0       0       000010501D   4947
     126       1       0       2       0       0       0               0D   4948
     126    4932       0       1       0       0       0       000010501D   4949
     126       1       0       2       0       0       0               0D   4950
     102    4934       0       1       0       0       0       000010501D   4951
     102       1       0       1       0       0       0               0D   4952
     110    4935       0       1       0       0       0       000010001D   4953
     110       1       0       1       0       0       0               0D   4954
     110    4936       0       1       0       0       0       000010001D   4955
     110       1       0       1       0       0       0               0D   4956
     110    4937       0       1       0       0       0       000010001D   4957
     110       1       0       1       0       0       0               0D   4958
     110    4938       0       1       0       0       0       000010001D   4959
     110       1       0       1       0       0       0               0D   4960
     102    4939       0       1       0       0       0       000010001D   4961
     102       1       0       1       0       0       0               0D   4962
     142    4940       0       1       0       0       0       000010001D   4963
     142       1       0       1       0       0       0               0D   4964
     144    4941       0       1       0       0       0       000000001D   4965
     144       1       0       1       0       0       0               0D   4966
     110    4942       0       1       0       0       0       000010001D   4967
     110       1       0       2       0       0       0               0D   4968
     110    4944       0       1       0       0       0       000010001D   4969
     110       1       0       1       0       0       0               0D   4970
     120    4945       0       1       0       0       0       000010001D   4971
     120       1       0       1       0       0       0               0D   4972
     126    4946       0       1       0       0       0       000010501D   4973
     126       1       0       3       0       0       0               0D   4974
     126    4949       0       1       0       0       0       000010501D   4975
     126       1       0       3       0       0       0               0D   4976
     126    4952       0       1       0       0       0       000010501D   4977
     126       1       0       2       0       0       0               0D   4978
     126    4954       0       1       0       0       0       000010501D   4979
     126       1       0       4       0       0       0               0D   4980
     102    4958       0       1       0       0       0       000010501D   4981
     102       1       0       1       0       0       0               0D   4982
     110    4959       0       1       0       0       0       000010001D   4983
     110       1       0       2       0       0       0               0D   4984
     124    4961       0       1       0       0       0       000010001D   4985
     124       1       0       2       0       0       0               0D   4986
     100    4963       0       1       0       0    4985       000010001D   4987
     100       1       0       2       0       0       0               0D   4988
     110    4965       0       1       0       0       0       000010001D   4989
     110       1       0       1       0       0       0               0D   4990
     124    4966       0       1       0       0       0       000010001D   4991
     124       1       0       2       0       0       0               0D   4992
     100    4968       0       1       0       0    4991       000010001D   4993
     100       1       0       2       0       0       0               0D   4994
     102    4970       0       1       0       0       0       000010001D   4995
     102       1       0       1       0       0       0               0D   4996
     142    4971       0       1       0       0       0       000010001D   4997
     142       1       0       1       0       0       0               0D   4998
     144    4972       0       1       0       0       0       000000001D   4999
     144       1       0       1       0       0       0               0D   5000
     110    4973       0       1       0       0       0       000010001D   5001
     110       1       0       1       0       0       0               0D   5002
     110    4974       0       1       0       0       0       000010001D   5003
     110       1       0       1       0       0       0               0D   5004
     120    4975       0       1       0       0       0       000010001D   5005
     120       1       0       1       0       0       0               0D   5006
     126    4976       0       1       0       0       0       000010501D   5007
     126       1       0       4       0       0       0               0D   5008
     126    4980       0       1       0       0       0       000010501D   5009
     126       1       0       2       0       0       0               0D   5010
     126    4982       0       1       0       0       0       000010501D   5011
     126       1       0       4       0       0       0               0D   5012
     126    4986       0       1       0       0       0       000010501D   5013
     126       1       0       2       0       0       0               0D   5014
     102    4988       0       1       0       0       0       000010501D   5015
     102       1       0       1       0       0       0               0D   5016
     124    4989       0       1       0       0       0       000010001D   5017
     124       1       0       1       0       0       0               0D   5018
     100    4990       0       1       0       0    5017       000010001D   5019
     100       1       0       1       0       0       0               0D   5020
     110    4991       0       1       0       0       0       000010001D   5021
     110       1       0       1       0       0       0               0D   5022
     124    4992       0       1       0       0       0       000010001D   5023
     124       1       0       1       0       0       0               0D   5024
     100    4993       0       1       0       0    5023       000010001D   5025
     100       1       0       1       0       0       0               0D   5026
     110    4994       0       1       0       0       0       000010001D   5027
     110       1       0       1       0       0       0               0D   5028
     102    4995       0       1       0       0       0       000010001D   5029
     102       1       0       1       0       0       0               0D   5030
     142    4996       0       1       0       0       0       000010001D   5031
     142       1       0       1       0       0       0               0D   5032
     144    4997       0       1       0       0       0       000000001D   5033
     144       1       0       1       0       0       0               0D   5034
     110    4998       0       1       0       0       0       000010001D   5035
     110       1       0       1       0       0       0               0D   5036
     122    4999       0       1       0       0       0       000010001D   5037
     122       1       0       1       0       0       0               0D   5038
     126    5000       0       1       0       0       0       000010501D   5039
     126       1       0       2       0       0       0               0D   5040
     126    5002       0       1       0       0       0       000010501D   5041
     126       1       0       2       0       0       0               0D   5042
     126    5004       0       1       0       0       0       000010501D   5043
     126       1       0       2       0       0       0               0D   5044
     126    5006       0       1       0       0       0       000010501D   5045
     126       1       0       2       0       0       0               0D   5046
     102    5008       0       1       0       0       0       000010501D   5047
     102       1       0       1       0       0       0               0D   5048
     110    5009       0       1       0       0       0       000010001D   5049
     110       1       0       1       0       0       0               0D   5050
     110    5010       0       1       0       0       0       000010001D   5051
     110       1       0       1       0       0       0               0D   5052
     110    5011       0       1       0       0       0       000010001D   5053
     110       1       0       1       0       0       0               0D   5054
     110    5012       0       1       0       0       0       000010001D   5055
     110       1       0       1       0       0       0               0D   5056
     102    5013       0       1       0       0       0       000010001D   5057
     102       1       0       1       0       0       0               0D   5058
     142    5014       0       1       0       0       0       000010001D   5059
     142       1       0       1       0       0       0               0D   5060
     144    5015       0       1       0       0       0       000000001D   5061
     144       1       0       1       0       0       0               0D   5062
     110    5016       0       1       0       0       0       000010001D   5063
     110       1       0       2       0       0       0               0D   5064
     122    5018       0       1       0       0       0       000010001D   5065
     122       1       0       1       0       0       0               0D   5066
     126    5019       0       1       0       0       0       000010501D   5067
     126       1       0       3       0       0       0               0D   5068
     126    5022       0       1       0       0       0       000010501D   5069
     126       1       0       4       0       0       0               0D   5070
     126    5026       0       1       0       0       0       000010501D   5071
     126       1       0       2       0       0       0               0D   5072
     126    5028       0       1       0       0       0       000010501D   5073
     126       1       0       2       0       0       0               0D   5074
     126    5030       0       1       0       0       0       000010501D   5075
     126       1       0       2       0       0       0               0D   5076
     126    5032       0       1       0       0       0       000010501D   5077
     126       1       0       2       0       0       0               0D   5078
     126    5034       0       1       0       0       0       000010501D   5079
     126       1       0       2       0       0       0               0D   5080
     126    5036       0       1       0       0       0       000010501D   5081
     126       1       0       4       0       0       0               0D   5082
     102    5040       0       1       0       0       0       000010501D   5083
     102       1       0       1       0       0       0               0D   5084
     110    5041       0       1       0       0       0       000010001D   5085
     110       1       0       1       0       0       0               0D   5086
     110    5042       0       1       0       0       0       000010001D   5087
     110       1       0       2       0       0       0               0D   5088
     110    5044       0       1       0       0       0       000010001D   5089
     110       1       0       2       0       0       0               0D   5090
     110    5046       0       1       0       0       0       000010001D   5091
     110       1       0       2       0       0       0               0D   5092
     110    5048       0       1       0       0       0       000010001D   5093
     110       1       0       2       0       0       0               0D   5094
     110    5050       0       1       0       0       0       000010001D   5095
     110       1       0       2       0       0       0               0D   5096
     110    5052       0       1       0       0       0       000010001D   5097
     110       1       0       2       0       0       0               0D   5098
     110    5054       0       1       0       0       0       000010001D   5099
     110       1       0       2       0       0       0               0D   5100
     102    5056       0       1       0       0       0       000010001D   5101
     102       1       0       1       0       0       0               0D   5102
     142    5057       0       1       0       0       0       000010001D   5103
     142       1       0       1       0       0       0               0D   5104
     144    5058       0       1       0       0       0       000000001D   5105
     144       1       0       1       0       0       0               0D   5106
     110    5059       0       1       0       0       0       000010001D   5107
     110       1       0       1       0       0       0               0D   5108
     110    5060       0       1       0       0       0       000010001D   5109
     110       1       0       1       0       0       0               0D   5110
     120    5061       0       1       0       0       0       000010001D   5111
     120       1       0       1       0       0       0               0D   5112
     126    5062       0       1       0       0       0       000010501D   5113
     126       1       0       3       0       0       0               0D   5114
     126    5065       0       1       0       0       0       000010501D   5115
     126       1       0       4       0       0       0               0D   5116
     126    5069       0       1       0       0       0       000010501D   5117
     126       1       0       3       0       0       0               0D   5118
     126    5072       0       1       0       0       0       000010501D   5119
     126       1       0       4       0       0       0               0D   5120
     102    5076       0       1       0       0       0       000010501D   5121
     102       1       0       1       0       0       0               0D   5122
     110    5077       0       1       0       0       0       000010001D   5123
     110       1       0       2       0       0       0               0D   5124
     124    5079       0       1       0       0       0       000010001D   5125
     124       1       0       1       0       0       0               0D   5126
     100    5080       0       1       0       0    5125       000010001D   5127
     100       1       0       2       0       0       0               0D   5128
     110    5082       0       1       0       0       0       000010001D   5129
     110       1       0       2       0       0       0               0D   5130
     124    5084       0       1       0       0       0       000010001D   5131
     124       1       0       1       0       0       0               0D   5132
     100    5085       0       1       0       0    5131       000010001D   5133
     100       1       0       2       0       0       0               0D   5134
     102    5087       0       1       0       0       0       000010001D   5135
     102       1       0       1       0       0       0               0D   5136
     142    5088       0       1       0       0       0       000010001D   5137
     142       1       0       1       0       0       0               0D   5138
     144    5089       0       1       0       0       0       000000001D   5139
     144       1       0       1       0       0       0               0D   5140
     110    5090       0       1       0       0       0       000010001D   5141
     110       1       0       2       0       0       0               0D   5142
     110    5092       0       1       0       0       0       000010001D   5143
     110       1       0       2       0       0       0               0D   5144
     120    5094       0       1       0       0       0       000010001D   5145
     120       1       0       1       0       0       0               0D   5146
     126    5095       0       1       0       0       0       000010501D   5147
     126       1       0       4       0       0       0               0D   5148
     126    5099       0       1       0       0       0       000010501D   5149
     126       1       0       2       0       0       0               0D   5150
     126    5101       0       1       0       0       0       000010501D   5151
     126       1       0       4       0       0       0               0D   5152
     126    5105       0       1       0       0       0       000010501D   5153
     126       1       0       2       0       0       0               0D   5154
     102    5107       0       1       0       0       0       000010501D   5155
     102       1       0       1       0       0       0               0D   5156
     124    5108       0       1       0       0       0       000010001D   5157
     124       1       0       2       0       0       0               0D   5158
     100    5110       0       1       0       0    5157       000010001D   5159
     100       1       0       2       0       0       0               0D   5160
     110    5112       0       1       0       0       0       000010001D   5161
     110       1       0       2       0       0       0               0D   5162
     124    5114       0       1       0       0       0       000010001D   5163
     124       1       0       2       0       0       0               0D   5164
     100    5116       0       1       0       0    5163       000010001D   5165
     100       1       0       2       0       0       0               0D   5166
     110    5118       0       1       0       0       0       000010001D   5167
     110       1       0       1       0       0       0               0D   5168
     102    5119       0       1       0       0       0       000010001D   5169
     102       1       0       1       0       0       0               0D   5170
     142    5120       0       1       0       0       0       000010001D   5171
     142       1       0       1       0       0       0               0D   5172
     144    5121       0       1       0       0       0       000000001D   5173
     144       1       0       1       0       0       0               0D   5174
     110    5122       0       1       0       0       0       000010001D   5175
     110       1       0       2       0       0       0               0D   5176
     122    5124       0       1       0       0       0       000010001D   5177
     122       1       0       1       0       0       0               0D   5178
     126    5125       0       1       0       0       0       000010501D   5179
     126       1       0       2       0       0       0               0D   5180
     126    5127       0       1       0       0       0       000010501D   5181
     126       1       0       2       0       0       0               0D   5182
     126    5129       0       1       0       0       0       000010501D   5183
     126       1       0       2       0       0       0               0D   5184
     126    5131       0       1       0       0       0       000010501D   5185
     126       1       0       2       0       0       0               0D   5186
     102    5133       0       1       0       0       0       000010501D   5187
     102       1       0       1       0       0       0               0D   5188
     110    5134       0       1       0       0       0       000010001D   5189
     110       1       0       1       0       0       0               0D   5190
     110    5135       0       1       0       0       0       000010001D   5191
     110       1       0       2       0       0       0               0D   5192
     110    5137       0       1       0       0       0       000010001D   5193
     110       1       0       2       0       0       0               0D   5194
     110    5139       0       1       0       0       0       000010001D   5195
     110       1       0       2       0       0       0               0D   5196
     102    5141       0       1       0       0       0       000010001D   5197
     102       1       0       1       0       0       0               0D   5198
     142    5142       0       1       0       0       0       000010001D   5199
     142       1       0       1       0       0       0               0D   5200
     144    5143       0       1       0       0       0       000000001D   5201
     144       1       0       1       0       0       0               0D   5202
     110    5144       0       1       0       0       0       000010001D   5203
     110       1       0       1       0       0       0               0D   5204
     122    5145       0       1       0       0       0       000010001D   5205
     122       1       0       1       0       0       0               0D   5206
     126    5146       0       1       0       0       0       000010501D   5207
     126       1       0       3       0       0       0               0D   5208
     126    5149       0       1       0       0       0       000010501D   5209
     126       1       0       3       0       0       0               0D   5210
     126    5152       0       1       0       0       0       000010501D   5211
     126       1       0       3       0       0       0               0D   5212
     126    5155       0       1       0       0       0       000010501D   5213
     126       1       0       7       0       0       0               0D   5214
     126    5162       0       1       0       0       0       000010501D   5215
     126       1       0       3       0       0       0               0D   5216
     126    5165       0       1       0       0       0       000010501D   5217
     126       1       0       8       0       0       0               0D   5218
     126    5173       0       1       0       0       0       000010501D   5219
     126       1       0      11       0       0       0               0D   5220
     102    5184       0       1       0       0       0       000010501D   5221
     102       1       0       1       0       0       0               0D   5222
     110    5185       0       1       0       0       0       000010001D   5223
     110       1       0       1       0       0       0               0D   5224
     110    5186       0       1       0       0       0       000010001D   5225
     110       1       0       1       0       0       0               0D   5226
     110    5187       0       1       0       0       0       000010001D   5227
     110       1       0       2       0       0       0               0D   5228
     124    5189       0       1       0       0       0       000010001D   5229
     124       1       0       1       0       0       0               0D   5230
     100    5190       0       1       0       0    5229       000010001D   5231
     100       1       0       2       0       0       0               0D   5232
     110    5192       0       1       0       0       0       000010001D   5233
     110       1       0       2       0       0       0               0D   5234
     124    5194       0       1       0       0       0       000010001D   5235
     124       1       0       1       0       0       0               0D   5236
     100    5195       0       1       0       0    5235       000010001D   5237
     100       1       0       1       0       0       0               0D   5238
     124    5196       0       1       0       0       0       000010001D   5239
     124       1       0       1       0       0       0               0D   5240
     100    5197       0       1       0       0    5239       000010001D   5241
     100       1       0       1       0       0       0               0D   5242
     102    5198       0       1       0       0       0       000010001D   5243
     102       1       0       1       0       0       0               0D   5244
     142    5199       0       1       0       0       0       000010001D   5245
     142       1       0       1       0       0       0               0D   5246
     144    5200       0       1       0       0       0       000000001D   5247
     144       1       0       1       0       0       0               0D   5248
     110    5201       0       1       0       0       0       000010001D   5249
     110       1       0       2       0       0       0               0D   5250
     110    5203       0       1       0       0       0       000010001D   5251
     110       1       0       1       0       0       0               0D   5252
     120    5204       0       1       0       0       0       000010001D   5253
     120       1       0       1       0       0       0               0D   5254
     126    5205       0       1       0       0       0       000010501D   5255
     126       1       0       2       0       0       0               0D   5256
     126    5207       0       1       0       0       0       000010501D   5257
     126       1       0       3       0       0       0               0D   5258
     126    5210       0       1       0       0       0       000010501D   5259
     126       1       0       2       0       0       0               0D   5260
     126    5212       0       1       0       0       0       000010501D   5261
     126       1       0       3       0       0       0               0D   5262
     102    5215       0       1       0       0       0       000010501D   5263
     102       1       0       1       0       0       0               0D   5264
     110    5216       0       1       0       0       0       000010001D   5265
     110       1       0       1       0       0       0               0D   5266
     124    5217       0       1       0       0       0       000010001D   5267
     124       1       0       1       0       0       0               0D   5268
     100    5218       0       1       0       0    5267       000010001D   5269
     100       1       0       1       0       0       0               0D   5270
     110    5219       0       1       0       0       0       000010001D   5271
     110       1       0       1       0       0       0               0D   5272
     124    5220       0       1       0       0       0       000010001D   5273
     124       1       0       1       0       0       0               0D   5274
     100    5221       0       1       0       0    5273       000010001D   5275
     100       1       0       1       0       0       0               0D   5276
     102    5222       0       1       0       0       0       000010001D   5277
     102       1       0       1       0       0       0               0D   5278
     142    5223       0       1       0       0       0       000010001D   5279
     142       1       0       1       0       0       0               0D   5280
     144    5224       0       1       0       0       0       000000001D   5281
     144       1       0       1       0       0       0               0D   5282
     110    5225       0       1       0       0       0       000010001D   5283
     110       1       0       2       0       0       0               0D   5284
     110    5227       0       1       0       0       0       000010001D   5285
     110       1       0       1       0       0       0               0D   5286
     120    5228       0       1       0       0       0       000010001D   5287
     120       1       0       1       0       0       0               0D   5288
     126    5229       0       1       0       0       0       000010501D   5289
     126       1       0       2       0       0       0               0D   5290
     126    5231       0       1       0       0       0       000010501D   5291
     126       1       0       3       0       0       0               0D   5292
     126    5234       0       1       0       0       0       000010501D   5293
     126       1       0       2       0       0       0               0D   5294
     126    5236       0       1       0       0       0       000010501D   5295
     126       1       0       3       0       0       0               0D   5296
     102    5239       0       1       0       0       0       000010501D   5297
     102       1       0       1       0       0       0               0D   5298
     110    5240       0       1       0       0       0       000010001D   5299
     110       1       0       1       0       0       0               0D   5300
     124    5241       0       1       0       0       0       000010001D   5301
     124       1       0       1       0       0       0               0D   5302
     100    5242       0       1       0       0    5301       000010001D   5303
     100       1       0       1       0       0       0               0D   5304
     110    5243       0       1       0       0       0       000010001D   5305
     110       1       0       1       0       0       0               0D   5306
     124    5244       0       1       0       0       0       000010001D   5307
     124       1       0       1       0       0       0               0D   5308
     100    5245       0       1       0       0    5307       000010001D   5309
     100       1       0       1       0       0       0               0D   5310
     102    5246       0       1       0       0       0       000010001D   5311
     102       1       0       1       0       0       0               0D   5312
     142    5247       0       1       0       0       0       000010001D   5313
     142       1       0       1       0       0       0               0D   5314
     144    5248       0       1       0       0       0       000000001D   5315
     144       1       0       1       0       0       0               0D   5316
     110    5249       0       1       0       0       0       000010001D   5317
     110       1       0       1       0       0       0               0D   5318
     122    5250       0       1       0       0       0       000010001D   5319
     122       1       0       1       0       0       0               0D   5320
     126    5251       0       1       0       0       0       000010501D   5321
     126       1       0       3       0       0       0               0D   5322
     126    5254       0       1       0       0       0       000010501D   5323
     126       1       0       3       0       0       0               0D   5324
     126    5257       0       1       0       0       0       000010501D   5325
     126       1       0      11       0       0       0               0D   5326
     126    5268       0       1       0       0       0       000010501D   5327
     126       1       0       7       0       0       0               0D   5328
     126    5275       0       1       0       0       0       000010501D   5329
     126       1       0       3       0       0       0               0D   5330
     126    5278       0       1       0       0       0       000010501D   5331
     126       1       0       7       0       0       0               0D   5332
     126    5285       0       1       0       0       0       000010501D   5333
     126       1       0       3       0       0       0               0D   5334
     102    5288       0       1       0       0       0       000010501D   5335
     102       1       0       1       0       0       0               0D   5336
     110    5289       0       1       0       0       0       000010001D   5337
     110       1       0       1       0       0       0               0D   5338
     110    5290       0       1       0       0       0       000010001D   5339
     110       1       0       1       0       0       0               0D   5340
     124    5291       0       1       0       0       0       000010001D   5341
     124       1       0       1       0       0       0               0D   5342
     100    5292       0       1       0       0    5341       000010001D   5343
     100       1       0       1       0       0       0               0D   5344
     124    5293       0       1       0       0       0       000010001D   5345
     124       1       0       1       0       0       0               0D   5346
     100    5294       0       1       0       0    5345       000010001D   5347
     100       1       0       1       0       0       0               0D   5348
     110    5295       0       1       0       0       0       000010001D   5349
     110       1       0       2       0       0       0               0D   5350
     124    5297       0       1       0       0       0       000010001D   5351
     124       1       0       1       0       0       0               0D   5352
     100    5298       0       1       0       0    5351       000010001D   5353
     100       1       0       2       0       0       0               0D   5354
     110    5300       0       1       0       0       0       000010001D   5355
     110       1       0       2       0       0       0               0D   5356
     102    5302       0       1       0       0       0       000010001D   5357
     102       1       0       1       0       0       0               0D   5358
     142    5303       0       1       0       0       0       000010001D   5359
     142       1       0       1       0       0       0               0D   5360
     144    5304       0       1       0       0       0       000000001D   5361
     144       1       0       1       0       0       0               0D   5362
     110    5305       0       1       0       0       0       000010001D   5363
     110       1       0       2       0       0       0               0D   5364
     110    5307       0       1       0       0       0       000010001D   5365
     110       1       0       2       0       0       0               0D   5366
     120    5309       0       1       0       0       0       000010001D   5367
     120       1       0       1       0       0       0               0D   5368
     126    5310       0       1       0       0       0       000010501D   5369
     126       1       0       5       0       0       0               0D   5370
     126    5315       0       1       0       0       0       000010501D   5371
     126       1       0       3       0       0       0               0D   5372
     126    5318       0       1       0       0       0       000010501D   5373
     126       1       0       3       0       0       0               0D   5374
     126    5321       0       1       0       0       0       000010501D   5375
     126       1       0       3       0       0       0               0D   5376
     102    5324       0       1       0       0       0       000010501D   5377
     102       1       0       1       0       0       0               0D   5378
     124    5325       0       1       0       0       0       000010001D   5379
     124       1       0       3       0       0       0               0D   5380
     104    5328       0       1       0       0    5379       000010001D   5381
     104       1       0       3       1       0       0               0D   5382
     110    5331       0       1       0       0       0       000010001D   5383
     110       1       0       2       0       0       0               0D   5384
     124    5333       0       1       0       0       0       000010001D   5385
     124       1       0       2       0       0       0               0D   5386
     100    5335       0       1       0       0    5385       000010001D   5387
     100       1       0       2       0       0       0               0D   5388
     110    5337       0       1       0       0       0       000010001D   5389
     110       1       0       1       0       0       0               0D   5390
     102    5338       0       1       0       0       0       000010001D   5391
     102       1       0       1       0       0       0               0D   5392
     142    5339       0       1       0       0       0       000010001D   5393
     142       1       0       1       0       0       0               0D   5394
     144    5340       0       1       0       0       0       000000001D   5395
     144       1       0       1       0       0       0               0D   5396
     110    5341       0       1       0       0       0       000010001D   5397
     110       1       0       2       0       0       0               0D   5398
     110    5343       0       1       0       0       0       000010001D   5399
     110       1       0       2       0       0       0               0D   5400
     120    5345       0       1       0       0       0       000010001D   5401
     120       1       0       1       0       0       0               0D   5402
     126    5346       0       1       0       0       0       000010501D   5403
     126       1       0       7       0       0       0               0D   5404
     126    5353       0       1       0       0       0       000010501D   5405
     126       1       0       4       0       0       0               0D   5406
     126    5357       0       1       0       0       0       000010501D   5407
     126       1       0       4       0       0       0               0D   5408
     126    5361       0       1       0       0       0       000010501D   5409
     126       1       0       4       0       0       0               0D   5410
     126    5365       0       1       0       0       0       000010501D   5411
     126       1       0       3       0       0       0               0D   5412
     102    5368       0       1       0       0       0       000010501D   5413
     102       1       0       1       0       0       0               0D   5414
     124    5369       0       1       0       0       0       000010001D   5415
     124       1       0       3       0       0       0               0D   5416
     104    5372       0       1       0       0    5415       000010001D   5417
     104       1       0       3       1       0       0               0D   5418
     110    5375       0       1       0       0       0       000010001D   5419
     110       1       0       2       0       0       0               0D   5420
     126    5377       0       1       0       0       0       000010001D   5421
     126       1       0       5       0       0       0               0D   5422
     124    5382       0       1       0       0       0       000010001D   5423
     124       1       0       2       0       0       0               0D   5424
     100    5384       0       1       0       0    5423       000010001D   5425
     100       1       0       2       0       0       0               0D   5426
     110    5386       0       1       0       0       0       000010001D   5427
     110       1       0       2       0       0       0               0D   5428
     102    5388       0       1       0       0       0       000010001D   5429
     102       1       0       1       0       0       0               0D   5430
     142    5389       0       1       0       0       0       000010001D   5431
     142       1       0       1       0       0       0               0D   5432
     144    5390       0       1       0       0       0       000000001D   5433
     144       1       0       1       0       0       0               0D   5434
     110    5391       0       1       0       0       0       000010001D   5435
     110       1       0       1       0       0       0               0D   5436
     110    5392       0       1       0       0       0       000010001D   5437
     110       1       0       2       0       0       0               0D   5438
     120    5394       0       1       0       0       0       000010001D   5439
     120       1       0       1       0       0       0               0D   5440
     126    5395       0       1       0       0       0       000010501D   5441
     126       1       0       5       0       0       0               0D   5442
     126    5400       0       1       0       0       0       000010501D   5443
     126       1       0       6       0       0       0               0D   5444
     126    5406       0       1       0       0       0       000010501D   5445
     126       1       0       7       0       0       0               0D   5446
     126    5413       0       1       0       0       0       000010501D   5447
     126       1       0       4       0       0       0               0D   5448
     102    5417       0       1       0       0       0       000010501D   5449
     102       1       0       1       0       0       0               0D   5450
     124    5418       0       1       0       0       0       000010001D   5451
     124       1       0       2       0       0       0               0D   5452
     104    5420       0       1       0       0    5451       000010001D   5453
     104       1       0       3       1       0       0               0D   5454
     126    5423       0       1       0       0       0       000010001D   5455
     126       1       0       6       0       0       0               0D   5456
     126    5429       0       1       0       0       0       000010001D   5457
     126       1       0       9       0       0       0               0D   5458
     110    5438       0       1       0       0       0       000010001D   5459
     110       1       0       2       0       0       0               0D   5460
     102    5440       0       1       0       0       0       000010001D   5461
     102       1       0       1       0       0       0               0D   5462
     142    5441       0       1       0       0       0       000010001D   5463
     142       1       0       1       0       0       0               0D   5464
     144    5442       0       1       0       0       0       000000001D   5465
     144       1       0       1       0       0       0               0D   5466
     110    5443       0       1       0       0       0       000010001D   5467
     110       1       0       1       0       0       0               0D   5468
     110    5444       0       1       0       0       0       000010001D   5469
     110       1       0       2       0       0       0               0D   5470
     120    5446       0       1       0       0       0       000010001D   5471
     120       1       0       1       0       0       0               0D   5472
     126    5447       0       1       0       0       0       000010501D   5473
     126       1       0       6       0       0       0               0D   5474
     126    5453       0       1       0       0       0       000010501D   5475
     126       1       0       7       0       0       0               0D   5476
     126    5460       0       1       0       0       0       000010501D   5477
     126       1       0       5       0       0       0               0D   5478
     126    5465       0       1       0       0       0       000010501D   5479
     126       1       0       4       0       0       0               0D   5480
     102    5469       0       1       0       0       0       000010501D   5481
     102       1       0       1       0       0       0               0D   5482
     126    5470       0       1       0       0       0       000010001D   5483
     126       1       0       8       0       0       0               0D   5484
     126    5478       0       1       0       0       0       000010001D   5485
     126       1       0       6       0       0       0               0D   5486
     124    5484       0       1       0       0       0       000010001D   5487
     124       1       0       2       0       0       0               0D   5488
     104    5486       0       1       0       0    5487       000010001D   5489
     104       1       0       3       1       0       0               0D   5490
     110    5489       0       1       0       0       0       000010001D   5491
     110       1       0       2       0       0       0               0D   5492
     102    5491       0       1       0       0       0       000010001D   5493
     102       1       0       1       0       0       0               0D   5494
     142    5492       0       1       0       0       0       000010001D   5495
     142       1       0       1       0       0       0               0D   5496
     144    5493       0       1       0       0       0       000000001D   5497
     144       1       0       1       0       0       0               0D   5498
     110    5494       0       1       0       0       0       000010001D   5499
     110       1       0       2       0       0       0               0D   5500
     110    5496       0       1       0       0       0       000010001D   5501
     110       1       0       2       0       0       0               0D   5502
     120    5498       0       1       0       0       0       000010001D   5503
     120       1       0       1       0       0       0               0D   5504
     126    5499       0       1       0       0       0       000010501D   5505
     126       1       0       7       0       0       0               0D   5506
     126    5506       0       1       0       0       0       000010501D   5507
     126       1       0       3       0       0       0               0D   5508
     126    5509       0       1       0       0       0       000010501D   5509
     126       1       0       4       0       0       0               0D   5510
     126    5513       0       1       0       0       0       000010501D   5511
     126       1       0       4       0       0       0               0D   5512
     126    5517       0       1       0       0       0       000010501D   5513
     126       1       0       4       0       0       0               0D   5514
     102    5521       0       1       0       0       0       000010501D   5515
     102       1       0       1       0       0       0               0D   5516
     124    5522       0       1       0       0       0       000010001D   5517
     124       1       0       3       0       0       0               0D   5518
     104    5525       0       1       0       0    5517       000010001D   5519
     104       1       0       3       1       0       0               0D   5520
     110    5528       0       1       0       0       0       000010001D   5521
     110       1       0       2       0       0       0               0D   5522
     124    5530       0       1       0       0       0       000010001D   5523
     124       1       0       2       0       0       0               0D   5524
     100    5532       0       1       0       0    5523       000010001D   5525
     100       1       0       2       0       0       0               0D   5526
     126    5534       0       1       0       0       0       000010001D   5527
     126       1       0       6       0       0       0               0D   5528
     110    5540       0       1       0       0       0       000010001D   5529
     110       1       0       2       0       0       0               0D   5530
     102    5542       0       1       0       0       0       000010001D   5531
     102       1       0       1       0       0       0               0D   5532
     142    5543       0       1       0       0       0       000010001D   5533
     142       1       0       1       0       0       0               0D   5534
     144    5544       0       1       0       0       0       000000001D   5535
     144       1       0       1       0       0       0               0D   5536
     110    5545       0       1       0       0       0       000010001D   5537
     110       1       0       2       0       0       0               0D   5538
     110    5547       0       1       0       0       0       000010001D   5539
     110       1       0       2       0       0       0               0D   5540
     120    5549       0       1       0       0       0       000010001D   5541
     120       1       0       1       0       0       0               0D   5542
     126    5550       0       1       0       0       0       000010501D   5543
     126       1       0       5       0       0       0               0D   5544
     126    5555       0       1       0       0       0       000010501D   5545
     126       1       0       3       0       0       0               0D   5546
     126    5558       0       1       0       0       0       000010501D   5547
     126       1       0       4       0       0       0               0D   5548
     126    5562       0       1       0       0       0       000010501D   5549
     126       1       0       3       0       0       0               0D   5550
     102    5565       0       1       0       0       0       000010501D   5551
     102       1       0       1       0       0       0               0D   5552
     124    5566       0       1       0       0       0       000010001D   5553
     124       1       0       3       0       0       0               0D   5554
     104    5569       0       1       0       0    5553       000010001D   5555
     104       1       0       2       1       0       0               0D   5556
     110    5571       0       1       0       0       0       000010001D   5557
     110       1       0       1       0       0       0               0D   5558
     124    5572       0       1       0       0       0       000010001D   5559
     124       1       0       1       0       0       0               0D   5560
     100    5573       0       1       0       0    5559       000010001D   5561
     100       1       0       2       0       0       0               0D   5562
     110    5575       0       1       0       0       0       000010001D   5563
     110       1       0       2       0       0       0               0D   5564
     102    5577       0       1       0       0       0       000010001D   5565
     102       1       0       1       0       0       0               0D   5566
     142    5578       0       1       0       0       0       000010001D   5567
     142       1       0       1       0       0       0               0D   5568
     144    5579       0       1       0       0       0       000000001D   5569
     144       1       0       1       0       0       0               0D   5570
110,2.67086401670496,16.3,4.15,2.67086401670496,16.3,                  1P      1
-995.85000000000002;                                                   1P      2
110,2.27086401670496,16.3,3.75,2.27086401670496,16.3,4.15;             3P      3
120,1,3,0.,6.28318530717959;                                           5P      4
126,1,1,1,0,1,0,-4.01425727958696,-4.01425727958696,                   7P      5
-3.14159265358979,-3.14159265358979,1.,1.,1.,5.41052068118242,         7P      6
0.,1.,6.28318530717959,0.,-4.01425727958696,-3.14159265358979,         7P      7
0.,0.,1.;                                                              7P      8
126,1,1,1,0,1,0,0.,0.,0.0004,0.0004,1.,1.,1.,6.28318530717959,         9P      9
0.,0.,6.28318530717959,0.,0.,0.0004,0.,0.,1.;                          9P     10
126,1,1,1,0,1,0,3.14159265358979,3.14159265358979,                    11P     11
4.01425727958697,4.01425727958697,1.,1.,0.,6.28318530717959,0.,       11P     12
0.,5.41052068118241,0.,3.14159265358979,4.01425727958697,0.,0.,       11P     13
1.;                                                                   11P     14
126,1,1,1,0,1,0,-0.0004,-0.0004,0.,0.,1.,1.,0.,5.41052068118242,      13P     15
0.,1.,5.41052068118242,0.,-0.0004,0.,0.,0.,1.;                        13P     16
102,4,7,9,11,13;                                                      15P     17
124,1.,0.,0.,2.67086401670496,0.,-1.,0.,16.3,0.,0.,-1.,4.15;          17P     18
100,0.,0.,0.,-0.25711504387461,0.30641777724759,-0.4,-0.;             19P     19
110,2.27086401670496,16.3,4.15,2.27086401670496,16.3,3.75;            21P     20
124,1.,0.,0.,2.67086401670496,0.,1.,0.,16.3,0.,0.,1.,3.75;            23P     21
100,0.,0.,0.,-0.4,0.,-0.25711504387461,-0.30641777724759;             25P     22
110,2.41374897283035,15.99358222275241,3.75,2.41374897283035,         27P     23
15.99358222275241,4.15;                                               27P     24
102,4,19,21,25,27;                                                    29P     25
142,1,5,15,29,2;                                                      31P     26
144,5,1,0,31;                                                         33P     27
110,2.67086401670496,16.3,4.15,2.67086401670496,16.3,                 35P     28
-995.85000000000002;                                                  35P     29
110,2.27086401670496,16.3,-0.25,2.27086401670496,16.3,0.15;           37P     30
120,35,37,0.,6.28318530717959;                                        39P     31
126,1,1,1,0,1,0,-4.01425727958696,-4.01425727958696,                  41P     32
-3.14159265358979,-3.14159265358979,1.,1.,1.,5.41052068118242,        41P     33
0.,1.,6.28318530717959,0.,-4.01425727958696,-3.14159265358979,        41P     34
0.,0.,1.;                                                             41P     35
126,1,1,1,0,1,0,0.004,0.004,0.0044,0.0044,1.,1.,1.,                   43P     36
6.28318530717959,0.,0.,6.28318530717959,0.,0.004,0.0044,0.,0.,        43P     37
1.;                                                                   43P     38
126,1,1,1,0,1,0,3.14159265358979,3.14159265358979,                    45P     39
4.01425727958696,4.01425727958696,1.,1.,0.,6.28318530717959,0.,       45P     40
0.,5.41052068118242,0.,3.14159265358979,4.01425727958696,0.,0.,       45P     41
1.;                                                                   45P     42
126,1,1,1,0,1,0,-0.0044,-0.0044,-0.004,-0.004,1.,1.,0.,               47P     43
5.41052068118242,0.,1.,5.41052068118242,0.,-0.0044,-0.004,0.,0.,      47P     44
1.;                                                                   47P     45
102,4,41,43,45,47;                                                    49P     46
124,1.,0.,0.,2.67086401670496,0.,-1.,0.,16.3,0.,0.,-1.,0.15;          51P     47
100,0.,0.,0.,-0.25711504387461,0.30641777724759,-0.4,-0.;             53P     48
110,2.27086401670496,16.3,0.15,2.27086401670496,16.3,-0.25;           55P     49
124,1.,0.,0.,2.67086401670496,0.,1.,0.,16.3,0.,0.,1.,-0.25;           57P     50
100,0.,0.,0.,-0.4,0.,-0.25711504387461,-0.30641777724759;             59P     51
110,2.41374897283035,15.99358222275241,-0.25,2.41374897283035,        61P     52
15.99358222275241,0.15;                                               61P     53
102,4,53,55,59,61;                                                    63P     54
142,1,39,49,63,2;                                                     65P     55
144,39,1,0,65;                                                        67P     56
110,-0.2,9.7,5.5,-0.2,9.7,1005.50000000000011;                        69P     57
110,0.5,9.7,5.8,0.8,9.7,5.5;                                          71P     58
120,69,71,0.,6.28318530717959;                                        73P     59
126,1,1,1,0,1,0,-0.12844186219597,-0.12844186219597,0.,0.,1.,1.,      75P     60
0.,0.12844186219597,0.,0.,0.,0.,-0.12844186219597,0.,0.,0.,1.;        75P     61
126,1,1,1,0,1,0,-0.00042426406871,-0.00042426406871,0.,0.,1.,1.,      77P     62
-0.,0.,0.,1.,0.,0.,-0.00042426406871,0.,0.,0.,1.;                     77P     63
126,1,1,1,0,1,0,0.,0.,0.12844186219598,0.12844186219598,1.,1.,        79P     64
1.,0.,0.,1.,0.12844186219598,0.,0.,0.12844186219598,0.,0.,1.;         79P     65
126,1,1,1,0,1,0,-0.,-0.,0.00042426406871,0.00042426406871,1.,1.,      81P     66
1.,0.12844186219597,0.,0.,0.12844186219597,0.,-0.,                    81P     67
0.00042426406871,0.,0.,1.;                                            81P     68
102,4,75,77,79,81;                                                    83P     69
124,1.,0.,0.,-0.2,0.,-1.,0.,9.7,0.,0.,-1.,5.8;                        85P     70
100,0.,0.,0.,0.69423387448652,-0.08966229706755,0.7,0.;               87P     71
110,0.5,9.7,5.8,0.8,9.7,5.5;                                          89P     72
124,1.,0.,0.,-0.2,0.,1.,0.,9.7,0.,0.,1.,5.5;                          91P     73
100,0.,0.,0.,1.,0.,0.99176267783789,0.12808899581079;                 93P     74
110,0.79176267783789,9.82808899581079,5.5,0.49423387448652,           95P     75
9.78966229706755,5.8;                                                 95P     76
102,4,87,89,93,95;                                                    97P     77
142,1,73,83,97,2;                                                     99P     78
144,73,1,0,99;                                                       101P     79
110,-1.4,9.5,5.5,-1.4,9.5,-994.5;                                    103P     80
110,-1.8,9.5,5.,-1.8,9.5,5.5;                                        105P     81
120,103,105,0.,6.28318530717959;                                     107P     82
126,1,1,1,0,1,0,-4.36177670056101,-4.36177670056101,                 109P     83
-3.14159265358979,-3.14159265358979,1.,1.,1.,5.06300126020837,       109P     84
0.,1.,6.28318530717959,0.,-4.36177670056101,-3.14159265358979,       109P     85
0.,0.,1.;                                                            109P     86
126,1,1,1,0,1,0,0.,0.,0.0005,0.0005,1.,1.,1.,6.28318530717959,       111P     87
0.,0.,6.28318530717959,0.,0.,0.0005,0.,0.,1.;                        111P     88
126,1,1,1,0,1,0,3.14159265358979,3.14159265358979,                   113P     89
4.36177670056101,4.36177670056101,1.,1.,0.,6.28318530717959,0.,      113P     90
0.,5.06300126020837,0.,3.14159265358979,4.36177670056101,0.,0.,      113P     91
1.;                                                                  113P     92
126,1,1,1,0,1,0,-0.0005,-0.0005,0.,0.,1.,1.,0.,5.06300126020837,     115P     93
0.,1.,5.06300126020837,0.,-0.0005,0.,0.,0.,1.;                       115P     94
102,4,109,111,113,115;                                               117P     95
124,1.,0.,0.,-1.4,0.,-1.,0.,9.5,0.,0.,-1.,5.5;                       119P     96
100,0.,0.,0.,-0.13738916084185,0.37566503494892,-0.4,-0.;            121P     97
110,-1.8,9.5,5.5,-1.8,9.5,5.;                                        123P     98
124,1.,0.,0.,-1.4,0.,1.,0.,9.5,0.,0.,1.,5.;                          125P     99
100,0.,0.,0.,-0.4,0.,-0.13738916084185,-0.37566503494892;            127P    100
110,-1.53738916084185,9.12433496505108,5.,-1.53738916084185,         129P    101
9.12433496505108,5.5;                                                129P    102
102,4,121,123,127,129;                                               131P    103
142,1,107,117,131,2;                                                 133P    104
144,107,1,0,133;                                                     135P    105
110,-9.25,14.2,1.8,-9.25,-985.79999999999995,1.8;                    137P    106
110,-9.25,16.4,0.75,-9.25,14.2,0.75;                                 139P    107
120,137,139,0.,6.28318530717959;                                     141P    108
126,1,1,1,0,1,0,-0.66752944463583,-0.66752944463583,0.,0.,1.,1.,     143P    109
0.,0.66752944463583,0.,0.,0.,0.,-0.66752944463583,0.,0.,0.,1.;       143P    110
126,1,1,1,0,1,0,-0.0022,-0.0022,0.,0.,1.,1.,0.,0.,0.,1.,0.,0.,       145P    111
-0.0022,0.,0.,0.,1.;                                                 145P    112
126,1,1,1,0,1,0,0.,0.,0.66752944463583,0.66752944463583,1.,1.,       147P    113
1.,0.,0.,1.,0.66752944463583,0.,0.,0.66752944463583,0.,0.,1.;        147P    114
126,1,1,1,0,1,0,0.,0.,0.0022,0.0022,1.,1.,1.,0.66752944463583,       149P    115
0.,0.,0.66752944463583,0.,0.,0.0022,0.,0.,1.;                        149P    116
102,4,143,145,147,149;                                               151P    117
124,0.,-1.,0.,-9.25,0.,0.,1.,16.4,-1.,0.,0.,1.8;                     153P    118
100,0.,0.,0.,0.82462112512353,-0.65,1.05,0.;                         155P    119
110,-9.25,16.4,0.75,-9.25,14.2,0.75;                                 157P    120
124,0.,1.,0.,-9.25,0.,0.,-1.,14.2,-1.,0.,0.,1.8;                     159P    121
100,0.,0.,0.,1.05,0.,0.82462112512353,0.65;                          161P    122
110,-8.6,14.2,0.97537887487647,-8.6,16.4,0.97537887487647;           163P    123
102,4,155,157,161,163;                                               165P    124
142,1,141,151,165,2;                                                 167P    125
144,141,1,0,167;                                                     169P    126
110,-9.25,16.7,1.8,-9.25,-983.29999999999995,1.8;                    171P    127
110,-9.25,16.7,3.02320508075689,-9.25,16.4,2.85;                     173P    128
120,171,173,0.,6.28318530717959;                                     175P    129
126,1,1,1,0,1,0,2.47406320895396,2.47406320895396,                   177P    130
3.14159265358979,3.14159265358979,1.,1.,1.,5.61565586254375,0.,      177P    131
1.,6.28318530717959,0.,2.47406320895396,3.14159265358979,0.,0.,      177P    132
1.;                                                                  177P    133
126,1,1,1,0,1,0,-0.00034641016151,-0.00034641016151,0.,0.,1.,1.,     179P    134
1.,6.28318530717959,0.,0.,6.28318530717959,0.,-0.00034641016151,     179P    135
0.,0.,0.,1.;                                                         179P    136
126,1,1,1,0,1,0,-3.14159265358979,-3.14159265358979,                 181P    137
-2.58135107614079,-2.58135107614079,1.,1.,0.,6.28318530717959,       181P    138
0.,0.,5.72294372973059,0.,-3.14159265358979,-2.58135107614079,       181P    139
0.,0.,1.;                                                            181P    140
126,2,2,1,0,1,0,-0.00295114112052,-0.00295114112052,                 183P    141
-0.00295114112052,-0.00258384160389,-0.00258384160389,               183P    142
-0.00258384160389,1.,1.,1.,0.,5.72294372973059,0.,                   183P    143
0.5518606873224,5.67392562831063,0.,1.00000000000001,                183P    144
5.61565586254375,0.,-0.00295114112052,-0.00258384160389,0.,0.,       183P    145
1.;                                                                  183P    146
102,4,177,179,181,183;                                               185P    147
124,0.,1.,0.,-9.25,0.,0.,-1.,16.4,-1.,0.,0.,1.8;                     187P    148
100,0.,0.,0.,-0.82462112512353,0.65,-1.05,0.;                        189P    149
110,-9.25,16.4,2.85,-9.25,16.7,3.02320508075689;                     191P    150
124,0.,-1.,0.,-9.25,0.,0.,1.,16.7,-1.,0.,0.,1.8;                     193P    151
100,0.,0.,0.,-1.22320508075689,-0.,-1.03620976138496,-0.65;          195P    152
126,3,3,0,0,1,0,-0.00295114112052,-0.00295114112052,                 197P    153
-0.00295114112052,-0.00295114112052,-0.00258384160389,               197P    154
-0.00258384160389,-0.00258384160389,-0.00258384160389,1.,1.,1.,      197P    155
1.,-8.6,16.7,2.83620976138496,-8.6,16.59886058926623,                197P    156
2.76727926772567,-8.6,16.49852081180288,2.69704840870421,-8.6,       197P    157
16.4,2.62462112512353,-0.00295114112052,-0.00258384160389;           197P    158
102,4,189,191,195,197;                                               199P    159
142,1,175,185,199,2;                                                 201P    160
144,175,1,0,201;                                                     203P    161
110,-9.9,1.8,3.4,-9.9,1.8,-996.60000000000002;                       205P    162
110,-8.59,1.8,3.4,-8.05829056833852,1.8,4.4;                         207P    163
120,205,207,0.,6.28318530717959;                                     209P    164
126,1,1,1,0,1,0,3.55431933467875,3.55431933467875,                   211P    165
6.28318530717959,6.28318530717959,1.,1.,0.,2.72886597250084,0.,      211P    166
0.,0.,0.,3.55431933467875,6.28318530717959,0.,0.,1.;                 211P    167
126,1,1,1,0,1,0,0.,0.,0.00113257005069,0.00113257005069,1.,1.,       213P    168
0.,0.,0.,1.,0.,0.,0.,0.00113257005069,0.,0.,1.;                      213P    169
126,1,1,1,0,1,0,-6.28318530717959,-6.28318530717959,                 215P    170
-4.92561717471463,-4.92561717471463,1.,1.,1.,0.,0.,1.,               215P    171
1.35756813246496,0.,-6.28318530717959,-4.92561717471463,0.,0.,       215P    172
1.;                                                                  215P    173
126,4,2,1,0,1,0,-0.00302276389524,-0.00302276389524,                 217P    174
-0.00302276389524,-0.00262972961301,-0.00262972961301,               217P    175
-0.00223669533078,-0.00223669533078,-0.00223669533078,1.,1.,1.,      217P    176
1.,1.,1.,1.35756813246495,0.,0.92161813676868,1.46208143189785,      217P    177
0.,0.92155601639387,1.57062727385631,0.,0.92149379740471,            217P    178
1.67934542929283,0.,1.,1.78402452112507,0.,-0.00302276389524,        217P    179
-0.00223669533078,0.,0.,1.;                                          217P    180
126,1,1,1,0,1,0,-4.49916078605475,-4.49916078605475,                 219P    181
-4.002738616538,-4.002738616538,1.,1.,1.,1.78402452112484,0.,1.,     219P    182
2.28044669064159,0.,-4.49916078605475,-4.002738616538,0.,0.,1.;      219P    183
126,2,2,1,0,1,0,-0.00380010030485,-0.00380010030485,                 221P    184
-0.00380010030485,-0.00247127324965,-0.00247127324965,               221P    185
-0.00247127324965,1.,1.,1.,1.,2.28044669064158,0.,                   221P    186
0.29522169493604,2.45521349749083,0.,0.00000000000488,               221P    187
2.72886597250227,0.,-0.00380010030485,-0.00247127324965,0.,0.,       221P    188
1.;                                                                  221P    189
102,6,211,213,215,217,219,221;                                       223P    190
124,1.,0.,0.,-9.9,0.,1.,0.,1.8,0.,0.,1.,3.4;                         225P    191
100,0.,0.,0.,-1.19999999999687,-0.52545218622393,1.31,-0.;           227P    192
110,-8.59,1.8,3.4,-8.05829056833852,1.8,4.4;                         229P    193
124,1.,0.,0.,-9.9,0.,-1.,0.,1.8,0.,0.,-1.,4.4;                       231P    194
100,0.,0.,0.,1.84170943166148,0.,0.38973533413183,1.8;               233P    195
126,5,3,0,0,1,0,-0.00302276389524,-0.00302276389524,                 235P    196
-0.00302276389524,-0.00302276389524,-0.00262972961301,               235P    197
-0.00262972961301,-0.00223669533078,-0.00223669533078,               235P    198
-0.00223669533078,-0.00223669533078,1.,1.,1.,1.,1.,1.,               235P    199
-9.51026466586817,0.,4.39999999999999,-9.63397112451745,0.,          235P    200
4.35076582332368,-9.76598179481312,0.,4.32159852970649,              235P    201
-10.03340961460219,0.,4.32151350308126,-10.16488287860077,0.,        235P    202
4.35030972577076,-10.28973533413227,0.,4.39999999999922,             235P    203
-0.00302276389524,-0.00223669533078;                                 235P    204
124,1.,0.,0.,-9.9,0.,-1.,0.,1.8,0.,0.,-1.,4.4;                       237P    205
100,0.,0.,0.,-0.38973533413183,1.8,-1.2,1.3971018683943;             239P    206
126,5,3,0,0,1,0,-0.00380010030485,-0.00380010030485,                 241P    207
-0.00380010030485,-0.00380010030485,-0.00313568677725,               241P    208
-0.00313568677725,-0.00247127324965,-0.00247127324965,               241P    209
-0.00247127324965,-0.00247127324965,1.,1.,1.,1.,1.,1.,-11.1,         241P    210
0.40289813160567,4.39999999999997,-11.1,0.5305284644392,             241P    211
4.21790983099853,-11.1,0.66261668349723,4.03895883870235,-11.1,      241P    212
0.94720154208737,3.69731102842784,-11.1,1.09681466800425,            241P    213
3.53407752093177,-11.1,1.27454781377674,3.40000000000488,            241P    214
-0.00380010030485,-0.00247127324965;                                 241P    215
102,6,227,229,233,235,239,241;                                       243P    216
142,1,209,223,243,2;                                                 245P    217
144,209,1,0,245;                                                     247P    218
110,-9.9,1.8,4.4,-9.9,1.8,1004.39999999999998;                       249P    219
110,-8.59,1.8,3.40000000000276,-8.59,1.8,0.;                         251P    220
120,249,251,0.,6.28318530717959;                                     253P    221
126,1,1,1,0,1,0,3.55431933467279,3.55431933467279,                   255P    222
6.28318530717959,6.28318530717959,1.,1.,1.,3.55431933467279,0.,      255P    223
1.,6.28318530717959,0.,3.55431933467279,6.28318530717959,0.,0.,      255P    224
1.;                                                                  255P    225
126,1,1,1,0,1,0,-0.0044,-0.0044,-0.0026,-0.0026,1.,1.,1.,            257P    226
6.28318530717959,0.,0.47058823529455,6.28318530717959,0.,            257P    227
-0.0044,-0.0026,0.,0.,1.;                                            257P    228
126,1,1,1,0,1,0,-6.28318530717959,-6.28318530717959,                 259P    229
-6.15954615845631,-6.15954615845631,1.,1.,0.47058823529455,          259P    230
6.28318530717959,0.,0.47058823529455,6.15954615845631,0.,            259P    231
-6.28318530717959,-6.15954615845631,0.,0.,1.;                        259P    232
126,1,1,1,0,1,0,-0.0026,-0.0026,-0.0016,-0.0016,1.,1.,               261P    233
0.47058823529455,6.15954615845631,0.,0.17647058823596,               261P    234
6.15954615845631,0.,-0.0026,-0.0016,0.,0.,1.;                        261P    235
126,1,1,1,0,1,0,-3.26523180231307,-3.26523180231307,                 263P    236
-3.14159265358979,-3.14159265358979,1.,1.,0.17647058823596,          263P    237
6.15954615845631,0.,0.17647058823596,6.28318530717959,0.,            263P    238
-3.26523180231307,-3.14159265358979,0.,0.,1.;                        263P    239
126,1,1,1,0,1,0,-0.0016,-0.0016,-0.001,-0.001,1.,1.,                 265P    240
0.17647058823596,6.28318530717959,0.,0.,6.28318530717959,0.,         265P    241
-0.0016,-0.001,0.,0.,1.;                                             265P    242
126,1,1,1,0,1,0,-6.28318530717959,-6.28318530717959,                 267P    243
-3.55431933467875,-3.55431933467875,1.,1.,0.,6.28318530717959,       267P    244
0.,0.,3.55431933467875,0.,-6.28318530717959,-3.55431933467875,       267P    245
0.,0.,1.;                                                            267P    246
126,1,1,1,0,1,0,0.001,0.001,0.0044,0.0044,1.,1.,0.,                  269P    247
3.55431933467279,0.,1.,3.55431933467279,0.,0.001,0.0044,0.,0.,       269P    248
1.;                                                                  269P    249
102,8,255,257,259,261,263,265,267,269;                               271P    250
124,1.,0.,0.,-9.9,0.,1.,0.,1.8,0.,0.,1.,0.;                          273P    251
100,0.,0.,0.,-1.2,-0.52545218621678,1.31,-0.;                        275P    252
110,-8.59,1.8,0.,-8.59,1.8,1.8;                                      277P    253
124,1.,0.,0.,-9.9,0.,-1.,0.,1.8,0.,0.,-1.,1.8;                       279P    254
100,0.,0.,0.,1.31,0.,1.3,0.16155494421403;                           281P    255
110,-8.6,1.63844505578597,1.8,-8.6,1.63844505578597,2.8;             283P    256
124,-1.,0.,0.,-9.9,0.,-1.,0.,1.8,0.,0.,1.,2.8;                       285P    257
100,0.,0.,0.,-1.3,0.16155494421403,-1.31,-0.;                        287P    258
110,-8.59,1.8,2.8,-8.59,1.8,3.4;                                     289P    259
124,1.,0.,0.,-9.9,0.,-1.,0.,1.8,0.,0.,-1.,3.4;                       291P    260
100,0.,0.,0.,1.31,0.,-1.19999999999687,0.52545218622393;             293P    261
110,-11.1,1.27454781378322,3.40000000000276,-11.1,                   295P    262
1.27454781378322,0.;                                                 295P    263
102,8,275,277,281,283,287,289,293,295;                               297P    264
142,1,253,271,297,2;                                                 299P    265
144,253,1,0,299;                                                     301P    266
110,-9.9,1.8,4.4,-9.9,1.8,1004.39999999999998;                       303P    267
110,-8.59,1.8,1.8,-8.59,1.8,0.;                                      305P    268
120,303,305,0.,6.28318530717959;                                     307P    269
126,1,1,1,0,1,0,0.0026,0.0026,0.0044,0.0044,1.,1.,0.,0.,0.,1.,       309P    270
0.,0.,0.0026,0.0044,0.,0.,1.;                                        309P    271
126,1,1,1,0,1,0,0.,0.,0.09709907169996,0.09709907169996,1.,1.,       311P    272
1.,0.,0.,1.,0.09709907169996,0.,0.,0.09709907169996,0.,0.,1.;        311P    273
126,1,1,1,0,1,0,-0.0044,-0.0044,-0.0026,-0.0026,1.,1.,1.,            313P    274
0.09709907169996,0.,0.,0.09709907169996,0.,-0.0044,-0.0026,0.,       313P    275
0.,1.;                                                               313P    276
126,1,1,1,0,1,0,-0.09709907169996,-0.09709907169996,0.,0.,1.,1.,     315P    277
0.,0.09709907169996,0.,0.,0.,0.,-0.09709907169996,0.,0.,0.,1.;       315P    278
102,4,309,311,313,315;                                               317P    279
110,-8.59,1.8,1.8,-8.59,1.8,0.;                                      319P    280
124,1.,0.,0.,-9.9,0.,1.,0.,1.8,0.,0.,1.,0.;                          321P    281
100,0.,0.,0.,1.31,0.,1.30382936000076,0.127;                         323P    282
110,-8.59617063999924,1.927,0.,-8.59617063999924,1.927,1.8;          325P    283
124,1.,0.,0.,-9.9,0.,-1.,0.,1.8,0.,0.,-1.,1.8;                       327P    284
100,0.,0.,0.,1.30382936000076,-0.127,1.31,0.;                        329P    285
102,4,319,323,325,329;                                               331P    286
142,1,307,317,331,2;                                                 333P    287
144,307,1,0,333;                                                     335P    288
110,-4.7,1.7,0.,-4.7,1.7,-1000.;                                     337P    289
110,-3.3,1.7,0.,-2.88407754281116,1.7,4.4;                           339P    290
120,337,339,0.,6.28318530717959;                                     341P    291
126,1,1,1,0,1,0,2.97873079304356,2.97873079304356,                   343P    292
6.28318530717959,6.28318530717959,1.,1.,0.,3.30445451413603,0.,      343P    293
0.,0.,0.,2.97873079304356,6.28318530717959,0.,0.,1.;                 343P    294
126,1,1,1,0,1,0,0.,0.,0.00441961440517,0.00441961440517,1.,1.,       345P    295
0.,0.,0.,1.,0.,0.,0.,0.00441961440517,0.,0.,1.;                      345P    296
126,1,1,1,0,1,0,-6.28318530717959,-6.28318530717959,                 347P    297
-5.07163171044548,-5.07163171044548,1.,1.,1.,0.,0.,1.,               347P    298
1.2115535967341,0.,-6.28318530717959,-5.07163171044548,0.,0.,1.;     347P    299
126,8,2,1,0,1,0,-0.00771611897027,-0.00771611897027,                 349P    300
-0.00771611897027,-0.00699661756549,-0.00699661756549,               349P    301
-0.0062771161607,-0.0062771161607,-0.00555761475592,                 349P    302
-0.00555761475592,-0.00483811335113,-0.00483811335113,               349P    303
-0.00483811335113,1.,1.,1.,1.,1.,1.,1.,1.,1.,1.,1.2115535967341,     349P    304
0.,0.90800100417458,1.26766403305184,0.,0.84582975938828,            349P    305
1.32700853344643,0.,0.72297880583976,1.44427381398565,0.,            349P    306
0.72131071691502,1.56748400873195,0.,0.71960860632561,               349P    307
1.69320714860232,0.,0.84411345897172,1.81293975088215,0.,            349P    308
0.90672210098664,1.87314861402549,0.,1.,1.93003905685569,0.,         349P    309
-0.00771611897027,-0.00483811335113,0.,0.,1.;                        349P    310
126,1,1,1,0,1,0,-4.3531462503239,-4.3531462503239,                   351P    311
-3.01625944252283,-3.01625944252283,1.,1.,1.,1.93003905685569,       351P    312
0.,1.,3.26692586465676,0.,-4.3531462503239,-3.01625944252283,0.,     351P    313
0.,1.;                                                               351P    314
126,2,2,1,0,1,0,-0.0101520801358,-0.0101520801358,                   353P    315
-0.0101520801358,-0.0057320597247,-0.0057320597247,                  353P    316
-0.0057320597247,1.,1.,1.,1.,3.26692586465676,0.,                    353P    317
0.43443692344847,3.28324678643246,0.,-0.,3.30445451413603,0.,        353P    318
-0.0101520801358,-0.0057320597247,0.,0.,1.;                          353P    319
102,6,343,345,347,349,351,353;                                       355P    320
124,1.,0.,0.,-4.7,0.,1.,0.,1.7,0.,0.,1.,0.;                          357P    321
100,0.,0.,0.,-1.38147421257148,0.227,1.4,-0.;                        359P    322
110,-3.3,1.7,0.,-2.88407754281116,1.7,4.4;                           361P    323
124,1.,0.,0.,-4.7,0.,-1.,0.,1.7,0.,0.,-1.,4.4;                       363P    324
100,0.,0.,0.,1.81592245718884,0.,0.63841551557176,1.7;               365P    325
126,19,3,0,0,1,0,-0.00771611897027,-0.00771611897027,                367P    326
-0.00771611897027,-0.00771611897027,-0.00699661756549,               367P    327
-0.00699661756549,-0.0066368668631,-0.0066368668631,                 367P    328
-0.0064569915119,-0.0064569915119,-0.0063670538363,                  367P    329
-0.0063670538363,-0.0062771161607,-0.0062771161607,                  367P    330
-0.00609724080951,-0.00609724080951,-0.00591736545831,               367P    331
-0.00591736545831,-0.00555761475592,-0.00555761475592,               367P    332
-0.00483811335113,-0.00483811335113,-0.00483811335113,               367P    333
-0.00483811335113,1.,1.,1.,1.,1.,1.,1.,1.,1.,1.,1.,1.,1.,1.,1.,      367P    334
1.,1.,1.,1.,1.,-4.06158448442823,0.,4.4,-4.12332561525919,0.,        367P    335
4.17037402165432,-4.19059733286667,0.,3.94266716265659,              367P    336
-4.32042688759362,0.,3.61114283063438,-4.36852569703288,0.,          367P    337
3.50101298421473,-4.46104593221217,0.,3.34760102946427,              367P    338
-4.49487536673901,0.,3.29854762574257,-4.55882787343339,0.,          367P    339
3.23417521621571,-4.58196961867527,0.,3.21482251022561,              367P    340
-4.6345573090389,0.,3.18484563139277,-4.66429332755759,0.,           367P    341
3.17482102541695,-4.75452046098394,0.,3.17165941244437,              367P    342
-4.81058332414108,0.,3.20578268615437,-4.89807668433009,0.,          367P    343
3.28946517303552,-4.9326339527408,0.,3.33828831361379,               367P    344
-5.02711543543111,0.,3.49174032453462,-5.07586435399899,0.,          367P    345
3.60244066196485,-5.20791868139861,0.,3.93741633449707,              367P    346
-5.27609806670339,0.,4.16823059487548,-5.33841551557176,0.,4.4,      367P    347
-0.00771611897027,-0.00483811335113;                                 367P    348
124,1.,0.,0.,-4.7,0.,-1.,0.,1.7,0.,0.,-1.,4.4;                       369P    349
100,0.,0.,0.,-0.63841551557176,1.7,-1.80167848700115,-0.227;         371P    350
126,6,3,0,0,1,0,-0.0101520801358,-0.0101520801358,                   373P    351
-0.0101520801358,-0.0101520801358,-0.00786643561545,                 373P    352
-0.00786643561545,-0.00786643561545,-0.0057320597247,                373P    353
-0.0057320597247,-0.0057320597247,-0.0057320597247,1.,1.,1.,1.,      373P    354
1.,1.,1.,-6.50167848700115,1.927,4.4,-6.42941734572911,1.927,        373P    355
3.64155321261308,-6.35709014886872,1.927,2.88311271257939,           373P    356
-6.28466546152758,1.927,2.12468152486424,-6.21703399098565,          373P    357
1.927,1.41644489432934,-6.1493181230158,1.927,0.70821631190951,      373P    358
-6.08147421257148,1.927,-0.,-0.0101520801358,-0.0057320597247;       373P    359
102,6,359,361,365,367,371,373;                                       375P    360
142,1,341,355,375,2;                                                 377P    361
144,341,1,0,377;                                                     379P    362
110,5.311486245768,13.99358222275241,-0.25,8.01069690242163,         381P    363
16.25848888922026,-0.25;                                             381P    364
122,381,5.311486245768,13.99358222275241,4.15;                       383P    365
126,2,2,1,0,1,0,-5.0005147527788,-5.0005147527788,                   385P    366
-5.0005147527788,-4.71238898038469,-4.71238898038469,                385P    367
-4.71238898038469,1.,1.,1.,0.71322213279953,0.96252557429827,0.,     385P    368
0.50710573518613,1.,0.,0.29212753450283,1.,0.,-5.0005147527788,      385P    369
-4.71238898038469,0.,0.,1.;                                          385P    370
126,1,1,1,0,1,0,-0.00102933160251,-0.00102933160251,0.,0.,1.,1.,     387P    371
0.29212753450283,1.,0.,0.,1.,0.,-0.00102933160251,0.,0.,0.,1.;       387P    372
126,1,1,1,0,1,0,-0.0004,-0.0004,0.004,0.004,1.,1.,0.,1.,0.,0.,       389P    373
0.,0.,-0.0004,0.004,0.,0.,1.;                                        389P    374
126,1,1,1,0,1,0,0.,0.,0.00102933160251,0.00102933160251,1.,1.,       391P    375
0.,0.,0.,0.29212753450283,0.,0.,0.,0.00102933160251,0.,0.,1.;        391P    376
126,2,2,1,0,1,0,-1.5707963267949,-1.5707963267949,                   393P    377
-1.5707963267949,-1.28267054454459,-1.28267054454459,                393P    378
-1.28267054454459,1.,1.,1.,0.29212753450283,0.,0.,                   393P    379
0.50710574264284,0.,0.,0.71322214680347,0.03747442824782,0.,         393P    380
-1.5707963267949,-1.28267054454459,0.,0.,1.;                         393P    381
126,4,2,1,0,1,0,-1.28267054454459,-1.28267054454459,                 395P    382
-1.28267054454459,-0.7775559994645,-0.7775559994645,                 395P    383
-0.27244145438442,-0.27244145438442,-0.27244145438442,1.,1.,1.,      395P    384
1.,1.,0.71322214680347,0.03747442824782,0.,0.80488956738378,         395P    385
0.054140662016,0.,0.87196279977373,0.0959376740334,0.,               395P    386
0.93903603216368,0.1377346860508,0.,0.96476273852623,                395P    387
0.19422317525878,0.,-1.28267054454459,-0.27244145438442,0.,0.,       395P    388
1.;                                                                  395P    389
126,2,2,1,0,1,0,-0.27244141668712,-0.27244141668712,                 397P    390
-0.27244141668712,-0.18928307456766,-0.18928307456766,               397P    391
-0.18928307456766,1.,1.,1.,0.96476273852623,0.19422317525878,0.,     397P    392
0.98549977370232,0.2397557802349,0.,1.,0.28618770148756,0.,          397P    393
-0.27244141668712,-0.18928307456766,0.,0.,1.;                        397P    394
126,1,1,1,0,1,0,-0.00274077411345,-0.00274077411345,                 399P    395
-0.00085922588655,-0.00085922588655,1.,1.,1.,0.28618770148756,       399P    396
0.,1.,0.71381229851244,0.,-0.00274077411345,-0.00085922588655,       399P    397
0.,0.,1.;                                                            399P    398
126,2,2,1,0,1,0,-6.09390223261192,-6.09390223261192,                 401P    399
-6.09390223261192,-6.01074389991678,-6.01074389991678,               401P    400
-6.01074389991678,1.,1.,1.,1.,0.71381229851244,0.,                   401P    401
0.98549977534752,0.7602442144969,0.,0.96476274322377,                401P    402
0.80577681442676,0.,-6.09390223261192,-6.01074389991678,0.,0.,       401P    403
1.;                                                                  401P    404
126,4,2,1,0,1,0,-6.01074389991678,-6.01074389991678,                 403P    405
-6.01074389991678,-5.50562931156351,-5.50562931156351,               403P    406
-5.00051472321023,-5.00051472321023,-5.00051472321023,1.,1.,1.,      403P    407
1.,1.,0.96476274322377,0.80577681442676,0.,0.93903603889968,         403P    408
0.86226530942988,0.,0.87196280077395,0.9040623253433,0.,             403P    409
0.80488956264822,0.94585934125673,0.,0.71322213279953,               403P    410
0.96252557429827,0.,-6.01074389991678,-5.00051472321023,0.,0.,       403P    411
1.;                                                                  403P    412
102,10,385,387,389,391,393,395,397,399,401,403;                      405P    413
124,0.76604444311898,0.,0.64278760968654,6.09999999999999,           407P    414
0.64278760968654,0.,-0.76604444311898,14.65522382310668,0.,1.,       407P    415
0.,0.1499999999999;                                                  407P    416
104,0.000000000016,0.,0.00000000002727,0.,0.,-0.00000000043625,      409P    417
0.,1.48375598490595,3.83511252691248,0.00000000000002,               409P    418
4.0000000000001;                                                     409P    419
110,6.1,14.65522382310669,4.15,5.311486245768,13.99358222275241,     411P    420
4.15;                                                                411P    421
110,5.311486245768,13.99358222275241,4.15,5.311486245768,            413P    422
13.99358222275241,-0.25;                                             413P    423
110,5.311486245768,13.99358222275241,-0.25,6.1,                      415P    424
14.65522382310669,-0.25;                                             415P    425
124,0.76604444311898,0.,0.64278760968654,6.1,0.64278760968654,       417P    426
0.,-0.76604444311898,14.65522382310669,0.,1.,0.,                     417P    427
3.74999999999998;                                                    417P    428
104,0.000000000016,0.,0.00000000002727,0.,0.,-0.00000000043625,      419P    429
0.,-0.,-3.99999999999998,1.48375603424981,-3.83511251570959;         419P    430
124,0.76604444311898,0.,0.64278760968654,6.95246729873599,           421P    431
0.64278760968654,0.,-0.76604444311898,15.37052881906675,0.,1.,       421P    432
0.,0.8736656132178;                                                  421P    433
104,0.000000000001,0.,0.0000000000017,0.,0.,-0.0000000000017,0.,     423P    434
0.37093900856246,-0.95877812892741,1.25725970686894,                 423P    435
-0.26908364207917;                                                   423P    436
124,0.76604444311898,0.,0.64278760968654,3.1,0.64278760968654,       425P    437
0.,-0.76604444311898,12.13792492957485,0.,1.,0.,1.95;                425P    438
104,0.000000000025,0.,0.0000000000426,0.,0.,-0.00000000106506,       427P    439
0.,6.28629860055313,-1.34541802886137,6.41045953212264,              427P    440
-0.94077411345475;                                                   427P    441
110,8.01069690242163,16.25848888922026,1.00922588654525,             429P    442
8.01069690242163,16.25848888922026,2.89077411345475;                 429P    443
124,0.76604444311898,0.,0.64278760968654,3.1,0.64278760968654,       431P    444
0.,-0.76604444311898,12.13792492957485,0.,1.,0.,1.95;                431P    445
104,0.000000000025,0.,0.0000000000426,0.,0.,-0.00000000106506,       433P    446
0.,6.41045953212264,0.94077411345475,6.28629861710524,               433P    447
1.34541798347776;                                                    433P    448
124,0.76604444311898,0.,0.64278760968654,6.95246729873599,           435P    449
0.64278760968654,0.,-0.76604444311898,15.37052881906675,0.,1.,       435P    450
0.,3.02633438678221;                                                 435P    451
104,0.000000000001,0.,0.0000000000017,0.,0.,-0.0000000000017,0.,     437P    452
1.25725972342105,0.26908359669555,0.37093895921858,                  437P    453
0.95877814013018;                                                    437P    454
102,10,409,411,413,415,419,423,427,429,433,437;                      439P    455
142,1,383,405,439,2;                                                 441P    456
144,383,1,0,441;                                                     443P    457
110,7.85,16.45,3.75,7.85,16.45,-996.25;                              445P    458
110,7.6,16.45,0.41451032618112,7.6,16.45,3.48548967381888;           447P    459
120,445,447,0.,6.28318530717959;                                     449P    460
126,2,2,1,0,1,0,-0.00018416102028,-0.00018416102028,                 451P    461
-0.00018416102028,0.,0.,0.,1.,1.,1.,0.99407114624506,                451P    462
1.5707963267949,0.,0.9672780682524,1.7324912903441,0.,               451P    463
0.93810714146048,1.83623903172679,0.,-0.00018416102028,0.,0.,0.,     451P    464
1.;                                                                  451P    465
126,4,2,1,0,1,0,0.,0.,0.,0.00069246015676,0.00069246015676,          453P    466
0.00138492031352,0.00138492031352,0.00138492031352,1.,1.,1.,1.,      453P    467
1.,0.93810714146048,1.83623903172679,0.,0.85082927082592,            453P    468
2.14664678858744,0.,0.71961806086207,2.52735952030852,0.,            453P    469
0.64853531255166,2.73360795971364,0.,0.5,3.14159265358979,0.,0.,     453P    470
0.00138492031352,0.,0.,1.;                                           453P    471
126,4,2,1,0,1,0,-0.001384920361,-0.001384920361,-0.001384920361,     455P    472
-0.0006924601805,-0.0006924601805,-0.,-0.,-0.,1.,1.,1.,1.,1.,        455P    473
0.5,3.14159265358979,0.,0.35146468223077,2.73360794537906,0.,        455P    474
0.28038193168833,2.52735949869333,0.,0.14917071644565,               455P    475
2.14664675017084,0.,0.0618928437613,1.83623897916737,0.,             455P    476
-0.001384920361,-0.,0.,0.,1.;                                        455P    477
126,2,2,1,0,1,0,-0.00018416097324,-0.00018416097324,                 457P    478
-0.00018416097324,-0.,-0.,-0.,1.,1.,1.,0.0618928437613,              457P    479
1.83623897916737,0.,0.03272192473441,1.73249124801987,0.,            457P    480
0.00592885375494,1.5707963267949,0.,-0.00018416097324,-0.,0.,0.,     457P    481
1.;                                                                  457P    482
126,1,1,1,0,1,0,-0.00331728228638,-0.00331728228638,                 459P    483
-0.00028271771362,-0.00028271771362,1.,1.,0.00592885375494,          459P    484
1.5707963267949,0.,0.99407114624506,1.5707963267949,0.,              459P    485
-0.00331728228638,-0.00028271771362,0.,0.,1.;                        459P    486
102,5,451,453,455,457,459;                                           461P    487
126,3,3,0,0,1,0,-0.00018416102028,-0.00018416102028,                 463P    488
-0.00018416102028,-0.00018416102028,0.,0.,0.,0.,1.,1.,1.,1.,         463P    489
7.85,16.7,3.46728228638229,7.87721447482317,16.7,                    463P    490
3.41188825655774,7.89903465981531,16.69574321721695,                 463P    491
3.35465261179733,7.91558412341999,16.69124411444683,                 463P    492
3.29541798347776,-0.00018416102028,0.;                               463P    493
126,5,3,0,0,1,0,0.,0.,0.,0.,0.00069246015676,0.00069246015676,       465P    494
0.00138492031352,0.00138492031352,0.00138492031352,                  465P    495
0.00138492031352,1.,1.,1.,1.,1.,1.,7.91558412341999,                 465P    496
16.69124411444683,3.29541798347776,7.97769248365491,                 465P    497
16.6743594647533,3.07311678254849,8.02374960360899,                  465P    498
16.63740778618161,2.84888765871324,8.08485822488118,                 465P    499
16.55075821198011,2.39999739983812,8.10000000000002,                 465P    500
16.50036825630508,2.17525770115407,8.10000000000001,16.45,1.95,      465P    501
0.,0.00138492031352;                                                 465P    502
126,5,3,0,0,1,0,-0.001384920361,-0.001384920361,-0.001384920361,     467P    503
-0.001384920361,-0.0006924601805,-0.0006924601805,-0.,-0.,-0.,       467P    504
-0.,1.,1.,1.,1.,1.,1.,8.10000000000001,16.45,1.95,                   467P    505
8.10000000000001,16.50036825803218,1.72474229112379,                 467P    506
8.08485822385126,16.55075821542882,1.50000258484185,                 467P    507
8.02374959841016,16.63740779156503,1.05111231085168,                 467P    508
7.97769247526967,16.67435947053853,0.82688317935469,                 467P    509
7.91558411074034,16.69124411789389,0.60458197113863,                 467P    510
-0.001384920361,-0.;                                                 467P    511
126,3,3,0,0,1,0,-0.00018416097324,-0.00018416097324,                 469P    512
-0.00018416097324,-0.00018416097324,-0.,-0.,-0.,-0.,1.,1.,1.,1.,     469P    513
7.91558411074034,16.69124411789389,0.60458197113863,                 469P    514
7.89903464860182,16.69574321933131,0.54534735883713,                 469P    515
7.87721446780514,16.7,0.48811172915733,7.85,16.7,                    469P    516
0.43271771361771,-0.00018416097324,-0.;                              469P    517
110,7.85,16.7,0.4327177136177,7.85,16.7,3.46728228638229;            471P    518
102,5,463,465,467,469,471;                                           473P    519
142,1,449,461,473,2;                                                 475P    520
144,449,1,0,475;                                                     477P    521
110,7.85,16.45,3.75,7.85,16.45,-996.25;                              479P    522
110,7.6,16.45,0.99793659718379,7.6,16.45,2.9020634028162;            481P    523
120,479,481,0.,6.28318530717959;                                     483P    524
126,2,2,1,0,1,0,0.,0.,0.,0.00096518330367,0.00096518330367,          485P    525
0.00096518330367,1.,1.,1.,0.00592885375494,4.01425727958696,0.,      485P    526
0.16073827359396,3.71937986909976,0.,0.5,3.14159265358979,0.,0.,     485P    527
0.00096518330367,0.,0.,1.;                                           485P    528
126,2,2,1,0,1,0,-0.00096518330367,-0.00096518330367,                 487P    529
-0.00096518330367,0.,0.,0.,1.,1.,1.,0.5,3.14159265358979,0.,         487P    530
0.83926172640595,3.71937986909959,0.,0.99407114624506,               487P    531
4.01425727958696,0.,-0.00096518330367,0.,0.,0.,1.;                   487P    532
126,1,1,1,0,1,0,0.00085922588655,0.00085922588655,                   489P    533
0.00274077411345,0.00274077411345,1.,1.,0.99407114624506,            489P    534
4.01425727958696,0.,0.00592885375494,4.01425727958696,0.,            489P    535
0.00085922588655,0.00274077411345,0.,0.,1.;                          489P    536
102,3,485,487,489;                                                   491P    537
126,3,3,0,0,1,0,0.,0.,0.,0.,0.00096518330367,0.00096518330367,       493P    538
0.00096518330367,0.00096518330367,1.,1.,1.,1.,8.01069690242163,      493P    539
16.25848888922026,1.00922588654525,8.07058565038506,                 493P    540
16.30874151554804,1.32183598593872,8.10000000000001,                 493P    541
16.37979438245915,1.63602529453907,8.10000000000001,16.45,1.95,      493P    542
0.,0.00096518330367;                                                 493P    543
126,3,3,0,0,1,0,-0.00096518330367,-0.00096518330367,                 495P    544
-0.00096518330367,-0.00096518330367,0.,0.,0.,0.,1.,1.,1.,1.,         495P    545
8.10000000000001,16.45,1.95,8.10000000000001,16.37979438245915,      495P    546
2.26397470546092,8.07058565038506,16.30874151554804,                 495P    547
2.57816401406127,8.01069690242163,16.25848888922026,                 495P    548
2.89077411345475,-0.00096518330367,0.;                               495P    549
110,8.01069690242163,16.25848888922026,2.89077411345475,             497P    550
8.01069690242163,16.25848888922026,1.00922588654525;                 497P    551
102,3,493,495,497;                                                   499P    552
142,1,483,491,499,2;                                                 501P    553
144,483,1,0,501;                                                     503P    554
110,-1.5,16.7,-0.25,-1.5,16.7,4.15;                                  505P    555
122,505,7.85,16.7,-0.25;                                             507P    556
126,2,2,1,0,1,0,4.71238898038469,4.71238898038469,                   509P    557
4.71238898038469,5.0005147527788,5.0005147527788,                    509P    558
5.0005147527788,1.,1.,1.,1.,0.81283422459893,0.,1.,                  509P    559
0.87489534227086,0.,0.96252557429827,0.93439818472532,0.,            509P    560
4.71238898038469,5.0005147527788,0.,0.,1.;                           509P    561
126,4,2,1,0,1,0,5.00051472321023,5.00051472321023,                   511P    562
5.00051472321023,5.41352275679046,5.41352275679046,                  511P    563
5.82653079037068,5.82653079037068,5.82653079037068,1.,1.,1.,1.,      511P    564
1.,0.96252557429827,0.93439818472532,0.,0.948996510227,              511P    565
0.95587997771572,0.,0.91828310996056,0.97300018521493,0.,            511P    566
0.88756970969412,0.99012039271413,0.,0.8448368832687,1.,0.,          511P    567
5.00051472321023,5.82653079037068,0.,0.,1.;                          511P    568
126,1,1,1,0,1,0,0.00028271771362,0.00028271771362,                   513P    569
0.00331728228638,0.00331728228638,1.,1.,0.8448368832687,1.,0.,       513P    570
0.1551631167313,1.,0.,0.00028271771362,0.00331728228638,0.,0.,       513P    571
1.;                                                                  513P    572
126,4,2,1,0,1,0,0.45665451680891,0.45665451680891,                   515P    573
0.45665451680891,0.86966253067675,0.86966253067675,                  515P    574
1.28267054454459,1.28267054454459,1.28267054454459,1.,1.,1.,1.,      515P    575
1.,0.1551631167313,1.,0.,0.11243029240462,0.99012039319935,0.,       515P    576
0.08171689292947,0.97300018682588,0.,0.05100349345432,               515P    577
0.95587998045241,0.,0.03747442824782,0.93439818876806,0.,            515P    578
0.45665451680891,1.28267054454459,0.,0.,1.;                          515P    579
126,2,2,1,0,1,0,1.28267054454459,1.28267054454459,                   517P    580
1.28267054454459,1.5707963267949,1.5707963267949,                    517P    581
1.5707963267949,1.,1.,1.,0.03747442824782,0.93439818876806,0.,       517P    582
-0.,0.87489534442351,0.,-0.,0.81283422459893,0.,                     517P    583
1.28267054454459,1.5707963267949,0.,0.,1.;                           517P    584
126,1,1,1,0,1,0,0.00175,0.00175,0.0051791359833,0.0051791359833,     519P    585
1.,1.,-0.,0.81283422459893,0.,-0.,0.44608171301657,0.,0.00175,       519P    586
0.0051791359833,0.,0.,1.;                                            519P    587
126,1,1,1,0,1,0,-0.0044,-0.0044,-0.004,-0.004,1.,1.,-0.,             521P    588
0.44608171301657,0.,0.09090909090909,0.44608171301657,0.,            521P    589
-0.0044,-0.004,0.,0.,1.;                                             521P    590
126,1,1,1,0,1,0,0.0051791359833,0.0051791359833,0.00935,0.00935,     523P    591
1.,1.,0.09090909090909,0.44608171301657,0.,0.09090909090909,0.,      523P    592
0.,0.0051791359833,0.00935,0.,0.,1.;                                 523P    593
126,1,1,1,0,1,0,-0.0036,-0.0036,0.,0.,1.,1.,0.09090909090909,0.,     525P    594
0.,0.90909090909091,0.,0.,-0.0036,0.,0.,0.,1.;                       525P    595
126,1,1,1,0,1,0,-0.00935,-0.00935,-0.0051791359833,                  527P    596
-0.0051791359833,1.,1.,0.90909090909091,0.,0.,0.90909090909091,      527P    597
0.44608171301657,0.,-0.00935,-0.0051791359833,0.,0.,1.;              527P    598
126,1,1,1,0,1,0,-0.0004,-0.0004,0.,0.,1.,1.,0.90909090909091,        529P    599
0.44608171301657,0.,1.,0.44608171301657,0.,-0.0004,0.,0.,0.,1.;      529P    600
126,1,1,1,0,1,0,-0.0051791359833,-0.0051791359833,-0.00175,          531P    601
-0.00175,1.,1.,1.,0.44608171301657,0.,1.,0.81283422459893,0.,        531P    602
-0.0051791359833,-0.00175,0.,0.,1.;                                  531P    603
102,12,509,511,513,515,517,519,521,523,525,527,529,531;              533P    604
124,1.,0.,0.,6.09999999999999,0.,0.,1.,16.7,0.,-1.,0.,               535P    605
0.1499999999999;                                                     535P    606
100,0.,0.,0.,0.00000000000001,-4.0000000000001,1.13662302718173,     537P    607
-3.83511252691248;                                                   537P    608
124,1.,0.,0.,6.95246729873599,0.,0.,1.,16.7,0.,-1.,0.,               539P    609
3.02633438678221;                                                    539P    610
100,0.,0.,0.,0.28415572844573,-0.95877814013018,                     541P    611
0.89753270126401,-0.44094789960009;                                  541P    612
110,7.85,16.7,3.46728228638229,7.85,16.7,0.4327177136177;            543P    613
124,1.,0.,0.,6.95246729873599,0.,0.,1.,16.7,0.,-1.,0.,               545P    614
0.8736656132178;                                                     545P    615
100,0.,0.,0.,0.89753270126401,0.4409478996001,0.28415576624533,      547P    616
0.95877812892741;                                                    547P    617
124,1.,0.,0.,6.1,0.,0.,1.,16.7,0.,-1.,0.,3.74999999999998;           549P    618
100,0.,0.,0.,1.13662306498132,3.83511251570959,-0.,                  551P    619
3.99999999999998;                                                    551P    620
110,6.1,16.7,-0.25,2.67086401670496,16.7,-0.25;                      553P    621
110,2.67086401670496,16.7,-0.25,2.67086401670496,16.7,0.15;          555P    622
110,2.67086401670496,16.7,0.15,-1.5,16.7,0.15;                       557P    623
110,-1.5,16.7,0.15,-1.5,16.7,3.75;                                   559P    624
110,-1.5,16.7,3.75,2.67086401670496,16.7,3.75;                       561P    625
110,2.67086401670496,16.7,3.75,2.67086401670496,16.7,4.15;           563P    626
110,2.67086401670496,16.7,4.15,6.1,16.7,4.15;                        565P    627
102,12,537,541,543,547,551,553,555,557,559,561,563,565;              567P    628
142,1,507,533,567,2;                                                 569P    629
144,507,1,0,569;                                                     571P    630
110,-6.55007050035534,14.2,3.75,4.37769543800657,14.2,3.75;          573P    631
122,573,-6.55007050035534,16.7,3.75;                                 575P    632
126,1,1,1,0,1,0,-0.00357769329172,-0.00357769329172,                 577P    633
-0.00109851945772,-0.00109851945772,1.,1.,0.99407114624506,0.08,     577P    634
0.,0.82027923399404,0.71743288910096,0.,-0.00357769329172,           577P    635
-0.00109851945772,0.,0.,1.;                                          577P    636
126,4,2,1,0,1,0,-4.01425727958697,-4.01425727958697,                 579P    637
-4.01425727958697,-3.57792496658838,-3.57792496658838,               579P    638
-3.14159265358979,-3.14159265358979,-3.14159265358979,1.,1.,1.,      579P    639
1.,1.,0.82027923399404,0.71743288910096,0.,0.81406285032167,         579P    640
0.74023330226585,0.,0.81063334008173,0.77238107812149,0.,            579P    641
0.80720382984178,0.80452885397713,0.,0.80720382984178,0.84,0.,       579P    642
-4.01425727958697,-3.14159265358979,0.,0.,1.;                        579P    643
126,8,2,1,0,1,0,-3.14159265358979,-3.14159265358979,                 581P    644
-3.14159265358979,-2.74889357189107,-2.74889357189107,               581P    645
-2.35619449019234,-2.35619449019234,-1.96349540849362,               581P    646
-1.96349540849362,-1.5707963267949,-1.5707963267949,                 581P    647
-1.5707963267949,1.,1.,1.,1.,1.,1.,1.,1.,1.,0.80720382984178,        581P    648
0.84,0.,0.80720382984178,0.87182597878075,0.,0.80999014382098,       581P    649
0.90122934917842,0.,0.81277645780018,0.93063271957608,0.,            581P    650
0.81792489471325,0.95313708498985,0.,0.82307333162631,               581P    651
0.97564145040361,0.,0.82980008862393,0.98782072520181,0.,            581P    652
0.83652684562154,1.,0.,0.84380783492902,1.,0.,-3.14159265358979,     581P    653
-1.5707963267949,0.,0.,1.;                                           581P    654
126,1,1,1,0,1,0,0.0051791359833,0.0051791359833,0.00935,0.00935,     583P    655
1.,1.,0.84380783492902,1.,0.,0.46213201571486,1.,0.,                 583P    656
0.0051791359833,0.00935,0.,0.,1.;                                    583P    657
126,8,2,1,0,1,0,1.5707963267949,1.5707963267949,1.5707963267949,     585P    658
1.76714586764426,1.76714586764426,1.96349540849362,                  585P    659
1.96349540849362,2.15984494934298,2.15984494934298,                  585P    660
2.35619449019234,2.35619449019234,2.35619449019234,1.,1.,1.,1.,      585P    661
1.,1.,1.,1.,1.,0.46213201571486,1.,0.,0.40805431827183,1.,0.,        585P    662
0.3550157086216,0.95388467296775,0.,0.30197709897138,                585P    663
0.9077693459355,0.,0.25201582113843,0.81731087802709,0.,             585P    664
0.20205454330547,0.72685241011867,0.,0.1570905811783,                585P    665
0.59552706952611,0.,0.11212661905113,0.46420172893355,0.,            585P    666
0.07388791247821,0.29705627484772,0.,1.5707963267949,                585P    667
2.35619449019234,0.,0.,1.;                                           585P    668
126,1,1,1,0,1,0,0.,0.,0.00105025253169,0.00105025253169,1.,1.,       587P    669
0.07388791247821,0.29705627484772,0.,0.00592885375494,0.,0.,0.,      587P    670
0.00105025253169,0.,0.,1.;                                           587P    671
126,1,1,1,0,1,0,0.00276471862576,0.00276471862576,                   589P    672
0.00677540333076,0.00677540333076,1.,1.,0.00592885375494,0.,0.,      589P    673
0.37294666211754,0.,0.,0.00276471862576,0.00677540333076,0.,0.,      589P    674
1.;                                                                  589P    675
126,4,2,1,0,1,0,-2.07615683707905,-2.07615683707905,                 591P    676
-2.07615683707905,-1.82347658193698,-1.82347658193698,               591P    677
-1.5707963267949,-1.5707963267949,-1.5707963267949,1.,1.,1.,1.,      591P    678
1.,0.37294666211754,0.,0.,0.3892192759631,0.03935467078637,0.,       591P    679
0.40722600808399,0.05967733539319,0.,0.42523274020488,0.08,0.,       591P    680
0.44383001317124,0.08,0.,-2.07615683707905,-1.5707963267949,0.,      591P    681
0.,1.;                                                               591P    682
126,1,1,1,0,1,0,0.,0.,0.00601290631189,0.00601290631189,1.,1.,       593P    683
0.44383001317124,0.08,0.,0.99407114624506,0.08,0.,0.,                593P    684
0.00601290631189,0.,0.,1.;                                           593P    685
102,9,577,579,581,583,585,587,589,591,593;                           595P    686
110,4.3129063118898,14.4,3.75,2.41374897283035,                      597P    687
15.99358222275241,3.75;                                              597P    688
124,1.,0.,0.,2.67086401670496,0.,-1.,0.,16.3,0.,0.,-1.,3.75;         599P    689
100,0.,0.,0.,-0.25711504387461,0.30641777724759,-0.4,-0.;            601P    690
124,1.,0.,0.,2.67086401670496,0.,-1.,0.,16.3,0.,0.,-1.,3.75;         603P    691
100,0.,0.,0.,-0.4,-0.,0.,-0.4;                                       605P    692
110,2.67086401670496,16.7,3.75,-1.5,16.7,3.75;                       607P    693
124,1.,0.,0.,-1.49999999999999,0.,1.,0.,10.69999999999997,0.,0.,     609P    694
1.,3.75;                                                             609P    695
100,0.,0.,0.,-0.00000000000001,6.00000000000003,                     611P    696
-4.24264068711929,4.24264068711931;                                  611P    697
110,-5.74264068711929,14.94264068711929,3.75,-6.48528137423857,      613P    698
14.2,3.75;                                                           613P    699
110,-6.48528137423857,14.2,3.75,-2.47459666924148,14.2,3.75;         615P    700
124,1.,0.,0.,-1.7,0.,-1.,0.,12.8,0.,0.,-1.,3.75;                     617P    701
100,0.,0.,0.,-0.77459666924148,-1.4,-0.,-1.6;                        619P    702
110,-1.7,14.4,3.75,4.3129063118898,14.4,3.75;                        621P    703
102,9,597,601,605,607,611,613,615,619,621;                           623P    704
142,1,575,595,623,2;                                                 625P    705
144,575,1,0,625;                                                     627P    706
110,4.37769543800657,14.2,0.15,-6.55007050035534,14.2,0.15;          629P    707
122,629,4.37769543800657,16.7,0.15;                                  631P    708
126,4,2,1,0,1,0,3.14159265358979,3.14159265358979,                   633P    709
3.14159265358979,3.57792496658837,3.57792496658837,                  633P    710
4.01425727958696,4.01425727958696,4.01425727958696,1.,1.,1.,1.,      633P    711
1.,0.19279617015822,0.84,0.,0.19279617015822,0.80452885397713,       633P    712
0.,0.18936665991827,0.77238107812149,0.,0.18593714967833,            633P    713
0.74023330226585,0.,0.17972076600596,0.71743288910097,0.,            633P    714
3.14159265358979,4.01425727958696,0.,0.,1.;                          633P    715
126,1,1,1,0,1,0,0.00109851945772,0.00109851945772,                   635P    716
0.00357769329172,0.00357769329172,1.,1.,0.17972076600596,            635P    717
0.71743288910096,0.,0.00592885375494,0.08,0.,0.00109851945772,       635P    718
0.00357769329172,0.,0.,1.;                                           635P    719
126,1,1,1,0,1,0,-0.00601290631189,-0.00601290631189,0.,0.,1.,1.,     637P    720
0.00592885375494,0.08,0.,0.55616998682876,0.08,0.,                   637P    721
-0.00601290631189,-0.,0.,0.,1.;                                      637P    722
126,4,2,1,0,1,0,1.5707963267949,1.5707963267949,1.5707963267949,     639P    723
1.82347658193698,1.82347658193698,2.07615683707905,                  639P    724
2.07615683707905,2.07615683707905,1.,1.,1.,1.,1.,                    639P    725
0.55616998682876,0.08,0.,0.57476725979512,0.08,0.,                   639P    726
0.59277399191601,0.05967733539319,0.,0.6107807240369,                639P    727
0.03935467078637,0.,0.62705333788246,0.,0.,1.5707963267949,          639P    728
2.07615683707905,0.,0.,1.;                                           639P    729
126,1,1,1,0,1,0,-0.00677540333076,-0.00677540333076,                 641P    730
-0.00276471862576,-0.00276471862576,1.,1.,0.62705333788246,0.,       641P    731
0.,0.99407114624506,0.,0.,-0.00677540333076,-0.00276471862576,       641P    732
0.,0.,1.;                                                            641P    733
126,1,1,1,0,1,0,-0.00105025253169,-0.00105025253169,-0.,-0.,1.,      643P    734
1.,0.99407114624506,0.,0.,0.92611208752179,0.29705627484772,0.,      643P    735
-0.00105025253169,-0.,0.,0.,1.;                                      643P    736
126,8,2,1,0,1,0,-2.35619449019234,-2.35619449019234,                 645P    737
-2.35619449019234,-2.15984494934298,-2.15984494934298,               645P    738
-1.96349540849362,-1.96349540849362,-1.76714586764426,               645P    739
-1.76714586764426,-1.5707963267949,-1.5707963267949,                 645P    740
-1.5707963267949,1.,1.,1.,1.,1.,1.,1.,1.,1.,0.92611208752179,        645P    741
0.29705627484772,0.,0.88787338094887,0.46420172893355,0.,            645P    742
0.8429094188217,0.59552706952611,0.,0.79794545669453,                645P    743
0.72685241011867,0.,0.74798417886157,0.81731087802709,0.,            645P    744
0.69802290102862,0.9077693459355,0.,0.6449842913784,                 645P    745
0.95388467296775,0.,0.59194568172817,1.,0.,0.53786798428514,1.,      645P    746
0.,-2.35619449019234,-1.5707963267949,0.,0.,1.;                      645P    747
126,1,1,1,0,1,0,-0.00935,-0.00935,-0.0051791359833,                  647P    748
-0.0051791359833,1.,1.,0.53786798428514,1.,0.,0.15619216507098,      647P    749
1.,0.,-0.00935,-0.0051791359833,0.,0.,1.;                            647P    750
126,8,2,1,0,1,0,1.5707963267949,1.5707963267949,1.5707963267949,     649P    751
1.96349540849362,1.96349540849362,2.35619449019235,                  649P    752
2.35619449019235,2.74889357189107,2.74889357189107,                  649P    753
3.14159265358979,3.14159265358979,3.14159265358979,1.,1.,1.,1.,      649P    754
1.,1.,1.,1.,1.,0.15619216507098,1.,0.,0.16347315437846,1.,0.,        649P    755
0.17019991137607,0.98782072520181,0.,0.17692666837368,               649P    756
0.97564145040361,0.,0.18207510528675,0.95313708498985,0.,            649P    757
0.18722354219982,0.93063271957608,0.,0.19000985617902,               649P    758
0.90122934917842,0.,0.19279617015822,0.87182597878075,0.,            649P    759
0.19279617015822,0.84,0.,1.5707963267949,3.14159265358979,0.,0.,     649P    760
1.;                                                                  649P    761
102,9,633,635,637,639,641,643,645,647,649;                           651P    762
124,1.,0.,0.,2.67086401670496,0.,1.,0.,16.3,0.,0.,1.,0.15;           653P    763
100,0.,0.,0.,-0.4,0.,-0.25711504387461,-0.30641777724759;            655P    764
110,2.41374897283034,15.99358222275241,0.15,4.3129063118898,         657P    765
14.4,0.15;                                                           657P    766
110,4.3129063118898,14.4,0.15,-1.7,14.4,0.15;                        659P    767
124,1.,0.,0.,-1.7,0.,1.,0.,12.8,0.,0.,1.,0.15;                       661P    768
100,0.,0.,0.,-0.,1.6,-0.77459666924148,1.4;                          663P    769
110,-2.47459666924148,14.2,0.15,-6.48528137423857,14.2,0.15;         665P    770
110,-6.48528137423857,14.2,0.15,-5.74264068711929,                   667P    771
14.94264068711929,0.15;                                              667P    772
124,1.,0.,0.,-1.49999999999999,0.,-1.,0.,10.69999999999997,0.,       669P    773
0.,-1.,0.15;                                                         669P    774
100,0.,0.,0.,-4.24264068711929,-4.24264068711931,                    671P    775
-0.00000000000001,-6.00000000000003;                                 671P    776
110,-1.5,16.7,0.15,2.67086401670496,16.7,0.15;                       673P    777
124,1.,0.,0.,2.67086401670496,0.,1.,0.,16.3,0.,0.,1.,0.15;           675P    778
100,0.,0.,0.,-0.,0.4,-0.4,0.;                                        677P    779
102,9,655,657,659,663,665,667,671,673,677;                           679P    780
142,1,631,651,679,2;                                                 681P    781
144,631,1,0,681;                                                     683P    782
110,5.2,0.3,5.,5.2,0.3,-1.5;                                         685P    783
122,685,5.2,13.0601077025535,5.;                                     687P    784
126,1,1,1,0,1,0,0.,0.,0.0065,0.0065,1.,1.,0.,0.,0.,1.,0.,0.,0.,      689P    785
0.0065,0.,0.,1.;                                                     689P    786
126,1,1,1,0,1,0,0.,0.,0.01276010770255,0.01276010770255,1.,1.,       691P    787
1.,0.,0.,1.,1.,0.,-0.,0.01276010770255,0.,0.,1.;                     691P    788
126,1,1,1,0,1,0,-0.0065,-0.0065,0.,0.,1.,1.,1.,1.,0.,0.,1.,0.,       693P    789
-0.0065,0.,0.,0.,1.;                                                 693P    790
126,1,1,1,0,1,0,-0.01276010770255,-0.01276010770255,0.,0.,1.,1.,     695P    791
0.,1.,0.,0.,0.,0.,-0.01276010770255,0.,0.,0.,1.;                     695P    792
102,4,689,691,693,695;                                               697P    793
110,5.2,0.3,5.,5.2,0.3,-1.5;                                         699P    794
110,5.2,0.3,-1.5,5.2,13.0601077025535,-1.5;                          701P    795
110,5.2,13.0601077025535,-1.5,5.2,13.0601077025535,5.;               703P    796
110,5.2,13.0601077025535,5.,5.2,0.3,5.;                              705P    797
102,4,699,701,703,705;                                               707P    798
142,1,687,697,707,2;                                                 709P    799
126,2,2,1,0,1,0,-3.1415926535898,-3.1415926535898,                   711P    800
-3.1415926535898,-2.61799387799149,-2.61799387799149,                711P    801
-2.61799387799149,1.,1.,1.,0.06246028184485,0.56210643577763,0.,     711P    802
0.06246028184485,0.57667989647979,0.,0.07676481478012,               711P    803
0.58930088366892,0.,-3.1415926535898,-2.61799387799149,0.,0.,1.;     711P    804
126,1,1,1,0,1,0,-0.00084,-0.00084,-0.,-0.,1.,1.,                     713P    805
0.07676481478012,0.58930088366892,0.,0.1413801993955,                713P    806
0.64631147920122,0.,-0.00084,-0.,0.,0.,1.;                           713P    807
126,4,2,1,0,1,0,-2.61799387799148,-2.61799387799148,                 715P    808
-2.61799387799148,-2.1508530270896,-2.1508530270896,                 715P    809
-1.68371217618772,-1.68371217618772,-1.68371217618772,1.,1.,1.,      715P    810
1.,1.,0.1413801993955,0.64631147920122,0.,0.15408122669143,          715P    811
0.6575176824038,0.,0.17532830723342,0.66460962109644,0.,             715P    812
0.1965753877754,0.67170155978907,0.,0.22181567639422,                715P    813
0.67315956642245,0.,-2.61799387799148,-1.68371217618772,0.,0.,       715P    814
1.;                                                                  715P    815
126,2,2,1,0,1,0,4.82530482977735,4.82530482977735,                   717P    816
4.82530482977735,6.28318530717959,6.28318530717959,                  717P    817
6.28318530717959,1.,1.,1.,0.22181567639422,0.67315956642245,0.,      717P    818
0.22399874338331,0.67328567140481,0.,0.22399874338331,               717P    819
0.67440485312332,0.,4.82530482977735,6.28318530717959,0.,0.,1.;      717P    820
126,1,1,1,0,1,0,-0.00149452143902,-0.00149452143902,0.,0.,1.,1.,     719P    821
0.22399874338331,0.67440485312332,0.,0.22399874338331,               719P    822
0.79152936914309,0.,-0.00149452143902,0.,0.,0.,1.;                   719P    823
126,8,2,1,0,1,0,-3.14159265358979,-3.14159265358979,                 721P    824
-3.14159265358979,-2.74889357189107,-2.74889357189107,               721P    825
-2.35619449019235,-2.35619449019235,-1.96349540849363,               721P    826
-1.96349540849363,-1.5707963267949,-1.5707963267949,                 721P    827
-1.5707963267949,1.,1.,1.,1.,1.,1.,1.,1.,1.,0.22399874338331,        721P    828
0.79152936914309,0.,0.22399874338331,0.79923027077292,0.,            721P    829
0.2297839945667,0.80634497617061,0.,0.2355692457501,                 721P    830
0.81345968156829,0.,0.24625899606764,0.818905041332,0.,              721P    831
0.25694874638519,0.82435040109571,0.,0.27091557825387,               721P    832
0.82729740856372,0.,0.28488241012255,0.83024441603173,0.,0.3,        721P    833
0.83024441603173,0.,-3.14159265358979,-1.5707963267949,0.,0.,1.;     721P    834
126,1,1,1,0,1,0,-0.0015,-0.0015,0.,0.,1.,1.,0.3,                     723P    835
0.83024441603173,0.,0.53076923076923,0.83024441603173,0.,            723P    836
-0.0015,0.,0.,0.,1.;                                                 723P    837
126,8,2,1,0,1,0,-1.57079632679489,-1.57079632679489,                 725P    838
-1.57079632679489,-1.17809724509617,-1.17809724509617,               725P    839
-0.78539816339745,-0.78539816339745,-0.39269908169873,               725P    840
-0.39269908169873,-0.00000000000001,-0.00000000000001,               725P    841
-0.00000000000001,1.,1.,1.,1.,1.,1.,1.,1.,1.,0.53076923076923,       725P    842
0.83024441603173,0.,0.54588682064669,0.83024441603173,0.,            725P    843
0.55985365251536,0.82729740856372,0.,0.57382048438404,               725P    844
0.82435040109571,0.,0.58451023470159,0.818905041332,0.,              725P    845
0.59519998501913,0.81345968156829,0.,0.60098523620253,               725P    846
0.80634497617061,0.,0.60677048738592,0.79923027077292,0.,            725P    847
0.60677048738592,0.79152936914309,0.,-1.57079632679489,              725P    848
-0.00000000000001,0.,0.,1.;                                          725P    849
126,1,1,1,0,1,0,-0.00149,-0.00149,0.,0.,1.,1.,0.60677048738592,      727P    850
0.79152936914309,0.,0.60677048738592,0.67475919488336,0.,            727P    851
-0.00149,0.,0.,0.,1.;                                                727P    852
126,4,2,1,0,1,0,3.1415926535899,3.1415926535899,3.1415926535899,     729P    853
3.9269908169873,3.9269908169873,4.71238898038469,                    729P    854
4.71238898038469,4.71238898038469,1.,1.,1.,1.,1.,                    729P    855
0.60677048738592,0.67475919488336,0.,0.60677048738592,               729P    856
0.6742400743671,0.,0.60749108725465,0.6738730007298,0.,              729P    857
0.60821168712337,0.6735059270925,0.,0.60923076923077,                729P    858
0.6735059270925,0.,3.1415926535899,4.71238898038469,0.,0.,1.;        729P    859
126,1,1,1,0,1,0,-0.00004,-0.00004,0.,0.,1.,1.,0.60923076923077,      731P    860
0.6735059270925,0.,0.61538461538462,0.6735059270925,0.,-0.00004,     731P    861
0.,0.,0.,1.;                                                         731P    862
126,4,2,1,0,1,0,-1.5707963267949,-1.5707963267949,                   733P    863
-1.5707963267949,-1.0471975511966,-1.0471975511966,                  733P    864
-0.5235987755983,-0.5235987755983,-0.5235987755983,1.,1.,1.,1.,      733P    865
1.,0.61538461538462,0.6735059270925,0.,0.64399368125515,             733P    866
0.6735059270925,0.,0.66876985907757,0.66621919674142,0.,             733P    867
0.6935460369,0.65893246639034,0.,0.70785056983527,                   733P    868
0.64631147920122,0.,-1.5707963267949,-0.5235987755983,0.,0.,1.;      733P    869
126,1,1,1,0,1,0,-0.00113397459622,-0.00113397459622,                 735P    870
0.00005198433194,0.00005198433194,1.,1.,0.70785056983527,            735P    871
0.64631147920122,0.,0.79907817969361,0.56582073542602,0.,            735P    872
-0.00113397459622,0.00005198433194,0.,0.,1.;                         735P    873
126,1,1,1,0,1,0,-0.00425457454053,-0.00425457454053,                 737P    874
0.00005198433194,0.00005198433194,1.,1.,0.79907817969361,            737P    875
0.56582073542602,0.,0.79907817969361,0.22831897032677,0.,            737P    876
-0.00425457454053,0.00005198433194,0.,0.,1.;                         737P    877
126,1,1,1,0,1,0,-0.00064706962805,-0.00064706962805,0.,0.,1.,1.,     739P    878
0.79907817969361,0.22831897032677,0.,0.74930359292042,               739P    879
0.18440251217667,0.,-0.00064706962805,0.,0.,0.,1.;                   739P    880
126,4,2,1,0,1,0,-5.75958653158129,-5.75958653158129,                 741P    881
-5.75958653158129,-5.23598775598299,-5.23598775598299,               741P    882
-4.71238898038469,-4.71238898038469,-4.71238898038469,1.,1.,1.,      741P    883
1.,1.,0.74930359292042,0.18440251217667,0.,0.73499905998515,         741P    884
0.17178152498755,0.,0.71022288216273,0.16449479463647,0.,            741P    885
0.6854467043403,0.15720806428539,0.,0.65683763846977,                741P    886
0.15720806428539,0.,-5.75958653158129,-4.71238898038469,0.,0.,       741P    887
1.;                                                                  741P    888
126,1,1,1,0,1,0,-0.00316944465005,-0.00316944465005,-0.,-0.,1.,      743P    889
1.,0.65683763846977,0.15720806428539,0.,0.16923076923077,            743P    890
0.15720806428539,0.,-0.00316944465005,-0.,0.,0.,1.;                  743P    891
126,8,2,1,0,1,0,-4.71238898038469,-4.71238898038469,                 745P    892
-4.71238898038469,-4.31968989868597,-4.31968989868597,               745P    893
-3.92699081698724,-3.92699081698724,-3.53429173528852,               745P    894
-3.53429173528852,-3.1415926535898,-3.1415926535898,                 745P    895
-3.1415926535898,1.,1.,1.,1.,1.,1.,1.,1.,1.,0.16923076923077,        745P    896
0.15720806428539,0.,0.14799279881856,0.15720806428539,0.,            745P    897
0.12837147264263,0.16134817245855,0.,0.10875014646671,               745P    898
0.16548828063172,0.,0.09373263356959,0.17313820303885,0.,            745P    899
0.07871512067248,0.18078812544599,0.,0.07058770125866,               745P    900
0.19078323074733,0.,0.06246028184485,0.20077833604868,0.,            745P    901
0.06246028184485,0.21159696006795,0.,-4.71238898038469,              745P    902
-3.1415926535898,0.,0.,1.;                                           745P    903
126,1,1,1,0,1,0,-0.00447253866082,-0.00447253866082,0.,0.,1.,1.,     747P    904
0.06246028184485,0.21159696006795,0.,0.06246028184485,               747P    905
0.56210643577763,0.,-0.00447253866082,0.,0.,0.,1.;                   747P    906
102,19,711,713,715,717,719,721,723,725,727,729,731,733,735,737,      749P    907
739,741,743,745,747;                                                 749P    908
124,0.,0.,-1.,5.2,0.,-1.,0.,7.47253866082108,-1.,0.,0.,              751P    909
3.90000000000002;                                                    751P    910
100,0.,0.,0.,-0.69400816800845,0.00000000000001,                     753P    911
-0.60102870392922,-0.34700408400423;                                 753P    912
110,5.2,7.81954274482531,4.50102870392923,5.2,8.54700408400423,      755P    913
4.08102870392923;                                                    755P    914
124,0.,0.,-1.,5.2,0.,-1.,0.,8.19999999999999,-1.,0.,0.,              757P    915
3.47999999999999;                                                    757P    916
100,0.,0.,0.,-0.60102870392924,-0.34700408400425,                    759P    917
-0.07819810343759,-0.68958856855465;                                 759P    918
124,0.,0.,1.,5.2,0.,1.,0.,8.90547856097829,-1.,0.,0.,3.56;           761P    919
100,0.,0.,0.,0.00180189656242,-0.01588999242365,                     763P    920
0.01599183199153,-0.;                                                763P    921
110,5.2,8.90547856097829,3.54400816800847,5.2,10.4,                  765P    922
3.54400816800847;                                                    765P    923
124,0.,0.,-1.,5.2,0.,-1.,0.,10.4,-1.,0.,0.,3.05;                     767P    924
100,0.,0.,0.,-0.49400816800847,-0.,-0.,-0.49400816800847;            769P    925
110,5.2,10.89400816800847,3.05,5.2,10.89400816800847,1.55;           771P    926
124,0.,0.,-1.,5.2,0.,-1.,0.,10.4,-1.,0.,0.,1.55;                     773P    927
100,0.,0.,0.,0.,-0.49400816800847,0.49400816800847,-0.;              775P    928
110,5.2,10.4,1.05599183199153,5.2,8.91,1.05599183199153;             777P    929
124,0.,0.,1.,5.2,0.,1.,0.,8.91,-1.,0.,0.,1.04;                       779P    930
100,0.,0.,0.,-0.01599183199153,-0.,-0.,-0.01599183199153;            781P    931
110,5.2,8.89400816800847,1.04,5.2,8.89400816800847,1.;               783P    932
124,0.,0.,-1.,5.2,0.,-1.,0.,8.2,-1.,0.,0.,1.;                        785P    933
100,0.,0.,0.,0.,-0.69400816800847,0.60102870392923,                  787P    934
-0.34700408400424;                                                   787P    935
110,5.2,8.54700408400424,0.39897129607077,5.2,7.51993352437403,      789P    936
-0.19400816800847;                                                   789P    937
110,5.2,7.51993352437403,-0.19400816800847,5.2,3.21337465190571,     791P    938
-0.19400816800847;                                                   791P    939
110,5.2,3.21337465190571,-0.19400816800847,5.2,2.65299591599576,     793P    940
0.12952664601728;                                                    793P    941
124,0.,0.,-1.,5.2,0.,-1.,0.,3.,-1.,0.,0.,0.73055534994651;           795P    942
100,0.,0.,0.,0.60102870392923,0.34700408400424,-0.,                  797P    943
0.69400816800847;                                                    797P    944
110,5.2,2.30599183199153,0.73055534994651,5.2,2.30599183199153,      799P    945
3.9;                                                                 799P    946
124,0.,0.,-1.,5.2,0.,-1.,0.,3.,-1.,0.,0.,3.9;                        801P    947
100,0.,0.,0.,-0.,0.69400816800847,-0.69400816800847,0.;              803P    948
110,5.2,3.,4.59400816800847,5.2,7.47253866082107,                    805P    949
4.59400816800847;                                                    805P    950
102,19,753,755,759,763,765,769,771,775,777,781,783,787,789,791,      807P    951
793,797,799,803,805;                                                 807P    952
142,1,687,749,807,2;                                                 809P    953
144,687,1,1,709,809;                                                 811P    954
110,-11.1,1.927,4.42,-11.1,1.927,0.;                                 813P    955
122,813,0.99845203503492,1.927,4.42;                                 815P    956
126,1,1,1,0,1,0,0.001,0.001,0.0016,0.0016,1.,1.,                     817P    957
0.23076923076923,0.20695452217772,0.,0.36651583710407,               817P    958
0.20695452217772,0.,0.001,0.0016,0.,0.,1.;                           817P    959
126,1,1,1,0,1,0,-0.00959462267503,-0.00959462267503,                 819P    960
-0.00879845203503,-0.00879845203503,1.,1.,0.36651583710407,          819P    961
0.20695452217772,0.,0.36651583710407,0.27276216746108,0.,            819P    962
-0.00959462267503,-0.00879845203503,0.,0.,1.;                        819P    963
126,1,1,1,0,1,0,0.00162,0.00162,0.00262,0.00262,1.,1.,               821P    964
0.36651583710407,0.27276216746108,0.,0.59276018099548,               821P    965
0.27276216746108,0.,0.00162,0.00262,0.,0.,1.;                        821P    966
126,1,1,1,0,1,0,0.00879845203503,0.00879845203503,                   823P    967
0.00959462267503,0.00959462267503,1.,1.,0.59276018099548,            823P    968
0.27276216746108,0.,0.59276018099548,0.20695452217772,0.,            823P    969
0.00879845203503,0.00959462267503,0.,0.,1.;                          823P    970
126,1,1,1,0,1,0,0.0026,0.0026,0.0044,0.0044,1.,1.,                   825P    971
0.59276018099548,0.20695452217772,0.,1.,0.20695452217772,0.,         825P    972
0.0026,0.0044,0.,0.,1.;                                              825P    973
126,1,1,1,0,1,0,-0.00959462267503,-0.00959462267503,                 827P    974
-0.00707992624761,-0.00707992624761,1.,1.,1.,0.20695452217772,       827P    975
0.,1.,0.41480726401161,0.,-0.00959462267503,-0.00707992624761,       827P    976
0.,0.,1.;                                                            827P    977
126,1,1,1,0,1,0,0.0057320597247,0.0057320597247,0.0101520801358,     829P    978
0.0101520801358,1.,1.,1.,0.41480726401161,0.,0.00452488687783,       829P    979
0.38007519471772,0.,0.0057320597247,0.0101520801358,0.,0.,1.;        829P    980
126,1,1,1,0,1,0,-0.00750013052204,-0.00750013052204,                 831P    981
-0.00389677354803,-0.00389677354803,1.,1.,0.00452488687783,          831P    982
0.38007519471772,0.,0.00452488687783,0.67791139422222,0.,            831P    983
-0.00750013052204,-0.00389677354803,0.,0.,1.;                        831P    984
126,1,1,1,0,1,0,0.00573123042721,0.00573123042721,                   833P    985
0.01015125078337,0.01015125078337,1.,1.,0.00452488687783,            833P    986
0.67791139422222,0.,1.,0.64317932492833,0.,0.00573123042721,         833P    987
0.01015125078337,0.,0.,1.;                                           833P    988
126,1,1,1,0,1,0,-0.00431697782246,-0.00431697782246,0.,0.,1.,1.,     835P    989
1.,0.64317932492833,0.,1.,1.,0.,-0.00431697782246,-0.,0.,0.,1.;      835P    990
126,1,1,1,0,1,0,-0.00442,-0.00442,0.,0.,1.,1.,1.,1.,0.,0.,1.,0.,     837P    991
-0.00442,0.,0.,0.,1.;                                                837P    992
126,1,1,1,0,1,0,0.,0.,0.01209845203503,0.01209845203503,1.,1.,       839P    993
0.,1.,0.,0.,0.,0.,0.,0.01209845203503,0.,0.,1.;                      839P    994
126,1,1,1,0,1,0,0.,0.,0.00002,0.00002,1.,1.,0.,0.,0.,                841P    995
0.00452488687783,0.,0.,0.,0.00002,0.,0.,1.;                          841P    996
126,1,1,1,0,1,0,-0.01209845203503,-0.01209845203503,                 843P    997
-0.00906112663362,-0.00906112663362,1.,1.,0.00452488687783,0.,       843P    998
0.,0.00452488687783,0.25105074538591,0.,-0.01209845203503,           843P    999
-0.00906112663362,0.,0.,1.;                                          843P   1000
126,1,1,1,0,1,0,0.00362756296791,0.00362756296791,                   845P   1001
0.00476097263734,0.00476097263734,1.,1.,0.00452488687783,            845P   1002
0.25105074538591,0.,0.23076923076923,0.20695452217773,0.,            845P   1003
0.00362756296791,0.00476097263734,0.,0.,1.;                          845P   1004
102,15,817,819,821,823,825,827,829,831,833,835,837,839,841,843,      847P   1005
845;                                                                 847P   1006
110,-8.59617063999924,1.927,3.4,-8.59617063999924,1.927,2.8;         849P   1007
110,-8.59617063999923,1.927,2.8,-7.8,1.927,2.8;                      851P   1008
110,-7.8,1.927,2.8,-7.8,1.927,1.8;                                   853P   1009
110,-7.8,1.927,1.8,-8.59617063999923,1.927,1.8;                      855P   1010
110,-8.59617063999924,1.927,1.8,-8.59617063999924,1.927,0.;          857P   1011
110,-8.59617063999923,1.927,0.,-6.08147421257148,1.927,0.;           859P   1012
126,6,3,0,0,1,0,0.0057320597247,0.0057320597247,0.0057320597247,     861P   1013
0.0057320597247,0.00786643561545,0.00786643561545,                   861P   1014
0.00786643561545,0.0101520801358,0.0101520801358,                    861P   1015
0.0101520801358,0.0101520801358,1.,1.,1.,1.,1.,1.,1.,                861P   1016
-6.08147421257148,1.927,-0.,-6.1493181230158,1.927,                  861P   1017
0.70821631190951,-6.21703399098565,1.927,1.41644489432934,           861P   1018
-6.28466546152758,1.927,2.12468152486424,-6.35709014886872,          861P   1019
1.927,2.88311271257939,-6.42941734572911,1.927,3.64155321261308,     861P   1020
-6.50167848700115,1.927,4.4,0.0057320597247,0.0101520801358;         861P   1021
110,-6.50167848700115,1.927,4.4,-2.89832151299885,1.927,4.4;         863P   1022
126,3,3,0,0,1,0,0.00573123042721,0.00573123042721,                   865P   1023
0.00573123042721,0.00573123042721,0.01015125078337,                  865P   1024
0.01015125078337,0.01015125078337,0.01015125078337,1.,1.,1.,1.,      865P   1025
-2.89832151299885,1.927,4.4,-3.03806142107093,1.927,                 865P   1026
2.93330182057305,-3.17802970988972,1.927,1.46662557067583,           865P   1027
-3.31852578742851,1.927,0.,0.00573123042721,0.01015125078337;        865P   1028
110,-3.31852578742852,1.927,0.,0.99845203503492,1.927,0.;            867P   1029
110,0.99845203503492,1.927,0.,0.99845203503492,1.927,4.42;           869P   1030
110,0.99845203503492,1.927,4.42,-11.1,1.927,4.42;                    871P   1031
110,-11.1,1.927,4.42,-11.1,1.927,4.4;                                873P   1032
110,-11.1,1.927,4.4,-8.06267459858879,1.927,4.4;                     875P   1033
126,3,3,0,0,1,0,0.00362756296791,0.00362756296791,                   877P   1034
0.00362756296791,0.00362756296791,0.00476097263734,                  877P   1035
0.00476097263734,0.00476097263734,0.00476097263734,1.,1.,1.,1.,      877P   1036
-8.06267459858879,1.927,4.4,-8.24037215141089,1.927,                 877P   1037
4.06659504498577,-8.41814924500354,1.927,3.7332324579777,            877P   1038
-8.59617063999922,1.927,3.39999999999999,0.00362756296791,           877P   1039
0.00476097263734;                                                    877P   1040
102,15,849,851,853,855,857,859,861,863,865,867,869,871,873,875,      879P   1041
877;                                                                 879P   1042
142,1,815,847,879,2;                                                 881P   1043
126,1,1,1,0,1,0,0.00059845203503,0.00059845203503,                   883P   1044
0.00139845203503,0.00139845203503,1.,1.,0.59276018099548,            883P   1045
0.95053482600072,0.,0.59276018099548,0.88441066419198,0.,            883P   1046
0.00059845203503,0.00139845203503,0.,0.,1.;                          883P   1047
126,1,1,1,0,1,0,-0.00262,-0.00262,-0.00162,-0.00162,1.,1.,           885P   1048
0.59276018099548,0.88441066419198,0.,0.36651583710407,               885P   1049
0.88441066419198,0.,-0.00262,-0.00162,0.,0.,1.;                      885P   1050
126,1,1,1,0,1,0,-0.00139845203503,-0.00139845203503,                 887P   1051
-0.00059845203503,-0.00059845203503,1.,1.,0.36651583710407,          887P   1052
0.88441066419198,0.,0.36651583710407,0.95053482600072,0.,            887P   1053
-0.00139845203503,-0.00059845203503,0.,0.,1.;                        887P   1054
126,1,1,1,0,1,0,0.00162,0.00162,0.00262,0.00262,1.,1.,               889P   1055
0.36651583710407,0.95053482600072,0.,0.59276018099548,               889P   1056
0.95053482600072,0.,0.00162,0.00262,0.,0.,1.;                        889P   1057
102,4,883,885,887,889;                                               891P   1058
110,0.4,1.927,1.8,-0.4,1.927,1.8;                                    893P   1059
110,-0.4,1.927,1.8,-0.4,1.927,2.8;                                   895P   1060
110,-0.4,1.927,2.8,0.4,1.927,2.8;                                    897P   1061
110,0.4,1.927,2.8,0.4,1.927,1.8;                                     899P   1062
102,4,893,895,897,899;                                               901P   1063
142,1,815,891,901,2;                                                 903P   1064
144,815,1,1,881,903;                                                 905P   1065
110,-4.4517638090205,4.51483196514755,5.,-3.78526970898381,          907P   1066
4.33624540928261,5.;                                                 907P   1067
122,907,-4.4517638090205,4.51483196514755,5.9054;                    909P   1068
126,1,1,1,0,1,0,-0.00070333560827,-0.00070333560827,                 911P   1069
-0.00016761384819,-0.00016761384819,1.,1.,1.,0.83825184143509,       911P   1070
0.,0.24836476423228,0.98650890794987,0.,-0.00070333560827,           911P   1071
-0.00016761384819,0.,0.,1.;                                          911P   1072
126,4,2,1,0,1,0,-4.97418836818384,-4.97418836818384,                 913P   1073
-4.97418836818384,-4.54073570668728,-4.54073570668728,               913P   1074
-4.10728304519071,-4.10728304519071,-4.10728304519071,1.,1.,1.,      913P   1075
1.,1.,0.24836476423228,0.98650890794987,0.,0.18454366038035,         913P   1076
0.99909736733624,0.,0.1194422115612,0.99078942243279,0.,             913P   1077
0.05434076274205,0.98248147752934,0.,0.,0.9548137488616,0.,          913P   1078
-4.97418836818384,-4.10728304519071,0.,0.,1.;                        913P   1079
126,1,1,1,0,1,0,0.00003551163178,0.00003551163178,0.0009,0.0009,     915P   1080
1.,1.,0.,0.9548137488616,0.,0.,0.,0.,0.00003551163178,0.0009,0.,     915P   1081
0.,1.;                                                               915P   1082
126,1,1,1,0,1,0,0.,0.,0.00069000546615,0.00069000546615,1.,1.,       917P   1083
0.,0.,0.,1.,0.,0.,0.,0.00069000546615,0.,0.,1.;                      917P   1084
126,1,1,1,0,1,0,-0.0009,-0.0009,-0.00014104678276,                   919P   1085
-0.00014104678276,1.,1.,1.,0.,0.,1.,0.83825184143509,0.,-0.0009,     919P   1086
-0.00014104678276,0.,0.,1.;                                          919P   1087
102,5,911,913,915,917,919;                                           921P   1088
110,-3.78526970898381,4.33624540928261,5.75895321723533,             923P   1089
-4.28623015900268,4.47047735730509,5.89318516525781;                 923P   1090
124,0.96592582628907,0.,-0.25881904510252,-4.33799396802318,         925P   1091
-0.25881904510252,0.,-0.96592582628907,4.4843474281293,0.,1.,0.,     925P   1092
5.7;                                                                 925P   1093
104,0.00000000000004,0.,0.00000000000004,0.,0.,-0.,0.,               927P   1094
0.05358983848622,0.19318516525781,-0.11778320643357,                 927P   1095
0.16448836821929;                                                    927P   1096
110,-4.4517638090205,4.51483196514755,5.86448836821929,              929P   1097
-4.4517638090205,4.51483196514755,5.;                                929P   1098
110,-4.4517638090205,4.51483196514755,5.,-3.78526970898381,          931P   1099
4.33624540928261,5.;                                                 931P   1100
110,-3.78526970898381,4.33624540928261,5.,-3.78526970898381,         933P   1101
4.33624540928261,5.75895321723533;                                   933P   1102
102,5,923,927,929,931,933;                                           935P   1103
142,1,909,921,935,2;                                                 937P   1104
144,909,1,0,937;                                                     939P   1105
110,-3.73350589996331,4.52943057454042,5.9,-3.73350589996331,        941P   1106
4.52943057454042,-994.10000000000002;                                941P   1107
110,-3.93350589996331,4.52943057454042,5.,-3.93350589996331,         943P   1108
4.52943057454042,5.76350693653874;                                   943P   1109
120,941,943,0.,6.28318530717959;                                     945P   1110
126,4,2,1,0,1,0,-5.67232006898157,-5.67232006898157,                 947P   1111
-5.67232006898157,-5.06145483078356,-5.06145483078356,               947P   1112
-4.45058959258555,-4.45058959258555,-4.45058959258555,1.,1.,1.,      947P   1113
1.,1.,0.91837400173566,3.75245789178781,0.,0.92902860238675,         947P   1114
4.01711064352441,0.,0.95186344405188,4.36332312998582,0.,            947P   1115
0.97200860279137,4.6687557491227,0.,0.99403578528827,                947P   1116
4.97418836818383,0.,-5.67232006898157,-4.45058959258555,0.,0.,       947P   1117
1.;                                                                  947P   1118
126,1,1,1,0,1,0,0.00014104678276,0.00014104678276,0.0009,0.0009,     949P   1119
1.,1.,0.99403578528827,4.97418836818383,0.,0.,4.97418836818383,      949P   1120
0.,0.00014104678276,0.0009,0.,0.,1.;                                 949P   1121
126,1,1,1,0,1,0,4.45058959258555,4.45058959258555,                   951P   1122
5.67232006898157,5.67232006898157,1.,1.,0.,4.97418836818383,0.,      951P   1123
0.,3.75245789178781,0.,4.45058959258555,5.67232006898157,0.,0.,      951P   1124
1.;                                                                  951P   1125
126,1,1,1,0,1,0,-0.0009,-0.0009,-0.00019881507934,                   953P   1126
-0.00019881507934,1.,1.,0.,3.75245789178781,0.,0.91837400173566,     953P   1127
3.75245789178781,0.,-0.0009,-0.00019881507934,0.,0.,1.;              953P   1128
102,4,947,949,951,953;                                               955P   1129
124,0.96592582628907,0.,-0.25881904510252,-3.73350589996331,0.,      957P   1130
-1.,0.,4.52943057454042,-0.25881904510252,0.,-0.96592582628907,      957P   1131
5.74508314641112;                                                    957P   1132
104,0.00000000000004,0.,0.00000000000004,0.,0.,-0.,0.,               959P   1133
0.16960971991732,0.11471528727021,-0.05358983848622,                 959P   1134
0.19318516525781;                                                    959P   1135
110,-3.78526970898381,4.33624540928261,5.75895321723533,             961P   1136
-3.78526970898381,4.33624540928261,5.;                               961P   1137
124,1.,0.,0.,-3.73350589996331,0.,1.,0.,4.52943057454042,0.,0.,      963P   1138
1.,5.;                                                               963P   1139
100,0.,0.,0.,-0.0517638090205,-0.19318516525781,0.1638304088578,     965P   1140
-0.11471528727021;                                                   965P   1141
110,-3.56967549110551,4.41471528727021,5.,-3.56967549110551,         967P   1142
4.41471528727021,5.70118492066202;                                   967P   1143
102,4,959,961,965,967;                                               969P   1144
142,1,945,955,969,2;                                                 971P   1145
144,945,1,0,971;                                                     973P   1146
110,-3.56967549110551,4.41471528727021,5.,-2.39993018629604,         975P   1147
6.08528471272979,5.;                                                 975P   1148
122,975,-3.56967549110551,4.41471528727021,5.70539203018599;         977P   1149
126,1,1,1,0,1,0,-0.0020935348923,-0.0020935348923,                   979P   1150
-0.0000302011587,-0.0000302011587,1.,1.,1.,0.54969803215098,0.,      979P   1151
0.,0.99403578528827,0.,-0.0020935348923,-0.0000302011587,0.,0.,      979P   1152
1.;                                                                  979P   1153
126,1,1,1,0,1,0,0.00019881507934,0.00019881507934,0.0009,0.0009,     981P   1154
1.,1.,0.,0.99403578528827,0.,0.,0.,0.,0.00019881507934,0.0009,       981P   1155
0.,0.,1.;                                                            981P   1156
126,1,1,1,0,1,0,-0.,-0.,0.00203938870336,0.00203938870336,1.,1.,     983P   1157
0.,0.,0.,1.,0.,0.,-0.,0.00203938870336,0.,0.,1.;                     983P   1158
126,1,1,1,0,1,0,-0.0009,-0.0009,-0.00051224738911,                   985P   1159
-0.00051224738911,1.,1.,1.,0.,0.,1.,0.54969803215098,0.,-0.0009,     985P   1160
-0.00051224738911,0.,0.,1.;                                          985P   1161
102,4,979,981,983,985;                                               987P   1162
110,-2.39993018629604,6.08528471272979,5.38775261088822,             989P   1163
-3.56967549110551,4.41471528727021,5.70118492066202;                 989P   1164
110,-3.56967549110551,4.41471528727021,5.70118492066202,             991P   1165
-3.56967549110551,4.41471528727021,5.;                               991P   1166
110,-3.56967549110551,4.41471528727021,5.,-2.39993018629604,         993P   1167
6.08528471272979,5.;                                                 993P   1168
110,-2.39993018629604,6.08528471272979,5.,-2.39993018629604,         995P   1169
6.08528471272979,5.38775261088822;                                   995P   1170
102,4,989,991,993,995;                                               997P   1171
142,1,977,987,997,2;                                                 999P   1172
144,977,1,0,999;                                                    1001P   1173
110,-2.56376059515384,6.2,5.9,-2.56376059515384,6.2,                1003P   1174
-994.10000000000002;                                                1003P   1175
110,-2.76376059515384,6.2,5.,-2.76376059515384,6.2,                 1005P   1176
5.43424074165715;                                                   1005P   1177
120,1003,1005,0.,6.28318530717959;                                  1007P   1178
126,4,2,1,0,1,0,-7.85398163397449,-7.85398163397449,                1009P   1179
-7.85398163397449,-6.76315085147803,-6.76315085147803,              1009P   1180
-5.67232006898157,-5.67232006898157,-5.67232006898157,1.,1.,1.,     1009P   1181
1.,1.,0.99403578528827,1.57079632679489,0.,0.90614778190777,        1009P   1182
2.28295655807689,0.,0.8845693932032,2.66162710929135,0.,            1009P   1183
0.85386703320217,3.2004105997711,0.,0.89294387580603,               1009P   1184
3.75245789178781,0.,-7.85398163397449,-5.67232006898157,0.,0.,      1009P   1185
1.;                                                                 1009P   1186
126,1,1,1,0,1,0,0.00051224738911,0.00051224738911,0.0009,0.0009,    1011P   1187
1.,1.,0.89294387580603,3.75245789178781,0.,-0.,3.75245789178781,    1011P   1188
0.,0.00051224738911,0.0009,0.,0.,1.;                                1011P   1189
126,1,1,1,0,1,0,5.67232006898157,5.67232006898157,                  1013P   1190
7.85398163397448,7.85398163397448,1.,1.,-0.,3.75245789178781,0.,    1013P   1191
-0.,1.5707963267949,0.,5.67232006898157,7.85398163397448,0.,0.,     1013P   1192
1.;                                                                 1013P   1193
126,1,1,1,0,1,0,-0.0009,-0.0009,-0.00046834916336,                  1015P   1194
-0.00046834916336,1.,1.,-0.,1.57079632679489,0.,                    1015P   1195
0.99403578528827,1.57079632679489,0.,-0.0009,-0.00046834916336,     1015P   1196
0.,0.,1.;                                                           1015P   1197
102,4,1009,1011,1013,1015;                                          1017P   1198
124,0.96592582628907,0.,-0.25881904510252,-2.56376059515384,0.,     1019P   1199
-1.,0.,6.2,-0.25881904510252,0.,-0.96592582628907,                  1019P   1200
5.43165083663733;                                                   1019P   1201
104,0.00000000000004,0.,0.00000000000004,0.,0.,-0.,0.,-0.,-0.2,     1021P   1202
0.16960971991732,0.11471528727021;                                  1021P   1203
110,-2.39993018629604,6.08528471272979,5.38775261088822,            1023P   1204
-2.39993018629604,6.08528471272979,5.;                              1023P   1205
124,1.,0.,0.,-2.56376059515384,0.,1.,0.,6.2,0.,0.,1.,5.;            1025P   1206
100,0.,0.,0.,0.1638304088578,-0.11471528727021,0.,0.2;              1027P   1207
110,-2.56376059515384,6.4,5.,-2.56376059515384,6.4,                 1029P   1208
5.43165083663733;                                                   1029P   1209
102,4,1021,1023,1027,1029;                                          1031P   1210
142,1,1007,1017,1031,2;                                             1033P   1211
144,1007,1,0,1033;                                                  1035P   1212
110,-4.4,6.4,5.,-4.4,6.4,5.9054;                                    1037P   1213
122,1037,-2.56376059515384,6.4,5.;                                  1039P   1214
126,1,1,1,0,1,0,-0.0016620140277,-0.0016620140277,                  1041P   1215
0.00012121768324,0.00012121768324,1.,1.,0.98650890794987,           1041P   1216
0.06195806532474,0.,0.47675153151903,1.,0.,-0.0016620140277,        1041P   1217
0.00012121768324,0.,0.,1.;                                          1041P   1218
126,1,1,1,0,1,0,0.00046834916336,0.00046834916336,0.0009,0.0009,    1043P   1219
1.,1.,0.47675153151903,1.,0.,0.,1.,0.,0.00046834916336,0.0009,      1043P   1220
0.,0.,1.;                                                           1043P   1221
126,1,1,1,0,1,0,-0.,-0.,0.00183623940485,0.00183623940485,1.,1.,    1045P   1222
0.,1.,0.,0.,0.,0.,-0.,0.00183623940485,0.,0.,1.;                    1045P   1223
126,1,1,1,0,1,0,-0.0009,-0.0009,-0.0000098546556,                   1047P   1224
-0.0000098546556,1.,1.,0.,0.,0.,0.98315147382807,0.,0.,-0.0009,     1047P   1225
-0.0000098546556,0.,0.,1.;                                          1047P   1226
126,2,2,1,0,1,0,-3.45681740884569,-3.45681740884569,                1049P   1227
-3.45681740884569,-2.87979326579065,-2.87979326579065,              1049P   1228
-2.87979326579065,1.,1.,1.,0.98315147382807,0.,0.,                  1049P   1229
1.00347725353474,0.03073336813229,0.,0.98650890794987,              1049P   1230
0.06195806532474,0.,-3.45681740884569,-2.87979326579065,0.,0.,      1049P   1231
1.;                                                                 1049P   1232
102,5,1041,1043,1045,1047,1049;                                     1051P   1233
110,-4.28623015900268,6.4,5.89318516525781,-2.56376059515384,       1053P   1234
6.4,5.43165083663733;                                               1053P   1235
110,-2.56376059515384,6.4,5.43165083663733,-2.56376059515384,       1055P   1236
6.4,5.;                                                             1055P   1237
110,-2.56376059515384,6.4,5.,-4.4,6.4,5.;                           1057P   1238
110,-4.4,6.4,5.,-4.4,6.4,5.89014534440393;                          1059P   1239
124,0.,-1.,0.,-4.33799396802318,0.,0.,1.,6.4,-1.,0.,0.,5.7;         1061P   1240
100,0.,0.,0.,-0.19014534440393,0.06200603197682,                    1063P   1241
-0.19318516525781,-0.0517638090205;                                 1063P   1242
102,5,1053,1055,1057,1059,1063;                                     1065P   1243
142,1,1039,1051,1065,2;                                             1067P   1244
144,1039,1,0,1067;                                                  1069P   1245
110,-11.1,0.,5.,5.2,0.,5.;                                          1071P   1246
122,1071,-11.1,16.7,5.;                                             1073P   1247
126,1,1,1,0,1,0,0.,0.,0.0157,0.0157,1.,1.,0.01840490797546,0.,      1075P   1248
0.,0.98159509202454,0.,0.,0.,0.0157,0.,0.,1.;                       1075P   1249
126,8,2,1,0,1,0,4.7123889803847,4.7123889803847,4.7123889803847,    1077P   1250
5.10508806208342,5.10508806208342,5.49778714378214,                 1077P   1251
5.49778714378214,5.89048622548086,5.89048622548086,                 1077P   1252
6.28318530717958,6.28318530717958,6.28318530717958,1.,1.,1.,1.,     1077P   1253
1.,1.,1.,1.,1.,0.98159509202454,0.,0.,0.98525605584134,0.,0.,       1077P   1254
0.98863834538095,0.0013674335477,0.,0.99202063492056,               1077P   1255
0.0027348670954,0.,0.9946093272611,0.00526155482898,0.,             1077P   1256
0.99719801960164,0.00778824256257,0.,0.99859900980082,              1077P   1257
0.01108951917907,0.,1.,0.01439079579558,0.,1.,0.01796407185629,     1077P   1258
0.,4.7123889803847,6.28318530717958,0.,0.,1.;                       1077P   1259
126,1,1,1,0,1,0,-0.,-0.,0.01276010770255,0.01276010770255,1.,1.,    1079P   1260
1.,0.01796407185629,0.,1.,0.78204237739841,0.,-0.,                  1079P   1261
0.01276010770255,0.,0.,1.;                                          1079P   1262
126,4,2,1,0,1,0,0.00000000000002,0.00000000000002,                  1081P   1263
0.00000000000002,0.43633231299859,0.43633231299859,                 1081P   1264
0.87266462599716,0.87266462599716,0.87266462599716,1.,1.,1.,1.,     1081P   1265
1.,1.,0.78204237739841,0.,1.,0.78602491624829,0.,                   1081P   1266
0.99827560344239,0.7896343222201,0.,0.99655120688478,               1081P   1267
0.79324372819192,0.,0.99342553882859,0.79580365481971,0.,           1081P   1268
0.00000000000002,0.87266462599716,0.,0.,1.;                         1081P   1269
126,1,1,1,0,1,0,0.,0.,0.00519595002629,0.00519595002629,1.,1.,      1083P   1270
0.99342553882859,0.79580365481971,0.,0.74923359745683,              1083P   1271
0.99579720556501,0.,0.,0.00519595002629,0.,0.,1.;                   1083P   1272
126,2,2,1,0,1,0,0.87266462599713,0.87266462599713,                  1085P   1273
0.87266462599713,1.57079632679494,1.57079632679494,                 1085P   1274
1.57079632679494,1.,1.,1.,0.74923359745683,0.99579720556501,0.,     1085P   1275
0.74410198932026,1.,0.,0.73740315065279,1.,0.,0.87266462599713,     1085P   1276
1.57079632679494,0.,0.,1.;                                          1085P   1277
126,1,1,1,0,1,0,0.,0.,0.01151967135564,0.01151967135564,1.,1.,      1087P   1278
0.73740315065279,1.,0.,0.03067484662577,1.,0.,0.,                   1087P   1279
0.01151967135564,0.,0.,1.;                                          1087P   1280
126,8,2,1,0,1,0,1.57079632679491,1.57079632679491,                  1089P   1281
1.57079632679491,1.96349540849363,1.96349540849363,                 1089P   1282
2.35619449019234,2.35619449019234,2.74889357189106,                 1089P   1283
2.74889357189106,3.14159265358978,3.14159265358978,                 1089P   1284
3.14159265358978,1.,1.,1.,1.,1.,1.,1.,1.,1.,0.03067484662577,1.,    1089P   1285
0.,0.02457324026443,1.,0.,0.01893609103175,0.99772094408716,0.,     1089P   1286
0.01329894179906,0.99544188817433,0.,0.00898445456483,              1089P   1287
0.99123074195169,0.,0.0046699673306,0.98701959572906,0.,            1089P   1288
0.0023349836653,0.98151746803488,0.,0.,0.97601534034071,0.,0.,      1089P   1289
0.97005988023952,0.,1.57079632679491,3.14159265358978,0.,0.,1.;     1089P   1290
126,1,1,1,0,1,0,0.,0.,0.0159,0.0159,1.,1.,0.,0.97005988023952,      1091P   1291
0.,0.,0.01796407185629,0.,0.,0.0159,0.,0.,1.;                       1091P   1292
126,8,2,1,0,1,0,3.1415926535898,3.1415926535898,3.1415926535898,    1093P   1293
3.53429173528852,3.53429173528852,3.92699081698724,                 1093P   1294
3.92699081698724,4.31968989868597,4.31968989868597,                 1093P   1295
4.71238898038469,4.71238898038469,4.71238898038469,1.,1.,1.,1.,     1093P   1296
1.,1.,1.,1.,1.,0.,0.01796407185629,0.,0.,0.01439079579558,0.,       1093P   1297
0.00140099019918,0.01108951917907,0.,0.00280198039836,              1093P   1298
0.00778824256257,0.,0.0053906727389,0.00526155482898,0.,            1093P   1299
0.00797936507944,0.0027348670954,0.,0.01136165461905,               1093P   1300
0.0013674335477,0.,0.01474394415866,0.,0.,0.01840490797546,0.,      1093P   1301
0.,3.1415926535898,4.71238898038469,0.,0.,1.;                       1093P   1302
102,10,1075,1077,1079,1081,1083,1085,1087,1089,1091,1093;           1095P   1303
110,-10.8,0.,5.,4.9,0.,5.;                                          1097P   1304
124,1.,0.,0.,4.9,0.,1.,0.,0.3,0.,0.,1.,5.;                          1099P   1305
100,0.,0.,0.,0.,-0.3,0.3,-0.;                                       1101P   1306
110,5.2,0.3,5.,5.2,13.0601077025535,5.;                             1103P   1307
124,1.,0.,0.,4.89999999999999,0.,1.,0.,13.0601077025535,0.,0.,      1105P   1308
1.,5.;                                                              1105P   1309
100,0.,0.,0.,0.30000000000001,0.00000000000001,0.19283628290597,    1107P   1310
0.2298133329357;                                                    1107P   1311
110,5.09283628290596,13.2899210354892,5.,1.11250763854637,          1109P   1312
16.62981333293569,5.;                                               1109P   1313
124,1.,0.,0.,0.91967135564042,0.,1.,0.,16.40000000000003,0.,0.,     1111P   1314
1.,5.;                                                              1111P   1315
100,0.,0.,0.,0.19283628290595,0.22981333293566,                     1113P   1316
-0.00000000000001,0.29999999999997;                                 1113P   1317
110,0.91967135564041,16.7,5.,-10.6,16.7,5.;                         1115P   1318
124,1.,0.,0.,-10.6,0.,1.,0.,16.19999999999999,0.,0.,1.,5.;          1117P   1319
100,0.,0.,0.,-0.00000000000001,0.50000000000001,                    1119P   1320
-0.50000000000001,0.00000000000001;                                 1119P   1321
110,-11.1,16.2,5.,-11.1,0.3,5.;                                     1121P   1322
124,1.,0.,0.,-10.8,0.,1.,0.,0.3,0.,0.,1.,5.;                        1123P   1323
100,0.,0.,0.,-0.3,-0.,-0.,-0.3;                                     1125P   1324
102,10,1097,1101,1103,1107,1109,1113,1115,1119,1121,1125;           1127P   1325
142,1,1073,1095,1127,2;                                             1129P   1326
126,1,1,1,0,1,0,-0.00149198286959,-0.00149198286959,0.,0.,1.,1.,    1131P   1327
0.39877300613497,0.28191719343745,0.,0.39877300613497,              1131P   1328
0.37125748502994,0.,-0.00149198286959,0.,0.,0.,1.;                  1131P   1329
126,4,2,1,0,1,0,-3.1415926535898,-3.1415926535898,                  1133P   1330
-3.1415926535898,-2.35619449019234,-2.35619449019234,               1133P   1331
-1.57079632679489,-1.57079632679489,-1.57079632679489,1.,1.,1.,     1133P   1332
1.,1.,0.39877300613497,0.37125748502994,0.,0.39877300613497,        1133P   1333
0.37621812649549,0.,0.4023667879609,0.37972582971481,0.,            1133P   1334
0.40596056978683,0.38323353293413,0.,0.41104294478528,              1133P   1335
0.38323353293413,0.,-3.1415926535898,-1.57079632679489,0.,0.,1.;    1133P   1336
126,1,1,1,0,1,0,-0.00183623940485,-0.00183623940485,0.,0.,1.,1.,    1135P   1337
0.41104294478528,0.38323353293413,0.,0.52369566900897,              1135P   1338
0.38323353293413,0.,-0.00183623940485,0.,0.,0.,1.;                  1135P   1339
126,8,2,1,0,1,0,-7.85398163397448,-7.85398163397448,                1137P   1340
-7.85398163397448,-7.30856624272625,-7.30856624272625,              1137P   1341
-6.76315085147803,-6.76315085147803,-6.2177354602298,               1137P   1342
-6.2177354602298,-5.67232006898157,-5.67232006898157,               1137P   1343
-5.67232006898157,1.,1.,1.,1.,1.,1.,1.,1.,1.,0.52369566900897,      1137P   1344
0.38323353293413,0.,0.52712726926539,0.38323353293413,0.,           1137P   1345
0.53006098506002,0.38149595054698,0.,0.53299470085464,              1137P   1346
0.37975836815983,0.,0.53457923751422,0.37678740854174,0.,           1137P   1347
0.5361637741738,0.37381644892364,0.,0.53593933677877,               1137P   1348
0.3704742140212,0.,0.53571489938373,0.36713197911875,0.,            1137P   1349
0.53374661433767,0.36438830615148,0.,-7.85398163397448,             1137P   1350
-5.67232006898157,0.,0.,1.;                                         1137P   1351
126,1,1,1,0,1,0,-0.00203938870336,-0.00203938870336,0.,0.,1.,1.,    1139P   1352
0.53374661433767,0.36438830615148,0.,0.46198309870518,              1139P   1353
0.26435420881858,0.,-0.00203938870336,0.,0.,0.,1.;                  1139P   1354
126,4,2,1,0,1,0,-5.67232006898157,-5.67232006898157,                1141P   1355
-5.67232006898157,-5.06145483078356,-5.06145483078356,              1141P   1356
-4.45058959258555,-4.45058959258555,-4.45058959258555,1.,1.,1.,     1141P   1357
1.,1.,0.46198309870518,0.26435420881858,0.,0.45976410538358,        1141P   1358
0.26126106333987,0.,0.45612871955226,0.25996958385528,0.,           1141P   1359
0.45249333372094,0.2586781043707,0.,0.44875645957155,               1141P   1360
0.2596554137295,0.,-5.67232006898157,-4.45058959258555,0.,0.,1.;    1141P   1361
126,1,1,1,0,1,0,-0.00069000546615,-0.00069000546615,0.,0.,1.,1.,    1143P   1362
0.44875645957155,0.2596554137295,0.,0.40786725098034,               1143P   1363
0.27034921946991,0.,-0.00069000546615,0.,0.,0.,1.;                  1143P   1364
126,4,2,1,0,1,0,-4.45058959258552,-4.45058959258552,                1145P   1365
-4.45058959258552,-3.79609112308766,-3.79609112308766,              1145P   1366
-3.14159265358979,-3.14159265358979,-3.14159265358979,1.,1.,1.,     1145P   1367
1.,1.,0.40786725098034,0.27034921946991,0.,0.4038440898088,         1145P   1368
0.27140140183081,0.,0.40130854797189,0.27462663740141,0.,           1145P   1369
0.39877300613497,0.27785187297202,0.,0.39877300613497,              1145P   1370
0.28191719343745,0.,-4.45058959258552,-3.14159265358979,0.,0.,      1145P   1371
1.;                                                                 1145P   1372
102,8,1131,1133,1135,1137,1139,1141,1143,1145;                      1147P   1373
110,-4.6,4.70801713040536,5.,-4.6,6.2,5.;                           1149P   1374
124,1.,0.,0.,-4.4,0.,-1.,0.,6.2,0.,0.,-1.,5.;                       1151P   1375
100,0.,0.,0.,-0.2,0.,0.,-0.2;                                       1153P   1376
110,-4.4,6.4,5.,-2.56376059515384,6.4,5.;                           1155P   1377
124,1.,0.,0.,-2.56376059515384,0.,-1.,0.,6.2,0.,0.,-1.,5.;          1157P   1378
100,0.,0.,0.,0.,-0.2,0.1638304088578,0.11471528727021;              1159P   1379
110,-2.39993018629604,6.08528471272979,5.,-3.56967549110551,        1161P   1380
4.41471528727021,5.;                                                1161P   1381
124,1.,0.,0.,-3.73350589996331,0.,-1.,0.,4.52943057454042,0.,0.,    1163P   1382
-1.,5.;                                                             1163P   1383
100,0.,0.,0.,0.1638304088578,0.11471528727021,-0.0517638090205,     1165P   1384
0.19318516525781;                                                   1165P   1385
110,-3.78526970898381,4.33624540928261,5.,-4.4517638090205,         1167P   1386
4.51483196514755,5.;                                                1167P   1387
124,1.,0.,0.,-4.4,0.,-1.,0.,4.70801713040536,0.,0.,-1.,5.;          1169P   1388
100,0.,0.,0.,-0.05176380902051,0.19318516525782,-0.2,-0.;           1171P   1389
102,8,1149,1153,1155,1159,1161,1165,1167,1171;                      1173P   1390
142,1,1073,1147,1173,2;                                             1175P   1391
126,4,2,1,0,1,0,-3.14159265358979,-3.14159265358979,                1177P   1392
-3.14159265358979,-2.70239734073699,-2.70239734073699,              1177P   1393
-2.26320202788419,-2.26320202788419,-2.26320202788419,1.,1.,1.,     1177P   1394
1.,1.,0.57055214723926,0.5688622754491,0.,0.57055214723926,         1177P   1395
0.5742083112929,0.,0.57288112593195,0.57904697689119,0.,            1177P   1396
0.57521010462464,0.58388564248949,0.,0.57942599445731,              1177P   1397
0.58729850219231,0.,-3.14159265358979,-2.26320202788419,0.,0.,      1177P   1398
1.;                                                                 1177P   1399
126,1,1,1,0,1,0,-0.00142214626533,-0.00142214626533,-0.,-0.,1.,     1179P   1400
1.,0.57942599445731,0.58729850219231,0.,0.64658205026431,           1179P   1401
0.64166287264809,0.,-0.00142214626533,-0.,0.,0.,1.;                 1179P   1402
126,8,2,1,0,1,0,-2.26320202788419,-2.26320202788419,                1181P   1403
-2.26320202788419,-1.72951198646214,-1.72951198646214,              1181P   1404
-1.19582194504008,-1.19582194504008,-0.66213190361803,              1181P   1405
-0.66213190361803,-0.12844186219597,-0.12844186219597,              1181P   1406
-0.12844186219597,1.,1.,1.,1.,1.,1.,1.,1.,1.,0.64658205026431,      1181P   1407
0.64166287264809,0.,0.65690902092303,0.65002279271532,0.,           1181P   1408
0.67015704835607,0.65209250720419,0.,0.6834050757891,               1181P   1409
0.65416222169306,0.,0.69588950630643,0.64936608406546,0.,           1181P   1410
0.70837393682375,0.64456994643786,0.,0.71662249478237,              1181P   1411
0.63424189914648,0.,0.72487105274098,0.6239138518551,0.,            1181P   1412
0.72658957928039,0.610926418961,0.,-2.26320202788419,               1181P   1413
-0.12844186219597,0.,0.,1.;                                         1181P   1414
126,1,1,1,0,1,0,-0.00037749172176,-0.00037749172176,0.,0.,1.,1.,    1183P   1415
0.72658957928039,0.610926418961,0.,0.72955599250539,                1183P   1416
0.58850832310244,0.,-0.00037749172176,0.,0.,0.,1.;                  1183P   1417
126,8,2,1,0,1,0,-6.41162716937556,-6.41162716937556,                1185P   1418
-6.41162716937556,-5.89916455217192,-5.89916455217192,              1185P   1419
-5.38670193496828,-5.38670193496828,-4.87423931776464,              1185P   1420
-4.87423931776464,-4.36177670056101,-4.36177670056101,              1185P   1421
-4.36177670056101,1.,1.,1.,1.,1.,1.,1.,1.,1.,0.72955599250539,      1185P   1422
0.58850832310244,0.,0.73161476907394,0.57294951623224,0.,           1185P   1423
0.72559299096045,0.55840410813756,0.,0.71957121284696,              1185P   1424
0.54385870004288,0.,0.70701599927313,0.53406370660618,0.,           1185P   1425
0.6944607856993,0.52426871316949,0.,0.67859783045302,               1185P   1426
0.52174067059267,0.,0.66273487520673,0.51921262801586,0.,           1185P   1427
0.64763969925739,0.52460104267232,0.,-6.41162716937556,             1185P   1428
-4.36177670056101,0.,0.,1.;                                         1185P   1429
126,1,1,1,0,1,0,-0.00105830052443,-0.00105830052443,0.,0.,1.,1.,    1187P   1430
0.64763969925739,0.52460104267232,0.,0.58666324166614,              1187P   1431
0.54636736317671,0.,-0.00105830052443,0.,0.,0.,1.;                  1187P   1432
126,4,2,1,0,1,0,-4.36177670056101,-4.36177670056101,                1189P   1433
-4.36177670056101,-3.7516846770754,-3.7516846770754,                1189P   1434
-3.14159265358979,-3.14159265358979,-3.14159265358979,1.,1.,1.,     1189P   1435
1.,1.,0.58666324166614,0.54636736317671,0.,0.57940636578579,        1189P   1436
0.5489577971329,0.,0.57497925651253,0.55513909258581,0.,            1189P   1437
0.57055214723926,0.56132038803872,0.,0.57055214723926,              1189P   1438
0.5688622754491,0.,-4.36177670056101,-3.14159265358979,0.,0.,1.;    1189P   1439
102,7,1177,1179,1181,1183,1185,1187,1189;                           1191P   1440
124,1.,0.,0.,-1.4,0.,-1.,0.,9.5,0.,0.,-1.,5.;                       1193P   1441
100,0.,0.,0.,-0.4,-0.,-0.25535629034587,-0.30788498661155;          1195P   1442
110,-1.65535629034587,9.80788498661155,5.,-0.56071258069175,        1197P   1443
10.7157699732231,5.;                                                1197P   1444
124,1.,0.,0.,-0.05,0.,-1.,0.,10.1,0.,0.,-1.,5.;                     1199P   1445
100,0.,0.,0.,-0.51071258069175,-0.6157699732231,                    1201P   1446
0.79341014227031,-0.10247119664863;                                 1201P   1447
110,0.74341014227031,10.20247119664863,5.,0.79176267783789,         1203P   1448
9.82808899581079,5.;                                                1203P   1449
124,1.,0.,0.,-0.2,0.,-1.,0.,9.7,0.,0.,-1.,5.;                       1205P   1450
100,0.,0.,0.,0.99176267783789,-0.12808899581079,                    1207P   1451
-0.34347290210462,0.9391625873723;                                  1207P   1452
110,-0.54347290210462,8.7608374126277,5.,-1.53738916084185,         1209P   1453
9.12433496505108,5.;                                                1209P   1454
124,1.,0.,0.,-1.4,0.,-1.,0.,9.5,0.,0.,-1.,5.;                       1211P   1455
100,0.,0.,0.,-0.13738916084185,0.37566503494892,-0.4,-0.;           1213P   1456
102,7,1195,1197,1201,1203,1207,1209,1213;                           1215P   1457
142,1,1073,1191,1215,2;                                             1217P   1458
144,1073,1,2,1129,1175,1217;                                        1219P   1459
110,0.91967135564042,16.40000000000003,5.,0.91967135564042,         1221P   1460
16.40000000000003,-995.;                                            1221P   1461
110,0.61967135564045,16.40000000000003,3.9,0.61967135564045,        1223P   1462
16.40000000000003,5.;                                               1223P   1463
120,1221,1223,0.,6.28318530717959;                                  1225P   1464
126,1,1,1,0,1,0,0.,0.,0.0011,0.0011,1.,1.,1.,2.26892802759266,      1227P   1465
0.,0.,2.26892802759266,0.,0.,0.0011,0.,0.,1.;                       1227P   1466
126,1,1,1,0,1,0,0.87266462599713,0.87266462599713,                  1229P   1467
1.57079632679494,1.57079632679494,1.,1.,0.,2.26892802759266,0.,     1229P   1468
0.,1.57079632679485,0.,0.87266462599713,1.57079632679494,0.,0.,     1229P   1469
1.;                                                                 1229P   1470
126,1,1,1,0,1,0,-0.0011,-0.0011,0.,0.,1.,1.,0.,1.57079632679485,    1231P   1471
0.,1.,1.57079632679485,0.,-0.0011,0.,0.,0.,1.;                      1231P   1472
126,1,1,1,0,1,0,-1.57079632679494,-1.57079632679494,                1233P   1473
-0.87266462599713,-0.87266462599713,1.,1.,1.,1.57079632679485,      1233P   1474
0.,1.,2.26892802759266,0.,-1.57079632679494,-0.87266462599713,      1233P   1475
0.,0.,1.;                                                           1233P   1476
102,4,1227,1229,1231,1233;                                          1235P   1477
110,1.11250763854637,16.62981333293569,5.,1.11250763854637,         1237P   1478
16.62981333293569,3.9;                                              1237P   1479
124,1.,0.,0.,0.91967135564042,0.,1.,0.,16.40000000000003,0.,0.,     1239P   1480
1.,3.9;                                                             1239P   1481
100,0.,0.,0.,0.19283628290595,0.22981333293566,                     1241P   1482
-0.00000000000001,0.29999999999997;                                 1241P   1483
110,0.91967135564041,16.7,3.9,0.91967135564041,16.7,5.;             1243P   1484
124,1.,0.,0.,0.91967135564042,0.,-1.,0.,16.40000000000003,0.,0.,    1245P   1485
-1.,5.;                                                             1245P   1486
100,0.,0.,0.,-0.00000000000001,-0.29999999999997,                   1247P   1487
0.19283628290595,-0.22981333293566;                                 1247P   1488
102,4,1237,1241,1243,1247;                                          1249P   1489
142,1,1225,1235,1249,2;                                             1251P   1490
144,1225,1,0,1251;                                                  1253P   1491
110,-10.6,16.19999999999999,5.,-10.6,16.19999999999999,-995.;       1255P   1492
110,-11.1,16.19999999999999,4.2665888903835,-11.1,                  1257P   1493
16.19999999999999,5.;                                               1257P   1494
120,1255,1257,0.,6.28318530717959;                                  1259P   1495
126,1,1,1,0,1,0,0.,0.,0.00072903688829,0.00072903688829,1.,1.,      1261P   1496
1.,1.57079632679489,0.,0.00596421471173,1.57079632679489,0.,0.,     1261P   1497
0.00072903688829,0.,0.,1.;                                          1261P   1498
126,2,2,1,0,1,0,1.57079632679491,1.57079632679491,                  1263P   1499
1.57079632679491,3.14159265358979,3.14159265358979,                 1263P   1500
3.14159265358979,1.,1.,1.,0.00596421471173,1.57079632679488,0.,     1263P   1501
0.04169300215159,0.57079632679488,0.,0.04169300215159,0.,0.,        1263P   1502
1.57079632679491,3.14159265358979,0.,0.,1.;                         1263P   1503
126,1,1,1,0,1,0,-0.00070283299865,-0.00070283299865,0.,0.,1.,1.,    1265P   1504
0.04169300215159,0.,0.,1.,0.,0.,-0.00070283299865,0.,0.,0.,1.;      1265P   1505
126,1,1,1,0,1,0,-3.14159265358978,-3.14159265358978,                1267P   1506
-1.57079632679491,-1.57079632679491,1.,1.,1.,0.,0.,1.,              1267P   1507
1.57079632679489,0.,-3.14159265358978,-1.57079632679491,0.,0.,      1267P   1508
1.;                                                                 1267P   1509
102,4,1261,1263,1265,1267;                                          1269P   1510
110,-10.6,16.7,5.,-10.6,16.7,4.27096311171322;                      1271P   1511
124,0.99862953475457,0.,0.05233595624294,-10.6,0.,1.,0.,            1273P   1512
16.19999999999999,-0.05233595624294,0.,0.99862953475457,            1273P   1513
4.27096311171322;                                                   1273P   1514
100,0.,0.,0.,-0.00000000000001,0.50068617299897,                    1275P   1515
-0.50068617299897,0.;                                               1275P   1516
110,-11.1,16.2,4.29716700135474,-11.1,16.2,5.;                      1277P   1517
124,1.,0.,0.,-10.6,0.,-1.,0.,16.19999999999999,0.,0.,-1.,5.;        1279P   1518
100,0.,0.,0.,-0.50000000000001,-0.00000000000001,                   1281P   1519
-0.00000000000001,-0.50000000000001;                                1281P   1520
102,4,1271,1275,1277,1281;                                          1283P   1521
142,1,1259,1269,1283,2;                                             1285P   1522
144,1259,1,0,1285;                                                  1287P   1523
110,-4.7,1.7,0.,-4.7,1.7,-1000.;                                    1289P   1524
110,-3.3,1.7,0.,-2.88407754281116,1.7,4.4;                          1291P   1525
120,1289,1291,0.,6.28318530717959;                                  1293P   1526
126,1,1,1,0,1,0,-0.00441961440517,-0.00441961440517,0.,0.,1.,1.,    1295P   1527
1.,6.28318530717959,0.,0.,6.28318530717959,0.,-0.00441961440517,    1295P   1528
0.,0.,0.,1.;                                                        1295P   1529
126,1,1,1,0,1,0,0.,0.,0.16286186054623,0.16286186054623,1.,1.,      1297P   1530
0.,6.28318530717959,0.,0.,6.12032344663335,0.,0.,                   1297P   1531
0.16286186054623,0.,0.,1.;                                          1297P   1532
126,2,2,1,0,1,0,-0.01015125078337,-0.01015125078337,                1299P   1533
-0.01015125078337,-0.00573123042721,-0.00573123042721,              1299P   1534
-0.00573123042721,1.,1.,1.,0.,6.12032344663335,0.,                  1299P   1535
0.43443692344845,6.14153117433691,0.,1.,6.15785209611262,0.,        1299P   1536
-0.01015125078337,-0.00573123042721,0.,0.,1.;                       1299P   1537
126,1,1,1,0,1,0,-0.12533321106697,-0.12533321106697,0.,0.,1.,1.,    1301P   1538
1.,6.15785209611262,0.,1.,6.28318530717959,0.,-0.12533321106697,    1301P   1539
0.,0.,0.,1.;                                                        1301P   1540
102,4,1295,1297,1299,1301;                                          1303P   1541
110,-2.88407754281116,1.7,4.4,-3.3,1.7,0.;                          1305P   1542
124,1.,0.,0.,-4.7,0.,1.,0.,1.7,0.,0.,1.,0.;                         1307P   1543
100,0.,0.,0.,1.4,0.,1.38147421257148,0.227;                         1309P   1544
126,3,3,0,0,1,0,-0.01015125078337,-0.01015125078337,                1311P   1545
-0.01015125078337,-0.01015125078337,-0.00573123042721,              1311P   1546
-0.00573123042721,-0.00573123042721,-0.00573123042721,1.,1.,1.,     1311P   1547
1.,-3.31852578742851,1.927,0.,-3.17802970988972,1.927,              1311P   1548
1.46662557067583,-3.03806142107093,1.927,2.93330182057305,          1311P   1549
-2.89832151299885,1.927,4.4,-0.01015125078337,-0.00573123042721;    1311P   1550
124,1.,0.,0.,-4.7,0.,-1.,0.,1.7,0.,0.,-1.,4.4;                      1313P   1551
100,0.,0.,0.,1.80167848700115,-0.227,1.81592245718884,0.;           1315P   1552
102,4,1305,1309,1311,1315;                                          1317P   1553
142,1,1293,1303,1317,2;                                             1319P   1554
144,1293,1,0,1319;                                                  1321P   1555
110,-6.53771352667511,0.,4.4,-2.86228647332489,0.,4.4;              1323P   1556
122,1323,-6.53771352667511,1.927,4.4;                               1325P   1557
126,1,1,1,0,1,0,-0.00063841551557,-0.00063841551557,                1327P   1558
0.00063841551557,0.00063841551557,1.,1.,0.32630167697388,0.,0.,     1327P   1559
0.67369832302612,0.,0.,-0.00063841551557,0.00063841551557,0.,0.,    1327P   1560
1.;                                                                 1327P   1561
126,8,2,1,0,1,0,5.07163171044548,5.07163171044548,                  1329P   1562
5.07163171044548,5.37452010962901,5.37452010962901,                 1329P   1563
5.67740850881253,5.67740850881253,5.98029690799606,                 1329P   1564
5.98029690799606,6.28318530717959,6.28318530717959,                 1329P   1565
6.28318530717959,1.,1.,1.,1.,1.,1.,1.,1.,1.,0.67369832302612,0.,    1329P   1566
0.,0.74428648493542,0.05056063015209,0.,0.80375446341248,           1329P   1567
0.13897839270778,0.,0.86322244188955,0.22739615526347,0.,           1329P   1568
0.90615614430307,0.34562130699978,0.,0.94908984671658,              1329P   1569
0.46384645873609,0.,0.97158049648082,0.60111552762583,0.,           1329P   1570
0.99407114624506,0.73838459651558,0.,0.99407114624506,              1329P   1571
0.88220031136482,0.,5.07163171044548,6.28318530717959,0.,0.,1.;     1329P   1572
126,2,2,1,0,1,0,0.,0.,0.,0.12533321106697,0.12533321106697,         1331P   1573
0.12533321106697,1.,1.,1.,0.99407114624506,0.88220031136482,0.,     1331P   1574
0.99407114624506,0.94133206838905,0.,0.9901956863377,1.,0.,0.,      1331P   1575
0.12533321106697,0.,0.,1.;                                          1331P   1576
126,1,1,1,0,1,0,0.00389677354803,0.00389677354803,                  1333P   1577
0.00750013052204,0.00750013052204,1.,1.,0.9901956863377,1.,0.,      1333P   1578
0.0098043136623,1.,0.,0.00389677354803,0.00750013052204,0.,0.,      1333P   1579
1.;                                                                 1333P   1580
126,8,2,1,0,1,0,3.01625944252283,3.01625944252283,                  1335P   1581
3.01625944252283,3.3504811444731,3.3504811444731,                   1335P   1582
3.68470284642336,3.68470284642336,4.01892454837363,                 1335P   1583
4.01892454837363,4.3531462503239,4.3531462503239,                   1335P   1584
4.3531462503239,1.,1.,1.,1.,1.,1.,1.,1.,1.,0.0098043136623,1.,      1335P   1585
0.,-0.00061386880093,0.8422862754683,0.,0.01666896462437,           1335P   1586
0.68678115803171,0.,0.03395179804968,0.53127604059512,0.,           1335P   1587
0.07702298743477,0.3951890004554,0.,0.12009417681987,               1335P   1588
0.25910196031569,0.,0.18418711150592,0.15749350416701,0.,           1335P   1589
0.24828004619198,0.05588504801833,0.,0.32630167697388,0.,0.,        1335P   1590
3.01625944252283,4.3531462503239,0.,0.,1.;                          1335P   1591
102,5,1327,1329,1331,1333,1335;                                     1337P   1592
110,-5.33841551557176,0.,4.4,-4.06158448442824,0.,4.4;              1339P   1593
124,1.,0.,0.,-4.7,0.,1.,0.,1.7,0.,0.,1.,4.4;                        1341P   1594
100,0.,0.,0.,0.63841551557176,-1.7,1.81592245718884,-0.;            1343P   1595
124,1.,0.,0.,-4.7,0.,1.,0.,1.7,0.,0.,1.,4.4;                        1345P   1596
100,0.,0.,0.,1.81592245718884,0.,1.80167848700115,0.227;            1347P   1597
110,-2.89832151299885,1.927,4.4,-6.50167848700115,1.927,4.4;        1349P   1598
124,1.,0.,0.,-4.7,0.,1.,0.,1.7,0.,0.,1.,4.4;                        1351P   1599
100,0.,0.,0.,-1.80167848700115,0.227,-0.63841551557176,-1.7;        1353P   1600
102,5,1339,1343,1347,1349,1353;                                     1355P   1601
142,1,1325,1337,1355,2;                                             1357P   1602
144,1325,1,0,1357;                                                  1359P   1603
110,-9.9,1.8,4.4,-9.9,1.8,1004.39999999999998;                      1361P   1604
110,-8.59,1.8,3.4,-8.59,1.8,2.8;                                    1363P   1605
120,1361,1363,0.,6.28318530717959;                                  1365P   1606
126,1,1,1,0,1,0,0.001,0.001,0.0016,0.0016,1.,1.,0.,0.,0.,1.,0.,     1367P   1607
0.,0.001,0.0016,0.,0.,1.;                                           1367P   1608
126,1,1,1,0,1,0,-3.14159265358979,-3.14159265358979,                1369P   1609
-3.04449358188984,-3.04449358188984,1.,1.,1.,0.,0.,1.,              1369P   1610
0.09709907169996,0.,-3.14159265358979,-3.04449358188984,0.,0.,      1369P   1611
1.;                                                                 1369P   1612
126,1,1,1,0,1,0,-0.0016,-0.0016,-0.001,-0.001,1.,1.,1.,             1371P   1613
0.09709907169996,0.,0.,0.09709907169996,0.,-0.0016,-0.001,0.,0.,    1371P   1614
1.;                                                                 1371P   1615
126,1,1,1,0,1,0,-0.09709907169996,-0.09709907169996,0.,0.,1.,1.,    1373P   1616
0.,0.09709907169996,0.,0.,0.,0.,-0.09709907169996,0.,0.,0.,1.;      1373P   1617
102,4,1367,1369,1371,1373;                                          1375P   1618
110,-8.59,1.8,3.4,-8.59,1.8,2.8;                                    1377P   1619
124,-1.,0.,0.,-9.9,0.,-1.,0.,1.8,0.,0.,1.,2.8;                      1379P   1620
100,0.,0.,0.,-1.31,-0.,-1.30382936000076,-0.127;                    1381P   1621
110,-8.59617063999924,1.927,2.8,-8.59617063999924,1.927,3.4;        1383P   1622
124,1.,0.,0.,-9.9,0.,-1.,0.,1.8,0.,0.,-1.,3.4;                      1385P   1623
100,0.,0.,0.,1.30382936000076,-0.127,1.31,0.;                       1387P   1624
102,4,1377,1381,1383,1387;                                          1389P   1625
142,1,1365,1375,1389,2;                                             1391P   1626
144,1365,1,0,1391;                                                  1393P   1627
110,-9.9,1.8,3.4,-9.9,1.8,-996.60000000000002;                      1395P   1628
110,-8.59,1.8,3.4,-8.05829056833852,1.8,4.4;                        1397P   1629
120,1395,1397,0.,6.28318530717959;                                  1399P   1630
126,1,1,1,0,1,0,-0.00113257005069,-0.00113257005069,0.,0.,1.,1.,    1401P   1631
1.,6.28318530717959,0.,0.,6.28318530717959,0.,-0.00113257005069,    1401P   1632
0.,0.,0.,1.;                                                        1401P   1633
126,1,1,1,0,1,0,0.,0.,0.09709907169996,0.09709907169996,1.,1.,      1403P   1634
0.,6.28318530717959,0.,0.,6.18608623547963,0.,0.,                   1403P   1635
0.09709907169996,0.,0.,1.;                                          1403P   1636
126,2,2,1,0,1,0,-0.00476097263734,-0.00476097263734,                1405P   1637
-0.00476097263734,-0.00362756296791,-0.00362756296791,              1405P   1638
-0.00362756296791,1.,1.,1.,-0.00000000000001,6.18608623547963,      1405P   1639
0.,0.4152682255651,6.20250402694717,0.,1.,6.214172864333,0.,        1405P   1640
-0.00476097263734,-0.00362756296791,0.,0.,1.;                       1405P   1641
126,1,1,1,0,1,0,-0.06901244284659,-0.06901244284659,0.,0.,1.,1.,    1407P   1642
1.,6.214172864333,0.,1.,6.28318530717959,0.,-0.06901244284659,      1407P   1643
0.,0.,0.,1.;                                                        1407P   1644
102,4,1401,1403,1405,1407;                                          1409P   1645
110,-8.05829056833852,1.8,4.4,-8.59,1.8,3.4;                        1411P   1646
124,1.,0.,0.,-9.9,0.,1.,0.,1.8,0.,0.,1.,3.4;                        1413P   1647
100,0.,0.,0.,1.31,0.,1.30382936000076,0.127;                        1415P   1648
126,3,3,0,0,1,0,-0.00476097263734,-0.00476097263734,                1417P   1649
-0.00476097263734,-0.00476097263734,-0.00362756296791,              1417P   1650
-0.00362756296791,-0.00362756296791,-0.00362756296791,1.,1.,1.,     1417P   1651
1.,-8.59617063999922,1.927,3.39999999999999,-8.41814924500354,      1417P   1652
1.927,3.7332324579777,-8.24037215141089,1.927,4.06659504498577,     1417P   1653
-8.06267459858879,1.927,4.4,-0.00476097263734,-0.00362756296791;    1417P   1654
124,1.,0.,0.,-9.9,0.,-1.,0.,1.8,0.,0.,-1.,4.4;                      1419P   1655
100,0.,0.,0.,1.83732540141121,-0.127,1.84170943166148,0.;           1421P   1656
102,4,1411,1415,1417,1421;                                          1423P   1657
142,1,1399,1409,1423,2;                                             1425P   1658
144,1399,1,0,1425;                                                  1427P   1659
110,-11.1,0.,4.4,-8.04004031174855,0.,4.4;                          1429P   1660
122,1429,-11.1,1.927,4.4;                                           1431P   1661
126,1,1,1,0,1,0,-0.00038973533413,-0.00038973533413,                1433P   1662
0.00038973533413,0.00038973533413,1.,1.,0.26479586282759,-0.,0.,    1433P   1663
0.51952819517052,-0.,0.,-0.00038973533413,0.00038973533413,0.,      1433P   1664
0.,1.;                                                              1433P   1665
126,8,2,1,0,1,0,4.92561717471463,4.92561717471463,                  1435P   1666
4.92561717471463,5.26500920783087,5.26500920783087,                 1435P   1667
5.60440124094711,5.60440124094711,5.94379327406335,                 1435P   1668
5.94379327406335,6.28318530717959,6.28318530717959,                 1435P   1669
6.28318530717959,1.,1.,1.,1.,1.,1.,1.,1.,1.,0.51952819517052,       1435P   1670
-0.,0.,0.62032005112762,0.03465426636254,0.,0.70809714387576,       1435P   1671
0.12061508274983,0.,0.7958742366239,0.20657589913711,0.,            1435P   1672
0.86062247096159,0.33403638117932,0.,0.92537070529929,              1435P   1673
0.46149686322154,0.,0.95970324529378,0.61591561564533,0.,           1435P   1674
0.99403578528827,0.77033436806911,0.,0.99403578528827,              1435P   1675
0.93409444732745,0.,4.92561717471463,6.28318530717959,0.,0.,1.;     1435P   1676
126,2,2,1,0,1,0,0.,0.,0.,0.06901244284659,0.06901244284659,         1437P   1677
0.06901244284659,1.,1.,1.,0.99403578528827,0.93409444732745,0.,     1437P   1678
0.99403578528827,0.96708649101911,0.,0.99260307678982,1.,0.,0.,     1437P   1679
0.06901244284659,0.,0.,1.;                                          1437P   1680
126,1,1,1,0,1,0,0.00906112663362,0.00906112663362,                  1439P   1681
0.01209845203503,0.01209845203503,1.,1.,0.99260307678982,1.,0.,     1439P   1682
0.,1.,0.,0.00906112663362,0.01209845203503,0.,0.,1.;                1439P   1683
126,1,1,1,0,1,0,-0.00196870943166,-0.00196870943166,                1441P   1684
-0.00044460756327,-0.00044460756327,1.,1.,0.,1.,0.,0.,              1441P   1685
0.20908050420638,0.,-0.00196870943166,-0.00044460756327,0.,0.,      1441P   1686
1.;                                                                 1441P   1687
126,4,2,1,0,1,0,4.002738616538,4.002738616538,4.002738616538,       1443P   1688
4.25094970129637,4.25094970129637,4.49916078605475,                 1443P   1689
4.49916078605475,4.49916078605475,1.,1.,1.,1.,1.,0.,                1443P   1690
0.20908050420638,0.,0.05695623693609,0.13139706380993,0.,           1443P   1691
0.12418537298696,0.07831352423806,0.,0.19141450903784,              1443P   1692
0.02522998466619,0.,0.26479586282759,-0.,0.,4.002738616538,         1443P   1693
4.49916078605475,0.,0.,1.;                                          1443P   1694
102,6,1433,1435,1437,1439,1441,1443;                                1445P   1695
110,-10.28973533413183,0.,4.4,-9.51026466586817,0.,4.4;             1447P   1696
124,1.,0.,0.,-9.9,0.,1.,0.,1.8,0.,0.,1.,4.4;                        1449P   1697
100,0.,0.,0.,0.38973533413183,-1.8,1.84170943166148,-0.;            1451P   1698
124,1.,0.,0.,-9.9,0.,1.,0.,1.8,0.,0.,1.,4.4;                        1453P   1699
100,0.,0.,0.,1.84170943166148,0.,1.83732540141121,0.127;            1455P   1700
110,-8.06267459858879,1.927,4.4,-11.1,1.927,4.4;                    1457P   1701
110,-11.1,1.927,4.4,-11.1,0.4028981316057,4.4;                      1459P   1702
124,1.,0.,0.,-9.9,0.,1.,0.,1.8,0.,0.,1.,4.4;                        1461P   1703
100,0.,0.,0.,-1.2,-1.3971018683943,-0.38973533413183,-1.8;          1463P   1704
102,6,1447,1451,1455,1457,1459,1463;                                1465P   1705
142,1,1431,1445,1465,2;                                             1467P   1706
144,1431,1,0,1467;                                                  1469P   1707
110,-11.1,0.3,-1.5,-11.1,0.3,5.;                                    1471P   1708
122,1471,-11.1,16.2,-1.5;                                           1473P   1709
126,1,1,1,0,1,0,0.,0.,0.00070283299865,0.00070283299865,1.,1.,      1475P   1710
1.,1.,0.,0.89187184636227,1.,0.,0.,0.00070283299865,0.,0.,1.;       1475P   1711
126,1,1,1,0,1,0,-0.0032,-0.0032,0.,0.,1.,1.,0.89187184636227,1.,    1477P   1712
0.,0.89187184636227,0.79874213836478,0.,-0.0032,0.,0.,0.,1.;        1477P   1713
126,1,1,1,0,1,0,-0.00099716700135,-0.00099716700135,0.,0.,1.,1.,    1479P   1714
0.89187184636227,0.79874213836478,0.,0.73846153846154,              1479P   1715
0.79874213836478,0.,-0.00099716700135,0.,0.,0.,1.;                  1479P   1716
126,1,1,1,0,1,0,0.,0.,0.0032,0.0032,1.,1.,0.73846153846154,         1481P   1717
0.79874213836478,0.,0.73846153846154,1.,0.,0.,0.0032,0.,0.,1.;      1481P   1718
126,1,1,1,0,1,0,0.0017,0.0017,0.0065,0.0065,1.,1.,                  1483P   1719
0.73846153846154,1.,0.,0.,1.,0.,0.0017,0.0065,0.,0.,1.;             1483P   1720
126,1,1,1,0,1,0,0.,0.,0.0159,0.0159,1.,1.,0.,1.,0.,0.,0.,0.,0.,     1485P   1721
0.0159,0.,0.,1.;                                                    1485P   1722
126,1,1,1,0,1,0,-0.0065,-0.0065,-0.005,-0.005,1.,1.,0.,0.,0.,       1487P   1723
0.23076923076923,0.,0.,-0.0065,-0.005,0.,0.,1.;                     1487P   1724
126,1,1,1,0,1,0,-0.001627,-0.001627,-0.00065245218622,              1489P   1725
-0.00065245218622,1.,1.,0.23076923076923,0.,0.,0.23076923076923,    1489P   1726
0.06129231533228,0.,-0.001627,-0.00065245218622,0.,0.,1.;           1489P   1727
126,1,1,1,0,1,0,-0.0044,-0.0044,-0.001,-0.001,1.,1.,                1491P   1728
0.23076923076923,0.06129231533228,0.,0.75384615384658,              1491P   1729
0.06129231533228,0.,-0.0044,-0.001,0.,0.,1.;                        1491P   1730
126,4,2,1,0,1,0,0.00247127324965,0.00247127324965,                  1493P   1731
0.00247127324965,0.00313568677725,0.00313568677725,                 1493P   1732
0.00380010030485,0.00380010030485,0.00380010030485,1.,1.,1.,1.,     1493P   1733
1.,0.7538461538469,0.06129231533187,0.,0.77873427831778,            1493P   1734
0.04780514448758,0.,0.82586691285617,0.03175529011272,0.,           1493P   1735
0.85990418036026,0.02016473948662,0.,0.9076923076923,               1493P   1736
0.00647158060413,0.,0.00247127324965,0.00380010030485,0.,0.,1.;     1493P   1737
126,1,1,1,0,1,0,0.00044460756327,0.00044460756327,                  1495P   1738
0.00196870943166,0.00196870943166,1.,1.,0.90769230769231,           1495P   1739
0.00647158060413,0.,0.90769230769231,0.10232704402516,0.,           1495P   1740
0.00044460756327,0.00196870943166,0.,0.,1.;                         1495P   1741
126,1,1,1,0,1,0,-0.00002,-0.00002,0.,0.,1.,1.,0.90769230769231,     1497P   1742
0.10232704402516,0.,0.91076923076923,0.10232704402516,0.,           1497P   1743
-0.00002,0.,0.,0.,1.;                                               1497P   1744
126,1,1,1,0,1,0,0.,0.,0.001627,0.001627,1.,1.,0.91076923076923,     1499P   1745
0.10232704402516,0.,0.91076923076923,0.,0.,0.,0.001627,0.,0.,1.;    1499P   1746
126,1,1,1,0,1,0,-0.00058,-0.00058,0.,0.,1.,1.,0.91076923076923,     1501P   1747
0.,0.,1.,0.,0.,-0.00058,0.,0.,0.,1.;                                1501P   1748
126,1,1,1,0,1,0,-0.0159,-0.0159,0.,0.,1.,1.,1.,0.,0.,1.,1.,0.,      1503P   1749
-0.0159,0.,0.,0.,1.;                                                1503P   1750
102,15,1475,1477,1479,1481,1483,1485,1487,1489,1491,1493,1495,      1505P   1751
1497,1499,1501,1503;                                                1505P   1752
110,-11.1,16.2,5.,-11.1,16.2,4.29716700135474;                      1507P   1753
110,-11.1,16.19999999999999,4.29716700135474,-11.1,13.,             1509P   1754
4.29716700135474;                                                   1509P   1755
110,-11.1,13.,4.29716700135474,-11.1,13.,3.3;                       1511P   1756
110,-11.1,13.,3.3,-11.1,16.19999999999999,3.3;                      1513P   1757
110,-11.1,16.2,3.3,-11.1,16.2,-1.5;                                 1515P   1758
110,-11.1,16.2,-1.5,-11.1,0.3,-1.5;                                 1517P   1759
110,-11.1,0.3,-1.5,-11.1,0.3,0.;                                    1519P   1760
110,-11.1,0.3,0.,-11.1,1.27454781378322,0.;                         1521P   1761
110,-11.1,1.27454781378322,0.,-11.1,1.27454781378322,               1523P   1762
3.40000000000276;                                                   1523P   1763
126,5,3,0,0,1,0,0.00247127324965,0.00247127324965,                  1525P   1764
0.00247127324965,0.00247127324965,0.00313568677725,                 1525P   1765
0.00313568677725,0.00380010030485,0.00380010030485,                 1525P   1766
0.00380010030485,0.00380010030485,1.,1.,1.,1.,1.,1.,-11.1,          1525P   1767
1.27454781377674,3.40000000000488,-11.1,1.09681466800425,           1525P   1768
3.53407752093177,-11.1,0.94720154208737,3.69731102842784,-11.1,     1525P   1769
0.66261668349723,4.03895883870235,-11.1,0.5305284644392,            1525P   1770
4.21790983099853,-11.1,0.40289813160567,4.39999999999997,           1525P   1771
0.00247127324965,0.00380010030485;                                  1525P   1772
110,-11.1,0.4028981316057,4.4,-11.1,1.927,4.4;                      1527P   1773
110,-11.1,1.927,4.4,-11.1,1.927,4.42;                               1529P   1774
110,-11.1,1.927,4.42,-11.1,0.3,4.42;                                1531P   1775
110,-11.1,0.3,4.42,-11.1,0.3,5.;                                    1533P   1776
110,-11.1,0.3,5.,-11.1,16.2,5.;                                     1535P   1777
102,15,1507,1509,1511,1513,1515,1517,1519,1521,1523,1525,1527,      1537P   1778
1529,1531,1533,1535;                                                1537P   1779
142,1,1473,1505,1537,2;                                             1539P   1780
144,1473,1,0,1539;                                                  1541P   1781
110,-10.8,0.3,5.,-10.8,0.3,-995.;                                   1543P   1782
110,-11.1,0.3,-1.5,-11.1,0.3,0.;                                    1545P   1783
120,1543,1545,0.,6.28318530717959;                                  1547P   1784
126,1,1,1,0,1,0,-4.71238898038469,-4.71238898038469,                1549P   1785
-3.14159265358979,-3.14159265358979,1.,1.,1.,4.71238898038469,      1549P   1786
0.,1.,6.28318530717959,0.,-4.71238898038469,-3.14159265358979,      1549P   1787
0.,0.,1.;                                                           1549P   1788
126,1,1,1,0,1,0,0.005,0.005,0.0065,0.0065,1.,1.,1.,                 1551P   1789
6.28318530717959,0.,-0.,6.28318530717959,0.,0.005,0.0065,0.,0.,     1551P   1790
1.;                                                                 1551P   1791
126,1,1,1,0,1,0,3.1415926535898,3.1415926535898,                    1553P   1792
4.71238898038469,4.71238898038469,1.,1.,-0.,6.28318530717959,0.,    1553P   1793
-0.,4.71238898038469,0.,3.1415926535898,4.71238898038469,0.,0.,     1553P   1794
1.;                                                                 1553P   1795
126,1,1,1,0,1,0,-0.0065,-0.0065,-0.005,-0.005,1.,1.,-0.,            1555P   1796
4.71238898038469,0.,1.,4.71238898038469,0.,-0.0065,-0.005,0.,0.,    1555P   1797
1.;                                                                 1555P   1798
102,4,1549,1551,1553,1555;                                          1557P   1799
124,1.,0.,0.,-10.8,0.,-1.,0.,0.3,0.,0.,-1.,0.;                      1559P   1800
100,0.,0.,0.,-0.,0.3,-0.3,-0.;                                      1561P   1801
110,-11.1,0.3,0.,-11.1,0.3,-1.5;                                    1563P   1802
124,1.,0.,0.,-10.8,0.,1.,0.,0.3,0.,0.,1.,-1.5;                      1565P   1803
100,0.,0.,0.,-0.3,-0.,-0.,-0.3;                                     1567P   1804
110,-10.8,0.,-1.5,-10.8,0.,0.;                                      1569P   1805
102,4,1561,1563,1567,1569;                                          1571P   1806
142,1,1547,1557,1571,2;                                             1573P   1807
144,1547,1,0,1573;                                                  1575P   1808
110,-10.6,16.19999999999999,5.,-10.6,16.19999999999999,-995.;       1577P   1809
110,-11.1,16.19999999999999,-1.5,-11.1,16.19999999999999,3.3;       1579P   1810
120,1577,1579,0.,6.28318530717959;                                  1581P   1811
126,1,1,1,0,1,0,-0.0065,-0.0065,-0.0017,-0.0017,1.,1.,0.,0.,0.,     1583P   1812
1.,0.,0.,-0.0065,-0.0017,0.,0.,1.;                                  1583P   1813
126,1,1,1,0,1,0,0.,0.,1.57079632679489,1.57079632679489,1.,1.,      1585P   1814
1.,0.,0.,1.,1.57079632679489,0.,0.,1.57079632679489,0.,0.,1.;       1585P   1815
126,1,1,1,0,1,0,0.0017,0.0017,0.0065,0.0065,1.,1.,1.,               1587P   1816
1.57079632679489,0.,0.,1.57079632679489,0.,0.0017,0.0065,0.,0.,     1587P   1817
1.;                                                                 1587P   1818
126,1,1,1,0,1,0,1.57079632679491,1.57079632679491,                  1589P   1819
3.14159265358978,3.14159265358978,1.,1.,0.,1.57079632679489,0.,     1589P   1820
0.,0.,0.,1.57079632679491,3.14159265358978,0.,0.,1.;                1589P   1821
102,4,1583,1585,1587,1589;                                          1591P   1822
110,-11.1,16.2,-1.5,-11.1,16.2,3.3;                                 1593P   1823
124,-1.,0.,0.,-10.6,0.,1.,0.,16.19999999999999,0.,0.,-1.,3.3;       1595P   1824
100,0.,0.,0.,0.50000000000001,0.,0.00000000000001,                  1597P   1825
0.50000000000001;                                                   1597P   1826
110,-10.6,16.7,3.3,-10.6,16.7,-1.5;                                 1599P   1827
124,1.,0.,0.,-10.6,0.,1.,0.,16.19999999999999,0.,0.,1.,-1.5;        1601P   1828
100,0.,0.,0.,-0.00000000000001,0.50000000000001,                    1603P   1829
-0.50000000000001,0.00000000000001;                                 1603P   1830
102,4,1593,1597,1599,1603;                                          1605P   1831
142,1,1581,1591,1605,2;                                             1607P   1832
144,1581,1,0,1607;                                                  1609P   1833
110,-10.8,0.3,5.,-10.8,0.3,-995.;                                   1611P   1834
110,-11.1,0.3,4.42,-11.1,0.3,5.;                                    1613P   1835
120,1611,1613,0.,6.28318530717959;                                  1615P   1836
126,1,1,1,0,1,0,0.,0.,0.00058,0.00058,1.,1.,1.,6.28318530717959,    1617P   1837
0.,0.,6.28318530717959,0.,0.,0.00058,0.,0.,1.;                      1617P   1838
126,1,1,1,0,1,0,3.14159265358979,3.14159265358979,                  1619P   1839
4.71238898038469,4.71238898038469,1.,1.,0.,6.28318530717959,0.,     1619P   1840
0.,4.71238898038469,0.,3.14159265358979,4.71238898038469,0.,0.,     1619P   1841
1.;                                                                 1619P   1842
126,1,1,1,0,1,0,-0.00058,-0.00058,0.,0.,1.,1.,0.,                   1621P   1843
4.71238898038469,0.,1.,4.71238898038469,0.,-0.00058,0.,0.,0.,1.;    1621P   1844
126,1,1,1,0,1,0,-4.71238898038469,-4.71238898038469,                1623P   1845
-3.1415926535898,-3.1415926535898,1.,1.,1.,4.71238898038469,0.,     1623P   1846
1.,6.28318530717959,0.,-4.71238898038469,-3.1415926535898,0.,0.,    1623P   1847
1.;                                                                 1623P   1848
102,4,1617,1619,1621,1623;                                          1625P   1849
110,-11.1,0.3,5.,-11.1,0.3,4.42;                                    1627P   1850
124,1.,0.,0.,-10.8,0.,1.,0.,0.3,0.,0.,1.,4.42;                      1629P   1851
100,0.,0.,0.,-0.3,0.,-0.,-0.3;                                      1631P   1852
110,-10.8,0.,4.42,-10.8,0.,5.;                                      1633P   1853
124,1.,0.,0.,-10.8,0.,-1.,0.,0.3,0.,0.,-1.,5.;                      1635P   1854
100,0.,0.,0.,-0.,0.3,-0.3,0.;                                       1637P   1855
102,4,1627,1631,1633,1637;                                          1639P   1856
142,1,1615,1625,1639,2;                                             1641P   1857
144,1615,1,0,1641;                                                  1643P   1858
110,-10.8,0.,5.,-10.8,0.,-1.5;                                      1645P   1859
122,1645,4.9,0.,5.;                                                 1647P   1860
126,1,1,1,0,1,0,0.,0.,0.0146,0.0146,1.,1.,0.08923076923077,0.,      1649P   1861
0.,0.08923076923077,0.92993630573248,0.,0.,0.0146,0.,0.,1.;         1649P   1862
126,1,1,1,0,1,0,0.,0.,0.00442,0.00442,1.,1.,0.08923076923077,       1651P   1863
0.92993630573248,0.,0.76923076923077,0.92993630573248,0.,0.,        1651P   1864
0.00442,0.,0.,1.;                                                   1651P   1865
126,1,1,1,0,1,0,-0.0146,-0.0146,0.,0.,1.,1.,0.76923076923077,       1653P   1866
0.92993630573248,0.,0.76923076923077,0.,0.,-0.0146,0.,0.,0.,1.;     1653P   1867
126,1,1,1,0,1,0,0.005,0.005,0.0065,0.0065,1.,1.,                    1655P   1868
0.76923076923077,0.,0.,1.,0.,0.,0.005,0.0065,0.,0.,1.;              1655P   1869
126,1,1,1,0,1,0,0.,0.,0.0157,0.0157,1.,1.,1.,0.,0.,1.,1.,0.,0.,     1657P   1870
0.0157,0.,0.,1.;                                                    1657P   1871
126,1,1,1,0,1,0,-0.0065,-0.0065,0.,0.,1.,1.,1.,1.,0.,0.,1.,0.,      1659P   1872
-0.0065,0.,0.,0.,1.;                                                1659P   1873
126,1,1,1,0,1,0,-0.0157,-0.0157,0.,0.,1.,1.,0.,1.,0.,0.,0.,0.,      1661P   1874
-0.0157,0.,0.,0.,1.;                                                1661P   1875
126,1,1,1,0,1,0,0.,0.,0.00058,0.00058,1.,1.,0.,0.,0.,               1663P   1876
0.08923076923077,0.,0.,0.,0.00058,0.,0.,1.;                         1663P   1877
102,8,1649,1651,1653,1655,1657,1659,1661,1663;                      1665P   1878
110,-10.8,0.,4.42,3.8,0.,4.42;                                      1667P   1879
110,3.8,0.,4.42,3.8,0.,0.;                                          1669P   1880
110,3.8,0.,0.,-10.8,0.,0.;                                          1671P   1881
110,-10.8,0.,0.,-10.8,0.,-1.5;                                      1673P   1882
110,-10.8,0.,-1.5,4.9,0.,-1.5;                                      1675P   1883
110,4.9,0.,-1.5,4.9,0.,5.;                                          1677P   1884
110,4.9,0.,5.,-10.8,0.,5.;                                          1679P   1885
110,-10.8,0.,5.,-10.8,0.,4.42;                                      1681P   1886
102,8,1667,1669,1671,1673,1675,1677,1679,1681;                      1683P   1887
142,1,1647,1665,1683,2;                                             1685P   1888
144,1647,1,0,1685;                                                  1687P   1889
110,4.9,0.3,5.,4.9,0.3,-995.;                                       1689P   1890
110,4.6,0.3,-1.5,4.6,0.3,5.;                                        1691P   1891
120,1689,1691,0.,6.28318530717959;                                  1693P   1892
126,1,1,1,0,1,0,0.,0.,0.0065,0.0065,1.,1.,1.,4.71238898038468,      1695P   1893
0.,0.,4.71238898038468,0.,0.,0.0065,0.,0.,1.;                       1695P   1894
126,1,1,1,0,1,0,4.7123889803847,4.7123889803847,                    1697P   1895
6.28318530717958,6.28318530717958,1.,1.,0.,4.71238898038468,0.,     1697P   1896
0.,3.1415926535898,0.,4.7123889803847,6.28318530717958,0.,0.,1.;    1697P   1897
126,1,1,1,0,1,0,-0.0065,-0.0065,0.,0.,1.,1.,0.,3.1415926535898,     1699P   1898
0.,1.,3.1415926535898,0.,-0.0065,0.,0.,0.,1.;                       1699P   1899
126,1,1,1,0,1,0,-6.28318530717958,-6.28318530717958,                1701P   1900
-4.7123889803847,-4.7123889803847,1.,1.,1.,3.1415926535898,0.,      1701P   1901
1.,4.71238898038468,0.,-6.28318530717958,-4.7123889803847,0.,0.,    1701P   1902
1.;                                                                 1701P   1903
102,4,1695,1697,1699,1701;                                          1703P   1904
110,4.9,0.,5.,4.9,0.,-1.5;                                          1705P   1905
124,1.,0.,0.,4.9,0.,1.,0.,0.3,0.,0.,1.,-1.5;                        1707P   1906
100,0.,0.,0.,0.,-0.3,0.3,-0.;                                       1709P   1907
110,5.2,0.3,-1.5,5.2,0.3,5.;                                        1711P   1908
124,1.,0.,0.,4.9,0.,-1.,0.,0.3,0.,0.,-1.,5.;                        1713P   1909
100,0.,0.,0.,0.3,0.,0.,0.3;                                         1715P   1910
102,4,1705,1709,1711,1715;                                          1717P   1911
142,1,1693,1703,1717,2;                                             1719P   1912
144,1693,1,0,1719;                                                  1721P   1913
110,4.89999999999999,13.0601077025535,5.,4.89999999999999,          1723P   1914
13.0601077025535,-995.;                                             1723P   1915
110,4.59999999999998,13.0601077025535,-1.5,4.59999999999998,        1725P   1916
13.0601077025535,5.;                                                1725P   1917
120,1723,1725,0.,6.28318530717959;                                  1727P   1918
126,1,1,1,0,1,0,0.,0.,0.0065,0.0065,1.,1.,1.,3.14159265358978,      1729P   1919
0.,0.,3.14159265358978,0.,0.,0.0065,0.,0.,1.;                       1729P   1920
126,1,1,1,0,1,0,0.00000000000002,0.00000000000002,                  1731P   1921
0.87266462599716,0.87266462599716,1.,1.,0.,3.14159265358978,0.,     1731P   1922
0.,2.26892802759264,0.,0.00000000000002,0.87266462599716,0.,0.,     1731P   1923
1.;                                                                 1731P   1924
126,1,1,1,0,1,0,-0.0065,-0.0065,0.,0.,1.,1.,0.,2.26892802759264,    1733P   1925
0.,1.,2.26892802759264,0.,-0.0065,0.,0.,0.,1.;                      1733P   1926
126,1,1,1,0,1,0,-0.87266462599716,-0.87266462599716,                1735P   1927
-0.00000000000002,-0.00000000000002,1.,1.,1.,2.26892802759264,      1735P   1928
0.,1.,3.14159265358978,0.,-0.87266462599716,-0.00000000000002,      1735P   1929
0.,0.,1.;                                                           1735P   1930
102,4,1729,1731,1733,1735;                                          1737P   1931
110,5.2,13.0601077025535,5.,5.2,13.0601077025535,-1.5;              1739P   1932
124,1.,0.,0.,4.89999999999999,0.,1.,0.,13.0601077025535,0.,0.,      1741P   1933
1.,-1.5;                                                            1741P   1934
100,0.,0.,0.,0.30000000000001,0.00000000000001,0.19283628290597,    1743P   1935
0.2298133329357;                                                    1743P   1936
110,5.09283628290596,13.2899210354892,-1.5,5.09283628290596,        1745P   1937
13.2899210354892,5.;                                                1745P   1938
124,1.,0.,0.,4.89999999999999,0.,-1.,0.,13.0601077025535,0.,0.,     1747P   1939
-1.,5.;                                                             1747P   1940
100,0.,0.,0.,0.19283628290597,-0.2298133329357,0.30000000000001,    1749P   1941
-0.00000000000001;                                                  1749P   1942
102,4,1739,1743,1745,1749;                                          1751P   1943
142,1,1727,1737,1751,2;                                             1753P   1944
144,1727,1,0,1753;                                                  1755P   1945
110,5.09283628290596,13.2899210354892,-1.5,1.11250763854637,        1757P   1946
16.62981333293569,-1.5;                                             1757P   1947
122,1757,5.09283628290596,13.2899210354892,5.;                      1759P   1948
126,1,1,1,0,1,0,-0.005,-0.005,-0.0011,-0.0011,1.,1.,                1761P   1949
0.27248751859651,0.23076923076923,0.,0.27248751859651,              1761P   1950
0.83076923076923,0.,-0.005,-0.0011,0.,0.,1.;                        1761P   1951
126,1,1,1,0,1,0,0.00141583152941,0.00141583152941,                  1763P   1952
0.00519595002629,0.00519595002629,1.,1.,0.27248751859651,           1763P   1953
0.83076923076923,0.,1.,0.83076923076923,0.,0.00141583152941,        1763P   1954
0.00519595002629,0.,0.,1.;                                          1763P   1955
126,1,1,1,0,1,0,-0.0011,-0.0011,0.,0.,1.,1.,1.,0.83076923076923,    1765P   1956
0.,1.,1.,0.,-0.0011,0.,0.,0.,1.;                                    1765P   1957
126,1,1,1,0,1,0,-0.00519595002629,-0.00519595002629,-0.,-0.,1.,     1767P   1958
1.,1.,1.,0.,-0.,1.,0.,-0.00519595002629,-0.,0.,0.,1.;               1767P   1959
126,1,1,1,0,1,0,0.,0.,0.0065,0.0065,1.,1.,-0.,1.,0.,-0.,0.,0.,      1769P   1960
0.,0.0065,0.,0.,1.;                                                 1769P   1961
126,1,1,1,0,1,0,0.,0.,0.00519595002629,0.00519595002629,1.,1.,      1771P   1962
-0.,0.,0.,1.,0.,0.,0.,0.00519595002629,0.,0.,1.;                    1771P   1963
126,1,1,1,0,1,0,-0.0065,-0.0065,-0.005,-0.005,1.,1.,1.,0.,0.,1.,    1773P   1964
0.23076923076923,0.,-0.0065,-0.005,0.,0.,1.;                        1773P   1965
126,1,1,1,0,1,0,-0.00519595002629,-0.00519595002629,                1775P   1966
-0.00141583152941,-0.00141583152941,1.,1.,1.,0.23076923076923,      1775P   1967
0.,0.27248751859651,0.23076923076923,0.,-0.00519595002629,          1775P   1968
-0.00141583152941,0.,0.,1.;                                         1775P   1969
102,8,1761,1763,1765,1767,1769,1771,1773,1775;                      1777P   1970
110,4.00824640740579,14.2,0.,4.00824640740579,14.2,3.9;             1779P   1971
110,4.00824640740579,14.2,3.9,1.11250763854637,                     1781P   1972
16.62981333293569,3.9;                                              1781P   1973
110,1.11250763854637,16.62981333293569,3.9,1.11250763854637,        1783P   1974
16.62981333293569,5.;                                               1783P   1975
110,1.11250763854637,16.62981333293569,5.,5.09283628290596,         1785P   1976
13.2899210354892,5.;                                                1785P   1977
110,5.09283628290596,13.2899210354892,5.,5.09283628290596,          1787P   1978
13.2899210354892,-1.5;                                              1787P   1979
110,5.09283628290596,13.2899210354892,-1.5,1.11250763854637,        1789P   1980
16.62981333293569,-1.5;                                             1789P   1981
110,1.11250763854637,16.62981333293569,-1.5,1.11250763854637,       1791P   1982
16.62981333293569,0.;                                               1791P   1983
110,1.11250763854637,16.62981333293569,0.,4.00824640740579,14.2,    1793P   1984
0.;                                                                 1793P   1985
102,8,1779,1781,1783,1785,1787,1789,1791,1793;                      1795P   1986
142,1,1759,1777,1795,2;                                             1797P   1987
144,1759,1,0,1797;                                                  1799P   1988
110,0.91967135564042,16.40000000000003,5.,0.91967135564042,         1801P   1989
16.40000000000003,-995.;                                            1801P   1990
110,0.61967135564045,16.40000000000003,-1.5,0.61967135564045,       1803P   1991
16.40000000000003,0.;                                               1803P   1992
120,1801,1803,0.,6.28318530717959;                                  1805P   1993
126,1,1,1,0,1,0,-0.0065,-0.0065,-0.005,-0.005,1.,1.,-0.,            1807P   1994
1.57079632679485,0.,1.,1.57079632679485,0.,-0.0065,-0.005,0.,0.,    1807P   1995
1.;                                                                 1807P   1996
126,1,1,1,0,1,0,1.57079632679485,1.57079632679485,                  1809P   1997
2.26892802759266,2.26892802759266,1.,1.,1.,1.57079632679485,0.,     1809P   1998
1.,2.26892802759266,0.,1.57079632679485,2.26892802759266,0.,0.,     1809P   1999
1.;                                                                 1809P   2000
126,1,1,1,0,1,0,0.005,0.005,0.0065,0.0065,1.,1.,1.,                 1811P   2001
2.26892802759266,0.,-0.,2.26892802759266,0.,0.005,0.0065,0.,0.,     1811P   2002
1.;                                                                 1811P   2003
126,1,1,1,0,1,0,0.87266462599713,0.87266462599713,                  1813P   2004
1.57079632679494,1.57079632679494,1.,1.,-0.,2.26892802759266,0.,    1813P   2005
-0.,1.57079632679485,0.,0.87266462599713,1.57079632679494,0.,0.,    1813P   2006
1.;                                                                 1813P   2007
102,4,1807,1809,1811,1813;                                          1815P   2008
110,0.91967135564041,16.7,-1.5,0.91967135564041,16.7,0.;            1817P   2009
124,-1.,0.,0.,0.91967135564042,0.,1.,0.,16.40000000000003,0.,0.,    1819P   2010
-1.,0.;                                                             1819P   2011
100,0.,0.,0.,0.00000000000001,0.29999999999997,                     1821P   2012
-0.19283628290595,0.22981333293566;                                 1821P   2013
110,1.11250763854637,16.62981333293569,0.,1.11250763854637,         1823P   2014
16.62981333293569,-1.5;                                             1823P   2015
124,1.,0.,0.,0.91967135564042,0.,1.,0.,16.40000000000003,0.,0.,     1825P   2016
1.,-1.5;                                                            1825P   2017
100,0.,0.,0.,0.19283628290595,0.22981333293566,                     1827P   2018
-0.00000000000001,0.29999999999997;                                 1827P   2019
102,4,1817,1821,1823,1827;                                          1829P   2020
142,1,1805,1815,1829,2;                                             1831P   2021
144,1805,1,0,1831;                                                  1833P   2022
110,-10.6,16.7,-1.5,-10.6,16.7,5.;                                  1835P   2023
122,1835,0.91967135564041,16.7,-1.5;                                1837P   2024
126,4,2,1,0,1,0,-4.71238898038469,-4.71238898038469,                1839P   2025
-4.71238898038469,-3.92699081698724,-3.92699081698724,              1839P   2026
-3.14159265358979,-3.14159265358979,-3.14159265358979,1.,1.,1.,     1839P   2027
1.,1.,0.83076923076923,0.19097767046304,0.,0.83076923076923,        1839P   2028
0.1837862576252,0.,0.82175713172882,0.17870116084125,0.,            1839P   2029
0.8127450326884,0.17361606405731,0.,0.8,0.17361606405731,0.,        1839P   2030
-4.71238898038469,-3.14159265358979,0.,0.,1.;                       1839P   2031
126,1,1,1,0,1,0,-0.0037,-0.0037,-0.00283620976138,                  1841P   2032
-0.00283620976138,1.,1.,0.8,0.17361606405731,0.,                    1841P   2033
0.66710919405922,0.17361606405731,0.,-0.0037,-0.00283620976138,     1841P   2034
0.,0.,1.;                                                           1841P   2035
126,4,2,1,0,1,0,2.58135107614079,2.58135107614079,                  1843P   2036
2.58135107614079,2.86147186486529,2.86147186486529,                 1843P   2037
3.14159265358979,3.14159265358979,3.14159265358979,1.,1.,1.,1.,     1843P   2038
1.,0.66710919405922,0.17361606405731,0.,0.68120754298479,           1843P   2039
0.16093441166891,0.,0.68854262385831,0.14654772468602,0.,           1843P   2040
0.69587770473183,0.13216103770312,0.,0.69587770473183,              1843P   2041
0.11719084323868,0.,2.58135107614079,3.14159265358979,0.,0.,1.;     1843P   2042
126,16,2,1,0,1,0,3.14159265358979,3.14159265358979,                 1845P   2043
3.14159265358979,3.60432193246964,3.60432193246964,                 1845P   2044
4.06705121134949,4.06705121134949,4.52978049022934,                 1845P   2045
4.52978049022934,4.99250976910919,4.99250976910919,                 1845P   2046
5.45523904798904,5.45523904798904,5.91796832686889,                 1845P   2047
5.91796832686889,6.38069760574874,6.38069760574874,                 1845P   2048
6.84342688462859,6.84342688462859,6.84342688462859,1.,1.,1.,1.,     1845P   2049
1.,1.,1.,1.,1.,1.,1.,1.,1.,1.,1.,1.,1.,0.69587770473183,            1845P   2050
0.11719084323868,0.,0.69587770473183,0.09217566251663,0.,           1845P   2051
0.67608765857595,0.06979114064949,0.,0.65629761242008,              1845P   2052
0.04740661878235,0.,0.62087986142718,0.03236078017474,0.,           1845P   2053
0.58546211043429,0.01731494156714,0.,0.54186589283341,              1845P   2054
0.01277230211863,0.,0.49826967523254,0.00822966267012,0.,           1845P   2055
0.45566436518465,0.01514565299084,0.,0.41305905513677,              1845P   2056
0.02206164331155,0.,0.38040561417871,0.03898165778582,0.,           1845P   2057
0.34775217322065,0.05590167226009,0.,0.33191843609279,              1845P   2058
0.07926700896235,0.,0.31608469896492,0.10263234566461,0.,           1845P   2059
0.32040089631755,0.12752869031692,0.,0.32471709367017,              1845P   2060
0.15242503496923,0.,0.34827542132539,0.17361606405731,0.,           1845P   2061
3.14159265358979,6.84342688462859,0.,0.,1.;                         1845P   2062
126,1,1,1,0,1,0,-0.00076379023862,-0.00076379023862,0.,0.,1.,1.,    1847P   2063
0.34827542132539,0.17361606405731,0.,0.23076923076923,              1847P   2064
0.17361606405731,0.,-0.00076379023862,0.,0.,0.,1.;                  1847P   2065
126,1,1,1,0,1,0,-0.0138,-0.0138,-0.00428032864436,                  1849P   2066
-0.00428032864436,1.,1.,0.23076923076923,0.17361606405731,0.,       1849P   2067
0.23076923076923,1.,0.,-0.0138,-0.00428032864436,0.,0.,1.;          1849P   2068
126,1,1,1,0,1,0,0.005,0.005,0.0065,0.0065,1.,1.,                    1851P   2069
0.23076923076923,1.,0.,0.,1.,0.,0.005,0.0065,0.,0.,1.;              1851P   2070
126,1,1,1,0,1,0,0.,0.,0.01151967135564,0.01151967135564,1.,1.,      1853P   2071
0.,1.,0.,0.,0.,0.,0.,0.01151967135564,0.,0.,1.;                     1853P   2072
126,1,1,1,0,1,0,-0.0065,-0.0065,-0.0017,-0.0017,1.,1.,0.,0.,0.,     1855P   2073
0.73846153846154,0.,0.,-0.0065,-0.0017,0.,0.,1.;                    1855P   2074
126,1,1,1,0,1,0,-0.00076715728753,-0.00076715728753,0.,0.,1.,1.,    1857P   2075
0.73846153846154,0.,0.,0.73846153846154,0.06659541438652,0.,        1857P   2076
-0.00076715728753,0.,0.,0.,1.;                                      1857P   2077
126,2,2,1,0,1,0,-1.57079632679491,-1.57079632679491,                1859P   2078
-1.57079632679491,-0.78539816339744,-0.78539816339744,              1859P   2079
-0.78539816339744,1.,1.,1.,0.73846153846154,0.06659541438652,0.,    1859P   2080
0.73846153846154,0.07378682722436,0.,0.74747363750195,              1859P   2081
0.0788719240083,0.,-1.57079632679491,-0.78539816339744,0.,0.,1.;    1859P   2082
126,1,1,1,0,1,0,-0.00032928932188,-0.00032928932188,0.,0.,1.,1.,    1861P   2083
0.74747363750195,0.0788719240083,0.,0.78329559326728,               1861P   2084
0.09908454165044,0.,-0.00032928932188,0.,0.,0.,1.;                  1861P   2085
126,2,2,1,0,1,0,-0.78539816339744,-0.78539816339744,                1863P   2086
-0.78539816339744,-0.00000000000002,-0.00000000000002,              1863P   2087
-0.00000000000002,1.,1.,1.,0.78329559326728,0.09908454165044,0.,    1863P   2088
0.79230769230769,0.10416963843438,0.,0.8050527249961,               1863P   2089
0.10416963843438,0.,-0.78539816339744,-0.00000000000002,0.,0.,      1863P   2090
1.;                                                                 1863P   2091
126,1,1,1,0,1,0,-0.00051715728753,-0.00051715728753,0.,0.,1.,1.,    1865P   2092
0.8050527249961,0.10416963843438,0.,0.88461538461538,               1865P   2093
0.10416963843438,0.,-0.00051715728753,0.,0.,0.,1.;                  1865P   2094
126,1,1,1,0,1,0,-0.0008,-0.0008,0.,0.,1.,1.,0.88461538461538,       1867P   2095
0.10416963843438,0.,0.88461538461538,0.03472321281146,0.,           1867P   2096
-0.0008,0.,0.,0.,1.;                                                1867P   2097
126,1,1,1,0,1,0,0.01106518026532,0.01106518026532,                  1869P   2098
0.01146572920372,0.01146572920372,1.,1.,0.88461538461538,           1869P   2099
0.03472321281146,0.,0.88784047872511,0.,0.,0.01106518026532,        1869P   2100
0.01146572920372,0.,0.,1.;                                          1869P   2101
126,1,1,1,0,1,0,-0.00072903688829,-0.00072903688829,0.,0.,1.,1.,    1871P   2102
0.88784047872511,0.,0.,1.,0.,0.,-0.00072903688829,0.,0.,0.,1.;      1871P   2103
126,1,1,1,0,1,0,-0.01151967135564,-0.01151967135564,0.,0.,1.,1.,    1873P   2104
1.,0.,0.,1.,1.,0.,-0.01151967135564,0.,0.,0.,1.;                    1873P   2105
126,1,1,1,0,1,0,0.,0.,0.0011,0.0011,1.,1.,1.,1.,0.,                 1875P   2106
0.83076923076923,1.,0.,0.,0.0011,0.,0.,1.;                          1875P   2107
126,1,1,1,0,1,0,-0.00931967135564,-0.00931967135564,0.,0.,1.,1.,    1877P   2108
0.83076923076923,1.,0.,0.83076923076923,0.19097767046304,0.,        1877P   2109
-0.00931967135564,0.,0.,0.,1.;                                      1877P   2110
102,20,1839,1841,1843,1845,1847,1849,1851,1853,1855,1857,1859,      1879P   2111
1861,1863,1865,1867,1869,1871,1873,1875,1877;                       1879P   2112
124,1.,0.,0.,-8.4,0.,0.,-1.,16.7,0.,1.,0.,3.7;                      1881P   2113
100,0.,0.,0.,-0.,0.2,-0.2,-0.;                                      1883P   2114
110,-8.6,16.7,3.7,-8.6,16.7,2.83620976138496;                       1885P   2115
124,0.,1.,0.,-9.25,0.,0.,-1.,16.7,-1.,0.,0.,1.8;                    1887P   2116
100,0.,0.,0.,-1.03620976138496,0.65,-1.22320508075689,0.;           1889P   2117
124,0.,1.,0.,-9.25,0.,0.,-1.,16.7,-1.,0.,0.,1.8;                    1891P   2118
100,0.,0.,0.,-1.22320508075689,0.,1.03620976138496,0.65;            1893P   2119
110,-8.6,16.7,0.76379023861504,-8.6,16.7,0.;                        1895P   2120
110,-8.6,16.7,0.,0.91967135564041,16.7,0.;                          1897P   2121
110,0.91967135564041,16.7,0.,0.91967135564041,16.7,-1.5;            1899P   2122
110,0.91967135564041,16.7,-1.5,-10.6,16.7,-1.5;                     1901P   2123
110,-10.6,16.7,-1.5,-10.6,16.7,3.3;                                 1903P   2124
110,-10.6,16.7,3.3,-9.83284271247462,16.7,3.3;                      1905P   2125
124,1.,0.,0.,-9.83284271247462,0.,0.,-1.,16.7,0.,1.,0.,             1907P   2126
3.49999999999999;                                                   1907P   2127
100,0.,0.,0.,-0.,-0.19999999999999,0.1414213562373,                 1909P   2128
-0.1414213562373;                                                   1909P   2129
110,-9.69142135623731,16.7,3.35857864376269,-9.45857864376269,      1911P   2130
16.7,3.59142135623731;                                              1911P   2131
124,1.,0.,0.,-9.60000000000001,0.,0.,-1.,16.7,0.,1.,0.,             1913P   2132
3.73284271247462;                                                   1913P   2133
100,0.,0.,0.,0.14142135623731,-0.14142135623731,                    1915P   2134
0.20000000000001,-0.;                                               1915P   2135
110,-9.4,16.7,3.73284271247462,-9.4,16.7,4.25;                      1917P   2136
110,-9.4,16.7,4.25,-10.2,16.7,4.25;                                 1919P   2137
110,-10.2,16.7,4.25,-10.6,16.7,4.27096311171322;                    1921P   2138
110,-10.6,16.7,4.27096311171322,-10.6,16.7,5.;                      1923P   2139
110,-10.6,16.7,5.,0.91967135564041,16.7,5.;                         1925P   2140
110,0.91967135564041,16.7,5.,0.91967135564041,16.7,3.9;             1927P   2141
110,0.91967135564041,16.7,3.9,-8.4,16.7,3.9;                        1929P   2142
102,20,1883,1885,1889,1893,1895,1897,1899,1901,1903,1905,1909,      1931P   2143
1911,1915,1917,1919,1921,1923,1925,1927,1929;                       1931P   2144
142,1,1837,1879,1931,2;                                             1933P   2145
144,1837,1,0,1933;                                                  1935P   2146
110,5.2,0.,-1.5,-11.1,0.,-1.5;                                      1937P   2147
122,1937,5.2,16.7,-1.5;                                             1939P   2148
126,8,2,1,0,1,0,-3.14159265358978,-3.14159265358978,                1941P   2149
-3.14159265358978,-2.74889357189106,-2.74889357189106,              1941P   2150
-2.35619449019234,-2.35619449019234,-1.96349540849363,              1941P   2151
-1.96349540849363,-1.57079632679491,-1.57079632679491,              1941P   2152
-1.57079632679491,1.,1.,1.,1.,1.,1.,1.,1.,1.,1.,                    1941P   2153
0.97005988023952,0.,1.,0.97601534034071,0.,0.9976650163347,         1941P   2154
0.98151746803488,0.,0.9953300326694,0.98701959572906,0.,            1941P   2155
0.99101554543517,0.99123074195169,0.,0.98670105820094,              1941P   2156
0.99544188817433,0.,0.98106390896825,0.99772094408716,0.,           1941P   2157
0.97542675973557,1.,0.,0.96932515337423,1.,0.,-3.14159265358978,    1941P   2158
-1.57079632679491,0.,0.,1.;                                         1941P   2159
126,1,1,1,0,1,0,-0.01151967135564,-0.01151967135564,0.,0.,1.,1.,    1943P   2160
0.96932515337423,1.,0.,0.26259684934721,1.,0.,-0.01151967135564,    1943P   2161
0.,0.,0.,1.;                                                        1943P   2162
126,2,2,1,0,1,0,-1.57079632679494,-1.57079632679494,                1945P   2163
-1.57079632679494,-0.87266462599713,-0.87266462599713,              1945P   2164
-0.87266462599713,1.,1.,1.,0.26259684934721,1.,0.,                  1945P   2165
0.25589801067974,1.,0.,0.25076640254317,0.99579720556501,0.,        1945P   2166
-1.57079632679494,-0.87266462599713,0.,0.,1.;                       1945P   2167
126,1,1,1,0,1,0,-0.00519595002629,-0.00519595002629,-0.,-0.,1.,     1947P   2168
1.,0.25076640254317,0.99579720556501,0.,0.00657446117141,           1947P   2169
0.79580365481971,0.,-0.00519595002629,-0.,0.,0.,1.;                 1947P   2170
126,4,2,1,0,1,0,-0.87266462599716,-0.87266462599716,                1949P   2171
-0.87266462599716,-0.43633231299859,-0.43633231299859,              1949P   2172
-0.00000000000002,-0.00000000000002,-0.00000000000002,1.,1.,1.,     1949P   2173
1.,1.,0.00657446117141,0.79580365481971,0.,0.00344879311522,        1949P   2174
0.79324372819192,0.,0.00172439655761,0.7896343222201,0.,0.,         1949P   2175
0.78602491624829,0.,0.,0.78204237739841,0.,-0.87266462599716,       1949P   2176
-0.00000000000002,0.,0.,1.;                                         1949P   2177
126,1,1,1,0,1,0,-0.01276010770255,-0.01276010770255,0.,0.,1.,1.,    1951P   2178
0.,0.78204237739841,0.,0.,0.01796407185629,0.,-0.01276010770255,    1951P   2179
0.,0.,0.,1.;                                                        1951P   2180
126,8,2,1,0,1,0,-6.28318530717958,-6.28318530717958,                1953P   2181
-6.28318530717958,-5.89048622548086,-5.89048622548086,              1953P   2182
-5.49778714378214,-5.49778714378214,-5.10508806208342,              1953P   2183
-5.10508806208342,-4.7123889803847,-4.7123889803847,                1953P   2184
-4.7123889803847,1.,1.,1.,1.,1.,1.,1.,1.,1.,0.,0.01796407185629,    1953P   2185
0.,0.,0.01439079579558,0.,0.00140099019918,0.01108951917907,0.,     1953P   2186
0.00280198039836,0.00778824256257,0.,0.0053906727389,               1953P   2187
0.00526155482898,0.,0.00797936507944,0.0027348670954,0.,            1953P   2188
0.01136165461905,0.0013674335477,0.,0.01474394415866,0.,0.,         1953P   2189
0.01840490797546,0.,0.,-6.28318530717958,-4.7123889803847,0.,0.,    1953P   2190
1.;                                                                 1953P   2191
126,1,1,1,0,1,0,-0.0157,-0.0157,0.,0.,1.,1.,0.01840490797546,0.,    1955P   2192
0.,0.98159509202454,0.,0.,-0.0157,0.,0.,0.,1.;                      1955P   2193
126,8,2,1,0,1,0,-4.71238898038469,-4.71238898038469,                1957P   2194
-4.71238898038469,-4.31968989868597,-4.31968989868597,              1957P   2195
-3.92699081698724,-3.92699081698724,-3.53429173528852,              1957P   2196
-3.53429173528852,-3.1415926535898,-3.1415926535898,                1957P   2197
-3.1415926535898,1.,1.,1.,1.,1.,1.,1.,1.,1.,0.98159509202454,0.,    1957P   2198
0.,0.98525605584134,0.,0.,0.98863834538095,0.0013674335477,0.,      1957P   2199
0.99202063492056,0.0027348670954,0.,0.9946093272611,                1957P   2200
0.00526155482898,0.,0.99719801960164,0.00778824256257,0.,           1957P   2201
0.99859900980082,0.01108951917907,0.,1.,0.01439079579558,0.,1.,     1957P   2202
0.01796407185629,0.,-4.71238898038469,-3.1415926535898,0.,0.,1.;    1957P   2203
126,1,1,1,0,1,0,-0.0159,-0.0159,0.,0.,1.,1.,1.,0.01796407185629,    1959P   2204
0.,1.,0.97005988023952,0.,-0.0159,0.,0.,0.,1.;                      1959P   2205
102,10,1941,1943,1945,1947,1949,1951,1953,1955,1957,1959;           1961P   2206
124,1.,0.,0.,-10.6,0.,-1.,0.,16.19999999999999,0.,0.,-1.,-1.5;      1963P   2207
100,0.,0.,0.,-0.50000000000001,-0.00000000000001,                   1965P   2208
-0.00000000000001,-0.50000000000001;                                1965P   2209
110,-10.6,16.7,-1.5,0.91967135564041,16.7,-1.5;                     1967P   2210
124,1.,0.,0.,0.91967135564042,0.,-1.,0.,16.40000000000003,0.,0.,    1969P   2211
-1.,-1.5;                                                           1969P   2212
100,0.,0.,0.,-0.00000000000001,-0.29999999999997,                   1971P   2213
0.19283628290595,-0.22981333293566;                                 1971P   2214
110,1.11250763854637,16.62981333293569,-1.5,5.09283628290596,       1973P   2215
13.2899210354892,-1.5;                                              1973P   2216
124,1.,0.,0.,4.89999999999999,0.,-1.,0.,13.0601077025535,0.,0.,     1975P   2217
-1.,-1.5;                                                           1975P   2218
100,0.,0.,0.,0.19283628290597,-0.2298133329357,0.30000000000001,    1977P   2219
-0.00000000000001;                                                  1977P   2220
110,5.2,13.0601077025535,-1.5,5.2,0.3,-1.5;                         1979P   2221
124,1.,0.,0.,4.9,0.,-1.,0.,0.3,0.,0.,-1.,-1.5;                      1981P   2222
100,0.,0.,0.,0.3,0.,0.,0.3;                                         1983P   2223
110,4.9,0.,-1.5,-10.8,0.,-1.5;                                      1985P   2224
124,1.,0.,0.,-10.8,0.,-1.,0.,0.3,0.,0.,-1.,-1.5;                    1987P   2225
100,0.,0.,0.,-0.,0.3,-0.3,0.;                                       1989P   2226
110,-11.1,0.3,-1.5,-11.1,16.2,-1.5;                                 1991P   2227
102,10,1965,1967,1971,1973,1977,1979,1983,1985,1989,1991;           1993P   2228
142,1,1939,1961,1993,2;                                             1995P   2229
144,1939,1,0,1995;                                                  1997P   2230
110,3.8894,0.,4.42,-11.1,0.,4.42;                                   1999P   2231
122,1999,3.8894,1.927,4.42;                                         2001P   2232
126,1,1,1,0,1,0,-0.001627,-0.001627,0.,0.,1.,1.,1.,                 2003P   2233
0.15568240788791,0.,1.,1.,0.,-0.001627,0.,0.,0.,1.;                 2003P   2234
126,1,1,1,0,1,0,-0.01209845203503,-0.01209845203503,0.,0.,1.,1.,    2005P   2235
1.,1.,0.,0.19286615641487,1.,0.,-0.01209845203503,-0.,0.,0.,1.;     2005P   2236
126,8,2,1,0,1,0,-1.5707963267949,-1.5707963267949,                  2007P   2237
-1.5707963267949,-1.26953927256759,-1.26953927256759,               2007P   2238
-0.96828221834028,-0.96828221834028,-0.66702516411298,              2007P   2239
-0.66702516411298,-0.36576810988567,-0.36576810988567,              2007P   2240
-0.36576810988567,1.,1.,1.,1.,1.,1.,1.,1.,1.,0.19286615641487,      2007P   2241
1.,0.,0.17767760686756,1.,0.,0.16317308504822,0.96494362960105,     2007P   2242
0.,0.14866856322887,0.9298872592021,0.,0.1361545131892,             2007P   2243
0.86293209830606,0.,0.12364046314954,0.79597693741002,0.,           2007P   2244
0.11424404416036,0.70315373785927,0.,0.10484762517119,              2007P   2245
0.61033053830852,0.,0.099415186795,0.50000002501531,0.,             2007P   2246
-1.5707963267949,-0.36576810988567,0.,0.,1.;                        2007P   2247
126,8,2,1,0,1,0,3.50736069464995,3.50736069464995,                  2009P   2248
3.50736069464995,3.80861776608363,3.80861776608363,                 2009P   2249
4.10987483751732,4.10987483751732,4.41113190895101,                 2009P   2250
4.41113190895101,4.71238898038469,4.71238898038469,                 2009P   2251
4.71238898038469,1.,1.,1.,1.,1.,1.,1.,1.,1.,0.099415186795,         2009P   2252
0.50000002501531,0.,0.09398274908,0.38966950241585,0.,              2009P   2253
0.08458633016192,0.29684629370953,0.,0.07518991124384,              2009P   2254
0.2040230850032,0.,0.06267586077472,0.13706791687473,0.,            2009P   2255
0.05016181030559,0.07011274874625,0.,0.0356572877227,               2009P   2256
0.03505637437313,0.,0.0211527651398,0.,0.,0.00596421471173,0.,      2009P   2257
0.,3.50736069464995,4.71238898038469,0.,0.,1.;                      2009P   2258
126,1,1,1,0,1,0,-0.0146,-0.0146,0.,0.,1.,1.,0.00596421471173,0.,    2011P   2259
0.,0.97998585667205,0.,0.,-0.0146,0.,0.,0.,1.;                      2011P   2260
126,8,2,1,0,1,0,-4.71238898038469,-4.71238898038469,                2013P   2261
-4.71238898038469,-4.31968989868597,-4.31968989868597,              2013P   2262
-3.92699081698724,-3.92699081698724,-3.53429173528852,              2013P   2263
-3.53429173528852,-3.14159265358979,-3.14159265358979,              2013P   2264
-3.14159265358979,1.,1.,1.,1.,1.,1.,1.,1.,1.,0.97998585667205,      2013P   2265
0.,0.,0.98396691730249,0.,0.,0.98764493773664,0.0118506176682,      2013P   2266
0.,0.99132295817078,0.02370123533639,0.,0.99413799313888,           2013P   2267
0.04559832155892,0.,0.99695302810698,0.06749540778144,0.,           2013P   2268
0.99847651405349,0.0961053296785,0.,1.,0.12471525157556,0.,1.,      2013P   2269
0.15568240788791,0.,-4.71238898038469,-3.14159265358979,0.,0.,      2013P   2270
1.;                                                                 2013P   2271
102,6,2003,2005,2007,2009,2011,2013;                                2015P   2272
110,-11.1,0.3,4.42,-11.1,1.927,4.42;                                2017P   2273
110,-11.1,1.927,4.42,0.99845203503492,1.927,4.42;                   2019P   2274
124,1.,0.,0.,0.99845203503492,0.,-1.,0.,0.427,0.,0.,-1.,4.42;       2021P   2275
100,0.,0.,0.,0.,-1.5,1.4007739640201,-0.5365000482045;              2023P   2276
124,1.,0.,0.,3.8,0.,1.,0.,1.5,0.,0.,1.,4.42;                        2025P   2277
100,0.,0.,0.,-1.40077400094498,-0.5364999517955,0.,-1.5;            2027P   2278
110,3.8,0.,4.42,-10.8,0.,4.42;                                      2029P   2279
124,1.,0.,0.,-10.8,0.,-1.,0.,0.3,0.,0.,-1.,4.42;                    2031P   2280
100,0.,0.,0.,-0.,0.3,-0.3,-0.;                                      2033P   2281
102,6,2017,2019,2023,2027,2029,2033;                                2035P   2282
142,1,2001,2015,2035,2;                                             2037P   2283
144,2001,1,0,2037;                                                  2039P   2284
110,-11.1,0.,0.,3.8894,0.,0.;                                       2041P   2285
122,2041,-11.1,1.927,0.;                                            2043P   2286
126,1,1,1,0,1,0,0.00707992624761,0.00707992624761,                  2045P   2287
0.00959462267503,0.00959462267503,1.,1.,0.33480498134872,1.,0.,     2045P   2288
0.16703999893263,1.,0.,0.00707992624761,0.00959462267503,0.,0.,     2045P   2289
1.;                                                                 2045P   2290
126,2,2,1,0,1,0,-0.09709907169996,-0.09709907169996,                2047P   2291
-0.09709907169996,0.,0.,0.,1.,1.,1.,0.16703999893263,1.,0.,         2047P   2292
0.16745166584386,0.96712501746421,0.,0.16745166584386,              2047P   2293
0.93409444732745,0.,-0.09709907169996,0.,0.,0.,1.;                  2047P   2294
126,16,2,1,0,1,0,-6.28318530717959,-6.28318530717959,               2049P   2295
-6.28318530717959,-5.94207706061624,-5.94207706061624,              2049P   2296
-5.60096881405289,-5.60096881405289,-5.25986056748954,              2049P   2297
-5.25986056748954,-4.91875232092619,-4.91875232092619,              2049P   2298
-4.57764407436284,-4.57764407436284,-4.23653582779949,              2049P   2299
-4.23653582779949,-3.89542758123614,-3.89542758123614,              2049P   2300
-3.55431933467279,-3.55431933467279,-3.55431933467279,1.,1.,1.,     2049P   2301
1.,1.,1.,1.,1.,1.,1.,1.,1.,1.,1.,1.,1.,1.,0.16745166584386,         2049P   2302
0.93409444732745,0.,0.16745166584386,0.81701203987172,0.,           2049P   2303
0.16241635395386,0.70667539377731,0.,0.15738104206385,              2049P   2304
0.5963387476829,0.,0.14789064230088,0.5054620648549,0.,             2049P   2305
0.13840024253792,0.4145853820269,0.,0.12554834314323,               2049P   2306
0.35364047337164,0.,0.11269644374854,0.29269556471637,0.,           2049P   2307
0.09796398192252,0.26870517291415,0.,0.0832315200965,               2049P   2308
0.24471478111192,0.,0.06831613212632,0.26044334296549,0.,           2049P   2309
0.05340074415615,0.27617190481906,0.,0.04002114509124,              2049P   2310
0.32980700244043,0.,0.02664154602633,0.3834421000618,0.,            2049P   2311
0.01633948042701,0.46880330759524,0.,0.00603741482769,              2049P   2312
0.55416451512868,0.,0.,0.66141557539347,0.,-6.28318530717959,       2049P   2313
-3.55431933467279,0.,0.,1.;                                         2049P   2314
126,1,1,1,0,1,0,0.00065245218622,0.00065245218622,0.001627,         2051P   2315
0.001627,1.,1.,0.,0.66141557539347,0.,0.,0.15568240788791,0.,       2051P   2316
0.00065245218622,0.001627,0.,0.,1.;                                 2051P   2317
126,8,2,1,0,1,0,3.14159265358979,3.14159265358979,                  2053P   2318
3.14159265358979,3.53429173528852,3.53429173528852,                 2053P   2319
3.92699081698724,3.92699081698724,4.31968989868597,                 2053P   2320
4.31968989868597,4.71238898038469,4.71238898038469,                 2053P   2321
4.71238898038469,1.,1.,1.,1.,1.,1.,1.,1.,1.,0.,0.15568240788791,    2053P   2322
0.,0.,0.12471525157556,0.,0.00152348594651,0.0961053296785,0.,      2053P   2323
0.00304697189302,0.06749540778144,0.,0.00586200686112,              2053P   2324
0.04559832155892,0.,0.00867704182922,0.02370123533639,0.,           2053P   2325
0.01235506226336,0.0118506176682,0.,0.01603308269751,0.,0.,         2053P   2326
0.02001414332795,0.,0.,3.14159265358979,4.71238898038469,0.,0.,     2053P   2327
1.;                                                                 2053P   2328
126,1,1,1,0,1,0,0.,0.,0.0146,0.0146,1.,1.,0.02001414332795,0.,      2055P   2329
0.,0.99403578528827,0.,0.,0.,0.0146,0.,0.,1.;                       2055P   2330
126,8,2,1,0,1,0,-4.71238898038469,-4.71238898038469,                2057P   2331
-4.71238898038469,-4.41113190895101,-4.41113190895101,              2057P   2332
-4.10987483751732,-4.10987483751732,-3.80861776608363,              2057P   2333
-3.80861776608363,-3.50736069464995,-3.50736069464995,              2057P   2334
-3.50736069464995,1.,1.,1.,1.,1.,1.,1.,1.,1.,0.99403578528827,      2057P   2335
0.,0.,0.9788472348602,0.,0.,0.9643427122773,0.03505637437313,0.,    2057P   2336
0.94983818969441,0.07011274874625,0.,0.93732413922528,              2057P   2337
0.13706791687473,0.,0.92481008875616,0.2040230850032,0.,            2057P   2338
0.91541366983808,0.29684629370953,0.,0.90601725092,                 2057P   2339
0.38966950241585,0.,0.900584813205,0.50000002501531,0.,             2057P   2340
-4.71238898038469,-3.50736069464995,0.,0.,1.;                       2057P   2341
126,8,2,1,0,1,0,0.36576810988567,0.36576810988567,                  2059P   2342
0.36576810988567,0.66702516411298,0.66702516411298,                 2059P   2343
0.96828221834028,0.96828221834028,1.26953927256759,                 2059P   2344
1.26953927256759,1.5707963267949,1.5707963267949,                   2059P   2345
1.5707963267949,1.,1.,1.,1.,1.,1.,1.,1.,1.,0.900584813205,          2059P   2346
0.50000002501531,0.,0.89515237482881,0.61033053830852,0.,           2059P   2347
0.88575595583964,0.70315373785927,0.,0.87635953685046,              2059P   2348
0.79597693741002,0.,0.8638454868108,0.86293209830606,0.,            2059P   2349
0.85133143677113,0.9298872592021,0.,0.83682691495178,               2059P   2350
0.96494362960105,0.,0.82232239313244,1.,0.,0.80713384358513,1.,     2059P   2351
0.,0.36576810988567,1.5707963267949,0.,0.,1.;                       2059P   2352
126,1,1,1,0,1,0,0.,0.,0.00431697782246,0.00431697782246,1.,1.,      2061P   2353
0.80713384358513,1.,0.,0.51913180064389,1.,0.,0.,                   2061P   2354
0.00431697782246,0.,0.,1.;                                          2061P   2355
126,2,2,1,0,1,0,-0.16286186054623,-0.16286186054623,                2063P   2356
-0.16286186054623,0.,0.,0.,1.,1.,1.,0.51913180064389,1.,0.,         2063P   2357
0.52036772652675,0.94149245340369,0.,0.52036772652675,              2063P   2358
0.88220031136482,0.,-0.16286186054623,0.,0.,0.,1.;                  2063P   2359
126,16,2,1,0,1,0,-6.28318530717959,-6.28318530717959,               2065P   2360
-6.28318530717959,-5.87012849291258,-5.87012849291258,              2065P   2361
-5.45707167864558,-5.45707167864558,-5.04401486437858,              2065P   2362
-5.04401486437858,-4.63095805011157,-4.63095805011157,              2065P   2363
-4.21790123584457,-4.21790123584457,-3.80484442157757,              2065P   2364
-3.80484442157757,-3.39178760731056,-3.39178760731056,              2065P   2365
-2.97873079304356,-2.97873079304356,-2.97873079304356,1.,1.,1.,     2065P   2366
1.,1.,1.,1.,1.,1.,1.,1.,1.,1.,1.,1.,1.,1.,0.52036772652675,         2065P   2367
0.88220031136482,0.,0.52036772652675,0.7299833264986,0.,            2065P   2368
0.51251266169925,0.59056808456962,0.,0.50465759687176,              2065P   2369
0.45115284264064,0.,0.49026871951678,0.34798952682361,0.,           2065P   2370
0.4758798421618,0.24482621100658,0.,0.45737741712974,               2065P   2371
0.19526729022346,0.,0.43887499209768,0.14570836944034,0.,           2065P   2372
0.41937119887606,0.15808984594042,0.,0.39986740565444,              2065P   2373
0.1704713224405,0.,0.38264285773516,0.24271058396501,0.,            2065P   2374
0.36541830981587,0.31494984548952,0.,0.35337024281119,              2065P   2375
0.43489596871246,0.,0.34132217580651,0.55484209193539,0.,           2065P   2376
0.33647712120791,0.70231967478625,0.,0.3316320666093,               2065P   2377
0.8497972576371,0.,0.33480498134872,1.,0.,-6.28318530717959,        2065P   2378
-2.97873079304356,0.,0.,1.;                                         2065P   2379
102,11,2045,2047,2049,2051,2053,2055,2057,2059,2061,2063,2065;      2067P   2380
110,-6.08147421257148,1.927,0.,-8.59617063999923,1.927,0.;          2069P   2381
124,1.,0.,0.,-9.9,0.,-1.,0.,1.8,0.,0.,-1.,0.;                       2071P   2382
100,0.,0.,0.,1.30382936000076,-0.127,1.31,0.;                       2073P   2383
124,1.,0.,0.,-9.9,0.,-1.,0.,1.8,0.,0.,-1.,0.;                       2075P   2384
100,0.,0.,0.,1.31,0.,-1.2,0.52545218621678;                         2077P   2385
110,-11.1,1.27454781378322,0.,-11.1,0.3,0.;                         2079P   2386
124,1.,0.,0.,-10.8,0.,1.,0.,0.3,0.,0.,1.,0.;                        2081P   2387
100,0.,0.,0.,-0.3,0.,-0.,-0.3;                                      2083P   2388
110,-10.8,0.,0.,3.8,0.,0.;                                          2085P   2389
124,1.,0.,0.,3.8,0.,-1.,0.,1.5,0.,0.,-1.,0.;                        2087P   2390
100,0.,0.,0.,0.,1.5,-1.40077400094498,0.5364999517955;              2089P   2391
124,1.,0.,0.,0.99845203503492,0.,1.,0.,0.427,0.,0.,1.,0.;           2091P   2392
100,0.,0.,0.,1.4007739640201,0.5365000482045,0.,1.5;                2093P   2393
110,0.99845203503492,1.927,0.,-3.31852578742852,1.927,0.;           2095P   2394
124,1.,0.,0.,-4.7,0.,-1.,0.,1.7,0.,0.,-1.,0.;                       2097P   2395
100,0.,0.,0.,1.38147421257148,-0.227,1.4,0.;                        2099P   2396
124,1.,0.,0.,-4.7,0.,-1.,0.,1.7,0.,0.,-1.,0.;                       2101P   2397
100,0.,0.,0.,1.4,0.,-1.38147421257148,-0.227;                       2103P   2398
102,11,2069,2073,2077,2079,2083,2085,2089,2093,2095,2099,2103;      2105P   2399
142,1,2043,2067,2105,2;                                             2107P   2400
144,2043,1,0,2107;                                                  2109P   2401
110,3.8,1.5,4.42,3.8,1.5,-995.58000000000004;                       2111P   2402
110,2.3,1.5,0.,2.3,1.5,4.42;                                        2113P   2403
120,2111,2113,0.,6.28318530717959;                                  2115P   2404
126,1,1,1,0,1,0,3.50736069464995,3.50736069464995,                  2117P   2405
4.71238898038469,4.71238898038469,1.,1.,0.,5.91741726611943,0.,     2117P   2406
0.,4.71238898038469,0.,3.50736069464995,4.71238898038469,0.,0.,     2117P   2407
1.;                                                                 2117P   2408
126,1,1,1,0,1,0,-0.00442,-0.00442,0.,0.,1.,1.,0.,                   2119P   2409
4.71238898038469,0.,1.,4.71238898038469,0.,-0.00442,0.,0.,0.,1.;    2119P   2410
126,1,1,1,0,1,0,-4.71238898038469,-4.71238898038469,                2121P   2411
-3.50736069464995,-3.50736069464995,1.,1.,1.,4.71238898038469,      2121P   2412
0.,1.,5.91741726611943,0.,-4.71238898038469,-3.50736069464995,      2121P   2413
0.,0.,1.;                                                           2121P   2414
126,1,1,1,0,1,0,0.,0.,0.00442,0.00442,1.,1.,1.,5.91741726611943,    2123P   2415
0.,0.,5.91741726611943,0.,0.,0.00442,0.,0.,1.;                      2123P   2416
102,4,2117,2119,2121,2123;                                          2125P   2417
124,1.,0.,0.,3.8,0.,1.,0.,1.5,0.,0.,1.,0.;                          2127P   2418
100,0.,0.,0.,-1.40077400094498,-0.5364999517955,0.,-1.5;            2129P   2419
110,3.8,0.,0.,3.8,0.,4.42;                                          2131P   2420
124,1.,0.,0.,3.8,0.,-1.,0.,1.5,0.,0.,-1.,4.42;                      2133P   2421
100,0.,0.,0.,0.,1.5,-1.40077400094498,0.5364999517955;              2135P   2422
110,2.39922599905501,0.9635000482045,4.42,2.39922599905501,         2137P   2423
0.9635000482045,0.;                                                 2137P   2424
102,4,2129,2131,2135,2137;                                          2139P   2425
142,1,2115,2125,2139,2;                                             2141P   2426
144,2115,1,0,2141;                                                  2143P   2427
110,0.99845203503492,0.427,4.42,0.99845203503492,0.427,             2145P   2428
-995.58000000000004;                                                2145P   2429
110,-0.50154796496508,0.427,4.42,-0.50154796496508,0.427,0.;        2147P   2430
120,2145,2147,0.,6.28318530717959;                                  2149P   2431
126,1,1,1,0,1,0,-1.5707963267949,-1.5707963267949,                  2151P   2432
-0.36576810988567,-0.36576810988567,1.,1.,1.,1.5707963267949,0.,    2151P   2433
1.,2.77582454370412,0.,-1.5707963267949,-0.36576810988567,0.,0.,    2151P   2434
1.;                                                                 2151P   2435
126,1,1,1,0,1,0,-0.00442,-0.00442,0.,0.,1.,1.,1.,                   2153P   2436
2.77582454370412,0.,0.,2.77582454370412,0.,-0.00442,0.,0.,0.,1.;    2153P   2437
126,1,1,1,0,1,0,0.36576810988567,0.36576810988567,                  2155P   2438
1.5707963267949,1.5707963267949,1.,1.,0.,2.77582454370412,0.,0.,    2155P   2439
1.5707963267949,0.,0.36576810988567,1.5707963267949,0.,0.,1.;       2155P   2440
126,1,1,1,0,1,0,0.,0.,0.00442,0.00442,1.,1.,0.,1.5707963267949,     2157P   2441
0.,1.,1.5707963267949,0.,0.,0.00442,0.,0.,1.;                       2157P   2442
102,4,2151,2153,2155,2157;                                          2159P   2443
124,1.,0.,0.,0.99845203503492,0.,-1.,0.,0.427,0.,0.,-1.,0.;         2161P   2444
100,0.,0.,0.,0.,-1.5,1.4007739640201,-0.5365000482045;              2163P   2445
110,2.39922599905501,0.9635000482045,0.,2.39922599905501,           2165P   2446
0.9635000482045,4.42;                                               2165P   2447
124,1.,0.,0.,0.99845203503492,0.,1.,0.,0.427,0.,0.,1.,4.42;         2167P   2448
100,0.,0.,0.,1.4007739640201,0.5365000482045,0.,1.5;                2169P   2449
110,0.99845203503492,1.927,4.42,0.99845203503492,1.927,0.;          2171P   2450
102,4,2163,2165,2169,2171;                                          2173P   2451
142,1,2149,2159,2173,2;                                             2175P   2452
144,2149,1,0,2175;                                                  2177P   2453
110,-10.29441215814141,0.,4.4,-10.29441215814141,0.,                2179P   2454
4.31653151461322;                                                   2179P   2455
122,2179,-9.50558784185859,0.,4.4;                                  2181P   2456
126,4,2,1,0,1,0,0.00223669533078,0.00223669533078,                  2183P   2457
0.00223669533078,0.00262972961301,0.00262972961301,                 2183P   2458
0.00302276389524,0.00302276389524,0.00302276389524,1.,1.,1.,1.,     2183P   2459
1.,0.,0.00592885375439,0.,0.94053795439185,0.25598887495004,0.,     2183P   2460
0.93980360662624,0.50038575800221,0.,0.93907040468559,              2183P   2461
0.7444013012339,0.,0.,0.99407114624507,0.,0.00223669533078,         2183P   2462
0.00302276389524,0.,0.,1.;                                          2183P   2463
126,1,1,1,0,1,0,-0.00038973533413,-0.00038973533413,                2185P   2464
0.00038973533413,0.00038973533413,1.,1.,0.,0.99407114624506,0.,     2185P   2465
0.,0.00592885375494,0.,-0.00038973533413,0.00038973533413,0.,0.,    2185P   2466
1.;                                                                 2185P   2467
102,2,2183,2185;                                                    2187P   2468
126,5,3,0,0,1,0,0.00223669533078,0.00223669533078,                  2189P   2469
0.00223669533078,0.00223669533078,0.00262972961301,                 2189P   2470
0.00262972961301,0.00302276389524,0.00302276389524,                 2189P   2471
0.00302276389524,0.00302276389524,1.,1.,1.,1.,1.,1.,                2189P   2472
-10.28973533413227,0.,4.39999999999922,-10.16488287860077,0.,       2189P   2473
4.35030972577076,-10.03340961460219,0.,4.32151350308126,            2189P   2474
-9.76598179481312,0.,4.32159852970649,-9.63397112451745,0.,         2189P   2475
4.35076582332368,-9.51026466586817,0.,4.39999999999999,             2189P   2476
0.00223669533078,0.00302276389524;                                  2189P   2477
110,-9.51026466586817,0.,4.4,-10.28973533413183,0.,4.4;             2191P   2478
102,2,2189,2191;                                                    2193P   2479
142,1,2181,2187,2193,2;                                             2195P   2480
144,2181,1,0,2195;                                                  2197P   2481
110,-5.34607650175862,0.,4.4,-5.34607650175862,0.,                  2199P   2482
3.16540941795272;                                                   2199P   2483
122,2199,-4.05392349824138,0.,4.4;                                  2201P   2484
126,8,2,1,0,1,0,0.00483811335113,0.00483811335113,                  2203P   2485
0.00483811335113,0.00541371447496,0.00541371447496,                 2203P   2486
0.0062771161607,0.0062771161607,0.00709940348046,                   2203P   2487
0.00709940348046,0.00771611897027,0.00771611897027,                 2203P   2488
0.00771611897027,1.,1.,1.,1.,1.,1.,1.,1.,1.,0.,0.00592885375494,    2203P   2489
0.,0.257005589846,0.07195335778394,0.,0.44630711063064,             2203P   2490
0.13608410456733,0.,0.99985902066002,0.32361401571866,0.,           2203P   2491
0.99323035782477,0.50435781311111,0.,0.98691382955043,              2203P   2492
0.67659063517758,0.,0.47237766909757,0.85498177618786,0.,           2203P   2493
0.27488059962543,0.92345456833975,0.,0.,0.99407114624507,0.,        2203P   2494
0.00483811335113,0.00771611897027,0.,0.,1.;                         2203P   2495
126,1,1,1,0,1,0,-0.00063841551557,-0.00063841551557,                2205P   2496
0.00063841551557,0.00063841551557,1.,1.,0.,0.99407114624506,0.,     2205P   2497
0.,0.00592885375494,0.,-0.00063841551557,0.00063841551557,0.,0.,    2205P   2498
1.;                                                                 2205P   2499
102,2,2203,2205;                                                    2207P   2500
126,19,3,0,0,1,0,0.00483811335113,0.00483811335113,                 2209P   2501
0.00483811335113,0.00483811335113,0.00555761475592,                 2209P   2502
0.00555761475592,0.00591736545831,0.00591736545831,                 2209P   2503
0.00609724080951,0.00609724080951,0.0062771161607,                  2209P   2504
0.0062771161607,0.0063670538363,0.0063670538363,0.0064569915119,    2209P   2505
0.0064569915119,0.0066368668631,0.0066368668631,                    2209P   2506
0.00699661756549,0.00699661756549,0.00771611897027,                 2209P   2507
0.00771611897027,0.00771611897027,0.00771611897027,1.,1.,1.,1.,     2209P   2508
1.,1.,1.,1.,1.,1.,1.,1.,1.,1.,1.,1.,1.,1.,1.,1.,                    2209P   2509
-5.33841551557176,0.,4.4,-5.27609806670339,0.,4.16823059487548,     2209P   2510
-5.20791868139861,0.,3.93741633449707,-5.07586435399899,0.,         2209P   2511
3.60244066196485,-5.02711543543111,0.,3.49174032453462,             2209P   2512
-4.9326339527408,0.,3.33828831361379,-4.89807668433009,0.,          2209P   2513
3.28946517303552,-4.81058332414108,0.,3.20578268615437,             2209P   2514
-4.75452046098394,0.,3.17165941244437,-4.66429332755759,0.,         2209P   2515
3.17482102541695,-4.6345573090389,0.,3.18484563139277,              2209P   2516
-4.58196961867527,0.,3.21482251022561,-4.55882787343339,0.,         2209P   2517
3.23417521621571,-4.49487536673901,0.,3.29854762574257,             2209P   2518
-4.46104593221217,0.,3.34760102946427,-4.36852569703288,0.,         2209P   2519
3.50101298421473,-4.32042688759362,0.,3.61114283063438,             2209P   2520
-4.19059733286667,0.,3.94266716265659,-4.12332561525919,0.,         2209P   2521
4.17037402165432,-4.06158448442823,0.,4.4,0.00483811335113,         2209P   2522
0.00771611897027;                                                   2209P   2523
110,-4.06158448442824,0.,4.4,-5.33841551557176,0.,4.4;              2211P   2524
102,2,2209,2211;                                                    2213P   2525
142,1,2201,2207,2213,2;                                             2215P   2526
144,2201,1,0,2215;                                                  2217P   2527
110,-9.25,16.7,1.8,-9.25,-983.29999999999995,1.8;                   2219P   2528
110,-9.25,16.7,3.02320508075689,-9.25,16.4,2.85;                    2221P   2529
120,2219,2221,0.,6.28318530717959;                                  2223P   2530
126,1,1,1,0,1,0,0.,0.,0.00034641016151,0.00034641016151,1.,1.,      2225P   2531
0.,0.,0.,1.,0.,0.,0.,0.00034641016151,0.,0.,1.;                     2225P   2532
126,1,1,1,0,1,0,3.14159265358979,3.14159265358979,                  2227P   2533
6.28318530717959,6.28318530717959,1.,1.,1.,0.,0.,1.,                2227P   2534
3.14159265358979,0.,3.14159265358979,6.28318530717959,0.,0.,1.;     2227P   2535
126,1,1,1,0,1,0,0.,0.,0.66752944463583,0.66752944463583,1.,1.,      2229P   2536
1.,3.14159265358979,0.,1.,3.80912209822563,0.,0.,                   2229P   2537
0.66752944463583,0.,0.,1.;                                          2229P   2538
126,2,2,1,0,1,0,-0.00036775131177,-0.00036775131177,                2231P   2539
-0.00036775131177,-0.00000084606062,-0.00000084606062,              2231P   2540
-0.00000084606062,1.,1.,1.,1.,3.80912209822562,0.,                  2231P   2541
0.55186068732093,3.75085233245856,0.,0.,3.70183423103874,0.,        2231P   2542
-0.00036775131177,-0.00000084606062,0.,0.,1.;                       2231P   2543
126,1,1,1,0,1,0,-6.84342688462859,-6.84342688462859,                2233P   2544
-3.14159265358979,-3.14159265358979,1.,1.,0.,3.70183423103879,      2233P   2545
0.,0.,0.,0.,-6.84342688462859,-3.14159265358979,0.,0.,1.;           2233P   2546
102,5,2225,2227,2229,2231,2233;                                     2235P   2547
110,-9.25,16.7,3.02320508075689,-9.25,16.4,2.85;                    2237P   2548
124,0.,1.,0.,-9.25,0.,0.,-1.,16.4,-1.,0.,0.,1.8;                    2239P   2549
100,0.,0.,0.,-1.05,0.,1.05,-0.;                                     2241P   2550
124,0.,1.,0.,-9.25,0.,0.,-1.,16.4,-1.,0.,0.,1.8;                    2243P   2551
100,0.,0.,0.,1.05,0.,0.82462112512353,0.65;                         2245P   2552
126,3,3,0,0,1,0,-0.00036775131177,-0.00036775131177,                2247P   2553
-0.00036775131177,-0.00036775131177,-0.00000084606062,              2247P   2554
-0.00000084606062,-0.00000084606062,-0.00000084606062,1.,1.,1.,     2247P   2555
1.,-8.6,16.4,0.97537887487647,-8.6,16.49854875277339,               2247P   2556
0.90293105057392,-8.6,16.59881418571231,0.8327523581246,-8.6,       2247P   2557
16.6999999999999,0.76379023861492,-0.00036775131177,                2247P   2558
-0.00000084606062;                                                  2247P   2559
124,0.,-1.,0.,-9.25,0.,0.,1.,16.7,-1.,0.,0.,1.8;                    2249P   2560
100,0.,0.,0.,1.03620976138496,-0.65,-1.22320508075689,-0.;          2251P   2561
102,5,2237,2241,2245,2247,2251;                                     2253P   2562
142,1,2223,2235,2253,2;                                             2255P   2563
144,2223,1,0,2255;                                                  2257P   2564
110,-9.25,14.2,1.8,-9.25,-985.79999999999995,1.8;                   2259P   2565
110,-9.25,16.4,0.75,-9.25,14.2,0.75;                                2261P   2566
120,2259,2261,0.,6.28318530717959;                                  2263P   2567
126,1,1,1,0,1,0,0.,0.,0.0022,0.0022,1.,1.,1.,6.28318530717959,      2265P   2568
0.,0.,6.28318530717959,0.,0.,0.0022,0.,0.,1.;                       2265P   2569
126,1,1,1,0,1,0,-6.28318530717959,-6.28318530717959,                2267P   2570
-3.14159265358979,-3.14159265358979,1.,1.,0.,6.28318530717959,      2267P   2571
0.,0.,3.14159265358979,0.,-6.28318530717959,-3.14159265358979,      2267P   2572
0.,0.,1.;                                                           2267P   2573
126,1,1,1,0,1,0,-3.14159265358979,-3.14159265358979,                2269P   2574
-2.47406320895396,-2.47406320895396,1.,1.,0.,3.14159265358979,      2269P   2575
0.,0.,2.47406320895396,0.,-3.14159265358979,-2.47406320895396,      2269P   2576
0.,0.,1.;                                                           2269P   2577
126,1,1,1,0,1,0,-0.0022,-0.0022,0.,0.,1.,1.,0.,2.47406320895396,    2271P   2578
0.,1.,2.47406320895396,0.,-0.0022,0.,0.,0.,1.;                      2271P   2579
126,1,1,1,0,1,0,2.47406320895396,2.47406320895396,                  2273P   2580
6.28318530717959,6.28318530717959,1.,1.,1.,2.47406320895396,0.,     2273P   2581
1.,6.28318530717959,0.,2.47406320895396,6.28318530717959,0.,0.,     2273P   2582
1.;                                                                 2273P   2583
102,5,2265,2267,2269,2271,2273;                                     2275P   2584
110,-9.25,14.2,0.75,-9.25,16.4,0.75;                                2277P   2585
124,0.,-1.,0.,-9.25,0.,0.,1.,16.4,-1.,0.,0.,1.8;                    2279P   2586
100,0.,0.,0.,1.05,0.,-1.05,-0.;                                     2281P   2587
124,0.,-1.,0.,-9.25,0.,0.,1.,16.4,-1.,0.,0.,1.8;                    2283P   2588
100,0.,0.,0.,-1.05,-0.,-0.82462112512353,-0.65;                     2285P   2589
110,-8.6,16.4,2.62462112512353,-8.6,14.2,2.62462112512353;          2287P   2590
124,0.,1.,0.,-9.25,0.,0.,-1.,14.2,-1.,0.,0.,1.8;                    2289P   2591
100,0.,0.,0.,-0.82462112512353,0.65,1.05,-0.;                       2291P   2592
102,5,2277,2281,2285,2287,2291;                                     2293P   2593
142,1,2263,2275,2293,2;                                             2295P   2594
144,2263,1,0,2295;                                                  2297P   2595
110,-10.38584947844444,14.2,0.,-10.38584947844444,14.2,3.9;         2299P   2596
122,2299,4.00824640740579,14.2,0.;                                  2301P   2597
126,16,2,1,0,1,0,-6.28318530717959,-6.28318530717959,               2303P   2598
-6.28318530717959,-5.80704504490138,-5.80704504490138,              2303P   2599
-5.33090478262318,-5.33090478262318,-4.85476452034498,              2303P   2600
-4.85476452034498,-4.37862425806677,-4.37862425806677,              2303P   2601
-3.90248399578857,-3.90248399578857,-3.42634373351037,              2303P   2602
-3.42634373351037,-2.95020347123216,-2.95020347123216,              2303P   2603
-2.47406320895396,-2.47406320895396,-2.47406320895396,1.,1.,1.,     2303P   2604
1.,1.,1.,1.,1.,1.,1.,1.,1.,1.,1.,1.,1.,1.,0.19230769230769,         2303P   2605
0.07891079005254,0.,0.19230769230769,0.06120868236489,0.,           2303P   2606
0.22225405366164,0.04547556847039,0.,0.25220041501558,              2303P   2607
0.02974245457589,0.,0.30543130957579,0.01947830229214,0.,           2303P   2608
0.358662204136,0.00921415000839,0.,0.42333595713219,                2303P   2609
0.00670230914833,0.,0.48800971012837,0.00419046828828,0.,           2303P   2610
0.54973908355743,0.00998971966492,0.,0.61146845698649,              2303P   2611
0.01578897104157,0.,0.65652121565005,0.0286092208235,0.,            2303P   2612
0.70157397431361,0.04142947060542,0.,0.71992774079332,              2303P   2613
0.05841874289318,0.,0.73828150727303,0.07540801518094,0.,           2303P   2614
0.72585332682506,0.09278689881344,0.,0.7134251463771,               2303P   2615
0.11016578244594,0.,0.6729797756727,0.12406819383494,0.,            2303P   2616
-6.28318530717959,-2.47406320895396,0.,0.,1.;                       2303P   2617
126,1,1,1,0,1,0,0.00262462112512,0.00262462112512,0.0037,0.0037,    2305P   2618
1.,1.,0.6729797756727,0.12406819383494,0.,0.94871794871795,         2305P   2619
0.12406819383494,0.,0.00262462112512,0.0037,0.,0.,1.;               2305P   2620
126,4,2,1,0,1,0,3.14159265358979,3.14159265358979,                  2307P   2621
3.14159265358979,3.92699081698724,3.92699081698724,                 2307P   2622
4.71238898038469,4.71238898038469,4.71238898038469,1.,1.,1.,1.,     2307P   2623
1.,0.94871794871795,0.12406819383494,0.,0.96995966986529,           2307P   2624
0.12406819383494,0.,0.98497983493264,0.12813782378789,0.,1.,        2307P   2625
0.13220745374084,0.,1.,0.13796277961415,0.,3.14159265358979,        2307P   2626
4.71238898038469,0.,0.,1.;                                          2307P   2627
126,1,1,1,0,1,0,0.,0.,0.01240824640741,0.01240824640741,1.,1.,      2309P   2628
1.,0.13796277961415,0.,1.,1.,0.,0.,0.01240824640741,0.,0.,1.;       2309P   2629
126,1,1,1,0,1,0,0.0011,0.0011,0.005,0.005,1.,1.,1.,1.,0.,0.,1.,     2311P   2630
0.,0.0011,0.005,0.,0.,1.;                                           2311P   2631
126,1,1,1,0,1,0,0.00119175359259,0.00119175359259,0.0138,0.0138,    2313P   2632
1.,1.,0.,1.,0.,0.,0.12406819383494,0.,0.00119175359259,0.0138,      2313P   2633
0.,0.,1.;                                                           2313P   2634
126,1,1,1,0,1,0,0.,0.,0.00097537887488,0.00097537887488,1.,1.,      2315P   2635
0.,0.12406819383494,0.,0.25009714740422,0.12406819383494,0.,0.,     2315P   2636
0.00097537887488,0.,0.,1.;                                          2315P   2637
126,4,2,1,0,1,0,-0.66752944463583,-0.66752944463583,                2317P   2638
-0.66752944463583,-0.33376472231792,-0.33376472231792,0.,0.,0.,     2317P   2639
1.,1.,1.,1.,1.,0.25009714740422,0.12406819383494,0.,                2317P   2640
0.22202230988987,0.11441794378144,0.,0.20716500109878,              2317P   2641
0.10280825666676,0.,0.19230769230769,0.09119856955207,0.,           2317P   2642
0.19230769230769,0.07891079005254,0.,-0.66752944463583,0.,0.,0.,    2317P   2643
1.;                                                                 2317P   2644
102,8,2303,2305,2307,2309,2311,2313,2315,2317;                      2319P   2645
124,0.,-1.,0.,-9.25,0.,0.,1.,14.2,-1.,0.,0.,1.8;                    2321P   2646
100,0.,0.,0.,1.05,0.,-0.82462112512353,-0.65;                       2323P   2647
110,-8.6,14.2,2.62462112512353,-8.6,14.2,3.7;                       2325P   2648
124,1.,0.,0.,-8.4,0.,0.,1.,14.2,0.,-1.,0.,3.7;                      2327P   2649
100,0.,0.,0.,-0.2,0.,-0.,-0.2;                                      2329P   2650
110,-8.4,14.2,3.9,4.00824640740579,14.2,3.9;                        2331P   2651
110,4.00824640740579,14.2,3.9,4.00824640740579,14.2,0.;             2333P   2652
110,4.00824640740579,14.2,0.,-8.6,14.2,0.;                          2335P   2653
110,-8.6,14.2,0.,-8.6,14.2,0.97537887487647;                        2337P   2654
124,0.,-1.,0.,-9.25,0.,0.,1.,14.2,-1.,0.,0.,1.8;                    2339P   2655
100,0.,0.,0.,0.82462112512353,-0.65,1.05,0.;                        2341P   2656
102,8,2323,2325,2329,2331,2333,2335,2337,2341;                      2343P   2657
142,1,2301,2319,2343,2;                                             2345P   2658
126,1,1,1,0,1,0,-0.00677540333076,-0.00677540333076,                2347P   2659
-0.00276471862576,-0.00276471862576,1.,1.,0.96153846153846,         2347P   2660
0.5496179038921,0.,0.96153846153846,0.27098389055753,0.,            2347P   2661
-0.00677540333076,-0.00276471862576,0.,0.,1.;                       2347P   2662
126,1,1,1,0,1,0,-0.003,-0.003,0.0006,0.0006,1.,1.,                  2349P   2663
0.96153846153846,0.27098389055753,0.,0.03846153846154,              2349P   2664
0.27098389055753,0.,-0.003,0.0006,0.,0.,1.;                         2349P   2665
126,1,1,1,0,1,0,0.00276471862576,0.00276471862576,                  2351P   2666
0.00677540333076,0.00677540333076,1.,1.,0.03846153846154,           2351P   2667
0.27098389055753,0.,0.03846153846154,0.5496179038921,0.,            2351P   2668
0.00276471862576,0.00677540333076,0.,0.,1.;                         2351P   2669
126,1,1,1,0,1,0,-0.0036,-0.0036,0.,0.,1.,1.,0.03846153846154,       2353P   2670
0.5496179038921,0.,0.96153846153846,0.5496179038921,0.,-0.0036,     2353P   2671
0.,0.,0.,1.;                                                        2353P   2672
102,4,2347,2349,2351,2353;                                          2355P   2673
110,-2.47459666924148,14.2,3.75,-6.48528137423857,14.2,3.75;        2357P   2674
110,-6.48528137423857,14.2,3.75,-6.48528137423857,14.2,0.15;        2359P   2675
110,-6.48528137423857,14.2,0.15,-2.47459666924148,14.2,0.15;        2361P   2676
110,-2.47459666924148,14.2,0.15,-2.47459666924148,14.2,3.75;        2363P   2677
102,4,2357,2359,2361,2363;                                          2365P   2678
142,1,2301,2355,2365,2;                                             2367P   2679
144,2301,1,1,2345,2367;                                             2369P   2680
110,-10.2,13.,4.25,-11.1,13.,4.29716700135474;                      2371P   2681
122,2371,-10.2,16.7,4.25;                                           2373P   2682
126,1,1,1,0,1,0,-0.01146572920372,-0.01146572920372,                2375P   2683
-0.01106518026532,-0.01106518026532,1.,1.,0.44444444444445,1.,      2375P   2684
0.,0.,1.,0.,-0.01146572920372,-0.01106518026532,0.,0.,1.;           2375P   2685
126,1,1,1,0,1,0,-0.0037,-0.0037,0.,0.,1.,1.,0.,1.,0.,0.,0.,0.,      2377P   2686
-0.0037,0.,0.,0.,1.;                                                2377P   2687
126,1,1,1,0,1,0,-0.0009012351114,-0.0009012351114,0.,0.,1.,1.,      2379P   2688
0.,0.,0.,1.,0.,0.,-0.0009012351114,0.,0.,0.,1.;                     2379P   2689
126,1,1,1,0,1,0,0.,0.,0.0032,0.0032,1.,1.,1.,0.,0.,1.,              2381P   2690
0.86486486486486,0.,0.,0.0032,0.,0.,1.;                             2381P   2691
126,8,2,1,0,1,0,-3.14159265358979,-3.14159265358979,                2383P   2692
-3.14159265358979,-2.74889357189107,-2.74889357189107,              2383P   2693
-2.35619449019235,-2.35619449019235,-1.96349540849363,              2383P   2694
-1.96349540849363,-1.57079632679491,-1.57079632679491,              2383P   2695
-1.57079632679491,1.,1.,1.,1.,1.,1.,1.,1.,1.,1.,                    2383P   2696
0.86486486486486,0.,1.,0.89174491451076,0.,0.95771085139516,        2383P   2697
0.9165788422115,0.,0.91542170279032,0.94141276991223,0.,            2383P   2698
0.83728154510364,0.96041983529548,0.,0.75914138741696,              2383P   2699
0.97942690067872,0.,0.65704635131394,0.98971345033936,0.,           2383P   2700
0.55495131521092,1.,0.,0.44444444444445,1.,0.,-3.14159265358979,    2383P   2701
-1.57079632679491,0.,0.,1.;                                         2383P   2702
102,5,2375,2377,2379,2381,2383;                                     2385P   2703
110,-10.6,16.7,4.27096311171322,-10.2,16.7,4.25;                    2387P   2704
110,-10.2,16.7,4.25,-10.2,13.,4.25;                                 2389P   2705
110,-10.2,13.,4.25,-11.1,13.,4.29716700135474;                      2391P   2706
110,-11.1,13.,4.29716700135474,-11.1,16.19999999999999,             2393P   2707
4.29716700135474;                                                   2393P   2708
124,0.99862953475457,0.,-0.05233595624294,-10.6,0.,-1.,0.,          2395P   2709
16.19999999999999,-0.05233595624294,0.,-0.99862953475457,           2395P   2710
4.27096311171322;                                                   2395P   2711
100,0.,0.,0.,-0.50068617299897,-0.,-0.00000000000001,               2397P   2712
-0.50068617299897;                                                  2397P   2713
102,5,2387,2389,2391,2393,2397;                                     2399P   2714
142,1,2373,2385,2399,2;                                             2401P   2715
144,2373,1,0,2401;                                                  2403P   2716
110,-11.1,13.,3.3,-9.83284271247462,13.,3.3;                        2405P   2717
122,2405,-11.1,16.7,3.3;                                            2407P   2718
126,1,1,1,0,1,0,-0.0032,-0.0032,0.,0.,1.,1.,0.,0.86486486486486,    2409P   2719
0.,0.,0.,0.,-0.0032,0.,0.,0.,1.;                                    2409P   2720
126,1,1,1,0,1,0,-0.00126715728753,-0.00126715728753,0.,0.,1.,1.,    2411P   2721
0.,0.,0.,1.,0.,0.,-0.00126715728753,0.,0.,0.,1.;                    2411P   2722
126,1,1,1,0,1,0,0.,0.,0.0037,0.0037,1.,1.,1.,0.,0.,1.,1.,0.,0.,     2413P   2723
0.0037,0.,0.,1.;                                                    2413P   2724
126,1,1,1,0,1,0,0.,0.,0.00076715728753,0.00076715728753,1.,1.,      2415P   2725
1.,1.,0.,0.39458400699131,1.,0.,0.,0.00076715728753,0.,0.,1.;       2415P   2726
126,8,2,1,0,1,0,-1.57079632679489,-1.57079632679489,                2417P   2727
-1.57079632679489,-1.17809724509616,-1.17809724509616,              2417P   2728
-0.78539816339744,-0.78539816339744,-0.39269908169872,              2417P   2729
-0.39269908169872,0.,0.,0.,1.,1.,1.,1.,1.,1.,1.,1.,1.,              2417P   2730
0.39458400699131,1.,0.,0.31609636803052,1.,0.,0.2435832448395,      2417P   2731
0.98971345033936,0.,0.17107012164849,0.97942690067872,0.,           2417P   2732
0.11557097989999,0.96041983529548,0.,0.0600718381515,               2417P   2733
0.94141276991223,0.,0.03003591907575,0.9165788422115,0.,0.,         2417P   2734
0.89174491451076,0.,0.,0.86486486486486,0.,-1.57079632679489,0.,    2417P   2735
0.,0.,1.;                                                           2417P   2736
102,5,2409,2411,2413,2415,2417;                                     2419P   2737
110,-11.1,16.19999999999999,3.3,-11.1,13.,3.3;                      2421P   2738
110,-11.1,13.,3.3,-9.83284271247462,13.,3.3;                        2423P   2739
110,-9.83284271247462,13.,3.3,-9.83284271247462,16.7,3.3;           2425P   2740
110,-9.83284271247462,16.7,3.3,-10.6,16.7,3.3;                      2427P   2741
124,-1.,0.,0.,-10.6,0.,-1.,0.,16.19999999999999,0.,0.,1.,3.3;       2429P   2742
100,0.,0.,0.,0.00000000000001,-0.50000000000001,                    2431P   2743
0.50000000000001,0.;                                                2431P   2744
102,5,2421,2423,2425,2427,2431;                                     2433P   2745
142,1,2407,2419,2433,2;                                             2435P   2746
144,2407,1,0,2435;                                                  2437P   2747
110,-9.4,13.,4.25,-10.2,13.,4.25;                                   2439P   2748
122,2439,-9.4,16.7,4.25;                                            2441P   2749
126,1,1,1,0,1,0,0.,0.,0.0008,0.0008,1.,1.,1.,1.,0.,0.,1.,0.,0.,     2443P   2750
0.0008,0.,0.,1.;                                                    2443P   2751
126,1,1,1,0,1,0,-0.0037,-0.0037,0.,0.,1.,1.,0.,1.,0.,0.,0.,0.,      2445P   2752
-0.0037,0.,0.,0.,1.;                                                2445P   2753
126,1,1,1,0,1,0,-0.0008,-0.0008,0.,0.,1.,1.,0.,0.,0.,1.,0.,0.,      2447P   2754
-0.0008,0.,0.,0.,1.;                                                2447P   2755
126,1,1,1,0,1,0,0.,0.,0.0037,0.0037,1.,1.,1.,0.,0.,1.,1.,0.,0.,     2449P   2756
0.0037,0.,0.,1.;                                                    2449P   2757
102,4,2443,2445,2447,2449;                                          2451P   2758
110,-10.2,16.7,4.25,-9.4,16.7,4.25;                                 2453P   2759
110,-9.4,16.7,4.25,-9.4,13.,4.25;                                   2455P   2760
110,-9.4,13.,4.25,-10.2,13.,4.25;                                   2457P   2761
110,-10.2,13.,4.25,-10.2,16.7,4.25;                                 2459P   2762
102,4,2453,2455,2457,2459;                                          2461P   2763
142,1,2441,2451,2461,2;                                             2463P   2764
144,2441,1,0,2463;                                                  2465P   2765
110,-9.4,13.,3.73284271247462,-9.4,13.,4.25;                        2467P   2766
122,2467,-9.4,16.7,3.73284271247462;                                2469P   2767
126,1,1,1,0,1,0,0.,0.,0.00051715728753,0.00051715728753,1.,1.,      2471P   2768
1.,1.,0.,0.,1.,0.,0.,0.00051715728753,0.,0.,1.;                     2471P   2769
126,1,1,1,0,1,0,-0.0037,-0.0037,0.,0.,1.,1.,0.,1.,0.,0.,0.,0.,      2473P   2770
-0.0037,0.,0.,0.,1.;                                                2473P   2771
126,1,1,1,0,1,0,-0.00051715728753,-0.00051715728753,0.,0.,1.,1.,    2475P   2772
0.,0.,0.,1.,0.,0.,-0.00051715728753,0.,0.,0.,1.;                    2475P   2773
126,1,1,1,0,1,0,0.,0.,0.0037,0.0037,1.,1.,1.,0.,0.,1.,1.,0.,0.,     2477P   2774
0.0037,0.,0.,1.;                                                    2477P   2775
102,4,2471,2473,2475,2477;                                          2479P   2776
110,-9.4,16.7,4.25,-9.4,16.7,3.73284271247462;                      2481P   2777
110,-9.4,16.7,3.73284271247462,-9.4,13.,3.73284271247462;           2483P   2778
110,-9.4,13.,3.73284271247462,-9.4,13.,4.25;                        2485P   2779
110,-9.4,13.,4.25,-9.4,16.7,4.25;                                   2487P   2780
102,4,2481,2483,2485,2487;                                          2489P   2781
142,1,2469,2479,2489,2;                                             2491P   2782
144,2469,1,0,2491;                                                  2493P   2783
110,-9.60000000000001,13.,3.73284271247462,-9.60000000000001,       2495P   2784
1012.99999999999989,3.73284271247462;                               2495P   2785
110,-9.60000000000001,13.,3.93284271247463,-9.60000000000001,       2497P   2786
16.7,3.93284271247463;                                              2497P   2787
120,2495,2497,0.,6.28318530717959;                                  2499P   2788
126,1,1,1,0,1,0,0.00000000000002,0.00000000000002,                  2501P   2789
0.78539816339744,0.78539816339744,1.,1.,1.,1.57079632679492,0.,     2501P   2790
1.,2.35619449019234,0.,0.00000000000002,0.78539816339744,0.,0.,     2501P   2791
1.;                                                                 2501P   2792
126,1,1,1,0,1,0,-0.0037,-0.0037,0.,0.,1.,1.,1.,2.35619449019234,    2503P   2793
0.,0.,2.35619449019234,0.,-0.0037,0.,0.,0.,1.;                      2503P   2794
126,1,1,1,0,1,0,-0.78539816339744,-0.78539816339744,                2505P   2795
-0.00000000000002,-0.00000000000002,1.,1.,0.,2.35619449019234,      2505P   2796
0.,0.,1.57079632679492,0.,-0.78539816339744,-0.00000000000002,      2505P   2797
0.,0.,1.;                                                           2505P   2798
126,1,1,1,0,1,0,0.,0.,0.0037,0.0037,1.,1.,0.,1.57079632679492,      2507P   2799
0.,1.,1.57079632679492,0.,0.,0.0037,0.,0.,1.;                       2507P   2800
102,4,2501,2503,2505,2507;                                          2509P   2801
124,1.,0.,0.,-9.60000000000001,0.,0.,1.,16.7,0.,-1.,0.,             2511P   2802
3.73284271247462;                                                   2511P   2803
100,0.,0.,0.,0.20000000000001,0.,0.14142135623731,                  2513P   2804
0.14142135623731;                                                   2513P   2805
110,-9.45857864376269,16.7,3.59142135623731,-9.45857864376269,      2515P   2806
13.,3.59142135623731;                                               2515P   2807
124,1.,0.,0.,-9.60000000000001,0.,0.,-1.,13.,0.,1.,0.,              2517P   2808
3.73284271247462;                                                   2517P   2809
100,0.,0.,0.,0.14142135623731,-0.14142135623731,                    2519P   2810
0.20000000000001,-0.;                                               2519P   2811
110,-9.4,13.,3.73284271247462,-9.4,16.7,3.73284271247462;           2521P   2812
102,4,2513,2515,2519,2521;                                          2523P   2813
142,1,2499,2509,2523,2;                                             2525P   2814
144,2499,1,0,2525;                                                  2527P   2815
110,-9.69142135623731,13.,3.35857864376269,-9.45857864376269,       2529P   2816
13.,3.59142135623731;                                               2529P   2817
122,2529,-9.69142135623731,16.7,3.35857864376269;                   2531P   2818
126,1,1,1,0,1,0,-0.,-0.,0.00032928932188,0.00032928932188,1.,1.,    2533P   2819
1.,1.,0.,0.,1.,0.,-0.,0.00032928932188,0.,0.,1.;                    2533P   2820
126,1,1,1,0,1,0,-0.0037,-0.0037,0.,0.,1.,1.,0.,1.,0.,0.,0.,0.,      2535P   2821
-0.0037,0.,0.,0.,1.;                                                2535P   2822
126,1,1,1,0,1,0,-0.00032928932188,-0.00032928932188,0.,0.,1.,1.,    2537P   2823
0.,0.,0.,1.,0.,0.,-0.00032928932188,0.,0.,0.,1.;                    2537P   2824
126,1,1,1,0,1,0,0.,0.,0.0037,0.0037,1.,1.,1.,0.,0.,1.,1.,0.,0.,     2539P   2825
0.0037,0.,0.,1.;                                                    2539P   2826
102,4,2533,2535,2537,2539;                                          2541P   2827
110,-9.45857864376269,16.7,3.59142135623731,-9.69142135623731,      2543P   2828
16.7,3.35857864376269;                                              2543P   2829
110,-9.69142135623731,16.7,3.35857864376269,-9.69142135623731,      2545P   2830
13.,3.35857864376269;                                               2545P   2831
110,-9.69142135623731,13.,3.35857864376269,-9.45857864376269,       2547P   2832
13.,3.59142135623731;                                               2547P   2833
110,-9.45857864376269,13.,3.59142135623731,-9.45857864376269,       2549P   2834
16.7,3.59142135623731;                                              2549P   2835
102,4,2543,2545,2547,2549;                                          2551P   2836
142,1,2531,2541,2551,2;                                             2553P   2837
144,2531,1,0,2553;                                                  2555P   2838
110,-9.83284271247462,13.,3.49999999999999,-9.83284271247462,       2557P   2839
1012.99999999999989,3.49999999999999;                               2557P   2840
110,-9.83284271247462,13.,3.69999999999998,-9.83284271247462,       2559P   2841
16.7,3.69999999999998;                                              2559P   2842
120,2557,2559,0.,6.28318530717959;                                  2561P   2843
126,1,1,1,0,1,0,0.78539816339744,0.78539816339744,                  2563P   2844
1.57079632679491,1.57079632679491,1.,1.,1.,2.35619449019234,0.,     2563P   2845
1.,3.14159265358981,0.,0.78539816339744,1.57079632679491,0.,0.,     2563P   2846
1.;                                                                 2563P   2847
126,1,1,1,0,1,0,-0.0037,-0.0037,0.,0.,1.,1.,1.,3.14159265358981,    2565P   2848
0.,0.,3.14159265358981,0.,-0.0037,0.,0.,0.,1.;                      2565P   2849
126,1,1,1,0,1,0,-1.57079632679491,-1.57079632679491,                2567P   2850
-0.78539816339744,-0.78539816339744,1.,1.,0.,3.14159265358981,      2567P   2851
0.,0.,2.35619449019234,0.,-1.57079632679491,-0.78539816339744,      2567P   2852
0.,0.,1.;                                                           2567P   2853
126,1,1,1,0,1,0,0.,0.,0.0037,0.0037,1.,1.,0.,2.35619449019234,      2569P   2854
0.,1.,2.35619449019234,0.,0.,0.0037,0.,0.,1.;                       2569P   2855
102,4,2563,2565,2567,2569;                                          2571P   2856
124,1.,0.,0.,-9.83284271247462,0.,0.,1.,16.7,0.,-1.,0.,             2573P   2857
3.49999999999999;                                                   2573P   2858
100,0.,0.,0.,0.1414213562373,0.1414213562373,-0.,                   2575P   2859
0.19999999999999;                                                   2575P   2860
110,-9.83284271247462,16.7,3.3,-9.83284271247462,13.,3.3;           2577P   2861
124,1.,0.,0.,-9.83284271247462,0.,0.,-1.,13.,0.,1.,0.,              2579P   2862
3.49999999999999;                                                   2579P   2863
100,0.,0.,0.,-0.,-0.19999999999999,0.1414213562373,                 2581P   2864
-0.1414213562373;                                                   2581P   2865
110,-9.69142135623731,13.,3.35857864376269,-9.69142135623731,       2583P   2866
16.7,3.35857864376269;                                              2583P   2867
102,4,2575,2577,2581,2583;                                          2585P   2868
142,1,2561,2571,2585,2;                                             2587P   2869
144,2561,1,0,2587;                                                  2589P   2870
110,-11.1,13.,3.3,-11.1,13.,4.30315000336287;                       2591P   2871
122,2591,-9.4,13.,3.3;                                              2593P   2872
126,1,1,1,0,1,0,0.,0.,0.00099716700135,0.00099716700135,1.,1.,      2595P   2873
0.,-0.,0.,0.99403578528827,-0.,0.,0.,0.00099716700135,0.,0.,1.;     2595P   2874
126,1,1,1,0,1,0,0.,0.,0.0009012351114,0.0009012351114,1.,1.,        2597P   2875
0.99403578528827,-0.,0.,0.94701689360047,0.52941176470588,0.,0.,    2597P   2876
0.0009012351114,0.,0.,1.;                                           2597P   2877
126,1,1,1,0,1,0,0.,0.,0.0008,0.0008,1.,1.,0.94701689360047,         2599P   2878
0.52941176470588,0.,0.94701689360047,1.,0.,0.,0.0008,0.,0.,1.;      2599P   2879
126,1,1,1,0,1,0,0.,0.,0.00051715728753,0.00051715728753,1.,1.,      2601P   2880
0.94701689360047,1.,0.,0.43148353787928,1.,0.,0.,                   2601P   2881
0.00051715728753,0.,0.,1.;                                          2601P   2882
126,2,2,1,0,1,0,0.00000000000002,0.00000000000002,                  2603P   2883
0.00000000000002,0.78539816339744,0.78539816339744,                 2603P   2884
0.78539816339744,1.,1.,1.,0.43148353787928,1.,0.,                   2603P   2885
0.34890096080018,1.,0.,0.29050626053968,0.96554197425724,0.,        2603P   2886
0.00000000000002,0.78539816339744,0.,0.,1.;                         2603P   2887
126,1,1,1,0,1,0,-0.,-0.,0.00032928932188,0.00032928932188,1.,1.,    2605P   2888
0.29050626053968,0.96554197425724,0.,0.0583947002605,               2605P   2889
0.82857567280158,0.,-0.,0.00032928932188,0.,0.,1.;                  2605P   2890
126,2,2,1,0,1,0,0.78539816339744,0.78539816339744,                  2607P   2891
0.78539816339744,1.57079632679491,1.57079632679491,                 2607P   2892
1.57079632679491,1.,1.,1.,0.0583947002605,0.82857567280158,0.,      2607P   2893
0.,0.79411764705882,0.,0.,0.74538663972081,0.,0.78539816339744,     2607P   2894
1.57079632679491,0.,0.,1.;                                          2607P   2895
126,1,1,1,0,1,0,0.,0.,0.00126715728753,0.00126715728753,1.,1.,      2609P   2896
0.,0.74538663972081,0.,0.,-0.,0.,0.,0.00126715728753,0.,0.,1.;      2609P   2897
102,8,2595,2597,2599,2601,2603,2605,2607,2609;                      2611P   2898
110,-11.1,13.,3.3,-11.1,13.,4.29716700135474;                       2613P   2899
110,-11.1,13.,4.29716700135474,-10.2,13.,4.25;                      2615P   2900
110,-10.2,13.,4.25,-9.4,13.,4.25;                                   2617P   2901
110,-9.4,13.,4.25,-9.4,13.,3.73284271247462;                        2619P   2902
124,1.,0.,0.,-9.60000000000001,0.,0.,1.,13.,0.,-1.,0.,              2621P   2903
3.73284271247462;                                                   2621P   2904
100,0.,0.,0.,0.20000000000001,0.,0.14142135623731,                  2623P   2905
0.14142135623731;                                                   2623P   2906
110,-9.45857864376269,13.,3.59142135623731,-9.69142135623731,       2625P   2907
13.,3.35857864376269;                                               2625P   2908
124,1.,0.,0.,-9.83284271247462,0.,0.,1.,13.,0.,-1.,0.,              2627P   2909
3.49999999999999;                                                   2627P   2910
100,0.,0.,0.,0.1414213562373,0.1414213562373,-0.,                   2629P   2911
0.19999999999999;                                                   2629P   2912
110,-9.83284271247462,13.,3.3,-11.1,13.,3.3;                        2631P   2913
102,8,2613,2615,2617,2619,2623,2625,2629,2631;                      2633P   2914
142,1,2593,2611,2633,2;                                             2635P   2915
144,2593,1,0,2635;                                                  2637P   2916
110,4.08269588585023,14.2,3.9,-8.4,14.2,3.9;                        2639P   2917
122,2639,4.08269588585023,16.7,3.9;                                 2641P   2918
126,1,1,1,0,1,0,-0.01240824640741,-0.01240824640741,0.,0.,1.,1.,    2643P   2919
0.00596421471173,0.,0.,1.,0.,0.,-0.01240824640741,0.,0.,0.,1.;      2643P   2920
126,1,1,1,0,1,0,0.,0.,0.0025,0.0025,1.,1.,1.,0.,0.,1.,1.,0.,0.,     2645P   2921
0.0025,0.,0.,1.;                                                    2645P   2922
126,1,1,1,0,1,0,0.,0.,0.00931967135564,0.00931967135564,1.,1.,      2647P   2923
1.,1.,0.,0.2533927413705,1.,0.,0.,0.00931967135564,0.,0.,1.;        2647P   2924
126,2,2,1,0,1,0,-1.57079632679494,-1.57079632679494,                2649P   2925
-1.57079632679494,-0.87266462599713,-0.87266462599713,              2649P   2926
-0.87266462599713,1.,1.,1.,0.2533927413705,1.,0.,                   2649P   2927
0.24464534647452,1.,0.,0.2379444532227,0.97192533317428,0.,         2649P   2928
-1.57079632679494,-0.87266462599713,0.,0.,1.;                       2649P   2929
126,1,1,1,0,1,0,-0.00519595002629,-0.00519595002629,                2651P   2930
-0.00141583152941,-0.00141583152941,1.,1.,0.2379444532227,          2651P   2931
0.97192533317428,0.,0.00596421471173,0.,0.,-0.00519595002629,       2651P   2932
-0.00141583152941,0.,0.,1.;                                         2651P   2933
102,5,2643,2645,2647,2649,2651;                                     2653P   2934
110,4.00824640740579,14.2,3.9,-8.4,14.2,3.9;                        2655P   2935
110,-8.4,14.2,3.9,-8.4,16.7,3.9;                                    2657P   2936
110,-8.4,16.7,3.9,0.91967135564041,16.7,3.9;                        2659P   2937
124,1.,0.,0.,0.91967135564042,0.,-1.,0.,16.40000000000003,0.,0.,    2661P   2938
-1.,3.9;                                                            2661P   2939
100,0.,0.,0.,-0.00000000000001,-0.29999999999997,                   2663P   2940
0.19283628290595,-0.22981333293566;                                 2663P   2941
110,1.11250763854637,16.62981333293569,3.9,4.00824640740579,        2665P   2942
14.2,3.9;                                                           2665P   2943
102,5,2655,2657,2659,2663,2665;                                     2667P   2944
142,1,2641,2653,2667,2;                                             2669P   2945
144,2641,1,0,2669;                                                  2671P   2946
110,-8.6,14.2,0.,4.08389588585023,14.2,0.;                          2673P   2947
122,2673,-8.6,16.7,0.;                                              2675P   2948
126,2,2,1,0,1,0,-2.26892802759266,-2.26892802759266,                2677P   2949
-2.26892802759266,-1.57079632679485,-1.57079632679485,              2677P   2950
-1.57079632679485,1.,1.,1.,0.76573536443021,0.97192533317428,0.,    2677P   2951
0.7591407649965,1.,0.,0.7505321268255,1.,0.,-2.26892802759266,      2677P   2952
-1.57079632679485,0.,0.,1.;                                         2677P   2953
126,1,1,1,0,1,0,0.00428032864436,0.00428032864436,0.0138,0.0138,    2679P   2954
1.,1.,0.7505321268255,1.,0.,-0.,1.,0.,0.00428032864436,0.0138,      2679P   2955
0.,0.,1.;                                                           2679P   2956
126,1,1,1,0,1,0,-0.0025,-0.0025,0.,0.,1.,1.,-0.,1.,0.,-0.,0.,0.,    2681P   2957
-0.0025,0.,0.,0.,1.;                                                2681P   2958
126,1,1,1,0,1,0,-0.0138,-0.0138,-0.00119175359259,                  2683P   2959
-0.00119175359259,1.,1.,-0.,0.,0.,0.99403578528827,0.,0.,           2683P   2960
-0.0138,-0.00119175359259,0.,0.,1.;                                 2683P   2961
126,1,1,1,0,1,0,0.00141583152941,0.00141583152941,                  2685P   2962
0.00519595002629,0.00519595002629,1.,1.,0.99403578528827,0.,0.,     2685P   2963
0.76573536443021,0.97192533317428,0.,0.00141583152941,              2685P   2964
0.00519595002629,0.,0.,1.;                                          2685P   2965
102,5,2677,2679,2681,2683,2685;                                     2687P   2966
124,-1.,0.,0.,0.91967135564042,0.,-1.,0.,16.40000000000003,0.,      2689P   2967
0.,1.,0.;                                                           2689P   2968
100,0.,0.,0.,-0.19283628290595,-0.22981333293566,                   2691P   2969
0.00000000000001,-0.29999999999997;                                 2691P   2970
110,0.91967135564041,16.7,0.,-8.6,16.7,0.;                          2693P   2971
110,-8.6,16.7,0.,-8.6,14.2,0.;                                      2695P   2972
110,-8.6,14.2,0.,4.00824640740579,14.2,0.;                          2697P   2973
110,4.00824640740579,14.2,0.,1.11250763854637,16.62981333293569,    2699P   2974
0.;                                                                 2699P   2975
102,5,2691,2693,2695,2697,2699;                                     2701P   2976
142,1,2675,2687,2701,2;                                             2703P   2977
144,2675,1,0,2703;                                                  2705P   2978
110,-8.6,14.2,0.97537887487647,-8.6,14.2,0.;                        2707P   2979
122,2707,-8.6,16.7,0.97537887487647;                                2709P   2980
126,2,2,1,0,1,0,0.00000084606062,0.00000084606062,                  2711P   2981
0.00000084606062,0.00036775131177,0.00036775131177,                 2711P   2982
0.00036775131177,1.,1.,1.,0.21692968928443,1.,0.,                   2711P   2983
0.10020045075601,0.93317760777408,0.,0.,0.88,0.,                    2711P   2984
0.00000084606062,0.00036775131177,0.,0.,1.;                         2711P   2985
126,1,1,1,0,1,0,-0.0022,-0.0022,0.,0.,1.,1.,0.,0.88,0.,0.,0.,0.,    2713P   2986
-0.0022,0.,0.,0.,1.;                                                2713P   2987
126,1,1,1,0,1,0,-0.00097537887488,-0.00097537887488,0.,0.,1.,1.,    2715P   2988
0.,0.,0.,1.,0.,0.,-0.00097537887488,0.,0.,0.,1.;                    2715P   2989
126,1,1,1,0,1,0,0.,0.,0.0025,0.0025,1.,1.,1.,0.,0.,1.,1.,0.,0.,     2717P   2990
0.0025,0.,0.,1.;                                                    2717P   2991
126,1,1,1,0,1,0,0.,0.,0.00076379023862,0.00076379023862,1.,1.,      2719P   2992
1.,1.,0.,0.2169296892843,1.,0.,0.,0.00076379023862,0.,0.,1.;        2719P   2993
102,5,2711,2713,2715,2717,2719;                                     2721P   2994
126,3,3,0,0,1,0,0.00000084606062,0.00000084606062,                  2723P   2995
0.00000084606062,0.00000084606062,0.00036775131177,                 2723P   2996
0.00036775131177,0.00036775131177,0.00036775131177,1.,1.,1.,1.,     2723P   2997
-8.6,16.6999999999999,0.76379023861492,-8.6,16.59881418571231,      2723P   2998
0.8327523581246,-8.6,16.49854875277339,0.90293105057392,-8.6,       2723P   2999
16.4,0.97537887487647,0.00000084606062,0.00036775131177;            2723P   3000
110,-8.6,16.4,0.97537887487647,-8.6,14.2,0.97537887487647;          2725P   3001
110,-8.6,14.2,0.97537887487647,-8.6,14.2,0.;                        2727P   3002
110,-8.6,14.2,0.,-8.6,16.7,0.;                                      2729P   3003
110,-8.6,16.7,0.,-8.6,16.7,0.76379023861504;                        2731P   3004
102,5,2723,2725,2727,2729,2731;                                     2733P   3005
142,1,2709,2721,2733,2;                                             2735P   3006
144,2709,1,0,2735;                                                  2737P   3007
110,-8.6,14.2,3.7,-8.6,14.2,2.62462112512353;                       2739P   3008
122,2739,-8.6,16.7,3.7;                                             2741P   3009
126,2,2,1,0,1,0,0.00258384160389,0.00258384160389,                  2743P   3010
0.00258384160389,0.00295114112052,0.00295114112052,                 2743P   3011
0.00295114112052,1.,1.,1.,1.,0.88,0.,0.90911723746674,              2743P   3012
0.93317760777308,0.,0.80324270710104,1.,0.,0.00258384160389,        2743P   3013
0.00295114112052,0.,0.,1.;                                          2743P   3014
126,1,1,1,0,1,0,0.00283620976138,0.00283620976138,0.0037,0.0037,    2745P   3015
1.,1.,0.80324270710104,1.,0.,0.,1.,0.,0.00283620976138,0.0037,      2745P   3016
0.,0.,1.;                                                           2745P   3017
126,1,1,1,0,1,0,-0.0025,-0.0025,0.,0.,1.,1.,0.,1.,0.,0.,0.,0.,      2747P   3018
-0.0025,0.,0.,0.,1.;                                                2747P   3019
126,1,1,1,0,1,0,-0.0037,-0.0037,-0.00262462112512,                  2749P   3020
-0.00262462112512,1.,1.,0.,0.,0.,1.,0.,0.,-0.0037,                  2749P   3021
-0.00262462112512,0.,0.,1.;                                         2749P   3022
126,1,1,1,0,1,0,0.,0.,0.0022,0.0022,1.,1.,1.,0.,0.,1.,0.88,0.,      2751P   3023
0.,0.0022,0.,0.,1.;                                                 2751P   3024
102,5,2743,2745,2747,2749,2751;                                     2753P   3025
126,3,3,0,0,1,0,0.00258384160389,0.00258384160389,                  2755P   3026
0.00258384160389,0.00258384160389,0.00295114112052,                 2755P   3027
0.00295114112052,0.00295114112052,0.00295114112052,1.,1.,1.,1.,     2755P   3028
-8.6,16.4,2.62462112512353,-8.6,16.49852081180288,                  2755P   3029
2.69704840870421,-8.6,16.59886058926623,2.76727926772567,-8.6,      2755P   3030
16.7,2.83620976138496,0.00258384160389,0.00295114112052;            2755P   3031
110,-8.6,16.7,2.83620976138496,-8.6,16.7,3.7;                       2757P   3032
110,-8.6,16.7,3.7,-8.6,14.2,3.7;                                    2759P   3033
110,-8.6,14.2,3.7,-8.6,14.2,2.62462112512353;                       2761P   3034
110,-8.6,14.2,2.62462112512353,-8.6,16.4,2.62462112512353;          2763P   3035
102,5,2755,2757,2759,2761,2763;                                     2765P   3036
142,1,2741,2753,2765,2;                                             2767P   3037
144,2741,1,0,2767;                                                  2769P   3038
110,-8.4,14.2,3.7,-8.4,1014.20000000000005,3.7;                     2771P   3039
110,-8.4,14.2,3.9,-8.4,16.7,3.9;                                    2773P   3040
120,2771,2773,0.,6.28318530717959;                                  2775P   3041
126,1,1,1,0,1,0,3.14159265358979,3.14159265358979,                  2777P   3042
4.71238898038469,4.71238898038469,1.,1.,1.,4.71238898038469,0.,     2777P   3043
1.,6.28318530717959,0.,3.14159265358979,4.71238898038469,0.,0.,     2777P   3044
1.;                                                                 2777P   3045
126,1,1,1,0,1,0,-0.0025,-0.0025,0.,0.,1.,1.,1.,6.28318530717959,    2779P   3046
0.,0.,6.28318530717959,0.,-0.0025,0.,0.,0.,1.;                      2779P   3047
126,1,1,1,0,1,0,-4.71238898038469,-4.71238898038469,                2781P   3048
-3.14159265358979,-3.14159265358979,1.,1.,0.,6.28318530717959,      2781P   3049
0.,0.,4.71238898038469,0.,-4.71238898038469,-3.14159265358979,      2781P   3050
0.,0.,1.;                                                           2781P   3051
126,1,1,1,0,1,0,0.,0.,0.0025,0.0025,1.,1.,0.,4.71238898038469,      2783P   3052
0.,1.,4.71238898038469,0.,0.,0.0025,0.,0.,1.;                       2783P   3053
102,4,2777,2779,2781,2783;                                          2785P   3054
124,1.,0.,0.,-8.4,0.,0.,1.,16.7,0.,-1.,0.,3.7;                      2787P   3055
100,0.,0.,0.,-0.2,0.,-0.,-0.2;                                      2789P   3056
110,-8.4,16.7,3.9,-8.4,14.2,3.9;                                    2791P   3057
124,1.,0.,0.,-8.4,0.,0.,-1.,14.2,0.,1.,0.,3.7;                      2793P   3058
100,0.,0.,0.,-0.,0.2,-0.2,-0.;                                      2795P   3059
110,-8.6,14.2,3.7,-8.6,16.7,3.7;                                    2797P   3060
102,4,2789,2791,2795,2797;                                          2799P   3061
142,1,2775,2785,2799,2;                                             2801P   3062
144,2775,1,0,2801;                                                  2803P   3063
110,-4.4,6.2,5.9,-4.4,6.2,-994.10000000000002;                      2805P   3064
110,-4.6,6.2,5.,-4.6,6.2,5.89548621647036;                          2807P   3065
120,2805,2807,0.,6.28318530717959;                                  2809P   3066
126,2,2,1,0,1,0,-6.28318530717959,-6.28318530717959,                2811P   3067
-6.28318530717959,-5.46859233088879,-5.46859233088879,              2811P   3068
-5.46859233088879,1.,1.,1.,-0.,0.,0.,-0.,0.38317222395873,0.,       2811P   3069
0.80116380950826,0.81459297629079,0.,-6.28318530717959,             2811P   3070
-5.46859233088879,0.,0.,1.;                                         2811P   3071
126,4,2,1,0,1,0,0.,0.,0.,0.00011958971965,0.00011958971965,         2813P   3072
0.00023917943931,0.00023917943931,0.00023917943931,1.,1.,1.,1.,     2813P   3073
1.,0.80116380950826,0.81459297629079,0.,0.86330211572677,           2813P   3074
0.84805399200227,0.,0.92002266284812,1.07572517376457,0.,           2813P   3075
0.97365900763438,1.29101664436292,0.,0.99403578528827,              2813P   3076
1.57079632679491,0.,0.,0.00023917943931,0.,0.,1.;                   2813P   3077
126,1,1,1,0,1,0,0.0000098546556,0.0000098546556,0.0009,0.0009,      2815P   3078
1.,1.,0.99403578528827,1.57079632679491,0.,-0.,1.57079632679491,    2815P   3079
0.,0.0000098546556,0.0009,0.,0.,1.;                                 2815P   3080
126,1,1,1,0,1,0,1.57079632679489,1.57079632679489,                  2817P   3081
3.1415926535898,3.1415926535898,1.,1.,-0.,1.57079632679491,0.,      2817P   3082
-0.,0.,0.,1.57079632679489,3.1415926535898,0.,0.,1.;                2817P   3083
102,4,2811,2813,2815,2817;                                          2819P   3084
124,-0.08715574274766,0.,0.99619469809175,-4.4,0.,1.,0.,6.2,        2821P   3085
-0.99619469809175,0.,-0.08715574274766,7.28601046055225;            2821P   3086
104,0.00000000000004,0.,0.00000000000527,0.,0.,                     2823P   3087
-0.00000000000021,0.,2.29474264913395,0.,1.57457103014843,          2823P   3088
0.14548927472584;                                                   2823P   3089
126,5,3,0,0,1,0,0.,0.,0.,0.,0.00011958971965,0.00011958971965,      2825P   3090
0.00023917943931,0.00023917943931,0.00023917943931,                 2825P   3091
0.00023917943931,1.,1.,1.,1.,1.,1.,-4.53723290764153,               2825P   3092
6.34548927472584,5.71743114854953,-4.53370275013361,                2825P   3093
6.34881909941675,5.75778103350205,-4.51869733091024,                2825P   3094
6.36320250266051,5.79385080568534,-4.47134037409342,                2825P   3095
6.3887714604067,5.85388442115636,-4.43862648832739,6.4,             2825P   3096
5.8775493206733,-4.4,6.4,5.89014534440393,0.,0.00023917943931;      2825P   3097
110,-4.4,6.4,5.89014534440393,-4.4,6.4,5.;                          2827P   3098
124,1.,0.,0.,-4.4,0.,1.,0.,6.2,0.,0.,1.,5.;                         2829P   3099
100,0.,0.,0.,0.,0.2,-0.2,-0.;                                       2831P   3100
102,4,2823,2825,2827,2831;                                          2833P   3101
142,1,2809,2819,2833,2;                                             2835P   3102
144,2809,1,0,2835;                                                  2837P   3103
110,-4.4,4.70801713040536,5.9,-4.4,4.70801713040536,                2839P   3104
-994.10000000000002;                                                2839P   3105
110,-4.6,4.70801713040536,5.,-4.6,4.70801713040536,                 2841P   3106
5.86967529842861;                                                   2841P   3107
120,2839,2841,0.,6.28318530717959;                                  2843P   3108
126,1,1,1,0,1,0,-0.0009,-0.0009,-0.00003551163178,                  2845P   3109
-0.00003551163178,1.,1.,0.,4.97418836818385,0.,0.99403578528827,    2845P   3110
4.97418836818385,0.,-0.0009,-0.00003551163178,0.,0.,1.;             2845P   3111
126,4,2,1,0,1,0,0.,0.,0.,0.00009060073124,0.00009060073124,         2847P   3112
0.00018120146248,0.00018120146248,0.00018120146248,1.,1.,1.,1.,     2847P   3113
1.,0.99403578528827,4.97418836818385,0.,0.96475491232811,           2847P   3114
5.16476753441731,0.,0.92116938046993,5.29804111945084,0.,           2847P   3115
0.87373849020736,5.44307284252792,0.,0.82494138886759,              2847P   3116
5.46859233088881,0.,0.,0.00018120146248,0.,0.,1.;                   2847P   3117
126,2,2,1,0,1,0,-0.81459297629078,-0.81459297629078,                2849P   3118
-0.81459297629078,0.,0.,0.,1.,1.,1.,0.82494138886759,               2849P   3119
5.46859233088881,0.,0.,5.90001308322086,0.,0.,6.28318530717959,     2849P   3120
0.,-0.81459297629078,0.,0.,0.,1.;                                   2849P   3121
126,1,1,1,0,1,0,3.14159265358979,3.14159265358979,                  2851P   3122
4.45058959258552,4.45058959258552,1.,1.,0.,6.28318530717959,0.,     2851P   3123
0.,4.97418836818385,0.,3.14159265358979,4.45058959258552,0.,0.,     2851P   3124
1.;                                                                 2851P   3125
102,4,2845,2847,2849,2851;                                          2853P   3126
110,-4.4517638090205,4.51483196514755,5.,-4.4517638090205,          2855P   3127
4.51483196514755,5.86448836821929;                                  2855P   3128
126,3,3,0,0,1,0,0.,0.,0.,0.,0.00018120146248,0.00018120146248,      2857P   3129
0.00018120146248,0.00018120146248,1.,1.,1.,1.,-4.4517638090205,     2857P   3130
4.51483196514755,5.86448836821929,-4.50107614307571,                2857P   3131
4.52804516523453,5.83038105433806,-4.53189451882088,                2857P   3132
4.55749241494783,5.77844921198204,-4.53723290764153,                2857P   3133
4.56252785567952,5.71743114854953,0.,0.00018120146248;              2857P   3134
124,-0.08715574274766,0.,0.99619469809175,-4.4,0.,1.,0.,            2859P   3135
4.70801713040536,-0.99619469809175,0.,-0.08715574274766,            2859P   3136
7.28601046055232;                                                   2859P   3137
104,0.00000000000004,0.,0.00000000000527,0.,0.,                     2861P   3138
-0.00000000000021,0.,1.5745710301485,-0.14548927472584,             2861P   3139
2.29474264913402,0.;                                                2861P   3140
124,1.,0.,0.,-4.4,0.,1.,0.,4.70801713040536,0.,0.,1.,5.;            2863P   3141
100,0.,0.,0.,-0.2,0.,-0.05176380902051,-0.19318516525782;           2865P   3142
102,4,2855,2857,2861,2865;                                          2867P   3143
142,1,2843,2853,2867,2;                                             2869P   3144
144,2843,1,0,2869;                                                  2871P   3145
110,-0.56071258069175,10.7157699732231,5.,-1.65535629034587,        2873P   3146
9.80788498661155,5.;                                                2873P   3147
122,2873,-0.56071258069175,10.7157699732231,5.5;                    2875P   3148
126,1,1,1,0,1,0,0.,0.,0.00142214626533,0.00142214626533,1.,1.,      2877P   3149
0.,0.,0.,1.,0.,0.,0.,0.00142214626533,0.,0.,1.;                     2877P   3150
126,1,1,1,0,1,0,-0.0005,-0.0005,0.,0.,1.,1.,1.,0.,0.,1.,1.,0.,      2879P   3151
-0.0005,0.,0.,0.,1.;                                                2879P   3152
126,1,1,1,0,1,0,-0.00142214626533,-0.00142214626533,-0.,-0.,1.,     2881P   3153
1.,1.,1.,0.,0.,1.,0.,-0.00142214626533,-0.,0.,0.,1.;                2881P   3154
126,1,1,1,0,1,0,0.,0.,0.0005,0.0005,1.,1.,0.,1.,0.,0.,0.,0.,0.,     2883P   3155
0.0005,0.,0.,1.;                                                    2883P   3156
102,4,2877,2879,2881,2883;                                          2885P   3157
110,-0.56071258069175,10.7157699732231,5.,-1.65535629034587,        2887P   3158
9.80788498661155,5.;                                                2887P   3159
110,-1.65535629034587,9.80788498661155,5.,-1.65535629034587,        2889P   3160
9.80788498661155,5.5;                                               2889P   3161
110,-1.65535629034587,9.80788498661155,5.5,-0.56071258069175,       2891P   3162
10.7157699732231,5.5;                                               2891P   3163
110,-0.56071258069175,10.7157699732231,5.5,-0.56071258069175,       2893P   3164
10.7157699732231,5.;                                                2893P   3165
102,4,2887,2889,2891,2893;                                          2895P   3166
142,1,2875,2885,2895,2;                                             2897P   3167
144,2875,1,0,2897;                                                  2899P   3168
110,-1.4,9.5,5.5,-1.4,9.5,-994.5;                                   2901P   3169
110,-1.8,9.5,5.,-1.8,9.5,5.5;                                       2903P   3170
120,2901,2903,0.,6.28318530717959;                                  2905P   3171
126,1,1,1,0,1,0,-0.0005,-0.0005,0.,0.,1.,1.,0.,0.,0.,1.,0.,0.,      2907P   3172
-0.0005,0.,0.,0.,1.;                                                2907P   3173
126,1,1,1,0,1,0,-3.14159265358979,-3.14159265358979,                2909P   3174
-2.26320202788419,-2.26320202788419,1.,1.,1.,0.,0.,1.,              2909P   3175
0.8783906257056,0.,-3.14159265358979,-2.26320202788419,0.,0.,1.;    2909P   3176
126,1,1,1,0,1,0,0.,0.,0.0005,0.0005,1.,1.,1.,0.8783906257056,0.,    2911P   3177
0.,0.8783906257056,0.,0.,0.0005,0.,0.,1.;                           2911P   3178
126,1,1,1,0,1,0,2.26320202788419,2.26320202788419,                  2913P   3179
3.14159265358979,3.14159265358979,1.,1.,0.,0.8783906257056,0.,      2913P   3180
0.,0.,0.,2.26320202788419,3.14159265358979,0.,0.,1.;                2913P   3181
102,4,2907,2909,2911,2913;                                          2915P   3182
110,-1.8,9.5,5.,-1.8,9.5,5.5;                                       2917P   3183
124,1.,0.,0.,-1.4,0.,-1.,0.,9.5,0.,0.,-1.,5.5;                      2919P   3184
100,0.,0.,0.,-0.4,-0.,-0.25535629034587,-0.30788498661155;          2921P   3185
110,-1.65535629034587,9.80788498661155,5.5,-1.65535629034587,       2923P   3186
9.80788498661155,5.;                                                2923P   3187
124,1.,0.,0.,-1.4,0.,1.,0.,9.5,0.,0.,1.,5.;                         2925P   3188
100,0.,0.,0.,-0.25535629034587,0.30788498661155,-0.4,0.;            2927P   3189
102,4,2917,2921,2923,2927;                                          2929P   3190
142,1,2905,2915,2929,2;                                             2931P   3191
144,2905,1,0,2931;                                                  2933P   3192
110,-1.53738916084185,9.12433496505108,5.,-0.54347290210462,        2935P   3193
8.7608374126277,5.;                                                 2935P   3194
122,2935,-1.53738916084185,9.12433496505108,5.5;                    2937P   3195
126,1,1,1,0,1,0,-0.,-0.,0.00105830052443,0.00105830052443,1.,1.,    2939P   3196
0.,0.,0.,1.,0.,0.,-0.,0.00105830052443,0.,0.,1.;                    2939P   3197
126,1,1,1,0,1,0,-0.0005,-0.0005,0.,0.,1.,1.,1.,0.,0.,1.,1.,0.,      2941P   3198
-0.0005,0.,0.,0.,1.;                                                2941P   3199
126,1,1,1,0,1,0,-0.00105830052443,-0.00105830052443,0.,0.,1.,1.,    2943P   3200
1.,1.,0.,0.,1.,0.,-0.00105830052443,0.,0.,0.,1.;                    2943P   3201
126,1,1,1,0,1,0,0.,0.,0.0005,0.0005,1.,1.,0.,1.,0.,0.,0.,0.,0.,     2945P   3202
0.0005,0.,0.,1.;                                                    2945P   3203
102,4,2939,2941,2943,2945;                                          2947P   3204
110,-1.53738916084185,9.12433496505108,5.,-0.54347290210462,        2949P   3205
8.7608374126277,5.;                                                 2949P   3206
110,-0.54347290210462,8.7608374126277,5.,-0.54347290210462,         2951P   3207
8.7608374126277,5.5;                                                2951P   3208
110,-0.54347290210462,8.7608374126277,5.5,-1.53738916084185,        2953P   3209
9.12433496505108,5.5;                                               2953P   3210
110,-1.53738916084185,9.12433496505108,5.5,-1.53738916084185,       2955P   3211
9.12433496505108,5.;                                                2955P   3212
102,4,2949,2951,2953,2955;                                          2957P   3213
142,1,2937,2947,2957,2;                                             2959P   3214
144,2937,1,0,2959;                                                  2961P   3215
110,-0.2,9.7,5.5,-0.2,9.7,-994.5;                                   2963P   3216
110,-1.2,9.7,5.,-1.2,9.7,5.5;                                       2965P   3217
120,2963,2965,0.,6.28318530717959;                                  2967P   3218
126,1,1,1,0,1,0,4.36177670056101,4.36177670056101,                  2969P   3219
6.41162716937556,6.41162716937556,1.,1.,0.,5.06300126020837,0.,     2969P   3220
0.,3.01315079139382,0.,4.36177670056101,6.41162716937556,0.,0.,     2969P   3221
1.;                                                                 2969P   3222
126,1,1,1,0,1,0,-0.0005,-0.0005,0.,0.,1.,1.,0.,3.01315079139382,    2971P   3223
0.,1.,3.01315079139382,0.,-0.0005,0.,0.,0.,1.;                      2971P   3224
126,1,1,1,0,1,0,-0.12844186219598,-0.12844186219598,0.,0.,1.,1.,    2973P   3225
1.,3.01315079139382,0.,1.,3.14159265358979,0.,-0.12844186219598,    2973P   3226
0.,0.,0.,1.;                                                        2973P   3227
126,1,1,1,0,1,0,-6.28318530717959,-6.28318530717959,                2975P   3228
-4.36177670056101,-4.36177670056101,1.,1.,1.,3.14159265358979,      2975P   3229
0.,1.,5.06300126020837,0.,-6.28318530717959,-4.36177670056101,      2975P   3230
0.,0.,1.;                                                           2975P   3231
126,1,1,1,0,1,0,0.,0.,0.0005,0.0005,1.,1.,1.,5.06300126020837,      2977P   3232
0.,0.,5.06300126020837,0.,0.,0.0005,0.,0.,1.;                       2977P   3233
102,5,2969,2971,2973,2975,2977;                                     2979P   3234
124,1.,0.,0.,-0.2,0.,1.,0.,9.7,0.,0.,1.,5.;                         2981P   3235
100,0.,0.,0.,-0.34347290210462,-0.9391625873723,                    2983P   3236
0.99176267783789,0.12808899581079;                                  2983P   3237
110,0.79176267783789,9.82808899581079,5.,0.79176267783789,          2985P   3238
9.82808899581079,5.5;                                               2985P   3239
124,1.,0.,0.,-0.2,0.,-1.,0.,9.7,0.,0.,-1.,5.5;                      2987P   3240
100,0.,0.,0.,0.99176267783789,-0.12808899581079,1.,0.;              2989P   3241
124,1.,0.,0.,-0.2,0.,-1.,0.,9.7,0.,0.,-1.,5.5;                      2991P   3242
100,0.,0.,0.,1.,0.,-0.34347290210462,0.9391625873723;               2993P   3243
110,-0.54347290210462,8.7608374126277,5.5,-0.54347290210462,        2995P   3244
8.7608374126277,5.;                                                 2995P   3245
102,5,2983,2985,2989,2993,2995;                                     2997P   3246
142,1,2967,2979,2997,2;                                             2999P   3247
144,2967,1,0,2999;                                                  3001P   3248
110,0.79176267783789,9.82808899581079,5.,0.74341014227031,          3003P   3249
10.20247119664863,5.;                                               3003P   3250
122,3003,0.79176267783789,9.82808899581079,5.5;                     3005P   3251
126,1,1,1,0,1,0,-0.,-0.,0.00037749172176,0.00037749172176,1.,1.,    3007P   3252
-0.,0.,0.,1.,0.,0.,-0.,0.00037749172176,0.,0.,1.;                   3007P   3253
126,1,1,1,0,1,0,-0.0005,-0.0005,0.,0.,1.,1.,1.,0.,0.,1.,1.,0.,      3009P   3254
-0.0005,0.,0.,0.,1.;                                                3009P   3255
126,1,1,1,0,1,0,-0.00037749172176,-0.00037749172176,0.,0.,1.,1.,    3011P   3256
1.,1.,0.,-0.,1.,0.,-0.00037749172176,0.,0.,0.,1.;                   3011P   3257
126,1,1,1,0,1,0,0.,0.,0.0005,0.0005,1.,1.,-0.,1.,0.,-0.,0.,0.,      3013P   3258
0.,0.0005,0.,0.,1.;                                                 3013P   3259
102,4,3007,3009,3011,3013;                                          3015P   3260
110,0.79176267783789,9.82808899581079,5.,0.74341014227031,          3017P   3261
10.20247119664863,5.;                                               3017P   3262
110,0.74341014227031,10.20247119664863,5.,0.74341014227031,         3019P   3263
10.20247119664863,5.5;                                              3019P   3264
110,0.74341014227031,10.20247119664863,5.5,0.79176267783789,        3021P   3265
9.82808899581079,5.5;                                               3021P   3266
110,0.79176267783789,9.82808899581079,5.5,0.79176267783789,         3023P   3267
9.82808899581079,5.;                                                3023P   3268
102,4,3017,3019,3021,3023;                                          3025P   3269
142,1,3005,3015,3025,2;                                             3027P   3270
144,3005,1,0,3027;                                                  3029P   3271
110,-0.05,10.1,5.5,-0.05,10.1,-994.5;                               3031P   3272
110,-0.85,10.1,5.,-0.85,10.1,5.5;                                   3033P   3273
120,3031,3033,0.,6.28318530717959;                                  3035P   3274
126,1,1,1,0,1,0,0.12844186219597,0.12844186219597,                  3037P   3275
2.26320202788419,2.26320202788419,1.,1.,0.,3.01315079139382,0.,     3037P   3276
0.,0.8783906257056,0.,0.12844186219597,2.26320202788419,0.,0.,      3037P   3277
1.;                                                                 3037P   3278
126,1,1,1,0,1,0,-0.0005,-0.0005,0.,0.,1.,1.,0.,0.8783906257056,     3039P   3279
0.,1.,0.8783906257056,0.,-0.0005,0.,0.,0.,1.;                       3039P   3280
126,1,1,1,0,1,0,-2.26320202788419,-2.26320202788419,                3041P   3281
-0.12844186219597,-0.12844186219597,1.,1.,1.,0.8783906257056,0.,    3041P   3282
1.,3.01315079139382,0.,-2.26320202788419,-0.12844186219597,0.,      3041P   3283
0.,1.;                                                              3041P   3284
126,1,1,1,0,1,0,0.,0.,0.0005,0.0005,1.,1.,1.,3.01315079139382,      3043P   3285
0.,0.,3.01315079139382,0.,0.,0.0005,0.,0.,1.;                       3043P   3286
102,4,3037,3039,3041,3043;                                          3045P   3287
124,1.,0.,0.,-0.05,0.,1.,0.,10.1,0.,0.,1.,5.;                       3047P   3288
100,0.,0.,0.,0.79341014227031,0.10247119664863,                     3049P   3289
-0.51071258069175,0.6157699732231;                                  3049P   3290
110,-0.56071258069175,10.7157699732231,5.,-0.56071258069175,        3051P   3291
10.7157699732231,5.5;                                               3051P   3292
124,1.,0.,0.,-0.05,0.,-1.,0.,10.1,0.,0.,-1.,5.5;                    3053P   3293
100,0.,0.,0.,-0.51071258069175,-0.6157699732231,                    3055P   3294
0.79341014227031,-0.10247119664863;                                 3055P   3295
110,0.74341014227031,10.20247119664863,5.5,0.74341014227031,        3057P   3296
10.20247119664863,5.;                                               3057P   3297
102,4,3049,3051,3055,3057;                                          3059P   3298
142,1,3035,3045,3059,2;                                             3061P   3299
144,3035,1,0,3061;                                                  3063P   3300
110,-1.65535629034587,9.80788498661155,5.5,-1.46383907258647,       3065P   3301
9.57697124665289,5.8;                                               3065P   3302
122,3065,-0.56071258069175,10.7157699732231,5.5;                    3067P   3303
126,1,1,1,0,1,0,0.,0.,0.00142214626533,0.00142214626533,1.,1.,      3069P   3304
0.,1.,0.,0.,0.,0.,0.,0.00142214626533,0.,0.,1.;                     3069P   3305
126,1,1,1,0,1,0,0.,0.,0.00042426406871,0.00042426406871,1.,1.,      3071P   3306
0.,0.,0.,1.,0.,0.,0.,0.00042426406871,0.,0.,1.;                     3071P   3307
126,1,1,1,0,1,0,-0.00142214626533,-0.00142214626533,-0.,-0.,1.,     3073P   3308
1.,1.,0.,0.,1.,1.,0.,-0.00142214626533,-0.,0.,0.,1.;                3073P   3309
126,1,1,1,0,1,0,-0.00042426406871,-0.00042426406871,0.,0.,1.,1.,    3075P   3310
1.,1.,0.,0.,1.,0.,-0.00042426406871,0.,0.,0.,1.;                    3075P   3311
102,4,3069,3071,3073,3075;                                          3077P   3312
110,-0.56071258069175,10.7157699732231,5.5,-1.65535629034587,       3079P   3313
9.80788498661155,5.5;                                               3079P   3314
110,-1.65535629034587,9.80788498661155,5.5,-1.46383907258647,       3081P   3315
9.57697124665289,5.8;                                               3081P   3316
110,-1.46383907258647,9.57697124665289,5.8,-0.36919536293234,       3083P   3317
10.48485623326444,5.8;                                              3083P   3318
110,-0.36919536293234,10.48485623326444,5.8,-0.56071258069175,      3085P   3319
10.7157699732231,5.5;                                               3085P   3320
102,4,3079,3081,3083,3085;                                          3087P   3321
142,1,3067,3077,3087,2;                                             3089P   3322
144,3067,1,0,3089;                                                  3091P   3323
110,-1.4,9.5,5.5,-1.4,9.5,1005.50000000000011;                      3093P   3324
110,-1.3,9.5,5.8,-1.,9.5,5.5;                                       3095P   3325
120,3093,3095,0.,6.28318530717959;                                  3097P   3326
126,1,1,1,0,1,0,2.26320202788419,2.26320202788419,                  3099P   3327
3.14159265358979,3.14159265358979,1.,1.,1.,2.26320202788419,0.,     3099P   3328
1.,3.14159265358979,0.,2.26320202788419,3.14159265358979,0.,0.,     3099P   3329
1.;                                                                 3099P   3330
126,1,1,1,0,1,0,3.14159265358979,3.14159265358979,                  3101P   3331
4.36177670056101,4.36177670056101,1.,1.,1.,3.14159265358979,0.,     3101P   3332
1.,4.36177670056101,0.,3.14159265358979,4.36177670056101,0.,0.,     3101P   3333
1.;                                                                 3101P   3334
126,1,1,1,0,1,0,0.,0.,0.00042426406871,0.00042426406871,1.,1.,      3103P   3335
1.,4.36177670056101,0.,-0.,4.361776700561,0.,0.,                    3103P   3336
0.00042426406871,0.,0.,1.;                                          3103P   3337
126,1,1,1,0,1,0,-4.361776700561,-4.361776700561,                    3105P   3338
-2.26320202788419,-2.26320202788419,1.,1.,-0.,4.361776700561,0.,    3105P   3339
-0.,2.26320202788419,0.,-4.361776700561,-2.26320202788419,0.,0.,    3105P   3340
1.;                                                                 3105P   3341
126,1,1,1,0,1,0,-0.00042426406871,-0.00042426406871,0.,0.,1.,1.,    3107P   3342
0.,2.26320202788419,0.,1.,2.26320202788419,0.,-0.00042426406871,    3107P   3343
0.,0.,0.,1.;                                                        3107P   3344
102,5,3099,3101,3103,3105,3107;                                     3109P   3345
124,1.,0.,0.,-1.4,0.,1.,0.,9.5,0.,0.,1.,5.5;                        3111P   3346
100,0.,0.,0.,-0.25535629034587,0.30788498661155,-0.4,0.;            3113P   3347
124,1.,0.,0.,-1.4,0.,1.,0.,9.5,0.,0.,1.,5.5;                        3115P   3348
100,0.,0.,0.,-0.4,0.,-0.13738916084185,-0.37566503494892;           3117P   3349
110,-1.53738916084185,9.12433496505108,5.5,-1.43434729021046,       3119P   3350
9.40608374126277,5.8;                                               3119P   3351
124,1.,0.,0.,-1.4,0.,-1.,0.,9.5,0.,0.,-1.,5.8;                      3121P   3352
100,0.,0.,0.,-0.03434729021046,0.09391625873723,                    3123P   3353
-0.06383907258647,-0.07697124665289;                                3123P   3354
110,-1.46383907258647,9.57697124665289,5.8,-1.65535629034587,       3125P   3355
9.80788498661155,5.5;                                               3125P   3356
102,5,3113,3117,3119,3123,3125;                                     3127P   3357
142,1,3097,3109,3127,2;                                             3129P   3358
144,3097,1,0,3129;                                                  3131P   3359
110,-0.54347290210462,8.7608374126277,5.5,-0.44043103147323,        3133P   3360
9.04258618883939,5.8;                                               3133P   3361
122,3133,-1.53738916084185,9.12433496505108,5.5;                    3135P   3362
126,1,1,1,0,1,0,-0.,-0.,0.00105830052443,0.00105830052443,1.,1.,    3137P   3363
0.,1.,0.,0.,0.,0.,-0.,0.00105830052443,0.,0.,1.;                    3137P   3364
126,1,1,1,0,1,0,-0.,-0.,0.00042426406871,0.00042426406871,1.,1.,    3139P   3365
0.,0.,0.,1.,0.,0.,-0.,0.00042426406871,0.,0.,1.;                    3139P   3366
126,1,1,1,0,1,0,-0.00105830052443,-0.00105830052443,0.,0.,1.,1.,    3141P   3367
1.,0.,0.,1.,1.,0.,-0.00105830052443,0.,0.,0.,1.;                    3141P   3368
126,1,1,1,0,1,0,-0.00042426406871,-0.00042426406871,0.,0.,1.,1.,    3143P   3369
1.,1.,0.,0.,1.,0.,-0.00042426406871,0.,0.,0.,1.;                    3143P   3370
102,4,3137,3139,3141,3143;                                          3145P   3371
110,-1.53738916084185,9.12433496505108,5.5,-0.54347290210462,       3147P   3372
8.7608374126277,5.5;                                                3147P   3373
110,-0.54347290210462,8.7608374126277,5.5,-0.44043103147323,        3149P   3374
9.04258618883939,5.8;                                               3149P   3375
110,-0.44043103147323,9.04258618883939,5.8,-1.43434729021046,       3151P   3376
9.40608374126277,5.8;                                               3151P   3377
110,-1.43434729021046,9.40608374126277,5.8,-1.53738916084185,       3153P   3378
9.12433496505108,5.5;                                               3153P   3379
102,4,3147,3149,3151,3153;                                          3155P   3380
142,1,3135,3145,3155,2;                                             3157P   3381
144,3135,1,0,3157;                                                  3159P   3382
110,-0.2,9.7,5.5,-0.2,9.7,1005.50000000000011;                      3161P   3383
110,0.5,9.7,5.8,0.8,9.7,5.5;                                        3163P   3384
120,3161,3163,0.,6.28318530717959;                                  3165P   3385
126,1,1,1,0,1,0,-0.,-0.,0.00042426406871,0.00042426406871,1.,1.,    3167P   3386
1.,6.28318530717959,0.,0.,6.28318530717959,0.,-0.,                  3167P   3387
0.00042426406871,0.,0.,1.;                                          3167P   3388
126,1,1,1,0,1,0,-6.28318530717959,-6.28318530717959,                3169P   3389
-4.36177670056101,-4.36177670056101,1.,1.,0.,6.28318530717959,      3169P   3390
0.,0.,4.36177670056101,0.,-6.28318530717959,-4.36177670056101,      3169P   3391
0.,0.,1.;                                                           3169P   3392
126,1,1,1,0,1,0,-0.00042426406871,-0.00042426406871,0.,0.,1.,1.,    3171P   3393
0.,4.36177670056101,0.,1.,4.36177670056101,0.,-0.00042426406871,    3171P   3394
0.,0.,0.,1.;                                                        3171P   3395
126,1,1,1,0,1,0,4.36177670056101,4.36177670056101,                  3173P   3396
6.28318530717959,6.28318530717959,1.,1.,1.,4.36177670056101,0.,     3173P   3397
1.,6.28318530717959,0.,4.36177670056101,6.28318530717959,0.,0.,     3173P   3398
1.;                                                                 3173P   3399
102,4,3167,3169,3171,3173;                                          3175P   3400
110,0.8,9.7,5.5,0.5,9.7,5.8;                                        3177P   3401
124,1.,0.,0.,-0.2,0.,-1.,0.,9.7,0.,0.,-1.,5.8;                      3179P   3402
100,0.,0.,0.,0.7,0.,-0.24043103147323,0.65741381116061;             3181P   3403
110,-0.44043103147323,9.04258618883939,5.8,-0.54347290210462,       3183P   3404
8.7608374126277,5.5;                                                3183P   3405
124,1.,0.,0.,-0.2,0.,1.,0.,9.7,0.,0.,1.,5.5;                        3185P   3406
100,0.,0.,0.,-0.34347290210462,-0.9391625873723,1.,-0.;             3187P   3407
102,4,3177,3181,3183,3187;                                          3189P   3408
142,1,3165,3175,3189,2;                                             3191P   3409
144,3165,1,0,3191;                                                  3193P   3410
110,0.74341014227031,10.20247119664863,5.5,0.44588133891895,        3195P   3411
10.16404449790539,5.8;                                              3195P   3412
122,3195,0.79176267783789,9.82808899581079,5.5;                     3197P   3413
126,1,1,1,0,1,0,-0.,-0.,0.00037749172176,0.00037749172176,1.,1.,    3199P   3414
0.,1.,0.,0.,0.,0.,-0.,0.00037749172176,0.,0.,1.;                    3199P   3415
126,1,1,1,0,1,0,0.,0.,0.00042426406871,0.00042426406871,1.,1.,      3201P   3416
0.,0.,0.,1.,0.,0.,0.,0.00042426406871,0.,0.,1.;                     3201P   3417
126,1,1,1,0,1,0,-0.00037749172176,-0.00037749172176,0.,0.,1.,1.,    3203P   3418
1.,0.,0.,1.,1.,0.,-0.00037749172176,0.,0.,0.,1.;                    3203P   3419
126,1,1,1,0,1,0,-0.00042426406871,-0.00042426406871,0.,0.,1.,1.,    3205P   3420
1.,1.,0.,0.,1.,0.,-0.00042426406871,0.,0.,0.,1.;                    3205P   3421
102,4,3199,3201,3203,3205;                                          3207P   3422
110,0.79176267783789,9.82808899581079,5.5,0.74341014227031,         3209P   3423
10.20247119664863,5.5;                                              3209P   3424
110,0.74341014227031,10.20247119664863,5.5,0.44588133891895,        3211P   3425
10.16404449790539,5.8;                                              3211P   3426
110,0.44588133891895,10.16404449790539,5.8,0.49423387448652,        3213P   3427
9.78966229706755,5.8;                                               3213P   3428
110,0.49423387448652,9.78966229706755,5.8,0.79176267783789,         3215P   3429
9.82808899581079,5.5;                                               3215P   3430
102,4,3209,3211,3213,3215;                                          3217P   3431
142,1,3197,3207,3217,2;                                             3219P   3432
144,3197,1,0,3219;                                                  3221P   3433
110,-0.05,10.1,5.5,-0.05,10.1,1005.50000000000011;                  3223P   3434
110,0.45,10.1,5.8,0.75,10.1,5.5;                                    3225P   3435
120,3223,3225,0.,6.28318530717959;                                  3227P   3436
126,1,1,1,0,1,0,0.12844186219597,0.12844186219597,                  3229P   3437
2.26320202788419,2.26320202788419,1.,1.,1.,0.12844186219597,0.,     3229P   3438
1.,2.26320202788419,0.,0.12844186219597,2.26320202788419,0.,0.,     3229P   3439
1.;                                                                 3229P   3440
126,1,1,1,0,1,0,-0.,-0.,0.00042426406871,0.00042426406871,1.,1.,    3231P   3441
1.,2.26320202788419,0.,-0.,2.26320202788419,0.,-0.,                 3231P   3442
0.00042426406871,0.,0.,1.;                                          3231P   3443
126,1,1,1,0,1,0,-2.26320202788419,-2.26320202788419,                3233P   3444
-0.12844186219597,-0.12844186219597,1.,1.,0.,2.26320202788419,      3233P   3445
0.,0.,0.12844186219597,0.,-2.26320202788419,-0.12844186219597,      3233P   3446
0.,0.,1.;                                                           3233P   3447
126,1,1,1,0,1,0,-0.00042426406871,-0.00042426406871,0.,0.,1.,1.,    3235P   3448
0.,0.12844186219597,0.,1.,0.12844186219597,0.,-0.00042426406871,    3235P   3449
0.,0.,0.,1.;                                                        3235P   3450
102,4,3229,3231,3233,3235;                                          3237P   3451
124,1.,0.,0.,-0.05,0.,1.,0.,10.1,0.,0.,1.,5.5;                      3239P   3452
100,0.,0.,0.,0.79341014227031,0.10247119664863,                     3241P   3453
-0.51071258069175,0.6157699732231;                                  3241P   3454
110,-0.56071258069175,10.7157699732231,5.5,-0.36919536293234,       3243P   3455
10.48485623326444,5.8;                                              3243P   3456
124,1.,0.,0.,-0.05,0.,-1.,0.,10.1,0.,0.,-1.,5.8;                    3245P   3457
100,0.,0.,0.,-0.31919536293234,-0.38485623326444,                   3247P   3458
0.49588133891895,-0.06404449790539;                                 3247P   3459
110,0.44588133891895,10.16404449790539,5.8,0.74341014227031,        3249P   3460
10.20247119664863,5.5;                                              3249P   3461
102,4,3241,3243,3247,3249;                                          3251P   3462
142,1,3227,3237,3251,2;                                             3253P   3463
144,3227,1,0,3253;                                                  3255P   3464
110,-1.512,8.9904,5.8,0.512,8.9904,5.8;                             3257P   3465
122,3257,-1.512,10.6096,5.8;                                        3259P   3466
126,1,1,1,0,1,0,0.,0.,0.00142214626533,0.00142214626533,1.,1.,      3261P   3467
0.56462679697019,0.92295963022754,0.,0.02379492461143,              3261P   3468
0.36225991023523,0.,0.,0.00142214626533,0.,0.,1.;                   3261P   3469
126,8,2,1,0,1,0,2.26320202788419,2.26320202788419,                  3263P   3470
2.26320202788419,2.78784569605339,2.78784569605339,                 3263P   3471
3.3124893642226,3.3124893642226,3.8371330323918,3.8371330323918,    3263P   3472
4.361776700561,4.361776700561,4.361776700561,1.,1.,1.,1.,1.,1.,     3263P   3473
1.,1.,1.,0.02379492461143,0.36225991023523,0.,0.01358371416213,     3263P   3474
0.35167358362927,0.,0.00898807815778,0.33611753840158,0.,           3263P   3475
0.00439244215344,0.3205614931739,0.,0.00664858384045,               3263P   3476
0.30422022818246,0.,0.00890472552747,0.28787896319102,0.,           3263P   3477
0.0174057540043,0.27514819750797,0.,0.02590678248114,               3263P   3478
0.26241743182492,0.,0.03836596333475,0.25672167815141,0.,           3263P   3479
2.26320202788419,4.361776700561,0.,0.,1.;                           3263P   3480
126,1,1,1,0,1,0,-0.,-0.,0.00105830052443,0.00105830052443,1.,1.,    3265P   3481
0.03836596333475,0.25672167815141,0.,0.52943130856066,              3265P   3482
0.03222961267255,0.,-0.,0.00105830052443,0.,0.,1.;                  3265P   3483
126,8,2,1,0,1,0,4.36177670056101,4.36177670056101,                  3267P   3484
4.36177670056101,4.84212885221565,4.84212885221565,                 3267P   3485
5.3224810038703,5.3224810038703,5.80283315552494,                   3267P   3486
5.80283315552494,6.28318530717959,6.28318530717959,                 3267P   3487
6.28318530717959,1.,1.,1.,1.,1.,1.,1.,1.,1.,0.52943130856066,       3267P   3488
0.03222961267255,0.,0.6089781624491,-0.00413548151578,0.,           3267P   3489
0.69296607882397,0.00956218678291,0.,0.77695399519885,              3267P   3490
0.0232598550816,0.,0.84637352726267,0.08392001730472,0.,            3267P   3491
0.91579305932648,0.14458017952784,0.,0.95493210278577,              3267P   3492
0.23847328770852,0.,0.99407114624506,0.3323663958892,0.,            3267P   3493
0.99407114624506,0.43824110671937,0.,4.36177670056101,              3267P   3494
6.28318530717959,0.,0.,1.;                                          3267P   3495
126,2,2,1,0,1,0,0.,0.,0.,0.12844186219597,0.12844186219597,         3269P   3496
0.12844186219597,1.,1.,1.,0.99407114624506,0.43824110671937,0.,     3269P   3497
0.99407114624506,0.4660428337901,0.,0.99122227000322,               3269P   3498
0.49361554907828,0.,0.,0.12844186219597,0.,0.,1.;                   3269P   3499
126,1,1,1,0,1,0,-0.,-0.,0.00037749172176,0.00037749172176,1.,1.,    3271P   3500
0.99122227000322,0.49361554907828,0.,0.96733267733149,              3271P   3501
0.72482985295541,0.,-0.,0.00037749172176,0.,0.,1.;                  3271P   3502
126,8,2,1,0,1,0,0.12844186219597,0.12844186219597,                  3273P   3503
0.12844186219597,0.66213190361803,0.66213190361803,                 3273P   3504
1.19582194504008,1.19582194504008,1.72951198646214,                 3273P   3505
1.72951198646214,2.26320202788419,2.26320202788419,                 3273P   3506
2.26320202788419,1.,1.,1.,1.,1.,1.,1.,1.,1.,0.96733267733149,       3273P   3507
0.72482985295541,0.,0.95868273211399,0.80854794264919,0.,           3273P   3508
0.91716485454315,0.87512340806654,0.,0.87564697697232,              3273P   3509
0.94169887348389,0.,0.81280847109522,0.97261518183869,0.,           3273P   3510
0.74996996521813,1.0035314901935,0.,0.68328800895624,               3273P   3511
0.99018993573599,0.,0.61660605269436,0.97684838127848,0.,           3273P   3512
0.56462679697019,0.92295963022754,0.,0.12844186219597,              3273P   3513
2.26320202788419,0.,0.,1.;                                          3273P   3514
102,7,3261,3263,3265,3267,3269,3271,3273;                           3275P   3515
110,-0.36919536293234,10.48485623326444,5.8,-1.46383907258647,      3277P   3516
9.57697124665289,5.8;                                               3277P   3517
124,1.,0.,0.,-1.4,0.,1.,0.,9.5,0.,0.,1.,5.8;                        3279P   3518
100,0.,0.,0.,-0.06383907258647,0.07697124665289,                    3281P   3519
-0.03434729021046,-0.09391625873723;                                3281P   3520
110,-1.43434729021046,9.40608374126277,5.8,-0.44043103147323,       3283P   3521
9.04258618883939,5.8;                                               3283P   3522
124,1.,0.,0.,-0.2,0.,1.,0.,9.7,0.,0.,1.,5.8;                        3285P   3523
100,0.,0.,0.,-0.24043103147323,-0.65741381116061,0.7,-0.;           3287P   3524
124,1.,0.,0.,-0.2,0.,1.,0.,9.7,0.,0.,1.,5.8;                        3289P   3525
100,0.,0.,0.,0.7,0.,0.69423387448652,0.08966229706755;              3291P   3526
110,0.49423387448652,9.78966229706755,5.8,0.44588133891895,         3293P   3527
10.16404449790539,5.8;                                              3293P   3528
124,1.,0.,0.,-0.05,0.,1.,0.,10.1,0.,0.,1.,5.8;                      3295P   3529
100,0.,0.,0.,0.49588133891895,0.06404449790539,                     3297P   3530
-0.31919536293234,0.38485623326444;                                 3297P   3531
102,7,3277,3281,3283,3287,3291,3293,3297;                           3299P   3532
142,1,3259,3275,3299,2;                                             3301P   3533
144,3259,1,0,3301;                                                  3303P   3534
110,-4.6,4.55183008716524,5.,-4.53723290764153,4.55183008716524,    3305P   3535
5.71743114854953;                                                   3305P   3536
122,3305,-4.6,6.35618704324012,5.;                                  3307P   3537
126,4,2,1,0,1,0,5.46859233088879,5.46859233088879,                  3309P   3538
5.46859233088879,5.87588881903419,5.87588881903419,                 3309P   3539
6.28318530717959,6.28318530717959,6.28318530717959,1.,1.,1.,1.,     3309P   3540
1.,1.,0.99407114624506,0.,0.52132340042483,0.97836466008526,0.,     3309P   3541
0.26066170021242,0.95734693319645,0.,0.,0.93632920630764,0.,0.,     3309P   3542
0.91343894415444,0.,5.46859233088879,6.28318530717959,0.,0.,1.;     3309P   3543
126,1,1,1,0,1,0,0.,0.,0.00149198286959,0.00149198286959,1.,1.,      3311P   3544
0.,0.91343894415444,0.,0.,0.08656105584556,0.,0.,                   3311P   3545
0.00149198286959,0.,0.,1.;                                          3311P   3546
126,4,2,1,0,1,0,0.,0.,0.,0.40729648814539,0.40729648814539,         3313P   3547
0.81459297629078,0.81459297629078,0.81459297629078,1.,1.,1.,1.,     3313P   3548
1.,0.,0.08656105584556,0.,0.,0.06367079369236,0.,                   3313P   3549
0.26066170021242,0.04265306680355,0.,0.52132340042483,              3313P   3550
0.02163533991474,0.,1.,0.00592885375494,0.,0.,0.81459297629078,     3313P   3551
0.,0.,1.;                                                           3313P   3552
126,1,1,1,0,1,0,-0.00243747214432,-0.00243747214432,                3315P   3553
-0.00065451072527,-0.00065451072527,1.,1.,1.,0.00592885375494,      3315P   3554
0.,1.,0.99407114624506,0.,-0.00243747214432,-0.00065451072527,      3315P   3555
0.,0.,1.;                                                           3315P   3556
102,4,3309,3311,3313,3315;                                          3317P   3557
124,-0.08715574274766,0.,-0.99619469809175,-4.4,0.,-1.,0.,6.2,      3319P   3558
-0.99619469809175,0.,0.08715574274766,7.28601046055225;             3319P   3559
104,0.00000000000004,0.,0.00000000000527,0.,0.,                     3321P   3560
-0.00000000000021,0.,1.57457103014843,-0.14548927472584,            3321P   3561
2.29474264913395,0.;                                                3321P   3562
110,-4.6,6.2,5.,-4.6,4.70801713040536,5.;                           3323P   3563
124,-0.08715574274766,0.,-0.99619469809175,-4.4,0.,-1.,0.,          3325P   3564
4.70801713040536,-0.99619469809175,0.,0.08715574274766,             3325P   3565
7.28601046055232;                                                   3325P   3566
104,0.00000000000004,0.,0.00000000000527,0.,0.,                     3327P   3567
-0.00000000000021,0.,2.29474264913402,0.,1.5745710301485,           3327P   3568
0.14548927472584;                                                   3327P   3569
110,-4.53723290764153,4.56252785567952,5.71743114854953,            3329P   3570
-4.53723290764153,6.34548927472584,5.71743114854953;                3329P   3571
102,4,3321,3323,3327,3329;                                          3331P   3572
142,1,3307,3317,3331,2;                                             3333P   3573
144,3307,1,0,3333;                                                  3335P   3574
110,-4.28623015900268,4.31700715798766,5.89318516525781,            3337P   3575
-2.35222577777075,4.31700715798766,5.37497025314847;                3337P   3576
122,3337,-4.28623015900268,6.4,5.89318516525781;                    3339P   3577
126,1,1,1,0,1,0,0.00016761384819,0.00016761384819,                  3341P   3578
0.00070333560827,0.00070333560827,1.,1.,0.,0.07367773725481,0.,     3341P   3579
0.25902756730043,0.00923587009371,0.,0.00016761384819,              3341P   3580
0.00070333560827,0.,0.,1.;                                          3341P   3581
126,4,2,1,0,1,0,4.45058959258555,4.45058959258555,                  3343P   3582
4.45058959258555,5.06145483078356,5.06145483078356,                 3343P   3583
5.67232006898157,5.67232006898157,5.67232006898157,1.,1.,1.,1.,     3343P   3584
1.,0.25902756730043,0.00923587009371,0.,0.29052235046962,           3343P   3585
0.00140047768969,0.,0.32116177901772,0.01175466948409,0.,           3343P   3586
0.35180120756582,0.02210886127849,0.,0.37050312545866,              3343P   3587
0.04690756843319,0.,4.45058959258555,5.67232006898157,0.,0.,1.;     3343P   3588
126,1,1,1,0,1,0,0.0000302011587,0.0000302011587,0.0020935348923,    3345P   3589
0.0020935348923,1.,1.,0.37050312545866,0.04690756843319,0.,         3345P   3590
0.97533386739543,0.84891196891192,0.,0.0000302011587,               3345P   3591
0.0020935348923,0.,0.,1.;                                           3345P   3592
126,8,2,1,0,1,0,5.67232006898157,5.67232006898157,                  3347P   3593
5.67232006898157,6.2177354602298,6.2177354602298,                   3347P   3594
6.76315085147803,6.76315085147803,7.30856624272626,                 3347P   3595
7.30856624272626,7.85398163397449,7.85398163397449,                 3347P   3596
7.85398163397449,1.,1.,1.,1.,1.,1.,1.,1.,1.,0.97533386739543,       3347P   3597
0.84891196891192,0.,0.99192278857997,0.87090884649555,0.,           3347P   3598
0.99381437144018,0.89770458085676,0.,0.99570595430039,              3347P   3599
0.92450031521797,0.,0.98235130639895,0.94831942041193,0.,           3347P   3600
0.96899665849752,0.9721385256059,0.,0.94427098159812,               3347P   3601
0.98606926280295,0.,0.91954530469872,1.,0.,0.89062340321672,1.,     3347P   3602
0.,5.67232006898157,7.85398163397449,0.,0.,1.;                      3347P   3603
126,1,1,1,0,1,0,-0.00012121768324,-0.00012121768324,                3349P   3604
0.0016620140277,0.0016620140277,1.,1.,0.89062340321672,1.,0.,0.,    3349P   3605
1.,0.,-0.00012121768324,0.0016620140277,0.,0.,1.;                   3349P   3606
126,1,1,1,0,1,0,0.0006,0.0006,0.00252952264269,0.00252952264269,    3351P   3607
1.,1.,0.,1.,0.,0.,0.07367773725481,0.,0.0006,0.00252952264269,      3351P   3608
0.,0.,1.;                                                           3351P   3609
102,6,3341,3343,3345,3347,3349,3351;                                3353P   3610
110,-4.28623015900268,4.47047735730509,5.89318516525781,            3355P   3611
-3.78526970898381,4.33624540928261,5.75895321723533;                3355P   3612
124,0.96592582628907,0.,0.25881904510252,-3.73350589996331,0.,      3357P   3613
1.,0.,4.52943057454042,-0.25881904510252,0.,0.96592582628907,       3357P   3614
5.74508314641112;                                                   3357P   3615
104,0.00000000000004,0.,0.00000000000004,0.,0.,-0.,0.,              3359P   3616
-0.05358983848622,-0.19318516525781,0.16960971991732,               3359P   3617
-0.11471528727021;                                                  3359P   3618
110,-3.56967549110551,4.41471528727021,5.70118492066202,            3361P   3619
-2.39993018629604,6.08528471272979,5.38775261088822;                3361P   3620
124,0.96592582628907,0.,0.25881904510252,-2.56376059515384,0.,      3363P   3621
1.,0.,6.2,-0.25881904510252,0.,0.96592582628907,                    3363P   3622
5.43165083663733;                                                   3363P   3623
104,0.00000000000004,0.,0.00000000000004,0.,0.,-0.,0.,              3365P   3624
0.16960971991732,-0.11471528727021,-0.,0.2;                         3365P   3625
110,-2.56376059515384,6.4,5.43165083663733,-4.28623015900268,       3367P   3626
6.4,5.89318516525781;                                               3367P   3627
110,-4.28623015900268,6.4,5.89318516525781,-4.28623015900268,       3369P   3628
4.47047735730509,5.89318516525781;                                  3369P   3629
102,6,3355,3359,3361,3365,3367,3369;                                3371P   3630
142,1,3339,3353,3371,2;                                             3373P   3631
144,3339,1,0,3373;                                                  3375P   3632
110,-4.33799396802318,7.,5.7,-4.33799396802318,-993.,5.7;           3377P   3633
110,-4.33799396802318,4.45890022144892,5.5,-4.33799396802318,       3379P   3634
6.4,5.5;                                                            3379P   3635
120,3377,3379,0.,6.28318530717959;                                  3381P   3636
126,2,2,1,0,1,0,4.10728304519071,4.10728304519071,                  3383P   3637
4.10728304519071,4.97418836818384,4.97418836818384,                 3383P   3638
4.97418836818384,1.,1.,1.,0.02881446091368,3.74669858878377,0.,     3383P   3639
0.02727977996707,3.67910923151583,0.,0.00596421471173,              3383P   3640
2.87979326579065,0.,4.10728304519071,4.97418836818384,0.,0.,1.;     3383P   3641
126,1,1,1,0,1,0,-0.00252952264269,-0.00252952264269,-0.0006,        3385P   3642
-0.0006,1.,1.,0.00596421471173,2.87979326579065,0.,1.,              3385P   3643
2.87979326579065,0.,-0.00252952264269,-0.0006,0.,0.,1.;             3385P   3644
126,1,1,1,0,1,0,2.87979326579065,2.87979326579065,                  3387P   3645
3.45681740884569,3.45681740884569,1.,1.,1.,2.87979326579065,0.,     3387P   3646
1.,3.45681740884569,0.,2.87979326579065,3.45681740884569,0.,0.,     3387P   3647
1.;                                                                 3387P   3648
126,6,2,1,0,1,0,-0.00023917943931,-0.00023917943931,                3389P   3649
-0.00023917943931,-0.00011958971965,-0.00011958971965,              3389P   3650
-0.00005979485983,-0.00005979485983,0.,0.,0.,1.,1.,1.,1.,1.,1.,     3389P   3651
1.,1.,3.45681740884569,0.,1.,3.6854356701214,0.,                    3389P   3652
0.98762916840662,4.04448965081497,0.,0.97937619782429,              3389P   3653
4.28402584672599,0.,0.97796284557294,4.33088590835428,0.,           3389P   3654
0.97302246536541,4.49468549955356,0.,0.97191760780332,              3389P   3655
4.62512251778498,0.,-0.00023917943931,0.,0.,0.,1.;                  3389P   3656
126,1,1,1,0,1,0,0.00065451072527,0.00065451072527,                  3391P   3657
0.00243747214432,0.00243747214432,1.,1.,0.97191760780332,           3391P   3658
4.62512251778498,0.,0.05338604196223,4.62512251778498,0.,           3391P   3659
0.00065451072527,0.00243747214432,0.,0.,1.;                         3391P   3660
126,4,2,1,0,1,0,-0.00018120146248,-0.00018120146248,                3393P   3661
-0.00018120146248,-0.00009060073124,-0.00009060073124,0.,0.,0.,     3393P   3662
1.,1.,1.,1.,1.,0.05338604196223,4.62512251778498,0.,                3393P   3663
0.05196102224666,4.45688787017353,0.,0.04247414290569,              3393P   3664
4.18232182834759,0.,0.03148269261872,3.86421100488809,0.,           3393P   3665
0.02881446091368,3.74669858878377,0.,-0.00018120146248,0.,0.,0.,    3393P   3666
1.;                                                                 3393P   3667
102,6,3383,3385,3387,3389,3391,3393;                                3395P   3668
124,0.96592582628907,0.,0.25881904510252,-4.33799396802318,         3397P   3669
-0.25881904510252,0.,0.96592582628907,4.4843474281293,0.,-1.,0.,    3397P   3670
5.7;                                                                3397P   3671
104,0.00000000000004,0.,0.00000000000004,0.,0.,-0.,0.,              3399P   3672
-0.11778320643357,-0.16448836821929,0.05358983848622,               3399P   3673
-0.19318516525781;                                                  3399P   3674
110,-4.28623015900268,4.47047735730509,5.89318516525781,            3401P   3675
-4.28623015900268,6.4,5.89318516525781;                             3401P   3676
124,0.,1.,0.,-4.33799396802318,0.,0.,-1.,6.4,-1.,0.,0.,5.7;         3403P   3677
100,0.,0.,0.,-0.19318516525781,0.0517638090205,                     3405P   3678
-0.19014534440393,-0.06200603197682;                                3405P   3679
126,5,3,0,0,1,0,-0.00023917943931,-0.00023917943931,                3407P   3680
-0.00023917943931,-0.00023917943931,-0.00011958971965,              3407P   3681
-0.00011958971965,0.,0.,0.,0.,1.,1.,1.,1.,1.,1.,-4.4,6.4,           3407P   3682
5.89014534440393,-4.43862648832739,6.4,5.8775493206733,             3407P   3683
-4.47134037409342,6.3887714604067,5.85388442115636,                 3407P   3684
-4.51869733091024,6.36320250266051,5.79385080568534,                3407P   3685
-4.53370275013361,6.34881909941675,5.75778103350205,                3407P   3686
-4.53723290764153,6.34548927472584,5.71743114854953,                3407P   3687
-0.00023917943931,0.;                                               3407P   3688
110,-4.53723290764153,6.34548927472584,5.71743114854953,            3409P   3689
-4.53723290764153,4.56252785567952,5.71743114854953;                3409P   3690
126,3,3,0,0,1,0,-0.00018120146248,-0.00018120146248,                3411P   3691
-0.00018120146248,-0.00018120146248,0.,0.,0.,0.,1.,1.,1.,1.,        3411P   3692
-4.53723290764153,4.56252785567952,5.71743114854953,                3411P   3693
-4.53189451882088,4.55749241494783,5.77844921198204,                3411P   3694
-4.50107614307571,4.52804516523453,5.83038105433806,                3411P   3695
-4.4517638090205,4.51483196514755,5.86448836821929,                 3411P   3696
-0.00018120146248,0.;                                               3411P   3697
102,6,3399,3401,3405,3407,3409,3411;                                3413P   3698
142,1,3381,3395,3413,2;                                             3415P   3699
144,3381,1,0,3415;                                                  3417P   3700
110,-0.4,-4.,1.8,-0.4,-4.,2.8;                                      3419P   3701
122,3419,-0.4,1.927,1.8;                                            3421P   3702
126,1,1,1,0,1,0,0.00162,0.00162,0.00262,0.00262,1.,1.,1.,1.,0.,     3423P   3703
0.,1.,0.,0.00162,0.00262,0.,0.,1.;                                  3423P   3704
126,1,1,1,0,1,0,0.002073,0.002073,0.008,0.008,1.,1.,0.,1.,0.,0.,    3425P   3705
0.,0.,0.002073,0.008,0.,0.,1.;                                      3425P   3706
126,1,1,1,0,1,0,0.,0.,0.001,0.001,1.,1.,0.,0.,0.,1.,0.,0.,0.,       3427P   3707
0.001,0.,0.,1.;                                                     3427P   3708
126,1,1,1,0,1,0,-0.008,-0.008,-0.002073,-0.002073,1.,1.,1.,0.,      3429P   3709
0.,1.,1.,0.,-0.008,-0.002073,0.,0.,1.;                              3429P   3710
102,4,3423,3425,3427,3429;                                          3431P   3711
110,-0.4,1.927,2.8,-0.4,1.927,1.8;                                  3433P   3712
110,-0.4,1.927,1.8,-0.4,-4.,1.8;                                    3435P   3713
110,-0.4,-4.,1.8,-0.4,-4.,2.8;                                      3437P   3714
110,-0.4,-4.,2.8,-0.4,1.927,2.8;                                    3439P   3715
102,4,3433,3435,3437,3439;                                          3441P   3716
142,1,3421,3431,3441,2;                                             3443P   3717
144,3421,1,0,3443;                                                  3445P   3718
110,-0.4,-4.,2.8,0.4,-4.,2.8;                                       3447P   3719
122,3447,-0.4,1.927,2.8;                                            3449P   3720
126,1,1,1,0,1,0,0.00059845203503,0.00059845203503,                  3451P   3721
0.00139845203503,0.00139845203503,1.,1.,1.,1.,0.,0.,1.,0.,          3451P   3722
0.00059845203503,0.00139845203503,0.,0.,1.;                         3451P   3723
126,1,1,1,0,1,0,0.002073,0.002073,0.008,0.008,1.,1.,0.,1.,0.,0.,    3453P   3724
0.,0.,0.002073,0.008,0.,0.,1.;                                      3453P   3725
126,1,1,1,0,1,0,0.,0.,0.0008,0.0008,1.,1.,0.,0.,0.,1.,0.,0.,0.,     3455P   3726
0.0008,0.,0.,1.;                                                    3455P   3727
126,1,1,1,0,1,0,-0.008,-0.008,-0.002073,-0.002073,1.,1.,1.,0.,      3457P   3728
0.,1.,1.,0.,-0.008,-0.002073,0.,0.,1.;                              3457P   3729
102,4,3451,3453,3455,3457;                                          3459P   3730
110,0.4,1.927,2.8,-0.4,1.927,2.8;                                   3461P   3731
110,-0.4,1.927,2.8,-0.4,-4.,2.8;                                    3463P   3732
110,-0.4,-4.,2.8,0.4,-4.,2.8;                                       3465P   3733
110,0.4,-4.,2.8,0.4,1.927,2.8;                                      3467P   3734
102,4,3461,3463,3465,3467;                                          3469P   3735
142,1,3449,3459,3469,2;                                             3471P   3736
144,3449,1,0,3471;                                                  3473P   3737
110,0.4,-4.,2.8,0.4,-4.,1.8;                                        3475P   3738
122,3475,0.4,1.927,2.8;                                             3477P   3739
126,1,1,1,0,1,0,-0.00262,-0.00262,-0.00162,-0.00162,1.,1.,1.,1.,    3479P   3740
0.,0.,1.,0.,-0.00262,-0.00162,0.,0.,1.;                             3479P   3741
126,1,1,1,0,1,0,0.002073,0.002073,0.008,0.008,1.,1.,0.,1.,0.,0.,    3481P   3742
0.,0.,0.002073,0.008,0.,0.,1.;                                      3481P   3743
126,1,1,1,0,1,0,0.,0.,0.001,0.001,1.,1.,0.,0.,0.,1.,0.,0.,0.,       3483P   3744
0.001,0.,0.,1.;                                                     3483P   3745
126,1,1,1,0,1,0,-0.008,-0.008,-0.002073,-0.002073,1.,1.,1.,0.,      3485P   3746
0.,1.,1.,0.,-0.008,-0.002073,0.,0.,1.;                              3485P   3747
102,4,3479,3481,3483,3485;                                          3487P   3748
110,0.4,1.927,1.8,0.4,1.927,2.8;                                    3489P   3749
110,0.4,1.927,2.8,0.4,-4.,2.8;                                      3491P   3750
110,0.4,-4.,2.8,0.4,-4.,1.8;                                        3493P   3751
110,0.4,-4.,1.8,0.4,1.927,1.8;                                      3495P   3752
102,4,3489,3491,3493,3495;                                          3497P   3753
142,1,3477,3487,3497,2;                                             3499P   3754
144,3477,1,0,3499;                                                  3501P   3755
110,0.4,-4.,1.8,-0.4,-4.,1.8;                                       3503P   3756
122,3503,0.4,1.927,1.8;                                             3505P   3757
126,1,1,1,0,1,0,-0.00139845203503,-0.00139845203503,                3507P   3758
-0.00059845203503,-0.00059845203503,1.,1.,1.,1.,0.,0.,1.,0.,        3507P   3759
-0.00139845203503,-0.00059845203503,0.,0.,1.;                       3507P   3760
126,1,1,1,0,1,0,0.002073,0.002073,0.008,0.008,1.,1.,0.,1.,0.,0.,    3509P   3761
0.,0.,0.002073,0.008,0.,0.,1.;                                      3509P   3762
126,1,1,1,0,1,0,0.,0.,0.0008,0.0008,1.,1.,0.,0.,0.,1.,0.,0.,0.,     3511P   3763
0.0008,0.,0.,1.;                                                    3511P   3764
126,1,1,1,0,1,0,-0.008,-0.008,-0.002073,-0.002073,1.,1.,1.,0.,      3513P   3765
0.,1.,1.,0.,-0.008,-0.002073,0.,0.,1.;                              3513P   3766
102,4,3507,3509,3511,3513;                                          3515P   3767
110,-0.4,1.927,1.8,0.4,1.927,1.8;                                   3517P   3768
110,0.4,1.927,1.8,0.4,-4.,1.8;                                      3519P   3769
110,0.4,-4.,1.8,-0.4,-4.,1.8;                                       3521P   3770
110,-0.4,-4.,1.8,-0.4,1.927,1.8;                                    3523P   3771
102,4,3517,3519,3521,3523;                                          3525P   3772
142,1,3505,3515,3525,2;                                             3527P   3773
144,3505,1,0,3527;                                                  3529P   3774
110,-0.4,-4.,2.8,-0.4,-4.,1.8;                                      3531P   3775
122,3531,0.4,-4.,2.8;                                               3533P   3776
126,1,1,1,0,1,0,-0.001,-0.001,0.,0.,1.,1.,0.,0.,0.,1.,0.,0.,        3535P   3777
-0.001,0.,0.,0.,1.;                                                 3535P   3778
126,1,1,1,0,1,0,-0.0008,-0.0008,0.,0.,1.,1.,1.,0.,0.,1.,1.,0.,      3537P   3779
-0.0008,0.,0.,0.,1.;                                                3537P   3780
126,1,1,1,0,1,0,-0.001,-0.001,0.,0.,1.,1.,1.,1.,0.,0.,1.,0.,        3539P   3781
-0.001,0.,0.,0.,1.;                                                 3539P   3782
126,1,1,1,0,1,0,-0.0008,-0.0008,0.,0.,1.,1.,0.,1.,0.,0.,0.,0.,      3541P   3783
-0.0008,0.,0.,0.,1.;                                                3541P   3784
102,4,3535,3537,3539,3541;                                          3543P   3785
110,-0.4,-4.,2.8,-0.4,-4.,1.8;                                      3545P   3786
110,-0.4,-4.,1.8,0.4,-4.,1.8;                                       3547P   3787
110,0.4,-4.,1.8,0.4,-4.,2.8;                                        3549P   3788
110,0.4,-4.,2.8,-0.4,-4.,2.8;                                       3551P   3789
102,4,3545,3547,3549,3551;                                          3553P   3790
142,1,3533,3543,3553,2;                                             3555P   3791
144,3533,1,0,3555;                                                  3557P   3792
110,-8.6,-4.,1.8,-8.6,-4.,2.8;                                      3559P   3793
122,3559,-8.6,1.63844505578597,1.8;                                 3561P   3794
126,1,1,1,0,1,0,-0.008,-0.008,-0.00236155494421,                    3563P   3795
-0.00236155494421,1.,1.,1.,0.,0.,1.,1.,0.,-0.008,                   3563P   3796
-0.00236155494421,0.,0.,1.;                                         3563P   3797
126,1,1,1,0,1,0,0.0016,0.0016,0.0026,0.0026,1.,1.,1.,1.,0.,0.,      3565P   3798
1.,0.,0.0016,0.0026,0.,0.,1.;                                       3565P   3799
126,1,1,1,0,1,0,0.00236155494421,0.00236155494421,0.008,0.008,      3567P   3800
1.,1.,0.,1.,0.,0.,0.,0.,0.00236155494421,0.008,0.,0.,1.;            3567P   3801
126,1,1,1,0,1,0,0.,0.,0.001,0.001,1.,1.,0.,0.,0.,1.,0.,0.,0.,       3569P   3802
0.001,0.,0.,1.;                                                     3569P   3803
102,4,3563,3565,3567,3569;                                          3571P   3804
110,-8.6,-4.,2.8,-8.6,1.63844505578597,2.8;                         3573P   3805
110,-8.6,1.63844505578597,2.8,-8.6,1.63844505578597,1.8;            3575P   3806
110,-8.6,1.63844505578597,1.8,-8.6,-4.,1.8;                         3577P   3807
110,-8.6,-4.,1.8,-8.6,-4.,2.8;                                      3579P   3808
102,4,3573,3575,3577,3579;                                          3581P   3809
142,1,3561,3571,3581,2;                                             3583P   3810
144,3561,1,0,3583;                                                  3585P   3811
110,-8.6,-4.,2.8,-7.8,-4.,2.8;                                      3587P   3812
122,3587,-8.6,1.927,2.8;                                            3589P   3813
126,1,1,1,0,1,0,0.00879845203503,0.00879845203503,                  3591P   3814
0.00959462267503,0.00959462267503,1.,1.,1.,1.,0.,                   3591P   3815
0.00478670000095,1.,0.,0.00879845203503,0.00959462267503,0.,0.,     3591P   3816
1.;                                                                 3591P   3817
126,2,2,1,0,1,0,3.04449358188984,3.04449358188984,                  3593P   3818
3.04449358188984,3.14159265358979,3.14159265358979,                 3593P   3819
3.14159265358979,1.,1.,1.,0.00478670000095,1.,0.,0.0125,            3593P   3820
0.98931160935609,0.,0.0125,0.97857263371014,0.,3.04449358188984,    3593P   3821
3.14159265358979,0.,0.,1.;                                          3593P   3822
126,2,2,1,0,1,0,3.14159265358979,3.14159265358979,                  3595P   3823
3.14159265358979,3.26523180231307,3.26523180231307,                 3595P   3824
3.26523180231307,1.,1.,1.,0.0125,0.97857263371014,0.,0.0125,        3595P   3825
0.9648916881496,0.,0.,0.951315177288,0.,3.14159265358979,           3595P   3826
3.26523180231307,0.,0.,1.;                                          3595P   3827
126,1,1,1,0,1,0,0.00236155494421,0.00236155494421,0.008,0.008,      3597P   3828
1.,1.,0.,0.951315177288,0.,0.,0.,0.,0.00236155494421,0.008,0.,      3597P   3829
0.,1.;                                                              3597P   3830
126,1,1,1,0,1,0,0.,0.,0.0008,0.0008,1.,1.,0.,0.,0.,1.,0.,0.,0.,     3599P   3831
0.0008,0.,0.,1.;                                                    3599P   3832
126,1,1,1,0,1,0,-0.008,-0.008,-0.002073,-0.002073,1.,1.,1.,0.,      3601P   3833
0.,1.,1.,0.,-0.008,-0.002073,0.,0.,1.;                              3601P   3834
102,6,3591,3593,3595,3597,3599,3601;                                3603P   3835
110,-7.8,1.927,2.8,-8.59617063999923,1.927,2.8;                     3605P   3836
124,-1.,0.,0.,-9.9,0.,1.,0.,1.8,0.,0.,-1.,2.8;                      3607P   3837
100,0.,0.,0.,-1.30382936000076,0.127,-1.31,0.;                      3609P   3838
124,-1.,0.,0.,-9.9,0.,1.,0.,1.8,0.,0.,-1.,2.8;                      3611P   3839
100,0.,0.,0.,-1.31,0.,-1.3,-0.16155494421403;                       3613P   3840
110,-8.6,1.63844505578597,2.8,-8.6,-4.,2.8;                         3615P   3841
110,-8.6,-4.,2.8,-7.8,-4.,2.8;                                      3617P   3842
110,-7.8,-4.,2.8,-7.8,1.927,2.8;                                    3619P   3843
102,6,3605,3609,3613,3615,3617,3619;                                3621P   3844
142,1,3589,3603,3621,2;                                             3623P   3845
144,3589,1,0,3623;                                                  3625P   3846
110,-7.8,-4.,1.8,-8.6,-4.,1.8;                                      3627P   3847
122,3627,-7.8,1.927,1.8;                                            3629P   3848
126,1,1,1,0,1,0,-0.00959462267503,-0.00959462267503,                3631P   3849
-0.00879845203503,-0.00879845203503,1.,1.,0.99521329999905,1.,      3631P   3850
0.,0.,1.,0.,-0.00959462267503,-0.00879845203503,0.,0.,1.;           3631P   3851
126,1,1,1,0,1,0,0.002073,0.002073,0.008,0.008,1.,1.,0.,1.,0.,0.,    3633P   3852
0.,0.,0.002073,0.008,0.,0.,1.;                                      3633P   3853
126,1,1,1,0,1,0,0.,0.,0.0008,0.0008,1.,1.,0.,0.,0.,1.,0.,0.,0.,     3635P   3854
0.0008,0.,0.,1.;                                                    3635P   3855
126,1,1,1,0,1,0,-0.008,-0.008,-0.00236155494421,                    3637P   3856
-0.00236155494421,1.,1.,1.,0.,0.,1.,0.951315177288,0.,-0.008,       3637P   3857
-0.00236155494421,0.,0.,1.;                                         3637P   3858
126,2,2,1,0,1,0,6.15954615845631,6.15954615845631,                  3639P   3859
6.15954615845631,6.28318530717959,6.28318530717959,                 3639P   3860
6.28318530717959,1.,1.,1.,1.,0.951315177288,0.,0.9875,              3639P   3861
0.9648916881496,0.,0.9875,0.97857263371014,0.,6.15954615845631,     3639P   3862
6.28318530717959,0.,0.,1.;                                          3639P   3863
126,2,2,1,0,1,0,0.,0.,0.,0.09709907169996,0.09709907169996,         3641P   3864
0.09709907169996,1.,1.,1.,0.9875,0.97857263371014,0.,0.9875,        3641P   3865
0.98931160935609,0.,0.99521329999905,1.,0.,0.,0.09709907169996,     3641P   3866
0.,0.,1.;                                                           3641P   3867
102,6,3631,3633,3635,3637,3639,3641;                                3643P   3868
110,-8.59617063999923,1.927,1.8,-7.8,1.927,1.8;                     3645P   3869
110,-7.8,1.927,1.8,-7.8,-4.,1.8;                                    3647P   3870
110,-7.8,-4.,1.8,-8.6,-4.,1.8;                                      3649P   3871
110,-8.6,-4.,1.8,-8.6,1.63844505578597,1.8;                         3651P   3872
124,1.,0.,0.,-9.9,0.,1.,0.,1.8,0.,0.,1.,1.8;                        3653P   3873
100,0.,0.,0.,1.3,-0.16155494421403,1.31,-0.;                        3655P   3874
124,1.,0.,0.,-9.9,0.,1.,0.,1.8,0.,0.,1.,1.8;                        3657P   3875
100,0.,0.,0.,1.31,0.,1.30382936000076,0.127;                        3659P   3876
102,6,3645,3647,3649,3651,3655,3659;                                3661P   3877
142,1,3629,3643,3661,2;                                             3663P   3878
144,3629,1,0,3663;                                                  3665P   3879
110,-7.8,-4.,2.8,-7.8,-4.,1.8;                                      3667P   3880
122,3667,-7.8,1.927,2.8;                                            3669P   3881
126,1,1,1,0,1,0,-0.00262,-0.00262,-0.00162,-0.00162,1.,1.,1.,1.,    3671P   3882
0.,0.,1.,0.,-0.00262,-0.00162,0.,0.,1.;                             3671P   3883
126,1,1,1,0,1,0,0.002073,0.002073,0.008,0.008,1.,1.,0.,1.,0.,0.,    3673P   3884
0.,0.,0.002073,0.008,0.,0.,1.;                                      3673P   3885
126,1,1,1,0,1,0,0.,0.,0.001,0.001,1.,1.,0.,0.,0.,1.,0.,0.,0.,       3675P   3886
0.001,0.,0.,1.;                                                     3675P   3887
126,1,1,1,0,1,0,-0.008,-0.008,-0.002073,-0.002073,1.,1.,1.,0.,      3677P   3888
0.,1.,1.,0.,-0.008,-0.002073,0.,0.,1.;                              3677P   3889
102,4,3671,3673,3675,3677;                                          3679P   3890
110,-7.8,1.927,1.8,-7.8,1.927,2.8;                                  3681P   3891
110,-7.8,1.927,2.8,-7.8,-4.,2.8;                                    3683P   3892
110,-7.8,-4.,2.8,-7.8,-4.,1.8;                                      3685P   3893
110,-7.8,-4.,1.8,-7.8,1.927,1.8;                                    3687P   3894
102,4,3681,3683,3685,3687;                                          3689P   3895
142,1,3669,3679,3689,2;                                             3691P   3896
144,3669,1,0,3691;                                                  3693P   3897
110,-8.6,-4.,2.8,-8.6,-4.,1.8;                                      3695P   3898
122,3695,-7.8,-4.,2.8;                                              3697P   3899
126,1,1,1,0,1,0,-0.001,-0.001,0.,0.,1.,1.,0.,0.,0.,1.,0.,0.,        3699P   3900
-0.001,0.,0.,0.,1.;                                                 3699P   3901
126,1,1,1,0,1,0,-0.0008,-0.0008,0.,0.,1.,1.,1.,0.,0.,1.,1.,0.,      3701P   3902
-0.0008,0.,0.,0.,1.;                                                3701P   3903
126,1,1,1,0,1,0,-0.001,-0.001,0.,0.,1.,1.,1.,1.,0.,0.,1.,0.,        3703P   3904
-0.001,0.,0.,0.,1.;                                                 3703P   3905
126,1,1,1,0,1,0,-0.0008,-0.0008,0.,0.,1.,1.,0.,1.,0.,0.,0.,0.,      3705P   3906
-0.0008,0.,0.,0.,1.;                                                3705P   3907
102,4,3699,3701,3703,3705;                                          3707P   3908
110,-8.6,-4.,2.8,-8.6,-4.,1.8;                                      3709P   3909
110,-8.6,-4.,1.8,-7.8,-4.,1.8;                                      3711P   3910
110,-7.8,-4.,1.8,-7.8,-4.,2.8;                                      3713P   3911
110,-7.8,-4.,2.8,-8.6,-4.,2.8;                                      3715P   3912
102,4,3709,3711,3713,3715;                                          3717P   3913
142,1,3697,3707,3717,2;                                             3719P   3914
144,3697,1,0,3719;                                                  3721P   3915
110,4.85,7.47253866082108,3.90000000000002,-995.14999999999998,     3723P   3916
7.47253866082108,3.90000000000002;                                  3723P   3917
110,5.2,7.47253866082108,3.20599183199157,4.85,7.47253866082108,    3725P   3918
3.40000000000003;                                                   3725P   3919
120,3723,3725,0.,6.28318530717959;                                  3727P   3920
126,1,1,1,0,1,0,-3.1415926535898,-3.1415926535898,                  3729P   3921
-2.61799387799149,-2.61799387799149,1.,1.,1.,3.14159265358978,      3729P   3922
0.,1.,3.6651914291881,0.,-3.1415926535898,-2.61799387799149,0.,     3729P   3923
0.,1.;                                                              3729P   3924
126,1,1,1,0,1,0,0.,0.,0.00040017392376,0.00040017392376,1.,1.,      3731P   3925
1.,3.6651914291881,0.,0.,3.6651914291881,0.,0.,0.00040017392376,    3731P   3926
0.,0.,1.;                                                           3731P   3927
126,1,1,1,0,1,0,2.61799387799149,2.61799387799149,                  3733P   3928
3.1415926535898,3.1415926535898,1.,1.,0.,3.6651914291881,0.,0.,     3733P   3929
3.14159265358979,0.,2.61799387799149,3.1415926535898,0.,0.,1.;      3733P   3930
126,1,1,1,0,1,0,-0.00040017392376,-0.00040017392376,0.,0.,1.,1.,    3735P   3931
0.,3.14159265358979,0.,1.,3.14159265358978,0.,-0.00040017392376,    3735P   3932
0.,0.,0.,1.;                                                        3735P   3933
102,4,3729,3731,3733,3735;                                          3737P   3934
124,0.,0.,-1.,4.85,0.,-1.,0.,7.47253866082108,-1.,0.,0.,            3739P   3935
3.90000000000002;                                                   3739P   3936
100,0.,0.,0.,-0.49999999999998,0.00000000000001,                    3741P   3937
-0.4330127018922,-0.24999999999999;                                 3741P   3938
110,4.85,7.72253866082107,4.33301270189222,5.2,7.81954274482531,    3743P   3939
4.50102870392923;                                                   3743P   3940
124,0.,0.,1.,5.2,0.,1.,0.,7.47253866082108,-1.,0.,0.,               3745P   3941
3.90000000000002;                                                   3745P   3942
100,0.,0.,0.,-0.60102870392922,0.34700408400423,                    3747P   3943
-0.69400816800845,-0.00000000000001;                                3747P   3944
110,5.2,7.47253866082107,4.59400816800847,4.85,7.47253866082107,    3749P   3945
4.4;                                                                3749P   3946
102,4,3741,3743,3747,3749;                                          3751P   3947
142,1,3727,3737,3751,2;                                             3753P   3948
144,3727,1,0,3753;                                                  3755P   3949
110,4.85,7.47253866082107,4.4,5.2,7.47253866082107,                 3757P   3950
4.59400816800847;                                                   3757P   3951
122,3757,4.85,3.,4.4;                                               3759P   3952
126,1,1,1,0,1,0,-0.00447253866082,-0.00447253866082,0.,0.,1.,1.,    3761P   3953
0.,1.,0.,0.,0.,0.,-0.00447253866082,0.,0.,0.,1.;                    3761P   3954
126,1,1,1,0,1,0,0.,0.,0.00040017392376,0.00040017392376,1.,1.,      3763P   3955
0.,0.,0.,1.,0.,0.,0.,0.00040017392376,0.,0.,1.;                     3763P   3956
126,1,1,1,0,1,0,0.,0.,0.00447253866082,0.00447253866082,1.,1.,      3765P   3957
1.,0.,0.,1.,1.,0.,0.,0.00447253866082,0.,0.,1.;                     3765P   3958
126,1,1,1,0,1,0,-0.00040017392376,-0.00040017392376,0.,0.,1.,1.,    3767P   3959
1.,1.,0.,0.,1.,0.,-0.00040017392376,0.,0.,0.,1.;                    3767P   3960
102,4,3761,3763,3765,3767;                                          3769P   3961
110,4.85,3.,4.4,4.85,7.47253866082107,4.4;                          3771P   3962
110,4.85,7.47253866082107,4.4,5.2,7.47253866082107,                 3773P   3963
4.59400816800847;                                                   3773P   3964
110,5.2,7.47253866082107,4.59400816800847,5.2,3.,                   3775P   3965
4.59400816800847;                                                   3775P   3966
110,5.2,3.,4.59400816800847,4.85,3.,4.4;                            3777P   3967
102,4,3771,3773,3775,3777;                                          3779P   3968
142,1,3759,3769,3779,2;                                             3781P   3969
144,3759,1,0,3781;                                                  3783P   3970
110,4.85,3.,3.9,-995.14999999999998,3.,3.9;                         3785P   3971
110,5.2,3.,3.20599183199153,4.85,3.,3.4;                            3787P   3972
120,3785,3787,0.,6.28318530717959;                                  3789P   3973
126,1,1,1,0,1,0,-4.71238898038469,-4.71238898038469,                3791P   3974
-3.1415926535898,-3.1415926535898,1.,1.,1.,1.5707963267949,0.,      3791P   3975
1.,3.14159265358979,0.,-4.71238898038469,-3.1415926535898,0.,0.,    3791P   3976
1.;                                                                 3791P   3977
126,1,1,1,0,1,0,0.,0.,0.00040017392376,0.00040017392376,1.,1.,      3793P   3978
1.,3.14159265358979,0.,0.,3.14159265358979,0.,0.,                   3793P   3979
0.00040017392376,0.,0.,1.;                                          3793P   3980
126,1,1,1,0,1,0,3.1415926535898,3.1415926535898,                    3795P   3981
4.71238898038469,4.71238898038469,1.,1.,0.,3.14159265358979,0.,     3795P   3982
0.,1.5707963267949,0.,3.1415926535898,4.71238898038469,0.,0.,1.;    3795P   3983
126,1,1,1,0,1,0,-0.00040017392376,-0.00040017392376,0.,0.,1.,1.,    3797P   3984
0.,1.5707963267949,0.,1.,1.5707963267949,0.,-0.00040017392376,      3797P   3985
0.,0.,0.,1.;                                                        3797P   3986
102,4,3791,3793,3795,3797;                                          3799P   3987
124,0.,0.,-1.,4.85,0.,-1.,0.,3.,-1.,0.,0.,3.9;                      3801P   3988
100,0.,0.,0.,-0.,0.5,-0.5,0.;                                       3803P   3989
110,4.85,3.,4.4,5.2,3.,4.59400816800847;                            3805P   3990
124,0.,0.,1.,5.2,0.,1.,0.,3.,-1.,0.,0.,3.9;                         3807P   3991
100,0.,0.,0.,-0.69400816800847,-0.,-0.,-0.69400816800847;           3809P   3992
110,5.2,2.30599183199153,3.9,4.85,2.5,3.9;                          3811P   3993
102,4,3803,3805,3809,3811;                                          3813P   3994
142,1,3789,3799,3813,2;                                             3815P   3995
144,3789,1,0,3815;                                                  3817P   3996
110,4.85,2.5,3.9,5.2,2.30599183199153,3.9;                          3819P   3997
122,3819,4.85,2.5,0.73055534994651;                                 3821P   3998
126,1,1,1,0,1,0,-0.00316944465005,-0.00316944465005,-0.,-0.,1.,     3823P   3999
1.,0.,1.,0.,0.,0.,0.,-0.00316944465005,-0.,0.,0.,1.;                3823P   4000
126,1,1,1,0,1,0,-0.,-0.,0.00040017392376,0.00040017392376,1.,1.,    3825P   4001
0.,0.,0.,1.,0.,0.,-0.,0.00040017392376,0.,0.,1.;                    3825P   4002
126,1,1,1,0,1,0,0.,0.,0.00316944465005,0.00316944465005,1.,1.,      3827P   4003
1.,0.,0.,1.,1.,0.,0.,0.00316944465005,0.,0.,1.;                     3827P   4004
126,1,1,1,0,1,0,-0.00040017392376,-0.00040017392376,0.,0.,1.,1.,    3829P   4005
1.,1.,0.,0.,1.,0.,-0.00040017392376,0.,0.,0.,1.;                    3829P   4006
102,4,3823,3825,3827,3829;                                          3831P   4007
110,4.85,2.5,0.73055534994651,4.85,2.5,3.9;                         3833P   4008
110,4.85,2.5,3.9,5.2,2.30599183199153,3.9;                          3835P   4009
110,5.2,2.30599183199153,3.9,5.2,2.30599183199153,                  3837P   4010
0.73055534994651;                                                   3837P   4011
110,5.2,2.30599183199153,0.73055534994651,4.85,2.5,                 3839P   4012
0.73055534994651;                                                   3839P   4013
102,4,3833,3835,3837,3839;                                          3841P   4014
142,1,3821,3831,3841,2;                                             3843P   4015
144,3821,1,0,3843;                                                  3845P   4016
110,4.85,3.,0.73055534994651,-995.14999999999998,3.,                3847P   4017
0.73055534994651;                                                   3847P   4018
110,5.2,3.,0.03654718193804,4.85,3.,0.23055534994651;               3849P   4019
120,3847,3849,0.,6.28318530717959;                                  3851P   4020
126,1,1,1,0,1,0,-5.75958653158128,-5.75958653158128,                3853P   4021
-4.71238898038469,-4.71238898038469,1.,1.,1.,0.5235987755983,0.,    3853P   4022
1.,1.5707963267949,0.,-5.75958653158128,-4.71238898038469,0.,0.,    3853P   4023
1.;                                                                 3853P   4024
126,1,1,1,0,1,0,0.,0.,0.00040017392376,0.00040017392376,1.,1.,      3855P   4025
1.,1.5707963267949,0.,0.,1.5707963267949,0.,0.,0.00040017392376,    3855P   4026
0.,0.,1.;                                                           3855P   4027
126,1,1,1,0,1,0,4.71238898038469,4.71238898038469,                  3857P   4028
5.75958653158129,5.75958653158129,1.,1.,0.,1.5707963267949,0.,      3857P   4029
0.,0.5235987755983,0.,4.71238898038469,5.75958653158129,0.,0.,      3857P   4030
1.;                                                                 3857P   4031
126,1,1,1,0,1,0,-0.00040017392376,-0.00040017392376,0.,0.,1.,1.,    3859P   4032
0.,0.5235987755983,0.,1.,0.5235987755983,0.,-0.00040017392376,      3859P   4033
0.,0.,0.,1.;                                                        3859P   4034
102,4,3853,3855,3857,3859;                                          3861P   4035
124,0.,0.,-1.,4.85,0.,-1.,0.,3.,-1.,0.,0.,0.73055534994651;         3863P   4036
100,0.,0.,0.,0.43301270189222,0.25,-0.,0.5;                         3865P   4037
110,4.85,2.5,0.73055534994651,5.2,2.30599183199153,                 3867P   4038
0.73055534994651;                                                   3867P   4039
124,0.,0.,1.,5.2,0.,1.,0.,3.,-1.,0.,0.,0.73055534994651;            3869P   4040
100,0.,0.,0.,-0.,-0.69400816800847,0.60102870392923,                3871P   4041
-0.34700408400424;                                                  3871P   4042
110,5.2,2.65299591599576,0.12952664601728,4.85,2.75,                3873P   4043
0.29754264805429;                                                   3873P   4044
102,4,3865,3867,3871,3873;                                          3875P   4045
142,1,3851,3861,3875,2;                                             3877P   4046
144,3851,1,0,3877;                                                  3879P   4047
110,4.85,2.75,0.29754264805429,5.2,2.65299591599576,                3881P   4048
0.12952664601728;                                                   3881P   4049
122,3881,4.85,3.3137410083254,-0.02793337485561;                    3883P   4050
126,1,1,1,0,1,0,-0.00059508529611,-0.00059508529611,0.,0.,1.,1.,    3885P   4051
0.,0.91417685823406,0.,0.,0.,0.,-0.00059508529611,0.,0.,0.,1.;      3885P   4052
126,1,1,1,0,1,0,0.,0.,0.00040017392376,0.00040017392376,1.,1.,      3887P   4053
0.,0.,0.,1.,0.,0.,0.,0.00040017392376,0.,0.,1.;                     3887P   4054
126,1,1,1,0,1,0,-0.,-0.,0.00064706962805,0.00064706962805,1.,1.,    3889P   4055
1.,0.,0.,1.,0.99403578528827,0.,-0.,0.00064706962805,0.,0.,1.;      3889P   4056
126,1,1,1,0,1,0,-0.00040353629331,-0.00040353629331,0.,0.,1.,1.,    3891P   4057
1.,0.99403578528827,0.,0.,0.91417685823406,0.,-0.00040353629331,    3891P   4058
0.,0.,0.,1.;                                                        3891P   4059
102,4,3885,3887,3889,3891;                                          3893P   4060
110,4.85,3.26535898384862,0.,4.85,2.75,0.29754264805429;            3895P   4061
110,4.85,2.75,0.29754264805429,5.2,2.65299591599576,                3897P   4062
0.12952664601728;                                                   3897P   4063
110,5.2,2.65299591599576,0.12952664601728,5.2,3.21337465190571,     3899P   4064
-0.19400816800847;                                                  3899P   4065
110,5.2,3.21337465190571,-0.19400816800847,4.85,                    3901P   4066
3.26535898384862,-0.;                                               3901P   4067
102,4,3895,3897,3899,3901;                                          3903P   4068
142,1,3883,3893,3903,2;                                             3905P   4069
144,3883,1,0,3905;                                                  3907P   4070
110,4.85,3.1875352986709,-0.,5.2,3.1875352986709,                   3909P   4071
-0.19400816800847;                                                  3909P   4072
122,3909,4.85,7.54577287760884,0.;                                  3911P   4073
126,1,1,1,0,1,0,-0.00420259020858,-0.00420259020858,0.,0.,1.,1.,    3913P   4074
0.,0.9821433128029,0.,0.,0.0178566871971,0.,-0.00420259020858,      3913P   4075
0.,0.,0.,1.;                                                        3913P   4076
126,1,1,1,0,1,0,-0.,-0.,0.00040353629331,0.00040353629331,1.,1.,    3915P   4077
0.,0.0178566871971,0.,1.,0.00592885375494,0.,-0.,                   3915P   4078
0.00040353629331,0.,0.,1.;                                          3915P   4079
126,1,1,1,0,1,0,-0.00005198433194,-0.00005198433194,                3917P   4080
0.00425457454053,0.00425457454053,1.,1.,1.,0.00592885375494,0.,     3917P   4081
1.,0.99407114624506,0.,-0.00005198433194,0.00425457454053,0.,0.,    3917P   4082
1.;                                                                 3917P   4083
126,1,1,1,0,1,0,-0.00040353629331,-0.00040353629331,-0.,-0.,1.,     3919P   4084
1.,1.,0.99407114624506,0.,0.,0.9821433128029,0.,                    3919P   4085
-0.00040353629331,-0.,0.,0.,1.;                                     3919P   4086
102,4,3913,3915,3917,3919;                                          3921P   4087
110,4.85,7.46794919243112,0.,4.85,3.26535898384862,0.;              3923P   4088
110,4.85,3.26535898384862,-0.,5.2,3.21337465190571,                 3925P   4089
-0.19400816800847;                                                  3925P   4090
110,5.2,3.21337465190571,-0.19400816800847,5.2,7.51993352437403,    3927P   4091
-0.19400816800847;                                                  3927P   4092
110,5.2,7.51993352437403,-0.19400816800847,4.85,                    3929P   4093
7.46794919243112,-0.;                                               3929P   4094
102,4,3923,3925,3927,3929;                                          3931P   4095
142,1,3911,3921,3931,2;                                             3933P   4096
144,3911,1,0,3933;                                                  3935P   4097
110,4.85,7.41676701701202,-0.02955004275593,5.2,                    3937P   4098
7.51377110101625,-0.19756604479294;                                 3937P   4099
122,3937,4.85,8.45,0.56698729810778;                                3939P   4100
126,1,1,1,0,1,0,-0.00113397459622,-0.00113397459622,-0.,-0.,1.,     3941P   4101
1.,0.,1.,0.,0.,0.04953594809865,0.,-0.00113397459622,-0.,0.,0.,     3941P   4102
1.;                                                                 3941P   4103
126,1,1,1,0,1,0,0.,0.,0.00040353629331,0.00040353629331,1.,1.,      3943P   4104
0.,0.04953594809865,0.,1.,0.00596421471173,0.,0.,                   3943P   4105
0.00040353629331,0.,0.,1.;                                          3943P   4106
126,1,1,1,0,1,0,-0.00005198433194,-0.00005198433194,                3945P   4107
0.00113397459622,0.00113397459622,1.,1.,1.,0.00596421471173,0.,     3945P   4108
1.,1.,0.,-0.00005198433194,0.00113397459622,0.,0.,1.;               3945P   4109
126,1,1,1,0,1,0,-0.00040017392376,-0.00040017392376,0.,0.,1.,1.,    3947P   4110
1.,1.,0.,0.,1.,0.,-0.00040017392376,0.,0.,0.,1.;                    3947P   4111
102,4,3941,3943,3945,3947;                                          3949P   4112
110,4.85,8.45,0.56698729810778,4.85,7.46794919243112,0.;            3951P   4113
110,4.85,7.46794919243112,-0.,5.2,7.51993352437403,                 3953P   4114
-0.19400816800847;                                                  3953P   4115
110,5.2,7.51993352437403,-0.19400816800847,5.2,8.54700408400424,    3955P   4116
0.39897129607077;                                                   3955P   4117
110,5.2,8.54700408400424,0.39897129607077,4.85,8.45,                3957P   4118
0.56698729810778;                                                   3957P   4119
102,4,3951,3953,3955,3957;                                          3959P   4120
142,1,3939,3949,3959,2;                                             3961P   4121
144,3939,1,0,3961;                                                  3963P   4122
110,4.85,8.2,1.,-995.14999999999998,8.2,1.;                         3965P   4123
110,5.2,8.2,0.30599183199153,4.85,8.2,0.5;                          3967P   4124
120,3965,3967,0.,6.28318530717959;                                  3969P   4125
126,1,1,1,0,1,0,-1.5707963267949,-1.5707963267949,                  3971P   4126
-0.5235987755983,-0.5235987755983,1.,1.,1.,4.71238898038469,0.,     3971P   4127
1.,5.75958653158129,0.,-1.5707963267949,-0.5235987755983,0.,0.,     3971P   4128
1.;                                                                 3971P   4129
126,1,1,1,0,1,0,0.,0.,0.00040017392376,0.00040017392376,1.,1.,      3973P   4130
1.,5.75958653158129,0.,0.,5.75958653158129,0.,0.,                   3973P   4131
0.00040017392376,0.,0.,1.;                                          3973P   4132
126,1,1,1,0,1,0,0.5235987755983,0.5235987755983,1.5707963267949,    3975P   4133
1.5707963267949,1.,1.,0.,5.75958653158129,0.,0.,                    3975P   4134
4.71238898038469,0.,0.5235987755983,1.5707963267949,0.,0.,1.;       3975P   4135
126,1,1,1,0,1,0,-0.00040017392376,-0.00040017392376,0.,0.,1.,1.,    3977P   4136
0.,4.71238898038469,0.,1.,4.71238898038469,0.,-0.00040017392376,    3977P   4137
0.,0.,0.,1.;                                                        3977P   4138
102,4,3971,3973,3975,3977;                                          3979P   4139
124,0.,0.,-1.,4.85,0.,-1.,0.,8.2,-1.,0.,0.,1.;                      3981P   4140
100,0.,0.,0.,0.,-0.5,0.43301270189222,-0.25;                        3983P   4141
110,4.85,8.45,0.56698729810778,5.2,8.54700408400424,                3985P   4142
0.39897129607077;                                                   3985P   4143
124,0.,0.,1.,5.2,0.,1.,0.,8.2,-1.,0.,0.,1.;                         3987P   4144
100,0.,0.,0.,0.60102870392923,0.34700408400424,0.,                  3989P   4145
0.69400816800847;                                                   3989P   4146
110,5.2,8.89400816800847,1.,4.85,8.7,1.;                            3991P   4147
102,4,3983,3985,3989,3991;                                          3993P   4148
142,1,3969,3979,3993,2;                                             3995P   4149
144,3969,1,0,3995;                                                  3997P   4150
110,4.85,8.7,1.,5.2,8.89400816800847,1.;                            3999P   4151
122,3999,4.85,8.7,1.04;                                             4001P   4152
126,1,1,1,0,1,0,-0.00004,-0.00004,0.,0.,1.,1.,0.,1.,0.,0.,0.,0.,    4003P   4153
-0.00004,0.,0.,0.,1.;                                               4003P   4154
126,1,1,1,0,1,0,0.,0.,0.00040017392376,0.00040017392376,1.,1.,      4005P   4155
0.,0.,0.,1.,0.,0.,0.,0.00040017392376,0.,0.,1.;                     4005P   4156
126,1,1,1,0,1,0,0.,0.,0.00004,0.00004,1.,1.,1.,0.,0.,1.,1.,0.,      4007P   4157
0.,0.00004,0.,0.,1.;                                                4007P   4158
126,1,1,1,0,1,0,-0.00040017392376,-0.00040017392376,0.,0.,1.,1.,    4009P   4159
1.,1.,0.,0.,1.,0.,-0.00040017392376,0.,0.,0.,1.;                    4009P   4160
102,4,4003,4005,4007,4009;                                          4011P   4161
110,4.85,8.7,1.04,4.85,8.7,1.;                                      4013P   4162
110,4.85,8.7,1.,5.2,8.89400816800847,1.;                            4015P   4163
110,5.2,8.89400816800847,1.,5.2,8.89400816800847,1.04;              4017P   4164
110,5.2,8.89400816800847,1.04,4.85,8.7,1.04;                        4019P   4165
102,4,4013,4015,4017,4019;                                          4021P   4166
142,1,4001,4011,4021,2;                                             4023P   4167
144,4001,1,0,4023;                                                  4025P   4168
110,4.85,8.91,1.04,1004.85000000000002,8.91,1.04;                   4027P   4169
110,5.2,8.91,1.02400816800847,4.85,8.91,0.83;                       4029P   4170
120,4027,4029,0.,6.28318530717959;                                  4031P   4171
126,1,1,1,0,1,0,3.1415926535898,3.1415926535898,                    4033P   4172
4.71238898038469,4.71238898038469,1.,1.,1.,3.1415926535898,0.,      4033P   4173
1.,4.71238898038469,0.,3.1415926535898,4.71238898038469,0.,0.,      4033P   4174
1.;                                                                 4033P   4175
126,1,1,1,0,1,0,0.,0.,0.00040017392376,0.00040017392376,1.,1.,      4035P   4176
1.,4.71238898038469,0.,0.,4.71238898038469,0.,0.,                   4035P   4177
0.00040017392376,0.,0.,1.;                                          4035P   4178
126,1,1,1,0,1,0,-4.71238898038469,-4.71238898038469,                4037P   4179
-3.1415926535899,-3.1415926535899,1.,1.,0.,4.71238898038469,0.,     4037P   4180
0.,3.1415926535899,0.,-4.71238898038469,-3.1415926535899,0.,0.,     4037P   4181
1.;                                                                 4037P   4182
126,1,1,1,0,1,0,-0.00040017392376,-0.00040017392376,0.,0.,1.,1.,    4039P   4183
0.,3.1415926535899,0.,1.,3.1415926535898,0.,-0.00040017392376,      4039P   4184
0.,0.,0.,1.;                                                        4039P   4185
102,4,4033,4035,4037,4039;                                          4041P   4186
124,0.,0.,1.,4.85,0.,1.,0.,8.91,-1.,0.,0.,1.04;                     4043P   4187
100,0.,0.,0.,-0.21,-0.,-0.,-0.21;                                   4045P   4188
110,4.85,8.7,1.04,5.2,8.89400816800847,1.04;                        4047P   4189
124,0.,0.,-1.,5.2,0.,-1.,0.,8.91,-1.,0.,0.,1.04;                    4049P   4190
100,0.,0.,0.,-0.,0.01599183199153,-0.01599183199153,0.;             4051P   4191
110,5.2,8.91,1.05599183199153,4.85,8.91,1.25;                       4053P   4192
102,4,4045,4047,4051,4053;                                          4055P   4193
142,1,4031,4041,4055,2;                                             4057P   4194
144,4031,1,0,4057;                                                  4059P   4195
110,4.85,8.91,1.25,5.2,8.91,1.05599183199153;                       4061P   4196
122,4061,4.85,10.4,1.25;                                            4063P   4197
126,1,1,1,0,1,0,-0.00149,-0.00149,0.,0.,1.,1.,0.,1.,0.,0.,0.,0.,    4065P   4198
-0.00149,0.,0.,0.,1.;                                               4065P   4199
126,1,1,1,0,1,0,-0.,-0.,0.00040017392376,0.00040017392376,1.,1.,    4067P   4200
0.,0.,0.,1.,0.,0.,-0.,0.00040017392376,0.,0.,1.;                    4067P   4201
126,1,1,1,0,1,0,0.,0.,0.00149,0.00149,1.,1.,1.,0.,0.,1.,1.,0.,      4069P   4202
0.,0.00149,0.,0.,1.;                                                4069P   4203
126,1,1,1,0,1,0,-0.00040017392376,-0.00040017392376,0.,0.,1.,1.,    4071P   4204
1.,1.,0.,0.,1.,0.,-0.00040017392376,0.,0.,0.,1.;                    4071P   4205
102,4,4065,4067,4069,4071;                                          4073P   4206
110,4.85,10.4,1.25,4.85,8.91,1.25;                                  4075P   4207
110,4.85,8.91,1.25,5.2,8.91,1.05599183199153;                       4077P   4208
110,5.2,8.91,1.05599183199153,5.2,10.4,1.05599183199153;            4079P   4209
110,5.2,10.4,1.05599183199153,4.85,10.4,1.25;                       4081P   4210
102,4,4075,4077,4079,4081;                                          4083P   4211
142,1,4063,4073,4083,2;                                             4085P   4212
144,4063,1,0,4085;                                                  4087P   4213
110,4.85,10.4,1.55,-995.14999999999998,10.4,1.55;                   4089P   4214
110,5.2,10.4,1.05599183199153,4.85,10.4,1.25;                       4091P   4215
120,4089,4091,0.,6.28318530717959;                                  4093P   4216
126,1,1,1,0,1,0,-1.57079632679489,-1.57079632679489,                4095P   4217
-0.00000000000001,-0.00000000000001,1.,1.,1.,4.7123889803847,0.,    4095P   4218
1.,6.28318530717959,0.,-1.57079632679489,-0.00000000000001,0.,      4095P   4219
0.,1.;                                                              4095P   4220
126,1,1,1,0,1,0,0.,0.,0.00040017392376,0.00040017392376,1.,1.,      4097P   4221
1.,6.28318530717959,0.,0.,6.28318530717959,0.,0.,                   4097P   4222
0.00040017392376,0.,0.,1.;                                          4097P   4223
126,1,1,1,0,1,0,0.00000000000001,0.00000000000001,                  4099P   4224
1.57079632679489,1.57079632679489,1.,1.,0.,6.28318530717959,0.,     4099P   4225
0.,4.71238898038469,0.,0.00000000000001,1.57079632679489,0.,0.,     4099P   4226
1.;                                                                 4099P   4227
126,1,1,1,0,1,0,-0.00040017392376,-0.00040017392376,0.,0.,1.,1.,    4101P   4228
0.,4.71238898038469,0.,1.,4.7123889803847,0.,-0.00040017392376,     4101P   4229
0.,0.,0.,1.;                                                        4101P   4230
102,4,4095,4097,4099,4101;                                          4103P   4231
124,0.,0.,-1.,4.85,0.,-1.,0.,10.4,-1.,0.,0.,1.55;                   4105P   4232
100,0.,0.,0.,0.,-0.3,0.3,-0.;                                       4107P   4233
110,4.85,10.4,1.25,5.2,10.4,1.05599183199153;                       4109P   4234
124,0.,0.,1.,5.2,0.,1.,0.,10.4,-1.,0.,0.,1.55;                      4111P   4235
100,0.,0.,0.,0.49400816800847,0.,0.,0.49400816800847;               4113P   4236
110,5.2,10.89400816800847,1.55,4.85,10.7,1.55;                      4115P   4237
102,4,4107,4109,4113,4115;                                          4117P   4238
142,1,4093,4103,4117,2;                                             4119P   4239
144,4093,1,0,4119;                                                  4121P   4240
110,4.85,10.7,1.55,5.2,10.89400816800847,1.55;                      4123P   4241
122,4123,4.85,10.7,3.05;                                            4125P   4242
126,1,1,1,0,1,0,-0.0015,-0.0015,0.,0.,1.,1.,0.,1.,0.,0.,0.,0.,      4127P   4243
-0.0015,0.,0.,0.,1.;                                                4127P   4244
126,1,1,1,0,1,0,0.,0.,0.00040017392376,0.00040017392376,1.,1.,      4129P   4245
0.,0.,0.,1.,0.,0.,0.,0.00040017392376,0.,0.,1.;                     4129P   4246
126,1,1,1,0,1,0,0.,0.,0.0015,0.0015,1.,1.,1.,0.,0.,1.,1.,0.,0.,     4131P   4247
0.0015,0.,0.,1.;                                                    4131P   4248
126,1,1,1,0,1,0,-0.00040017392376,-0.00040017392376,0.,0.,1.,1.,    4133P   4249
1.,1.,0.,0.,1.,0.,-0.00040017392376,0.,0.,0.,1.;                    4133P   4250
102,4,4127,4129,4131,4133;                                          4135P   4251
110,4.85,10.7,3.05,4.85,10.7,1.55;                                  4137P   4252
110,4.85,10.7,1.55,5.2,10.89400816800847,1.55;                      4139P   4253
110,5.2,10.89400816800847,1.55,5.2,10.89400816800847,3.05;          4141P   4254
110,5.2,10.89400816800847,3.05,4.85,10.7,3.05;                      4143P   4255
102,4,4137,4139,4141,4143;                                          4145P   4256
142,1,4125,4135,4145,2;                                             4147P   4257
144,4125,1,0,4147;                                                  4149P   4258
110,4.85,10.4,3.05,-995.14999999999998,10.4,3.05;                   4151P   4259
110,5.2,10.4,2.55599183199153,4.85,10.4,2.75;                       4153P   4260
120,4151,4153,0.,6.28318530717959;                                  4155P   4261
126,1,1,1,0,1,0,-3.14159265358979,-3.14159265358979,                4157P   4262
-1.5707963267949,-1.5707963267949,1.,1.,1.,3.1415926535898,0.,      4157P   4263
1.,4.71238898038468,0.,-3.14159265358979,-1.5707963267949,0.,0.,    4157P   4264
1.;                                                                 4157P   4265
126,1,1,1,0,1,0,0.,0.,0.00040017392376,0.00040017392376,1.,1.,      4159P   4266
1.,4.71238898038468,0.,0.,4.71238898038468,0.,0.,                   4159P   4267
0.00040017392376,0.,0.,1.;                                          4159P   4268
126,1,1,1,0,1,0,1.5707963267949,1.5707963267949,                    4161P   4269
3.14159265358979,3.14159265358979,1.,1.,0.,4.71238898038468,0.,     4161P   4270
0.,3.1415926535898,0.,1.5707963267949,3.14159265358979,0.,0.,1.;    4161P   4271
126,1,1,1,0,1,0,-0.00040017392376,-0.00040017392376,-0.,-0.,1.,     4163P   4272
1.,0.,3.1415926535898,0.,1.,3.1415926535898,0.,                     4163P   4273
-0.00040017392376,-0.,0.,0.,1.;                                     4163P   4274
102,4,4157,4159,4161,4163;                                          4165P   4275
124,0.,0.,-1.,4.85,0.,-1.,0.,10.4,-1.,0.,0.,3.05;                   4167P   4276
100,0.,0.,0.,-0.3,-0.,-0.,-0.3;                                     4169P   4277
110,4.85,10.7,3.05,5.2,10.89400816800847,3.05;                      4171P   4278
124,0.,0.,1.,5.2,0.,1.,0.,10.4,-1.,0.,0.,3.05;                      4173P   4279
100,0.,0.,0.,-0.,0.49400816800847,-0.49400816800847,0.;             4175P   4280
110,5.2,10.4,3.54400816800847,4.85,10.4,3.35;                       4177P   4281
102,4,4169,4171,4175,4177;                                          4179P   4282
142,1,4155,4165,4179,2;                                             4181P   4283
144,4155,1,0,4181;                                                  4183P   4284
110,4.85,10.4,3.35,5.2,10.4,3.54400816800847;                       4185P   4285
122,4185,4.85,8.90547856097829,3.35;                                4187P   4286
126,1,1,1,0,1,0,-0.00149452143902,-0.00149452143902,0.,0.,1.,1.,    4189P   4287
0.,1.,0.,0.,0.,0.,-0.00149452143902,0.,0.,0.,1.;                    4189P   4288
126,1,1,1,0,1,0,0.,0.,0.00040017392376,0.00040017392376,1.,1.,      4191P   4289
0.,0.,0.,1.,0.,0.,0.,0.00040017392376,0.,0.,1.;                     4191P   4290
126,1,1,1,0,1,0,0.,0.,0.00149452143902,0.00149452143902,1.,1.,      4193P   4291
1.,0.,0.,1.,1.,0.,0.,0.00149452143902,0.,0.,1.;                     4193P   4292
126,1,1,1,0,1,0,-0.00040017392376,-0.00040017392376,0.,0.,1.,1.,    4195P   4293
1.,1.,0.,0.,1.,0.,-0.00040017392376,0.,0.,0.,1.;                    4195P   4294
102,4,4189,4191,4193,4195;                                          4197P   4295
110,4.85,8.90547856097829,3.35,4.85,10.4,3.35;                      4199P   4296
110,4.85,10.4,3.35,5.2,10.4,3.54400816800847;                       4201P   4297
110,5.2,10.4,3.54400816800847,5.2,8.90547856097829,                 4203P   4298
3.54400816800847;                                                   4203P   4299
110,5.2,8.90547856097829,3.54400816800847,4.85,8.90547856097829,    4205P   4300
3.35;                                                               4205P   4301
102,4,4199,4201,4203,4205;                                          4207P   4302
142,1,4187,4197,4207,2;                                             4209P   4303
144,4187,1,0,4209;                                                  4211P   4304
110,4.85,8.90547856097829,3.56,1004.85000000000002,                 4213P   4305
8.90547856097829,3.56;                                              4213P   4306
110,5.2,8.90547856097829,3.54400816800847,4.85,8.90547856097829,    4215P   4307
3.35;                                                               4215P   4308
120,4213,4215,0.,6.28318530717959;                                  4217P   4309
126,1,1,1,0,1,0,4.8253048297775,4.8253048297775,                    4219P   4310
6.28318530717959,6.28318530717959,1.,1.,1.,4.8253048297775,0.,      4219P   4311
1.,6.28318530717959,0.,4.8253048297775,6.28318530717959,0.,0.,      4219P   4312
1.;                                                                 4219P   4313
126,1,1,1,0,1,0,0.,0.,0.00040017392376,0.00040017392376,1.,1.,      4221P   4314
1.,6.28318530717959,0.,0.,6.28318530717959,0.,0.,                   4221P   4315
0.00040017392376,0.,0.,1.;                                          4221P   4316
126,1,1,1,0,1,0,-6.28318530717959,-6.28318530717959,                4223P   4317
-4.82530482977735,-4.82530482977735,1.,1.,0.,6.28318530717959,      4223P   4318
0.,0.,4.82530482977735,0.,-6.28318530717959,-4.82530482977735,      4223P   4319
0.,0.,1.;                                                           4223P   4320
126,1,1,1,0,1,0,-0.00040017392376,-0.00040017392376,0.,0.,1.,1.,    4225P   4321
0.,4.82530482977735,0.,1.,4.8253048297775,0.,-0.00040017392376,     4225P   4322
0.,0.,0.,1.;                                                        4225P   4323
102,4,4219,4221,4223,4225;                                          4227P   4324
124,0.,0.,1.,4.85,0.,1.,0.,8.90547856097829,-1.,0.,0.,3.56;         4229P   4325
100,0.,0.,0.,0.02366197183099,-0.20866267296541,0.21,-0.;           4231P   4326
110,4.85,8.90547856097829,3.35,5.2,8.90547856097829,                4233P   4327
3.54400816800847;                                                   4233P   4328
124,0.,0.,-1.,5.2,0.,-1.,0.,8.90547856097829,-1.,0.,0.,3.56;        4235P   4329
100,0.,0.,0.,0.01599183199153,0.,0.00180189656242,                  4237P   4330
0.01588999242365;                                                   4237P   4331
110,5.2,8.88958856855464,3.55819810343758,4.85,8.69681588801288,    4239P   4332
3.53633802816901;                                                   4239P   4333
102,4,4231,4233,4237,4239;                                          4241P   4334
142,1,4217,4227,4241,2;                                             4243P   4335
144,4217,1,0,4243;                                                  4245P   4336
110,4.85,8.19999999999999,3.47999999999999,-995.14999999999998,     4247P   4337
8.19999999999999,3.47999999999999;                                  4247P   4338
110,5.2,8.19999999999999,2.78599183199151,4.85,8.19999999999999,    4249P   4339
2.97999999999998;                                                   4249P   4340
120,4247,4249,0.,6.28318530717959;                                  4251P   4341
126,1,1,1,0,1,0,-2.61799387799148,-2.61799387799148,                4253P   4342
-1.68371217618772,-1.68371217618772,1.,1.,1.,3.66519142918811,      4253P   4343
0.,1.,4.59947313099187,0.,-2.61799387799148,-1.68371217618772,      4253P   4344
0.,0.,1.;                                                           4253P   4345
126,1,1,1,0,1,0,0.,0.,0.00040017392376,0.00040017392376,1.,1.,      4255P   4346
1.,4.59947313099187,0.,0.,4.59947313099187,0.,0.,                   4255P   4347
0.00040017392376,0.,0.,1.;                                          4255P   4348
126,1,1,1,0,1,0,1.68371217618772,1.68371217618772,                  4257P   4349
2.61799387799148,2.61799387799148,1.,1.,0.,4.59947313099187,0.,     4257P   4350
0.,3.6651914291881,0.,1.68371217618772,2.61799387799148,0.,0.,      4257P   4351
1.;                                                                 4257P   4352
126,1,1,1,0,1,0,-0.00040017392376,-0.00040017392376,0.,0.,1.,1.,    4259P   4353
0.,3.6651914291881,0.,1.,3.66519142918811,0.,-0.00040017392376,     4259P   4354
0.,0.,0.,1.;                                                        4259P   4355
102,4,4253,4255,4257,4259;                                          4261P   4356
124,0.,0.,-1.,4.85,0.,-1.,0.,8.19999999999999,-1.,0.,0.,            4263P   4357
3.47999999999999;                                                   4263P   4358
100,0.,0.,0.,-0.43301270189223,-0.25000000000001,                   4265P   4359
-0.05633802816902,-0.4968158880129;                                 4265P   4360
110,4.85,8.69681588801288,3.53633802816901,5.2,8.88958856855464,    4267P   4361
3.55819810343758;                                                   4267P   4362
124,0.,0.,1.,5.2,0.,1.,0.,8.19999999999999,-1.,0.,0.,               4269P   4363
3.47999999999999;                                                   4269P   4364
100,0.,0.,0.,-0.07819810343759,0.68958856855465,                    4271P   4365
-0.60102870392924,0.34700408400425;                                 4271P   4366
110,5.2,8.54700408400424,4.08102870392923,4.85,8.45,                4273P   4367
3.91301270189222;                                                   4273P   4368
102,4,4265,4267,4271,4273;                                          4275P   4369
142,1,4251,4261,4275,2;                                             4277P   4370
144,4251,1,0,4277;                                                  4279P   4371
110,4.85,8.45,3.91301270189222,5.2,8.54700408400424,                4281P   4372
4.08102870392923;                                                   4281P   4373
122,4281,4.85,7.72253866082107,4.33301270189222;                    4283P   4374
126,1,1,1,0,1,0,-0.00084,-0.00084,0.,0.,1.,1.,0.,1.,0.,0.,0.,0.,    4285P   4375
-0.00084,0.,0.,0.,1.;                                               4285P   4376
126,1,1,1,0,1,0,0.,0.,0.00040017392376,0.00040017392376,1.,1.,      4287P   4377
0.,0.,0.,1.,0.,0.,0.,0.00040017392376,0.,0.,1.;                     4287P   4378
126,1,1,1,0,1,0,0.,0.,0.00084,0.00084,1.,1.,1.,0.,0.,1.,1.,0.,      4289P   4379
0.,0.00084,0.,0.,1.;                                                4289P   4380
126,1,1,1,0,1,0,-0.00040017392376,-0.00040017392376,0.,0.,1.,1.,    4291P   4381
1.,1.,0.,0.,1.,0.,-0.00040017392376,0.,0.,0.,1.;                    4291P   4382
102,4,4285,4287,4289,4291;                                          4293P   4383
110,4.85,7.72253866082107,4.33301270189222,4.85,8.45,               4295P   4384
3.91301270189222;                                                   4295P   4385
110,4.85,8.45,3.91301270189222,5.2,8.54700408400424,                4297P   4386
4.08102870392923;                                                   4297P   4387
110,5.2,8.54700408400423,4.08102870392923,5.2,7.81954274482531,     4299P   4388
4.50102870392923;                                                   4299P   4389
110,5.2,7.81954274482531,4.50102870392923,4.85,7.72253866082107,    4301P   4390
4.33301270189222;                                                   4301P   4391
102,4,4295,4297,4299,4301;                                          4303P   4392
142,1,4283,4293,4303,2;                                             4305P   4393
144,4283,1,0,4305;                                                  4307P   4394
110,2.35,2.5,4.4,2.35,2.5,0.;                                       4309P   4395
122,4309,2.35,10.7,4.4;                                             4311P   4396
126,2,2,1,0,1,0,2.61799387799148,2.61799387799148,                  4313P   4397
2.61799387799148,3.14159265358981,3.14159265358981,                 4313P   4398
3.14159265358981,1.,1.,1.,0.01522438593359,0.63689495863672,0.,     4313P   4399
0.,0.62274551915081,0.,0.,0.60640715375867,0.,2.61799387799148,     4313P   4400
3.14159265358981,0.,0.,1.;                                          4313P   4401
126,1,1,1,0,1,0,0.,0.,0.00447253866082,0.00447253866082,1.,1.,      4315P   4402
0.,0.60640715375867,0.,0.,0.0609756097561,0.,0.,                    4315P   4403
0.00447253866082,0.,0.,1.;                                          4315P   4404
126,8,2,1,0,1,0,3.1415926535898,3.1415926535898,3.1415926535898,    4317P   4405
3.53429173528852,3.53429173528852,3.92699081698724,                 4317P   4406
3.92699081698724,4.31968989868597,4.31968989868597,                 4317P   4407
4.71238898038469,4.71238898038469,4.71238898038469,1.,1.,1.,1.,     4317P   4408
1.,1.,1.,1.,1.,0.,0.0609756097561,0.,0.,0.04884680686709,0.,        4317P   4409
0.00865005312372,0.03764125412408,0.,0.01730010624744,              4317P   4410
0.02643570138107,0.,0.03328332031971,0.01785934261058,0.,           4317P   4411
0.04926653439199,0.00928298384009,0.,0.07014960995851,              4317P   4412
0.00464149192004,0.,0.09103268552504,0.,0.,0.11363636363636,0.,     4317P   4413
0.,3.1415926535898,4.71238898038469,0.,0.,1.;                       4317P   4414
126,1,1,1,0,1,0,0.,0.,0.00316944465005,0.00316944465005,1.,1.,      4319P   4415
0.11363636363636,0.,0.,0.83396469319397,0.,0.,0.,                   4319P   4416
0.00316944465005,0.,0.,1.;                                          4319P   4417
126,4,2,1,0,1,0,4.71238898038469,4.71238898038469,                  4321P   4418
4.71238898038469,5.23598775598299,5.23598775598299,                 4321P   4419
5.75958653158128,5.75958653158128,5.75958653158128,1.,1.,1.,1.,     4321P   4420
1.,0.83396469319397,0.,0.,0.86441346506115,0.,0.,                   4321P   4421
0.89078287501216,0.00816918269607,0.,0.91715228496316,              4321P   4422
0.01633836539214,0.,0.93237667089675,0.03048780487805,0.,           4321P   4423
4.71238898038469,5.75958653158128,0.,0.,1.;                         4321P   4424
126,1,1,1,0,1,0,-0.,-0.,0.00059508529611,0.00059508529611,1.,1.,    4323P   4425
0.93237667089675,0.03048780487805,0.,1.,0.09333646144495,0.,-0.,    4323P   4426
0.00059508529611,0.,0.,1.;                                          4323P   4427
126,1,1,1,0,1,0,0.,0.,0.00420259020858,0.00420259020858,1.,1.,      4325P   4428
1.,0.09333646144495,0.,1.,0.6058474624916,0.,0.,                    4325P   4429
0.00420259020858,0.,0.,1.;                                          4325P   4430
126,1,1,1,0,1,0,0.,0.,0.00113397459622,0.00113397459622,1.,1.,      4327P   4431
1.,0.6058474624916,0.,0.87113925043005,0.72560975609756,0.,0.,      4327P   4432
0.00113397459622,0.,0.,1.;                                          4327P   4433
126,4,2,1,0,1,0,0.5235987755983,0.5235987755983,0.5235987755983,    4329P   4434
1.0471975511966,1.0471975511966,1.5707963267949,1.5707963267949,    4329P   4435
1.5707963267949,1.,1.,1.,1.,1.,0.87113925043005,                    4329P   4436
0.72560975609756,0.,0.85591486449646,0.73975919558347,0.,           4329P   4437
0.82954545454545,0.74792837827954,0.,0.80317604459445,              4329P   4438
0.75609756097561,0.,0.77272727272727,0.75609756097561,0.,           4329P   4439
0.5235987755983,1.5707963267949,0.,0.,1.;                           4329P   4440
126,1,1,1,0,1,0,-0.,-0.,0.00004,0.00004,1.,1.,0.77272727272727,     4331P   4441
0.75609756097561,0.,0.76363636363636,0.75609756097561,0.,-0.,       4331P   4442
0.00004,0.,0.,1.;                                                   4331P   4443
126,4,2,1,0,1,0,-4.71238898038468,-4.71238898038468,                4333P   4444
-4.71238898038468,-3.92699081698724,-3.92699081698724,              4333P   4445
-3.1415926535898,-3.1415926535898,-3.1415926535898,1.,1.,1.,1.,     4333P   4446
1.,0.76363636363636,0.75609756097561,0.,0.74386707997765,           4333P   4447
0.75609756097561,0.,0.72988808544337,0.76359848487205,0.,           4333P   4448
0.71590909090909,0.77109940876849,0.,0.71590909090909,              4333P   4449
0.78170731707317,0.,-4.71238898038468,-3.1415926535898,0.,0.,1.;    4333P   4450
126,1,1,1,0,1,0,0.,0.,0.00149,0.00149,1.,1.,0.71590909090909,       4335P   4451
0.78170731707317,0.,0.71590909090909,0.96341463414634,0.,0.,        4335P   4452
0.00149,0.,0.,1.;                                                   4335P   4453
126,8,2,1,0,1,0,0.00000000000001,0.00000000000001,                  4337P   4454
0.00000000000001,0.39269908169873,0.39269908169873,                 4337P   4455
0.78539816339745,0.78539816339745,1.17809724509617,                 4337P   4456
1.17809724509617,1.57079632679489,1.57079632679489,                 4337P   4457
1.57079632679489,1.,1.,1.,1.,1.,1.,1.,1.,1.,0.71590909090909,       4337P   4458
0.96341463414634,0.,0.71590909090909,0.97069191587974,0.,           4337P   4459
0.71071905903486,0.97741524752555,0.,0.70552902716063,              4337P   4460
0.98413857917136,0.,0.69593909871726,0.98928439443365,0.,           4337P   4461
0.6863491702739,0.99443020969595,0.,0.67381932493398,               4337P   4462
0.99721510484797,0.,0.66128947959407,1.,0.,0.64772727272727,1.,     4337P   4463
0.,0.00000000000001,1.57079632679489,0.,0.,1.;                      4337P   4464
126,1,1,1,0,1,0,0.,0.,0.0015,0.0015,1.,1.,0.64772727272727,1.,      4339P   4465
0.,0.30681818181818,1.,0.,0.,0.0015,0.,0.,1.;                       4339P   4466
126,8,2,1,0,1,0,1.5707963267949,1.5707963267949,1.5707963267949,    4341P   4467
1.96349540849362,1.96349540849362,2.35619449019235,                 4341P   4468
2.35619449019235,2.74889357189107,2.74889357189107,                 4341P   4469
3.14159265358979,3.14159265358979,3.14159265358979,1.,1.,1.,1.,     4341P   4470
1.,1.,1.,1.,1.,0.30681818181818,1.,0.,0.29325597495139,1.,0.,       4341P   4471
0.28072612961147,0.99721510484797,0.,0.26819628427156,              4341P   4472
0.99443020969595,0.,0.25860635582819,0.98928439443365,0.,           4341P   4473
0.24901642738482,0.98413857917136,0.,0.24382639551059,              4341P   4474
0.97741524752555,0.,0.23863636363636,0.97069191587974,0.,           4341P   4475
0.23863636363636,0.96341463414634,0.,1.5707963267949,               4341P   4476
3.14159265358979,0.,0.,1.;                                          4341P   4477
126,1,1,1,0,1,0,0.,0.,0.00149452143902,0.00149452143902,1.,1.,      4343P   4478
0.23863636363636,0.96341463414634,0.,0.23863636363636,              4343P   4479
0.78115592207052,0.,0.,0.00149452143902,0.,0.,1.;                   4343P   4480
126,4,2,1,0,1,0,-6.28318530717959,-6.28318530717959,                4345P   4481
-6.28318530717959,-5.55424506847855,-5.55424506847855,              4345P   4482
-4.82530482977751,-4.82530482977751,-4.82530482977751,1.,1.,1.,     4345P   4483
1.,1.,0.23863636363636,0.78115592207052,0.,0.23863636363636,        4345P   4484
0.77138541779216,0.,0.22650794280511,0.7640977871592,0.,            4345P   4485
0.21437952197386,0.75681015652624,0.,0.19628681177977,              4345P   4486
0.75570925463572,0.,-6.28318530717959,-4.82530482977751,0.,0.,      4345P   4487
1.;                                                                 4345P   4488
126,4,2,1,0,1,0,1.68371217618772,1.68371217618772,                  4347P   4489
1.68371217618772,2.1508530270896,2.1508530270896,                   4347P   4490
2.61799387799148,2.61799387799148,2.61799387799148,1.,1.,1.,1.,     4347P   4491
1.,0.19628681177977,0.75570925463572,0.,0.16942344638735,           4347P   4492
0.75407467753649,0.,0.14681007231936,0.74612387655195,0.,           4347P   4493
0.12419669825136,0.7381730755674,0.,0.11067893138813,               4347P   4494
0.72560975609756,0.,1.68371217618772,2.61799387799148,0.,0.,1.;     4347P   4495
126,1,1,1,0,1,0,-0.,-0.,0.00084,0.00084,1.,1.,0.11067893138813,     4349P   4496
0.72560975609756,0.,0.01522438593359,0.63689495863672,0.,-0.,       4349P   4497
0.00084,0.,0.,1.;                                                   4349P   4498
102,19,4313,4315,4317,4319,4321,4323,4325,4327,4329,4331,4333,      4351P   4499
4335,4337,4339,4341,4343,4345,4347,4349;                            4351P   4500
124,0.,0.,1.,2.35,0.,1.,0.,7.47253866082108,-1.,0.,0.,              4353P   4501
3.90000000000003;                                                   4353P   4502
100,0.,0.,0.,-0.43301270189219,0.24999999999999,                    4355P   4503
-0.49999999999997,-0.00000000000001;                                4355P   4504
110,2.35,7.47253866082107,4.4,2.35,3.,4.4;                          4357P   4505
124,0.,0.,1.,2.35,0.,1.,0.,3.,-1.,0.,0.,3.9;                        4359P   4506
100,0.,0.,0.,-0.5,-0.,-0.,-0.5;                                     4361P   4507
110,2.35,2.5,3.9,2.35,2.5,0.73055534994651;                         4363P   4508
124,0.,0.,1.,2.35,0.,1.,0.,3.,-1.,0.,0.,0.73055534994651;           4365P   4509
100,0.,0.,0.,-0.,-0.5,0.43301270189222,-0.25;                       4367P   4510
110,2.35,2.75,0.29754264805429,2.35,3.26535898384862,0.;            4369P   4511
110,2.35,3.26535898384862,0.,2.35,7.46794919243112,0.;              4371P   4512
110,2.35,7.46794919243112,0.,2.35,8.45,0.56698729810778;            4373P   4513
124,0.,0.,1.,2.35,0.,1.,0.,8.2,-1.,0.,0.,1.;                        4375P   4514
100,0.,0.,0.,0.43301270189222,0.25,0.,0.5;                          4377P   4515
110,2.35,8.7,1.,2.35,8.7,1.04;                                      4379P   4516
124,0.,0.,-1.,2.35,0.,-1.,0.,8.91,-1.,0.,0.,1.04;                   4381P   4517
100,0.,0.,0.,-0.,0.21,-0.21,0.;                                     4383P   4518
110,2.35,8.91,1.25,2.35,10.4,1.25;                                  4385P   4519
124,0.,0.,1.,2.35,0.,1.,0.,10.4,-1.,0.,0.,1.55;                     4387P   4520
100,0.,0.,0.,0.3,0.,0.,0.3;                                         4389P   4521
110,2.35,10.7,1.55,2.35,10.7,3.05;                                  4391P   4522
124,0.,0.,1.,2.35,0.,1.,0.,10.4,-1.,0.,0.,3.05;                     4393P   4523
100,0.,0.,0.,-0.,0.3,-0.3,0.;                                       4395P   4524
110,2.35,10.4,3.35,2.35,8.90547856097829,3.35;                      4397P   4525
124,0.,0.,-1.,2.35,0.,-1.,0.,8.90547856097829,-1.,0.,0.,3.56;       4399P   4526
100,0.,0.,0.,0.21,0.,0.02366197183099,0.20866267296541;             4401P   4527
124,0.,0.,1.,2.35,0.,1.,0.,8.19999999999999,-1.,0.,0.,              4403P   4528
3.47999999999999;                                                   4403P   4529
100,0.,0.,0.,-0.05633802816903,0.4968158880129,                     4405P   4530
-0.43301270189223,0.25000000000002;                                 4405P   4531
110,2.35,8.45,3.91301270189222,2.35,7.72253866082107,               4407P   4532
4.33301270189222;                                                   4407P   4533
102,19,4355,4357,4361,4363,4367,4369,4371,4373,4377,4379,4383,      4409P   4534
4385,4389,4391,4395,4397,4401,4405,4407;                            4409P   4535
142,1,4311,4351,4409,2;                                             4411P   4536
144,4311,1,0,4411;                                                  4413P   4537
110,2.35,7.72253866082107,4.33301270189222,2.35,8.45,               4415P   4538
3.91301270189222;                                                   4415P   4539
122,4415,4.85,7.72253866082107,4.33301270189222;                    4417P   4540
126,1,1,1,0,1,0,-0.005,-0.005,-0.0025,-0.0025,1.,1.,1.,-0.,0.,      4419P   4541
1.,1.,0.,-0.005,-0.0025,0.,0.,1.;                                   4419P   4542
126,1,1,1,0,1,0,0.,0.,0.00084,0.00084,1.,1.,1.,1.,0.,-0.,1.,0.,     4421P   4543
0.,0.00084,0.,0.,1.;                                                4421P   4544
126,1,1,1,0,1,0,0.0025,0.0025,0.005,0.005,1.,1.,-0.,1.,0.,-0.,      4423P   4545
-0.,0.,0.0025,0.005,0.,0.,1.;                                       4423P   4546
126,1,1,1,0,1,0,-0.00084,-0.00084,0.,0.,1.,1.,-0.,-0.,0.,1.,-0.,    4425P   4547
0.,-0.00084,0.,0.,0.,1.;                                            4425P   4548
102,4,4419,4421,4423,4425;                                          4427P   4549
110,2.35,8.45,3.91301270189222,4.85,8.45,3.91301270189222;          4429P   4550
110,4.85,8.45,3.91301270189222,4.85,7.72253866082107,               4431P   4551
4.33301270189222;                                                   4431P   4552
110,4.85,7.72253866082107,4.33301270189222,2.35,                    4433P   4553
7.72253866082107,4.33301270189222;                                  4433P   4554
110,2.35,7.72253866082107,4.33301270189222,2.35,8.45,               4435P   4555
3.91301270189222;                                                   4435P   4556
102,4,4429,4431,4433,4435;                                          4437P   4557
142,1,4417,4427,4437,2;                                             4439P   4558
144,4417,1,0,4439;                                                  4441P   4559
110,7.35,8.19999999999999,3.47999999999999,-992.64999999999998,     4443P   4560
8.19999999999999,3.47999999999999;                                  4443P   4561
110,4.85,8.19999999999999,3.98000000000001,2.35,                    4445P   4562
8.19999999999999,3.98000000000001;                                  4445P   4563
120,4443,4445,0.,6.28318530717959;                                  4447P   4564
126,1,1,1,0,1,0,-0.005,-0.005,-0.0025,-0.0025,1.,1.,1.,             4449P   4565
1.45788047740207,0.,0.,1.45788047740207,0.,-0.005,-0.0025,0.,0.,    4449P   4566
1.;                                                                 4449P   4567
126,1,1,1,0,1,0,1.68371217618772,1.68371217618772,                  4451P   4568
2.61799387799148,2.61799387799148,1.,1.,0.,1.45788047740207,0.,     4451P   4569
0.,0.52359877559831,0.,1.68371217618772,2.61799387799148,0.,0.,     4451P   4570
1.;                                                                 4451P   4571
126,1,1,1,0,1,0,0.0025,0.0025,0.005,0.005,1.,1.,0.,                 4453P   4572
0.52359877559832,0.,1.,0.52359877559832,0.,0.0025,0.005,0.,0.,      4453P   4573
1.;                                                                 4453P   4574
126,1,1,1,0,1,0,-2.61799387799148,-2.61799387799148,                4455P   4575
-1.68371217618772,-1.68371217618772,1.,1.,1.,0.52359877559832,      4455P   4576
0.,1.,1.45788047740207,0.,-2.61799387799148,-1.68371217618772,      4455P   4577
0.,0.,1.;                                                           4455P   4578
102,4,4449,4451,4453,4455;                                          4457P   4579
110,2.35,8.69681588801288,3.53633802816901,4.85,                    4459P   4580
8.69681588801288,3.53633802816901;                                  4459P   4581
124,0.,0.,1.,4.85,0.,1.,0.,8.19999999999999,-1.,0.,0.,              4461P   4582
3.47999999999999;                                                   4461P   4583
100,0.,0.,0.,-0.05633802816902,0.4968158880129,                     4463P   4584
-0.43301270189223,0.25000000000001;                                 4463P   4585
110,4.85,8.45,3.91301270189222,2.35,8.45,3.91301270189222;          4465P   4586
124,0.,0.,-1.,2.35,0.,-1.,0.,8.19999999999999,-1.,0.,0.,            4467P   4587
3.47999999999999;                                                   4467P   4588
100,0.,0.,0.,-0.43301270189223,-0.25000000000002,                   4469P   4589
-0.05633802816903,-0.4968158880129;                                 4469P   4590
102,4,4459,4463,4465,4469;                                          4471P   4591
142,1,4447,4457,4471,2;                                             4473P   4592
144,4447,1,0,4473;                                                  4475P   4593
110,7.35,8.90547856097829,3.56,-992.64999999999998,                 4477P   4594
8.90547856097829,3.56;                                              4477P   4595
110,2.35,8.90547856097829,3.77,4.85,8.90547856097829,3.77;          4479P   4596
120,4477,4479,0.,6.28318530717959;                                  4481P   4597
126,1,1,1,0,1,0,-6.28318530717959,-6.28318530717959,                4483P   4598
-4.8253048297775,-4.8253048297775,1.,1.,1.,3.14159265358979,0.,     4483P   4599
1.,4.59947313099187,0.,-6.28318530717959,-4.8253048297775,0.,0.,    4483P   4600
1.;                                                                 4483P   4601
126,1,1,1,0,1,0,0.0025,0.0025,0.005,0.005,1.,1.,1.,                 4485P   4602
4.59947313099187,0.,0.,4.59947313099187,0.,0.0025,0.005,0.,0.,      4485P   4603
1.;                                                                 4485P   4604
126,1,1,1,0,1,0,4.82530482977751,4.82530482977751,                  4487P   4605
6.28318530717959,6.28318530717959,1.,1.,0.,4.59947313099187,0.,     4487P   4606
0.,3.14159265358979,0.,4.82530482977751,6.28318530717959,0.,0.,     4487P   4607
1.;                                                                 4487P   4608
126,1,1,1,0,1,0,-0.005,-0.005,-0.0025,-0.0025,1.,1.,0.,             4489P   4609
3.14159265358979,0.,1.,3.14159265358979,0.,-0.005,-0.0025,0.,0.,    4489P   4610
1.;                                                                 4489P   4611
102,4,4483,4485,4487,4489;                                          4491P   4612
124,0.,0.,-1.,4.85,0.,-1.,0.,8.90547856097829,-1.,0.,0.,3.56;       4493P   4613
100,0.,0.,0.,0.21,0.,0.02366197183099,0.20866267296541;             4495P   4614
110,4.85,8.69681588801288,3.53633802816901,2.35,                    4497P   4615
8.69681588801288,3.53633802816901;                                  4497P   4616
124,0.,0.,1.,2.35,0.,1.,0.,8.90547856097829,-1.,0.,0.,3.56;         4499P   4617
100,0.,0.,0.,0.02366197183099,-0.20866267296541,0.21,-0.;           4501P   4618
110,2.35,8.90547856097829,3.35,4.85,8.90547856097829,3.35;          4503P   4619
102,4,4495,4497,4501,4503;                                          4505P   4620
142,1,4481,4491,4505,2;                                             4507P   4621
144,4481,1,0,4507;                                                  4509P   4622
110,4.85,8.90547856097829,3.35,2.35,8.90547856097829,3.35;          4511P   4623
122,4511,4.85,10.4,3.35;                                            4513P   4624
126,1,1,1,0,1,0,-0.005,-0.005,-0.0025,-0.0025,1.,1.,1.,1.,0.,0.,    4515P   4625
1.,0.,-0.005,-0.0025,0.,0.,1.;                                      4515P   4626
126,1,1,1,0,1,0,0.,0.,0.00149452143902,0.00149452143902,1.,1.,      4517P   4627
0.,1.,0.,0.,0.,0.,0.,0.00149452143902,0.,0.,1.;                     4517P   4628
126,1,1,1,0,1,0,0.0025,0.0025,0.005,0.005,1.,1.,0.,0.,0.,1.,0.,     4519P   4629
0.,0.0025,0.005,0.,0.,1.;                                           4519P   4630
126,1,1,1,0,1,0,-0.00149452143902,-0.00149452143902,0.,0.,1.,1.,    4521P   4631
1.,0.,0.,1.,1.,0.,-0.00149452143902,0.,0.,0.,1.;                    4521P   4632
102,4,4515,4517,4519,4521;                                          4523P   4633
110,2.35,10.4,3.35,4.85,10.4,3.35;                                  4525P   4634
110,4.85,10.4,3.35,4.85,8.90547856097829,3.35;                      4527P   4635
110,4.85,8.90547856097829,3.35,2.35,8.90547856097829,3.35;          4529P   4636
110,2.35,8.90547856097829,3.35,2.35,10.4,3.35;                      4531P   4637
102,4,4525,4527,4529,4531;                                          4533P   4638
142,1,4513,4523,4533,2;                                             4535P   4639
144,4513,1,0,4535;                                                  4537P   4640
110,7.35,10.4,3.05,-992.64999999999998,10.4,3.05;                   4539P   4641
110,4.85,10.4,3.35,2.35,10.4,3.35;                                  4541P   4642
120,4539,4541,0.,6.28318530717959;                                  4543P   4643
126,1,1,1,0,1,0,-0.005,-0.005,-0.0025,-0.0025,1.,1.,1.,             4545P   4644
1.57079632679489,0.,0.,1.57079632679489,0.,-0.005,-0.0025,0.,0.,    4545P   4645
1.;                                                                 4545P   4646
126,1,1,1,0,1,0,1.5707963267949,1.5707963267949,                    4547P   4647
3.14159265358979,3.14159265358979,1.,1.,0.,1.57079632679489,0.,     4547P   4648
0.,0.,0.,1.5707963267949,3.14159265358979,0.,0.,1.;                 4547P   4649
126,1,1,1,0,1,0,0.0025,0.0025,0.005,0.005,1.,1.,0.,0.,0.,1.,0.,     4549P   4650
0.,0.0025,0.005,0.,0.,1.;                                           4549P   4651
126,1,1,1,0,1,0,-3.14159265358979,-3.14159265358979,                4551P   4652
-1.5707963267949,-1.5707963267949,1.,1.,1.,0.,0.,1.,                4551P   4653
1.57079632679489,0.,-3.14159265358979,-1.5707963267949,0.,0.,1.;    4551P   4654
102,4,4545,4547,4549,4551;                                          4553P   4655
110,2.35,10.7,3.05,4.85,10.7,3.05;                                  4555P   4656
124,0.,0.,1.,4.85,0.,1.,0.,10.4,-1.,0.,0.,3.05;                     4557P   4657
100,0.,0.,0.,-0.,0.3,-0.3,0.;                                       4559P   4658
110,4.85,10.4,3.35,2.35,10.4,3.35;                                  4561P   4659
124,0.,0.,-1.,2.35,0.,-1.,0.,10.4,-1.,0.,0.,3.05;                   4563P   4660
100,0.,0.,0.,-0.3,-0.,-0.,-0.3;                                     4565P   4661
102,4,4555,4559,4561,4565;                                          4567P   4662
142,1,4543,4553,4567,2;                                             4569P   4663
144,4543,1,0,4569;                                                  4571P   4664
110,2.35,10.7,3.05,2.35,10.7,1.55;                                  4573P   4665
122,4573,4.85,10.7,3.05;                                            4575P   4666
126,1,1,1,0,1,0,-0.005,-0.005,-0.0025,-0.0025,1.,1.,1.,0.,0.,1.,    4577P   4667
1.,0.,-0.005,-0.0025,0.,0.,1.;                                      4577P   4668
126,1,1,1,0,1,0,0.,0.,0.0015,0.0015,1.,1.,1.,1.,0.,0.,1.,0.,0.,     4579P   4669
0.0015,0.,0.,1.;                                                    4579P   4670
126,1,1,1,0,1,0,0.0025,0.0025,0.005,0.005,1.,1.,0.,1.,0.,0.,0.,     4581P   4671
0.,0.0025,0.005,0.,0.,1.;                                           4581P   4672
126,1,1,1,0,1,0,-0.0015,-0.0015,0.,0.,1.,1.,0.,0.,0.,1.,0.,0.,      4583P   4673
-0.0015,0.,0.,0.,1.;                                                4583P   4674
102,4,4577,4579,4581,4583;                                          4585P   4675
110,2.35,10.7,1.55,4.85,10.7,1.55;                                  4587P   4676
110,4.85,10.7,1.55,4.85,10.7,3.05;                                  4589P   4677
110,4.85,10.7,3.05,2.35,10.7,3.05;                                  4591P   4678
110,2.35,10.7,3.05,2.35,10.7,1.55;                                  4593P   4679
102,4,4587,4589,4591,4593;                                          4595P   4680
142,1,4575,4585,4595,2;                                             4597P   4681
144,4575,1,0,4597;                                                  4599P   4682
110,7.35,10.4,1.55,-992.64999999999998,10.4,1.55;                   4601P   4683
110,4.85,10.4,1.85,2.35,10.4,1.85;                                  4603P   4684
120,4601,4603,0.,6.28318530717959;                                  4605P   4685
126,1,1,1,0,1,0,-0.005,-0.005,-0.0025,-0.0025,1.,1.,1.,             4607P   4686
3.14159265358979,0.,0.,3.14159265358979,0.,-0.005,-0.0025,0.,0.,    4607P   4687
1.;                                                                 4607P   4688
126,1,1,1,0,1,0,0.00000000000001,0.00000000000001,                  4609P   4689
1.57079632679489,1.57079632679489,1.,1.,0.,3.14159265358979,0.,     4609P   4690
0.,1.5707963267949,0.,0.00000000000001,1.57079632679489,0.,0.,      4609P   4691
1.;                                                                 4609P   4692
126,1,1,1,0,1,0,0.0025,0.0025,0.005,0.005,1.,1.,0.,                 4611P   4693
1.5707963267949,0.,1.,1.5707963267949,0.,0.0025,0.005,0.,0.,1.;     4611P   4694
126,1,1,1,0,1,0,-1.57079632679489,-1.57079632679489,                4613P   4695
-0.00000000000001,-0.00000000000001,1.,1.,1.,1.5707963267949,0.,    4613P   4696
1.,3.14159265358979,0.,-1.57079632679489,-0.00000000000001,0.,      4613P   4697
0.,1.;                                                              4613P   4698
102,4,4607,4609,4611,4613;                                          4615P   4699
110,2.35,10.4,1.25,4.85,10.4,1.25;                                  4617P   4700
124,0.,0.,1.,4.85,0.,1.,0.,10.4,-1.,0.,0.,1.55;                     4619P   4701
100,0.,0.,0.,0.3,0.,0.,0.3;                                         4621P   4702
110,4.85,10.7,1.55,2.35,10.7,1.55;                                  4623P   4703
124,0.,0.,-1.,2.35,0.,-1.,0.,10.4,-1.,0.,0.,1.55;                   4625P   4704
100,0.,0.,0.,0.,-0.3,0.3,-0.;                                       4627P   4705
102,4,4617,4621,4623,4627;                                          4629P   4706
142,1,4605,4615,4629,2;                                             4631P   4707
144,4605,1,0,4631;                                                  4633P   4708
110,2.35,8.91,1.25,4.85,8.91,1.25;                                  4635P   4709
122,4635,2.35,10.4,1.25;                                            4637P   4710
126,1,1,1,0,1,0,-0.005,-0.005,-0.0025,-0.0025,1.,1.,0.,0.,0.,1.,    4639P   4711
0.,0.,-0.005,-0.0025,0.,0.,1.;                                      4639P   4712
126,1,1,1,0,1,0,0.,0.,0.00149,0.00149,1.,1.,1.,0.,0.,1.,1.,0.,      4641P   4713
0.,0.00149,0.,0.,1.;                                                4641P   4714
126,1,1,1,0,1,0,0.0025,0.0025,0.005,0.005,1.,1.,1.,1.,0.,0.,1.,     4643P   4715
0.,0.0025,0.005,0.,0.,1.;                                           4643P   4716
126,1,1,1,0,1,0,-0.00149,-0.00149,0.,0.,1.,1.,0.,1.,0.,0.,0.,0.,    4645P   4717
-0.00149,0.,0.,0.,1.;                                               4645P   4718
102,4,4639,4641,4643,4645;                                          4647P   4719
110,2.35,8.91,1.25,4.85,8.91,1.25;                                  4649P   4720
110,4.85,8.91,1.25,4.85,10.4,1.25;                                  4651P   4721
110,4.85,10.4,1.25,2.35,10.4,1.25;                                  4653P   4722
110,2.35,10.4,1.25,2.35,8.91,1.25;                                  4655P   4723
102,4,4649,4651,4653,4655;                                          4657P   4724
142,1,4637,4647,4657,2;                                             4659P   4725
144,4637,1,0,4659;                                                  4661P   4726
110,7.35,8.91,1.04,-992.64999999999998,8.91,1.04;                   4663P   4727
110,2.35,8.91,1.25,4.85,8.91,1.25;                                  4665P   4728
120,4663,4665,0.,6.28318530717959;                                  4667P   4729
126,1,1,1,0,1,0,-4.71238898038469,-4.71238898038469,                4669P   4730
-3.1415926535898,-3.1415926535898,1.,1.,1.,4.7123889803847,0.,      4669P   4731
1.,6.28318530717959,0.,-4.71238898038469,-3.1415926535898,0.,0.,    4669P   4732
1.;                                                                 4669P   4733
126,1,1,1,0,1,0,0.0025,0.0025,0.005,0.005,1.,1.,1.,                 4671P   4734
6.28318530717959,0.,0.,6.28318530717959,0.,0.0025,0.005,0.,0.,      4671P   4735
1.;                                                                 4671P   4736
126,1,1,1,0,1,0,3.1415926535898,3.1415926535898,                    4673P   4737
4.71238898038468,4.71238898038468,1.,1.,0.,6.28318530717959,0.,     4673P   4738
0.,4.7123889803847,0.,3.1415926535898,4.71238898038468,0.,0.,1.;    4673P   4739
126,1,1,1,0,1,0,-0.005,-0.005,-0.0025,-0.0025,1.,1.,0.,             4675P   4740
4.7123889803847,0.,1.,4.7123889803847,0.,-0.005,-0.0025,0.,0.,      4675P   4741
1.;                                                                 4675P   4742
102,4,4669,4671,4673,4675;                                          4677P   4743
124,0.,0.,-1.,4.85,0.,-1.,0.,8.91,-1.,0.,0.,1.04;                   4679P   4744
100,0.,0.,0.,-0.,0.21,-0.21,0.;                                     4681P   4745
110,4.85,8.91,1.25,2.35,8.91,1.25;                                  4683P   4746
124,0.,0.,1.,2.35,0.,1.,0.,8.91,-1.,0.,0.,1.04;                     4685P   4747
100,0.,0.,0.,-0.21,-0.,-0.,-0.21;                                   4687P   4748
110,2.35,8.7,1.04,4.85,8.7,1.04;                                    4689P   4749
102,4,4681,4683,4687,4689;                                          4691P   4750
142,1,4667,4677,4691,2;                                             4693P   4751
144,4667,1,0,4693;                                                  4695P   4752
110,2.35,8.7,1.04,2.35,8.7,1.;                                      4697P   4753
122,4697,4.85,8.7,1.04;                                             4699P   4754
126,1,1,1,0,1,0,-0.005,-0.005,-0.0025,-0.0025,1.,1.,                4701P   4755
1.00000000000001,0.,0.,1.00000000000001,1.,0.,-0.005,-0.0025,0.,    4701P   4756
0.,1.;                                                              4701P   4757
126,1,1,1,0,1,0,0.,0.,0.00004,0.00004,1.,1.,1.00000000000001,1.,    4703P   4758
0.,0.,1.,0.,0.,0.00004,0.,0.,1.;                                    4703P   4759
126,1,1,1,0,1,0,0.0025,0.0025,0.005,0.005,1.,1.,0.,1.,0.,0.,0.,     4705P   4760
0.,0.0025,0.005,0.,0.,1.;                                           4705P   4761
126,1,1,1,0,1,0,-0.00004,-0.00004,0.,0.,1.,1.,0.,0.,0.,             4707P   4762
1.00000000000001,0.,0.,-0.00004,0.,0.,0.,1.;                        4707P   4763
102,4,4701,4703,4705,4707;                                          4709P   4764
110,2.35,8.7,1.,4.85,8.7,1.;                                        4711P   4765
110,4.85,8.7,1.,4.85,8.7,1.04;                                      4713P   4766
110,4.85,8.7,1.04,2.35,8.7,1.04;                                    4715P   4767
110,2.35,8.7,1.04,2.35,8.7,1.;                                      4717P   4768
102,4,4711,4713,4715,4717;                                          4719P   4769
142,1,4699,4709,4719,2;                                             4721P   4770
144,4699,1,0,4721;                                                  4723P   4771
110,7.35,8.2,1.,-992.64999999999998,8.2,1.;                         4725P   4772
110,4.85,8.2,1.5,2.35,8.2,1.5;                                      4727P   4773
120,4725,4727,0.,6.28318530717959;                                  4729P   4774
126,1,1,1,0,1,0,-0.005,-0.005,-0.0025,-0.0025,1.,1.,1.,             4731P   4775
2.61799387799149,0.,0.,2.61799387799149,0.,-0.005,-0.0025,0.,0.,    4731P   4776
1.;                                                                 4731P   4777
126,1,1,1,0,1,0,0.5235987755983,0.5235987755983,1.5707963267949,    4733P   4778
1.5707963267949,1.,1.,0.,2.61799387799149,0.,0.,1.5707963267949,    4733P   4779
0.,0.5235987755983,1.5707963267949,0.,0.,1.;                        4733P   4780
126,1,1,1,0,1,0,0.0025,0.0025,0.005,0.005,1.,1.,0.,                 4735P   4781
1.5707963267949,0.,1.,1.5707963267949,0.,0.0025,0.005,0.,0.,1.;     4735P   4782
126,1,1,1,0,1,0,-1.5707963267949,-1.5707963267949,                  4737P   4783
-0.5235987755983,-0.5235987755983,1.,1.,1.,1.5707963267949,0.,      4737P   4784
1.,2.61799387799149,0.,-1.5707963267949,-0.5235987755983,0.,0.,     4737P   4785
1.;                                                                 4737P   4786
102,4,4731,4733,4735,4737;                                          4739P   4787
110,2.35,8.45,0.56698729810778,4.85,8.45,0.56698729810778;          4741P   4788
124,0.,0.,1.,4.85,0.,1.,0.,8.2,-1.,0.,0.,1.;                        4743P   4789
100,0.,0.,0.,0.43301270189222,0.25,0.,0.5;                          4745P   4790
110,4.85,8.7,1.,2.35,8.7,1.;                                        4747P   4791
124,0.,0.,-1.,2.35,0.,-1.,0.,8.2,-1.,0.,0.,1.;                      4749P   4792
100,0.,0.,0.,0.,-0.5,0.43301270189222,-0.25;                        4751P   4793
102,4,4741,4745,4747,4751;                                          4753P   4794
142,1,4729,4739,4753,2;                                             4755P   4795
144,4729,1,0,4755;                                                  4757P   4796
110,2.35,8.45,0.56698729810778,2.35,7.46794919243112,0.;            4759P   4797
122,4759,4.85,8.45,0.56698729810778;                                4761P   4798
126,1,1,1,0,1,0,-0.005,-0.005,-0.0025,-0.0025,1.,1.,1.,0.,0.,1.,    4763P   4799
1.,0.,-0.005,-0.0025,0.,0.,1.;                                      4763P   4800
126,1,1,1,0,1,0,0.,0.,0.00113397459622,0.00113397459622,1.,1.,      4765P   4801
1.,1.,0.,0.,1.,0.,0.,0.00113397459622,0.,0.,1.;                     4765P   4802
126,1,1,1,0,1,0,0.0025,0.0025,0.005,0.005,1.,1.,0.,1.,0.,0.,0.,     4767P   4803
0.,0.0025,0.005,0.,0.,1.;                                           4767P   4804
126,1,1,1,0,1,0,-0.00113397459622,-0.00113397459622,-0.,-0.,1.,     4769P   4805
1.,0.,0.,0.,1.,0.,0.,-0.00113397459622,-0.,0.,0.,1.;                4769P   4806
102,4,4763,4765,4767,4769;                                          4771P   4807
110,2.35,7.46794919243112,0.,4.85,7.46794919243112,0.;              4773P   4808
110,4.85,7.46794919243112,0.,4.85,8.45,0.56698729810778;            4775P   4809
110,4.85,8.45,0.56698729810778,2.35,8.45,0.56698729810778;          4777P   4810
110,2.35,8.45,0.56698729810778,2.35,7.46794919243112,0.;            4779P   4811
102,4,4773,4775,4777,4779;                                          4781P   4812
142,1,4761,4771,4781,2;                                             4783P   4813
144,4761,1,0,4783;                                                  4785P   4814
110,2.35,7.46794919243112,0.,2.35,3.26535898384862,0.;              4787P   4815
122,4787,4.85,7.46794919243112,0.;                                  4789P   4816
126,1,1,1,0,1,0,-0.005,-0.005,-0.0025,-0.0025,1.,1.,1.,0.,0.,1.,    4791P   4817
1.,0.,-0.005,-0.0025,0.,0.,1.;                                      4791P   4818
126,1,1,1,0,1,0,0.,0.,0.00420259020858,0.00420259020858,1.,1.,      4793P   4819
1.,1.,0.,0.,1.,0.,0.,0.00420259020858,0.,0.,1.;                     4793P   4820
126,1,1,1,0,1,0,0.0025,0.0025,0.005,0.005,1.,1.,0.,1.,0.,0.,0.,     4795P   4821
0.,0.0025,0.005,0.,0.,1.;                                           4795P   4822
126,1,1,1,0,1,0,-0.00420259020858,-0.00420259020858,0.,0.,1.,1.,    4797P   4823
0.,0.,0.,1.,0.,0.,-0.00420259020858,0.,0.,0.,1.;                    4797P   4824
102,4,4791,4793,4795,4797;                                          4799P   4825
110,2.35,3.26535898384862,0.,4.85,3.26535898384862,0.;              4801P   4826
110,4.85,3.26535898384862,0.,4.85,7.46794919243112,0.;              4803P   4827
110,4.85,7.46794919243112,0.,2.35,7.46794919243112,0.;              4805P   4828
110,2.35,7.46794919243112,0.,2.35,3.26535898384862,0.;              4807P   4829
102,4,4801,4803,4805,4807;                                          4809P   4830
142,1,4789,4799,4809,2;                                             4811P   4831
144,4789,1,0,4811;                                                  4813P   4832
110,2.35,3.26535898384862,-0.,2.35,2.75,0.29754264805429;           4815P   4833
122,4815,4.85,3.26535898384862,-0.;                                 4817P   4834
126,1,1,1,0,1,0,-0.005,-0.005,-0.0025,-0.0025,1.,1.,1.,0.,0.,1.,    4819P   4835
1.,0.,-0.005,-0.0025,0.,0.,1.;                                      4819P   4836
126,1,1,1,0,1,0,-0.,-0.,0.00059508529611,0.00059508529611,1.,1.,    4821P   4837
1.,1.,0.,0.,1.,0.,-0.,0.00059508529611,0.,0.,1.;                    4821P   4838
126,1,1,1,0,1,0,0.0025,0.0025,0.005,0.005,1.,1.,0.,1.,0.,0.,0.,     4823P   4839
0.,0.0025,0.005,0.,0.,1.;                                           4823P   4840
126,1,1,1,0,1,0,-0.00059508529611,-0.00059508529611,0.,0.,1.,1.,    4825P   4841
0.,0.,0.,1.,0.,0.,-0.00059508529611,0.,0.,0.,1.;                    4825P   4842
102,4,4819,4821,4823,4825;                                          4827P   4843
110,2.35,2.75,0.29754264805429,4.85,2.75,0.29754264805429;          4829P   4844
110,4.85,2.75,0.29754264805429,4.85,3.26535898384862,0.;            4831P   4845
110,4.85,3.26535898384862,0.,2.35,3.26535898384862,0.;              4833P   4846
110,2.35,3.26535898384862,0.,2.35,2.75,0.29754264805429;            4835P   4847
102,4,4829,4831,4833,4835;                                          4837P   4848
142,1,4817,4827,4837,2;                                             4839P   4849
144,4817,1,0,4839;                                                  4841P   4850
110,7.35,3.,0.73055534994651,-992.64999999999998,3.,                4843P   4851
0.73055534994651;                                                   4843P   4852
110,4.85,3.,1.23055534994651,2.35,3.,1.23055534994651;              4845P   4853
120,4843,4845,0.,6.28318530717959;                                  4847P   4854
126,1,1,1,0,1,0,-0.005,-0.005,-0.0025,-0.0025,1.,1.,1.,             4849P   4855
4.71238898038469,0.,0.,4.71238898038469,0.,-0.005,-0.0025,0.,0.,    4849P   4856
1.;                                                                 4849P   4857
126,1,1,1,0,1,0,4.71238898038469,4.71238898038469,                  4851P   4858
5.75958653158128,5.75958653158128,1.,1.,0.,4.71238898038469,0.,     4851P   4859
0.,3.6651914291881,0.,4.71238898038469,5.75958653158128,0.,0.,      4851P   4860
1.;                                                                 4851P   4861
126,1,1,1,0,1,0,0.0025,0.0025,0.005,0.005,1.,1.,0.,                 4853P   4862
3.66519142918809,0.,1.,3.66519142918809,0.,0.0025,0.005,0.,0.,      4853P   4863
1.;                                                                 4853P   4864
126,1,1,1,0,1,0,-5.75958653158128,-5.75958653158128,                4855P   4865
-4.71238898038469,-4.71238898038469,1.,1.,1.,3.6651914291881,0.,    4855P   4866
1.,4.71238898038469,0.,-5.75958653158128,-4.71238898038469,0.,      4855P   4867
0.,1.;                                                              4855P   4868
102,4,4849,4851,4853,4855;                                          4857P   4869
110,2.35,2.5,0.73055534994651,4.85,2.5,0.73055534994651;            4859P   4870
124,0.,0.,1.,4.85,0.,1.,0.,3.,-1.,0.,0.,0.73055534994651;           4861P   4871
100,0.,0.,0.,-0.,-0.5,0.43301270189222,-0.25;                       4863P   4872
110,4.85,2.75,0.29754264805429,2.35,2.75,0.29754264805429;          4865P   4873
124,0.,0.,-1.,2.35,0.,-1.,0.,3.,-1.,0.,0.,0.73055534994651;         4867P   4874
100,0.,0.,0.,0.43301270189222,0.25,-0.,0.5;                         4869P   4875
102,4,4859,4863,4865,4869;                                          4871P   4876
142,1,4847,4857,4871,2;                                             4873P   4877
144,4847,1,0,4873;                                                  4875P   4878
110,2.35,2.5,0.73055534994651,2.35,2.5,3.9;                         4877P   4879
122,4877,4.85,2.5,0.73055534994651;                                 4879P   4880
126,1,1,1,0,1,0,-0.005,-0.005,-0.0025,-0.0025,1.,1.,1.,-0.,0.,      4881P   4881
1.,1.,0.,-0.005,-0.0025,0.,0.,1.;                                   4881P   4882
126,1,1,1,0,1,0,0.,0.,0.00316944465005,0.00316944465005,1.,1.,      4883P   4883
1.,1.,0.,0.,1.,0.,0.,0.00316944465005,0.,0.,1.;                     4883P   4884
126,1,1,1,0,1,0,0.0025,0.0025,0.005,0.005,1.,1.,0.,1.,0.,0.,-0.,    4885P   4885
0.,0.0025,0.005,0.,0.,1.;                                           4885P   4886
126,1,1,1,0,1,0,-0.00316944465005,-0.00316944465005,-0.,-0.,1.,     4887P   4887
1.,0.,-0.,0.,1.,-0.,0.,-0.00316944465005,-0.,0.,0.,1.;              4887P   4888
102,4,4881,4883,4885,4887;                                          4889P   4889
110,2.35,2.5,3.9,4.85,2.5,3.9;                                      4891P   4890
110,4.85,2.5,3.9,4.85,2.5,0.73055534994651;                         4893P   4891
110,4.85,2.5,0.73055534994651,2.35,2.5,0.73055534994651;            4895P   4892
110,2.35,2.5,0.73055534994651,2.35,2.5,3.9;                         4897P   4893
102,4,4891,4893,4895,4897;                                          4899P   4894
142,1,4879,4889,4899,2;                                             4901P   4895
144,4879,1,0,4901;                                                  4903P   4896
110,7.35,3.,3.9,-992.64999999999998,3.,3.9;                         4905P   4897
110,4.85,3.,4.4,2.35,3.,4.4;                                        4907P   4898
120,4905,4907,0.,6.28318530717959;                                  4909P   4899
126,1,1,1,0,1,0,-0.005,-0.005,-0.0025,-0.0025,1.,1.,1.,             4911P   4900
6.28318530717959,0.,0.,6.28318530717959,0.,-0.005,-0.0025,0.,0.,    4911P   4901
1.;                                                                 4911P   4902
126,1,1,1,0,1,0,3.1415926535898,3.1415926535898,                    4913P   4903
4.71238898038469,4.71238898038469,1.,1.,0.,6.28318530717959,0.,     4913P   4904
0.,4.71238898038469,0.,3.1415926535898,4.71238898038469,0.,0.,      4913P   4905
1.;                                                                 4913P   4906
126,1,1,1,0,1,0,0.0025,0.0025,0.005,0.005,1.,1.,0.,                 4915P   4907
4.71238898038469,0.,1.,4.71238898038469,0.,0.0025,0.005,0.,0.,      4915P   4908
1.;                                                                 4915P   4909
126,1,1,1,0,1,0,-4.71238898038469,-4.71238898038469,                4917P   4910
-3.1415926535898,-3.1415926535898,1.,1.,1.,4.71238898038469,0.,     4917P   4911
1.,6.28318530717959,0.,-4.71238898038469,-3.1415926535898,0.,0.,    4917P   4912
1.;                                                                 4917P   4913
102,4,4911,4913,4915,4917;                                          4919P   4914
110,2.35,3.,4.4,4.85,3.,4.4;                                        4921P   4915
124,0.,0.,1.,4.85,0.,1.,0.,3.,-1.,0.,0.,3.9;                        4923P   4916
100,0.,0.,0.,-0.5,-0.,-0.,-0.5;                                     4925P   4917
110,4.85,2.5,3.9,2.35,2.5,3.9;                                      4927P   4918
124,0.,0.,-1.,2.35,0.,-1.,0.,3.,-1.,0.,0.,3.9;                      4929P   4919
100,0.,0.,0.,-0.,0.5,-0.5,0.;                                       4931P   4920
102,4,4921,4925,4927,4931;                                          4933P   4921
142,1,4909,4919,4933,2;                                             4935P   4922
144,4909,1,0,4935;                                                  4937P   4923
110,4.85,3.,4.4,2.35,3.,4.4;                                        4939P   4924
122,4939,4.85,7.47253866082107,4.4;                                 4941P   4925
126,1,1,1,0,1,0,-0.005,-0.005,-0.0025,-0.0025,1.,1.,1.,1.,0.,0.,    4943P   4926
1.,0.,-0.005,-0.0025,0.,0.,1.;                                      4943P   4927
126,1,1,1,0,1,0,0.,0.,0.00447253866082,0.00447253866082,1.,1.,      4945P   4928
0.,1.,0.,0.,0.,0.,0.,0.00447253866082,0.,0.,1.;                     4945P   4929
126,1,1,1,0,1,0,0.0025,0.0025,0.005,0.005,1.,1.,0.,0.,0.,1.,0.,     4947P   4930
0.,0.0025,0.005,0.,0.,1.;                                           4947P   4931
126,1,1,1,0,1,0,-0.00447253866082,-0.00447253866082,0.,0.,1.,1.,    4949P   4932
1.,0.,0.,1.,1.,0.,-0.00447253866082,0.,0.,0.,1.;                    4949P   4933
102,4,4943,4945,4947,4949;                                          4951P   4934
110,2.35,7.47253866082107,4.4,4.85,7.47253866082107,4.4;            4953P   4935
110,4.85,7.47253866082107,4.4,4.85,3.,4.4;                          4955P   4936
110,4.85,3.,4.4,2.35,3.,4.4;                                        4957P   4937
110,2.35,3.,4.4,2.35,7.47253866082107,4.4;                          4959P   4938
102,4,4953,4955,4957,4959;                                          4961P   4939
142,1,4941,4951,4961,2;                                             4963P   4940
144,4941,1,0,4963;                                                  4965P   4941
110,7.35,7.47253866082108,3.90000000000003,-992.64999999999998,     4967P   4942
7.47253866082108,3.90000000000003;                                  4967P   4943
110,4.85,7.47253866082108,4.4,2.35,7.47253866082108,4.4;            4969P   4944
120,4967,4969,0.,6.28318530717959;                                  4971P   4945
126,1,1,1,0,1,0,-0.005,-0.005,-0.0025,-0.0025,1.,1.,1.,             4973P   4946
0.52359877559831,0.,0.,0.52359877559831,0.,-0.005,-0.0025,0.,0.,    4973P   4947
1.;                                                                 4973P   4948
126,1,1,1,0,1,0,2.61799387799149,2.61799387799149,                  4975P   4949
3.1415926535898,3.1415926535898,1.,1.,0.,0.52359877559831,0.,0.,    4975P   4950
0.,0.,2.61799387799149,3.1415926535898,0.,0.,1.;                    4975P   4951
126,1,1,1,0,1,0,0.0025,0.0025,0.005,0.005,1.,1.,0.,0.,0.,1.,0.,     4977P   4952
0.,0.0025,0.005,0.,0.,1.;                                           4977P   4953
126,1,1,1,0,1,0,-3.14159265358981,-3.14159265358981,                4979P   4954
-2.61799387799148,-2.61799387799148,1.,1.,1.,0.,0.,1.,              4979P   4955
0.52359877559831,0.,-3.14159265358981,-2.61799387799148,0.,0.,      4979P   4956
1.;                                                                 4979P   4957
102,4,4973,4975,4977,4979;                                          4981P   4958
110,2.35,7.72253866082107,4.33301270189222,4.85,                    4983P   4959
7.72253866082107,4.33301270189222;                                  4983P   4960
124,0.,0.,1.,4.85,0.,1.,0.,7.47253866082108,-1.,0.,0.,              4985P   4961
3.90000000000002;                                                   4985P   4962
100,0.,0.,0.,-0.4330127018922,0.24999999999999,                     4987P   4963
-0.49999999999998,-0.00000000000001;                                4987P   4964
110,4.85,7.47253866082107,4.4,2.35,7.47253866082107,4.4;            4989P   4965
124,0.,0.,-1.,2.35,0.,-1.,0.,7.47253866082108,-1.,0.,0.,            4991P   4966
3.90000000000003;                                                   4991P   4967
100,0.,0.,0.,-0.49999999999997,0.00000000000001,                    4993P   4968
-0.43301270189219,-0.24999999999999;                                4993P   4969
102,4,4983,4987,4989,4993;                                          4995P   4970
142,1,4971,4981,4995,2;                                             4997P   4971
144,4971,1,0,4997;                                                  4999P   4972
110,-1.7,12.8,3.75,-1.7,12.8,-996.25;                               5001P   4973
110,-3.3,12.8,3.75,-3.3,12.8,0.15;                                  5003P   4974
120,5001,5003,0.,6.28318530717959;                                  5005P   4975
126,1,1,1,0,1,0,1.5707963267949,1.5707963267949,                    5007P   4976
2.07615683707905,2.07615683707905,1.,1.,0.,1.5707963267949,0.,      5007P   4977
0.,1.06543581651074,0.,1.5707963267949,2.07615683707905,0.,0.,      5007P   4978
1.;                                                                 5007P   4979
126,1,1,1,0,1,0,0.,0.,0.0036,0.0036,1.,1.,0.,1.06543581651074,      5009P   4980
0.,1.,1.06543581651074,0.,0.,0.0036,0.,0.,1.;                       5009P   4981
126,1,1,1,0,1,0,-2.07615683707905,-2.07615683707905,                5011P   4982
-1.5707963267949,-1.5707963267949,1.,1.,1.,1.06543581651074,0.,     5011P   4983
1.,1.5707963267949,0.,-2.07615683707905,-1.5707963267949,0.,0.,     5011P   4984
1.;                                                                 5011P   4985
126,1,1,1,0,1,0,-0.0036,-0.0036,0.,0.,1.,1.,1.,1.5707963267949,     5013P   4986
0.,0.,1.5707963267949,0.,-0.0036,0.,0.,0.,1.;                       5013P   4987
102,4,5007,5009,5011,5013;                                          5015P   4988
124,1.,0.,0.,-1.7,0.,1.,0.,12.8,0.,0.,1.,3.75;                      5017P   4989
100,0.,0.,0.,-0.,1.6,-0.77459666924148,1.4;                         5019P   4990
110,-2.47459666924148,14.2,3.75,-2.47459666924148,14.2,0.15;        5021P   4991
124,1.,0.,0.,-1.7,0.,-1.,0.,12.8,0.,0.,-1.,0.15;                    5023P   4992
100,0.,0.,0.,-0.77459666924148,-1.4,-0.,-1.6;                       5025P   4993
110,-1.7,14.4,0.15,-1.7,14.4,3.75;                                  5027P   4994
102,4,5019,5021,5025,5027;                                          5029P   4995
142,1,5005,5015,5029,2;                                             5031P   4996
144,5005,1,0,5031;                                                  5033P   4997
110,-1.7,14.4,3.75,-1.7,14.4,0.15;                                  5035P   4998
122,5035,4.3129063118898,14.4,3.75;                                 5037P   4999
126,1,1,1,0,1,0,0.,0.,0.00601290631189,0.00601290631189,1.,1.,      5039P   5000
1.,0.,0.,1.,1.,0.,0.,0.00601290631189,0.,0.,1.;                     5039P   5001
126,1,1,1,0,1,0,-0.0036,-0.0036,0.,0.,1.,1.,1.,1.,0.,0.,1.,0.,      5041P   5002
-0.0036,0.,0.,0.,1.;                                                5041P   5003
126,1,1,1,0,1,0,-0.00601290631189,-0.00601290631189,0.,0.,1.,1.,    5043P   5004
0.,1.,0.,0.,0.,0.,-0.00601290631189,-0.,0.,0.,1.;                   5043P   5005
126,1,1,1,0,1,0,0.,0.,0.0036,0.0036,1.,1.,0.,0.,0.,1.,0.,0.,0.,     5045P   5006
0.0036,0.,0.,1.;                                                    5045P   5007
102,4,5039,5041,5043,5045;                                          5047P   5008
110,-1.7,14.4,0.15,4.3129063118898,14.4,0.15;                       5049P   5009
110,4.3129063118898,14.4,0.15,4.3129063118898,14.4,3.75;            5051P   5010
110,4.3129063118898,14.4,3.75,-1.7,14.4,3.75;                       5053P   5011
110,-1.7,14.4,3.75,-1.7,14.4,0.15;                                  5055P   5012
102,4,5049,5051,5053,5055;                                          5057P   5013
142,1,5037,5047,5057,2;                                             5059P   5014
144,5037,1,0,5059;                                                  5061P   5015
110,2.41374897283035,15.99358222275241,-0.25,4.79725615801877,      5063P   5016
13.99358222275241,-0.25;                                            5063P   5017
122,5063,2.41374897283035,15.99358222275241,4.15;                   5065P   5018
126,1,1,1,0,1,0,0.,0.,0.0036,0.0036,1.,1.,0.79679111137621,         5067P   5019
0.90909090909091,0.,0.79679111137621,0.09090909090909,0.,0.,        5067P   5020
0.0036,0.,0.,1.;                                                    5067P   5021
126,1,1,1,0,1,0,-0.00357769329172,-0.00357769329172,                5069P   5022
-0.00109851945772,-0.00109851945772,1.,1.,0.7967911113762,          5069P   5023
0.09090909090909,0.,-0.,0.09090909090909,0.,-0.00357769329172,      5069P   5024
-0.00109851945772,0.,0.,1.;                                         5069P   5025
126,1,1,1,0,1,0,0.004,0.004,0.0044,0.0044,1.,1.,-0.,                5071P   5026
0.09090909090909,0.,-0.,0.,0.,0.004,0.0044,0.,0.,1.;                5071P   5027
126,1,1,1,0,1,0,-0.,-0.,0.00311144765372,0.00311144765372,1.,1.,    5073P   5028
-0.,0.,0.,1.,0.,0.,-0.,0.00311144765372,0.,0.,1.;                   5073P   5029
126,1,1,1,0,1,0,-0.004,-0.004,0.0004,0.0004,1.,1.,1.,0.,0.,1.,      5075P   5030
1.,0.,-0.004,0.0004,0.,0.,1.;                                       5075P   5031
126,1,1,1,0,1,0,-0.00311144765372,-0.00311144765372,0.,0.,1.,1.,    5077P   5032
1.,1.,0.,-0.,1.,0.,-0.00311144765372,0.,0.,0.,1.;                   5077P   5033
126,1,1,1,0,1,0,0.,0.,0.0004,0.0004,1.,1.,-0.,1.,0.,-0.,            5079P   5034
0.90909090909091,0.,0.,0.0004,0.,0.,1.;                             5079P   5035
126,1,1,1,0,1,0,0.00109851945772,0.00109851945772,                  5081P   5036
0.00357769329172,0.00357769329172,1.,1.,-0.,0.90909090909091,0.,    5081P   5037
0.79679111137621,0.90909090909091,0.,0.00109851945772,              5081P   5038
0.00357769329172,0.,0.,1.;                                          5081P   5039
102,8,5067,5069,5071,5073,5075,5077,5079,5081;                      5083P   5040
110,4.3129063118898,14.4,3.75,4.3129063118898,14.4,0.15;            5085P   5041
110,4.3129063118898,14.4,0.15,2.41374897283034,                     5087P   5042
15.99358222275241,0.15;                                             5087P   5043
110,2.41374897283035,15.99358222275241,0.15,2.41374897283035,       5089P   5044
15.99358222275241,-0.25;                                            5089P   5045
110,2.41374897283035,15.99358222275241,-0.25,4.79725615801877,      5091P   5046
13.99358222275241,-0.25;                                            5091P   5047
110,4.79725615801877,13.99358222275241,-0.25,4.79725615801877,      5093P   5048
13.99358222275241,4.15;                                             5093P   5049
110,4.79725615801877,13.99358222275241,4.15,2.41374897283035,       5095P   5050
15.99358222275241,4.15;                                             5095P   5051
110,2.41374897283035,15.99358222275241,4.15,2.41374897283035,       5097P   5052
15.99358222275241,3.75;                                             5097P   5053
110,2.41374897283035,15.99358222275241,3.75,4.3129063118898,        5099P   5054
14.4,3.75;                                                          5099P   5055
102,8,5085,5087,5089,5091,5093,5095,5097,5099;                      5101P   5056
142,1,5065,5083,5101,2;                                             5103P   5057
144,5065,1,0,5103;                                                  5105P   5058
110,5.05437120189339,14.3,3.75,5.05437120189339,14.3,-996.25;       5107P   5059
110,4.65437120189339,14.3,-0.25,4.65437120189339,14.3,4.15;         5109P   5060
120,5107,5109,0.,6.28318530717959;                                  5111P   5061
126,1,1,1,0,1,0,-0.0004,-0.0004,0.004,0.004,1.,1.,1.,               5113P   5062
5.41052068118243,0.,0.,5.41052068118243,0.,-0.0004,0.004,0.,0.,     5113P   5063
1.;                                                                 5113P   5064
126,1,1,1,0,1,0,4.01425727958695,4.01425727958695,                  5115P   5065
5.41052068118242,5.41052068118242,1.,1.,0.,5.41052068118243,0.,     5115P   5066
0.,4.01425727958696,0.,4.01425727958695,5.41052068118242,0.,0.,     5115P   5067
1.;                                                                 5115P   5068
126,1,1,1,0,1,0,-0.004,-0.004,0.0004,0.0004,1.,1.,0.,               5117P   5069
4.01425727958696,0.,1.,4.01425727958696,0.,-0.004,0.0004,0.,0.,     5117P   5070
1.;                                                                 5117P   5071
126,1,1,1,0,1,0,-5.41052068118242,-5.41052068118242,                5119P   5072
-4.01425727958695,-4.01425727958695,1.,1.,1.,4.01425727958696,      5119P   5073
0.,1.,5.41052068118243,0.,-5.41052068118242,-4.01425727958695,      5119P   5074
0.,0.,1.;                                                           5119P   5075
102,4,5113,5115,5117,5119;                                          5121P   5076
110,4.79725615801877,13.99358222275241,4.15,4.79725615801877,       5123P   5077
13.99358222275241,-0.25;                                            5123P   5078
124,1.,0.,0.,5.05437120189339,0.,1.,0.,14.3,0.,0.,1.,-0.25;         5125P   5079
100,0.,0.,0.,-0.25711504387462,-0.30641777724759,                   5127P   5080
0.25711504387461,-0.30641777724759;                                 5127P   5081
110,5.311486245768,13.99358222275241,-0.25,5.311486245768,          5129P   5082
13.99358222275241,4.15;                                             5129P   5083
124,1.,0.,0.,5.05437120189339,0.,-1.,0.,14.3,0.,0.,-1.,4.15;        5131P   5084
100,0.,0.,0.,0.25711504387461,0.30641777724759,                     5133P   5085
-0.25711504387462,0.30641777724759;                                 5133P   5086
102,4,5123,5127,5129,5133;                                          5135P   5087
142,1,5111,5121,5135,2;                                             5137P   5088
144,5111,1,0,5137;                                                  5139P   5089
110,-1.49999999999999,10.69999999999997,3.75,-1.49999999999999,     5141P   5090
10.69999999999997,-996.25;                                          5141P   5091
110,-7.50000000000002,10.69999999999997,0.15,-7.50000000000002,     5143P   5092
10.69999999999997,3.75;                                             5143P   5093
120,5141,5143,0.,6.28318530717959;                                  5145P   5094
126,1,1,1,0,1,0,1.5707963267949,1.5707963267949,                    5147P   5095
2.35619449019234,2.35619449019234,1.,1.,0.,1.5707963267949,0.,      5147P   5096
0.,0.78539816339745,0.,1.5707963267949,2.35619449019234,0.,0.,      5147P   5097
1.;                                                                 5147P   5098
126,1,1,1,0,1,0,-0.0036,-0.0036,0.,0.,1.,1.,0.,0.78539816339745,    5149P   5099
0.,1.,0.78539816339745,0.,-0.0036,0.,0.,0.,1.;                      5149P   5100
126,1,1,1,0,1,0,-2.35619449019234,-2.35619449019234,                5151P   5101
-1.5707963267949,-1.5707963267949,1.,1.,1.,0.78539816339745,0.,     5151P   5102
1.,1.5707963267949,0.,-2.35619449019234,-1.5707963267949,0.,0.,     5151P   5103
1.;                                                                 5151P   5104
126,1,1,1,0,1,0,0.,0.,0.0036,0.0036,1.,1.,1.,1.5707963267949,0.,    5153P   5105
0.,1.5707963267949,0.,0.,0.0036,0.,0.,1.;                           5153P   5106
102,4,5147,5149,5151,5153;                                          5155P   5107
124,1.,0.,0.,-1.49999999999999,0.,1.,0.,10.69999999999997,0.,0.,    5157P   5108
1.,0.15;                                                            5157P   5109
100,0.,0.,0.,-0.00000000000001,6.00000000000003,                    5159P   5110
-4.24264068711929,4.24264068711931;                                 5159P   5111
110,-5.74264068711929,14.94264068711929,0.15,-5.74264068711929,     5161P   5112
14.94264068711929,3.75;                                             5161P   5113
124,1.,0.,0.,-1.49999999999999,0.,-1.,0.,10.69999999999997,0.,      5163P   5114
0.,-1.,3.75;                                                        5163P   5115
100,0.,0.,0.,-4.24264068711929,-4.24264068711931,                   5165P   5116
-0.00000000000001,-6.00000000000003;                                5165P   5117
110,-1.5,16.7,3.75,-1.5,16.7,0.15;                                  5167P   5118
102,4,5159,5161,5165,5167;                                          5169P   5119
142,1,5145,5155,5169,2;                                             5171P   5120
144,5145,1,0,5171;                                                  5173P   5121
110,-5.74264068711929,14.94264068711929,0.15,-6.48528137423857,     5175P   5122
14.2,0.15;                                                          5175P   5123
122,5175,-5.74264068711929,14.94264068711929,3.75;                  5177P   5124
126,1,1,1,0,1,0,-0.0006,-0.0006,0.003,0.003,1.,1.,1.,0.,0.,1.,      5179P   5125
1.,0.,-0.0006,0.003,0.,0.,1.;                                       5179P   5126
126,1,1,1,0,1,0,-0.00105025253169,-0.00105025253169,-0.,-0.,1.,     5181P   5127
1.,1.,1.,0.,-0.,1.,0.,-0.00105025253169,-0.,0.,0.,1.;               5181P   5128
126,1,1,1,0,1,0,0.,0.,0.0036,0.0036,1.,1.,-0.,1.,0.,-0.,0.,0.,      5183P   5129
0.,0.0036,0.,0.,1.;                                                 5183P   5130
126,1,1,1,0,1,0,0.,0.,0.00105025253169,0.00105025253169,1.,1.,      5185P   5131
-0.,0.,0.,1.,0.,0.,0.,0.00105025253169,0.,0.,1.;                    5185P   5132
102,4,5179,5181,5183,5185;                                          5187P   5133
110,-6.48528137423857,14.2,0.15,-6.48528137423857,14.2,3.75;        5189P   5134
110,-6.48528137423857,14.2,3.75,-5.74264068711929,                  5191P   5135
14.94264068711929,3.75;                                             5191P   5136
110,-5.74264068711929,14.94264068711929,3.75,-5.74264068711929,     5193P   5137
14.94264068711929,0.15;                                             5193P   5138
110,-5.74264068711929,14.94264068711929,0.15,-6.48528137423857,     5195P   5139
14.2,0.15;                                                          5195P   5140
102,4,5189,5191,5193,5195;                                          5197P   5141
142,1,5177,5187,5197,2;                                             5199P   5142
144,5177,1,0,5199;                                                  5201P   5143
110,6.1,13.8832,-0.25,2.24788920080519,13.8832,-0.25;               5203P   5144
122,5203,6.1,16.7,-0.25;                                            5205P   5145
126,1,1,1,0,1,0,-0.0051791359833,-0.0051791359833,-0.00175,         5207P   5146
-0.00175,1.,1.,0.89019661220851,1.,0.,-0.,1.,0.,                    5207P   5147
-0.0051791359833,-0.00175,0.,0.,1.;                                 5207P   5148
126,1,1,1,0,1,0,-0.0004,-0.0004,0.00164477617689,                   5209P   5149
0.00164477617689,1.,1.,-0.,1.,0.,-0.,0.27407832402254,0.,           5209P   5150
-0.0004,0.00164477617689,0.,0.,1.;                                  5209P   5151
126,1,1,1,0,1,0,-0.00102933160251,-0.00102933160251,0.,0.,1.,1.,    5211P   5152
-0.,0.27407832402254,0.,0.20469654050367,0.0391870998127,0.,        5211P   5153
-0.00102933160251,0.,0.,0.,1.;                                      5211P   5154
126,4,2,1,0,1,0,-5.41052068118242,-5.41052068118242,                5213P   5155
-5.41052068118242,-4.71238898038469,-4.71238898038469,              5213P   5156
-4.01425727958695,-4.01425727958695,-4.01425727958695,1.,1.,1.,     5213P   5157
1.,1.,0.20469654050367,0.0391870998127,0.,0.23364870620759,         5213P   5158
0.00596421471173,0.,0.27144307435943,0.00596421471173,0.,           5213P   5159
0.30923744251128,0.00596421471173,0.,0.3381896082152,               5213P   5160
0.0391870998127,0.,-5.41052068118242,-4.01425727958695,0.,0.,1.;    5213P   5161
126,1,1,1,0,1,0,-0.00311144765372,-0.00311144765372,0.,0.,1.,1.,    5215P   5162
0.3381896082152,0.0391870998127,0.,0.95694314606428,                5215P   5163
0.74921266073289,0.,-0.00311144765372,0.,0.,0.,1.;                  5215P   5164
126,4,2,1,0,1,0,-4.01425727958696,-4.01425727958696,                5217P   5165
-4.01425727958696,-3.57792496658837,-3.57792496658837,              5217P   5166
-3.14159265358979,-3.14159265358979,-3.14159265358979,1.,1.,1.,     5217P   5167
1.,1.,0.95694314606428,0.74921266073289,0.,0.97457794145202,        5217P   5168
0.76944875591615,0.,0.98430686337014,0.79798093414645,0.,           5217P   5169
0.99403578528827,0.82651311237675,0.,0.99403578528827,              5217P   5170
0.85799488781596,0.,-4.01425727958696,-3.14159265358979,0.,0.,      5217P   5171
1.;                                                                 5217P   5172
126,8,2,1,0,1,0,-3.14159265358979,-3.14159265358979,                5219P   5173
-3.14159265358979,-2.74889357189107,-2.74889357189107,              5219P   5174
-2.35619449019235,-2.35619449019235,-1.96349540849362,              5219P   5175
-1.96349540849362,-1.5707963267949,-1.5707963267949,                5219P   5176
-1.5707963267949,1.,1.,1.,1.,1.,1.,1.,1.,1.,0.99403578528827,       5219P   5177
0.85799488781596,0.,0.99403578528827,0.8862414608605,0.,            5219P   5178
0.9861314988898,0.91233789155994,0.,0.97822721249133,               5219P   5179
0.93843432225937,0.,0.96362199564601,0.95840766560445,0.,           5219P   5180
0.9490167788007,0.97838100894953,0.,0.92993414337663,               5219P   5181
0.98919050447476,0.,0.91085150795255,1.,0.,0.89019661220851,1.,     5219P   5182
0.,-3.14159265358979,-1.5707963267949,0.,0.,1.;                     5219P   5183
102,7,5207,5209,5211,5213,5215,5217,5219;                           5221P   5184
110,2.67086401670496,16.7,-0.25,6.1,16.7,-0.25;                     5223P   5185
110,6.1,16.7,-0.25,6.1,14.65522382310669,-0.25;                     5225P   5186
110,6.1,14.65522382310669,-0.25,5.311486245768,                     5227P   5187
13.99358222275241,-0.25;                                            5227P   5188
124,1.,0.,0.,5.05437120189339,0.,-1.,0.,14.3,0.,0.,-1.,-0.25;       5229P   5189
100,0.,0.,0.,0.25711504387461,0.30641777724759,                     5231P   5190
-0.25711504387462,0.30641777724759;                                 5231P   5191
110,4.79725615801877,13.99358222275241,-0.25,2.41374897283035,      5233P   5192
15.99358222275241,-0.25;                                            5233P   5193
124,1.,0.,0.,2.67086401670496,0.,-1.,0.,16.3,0.,0.,-1.,-0.25;       5235P   5194
100,0.,0.,0.,-0.25711504387461,0.30641777724759,-0.4,-0.;           5237P   5195
124,1.,0.,0.,2.67086401670496,0.,-1.,0.,16.3,0.,0.,-1.,-0.25;       5239P   5196
100,0.,0.,0.,-0.4,-0.,-0.,-0.4;                                     5241P   5197
102,7,5223,5225,5227,5231,5233,5237,5241;                           5243P   5198
142,1,5205,5221,5243,2;                                             5245P   5199
144,5205,1,0,5245;                                                  5247P   5200
110,2.67086401670496,16.3,4.15,2.67086401670496,16.3,               5249P   5201
-995.85000000000002;                                                5249P   5202
110,2.27086401670496,16.3,-0.25,2.27086401670496,16.3,0.15;         5251P   5203
120,5249,5251,0.,6.28318530717959;                                  5253P   5204
126,1,1,1,0,1,0,-0.0044,-0.0044,-0.004,-0.004,1.,1.,0.,0.,0.,1.,    5255P   5205
0.,0.,-0.0044,-0.004,0.,0.,1.;                                      5255P   5206
126,1,1,1,0,1,0,-3.14159265358979,-3.14159265358979,                5257P   5207
-1.5707963267949,-1.5707963267949,1.,1.,1.,0.,0.,1.,                5257P   5208
1.5707963267949,0.,-3.14159265358979,-1.5707963267949,0.,0.,1.;     5257P   5209
126,1,1,1,0,1,0,0.004,0.004,0.0044,0.0044,1.,1.,1.,                 5259P   5210
1.5707963267949,0.,0.,1.5707963267949,0.,0.004,0.0044,0.,0.,1.;     5259P   5211
126,1,1,1,0,1,0,1.5707963267949,1.5707963267949,                    5261P   5212
3.14159265358979,3.14159265358979,1.,1.,0.,1.5707963267949,0.,      5261P   5213
0.,0.,0.,1.5707963267949,3.14159265358979,0.,0.,1.;                 5261P   5214
102,4,5255,5257,5259,5261;                                          5263P   5215
110,2.27086401670496,16.3,-0.25,2.27086401670496,16.3,0.15;         5265P   5216
124,1.,0.,0.,2.67086401670496,0.,-1.,0.,16.3,0.,0.,-1.,0.15;        5267P   5217
100,0.,0.,0.,-0.4,-0.,-0.,-0.4;                                     5269P   5218
110,2.67086401670496,16.7,0.15,2.67086401670496,16.7,-0.25;         5271P   5219
124,1.,0.,0.,2.67086401670496,0.,1.,0.,16.3,0.,0.,1.,-0.25;         5273P   5220
100,0.,0.,0.,-0.,0.4,-0.4,0.;                                       5275P   5221
102,4,5265,5269,5271,5275;                                          5277P   5222
142,1,5253,5263,5277,2;                                             5279P   5223
144,5253,1,0,5279;                                                  5281P   5224
110,2.67086401670496,16.3,4.15,2.67086401670496,16.3,               5283P   5225
-995.85000000000002;                                                5283P   5226
110,2.27086401670496,16.3,3.75,2.27086401670496,16.3,4.15;          5285P   5227
120,5283,5285,0.,6.28318530717959;                                  5287P   5228
126,1,1,1,0,1,0,-0.0004,-0.0004,0.,0.,1.,1.,0.,0.,0.,1.,0.,0.,      5289P   5229
-0.0004,0.,0.,0.,1.;                                                5289P   5230
126,1,1,1,0,1,0,-3.14159265358979,-3.14159265358979,                5291P   5231
-1.5707963267949,-1.5707963267949,1.,1.,1.,0.,0.,1.,                5291P   5232
1.5707963267949,0.,-3.14159265358979,-1.5707963267949,0.,0.,1.;     5291P   5233
126,1,1,1,0,1,0,0.,0.,0.0004,0.0004,1.,1.,1.,1.5707963267949,0.,    5293P   5234
0.,1.5707963267949,0.,0.,0.0004,0.,0.,1.;                           5293P   5235
126,1,1,1,0,1,0,1.5707963267949,1.5707963267949,                    5295P   5236
3.14159265358979,3.14159265358979,1.,1.,0.,1.5707963267949,0.,      5295P   5237
0.,0.,0.,1.5707963267949,3.14159265358979,0.,0.,1.;                 5295P   5238
102,4,5289,5291,5293,5295;                                          5297P   5239
110,2.27086401670496,16.3,3.75,2.27086401670496,16.3,4.15;          5299P   5240
124,1.,0.,0.,2.67086401670496,0.,-1.,0.,16.3,0.,0.,-1.,4.15;        5301P   5241
100,0.,0.,0.,-0.4,-0.,-0.,-0.4;                                     5303P   5242
110,2.67086401670496,16.7,4.15,2.67086401670496,16.7,3.75;          5305P   5243
124,1.,0.,0.,2.67086401670496,0.,1.,0.,16.3,0.,0.,1.,3.75;          5307P   5244
100,0.,0.,0.,0.,0.4,-0.4,0.;                                        5309P   5245
102,4,5299,5303,5305,5309;                                          5311P   5246
142,1,5287,5297,5311,2;                                             5313P   5247
144,5287,1,0,5313;                                                  5315P   5248
110,2.24788920080519,13.8832,4.15,6.1,13.8832,4.15;                 5317P   5249
122,5317,2.24788920080519,16.7,4.15;                                5319P   5250
126,1,1,1,0,1,0,-0.00164477617689,-0.00164477617689,0.0004,         5321P   5251
0.0004,1.,1.,1.,0.27407832402254,0.,1.,1.,0.,-0.00164477617689,     5321P   5252
0.0004,0.,0.,1.;                                                    5321P   5253
126,1,1,1,0,1,0,0.00175,0.00175,0.0051791359833,0.0051791359833,    5323P   5254
1.,1.,1.,1.,0.,0.10980338779149,1.,0.,0.00175,0.0051791359833,      5323P   5255
0.,0.,1.;                                                           5323P   5256
126,8,2,1,0,1,0,1.5707963267949,1.5707963267949,1.5707963267949,    5325P   5257
1.96349540849362,1.96349540849362,2.35619449019235,                 5325P   5258
2.35619449019235,2.74889357189107,2.74889357189107,                 5325P   5259
3.14159265358979,3.14159265358979,3.14159265358979,1.,1.,1.,1.,     5325P   5260
1.,1.,1.,1.,1.,0.10980338779149,1.,0.,0.08914849204745,1.,0.,       5325P   5261
0.07006585662337,0.98919050447476,0.,0.0509832211993,               5325P   5262
0.97838100894953,0.,0.03637800435399,0.95840766560445,0.,           5325P   5263
0.02177278750867,0.93843432225937,0.,0.0138685011102,               5325P   5264
0.91233789155994,0.,0.00596421471173,0.8862414608605,0.,            5325P   5265
0.00596421471173,0.85799488781596,0.,1.5707963267949,               5325P   5266
3.14159265358979,0.,0.,1.;                                          5325P   5267
126,4,2,1,0,1,0,3.14159265358979,3.14159265358979,                  5327P   5268
3.14159265358979,3.57792496658837,3.57792496658837,                 5327P   5269
4.01425727958696,4.01425727958696,4.01425727958696,1.,1.,1.,1.,     5327P   5270
1.,0.00596421471173,0.85799488781596,0.,0.00596421471173,           5327P   5271
0.82651311237675,0.,0.01569313662986,0.79798093414645,0.,           5327P   5272
0.02542205854798,0.76944875591615,0.,0.04305685393572,              5327P   5273
0.74921266073289,0.,3.14159265358979,4.01425727958696,0.,0.,1.;     5327P   5274
126,1,1,1,0,1,0,-0.,-0.,0.00311144765372,0.00311144765372,1.,1.,    5329P   5275
0.04305685393572,0.74921266073289,0.,0.6618103917848,               5329P   5276
0.0391870998127,0.,-0.,0.00311144765372,0.,0.,1.;                   5329P   5277
126,4,2,1,0,1,0,4.01425727958695,4.01425727958695,                  5331P   5278
4.01425727958695,4.71238898038469,4.71238898038469,                 5331P   5279
5.41052068118242,5.41052068118242,5.41052068118242,1.,1.,1.,1.,     5331P   5280
1.,0.6618103917848,0.0391870998127,0.,0.69076255748872,             5331P   5281
0.00596421471173,0.,0.72855692564057,0.00596421471173,0.,           5331P   5282
0.76635129379241,0.00596421471173,0.,0.79530345949633,              5331P   5283
0.0391870998127,0.,4.01425727958695,5.41052068118242,0.,0.,1.;      5331P   5284
126,1,1,1,0,1,0,0.,0.,0.00102933160251,0.00102933160251,1.,1.,      5333P   5285
0.79530345949633,0.0391870998127,0.,1.,0.27407832402254,0.,0.,      5333P   5286
0.00102933160251,0.,0.,1.;                                          5333P   5287
102,7,5321,5323,5325,5327,5329,5331,5333;                           5335P   5288
110,6.1,14.65522382310669,4.15,6.1,16.7,4.15;                       5337P   5289
110,6.1,16.7,4.15,2.67086401670496,16.7,4.15;                       5339P   5290
124,1.,0.,0.,2.67086401670496,0.,1.,0.,16.3,0.,0.,1.,4.15;          5341P   5291
100,0.,0.,0.,-0.,0.4,-0.4,0.;                                       5343P   5292
124,1.,0.,0.,2.67086401670496,0.,1.,0.,16.3,0.,0.,1.,4.15;          5345P   5293
100,0.,0.,0.,-0.4,0.,-0.25711504387461,-0.30641777724759;           5347P   5294
110,2.41374897283035,15.99358222275241,4.15,4.79725615801877,       5349P   5295
13.99358222275241,4.15;                                             5349P   5296
124,1.,0.,0.,5.05437120189339,0.,1.,0.,14.3,0.,0.,1.,4.15;          5351P   5297
100,0.,0.,0.,-0.25711504387462,-0.30641777724759,                   5353P   5298
0.25711504387461,-0.30641777724759;                                 5353P   5299
110,5.311486245768,13.99358222275241,4.15,6.1,14.65522382310669,    5355P   5300
4.15;                                                               5355P   5301
102,7,5337,5339,5343,5347,5349,5353,5355;                           5357P   5302
142,1,5319,5335,5357,2;                                             5359P   5303
144,5319,1,0,5359;                                                  5361P   5304
110,6.09999999999999,13.7,0.1499999999999,6.09999999999999,         5363P   5305
1013.70000000000005,0.1499999999999;                                5363P   5306
110,6.09999999999999,16.7,4.15,6.09999999999999,                    5365P   5307
14.64295516604533,4.15;                                             5365P   5308
120,5363,5365,0.,6.28318530717959;                                  5367P   5309
126,2,2,1,0,1,0,4.71238898038469,4.71238898038469,                  5369P   5310
4.71238898038469,5.0005147527788,5.0005147527788,                   5369P   5311
5.0005147527788,1.,1.,1.,0.99403578528827,0.,0.,                    5369P   5312
0.68105511681146,0.19181728941848,0.,0.53039009942239,              5369P   5313
0.28812577239411,0.,4.71238898038469,5.0005147527788,0.,0.,1.;      5369P   5314
126,1,1,1,0,1,0,0.001908963786,0.001908963786,0.003,0.003,1.,1.,    5371P   5315
0.53039009942239,0.28812577239411,0.,0.,0.28812577239411,0.,        5371P   5316
0.001908963786,0.003,0.,0.,1.;                                      5371P   5317
126,1,1,1,0,1,0,-5.0005147527788,-5.0005147527788,                  5373P   5318
-4.71238898038469,-4.71238898038469,1.,1.,0.,0.28812577239411,      5373P   5319
0.,0.,0.,0.,-5.0005147527788,-4.71238898038469,0.,0.,1.;            5373P   5320
126,1,1,1,0,1,0,-0.0004,-0.0004,0.00164477617689,                   5375P   5321
0.00164477617689,1.,1.,0.,0.,0.,0.99403578528827,0.,0.,-0.0004,     5375P   5322
0.00164477617689,0.,0.,1.;                                          5375P   5323
102,4,5369,5371,5373,5375;                                          5377P   5324
124,0.76604444311898,0.,-0.64278760968654,6.09999999999999,         5379P   5325
0.64278760968654,0.,0.76604444311898,14.65522382310668,0.,-1.,      5379P   5326
0.,0.1499999999999;                                                 5379P   5327
104,0.000000000016,0.,0.00000000002727,0.,0.,-0.00000000043625,     5381P   5328
0.,0.00000000000002,-4.0000000000001,1.48375598490595,              5381P   5329
-3.83511252691248;                                                  5381P   5330
110,7.23662302718172,15.60896378600247,3.98511252691238,            5383P   5331
7.23662302718172,16.7,3.98511252691238;                             5383P   5332
124,1.,0.,0.,6.09999999999999,0.,0.,-1.,16.7,0.,1.,0.,              5385P   5333
0.1499999999999;                                                    5385P   5334
100,0.,0.,0.,1.13662302718173,3.83511252691248,0.00000000000001,    5387P   5335
4.0000000000001;                                                    5387P   5336
110,6.1,16.7,4.15,6.1,14.65522382310669,4.15;                       5389P   5337
102,4,5381,5383,5387,5389;                                          5391P   5338
142,1,5367,5377,5391,2;                                             5393P   5339
144,5367,1,0,5393;                                                  5395P   5340
110,6.95246729873599,13.7,3.02633438678221,6.95246729873599,        5397P   5341
1013.70000000000005,3.02633438678221;                               5397P   5342
110,6.95246729873599,16.7,4.02633438678221,6.95246729873599,        5399P   5343
15.60241756871849,4.02633438678221;                                 5399P   5344
120,5397,5399,0.,6.28318530717959;                                  5401P   5345
126,4,2,1,0,1,0,5.00051472321023,5.00051472321023,                  5403P   5346
5.00051472321023,5.50562931156351,5.50562931156351,                 5403P   5347
6.01074389991678,6.01074389991678,6.01074389991678,1.,1.,1.,1.,     5403P   5348
1.,0.99403578528827,0.28812574282554,0.,0.78284559374817,           5403P   5349
0.57624961117,0.,0.66646786247171,0.79324033117882,0.,              5403P   5350
0.52438164879069,1.05816549746109,0.,0.47497134948816,              5403P   5351
1.29835491953209,0.,5.00051472321023,6.01074389991678,0.,0.,1.;     5403P   5352
126,1,1,1,0,1,0,0.00247867979144,0.00247867979144,                  5405P   5353
0.00299124411445,0.00299124411445,1.,1.,0.47497134948816,           5405P   5354
1.29835491953209,0.,0.00797742866834,1.29835491953209,0.,           5405P   5355
0.00247867979144,0.00299124411445,0.,0.,1.;                         5405P   5356
126,2,2,1,0,1,0,0.,0.,0.,0.00018416102028,0.00018416102028,         5407P   5357
0.00018416102028,1.,1.,1.,0.00797742866834,1.29835491953209,0.,     5407P   5358
0.,1.17866133841188,0.,0.,1.11414180998599,0.,0.,                   5407P   5359
0.00018416102028,0.,0.,1.;                                          5407P   5360
126,1,1,1,0,1,0,-5.82653079037068,-5.82653079037068,                5409P   5361
-5.00051472321023,-5.00051472321023,1.,1.,0.,1.11414180998599,      5409P   5362
0.,0.,0.28812574282554,0.,-5.82653079037068,-5.00051472321023,      5409P   5363
0.,0.,1.;                                                           5409P   5364
126,1,1,1,0,1,0,-0.003,-0.003,-0.001908963786,-0.001908963786,      5411P   5365
1.,1.,0.,0.28812574282554,0.,0.99403578528827,0.28812574282554,     5411P   5366
0.,-0.003,-0.001908963786,0.,0.,1.;                                 5411P   5367
102,5,5403,5405,5407,5409,5411;                                     5413P   5368
124,0.76604444311898,0.,-0.64278760968654,6.95246729873599,         5415P   5369
0.64278760968654,0.,0.76604444311898,15.37052881906675,0.,-1.,      5415P   5370
0.,3.02633438678221;                                                5415P   5371
104,0.000000000001,0.,0.0000000000017,0.,0.,-0.0000000000017,0.,    5417P   5372
0.37093895921858,-0.95877814013018,1.25725972342105,                5417P   5373
-0.26908359669555;                                                  5417P   5374
110,7.91558412341999,16.17867979143973,3.29541798347776,            5419P   5375
7.91558412341999,16.69124411444683,3.29541798347776;                5419P   5376
126,3,3,0,0,1,0,0.,0.,0.,0.,0.00018416102028,0.00018416102028,      5421P   5377
0.00018416102028,0.00018416102028,1.,1.,1.,1.,7.91558412341999,     5421P   5378
16.69124411444683,3.29541798347776,7.89903465981531,                5421P   5379
16.69574321721695,3.35465261179733,7.87721447482317,16.7,           5421P   5380
3.41188825655774,7.85,16.7,3.46728228638229,0.,0.00018416102028;    5421P   5381
124,1.,0.,0.,6.95246729873599,0.,0.,-1.,16.7,0.,1.,0.,              5423P   5382
3.02633438678221;                                                   5423P   5383
100,0.,0.,0.,0.89753270126401,0.44094789960009,0.28415572844573,    5425P   5384
0.95877814013018;                                                   5425P   5385
110,7.23662302718172,16.7,3.98511252691238,7.23662302718172,        5427P   5386
15.60896378600247,3.98511252691238;                                 5427P   5387
102,5,5417,5419,5421,5425,5427;                                     5429P   5388
142,1,5401,5413,5429,2;                                             5431P   5389
144,5401,1,0,5431;                                                  5433P   5390
110,3.1,13.7,1.95,3.1,1013.70000000000005,1.95;                     5435P   5391
110,3.1,16.69431950038487,6.94999999999999,3.1,                     5437P   5392
16.17560440550168,6.94999999999999;                                 5437P   5393
120,5435,5437,0.,6.28318530717959;                                  5439P   5394
126,2,2,1,0,1,0,6.01074389991678,6.01074389991678,                  5441P   5395
6.01074389991678,6.09390223261192,6.09390223261192,                 5441P   5396
6.09390223261192,1.,1.,1.,0.99407114624506,1.29835491953209,0.,     5441P   5397
0.90328275003517,1.34006955685761,0.,0.8402119303329,               5441P   5398
1.38151325222723,0.,6.01074389991678,6.09390223261192,0.,0.,1.;     5441P   5399
126,4,2,1,0,1,0,0.,0.,0.,0.00048259165183,0.00048259165183,         5443P   5400
0.00096518330367,0.00096518330367,0.00096518330367,1.,1.,1.,1.,     5443P   5401
1.,0.8402119303329,1.38151325222723,0.,0.77741870820774,            5443P   5402
1.42277453884626,0.,0.6697484436586,1.47643346839577,0.,            5443P   5403
0.60709317689049,1.50765856623959,0.,0.47100904291187,              5443P   5404
1.5707963267949,0.,0.,0.00096518330367,0.,0.,1.;                    5443P   5405
126,4,2,1,0,1,0,-0.00138492031352,-0.00138492031352,                5445P   5406
-0.00138492031352,-0.00069246015676,-0.00069246015676,0.,0.,0.,     5445P   5407
1.,1.,1.,1.,1.,0.47100904291187,1.5707963267949,0.,                 5445P   5408
0.27517464890386,1.47993677673756,0.,0.1932399929996,               5445P   5409
1.43549538770294,0.,0.04651333099572,1.3559107895143,0.,            5445P   5410
0.00592885375494,1.29835491953209,0.,-0.00138492031352,0.,0.,0.,    5445P   5411
1.;                                                                 5445P   5412
126,1,1,1,0,1,0,-0.00299124411445,-0.00299124411445,                5447P   5413
-0.00247867979144,-0.00247867979144,1.,1.,0.00592885375494,         5447P   5414
1.29835491953209,0.,0.99407114624506,1.29835491953209,0.,           5447P   5415
-0.00299124411445,-0.00247867979144,0.,0.,1.;                       5447P   5416
102,4,5441,5443,5445,5447;                                          5449P   5417
124,0.76604444311898,0.,-0.64278760968654,3.1,0.64278760968654,     5451P   5418
0.,0.76604444311898,12.13792492957485,0.,-1.,0.,1.95;               5451P   5419
104,0.000000000025,0.,0.0000000000426,0.,0.,-0.00000000106506,      5453P   5420
0.,6.28629861710524,-1.34541798347776,6.41045953212264,             5453P   5421
-0.94077411345475;                                                  5453P   5422
126,3,3,0,0,1,0,0.,0.,0.,0.,0.00096518330367,0.00096518330367,      5455P   5423
0.00096518330367,0.00096518330367,1.,1.,1.,1.,8.01069690242163,     5455P   5424
16.25848888922026,2.89077411345475,8.07058565038506,                5455P   5425
16.30874151554804,2.57816401406127,8.10000000000001,                5455P   5426
16.37979438245915,2.26397470546092,8.10000000000001,16.45,1.95,     5455P   5427
0.,0.00096518330367;                                                5455P   5428
126,5,3,0,0,1,0,-0.00138492031352,-0.00138492031352,                5457P   5429
-0.00138492031352,-0.00138492031352,-0.00069246015676,              5457P   5430
-0.00069246015676,0.,0.,0.,0.,1.,1.,1.,1.,1.,1.,                    5457P   5431
8.10000000000001,16.45,1.95,8.10000000000002,16.50036825630508,     5457P   5432
2.17525770115407,8.08485822488118,16.55075821198011,                5457P   5433
2.39999739983812,8.02374960360899,16.63740778618161,                5457P   5434
2.84888765871324,7.97769248365491,16.6743594647533,                 5457P   5435
3.07311678254849,7.91558412341999,16.69124411444683,                5457P   5436
3.29541798347776,-0.00138492031352,0.;                              5457P   5437
110,7.91558412341999,16.69124411444683,3.29541798347776,            5459P   5438
7.91558412341999,16.17867979143973,3.29541798347776;                5459P   5439
102,4,5453,5455,5457,5459;                                          5461P   5440
142,1,5439,5449,5461,2;                                             5463P   5441
144,5439,1,0,5463;                                                  5465P   5442
110,3.1,13.7,1.95,3.1,1013.70000000000005,1.95;                     5467P   5443
110,3.1,16.69431950391645,6.94999999999999,3.1,                     5469P   5444
16.17560439477768,6.94999999999999;                                 5469P   5445
120,5467,5469,0.,6.28318530717959;                                  5471P   5446
126,4,2,1,0,1,0,0.,0.,0.,0.0006924601805,0.0006924601805,           5473P   5447
0.001384920361,0.001384920361,0.001384920361,1.,1.,1.,1.,1.,        5473P   5448
0.00592885375494,1.84323774348202,0.,0.04651332400965,              5473P   5449
1.78568187181707,0.,0.19323998598373,1.70609727050456,0.,           5473P   5450
0.27517464137595,1.66165587999424,0.,0.47100903677569,              5473P   5451
1.5707963267949,0.,0.,0.001384920361,0.,0.,1.;                      5473P   5452
126,4,2,1,0,1,0,-0.00096518330367,-0.00096518330367,                5475P   5453
-0.00096518330367,-0.00048259165183,-0.00048259165183,0.,0.,0.,     5475P   5454
1.,1.,1.,1.,1.,0.47100903677569,1.5707963267949,0.,                 5475P   5455
0.60709316701431,1.63393408735017,0.,0.66974843206057,              5475P   5456
1.66515918519402,0.,0.77741869365065,1.71881811474354,0.,           5475P   5457
0.84021191405009,1.76007940136256,0.,-0.00096518330367,0.,0.,0.,    5475P   5458
1.;                                                                 5475P   5459
126,2,2,1,0,1,0,0.18928307456766,0.18928307456766,                  5477P   5460
0.18928307456766,0.27244141668712,0.27244141668712,                 5477P   5461
0.27244141668712,1.,1.,1.,0.84021191405009,1.76007940136256,0.,     5477P   5462
0.9032827391391,1.80152310141077,0.,0.99407114624506,               5477P   5463
1.84323774348202,0.,0.18928307456766,0.27244141668712,0.,0.,1.;     5477P   5464
126,1,1,1,0,1,0,0.0024786797808,0.0024786797808,                    5479P   5465
0.00299124411789,0.00299124411789,1.,1.,0.99407114624506,           5479P   5466
1.84323774348202,0.,0.00592885375494,1.84323774348202,0.,           5479P   5467
0.0024786797808,0.00299124411789,0.,0.,1.;                          5479P   5468
102,4,5473,5475,5477,5479;                                          5481P   5469
126,5,3,0,0,1,0,0.,0.,0.,0.,0.0006924601805,0.0006924601805,        5483P   5470
0.001384920361,0.001384920361,0.001384920361,0.001384920361,1.,     5483P   5471
1.,1.,1.,1.,1.,7.91558411074034,16.69124411789389,                  5483P   5472
0.60458197113863,7.97769247526967,16.67435947053853,                5483P   5473
0.82688317935469,8.02374959841016,16.63740779156503,                5483P   5474
1.05111231085168,8.08485822385126,16.55075821542882,                5483P   5475
1.50000258484185,8.10000000000001,16.50036825803218,                5483P   5476
1.72474229112379,8.10000000000001,16.45,1.95,0.,0.001384920361;     5483P   5477
126,3,3,0,0,1,0,-0.00096518330367,-0.00096518330367,                5485P   5478
-0.00096518330367,-0.00096518330367,0.,0.,0.,0.,1.,1.,1.,1.,        5485P   5479
8.10000000000001,16.45,1.95,8.10000000000001,16.37979438245915,     5485P   5480
1.63602529453907,8.07058565038506,16.30874151554804,                5485P   5481
1.32183598593872,8.01069690242163,16.25848888922026,                5485P   5482
1.00922588654525,-0.00096518330367,0.;                              5485P   5483
124,0.76604444311898,0.,-0.64278760968654,3.1,0.64278760968654,     5487P   5484
0.,0.76604444311898,12.13792492957485,0.,-1.,0.,1.95;               5487P   5485
104,0.000000000025,0.,0.0000000000426,0.,0.,-0.00000000106506,      5489P   5486
0.,6.41045953212264,0.94077411345475,6.28629860055313,              5489P   5487
1.34541802886137;                                                   5489P   5488
110,7.91558411074034,16.17867978080024,0.60458197113863,            5491P   5489
7.91558411074034,16.69124411789389,0.60458197113863;                5491P   5490
102,4,5483,5485,5489,5491;                                          5493P   5491
142,1,5471,5481,5493,2;                                             5495P   5492
144,5471,1,0,5495;                                                  5497P   5493
110,6.95246729873599,13.7,0.8736656132178,6.95246729873599,         5499P   5494
1013.70000000000005,0.8736656132178;                                5499P   5495
110,6.95246729873599,16.7,1.87366561321781,6.95246729873599,        5501P   5496
15.60241760062643,1.87366561321781;                                 5501P   5497
120,5499,5501,0.,6.28318530717959;                                  5503P   5498
126,4,2,1,0,1,0,0.27244145438442,0.27244145438442,                  5505P   5499
0.27244145438442,0.7775559994645,0.7775559994645,                   5505P   5500
1.28267054454459,1.28267054454459,1.28267054454459,1.,1.,1.,1.,     5505P   5501
1.,0.47497137298967,1.84323778117931,0.,0.5243816778995,            5505P   5502
2.08342718301517,0.,0.66646788391068,2.3483523262594,0.,            5505P   5503
0.78284561147233,2.56534303218536,0.,0.99403578528827,              5505P   5504
2.85346687133949,0.,0.27244145438442,1.28267054454459,0.,0.,1.;     5505P   5505
126,1,1,1,0,1,0,0.00190896381772,0.00190896381772,0.003,0.003,      5507P   5506
1.,1.,0.99403578528827,2.85346687133949,0.,0.,2.85346687133949,     5507P   5507
0.,0.00190896381772,0.003,0.,0.,1.;                                 5507P   5508
126,1,1,1,0,1,0,-1.28267054454459,-1.28267054454459,                5509P   5509
-0.45665451680891,-0.45665451680891,1.,1.,0.,2.85346687133949,      5509P   5510
0.,0.,2.02745084360381,0.,-1.28267054454459,-0.45665451680891,      5509P   5511
0.,0.,1.;                                                           5509P   5512
126,2,2,1,0,1,0,0.,0.,0.,0.00018416097324,0.00018416097324,         5511P   5513
0.00018416097324,1.,1.,1.,0.,2.02745084360381,0.,0.,                5511P   5514
1.96293131984155,0.,0.00797742575966,1.84323778117931,0.,0.,        5511P   5515
0.00018416097324,0.,0.,1.;                                          5511P   5516
126,1,1,1,0,1,0,-0.00299124411789,-0.00299124411789,                5513P   5517
-0.0024786797808,-0.0024786797808,1.,1.,0.00797742575966,           5513P   5518
1.84323778117931,0.,0.47497137298967,1.84323778117931,0.,           5513P   5519
-0.00299124411789,-0.0024786797808,0.,0.,1.;                        5513P   5520
102,5,5505,5507,5509,5511,5513;                                     5515P   5521
124,0.76604444311898,0.,-0.64278760968654,6.95246729873599,         5517P   5522
0.64278760968654,0.,0.76604444311898,15.37052881906675,0.,-1.,      5517P   5523
0.,0.8736656132178;                                                 5517P   5524
104,0.000000000001,0.,0.0000000000017,0.,0.,-0.0000000000017,0.,    5519P   5525
1.25725970686894,0.26908364207917,0.37093900856246,                 5519P   5526
0.95877812892741;                                                   5519P   5527
110,7.23662306498132,15.60896381772011,-0.08511251570961,           5521P   5528
7.23662306498132,16.7,-0.08511251570961;                            5521P   5529
124,1.,0.,0.,6.95246729873599,0.,0.,-1.,16.7,0.,1.,0.,              5523P   5530
0.8736656132178;                                                    5523P   5531
100,0.,0.,0.,0.28415576624533,-0.95877812892741,                    5525P   5532
0.89753270126401,-0.4409478996001;                                  5525P   5533
126,3,3,0,0,1,0,0.,0.,0.,0.,0.00018416097324,0.00018416097324,      5527P   5534
0.00018416097324,0.00018416097324,1.,1.,1.,1.,7.85,16.7,            5527P   5535
0.43271771361771,7.87721446780514,16.7,0.48811172915733,            5527P   5536
7.89903464860182,16.69574321933131,0.54534735883713,                5527P   5537
7.91558411074034,16.69124411789389,0.60458197113863,0.,             5527P   5538
0.00018416097324;                                                   5527P   5539
110,7.91558411074034,16.69124411789389,0.60458197113863,            5529P   5540
7.91558411074034,16.17867978080024,0.60458197113863;                5529P   5541
102,5,5519,5521,5525,5527,5529;                                     5531P   5542
142,1,5503,5515,5531,2;                                             5533P   5543
144,5503,1,0,5533;                                                  5535P   5544
110,6.1,13.7,3.74999999999998,6.1,1013.70000000000005,              5537P   5545
3.74999999999998;                                                   5537P   5546
110,6.1,16.7,7.74999999999997,6.1,14.64295516604533,                5539P   5547
7.74999999999997;                                                   5539P   5548
120,5537,5539,0.,6.28318530717959;                                  5541P   5549
126,2,2,1,0,1,0,1.28267054454459,1.28267054454459,                  5543P   5550
1.28267054454459,1.5707963267949,1.5707963267949,                   5543P   5551
1.5707963267949,1.,1.,1.,0.53039008400336,2.85346687133949,0.,      5543P   5552
0.68105510613473,2.94977535762783,0.,0.99403578528827,              5543P   5553
3.14159265358979,0.,1.28267054454459,1.5707963267949,0.,0.,1.;      5543P   5554
126,1,1,1,0,1,0,-0.00164477617689,-0.00164477617689,0.0004,         5545P   5555
0.0004,1.,1.,0.99403578528827,3.14159265358979,0.,0.,               5545P   5556
3.14159265358979,0.,-0.00164477617689,0.0004,0.,0.,1.;              5545P   5557
126,1,1,1,0,1,0,-1.5707963267949,-1.5707963267949,                  5547P   5558
-1.28267054454459,-1.28267054454459,1.,1.,0.,3.14159265358979,      5547P   5559
0.,0.,2.85346687133949,0.,-1.5707963267949,-1.28267054454459,0.,    5547P   5560
0.,1.;                                                              5547P   5561
126,1,1,1,0,1,0,-0.003,-0.003,-0.00190896381772,                    5549P   5562
-0.00190896381772,1.,1.,0.,2.85346687133949,0.,0.53039008400336,    5549P   5563
2.85346687133949,0.,-0.003,-0.00190896381772,0.,0.,1.;              5549P   5564
102,4,5543,5545,5547,5549;                                          5551P   5565
124,0.76604444311898,0.,-0.64278760968654,6.1,0.64278760968654,     5553P   5566
0.,0.76604444311898,14.65522382310669,0.,-1.,0.,                    5553P   5567
3.74999999999998;                                                   5553P   5568
104,0.000000000016,0.,0.00000000002727,0.,0.,-0.00000000043625,     5555P   5569
0.,1.48375603424981,3.83511251570959,-0.,3.99999999999998;          5555P   5570
110,6.1,14.65522382310669,-0.25,6.1,16.7,-0.25;                     5557P   5571
124,1.,0.,0.,6.1,0.,0.,-1.,16.7,0.,1.,0.,3.74999999999998;          5559P   5572
100,0.,0.,0.,-0.,-3.99999999999998,1.13662306498132,                5561P   5573
-3.83511251570959;                                                  5561P   5574
110,7.23662306498132,16.7,-0.08511251570961,7.23662306498132,       5563P   5575
15.60896381772011,-0.08511251570961;                                5563P   5576
102,4,5555,5557,5561,5563;                                          5565P   5577
142,1,5541,5551,5565,2;                                             5567P   5578
144,5541,1,0,5567;                                                  5569P   5579
S      2G      4D   5570P   5579                                        T      1
