ISO-10303-21;
HEADER;
FILE_DESCRIPTION (( 'STEP AP203' ),
    '1' );
FILE_NAME ('G3VM_61G2.step',
    '2014-06-25T06:26:35',
    ( 'OSMC1.0    ' ),
    ( ' ' ),
    'SwSTEP 2.0',
    'SolidWorks 2002025',
    '' );
FILE_SCHEMA (( 'CONFIG_CONTROL_DESIGN' ));
ENDSEC;

DATA;
#1 = ORIENTED_EDGE ( 'NONE', *, *, #586, .T. ) ;
#2 = VERTEX_POINT ( 'NONE', #312 ) ;
#3 = EDGE_CURVE ( 'NONE', #130, #713, #313, .T. ) ;
#4 = EDGE_CURVE ( 'NONE', #161, #240, #329, .T. ) ;
#5 = ADVANCED_FACE ( 'NONE', ( #333 ), #334, .T. ) ;
#6 = EDGE_CURVE ( 'NONE', #157, #1274, #343, .T. ) ;
#7 = ORIENTED_EDGE ( 'NONE', *, *, #1294, .F. ) ;
#8 = ADVANCED_FACE ( 'NONE', ( #347 ), #348, .F. ) ;
#9 = ORIENTED_EDGE ( 'NONE', *, *, #75, .F. ) ;
#10 = ORIENTED_EDGE ( 'NONE', *, *, #677, .T. ) ;
#11 = EDGE_CURVE ( 'NONE', #54, #926, #360, .T. ) ;
#12 = VERTEX_POINT ( 'NONE', #370 ) ;
#13 = VERTEX_POINT ( 'NONE', #388 ) ;
#14 = ORIENTED_EDGE ( 'NONE', *, *, #24, .F. ) ;
#15 = VERTEX_POINT ( 'NONE', #417 ) ;
#16 = EDGE_CURVE ( 'NONE', #483, #276, #426, .T. ) ;
#17 = EDGE_CURVE ( 'NONE', #38, #1495, #431, .T. ) ;
#18 = EDGE_CURVE ( 'NONE', #907, #172, #445, .T. ) ;
#19 = EDGE_CURVE ( 'NONE', #337, #785, #468, .T. ) ;
#20 = VERTEX_POINT ( 'NONE', #476 ) ;
#21 = ORIENTED_EDGE ( 'NONE', *, *, #143, .T. ) ;
#22 = EDGE_CURVE ( 'NONE', #2, #20, #478, .T. ) ;
#23 = EDGE_CURVE ( 'NONE', #123, #483, #484, .T. ) ;
#24 = EDGE_CURVE ( 'NONE', #57, #238, #488, .T. ) ;
#25 = EDGE_CURVE ( 'NONE', #54, #1492, #496, .T. ) ;
#26 = EDGE_CURVE ( 'NONE', #1448, #136, #503, .T. ) ;
#27 = ORIENTED_EDGE ( 'NONE', *, *, #71, .F. ) ;
#28 = VERTEX_POINT ( 'NONE', #526 ) ;
#29 = ORIENTED_EDGE ( 'NONE', *, *, #1424, .T. ) ;
#30 = ORIENTED_EDGE ( 'NONE', *, *, #71, .T. ) ;
#31 = ORIENTED_EDGE ( 'NONE', *, *, #1474, .T. ) ;
#32 = ORIENTED_EDGE ( 'NONE', *, *, #447, .F. ) ;
#33 = VERTEX_POINT ( 'NONE', #538 ) ;
#34 = EDGE_CURVE ( 'NONE', #33, #1448, #539, .T. ) ;
#35 = ORIENTED_EDGE ( 'NONE', *, *, #24, .T. ) ;
#36 = ORIENTED_EDGE ( 'NONE', *, *, #143, .F. ) ;
#37 = EDGE_LOOP ( 'NONE', ( #1432, #180, #98, #887, #748, #1137, #190, #1476 ) ) ;
#38 = VERTEX_POINT ( 'NONE', #553 ) ;
#39 = ORIENTED_EDGE ( 'NONE', *, *, #301, .T. ) ;
#40 = VERTEX_POINT ( 'NONE', #560 ) ;
#41 = ORIENTED_EDGE ( 'NONE', *, *, #109, .F. ) ;
#42 = ORIENTED_EDGE ( 'NONE', *, *, #124, .T. ) ;
#43 = EDGE_LOOP ( 'NONE', ( #65, #1373, #393, #230 ) ) ;
#44 = ORIENTED_EDGE ( 'NONE', *, *, #1494, .T. ) ;
#45 = EDGE_CURVE ( 'NONE', #1449, #1486, #571, .T. ) ;
#46 = VERTEX_POINT ( 'NONE', #585 ) ;
#47 = ORIENTED_EDGE ( 'NONE', *, *, #1423, .T. ) ;
#48 = EDGE_LOOP ( 'NONE', ( #1, #1509, #96, #1330 ) ) ;
#49 = VERTEX_POINT ( 'NONE', #595 ) ;
#50 = EDGE_LOOP ( 'NONE', ( #9, #185, #61, #14 ) ) ;
#51 = EDGE_CURVE ( 'NONE', #280, #221, #600, .T. ) ;
#52 = ORIENTED_EDGE ( 'NONE', *, *, #374, .F. ) ;
#53 = EDGE_LOOP ( 'NONE', ( #1404, #35, #1445, #1242 ) ) ;
#54 = VERTEX_POINT ( 'NONE', #638 ) ;
#55 = VERTEX_POINT ( 'NONE', #639 ) ;
#56 = ORIENTED_EDGE ( 'NONE', *, *, #70, .T. ) ;
#57 = VERTEX_POINT ( 'NONE', #646 ) ;
#58 = EDGE_LOOP ( 'NONE', ( #1458, #1397, #103, #1383 ) ) ;
#59 = ORIENTED_EDGE ( 'NONE', *, *, #622, .F. ) ;
#60 = ADVANCED_FACE ( 'NONE', ( #691 ), #692, .T. ) ;
#61 = ORIENTED_EDGE ( 'NONE', *, *, #1446, .T. ) ;
#62 = ORIENTED_EDGE ( 'NONE', *, *, #288, .T. ) ;
#63 = EDGE_LOOP ( 'NONE', ( #1452, #767, #960, #1490 ) ) ;
#64 = ORIENTED_EDGE ( 'NONE', *, *, #1372, .F. ) ;
#65 = ORIENTED_EDGE ( 'NONE', *, *, #83, .F. ) ;
#66 = EDGE_LOOP ( 'NONE', ( #1385, #1431 ) ) ;
#67 = VERTEX_POINT ( 'NONE', #720 ) ;
#68 = ADVANCED_FACE ( 'NONE', ( #738 ), #739, .F. ) ;
#69 = ORIENTED_EDGE ( 'NONE', *, *, #196, .F. ) ;
#70 = EDGE_CURVE ( 'NONE', #1331, #74, #745, .T. ) ;
#71 = EDGE_CURVE ( 'NONE', #204, #1422, #752, .T. ) ;
#72 = EDGE_LOOP ( 'NONE', ( #233, #149, #231, #7, #270, #165, #95, #1505 ) ) ;
#73 = ADVANCED_FACE ( 'NONE', ( #761 ), #762, .T. ) ;
#74 = VERTEX_POINT ( 'NONE', #775 ) ;
#75 = EDGE_CURVE ( 'NONE', #136, #57, #777, .T. ) ;
#76 = ORIENTED_EDGE ( 'NONE', *, *, #1384, .T. ) ;
#77 = ORIENTED_EDGE ( 'NONE', *, *, #1396, .T. ) ;
#78 = ORIENTED_EDGE ( 'NONE', *, *, #1393, .T. ) ;
#79 = ORIENTED_EDGE ( 'NONE', *, *, #1420, .T. ) ;
#80 = ORIENTED_EDGE ( 'NONE', *, *, #109, .T. ) ;
#81 = ADVANCED_FACE ( 'NONE', ( #810 ), #811, .F. ) ;
#82 = ORIENTED_EDGE ( 'NONE', *, *, #246, .T. ) ;
#83 = EDGE_CURVE ( 'NONE', #150, #49, #847, .T. ) ;
#84 = ORIENTED_EDGE ( 'NONE', *, *, #225, .F. ) ;
#85 = ORIENTED_EDGE ( 'NONE', *, *, #4, .F. ) ;
#86 = ORIENTED_EDGE ( 'NONE', *, *, #124, .F. ) ;
#87 = ORIENTED_EDGE ( 'NONE', *, *, #1409, .T. ) ;
#88 = ORIENTED_EDGE ( 'NONE', *, *, #1503, .F. ) ;
#89 = ORIENTED_EDGE ( 'NONE', *, *, #25, .T. ) ;
#90 = EDGE_LOOP ( 'NONE', ( #131, #1462, #1450, #1459 ) ) ;
#91 = EDGE_CURVE ( 'NONE', #181, #12, #929, .T. ) ;
#92 = ADVANCED_FACE ( 'NONE', ( #946 ), #947, .F. ) ;
#93 = ORIENTED_EDGE ( 'NONE', *, *, #568, .F. ) ;
#94 = EDGE_CURVE ( 'NONE', #211, #122, #958, .T. ) ;
#95 = ORIENTED_EDGE ( 'NONE', *, *, #127, .F. ) ;
#96 = ORIENTED_EDGE ( 'NONE', *, *, #173, .F. ) ;
#97 = ORIENTED_EDGE ( 'NONE', *, *, #241, .F. ) ;
#98 = ORIENTED_EDGE ( 'NONE', *, *, #141, .T. ) ;
#99 = EDGE_CURVE ( 'NONE', #1502, #1427, #975, .T. ) ;
#100 = ORIENTED_EDGE ( 'NONE', *, *, #1384, .F. ) ;
#101 = ORIENTED_EDGE ( 'NONE', *, *, #94, .T. ) ;
#102 = VERTEX_POINT ( 'NONE', #982 ) ;
#103 = ORIENTED_EDGE ( 'NONE', *, *, #301, .F. ) ;
#104 = ORIENTED_EDGE ( 'NONE', *, *, #3, .F. ) ;
#105 = ORIENTED_EDGE ( 'NONE', *, *, #295, .T. ) ;
#106 = EDGE_CURVE ( 'NONE', #1443, #67, #987, .T. ) ;
#107 = EDGE_LOOP ( 'NONE', ( #118, #218, #84, #1407 ) ) ;
#108 = EDGE_LOOP ( 'NONE', ( #293, #256, #93, #1480 ) ) ;
#109 = EDGE_CURVE ( 'NONE', #1068, #55, #995, .T. ) ;
#110 = ORIENTED_EDGE ( 'NONE', *, *, #1504, .F. ) ;
#111 = VERTEX_POINT ( 'NONE', #1010 ) ;
#112 = ORIENTED_EDGE ( 'NONE', *, *, #106, .F. ) ;
#113 = ORIENTED_EDGE ( 'NONE', *, *, #677, .F. ) ;
#114 = EDGE_CURVE ( 'NONE', #40, #216, #1011, .T. ) ;
#115 = ORIENTED_EDGE ( 'NONE', *, *, #75, .T. ) ;
#116 = EDGE_CURVE ( 'NONE', #280, #1443, #1019, .T. ) ;
#117 = EDGE_CURVE ( 'NONE', #55, #38, #1023, .T. ) ;
#118 = ORIENTED_EDGE ( 'NONE', *, *, #99, .F. ) ;
#119 = EDGE_CURVE ( 'NONE', #1224, #1427, #1031, .T. ) ;
#120 = ADVANCED_FACE ( 'NONE', ( #1036 ), #1037, .T. ) ;
#121 = ORIENTED_EDGE ( 'NONE', *, *, #1470, .T. ) ;
#122 = VERTEX_POINT ( 'NONE', #1046 ) ;
#123 = VERTEX_POINT ( 'NONE', #1047 ) ;
#124 = EDGE_CURVE ( 'NONE', #482, #54, #1048, .T. ) ;
#125 = EDGE_CURVE ( 'NONE', #111, #482, #1058, .T. ) ;
#126 = EDGE_LOOP ( 'NONE', ( #113, #206, #1206, #110, #1485, #171, #802, #1433 ) ) ;
#127 = EDGE_CURVE ( 'NONE', #262, #1375, #1070, .T. ) ;
#128 = ORIENTED_EDGE ( 'NONE', *, *, #184, .T. ) ;
#129 = ORIENTED_EDGE ( 'NONE', *, *, #151, .T. ) ;
#130 = VERTEX_POINT ( 'NONE', #1081 ) ;
#131 = ORIENTED_EDGE ( 'NONE', *, *, #127, .T. ) ;
#132 = ORIENTED_EDGE ( 'NONE', *, *, #1332, .F. ) ;
#133 = EDGE_LOOP ( 'NONE', ( #979, #263, #178, #904 ) ) ;
#134 = ADVANCED_FACE ( 'NONE', ( #1087 ), #1088, .F. ) ;
#135 = ADVANCED_FACE ( 'NONE', ( #1093 ), #1094, .F. ) ;
#136 = VERTEX_POINT ( 'NONE', #1099 ) ;
#137 = ORIENTED_EDGE ( 'NONE', *, *, #373, .T. ) ;
#138 = EDGE_LOOP ( 'NONE', ( #264, #167, #187, #641 ) ) ;
#139 = ORIENTED_EDGE ( 'NONE', *, *, #1380, .F. ) ;
#140 = ORIENTED_EDGE ( 'NONE', *, *, #162, .T. ) ;
#141 = EDGE_CURVE ( 'NONE', #221, #150, #1101, .T. ) ;
#142 = EDGE_CURVE ( 'NONE', #501, #102, #1107, .T. ) ;
#143 = EDGE_CURVE ( 'NONE', #122, #102, #1112, .T. ) ;
#144 = ADVANCED_FACE ( 'NONE', ( #1120 ), #1121, .F. ) ;
#145 = ORIENTED_EDGE ( 'NONE', *, *, #179, .T. ) ;
#146 = EDGE_LOOP ( 'NONE', ( #1457, #1415, #1463, #249 ) ) ;
#147 = EDGE_LOOP ( 'NONE', ( #1225, #137, #1429, #213 ) ) ;
#148 = ORIENTED_EDGE ( 'NONE', *, *, #1414, .T. ) ;
#149 = ORIENTED_EDGE ( 'NONE', *, *, #1474, .F. ) ;
#150 = VERTEX_POINT ( 'NONE', #1127 ) ;
#151 = EDGE_CURVE ( 'NONE', #122, #211, #1130, .T. ) ;
#152 = ORIENTED_EDGE ( 'NONE', *, *, #142, .T. ) ;
#153 = ORIENTED_EDGE ( 'NONE', *, *, #51, .F. ) ;
#154 = EDGE_LOOP ( 'NONE', ( #36, #1371, #287, #152 ) ) ;
#155 = ADVANCED_FACE ( 'NONE', ( #1146 ), #1147, .F. ) ;
#156 = EDGE_LOOP ( 'NONE', ( #160, #1400, #163, #1444 ) ) ;
#157 = VERTEX_POINT ( 'NONE', #1158 ) ;
#158 = VERTEX_POINT ( 'NONE', #1159 ) ;
#159 = EDGE_CURVE ( 'NONE', #276, #1428, #1177, .T. ) ;
#160 = ORIENTED_EDGE ( 'NONE', *, *, #1377, .F. ) ;
#161 = VERTEX_POINT ( 'NONE', #1181 ) ;
#162 = EDGE_CURVE ( 'NONE', #157, #161, #1182, .T. ) ;
#163 = ORIENTED_EDGE ( 'NONE', *, *, #51, .T. ) ;
#164 = ADVANCED_FACE ( 'NONE', ( #1186, #1187 ), #1190, .F. ) ;
#165 = ORIENTED_EDGE ( 'NONE', *, *, #1393, .F. ) ;
#166 = ORIENTED_EDGE ( 'NONE', *, *, #224, .T. ) ;
#167 = ORIENTED_EDGE ( 'NONE', *, *, #1481, .T. ) ;
#168 = VERTEX_POINT ( 'NONE', #1199 ) ;
#169 = ADVANCED_FACE ( 'NONE', ( #1200 ), #1201, .F. ) ;
#170 = ORIENTED_EDGE ( 'NONE', *, *, #908, .F. ) ;
#171 = ORIENTED_EDGE ( 'NONE', *, *, #1103, .F. ) ;
#172 = VERTEX_POINT ( 'NONE', #1209 ) ;
#173 = EDGE_CURVE ( 'NONE', #46, #1275, #1210, .T. ) ;
#174 = ORIENTED_EDGE ( 'NONE', *, *, #159, .T. ) ;
#175 = EDGE_LOOP ( 'NONE', ( #104, #1466, #145, #47 ) ) ;
#176 = ORIENTED_EDGE ( 'NONE', *, *, #465, .T. ) ;
#177 = EDGE_CURVE ( 'NONE', #1495, #1331, #1218, .T. ) ;
#178 = ORIENTED_EDGE ( 'NONE', *, *, #1442, .F. ) ;
#179 = EDGE_CURVE ( 'NONE', #1170, #279, #1228, .T. ) ;
#180 = ORIENTED_EDGE ( 'NONE', *, *, #1437, .T. ) ;
#181 = VERTEX_POINT ( 'NONE', #1241 ) ;
#182 = EDGE_CURVE ( 'NONE', #279, #1224, #1247, .T. ) ;
#183 = ADVANCED_FACE ( 'NONE', ( #1251 ), #1252, .T. ) ;
#184 = EDGE_CURVE ( 'NONE', #210, #136, #1263, .T. ) ;
#185 = ORIENTED_EDGE ( 'NONE', *, *, #184, .F. ) ;
#186 = ORIENTED_EDGE ( 'NONE', *, *, #22, .T. ) ;
#187 = ORIENTED_EDGE ( 'NONE', *, *, #586, .F. ) ;
#188 = ORIENTED_EDGE ( 'NONE', *, *, #114, .T. ) ;
#189 = EDGE_LOOP ( 'NONE', ( #1439, #1430, #292, #209 ) ) ;
#190 = ORIENTED_EDGE ( 'NONE', *, *, #1436, .T. ) ;
#191 = ORIENTED_EDGE ( 'NONE', *, *, #114, .F. ) ;
#192 = CLOSED_SHELL ( 'NONE', ( #164, #1421, #1390, #1498, #569, #1313, #1489, #242, #1501, #232, #1050, #621, #207, #183, #1468, #120, #135, #234, #1493, #81, #60, #335, #8, #229, #205, #228, #640, #1464, #318, #215, #92, #169, #144, #392, #198, #5, #278, #239, #1086, #1279, #245, #68, #134, #155, #220, #73, #1351, #266, #257 ) ) ;
#193 = EDGE_LOOP ( 'NONE', ( #285, #712, #236, #1507 ) ) ;
#194 = ORIENTED_EDGE ( 'NONE', *, *, #253, .F. ) ;
#195 = ORIENTED_EDGE ( 'NONE', *, *, #177, .T. ) ;
#196 = EDGE_CURVE ( 'NONE', #1448, #273, #734, .T. ) ;
#197 = EDGE_LOOP ( 'NONE', ( #784, #223, #1051, #191, #411, #1376, #1455, #59 ) ) ;
#198 = ADVANCED_FACE ( 'NONE', ( #768 ), #769, .T. ) ;
#199 = VERTEX_POINT ( 'NONE', #781 ) ;
#200 = EDGE_LOOP ( 'NONE', ( #464, #87, #1454, #88 ) ) ;
#201 = ORIENTED_EDGE ( 'NONE', *, *, #1033, .F. ) ;
#202 = ORIENTED_EDGE ( 'NONE', *, *, #1103, .T. ) ;
#203 = EDGE_CURVE ( 'NONE', #40, #276, #790, .T. ) ;
#204 = VERTEX_POINT ( 'NONE', #798 ) ;
#205 = ADVANCED_FACE ( 'NONE', ( #804 ), #805, .F. ) ;
#206 = ORIENTED_EDGE ( 'NONE', *, *, #1503, .T. ) ;
#207 = ADVANCED_FACE ( 'NONE', ( #828 ), #829, .F. ) ;
#208 = EDGE_LOOP ( 'NONE', ( #336, #42, #853, #1460 ) ) ;
#209 = ORIENTED_EDGE ( 'NONE', *, *, #253, .T. ) ;
#210 = VERTEX_POINT ( 'NONE', #858 ) ;
#211 = VERTEX_POINT ( 'NONE', #875 ) ;
#212 = VERTEX_POINT ( 'NONE', #897 ) ;
#213 = ORIENTED_EDGE ( 'NONE', *, *, #1420, .F. ) ;
#214 = ORIENTED_EDGE ( 'NONE', *, *, #260, .T. ) ;
#215 = ADVANCED_FACE ( 'NONE', ( #912 ), #913, .F. ) ;
#216 = VERTEX_POINT ( 'NONE', #918 ) ;
#217 = ORIENTED_EDGE ( 'NONE', *, *, #151, .F. ) ;
#218 = ORIENTED_EDGE ( 'NONE', *, *, #1471, .F. ) ;
#219 = EDGE_LOOP ( 'NONE', ( #1497, #140, #39, #29, #186, #294, #105, #244 ) ) ;
#220 = ADVANCED_FACE ( 'NONE', ( #938 ), #939, .T. ) ;
#221 = VERTEX_POINT ( 'NONE', #953 ) ;
#222 = ORIENTED_EDGE ( 'NONE', *, *, #1332, .T. ) ;
#223 = ORIENTED_EDGE ( 'NONE', *, *, #286, .F. ) ;
#224 = EDGE_CURVE ( 'NONE', #216, #1428, #964, .T. ) ;
#225 = EDGE_CURVE ( 'NONE', #1224, #1399, #968, .T. ) ;
#226 = ORIENTED_EDGE ( 'NONE', *, *, #1494, .F. ) ;
#227 = ORIENTED_EDGE ( 'NONE', *, *, #116, .T. ) ;
#228 = ADVANCED_FACE ( 'NONE', ( #302 ), #303, .T. ) ;
#229 = ADVANCED_FACE ( 'NONE', ( #319 ), #320, .F. ) ;
#230 = ORIENTED_EDGE ( 'NONE', *, *, #1406, .T. ) ;
#231 = ORIENTED_EDGE ( 'NONE', *, *, #251, .F. ) ;
#232 = ADVANCED_FACE ( 'NONE', ( #353 ), #354, .F. ) ;
#233 = ORIENTED_EDGE ( 'NONE', *, *, #1446, .F. ) ;
#234 = ADVANCED_FACE ( 'NONE', ( #364 ), #365, .F. ) ;
#235 = ORIENTED_EDGE ( 'NONE', *, *, #34, .T. ) ;
#236 = ORIENTED_EDGE ( 'NONE', *, *, #1403, .F. ) ;
#237 = ORIENTED_EDGE ( 'NONE', *, *, #251, .T. ) ;
#238 = VERTEX_POINT ( 'NONE', #371 ) ;
#239 = ADVANCED_FACE ( 'NONE', ( #375 ), #376, .T. ) ;
#240 = VERTEX_POINT ( 'NONE', #381 ) ;
#241 = EDGE_CURVE ( 'NONE', #20, #181, #389, .T. ) ;
#242 = ADVANCED_FACE ( 'NONE', ( #402 ), #403, .T. ) ;
#243 = ORIENTED_EDGE ( 'NONE', *, *, #119, .F. ) ;
#244 = ORIENTED_EDGE ( 'NONE', *, *, #1442, .T. ) ;
#245 = ADVANCED_FACE ( 'NONE', ( #408 ), #409, .F. ) ;
#246 = EDGE_CURVE ( 'NONE', #168, #33, #418, .T. ) ;
#247 = EDGE_LOOP ( 'NONE', ( #32, #201, #148, #62 ) ) ;
#248 = EDGE_CURVE ( 'NONE', #204, #111, #454, .T. ) ;
#249 = ORIENTED_EDGE ( 'NONE', *, *, #99, .T. ) ;
#250 = ORIENTED_EDGE ( 'NONE', *, *, #141, .F. ) ;
#251 = EDGE_CURVE ( 'NONE', #212, #273, #458, .T. ) ;
#252 = ORIENTED_EDGE ( 'NONE', *, *, #1294, .T. ) ;
#253 = EDGE_CURVE ( 'NONE', #199, #204, #472, .T. ) ;
#254 = ORIENTED_EDGE ( 'NONE', *, *, #25, .F. ) ;
#255 = EDGE_LOOP ( 'NONE', ( #101, #129 ) ) ;
#256 = ORIENTED_EDGE ( 'NONE', *, *, #675, .F. ) ;
#257 = ADVANCED_FACE ( 'NONE', ( #507 ), #508, .T. ) ;
#258 = EDGE_CURVE ( 'NONE', #13, #337, #513, .T. ) ;
#259 = VERTEX_POINT ( 'NONE', #517 ) ;
#260 = EDGE_CURVE ( 'NONE', #158, #12, #518, .T. ) ;
#261 = EDGE_CURVE ( 'NONE', #216, #1488, #522, .T. ) ;
#262 = VERTEX_POINT ( 'NONE', #527 ) ;
#263 = ORIENTED_EDGE ( 'NONE', *, *, #274, .T. ) ;
#264 = ORIENTED_EDGE ( 'NONE', *, *, #1467, .T. ) ;
#265 = ORIENTED_EDGE ( 'NONE', *, *, #1506, .T. ) ;
#266 = ADVANCED_FACE ( 'NONE', ( #532 ), #533, .T. ) ;
#267 = EDGE_CURVE ( 'NONE', #15, #1375, #543, .T. ) ;
#268 = EDGE_LOOP ( 'NONE', ( #291, #1389, #176, #394 ) ) ;
#269 = EDGE_CURVE ( 'NONE', #1492, #1275, #547, .T. ) ;
#270 = ORIENTED_EDGE ( 'NONE', *, *, #19, .F. ) ;
#271 = EDGE_LOOP ( 'NONE', ( #27, #194, #79, #139 ) ) ;
#272 = ORIENTED_EDGE ( 'NONE', *, *, #1349, .T. ) ;
#273 = VERTEX_POINT ( 'NONE', #552 ) ;
#274 = EDGE_CURVE ( 'NONE', #284, #1410, #554, .T. ) ;
#275 = ORIENTED_EDGE ( 'NONE', *, *, #1504, .T. ) ;
#276 = VERTEX_POINT ( 'NONE', #559 ) ;
#277 = ORIENTED_EDGE ( 'NONE', *, *, #447, .T. ) ;
#278 = ADVANCED_FACE ( 'NONE', ( #561 ), #562, .T. ) ;
#279 = VERTEX_POINT ( 'NONE', #567 ) ;
#280 = VERTEX_POINT ( 'NONE', #570 ) ;
#281 = ORIENTED_EDGE ( 'NONE', *, *, #1406, .F. ) ;
#282 = ORIENTED_EDGE ( 'NONE', *, *, #173, .T. ) ;
#283 = EDGE_CURVE ( 'NONE', #46, #1422, #575, .T. ) ;
#284 = VERTEX_POINT ( 'NONE', #579 ) ;
#285 = ORIENTED_EDGE ( 'NONE', *, *, #91, .T. ) ;
#286 = EDGE_CURVE ( 'NONE', #1488, #38, #581, .T. ) ;
#287 = ORIENTED_EDGE ( 'NONE', *, *, #908, .T. ) ;
#288 = EDGE_CURVE ( 'NONE', #28, #123, #596, .T. ) ;
#289 = ORIENTED_EDGE ( 'NONE', *, *, #162, .F. ) ;
#290 = ORIENTED_EDGE ( 'NONE', *, *, #182, .F. ) ;
#291 = ORIENTED_EDGE ( 'NONE', *, *, #23, .F. ) ;
#292 = ORIENTED_EDGE ( 'NONE', *, *, #906, .F. ) ;
#293 = ORIENTED_EDGE ( 'NONE', *, *, #19, .T. ) ;
#294 = ORIENTED_EDGE ( 'NONE', *, *, #1403, .T. ) ;
#295 = EDGE_CURVE ( 'NONE', #158, #907, #634, .T. ) ;
#296 = EDGE_LOOP ( 'NONE', ( #430, #115, #1477, #300, #44, #1417, #82, #235 ) ) ;
#297 = ORIENTED_EDGE ( 'NONE', *, *, #622, .T. ) ;
#298 = ORIENTED_EDGE ( 'NONE', *, *, #246, .F. ) ;
#299 = ORIENTED_EDGE ( 'NONE', *, *, #177, .F. ) ;
#300 = ORIENTED_EDGE ( 'NONE', *, *, #1482, .T. ) ;
#301 = EDGE_CURVE ( 'NONE', #161, #1449, #642, .T. ) ;
#302 = FACE_OUTER_BOUND ( 'NONE', #219, .T. ) ;
#303 = PLANE ( 'NONE',  #304 ) ;
#304 = AXIS2_PLACEMENT_3D ( 'NONE', #305, #306, #307 ) ;
#305 = CARTESIAN_POINT ( 'NONE',  ( 0.2000000000000000100, 1.350000000000000100, -3.500000000000000000 ) ) ;
#306 = DIRECTION ( 'NONE',  ( 1.000000000000000000, 0.0000000000000000000, 0.0000000000000000000 ) ) ;
#307 = DIRECTION ( 'NONE',  ( 0.0000000000000000000, 0.0000000000000000000, -1.000000000000000000 ) ) ;
#308 = LINE ( 'NONE', #309, #310 ) ;
#309 = CARTESIAN_POINT ( 'NONE',  ( 2.339999999999999900, 1.350000000000000100, 1.200000000000000000 ) ) ;
#310 = VECTOR ( 'NONE', #311, 1000.000000000000000 ) ;
#311 = DIRECTION ( 'NONE',  ( 0.0000000000000000000, 1.554411716825094900E-016, 1.000000000000000000 ) ) ;
#312 = CARTESIAN_POINT ( 'NONE',  ( 0.2000000000000000100, -2.539456266356839700E-016, -3.500000000000000000 ) ) ;
#313 = LINE ( 'NONE', #314, #315 ) ;
#314 = CARTESIAN_POINT ( 'NONE',  ( 2.739999999999999800, -1.111170074311348000E-015, 3.500000000000000000 ) ) ;
#315 = VECTOR ( 'NONE', #316, 1000.000000000000000 ) ;
#316 = DIRECTION ( 'NONE',  ( 0.0000000000000000000, 4.286122238378324800E-016, -1.000000000000000000 ) ) ;
#317 = ORIENTED_EDGE ( 'NONE', *, *, #1424, .F. ) ;
#318 = ADVANCED_FACE ( 'NONE', ( #653 ), #654, .T. ) ;
#319 = FACE_OUTER_BOUND ( 'NONE', #133, .T. ) ;
#320 = PLANE ( 'NONE',  #321 ) ;
#321 = AXIS2_PLACEMENT_3D ( 'NONE', #322, #323, #324 ) ;
#322 = CARTESIAN_POINT ( 'NONE',  ( 0.2000000000000000100, 1.350000000000000100, -1.200000000000000000 ) ) ;
#323 = DIRECTION ( 'NONE',  ( 0.0000000000000000000, -1.000000000000000000, -4.663235150475289800E-016 ) ) ;
#324 = DIRECTION ( 'NONE',  ( 0.0000000000000000000, 4.663235150475289800E-016, -1.000000000000000000 ) ) ;
#325 = LINE ( 'NONE', #326, #327 ) ;
#326 = CARTESIAN_POINT ( 'NONE',  ( 2.339999999999999900, -2.539456266356839700E-016, -3.500000000000000000 ) ) ;
#327 = VECTOR ( 'NONE', #328, 1000.000000000000000 ) ;
#328 = DIRECTION ( 'NONE',  ( 1.000000000000000000, 0.0000000000000000000, 0.0000000000000000000 ) ) ;
#329 = LINE ( 'NONE', #330, #331 ) ;
#330 = CARTESIAN_POINT ( 'NONE',  ( 0.2000000000000000100, 1.200000000000000000, -2.487912754951629800 ) ) ;
#331 = VECTOR ( 'NONE', #332, 1000.000000000000000 ) ;
#332 = DIRECTION ( 'NONE',  ( -1.000000000000000000, 0.0000000000000000000, 0.0000000000000000000 ) ) ;
#333 = FACE_OUTER_BOUND ( 'NONE', #43, .T. ) ;
#334 = PLANE ( 'NONE',  #339 ) ;
#335 = ADVANCED_FACE ( 'NONE', ( #669 ), #670, .F. ) ;
#336 = ORIENTED_EDGE ( 'NONE', *, *, #125, .T. ) ;
#337 = VERTEX_POINT ( 'NONE', #678 ) ;
#338 = EDGE_LOOP ( 'NONE', ( #250, #153, #227, #272 ) ) ;
#339 = AXIS2_PLACEMENT_3D ( 'NONE', #340, #341, #342 ) ;
#340 = CARTESIAN_POINT ( 'NONE',  ( 2.339999999999999900, 0.1499999999999999900, 3.007087245048369900 ) ) ;
#341 = DIRECTION ( 'NONE',  ( 0.0000000000000000000, 1.000000000000000000, 1.594697169338065000E-015 ) ) ;
#342 = DIRECTION ( 'NONE',  ( 0.0000000000000000000, -1.594697169338065000E-015, 1.000000000000000000 ) ) ;
#343 = LINE ( 'NONE', #344, #345 ) ;
#344 = CARTESIAN_POINT ( 'NONE',  ( 3.220000000000000200, 1.200000000000000000, -2.173999999999999900 ) ) ;
#345 = VECTOR ( 'NONE', #346, 1000.000000000000000 ) ;
#346 = DIRECTION ( 'NONE',  ( -1.000000000000000000, 0.0000000000000000000, 0.0000000000000000000 ) ) ;
#347 = FACE_OUTER_BOUND ( 'NONE', #208, .T. ) ;
#348 = PLANE ( 'NONE',  #349 ) ;
#349 = AXIS2_PLACEMENT_3D ( 'NONE', #350, #351, #352 ) ;
#350 = CARTESIAN_POINT ( 'NONE',  ( 3.220000000000000200, 1.100000000000000100, -2.200000000000000200 ) ) ;
#351 = DIRECTION ( 'NONE',  ( 0.0000000000000000000, 0.2516338517649509600, 0.9678225067882718600 ) ) ;
#352 = DIRECTION ( 'NONE',  ( 0.0000000000000000000, -0.9678225067882718600, 0.2516338517649509600 ) ) ;
#353 = FACE_OUTER_BOUND ( 'NONE', #296, .T. ) ;
#354 = PLANE ( 'NONE',  #356 ) ;
#355 = ORIENTED_EDGE ( 'NONE', *, *, #1499, .F. ) ;
#356 = AXIS2_PLACEMENT_3D ( 'NONE', #357, #358, #359 ) ;
#357 = CARTESIAN_POINT ( 'NONE',  ( 0.2000000000000000100, 1.350000000000000100, 1.200000000000000000 ) ) ;
#358 = DIRECTION ( 'NONE',  ( -1.000000000000000000, 0.0000000000000000000, 0.0000000000000000000 ) ) ;
#359 = DIRECTION ( 'NONE',  ( 0.0000000000000000000, 0.0000000000000000000, 1.000000000000000000 ) ) ;
#360 = LINE ( 'NONE', #361, #362 ) ;
#361 = CARTESIAN_POINT ( 'NONE',  ( -0.2032417195207900100, 2.933685694150809800, -1.723241719520790100 ) ) ;
#362 = VECTOR ( 'NONE', #363, 1000.000000000000000 ) ;
#363 = DIRECTION ( 'NONE',  ( 0.2440265931279405600, 0.9385638197228471900, 0.2440265931279405600 ) ) ;
#364 = FACE_OUTER_BOUND ( 'NONE', #1189, .T. ) ;
#365 = PLANE ( 'NONE',  #366 ) ;
#366 = AXIS2_PLACEMENT_3D ( 'NONE', #367, #368, #369 ) ;
#367 = CARTESIAN_POINT ( 'NONE',  ( -0.6800000000000000500, 1.100000000000000100, -2.200000000000000200 ) ) ;
#368 = DIRECTION ( 'NONE',  ( 0.9678225067882720900, 0.2516338517649505700, 0.0000000000000000000 ) ) ;
#369 = DIRECTION ( 'NONE',  ( -0.2516338517649505700, 0.9678225067882720900, 0.0000000000000000000 ) ) ;
#370 = CARTESIAN_POINT ( 'NONE',  ( -0.2000000000000000100, 0.1499999999999999900, -3.007087245048369900 ) ) ;
#371 = CARTESIAN_POINT ( 'NONE',  ( -0.2000000000000000100, 1.350000000000000100, 2.135000000000000200 ) ) ;
#372 = EDGE_LOOP ( 'NONE', ( #202, #97, #695, #1469 ) ) ;
#373 = EDGE_CURVE ( 'NONE', #926, #1478, #683, .T. ) ;
#374 = EDGE_CURVE ( 'NONE', #33, #212, #687, .T. ) ;
#375 = FACE_OUTER_BOUND ( 'NONE', #1171, .T. ) ;
#376 = PLANE ( 'NONE',  #377 ) ;
#377 = AXIS2_PLACEMENT_3D ( 'NONE', #378, #379, #380 ) ;
#378 = CARTESIAN_POINT ( 'NONE',  ( 2.339999999999999900, 0.1499999999999988000, 3.500000000000000000 ) ) ;
#379 = DIRECTION ( 'NONE',  ( 0.0000000000000000000, 2.891205793294680200E-015, 1.000000000000000000 ) ) ;
#380 = DIRECTION ( 'NONE',  ( 0.0000000000000000000, -1.000000000000000000, 2.891205793294680200E-015 ) ) ;
#381 = CARTESIAN_POINT ( 'NONE',  ( -0.2000000000000000100, 1.200000000000000000, -2.487912754951629800 ) ) ;
#382 = FACE_OUTER_BOUND ( 'NONE', #1381, .T. ) ;
#383 = PLANE ( 'NONE',  #384 ) ;
#384 = AXIS2_PLACEMENT_3D ( 'NONE', #385, #386, #387 ) ;
#385 = CARTESIAN_POINT ( 'NONE',  ( 2.339999999999999900, 1.350000000000000100, -1.200000000000000000 ) ) ;
#386 = DIRECTION ( 'NONE',  ( 0.0000000000000000000, 1.000000000000000000, 4.663235150475289800E-016 ) ) ;
#387 = DIRECTION ( 'NONE',  ( 0.0000000000000000000, -4.663235150475289800E-016, 1.000000000000000000 ) ) ;
#388 = CARTESIAN_POINT ( 'NONE',  ( 0.2000000000000000100, 0.1499999999999988000, 3.500000000000000000 ) ) ;
#389 = LINE ( 'NONE', #390, #395 ) ;
#390 = CARTESIAN_POINT ( 'NONE',  ( 0.2000000000000000100, 0.1499999999999999900, -3.500000000000000000 ) ) ;
#391 = EDGE_LOOP ( 'NONE', ( #237, #69, #658, #1402 ) ) ;
#392 = ADVANCED_FACE ( 'NONE', ( #699 ), #700, .F. ) ;
#393 = ORIENTED_EDGE ( 'NONE', *, *, #106, .T. ) ;
#394 = ORIENTED_EDGE ( 'NONE', *, *, #1456, .T. ) ;
#395 = VECTOR ( 'NONE', #396, 1000.000000000000000 ) ;
#396 = DIRECTION ( 'NONE',  ( -1.000000000000000000, 0.0000000000000000000, 0.0000000000000000000 ) ) ;
#397 = CIRCLE ( 'NONE', #398, 0.4000000000000000800 ) ;
#398 = AXIS2_PLACEMENT_3D ( 'NONE', #399, #400, #401 ) ;
#399 = CARTESIAN_POINT ( 'NONE',  ( 0.5199999999999999100, 2.100000000000000100, 0.6999999999999999600 ) ) ;
#400 = DIRECTION ( 'NONE',  ( 0.0000000000000000000, 1.000000000000000000, 0.0000000000000000000 ) ) ;
#401 = DIRECTION ( 'NONE',  ( 0.0000000000000000000, 0.0000000000000000000, 1.000000000000000000 ) ) ;
#402 = FACE_OUTER_BOUND ( 'NONE', #255, .T. ) ;
#403 = PLANE ( 'NONE',  #404 ) ;
#404 = AXIS2_PLACEMENT_3D ( 'NONE', #405, #406, #407 ) ;
#405 = CARTESIAN_POINT ( 'NONE',  ( 0.5199999999999999100, 2.000000000000000000, 0.6999999999999999600 ) ) ;
#406 = DIRECTION ( 'NONE',  ( 0.0000000000000000000, 1.000000000000000000, 0.0000000000000000000 ) ) ;
#407 = DIRECTION ( 'NONE',  ( 0.0000000000000000000, 0.0000000000000000000, 1.000000000000000000 ) ) ;
#408 = FACE_OUTER_BOUND ( 'NONE', #1312, .T. ) ;
#409 = PLANE ( 'NONE',  #410 ) ;
#410 = AXIS2_PLACEMENT_3D ( 'NONE', #414, #415, #416 ) ;
#411 = ORIENTED_EDGE ( 'NONE', *, *, #412, .F. ) ;
#412 = EDGE_CURVE ( 'NONE', #1435, #40, #705, .T. ) ;
#413 = ORIENTED_EDGE ( 'NONE', *, *, #267, .T. ) ;
#414 = CARTESIAN_POINT ( 'NONE',  ( 0.2000000000000000100, 1.350000000000000100, -2.595000000000000200 ) ) ;
#415 = DIRECTION ( 'NONE',  ( 0.0000000000000000000, -0.3247888163284354300, 0.9457865640766809400 ) ) ;
#416 = DIRECTION ( 'NONE',  ( 0.0000000000000000000, -0.9457865640766809400, -0.3247888163284354300 ) ) ;
#417 = CARTESIAN_POINT ( 'NONE',  ( 0.2000000000000000100, 0.1499999999999999900, 3.007087245048369900 ) ) ;
#418 = LINE ( 'NONE', #419, #420 ) ;
#419 = CARTESIAN_POINT ( 'NONE',  ( 0.2000000000000000100, -1.111170074311348000E-015, 3.500000000000000000 ) ) ;
#420 = VECTOR ( 'NONE', #421, 1000.000000000000000 ) ;
#421 = DIRECTION ( 'NONE',  ( 0.0000000000000000000, 4.286122238378324800E-016, -1.000000000000000000 ) ) ;
#422 = LINE ( 'NONE', #423, #424 ) ;
#423 = CARTESIAN_POINT ( 'NONE',  ( 3.220000000000000200, 2.100000000000000100, 1.940000000000000200 ) ) ;
#424 = VECTOR ( 'NONE', #425, 1000.000000000000000 ) ;
#425 = DIRECTION ( 'NONE',  ( -1.000000000000000000, 0.0000000000000000000, 0.0000000000000000000 ) ) ;
#426 = LINE ( 'NONE', #427, #428 ) ;
#427 = CARTESIAN_POINT ( 'NONE',  ( 2.739999999999999800, 0.1499999999999999900, -3.500000000000000000 ) ) ;
#428 = VECTOR ( 'NONE', #429, 1000.000000000000000 ) ;
#429 = DIRECTION ( 'NONE',  ( 0.0000000000000000000, 1.000000000000000000, 2.891205793294680200E-015 ) ) ;
#430 = ORIENTED_EDGE ( 'NONE', *, *, #26, .T. ) ;
#431 = LINE ( 'NONE', #432, #433 ) ;
#432 = CARTESIAN_POINT ( 'NONE',  ( 2.339999999999999900, 2.100000000000000100, -1.940000000000000200 ) ) ;
#433 = VECTOR ( 'NONE', #434, 1000.000000000000100 ) ;
#434 = DIRECTION ( 'NONE',  ( 0.0000000000000000000, -0.9678225067882718600, -0.2516338517649509600 ) ) ;
#435 = FACE_OUTER_BOUND ( 'NONE', #53, .T. ) ;
#436 = PLANE ( 'NONE',  #437 ) ;
#437 = AXIS2_PLACEMENT_3D ( 'NONE', #438, #439, #440 ) ;
#438 = CARTESIAN_POINT ( 'NONE',  ( 0.2000000000000000100, 1.350000000000000100, 1.200000000000000000 ) ) ;
#439 = DIRECTION ( 'NONE',  ( 0.0000000000000000000, -1.000000000000000000, 1.554411716825094900E-016 ) ) ;
#440 = DIRECTION ( 'NONE',  ( 0.0000000000000000000, -1.554411716825094900E-016, -1.000000000000000000 ) ) ;
#441 = LINE ( 'NONE', #442, #443 ) ;
#442 = CARTESIAN_POINT ( 'NONE',  ( 2.339999999999999900, -1.111170074311348000E-015, 3.500000000000000000 ) ) ;
#443 = VECTOR ( 'NONE', #444, 1000.000000000000000 ) ;
#444 = DIRECTION ( 'NONE',  ( 1.000000000000000000, 0.0000000000000000000, 0.0000000000000000000 ) ) ;
#445 = LINE ( 'NONE', #446, #448 ) ;
#446 = CARTESIAN_POINT ( 'NONE',  ( 0.2000000000000000100, 1.350000000000000100, -2.595000000000000200 ) ) ;
#447 = EDGE_CURVE ( 'NONE', #74, #123, #716, .T. ) ;
#448 = VECTOR ( 'NONE', #449, 1000.000000000000000 ) ;
#449 = DIRECTION ( 'NONE',  ( -1.000000000000000000, 0.0000000000000000000, 0.0000000000000000000 ) ) ;
#450 = LINE ( 'NONE', #451, #452 ) ;
#451 = CARTESIAN_POINT ( 'NONE',  ( 2.739999999999999800, 1.200000000000000000, 1.200000000000000000 ) ) ;
#452 = VECTOR ( 'NONE', #453, 1000.000000000000000 ) ;
#453 = DIRECTION ( 'NONE',  ( 0.0000000000000000000, 1.683657791751929800E-016, -1.000000000000000000 ) ) ;
#454 = LINE ( 'NONE', #455, #456 ) ;
#455 = CARTESIAN_POINT ( 'NONE',  ( 3.220000000000000200, 1.100000000000000100, -2.200000000000000200 ) ) ;
#456 = VECTOR ( 'NONE', #457, 1000.000000000000000 ) ;
#457 = DIRECTION ( 'NONE',  ( -0.2440265931279400900, -0.9385638197228473000, 0.2440265931279405900 ) ) ;
#458 = LINE ( 'NONE', #459, #460 ) ;
#459 = CARTESIAN_POINT ( 'NONE',  ( -0.2000000000000000100, 1.200000000000000000, 2.487912754951629800 ) ) ;
#460 = VECTOR ( 'NONE', #461, 1000.000000000000100 ) ;
#461 = DIRECTION ( 'NONE',  ( 0.0000000000000000000, 0.9457865640766810500, -0.3247888163284349800 ) ) ;
#462 = LINE ( 'NONE', #463, #466 ) ;
#463 = CARTESIAN_POINT ( 'NONE',  ( -0.2000000000000000100, 1.200000000000000000, 1.200000000000000000 ) ) ;
#464 = ORIENTED_EDGE ( 'NONE', *, *, #6, .F. ) ;
#465 = EDGE_CURVE ( 'NONE', #28, #1435, #725, .T. ) ;
#466 = VECTOR ( 'NONE', #467, 1000.000000000000000 ) ;
#467 = DIRECTION ( 'NONE',  ( 0.0000000000000000000, 1.683657791751929800E-016, -1.000000000000000000 ) ) ;
#468 = LINE ( 'NONE', #469, #470 ) ;
#469 = CARTESIAN_POINT ( 'NONE',  ( -0.2000000000000000100, 0.1499999999999988000, 3.500000000000000000 ) ) ;
#470 = VECTOR ( 'NONE', #471, 1000.000000000000000 ) ;
#471 = DIRECTION ( 'NONE',  ( 0.0000000000000000000, -1.000000000000000000, 2.891205793294680200E-015 ) ) ;
#472 = LINE ( 'NONE', #473, #474 ) ;
#473 = CARTESIAN_POINT ( 'NONE',  ( 2.975482734319944800, 2.040451021846370100, -1.955482734319944800 ) ) ;
#474 = VECTOR ( 'NONE', #475, 1000.000000000000000 ) ;
#475 = DIRECTION ( 'NONE',  ( 0.2440265931279405600, -0.9385638197228471900, -0.2440265931279405600 ) ) ;
#476 = CARTESIAN_POINT ( 'NONE',  ( 0.2000000000000000100, 0.1499999999999999900, -3.500000000000000000 ) ) ;
#477 = CARTESIAN_POINT ( 'NONE',  ( -0.4200000000000000400, 2.100000000000000100, 1.940000000000000200 ) ) ;
#478 = LINE ( 'NONE', #479, #480 ) ;
#479 = CARTESIAN_POINT ( 'NONE',  ( 0.2000000000000000100, 0.1499999999999999900, -3.500000000000000000 ) ) ;
#480 = VECTOR ( 'NONE', #481, 1000.000000000000000 ) ;
#481 = DIRECTION ( 'NONE',  ( 0.0000000000000000000, 1.000000000000000000, 2.891205793294680200E-015 ) ) ;
#482 = VERTEX_POINT ( 'NONE', #744 ) ;
#483 = VERTEX_POINT ( 'NONE', #756 ) ;
#484 = LINE ( 'NONE', #485, #486 ) ;
#485 = CARTESIAN_POINT ( 'NONE',  ( 2.739999999999999800, -2.539456266356839700E-016, -3.500000000000000000 ) ) ;
#486 = VECTOR ( 'NONE', #487, 1000.000000000000000 ) ;
#487 = DIRECTION ( 'NONE',  ( 0.0000000000000000000, -1.836909530733569800E-016, -1.000000000000000000 ) ) ;
#488 = LINE ( 'NONE', #489, #490 ) ;
#489 = CARTESIAN_POINT ( 'NONE',  ( 3.220000000000000200, 1.350000000000000100, 2.135000000000000200 ) ) ;
#490 = VECTOR ( 'NONE', #491, 1000.000000000000000 ) ;
#491 = DIRECTION ( 'NONE',  ( -1.000000000000000000, 0.0000000000000000000, 0.0000000000000000000 ) ) ;
#492 = LINE ( 'NONE', #493, #494 ) ;
#493 = CARTESIAN_POINT ( 'NONE',  ( -0.2032417195207900100, 2.933685694150809800, 1.723241719520790100 ) ) ;
#494 = VECTOR ( 'NONE', #495, 1000.000000000000000 ) ;
#495 = DIRECTION ( 'NONE',  ( -0.2440265931279405600, -0.9385638197228471900, 0.2440265931279405600 ) ) ;
#496 = LINE ( 'NONE', #497, #498 ) ;
#497 = CARTESIAN_POINT ( 'NONE',  ( -0.6800000000000000500, 1.100000000000000100, -2.200000000000000200 ) ) ;
#498 = VECTOR ( 'NONE', #499, 1000.000000000000000 ) ;
#499 = DIRECTION ( 'NONE',  ( 0.0000000000000000000, 0.0000000000000000000, 1.000000000000000000 ) ) ;
#500 = VERTEX_POINT ( 'NONE', #774 ) ;
#501 = VERTEX_POINT ( 'NONE', #776 ) ;
#502 = ORIENTED_EDGE ( 'NONE', *, *, #70, .F. ) ;
#503 = LINE ( 'NONE', #504, #505 ) ;
#504 = CARTESIAN_POINT ( 'NONE',  ( 0.2000000000000000100, 1.200000000000000000, 1.200000000000000000 ) ) ;
#505 = VECTOR ( 'NONE', #506, 1000.000000000000000 ) ;
#506 = DIRECTION ( 'NONE',  ( 0.0000000000000000000, 1.683657791751929800E-016, -1.000000000000000000 ) ) ;
#507 = FACE_OUTER_BOUND ( 'NONE', #268, .T. ) ;
#508 = PLANE ( 'NONE',  #509 ) ;
#509 = AXIS2_PLACEMENT_3D ( 'NONE', #510, #511, #512 ) ;
#510 = CARTESIAN_POINT ( 'NONE',  ( 2.339999999999999900, -2.539456266356839700E-016, -3.500000000000000000 ) ) ;
#511 = DIRECTION ( 'NONE',  ( 0.0000000000000000000, -1.000000000000000000, 1.836909530733569800E-016 ) ) ;
#512 = DIRECTION ( 'NONE',  ( 0.0000000000000000000, -1.836909530733569800E-016, -1.000000000000000000 ) ) ;
#513 = LINE ( 'NONE', #514, #515 ) ;
#514 = CARTESIAN_POINT ( 'NONE',  ( 0.2000000000000000100, 0.1499999999999988000, 3.500000000000000000 ) ) ;
#515 = VECTOR ( 'NONE', #516, 1000.000000000000000 ) ;
#516 = DIRECTION ( 'NONE',  ( -1.000000000000000000, 0.0000000000000000000, 0.0000000000000000000 ) ) ;
#517 = CARTESIAN_POINT ( 'NONE',  ( 2.960000000000000000, 2.100000000000000100, 1.940000000000000200 ) ) ;
#518 = LINE ( 'NONE', #519, #520 ) ;
#519 = CARTESIAN_POINT ( 'NONE',  ( 0.2000000000000000100, 0.1499999999999999900, -3.007087245048369900 ) ) ;
#520 = VECTOR ( 'NONE', #521, 1000.000000000000000 ) ;
#521 = DIRECTION ( 'NONE',  ( -1.000000000000000000, 0.0000000000000000000, 0.0000000000000000000 ) ) ;
#522 = LINE ( 'NONE', #523, #524 ) ;
#523 = CARTESIAN_POINT ( 'NONE',  ( 2.339999999999999900, 1.350000000000000100, -2.595000000000000200 ) ) ;
#524 = VECTOR ( 'NONE', #525, 1000.000000000000100 ) ;
#525 = DIRECTION ( 'NONE',  ( 0.0000000000000000000, 0.9457865640766809400, 0.3247888163284354300 ) ) ;
#526 = CARTESIAN_POINT ( 'NONE',  ( 2.339999999999999900, -1.437310547916698200E-016, -2.899999999999999900 ) ) ;
#527 = CARTESIAN_POINT ( 'NONE',  ( -0.2000000000000000100, 1.350000000000000100, 2.595000000000000200 ) ) ;
#528 = LINE ( 'NONE', #529, #530 ) ;
#529 = CARTESIAN_POINT ( 'NONE',  ( 0.2000000000000000100, 1.350000000000000100, 2.595000000000000200 ) ) ;
#530 = VECTOR ( 'NONE', #531, 1000.000000000000100 ) ;
#531 = DIRECTION ( 'NONE',  ( 0.0000000000000000000, -0.9457865640766809400, 0.3247888163284354300 ) ) ;
#532 = FACE_OUTER_BOUND ( 'NONE', #1461, .T. ) ;
#533 = PLANE ( 'NONE',  #534 ) ;
#534 = AXIS2_PLACEMENT_3D ( 'NONE', #535, #536, #537 ) ;
#535 = CARTESIAN_POINT ( 'NONE',  ( 2.339999999999999900, 0.1499999999999999900, -3.500000000000000000 ) ) ;
#536 = DIRECTION ( 'NONE',  ( 0.0000000000000000000, 2.891205793294680200E-015, -1.000000000000000000 ) ) ;
#537 = DIRECTION ( 'NONE',  ( 0.0000000000000000000, 1.000000000000000000, 2.891205793294680200E-015 ) ) ;
#538 = CARTESIAN_POINT ( 'NONE',  ( 0.2000000000000000100, -8.540027400086490400E-016, 2.899999999999999900 ) ) ;
#539 = LINE ( 'NONE', #540, #541 ) ;
#540 = CARTESIAN_POINT ( 'NONE',  ( 0.2000000000000000100, 1.200000000000000000, 2.487912754951629800 ) ) ;
#541 = VECTOR ( 'NONE', #542, 1000.000000000000100 ) ;
#542 = DIRECTION ( 'NONE',  ( 0.0000000000000000000, 0.9457865640766810500, -0.3247888163284349800 ) ) ;
#543 = LINE ( 'NONE', #544, #545 ) ;
#544 = CARTESIAN_POINT ( 'NONE',  ( 0.2000000000000000100, 0.1499999999999999900, 3.007087245048369900 ) ) ;
#545 = VECTOR ( 'NONE', #546, 1000.000000000000000 ) ;
#546 = DIRECTION ( 'NONE',  ( -1.000000000000000000, 0.0000000000000000000, 0.0000000000000000000 ) ) ;
#547 = LINE ( 'NONE', #548, #549 ) ;
#548 = CARTESIAN_POINT ( 'NONE',  ( -0.4477589852008460000, 0.2067653276955610200, 1.967758985200845000 ) ) ;
#549 = VECTOR ( 'NONE', #550, 1000.000000000000000 ) ;
#550 = DIRECTION ( 'NONE',  ( 0.2440265931279400900, -0.9385638197228473000, -0.2440265931279405900 ) ) ;
#551 = ORIENTED_EDGE ( 'NONE', *, *, #286, .T. ) ;
#552 = CARTESIAN_POINT ( 'NONE',  ( -0.2000000000000000100, 1.200000000000000000, 2.487912754951629800 ) ) ;
#553 = CARTESIAN_POINT ( 'NONE',  ( 2.339999999999999900, 1.350000000000000100, -2.135000000000000200 ) ) ;
#554 = LINE ( 'NONE', #555, #556 ) ;
#555 = CARTESIAN_POINT ( 'NONE',  ( 3.220000000000000200, 1.350000000000000100, -2.135000000000000200 ) ) ;
#556 = VECTOR ( 'NONE', #557, 1000.000000000000000 ) ;
#557 = DIRECTION ( 'NONE',  ( 1.000000000000000000, 0.0000000000000000000, 0.0000000000000000000 ) ) ;
#558 = CARTESIAN_POINT ( 'NONE',  ( -0.2000000000000000100, -1.437310547916698200E-016, -2.899999999999999900 ) ) ;
#559 = CARTESIAN_POINT ( 'NONE',  ( 2.739999999999999800, 0.1499999999999999900, -3.500000000000000000 ) ) ;
#560 = CARTESIAN_POINT ( 'NONE',  ( 2.339999999999999900, 0.1499999999999999900, -3.500000000000000000 ) ) ;
#561 = FACE_OUTER_BOUND ( 'NONE', #175, .T. ) ;
#562 = PLANE ( 'NONE',  #563 ) ;
#563 = AXIS2_PLACEMENT_3D ( 'NONE', #564, #565, #566 ) ;
#564 = CARTESIAN_POINT ( 'NONE',  ( 2.339999999999999900, -1.111170074311348000E-015, 3.500000000000000000 ) ) ;
#565 = DIRECTION ( 'NONE',  ( 0.0000000000000000000, -1.000000000000000000, -4.286122238378324800E-016 ) ) ;
#566 = DIRECTION ( 'NONE',  ( 0.0000000000000000000, 4.286122238378324800E-016, -1.000000000000000000 ) ) ;
#567 = CARTESIAN_POINT ( 'NONE',  ( 2.339999999999999900, -8.540027400086490400E-016, 2.899999999999999900 ) ) ;
#568 = EDGE_CURVE ( 'NONE', #13, #168, #799, .T. ) ;
#569 = ADVANCED_FACE ( 'NONE', ( #816 ), #817, .F. ) ;
#570 = CARTESIAN_POINT ( 'NONE',  ( 2.339999999999999900, 1.350000000000000100, 2.595000000000000200 ) ) ;
#571 = LINE ( 'NONE', #572, #573 ) ;
#572 = CARTESIAN_POINT ( 'NONE',  ( 0.2000000000000000100, -1.437310547916698200E-016, -2.899999999999999900 ) ) ;
#573 = VECTOR ( 'NONE', #574, 1000.000000000000000 ) ;
#574 = DIRECTION ( 'NONE',  ( -1.000000000000000000, 0.0000000000000000000, 0.0000000000000000000 ) ) ;
#575 = LINE ( 'NONE', #576, #577 ) ;
#576 = CARTESIAN_POINT ( 'NONE',  ( 3.220000000000000200, 1.100000000000000100, 2.200000000000000200 ) ) ;
#577 = VECTOR ( 'NONE', #578, 1000.000000000000000 ) ;
#578 = DIRECTION ( 'NONE',  ( 0.2440265931279400900, 0.9385638197228473000, 0.2440265931279405900 ) ) ;
#579 = CARTESIAN_POINT ( 'NONE',  ( -0.2000000000000000100, 1.350000000000000100, -2.135000000000000200 ) ) ;
#580 = CARTESIAN_POINT ( 'NONE',  ( 2.339999999999999900, 1.350000000000000100, -2.595000000000000200 ) ) ;
#581 = LINE ( 'NONE', #582, #583 ) ;
#582 = CARTESIAN_POINT ( 'NONE',  ( 2.339999999999999900, 1.350000000000000100, -1.200000000000000000 ) ) ;
#583 = VECTOR ( 'NONE', #584, 1000.000000000000000 ) ;
#584 = DIRECTION ( 'NONE',  ( 0.0000000000000000000, -4.663235150475289800E-016, 1.000000000000000000 ) ) ;
#585 = CARTESIAN_POINT ( 'NONE',  ( 2.960000000000000000, 0.1000000000000000100, 1.940000000000000200 ) ) ;
#586 = EDGE_CURVE ( 'NONE', #1422, #1492, #834, .T. ) ;
#587 = FACE_BOUND ( 'NONE', #1440, .T. ) ;
#588 = FACE_BOUND ( 'NONE', #200, .T. ) ;
#589 = FACE_OUTER_BOUND ( 'NONE', #189, .T. ) ;
#590 = PLANE ( 'NONE',  #591 ) ;
#591 = AXIS2_PLACEMENT_3D ( 'NONE', #592, #593, #594 ) ;
#592 = CARTESIAN_POINT ( 'NONE',  ( 3.220000000000000200, 2.100000000000000100, -1.940000000000000200 ) ) ;
#593 = DIRECTION ( 'NONE',  ( 0.0000000000000000000, -0.2516338517649505700, 0.9678225067882720900 ) ) ;
#594 = DIRECTION ( 'NONE',  ( 0.0000000000000000000, -0.9678225067882720900, -0.2516338517649505700 ) ) ;
#595 = CARTESIAN_POINT ( 'NONE',  ( 2.739999999999999800, 0.1499999999999988000, 3.500000000000000000 ) ) ;
#596 = LINE ( 'NONE', #597, #598 ) ;
#597 = CARTESIAN_POINT ( 'NONE',  ( 2.339999999999999900, -1.437310547916698200E-016, -2.899999999999999900 ) ) ;
#598 = VECTOR ( 'NONE', #599, 1000.000000000000000 ) ;
#599 = DIRECTION ( 'NONE',  ( 1.000000000000000000, 0.0000000000000000000, 0.0000000000000000000 ) ) ;
#600 = LINE ( 'NONE', #601, #602 ) ;
#601 = CARTESIAN_POINT ( 'NONE',  ( 2.339999999999999900, 1.350000000000000100, 2.595000000000000200 ) ) ;
#602 = VECTOR ( 'NONE', #604, 1000.000000000000000 ) ;
#603 = EDGE_CURVE ( 'NONE', #204, #54, #839, .T. ) ;
#604 = DIRECTION ( 'NONE',  ( 1.000000000000000000, 0.0000000000000000000, 0.0000000000000000000 ) ) ;
#605 = CARTESIAN_POINT ( 'NONE',  ( -0.6800000000000000500, 1.100000000000000100, 2.200000000000000200 ) ) ;
#606 = FACE_OUTER_BOUND ( 'NONE', #1416, .T. ) ;
#607 = PLANE ( 'NONE',  #608 ) ;
#608 = AXIS2_PLACEMENT_3D ( 'NONE', #609, #610, #611 ) ;
#609 = CARTESIAN_POINT ( 'NONE',  ( 3.220000000000000200, 1.100000000000000100, -2.200000000000000200 ) ) ;
#610 = DIRECTION ( 'NONE',  ( -0.9678225067882720900, 0.2516338517649505700, 0.0000000000000000000 ) ) ;
#611 = DIRECTION ( 'NONE',  ( -0.2516338517649505700, -0.9678225067882720900, 0.0000000000000000000 ) ) ;
#612 = LINE ( 'NONE', #613, #614 ) ;
#613 = CARTESIAN_POINT ( 'NONE',  ( 0.2000000000000000100, 0.1499999999999999900, 3.007087245048369900 ) ) ;
#614 = VECTOR ( 'NONE', #615, 1000.000000000000000 ) ;
#615 = DIRECTION ( 'NONE',  ( 0.0000000000000000000, -1.594697169338065000E-015, 1.000000000000000000 ) ) ;
#616 = CARTESIAN_POINT ( 'NONE',  ( 2.339999999999999900, 1.200000000000000000, -2.173999999999999900 ) ) ;
#617 = CARTESIAN_POINT ( 'NONE',  ( 2.339999999999999900, 1.350000000000000100, 2.135000000000000200 ) ) ;
#618 = FACE_BOUND ( 'NONE', #50, .T. ) ;
#619 = FACE_OUTER_BOUND ( 'NONE', #138, .T. ) ;
#620 = EDGE_LOOP ( 'NONE', ( #749, #77, #243, #290, #1350, #132, #112, #1278 ) ) ;
#621 = ADVANCED_FACE ( 'NONE', ( #851 ), #852, .F. ) ;
#622 = EDGE_CURVE ( 'NONE', #1495, #1382, #863, .T. ) ;
#623 = ORIENTED_EDGE ( 'NONE', *, *, #870, .T. ) ;
#624 = FACE_BOUND ( 'NONE', #146, .T. ) ;
#625 = PLANE ( 'NONE',  #626 ) ;
#626 = AXIS2_PLACEMENT_3D ( 'NONE', #627, #628, #629 ) ;
#627 = CARTESIAN_POINT ( 'NONE',  ( 3.220000000000000200, 2.100000000000000100, 1.940000000000000200 ) ) ;
#628 = DIRECTION ( 'NONE',  ( 0.0000000000000000000, -0.2516338517649505700, -0.9678225067882720900 ) ) ;
#629 = DIRECTION ( 'NONE',  ( 0.0000000000000000000, 0.9678225067882720900, -0.2516338517649505700 ) ) ;
#630 = LINE ( 'NONE', #631, #632 ) ;
#631 = CARTESIAN_POINT ( 'NONE',  ( 2.739999999999999800, 0.1499999999999988000, 3.500000000000000000 ) ) ;
#632 = VECTOR ( 'NONE', #633, 1000.000000000000000 ) ;
#633 = DIRECTION ( 'NONE',  ( 0.0000000000000000000, -1.000000000000000000, 2.891205793294680200E-015 ) ) ;
#634 = LINE ( 'NONE', #635, #636 ) ;
#635 = CARTESIAN_POINT ( 'NONE',  ( 0.2000000000000000100, 1.350000000000000100, -2.595000000000000200 ) ) ;
#636 = VECTOR ( 'NONE', #637, 1000.000000000000100 ) ;
#637 = DIRECTION ( 'NONE',  ( 0.0000000000000000000, 0.9457865640766809400, 0.3247888163284354300 ) ) ;
#638 = CARTESIAN_POINT ( 'NONE',  ( -0.6800000000000000500, 1.100000000000000100, -2.200000000000000200 ) ) ;
#639 = CARTESIAN_POINT ( 'NONE',  ( 2.739999999999999800, 1.350000000000000100, -2.135000000000000200 ) ) ;
#640 = ADVANCED_FACE ( 'NONE', ( #880 ), #881, .T. ) ;
#641 = ORIENTED_EDGE ( 'NONE', *, *, #1380, .T. ) ;
#642 = LINE ( 'NONE', #643, #644 ) ;
#643 = CARTESIAN_POINT ( 'NONE',  ( 0.2000000000000000100, 1.200000000000000000, -2.487912754951629800 ) ) ;
#644 = VECTOR ( 'NONE', #645, 1000.000000000000100 ) ;
#645 = DIRECTION ( 'NONE',  ( 0.0000000000000000000, -0.9457865640766810500, -0.3247888163284349800 ) ) ;
#646 = CARTESIAN_POINT ( 'NONE',  ( 0.2000000000000000100, 1.350000000000000100, 2.135000000000000200 ) ) ;
#647 = FACE_OUTER_BOUND ( 'NONE', #156, .T. ) ;
#648 = PLANE ( 'NONE',  #649 ) ;
#649 = AXIS2_PLACEMENT_3D ( 'NONE', #650, #651, #652 ) ;
#650 = CARTESIAN_POINT ( 'NONE',  ( 2.339999999999999900, 1.350000000000000100, 1.200000000000000000 ) ) ;
#651 = DIRECTION ( 'NONE',  ( 0.0000000000000000000, 1.000000000000000000, -1.554411716825094900E-016 ) ) ;
#652 = DIRECTION ( 'NONE',  ( 0.0000000000000000000, 1.554411716825094900E-016, 1.000000000000000000 ) ) ;
#653 = FACE_OUTER_BOUND ( 'NONE', #338, .T. ) ;
#654 = PLANE ( 'NONE',  #655 ) ;
#655 = AXIS2_PLACEMENT_3D ( 'NONE', #656, #657, #659 ) ;
#656 = CARTESIAN_POINT ( 'NONE',  ( 2.339999999999999900, 1.350000000000000100, 2.595000000000000200 ) ) ;
#657 = DIRECTION ( 'NONE',  ( 0.0000000000000000000, 0.3247888163284354300, 0.9457865640766809400 ) ) ;
#658 = ORIENTED_EDGE ( 'NONE', *, *, #34, .F. ) ;
#659 = DIRECTION ( 'NONE',  ( 0.0000000000000000000, -0.9457865640766809400, 0.3247888163284354300 ) ) ;
#660 = CARTESIAN_POINT ( 'NONE',  ( 2.739999999999999800, 1.200000000000000000, 2.173999999999999900 ) ) ;
#661 = LINE ( 'NONE', #662, #663 ) ;
#662 = CARTESIAN_POINT ( 'NONE',  ( -0.2000000000000000100, 2.100000000000000100, -1.940000000000000200 ) ) ;
#663 = VECTOR ( 'NONE', #664, 1000.000000000000100 ) ;
#664 = DIRECTION ( 'NONE',  ( 0.0000000000000000000, 0.9678225067882718600, 0.2516338517649509600 ) ) ;
#665 = LINE ( 'NONE', #666, #667 ) ;
#666 = CARTESIAN_POINT ( 'NONE',  ( -0.2000000000000000100, 1.350000000000000100, -2.595000000000000200 ) ) ;
#667 = VECTOR ( 'NONE', #668, 1000.000000000000100 ) ;
#668 = DIRECTION ( 'NONE',  ( 0.0000000000000000000, 0.9457865640766809400, 0.3247888163284354300 ) ) ;
#669 = FACE_OUTER_BOUND ( 'NONE', #1447, .T. ) ;
#670 = PLANE ( 'NONE',  #671 ) ;
#671 = AXIS2_PLACEMENT_3D ( 'NONE', #672, #673, #674 ) ;
#672 = CARTESIAN_POINT ( 'NONE',  ( 2.739999999999999800, 1.350000000000000100, -3.500000000000000000 ) ) ;
#673 = DIRECTION ( 'NONE',  ( -1.000000000000000000, 0.0000000000000000000, 0.0000000000000000000 ) ) ;
#674 = DIRECTION ( 'NONE',  ( 0.0000000000000000000, 0.0000000000000000000, -1.000000000000000000 ) ) ;
#675 = EDGE_CURVE ( 'NONE', #168, #785, #898, .T. ) ;
#676 = ORIENTED_EDGE ( 'NONE', *, *, #1372, .T. ) ;
#677 = EDGE_CURVE ( 'NONE', #1274, #240, #923, .T. ) ;
#678 = CARTESIAN_POINT ( 'NONE',  ( -0.2000000000000000100, 0.1499999999999988000, 3.500000000000000000 ) ) ;
#679 = LINE ( 'NONE', #680, #681 ) ;
#680 = CARTESIAN_POINT ( 'NONE',  ( -0.2000000000000000100, -2.539456266356839700E-016, -3.500000000000000000 ) ) ;
#681 = VECTOR ( 'NONE', #682, 1000.000000000000000 ) ;
#682 = DIRECTION ( 'NONE',  ( 0.0000000000000000000, -1.836909530733569800E-016, -1.000000000000000000 ) ) ;
#683 = LINE ( 'NONE', #684, #685 ) ;
#684 = CARTESIAN_POINT ( 'NONE',  ( -0.4200000000000000400, 2.100000000000000100, -2.200000000000000200 ) ) ;
#685 = VECTOR ( 'NONE', #686, 1000.000000000000000 ) ;
#686 = DIRECTION ( 'NONE',  ( 0.0000000000000000000, 0.0000000000000000000, 1.000000000000000000 ) ) ;
#687 = LINE ( 'NONE', #688, #689 ) ;
#688 = CARTESIAN_POINT ( 'NONE',  ( 0.2000000000000000100, -8.540027400086490400E-016, 2.899999999999999900 ) ) ;
#689 = VECTOR ( 'NONE', #690, 1000.000000000000000 ) ;
#690 = DIRECTION ( 'NONE',  ( -1.000000000000000000, 0.0000000000000000000, 0.0000000000000000000 ) ) ;
#691 = FACE_OUTER_BOUND ( 'NONE', #1405, .T. ) ;
#692 = PLANE ( 'NONE',  #693 ) ;
#693 = AXIS2_PLACEMENT_3D ( 'NONE', #696, #697, #698 ) ;
#694 = ORIENTED_EDGE ( 'NONE', *, *, #248, .F. ) ;
#695 = ORIENTED_EDGE ( 'NONE', *, *, #22, .F. ) ;
#696 = CARTESIAN_POINT ( 'NONE',  ( 2.339999999999999900, 1.200000000000000000, -1.200000000000000000 ) ) ;
#697 = DIRECTION ( 'NONE',  ( 0.0000000000000000000, -1.000000000000000000, -1.683657791751929800E-016 ) ) ;
#698 = DIRECTION ( 'NONE',  ( 0.0000000000000000000, 1.683657791751929800E-016, -1.000000000000000000 ) ) ;
#699 = FACE_OUTER_BOUND ( 'NONE', #391, .T. ) ;
#700 = PLANE ( 'NONE',  #701 ) ;
#701 = AXIS2_PLACEMENT_3D ( 'NONE', #702, #703, #704 ) ;
#702 = CARTESIAN_POINT ( 'NONE',  ( 0.2000000000000000100, 1.200000000000000000, 2.487912754951629800 ) ) ;
#703 = DIRECTION ( 'NONE',  ( 0.0000000000000000000, 0.3247888163284349800, 0.9457865640766811600 ) ) ;
#704 = DIRECTION ( 'NONE',  ( 0.0000000000000000000, -0.9457865640766811600, 0.3247888163284349800 ) ) ;
#705 = LINE ( 'NONE', #706, #707 ) ;
#706 = CARTESIAN_POINT ( 'NONE',  ( 2.339999999999999900, 0.1499999999999999900, -3.500000000000000000 ) ) ;
#707 = VECTOR ( 'NONE', #708, 1000.000000000000000 ) ;
#708 = DIRECTION ( 'NONE',  ( 0.0000000000000000000, 1.000000000000000000, 2.891205793294680200E-015 ) ) ;
#709 = LINE ( 'NONE', #710, #711 ) ;
#710 = CARTESIAN_POINT ( 'NONE',  ( 2.739999999999999800, 1.350000000000000100, -2.595000000000000200 ) ) ;
#711 = VECTOR ( 'NONE', #715, 1000.000000000000100 ) ;
#712 = ORIENTED_EDGE ( 'NONE', *, *, #260, .F. ) ;
#713 = VERTEX_POINT ( 'NONE', #945 ) ;
#714 = VERTEX_POINT ( 'NONE', #952 ) ;
#715 = DIRECTION ( 'NONE',  ( 0.0000000000000000000, 0.9457865640766809400, 0.3247888163284354300 ) ) ;
#716 = LINE ( 'NONE', #717, #718 ) ;
#717 = CARTESIAN_POINT ( 'NONE',  ( 2.739999999999999800, 1.200000000000000000, -2.487912754951629800 ) ) ;
#718 = VECTOR ( 'NONE', #719, 1000.000000000000100 ) ;
#719 = DIRECTION ( 'NONE',  ( 0.0000000000000000000, -0.9457865640766810500, -0.3247888163284349800 ) ) ;
#720 = CARTESIAN_POINT ( 'NONE',  ( 2.339999999999999900, 0.1499999999999988000, 3.500000000000000000 ) ) ;
#721 = LINE ( 'NONE', #722, #723 ) ;
#722 = CARTESIAN_POINT ( 'NONE',  ( -0.2000000000000000100, 0.1499999999999999900, 3.007087245048369900 ) ) ;
#723 = VECTOR ( 'NONE', #724, 1000.000000000000000 ) ;
#724 = DIRECTION ( 'NONE',  ( 0.0000000000000000000, -1.594697169338065000E-015, 1.000000000000000000 ) ) ;
#725 = LINE ( 'NONE', #726, #727 ) ;
#726 = CARTESIAN_POINT ( 'NONE',  ( 2.339999999999999900, -2.539456266356839700E-016, -3.500000000000000000 ) ) ;
#727 = VECTOR ( 'NONE', #728, 1000.000000000000000 ) ;
#728 = DIRECTION ( 'NONE',  ( 0.0000000000000000000, -1.836909530733569800E-016, -1.000000000000000000 ) ) ;
#729 = LINE ( 'NONE', #730, #732 ) ;
#730 = CARTESIAN_POINT ( 'NONE',  ( 2.339999999999999900, 2.100000000000000100, 1.940000000000000200 ) ) ;
#731 = EDGE_LOOP ( 'NONE', ( #31, #128, #1438, #1484 ) ) ;
#732 = VECTOR ( 'NONE', #733, 1000.000000000000100 ) ;
#733 = DIRECTION ( 'NONE',  ( 0.0000000000000000000, -0.9678225067882718600, 0.2516338517649509600 ) ) ;
#734 = LINE ( 'NONE', #735, #736 ) ;
#735 = CARTESIAN_POINT ( 'NONE',  ( 0.2000000000000000100, 1.200000000000000000, 2.487912754951629800 ) ) ;
#736 = VECTOR ( 'NONE', #737, 1000.000000000000000 ) ;
#737 = DIRECTION ( 'NONE',  ( -1.000000000000000000, 0.0000000000000000000, 0.0000000000000000000 ) ) ;
#738 = FACE_OUTER_BOUND ( 'NONE', #1013, .T. ) ;
#739 = PLANE ( 'NONE',  #740 ) ;
#740 = AXIS2_PLACEMENT_3D ( 'NONE', #741, #742, #743 ) ;
#741 = CARTESIAN_POINT ( 'NONE',  ( 0.2000000000000000100, -2.539456266356839700E-016, -3.500000000000000000 ) ) ;
#742 = DIRECTION ( 'NONE',  ( 0.0000000000000000000, 1.000000000000000000, -1.836909530733569800E-016 ) ) ;
#743 = DIRECTION ( 'NONE',  ( 0.0000000000000000000, 1.836909530733569800E-016, 1.000000000000000000 ) ) ;
#744 = CARTESIAN_POINT ( 'NONE',  ( -0.4200000000000000400, 0.1000000000000000100, -1.940000000000000200 ) ) ;
#745 = LINE ( 'NONE', #746, #747 ) ;
#746 = CARTESIAN_POINT ( 'NONE',  ( 2.739999999999999800, 1.200000000000000000, -1.200000000000000000 ) ) ;
#747 = VECTOR ( 'NONE', #751, 1000.000000000000000 ) ;
#748 = ORIENTED_EDGE ( 'NONE', *, *, #1499, .T. ) ;
#749 = ORIENTED_EDGE ( 'NONE', *, *, #1453, .F. ) ;
#750 = ORIENTED_EDGE ( 'NONE', *, *, #283, .F. ) ;
#751 = DIRECTION ( 'NONE',  ( 0.0000000000000000000, 1.683657791751929800E-016, -1.000000000000000000 ) ) ;
#752 = LINE ( 'NONE', #753, #754 ) ;
#753 = CARTESIAN_POINT ( 'NONE',  ( 3.220000000000000200, 1.100000000000000100, -2.200000000000000200 ) ) ;
#754 = VECTOR ( 'NONE', #755, 1000.000000000000000 ) ;
#755 = DIRECTION ( 'NONE',  ( 0.0000000000000000000, 0.0000000000000000000, 1.000000000000000000 ) ) ;
#756 = CARTESIAN_POINT ( 'NONE',  ( 2.739999999999999800, -2.539456266356839700E-016, -3.500000000000000000 ) ) ;
#757 = LINE ( 'NONE', #758, #759 ) ;
#758 = CARTESIAN_POINT ( 'NONE',  ( 2.739999999999999800, 2.100000000000000100, -1.940000000000000200 ) ) ;
#759 = VECTOR ( 'NONE', #760, 1000.000000000000100 ) ;
#760 = DIRECTION ( 'NONE',  ( 0.0000000000000000000, -0.9678225067882718600, -0.2516338517649509600 ) ) ;
#761 = FACE_OUTER_BOUND ( 'NONE', #1015, .T. ) ;
#762 = PLANE ( 'NONE',  #763 ) ;
#763 = AXIS2_PLACEMENT_3D ( 'NONE', #764, #765, #766 ) ;
#764 = CARTESIAN_POINT ( 'NONE',  ( 2.339999999999999900, 0.1499999999999999900, -3.007087245048369900 ) ) ;
#765 = DIRECTION ( 'NONE',  ( 0.0000000000000000000, 1.000000000000000000, -1.319749381521156100E-015 ) ) ;
#766 = DIRECTION ( 'NONE',  ( 0.0000000000000000000, 1.319749381521156100E-015, 1.000000000000000000 ) ) ;
#767 = ORIENTED_EDGE ( 'NONE', *, *, #1423, .F. ) ;
#768 = FACE_OUTER_BOUND ( 'NONE', #63, .T. ) ;
#769 = PLANE ( 'NONE',  #770 ) ;
#770 = AXIS2_PLACEMENT_3D ( 'NONE', #771, #772, #773 ) ;
#771 = CARTESIAN_POINT ( 'NONE',  ( 2.339999999999999900, 1.200000000000000000, 2.487912754951629800 ) ) ;
#772 = DIRECTION ( 'NONE',  ( 0.0000000000000000000, -0.3247888163284349800, -0.9457865640766811600 ) ) ;
#773 = DIRECTION ( 'NONE',  ( 0.0000000000000000000, 0.9457865640766811600, -0.3247888163284349800 ) ) ;
#774 = CARTESIAN_POINT ( 'NONE',  ( 0.2000000000000000100, 1.350000000000000100, 2.595000000000000200 ) ) ;
#775 = CARTESIAN_POINT ( 'NONE',  ( 2.739999999999999800, 1.200000000000000000, -2.487912754951629800 ) ) ;
#776 = CARTESIAN_POINT ( 'NONE',  ( 0.5199999999999999100, 2.100000000000000100, 1.100000000000000100 ) ) ;
#777 = LINE ( 'NONE', #778, #779 ) ;
#778 = CARTESIAN_POINT ( 'NONE',  ( 0.2000000000000000100, 2.100000000000000100, 1.940000000000000200 ) ) ;
#779 = VECTOR ( 'NONE', #780, 1000.000000000000100 ) ;
#780 = DIRECTION ( 'NONE',  ( 0.0000000000000000000, 0.9678225067882718600, -0.2516338517649509600 ) ) ;
#781 = CARTESIAN_POINT ( 'NONE',  ( 2.960000000000000000, 2.100000000000000100, -1.940000000000000200 ) ) ;
#782 = CARTESIAN_POINT ( 'NONE',  ( 2.739999999999999800, 1.200000000000000000, 2.487912754951629800 ) ) ;
#783 = CARTESIAN_POINT ( 'NONE',  ( 2.739999999999999800, 1.350000000000000100, 2.135000000000000200 ) ) ;
#784 = ORIENTED_EDGE ( 'NONE', *, *, #17, .F. ) ;
#785 = VERTEX_POINT ( 'NONE', #974 ) ;
#786 = LINE ( 'NONE', #787, #788 ) ;
#787 = CARTESIAN_POINT ( 'NONE',  ( 0.2000000000000000100, 0.1499999999999999900, -3.007087245048369900 ) ) ;
#788 = VECTOR ( 'NONE', #789, 1000.000000000000000 ) ;
#789 = DIRECTION ( 'NONE',  ( 0.0000000000000000000, 1.319749381521156100E-015, 1.000000000000000000 ) ) ;
#790 = LINE ( 'NONE', #791, #792 ) ;
#791 = CARTESIAN_POINT ( 'NONE',  ( 2.339999999999999900, 0.1499999999999999900, -3.500000000000000000 ) ) ;
#792 = VECTOR ( 'NONE', #793, 1000.000000000000000 ) ;
#793 = DIRECTION ( 'NONE',  ( 1.000000000000000000, 0.0000000000000000000, 0.0000000000000000000 ) ) ;
#794 = LINE ( 'NONE', #795, #796 ) ;
#795 = CARTESIAN_POINT ( 'NONE',  ( 2.339999999999999900, 0.1499999999999988000, 3.500000000000000000 ) ) ;
#796 = VECTOR ( 'NONE', #797, 1000.000000000000000 ) ;
#797 = DIRECTION ( 'NONE',  ( 1.000000000000000000, 0.0000000000000000000, 0.0000000000000000000 ) ) ;
#798 = CARTESIAN_POINT ( 'NONE',  ( 3.220000000000000200, 1.100000000000000100, -2.200000000000000200 ) ) ;
#799 = LINE ( 'NONE', #800, #801 ) ;
#800 = CARTESIAN_POINT ( 'NONE',  ( 0.2000000000000000100, 0.1499999999999988000, 3.500000000000000000 ) ) ;
#801 = VECTOR ( 'NONE', #803, 1000.000000000000000 ) ;
#802 = ORIENTED_EDGE ( 'NONE', *, *, #1506, .F. ) ;
#803 = DIRECTION ( 'NONE',  ( 0.0000000000000000000, -1.000000000000000000, 2.891205793294680200E-015 ) ) ;
#804 = FACE_OUTER_BOUND ( 'NONE', #1104, .T. ) ;
#805 = PLANE ( 'NONE',  #806 ) ;
#806 = AXIS2_PLACEMENT_3D ( 'NONE', #807, #808, #809 ) ;
#807 = CARTESIAN_POINT ( 'NONE',  ( 0.2000000000000000100, 1.200000000000000000, -1.200000000000000000 ) ) ;
#808 = DIRECTION ( 'NONE',  ( 0.0000000000000000000, 1.000000000000000000, 1.683657791751929800E-016 ) ) ;
#809 = DIRECTION ( 'NONE',  ( 0.0000000000000000000, -1.683657791751929800E-016, 1.000000000000000000 ) ) ;
#810 = FACE_OUTER_BOUND ( 'NONE', #126, .T. ) ;
#811 = PLANE ( 'NONE',  #812 ) ;
#812 = AXIS2_PLACEMENT_3D ( 'NONE', #813, #814, #815 ) ;
#813 = CARTESIAN_POINT ( 'NONE',  ( -0.2000000000000000100, 1.350000000000000100, -3.500000000000000000 ) ) ;
#814 = DIRECTION ( 'NONE',  ( 1.000000000000000000, 0.0000000000000000000, 0.0000000000000000000 ) ) ;
#815 = DIRECTION ( 'NONE',  ( 0.0000000000000000000, 0.0000000000000000000, -1.000000000000000000 ) ) ;
#816 = FACE_OUTER_BOUND ( 'NONE', #1508, .T. ) ;
#817 = PLANE ( 'NONE',  #818 ) ;
#818 = AXIS2_PLACEMENT_3D ( 'NONE', #820, #821, #822 ) ;
#819 = MANIFOLD_SOLID_BREP ( 'NONE', #192 ) ;
#820 = CARTESIAN_POINT ( 'NONE',  ( -0.4200000000000000400, 2.100000000000000100, -2.200000000000000200 ) ) ;
#821 = DIRECTION ( 'NONE',  ( 0.9678225067882720900, -0.2516338517649505700, 0.0000000000000000000 ) ) ;
#822 = DIRECTION ( 'NONE',  ( 0.2516338517649505700, 0.9678225067882720900, 0.0000000000000000000 ) ) ;
#823 = LINE ( 'NONE', #824, #825 ) ;
#824 = CARTESIAN_POINT ( 'NONE',  ( 0.2000000000000000100, 2.100000000000000100, -1.940000000000000200 ) ) ;
#825 = VECTOR ( 'NONE', #826, 1000.000000000000100 ) ;
#826 = DIRECTION ( 'NONE',  ( 0.0000000000000000000, 0.9678225067882718600, 0.2516338517649509600 ) ) ;
#827 = CARTESIAN_POINT ( 'NONE',  ( 0.2000000000000000100, 1.350000000000000100, -2.135000000000000200 ) ) ;
#828 = FACE_OUTER_BOUND ( 'NONE', #48, .T. ) ;
#829 = PLANE ( 'NONE',  #830 ) ;
#830 = AXIS2_PLACEMENT_3D ( 'NONE', #831, #832, #833 ) ;
#831 = CARTESIAN_POINT ( 'NONE',  ( 3.220000000000000200, 1.100000000000000100, 2.200000000000000200 ) ) ;
#832 = DIRECTION ( 'NONE',  ( 0.0000000000000000000, 0.2516338517649509600, -0.9678225067882718600 ) ) ;
#833 = DIRECTION ( 'NONE',  ( 0.0000000000000000000, 0.9678225067882718600, 0.2516338517649509600 ) ) ;
#834 = LINE ( 'NONE', #835, #837 ) ;
#835 = CARTESIAN_POINT ( 'NONE',  ( 3.220000000000000200, 1.100000000000000100, 2.200000000000000200 ) ) ;
#836 = EDGE_CURVE ( 'NONE', #238, #262, #983, .T. ) ;
#837 = VECTOR ( 'NONE', #838, 1000.000000000000000 ) ;
#838 = DIRECTION ( 'NONE',  ( -1.000000000000000000, 0.0000000000000000000, 0.0000000000000000000 ) ) ;
#839 = LINE ( 'NONE', #840, #841 ) ;
#840 = CARTESIAN_POINT ( 'NONE',  ( 3.220000000000000200, 1.100000000000000100, -2.200000000000000200 ) ) ;
#841 = VECTOR ( 'NONE', #842, 1000.000000000000000 ) ;
#842 = DIRECTION ( 'NONE',  ( -1.000000000000000000, 0.0000000000000000000, 0.0000000000000000000 ) ) ;
#843 = LINE ( 'NONE', #844, #845 ) ;
#844 = CARTESIAN_POINT ( 'NONE',  ( 2.339999999999999900, 1.200000000000000000, -2.487912754951629800 ) ) ;
#845 = VECTOR ( 'NONE', #846, 1000.000000000000100 ) ;
#846 = DIRECTION ( 'NONE',  ( 0.0000000000000000000, -0.9457865640766810500, -0.3247888163284349800 ) ) ;
#847 = LINE ( 'NONE', #848, #849 ) ;
#848 = CARTESIAN_POINT ( 'NONE',  ( 2.739999999999999800, 0.1499999999999999900, 3.007087245048369900 ) ) ;
#849 = VECTOR ( 'NONE', #850, 1000.000000000000000 ) ;
#850 = DIRECTION ( 'NONE',  ( 0.0000000000000000000, -1.594697169338065000E-015, 1.000000000000000000 ) ) ;
#851 = FACE_OUTER_BOUND ( 'NONE', #620, .T. ) ;
#852 = PLANE ( 'NONE',  #854 ) ;
#853 = ORIENTED_EDGE ( 'NONE', *, *, #603, .F. ) ;
#854 = AXIS2_PLACEMENT_3D ( 'NONE', #855, #856, #857 ) ;
#855 = CARTESIAN_POINT ( 'NONE',  ( 2.339999999999999900, 1.350000000000000100, 1.200000000000000000 ) ) ;
#856 = DIRECTION ( 'NONE',  ( 1.000000000000000000, 0.0000000000000000000, 0.0000000000000000000 ) ) ;
#857 = DIRECTION ( 'NONE',  ( 0.0000000000000000000, 0.0000000000000000000, 1.000000000000000000 ) ) ;
#858 = CARTESIAN_POINT ( 'NONE',  ( -0.2000000000000000100, 1.200000000000000000, 2.173999999999999900 ) ) ;
#859 = LINE ( 'NONE', #860, #861 ) ;
#860 = CARTESIAN_POINT ( 'NONE',  ( 2.960000000000000000, 2.100000000000000100, -2.200000000000000200 ) ) ;
#861 = VECTOR ( 'NONE', #862, 1000.000000000000000 ) ;
#862 = DIRECTION ( 'NONE',  ( 0.0000000000000000000, 0.0000000000000000000, 1.000000000000000000 ) ) ;
#863 = LINE ( 'NONE', #864, #865 ) ;
#864 = CARTESIAN_POINT ( 'NONE',  ( 2.339999999999999900, 1.200000000000000000, -1.200000000000000000 ) ) ;
#865 = VECTOR ( 'NONE', #866, 1000.000000000000000 ) ;
#866 = DIRECTION ( 'NONE',  ( 0.0000000000000000000, 1.683657791751929800E-016, -1.000000000000000000 ) ) ;
#867 = FACE_OUTER_BOUND ( 'NONE', #1412, .T. ) ;
#868 = CYLINDRICAL_SURFACE ( 'NONE', #869, 0.4000000000000000800 ) ;
#869 = AXIS2_PLACEMENT_3D ( 'NONE', #871, #872, #873 ) ;
#870 = EDGE_CURVE ( 'NONE', #1488, #1068, #991, .T. ) ;
#871 = CARTESIAN_POINT ( 'NONE',  ( 0.5199999999999999100, 2.000000000000000000, 0.6999999999999999600 ) ) ;
#872 = DIRECTION ( 'NONE',  ( 0.0000000000000000000, 1.000000000000000000, 0.0000000000000000000 ) ) ;
#873 = DIRECTION ( 'NONE',  ( 0.0000000000000000000, 0.0000000000000000000, 1.000000000000000000 ) ) ;
#874 = CARTESIAN_POINT ( 'NONE',  ( 3.220000000000000200, 1.100000000000000100, 2.200000000000000200 ) ) ;
#875 = CARTESIAN_POINT ( 'NONE',  ( 0.5199999999999999100, 2.000000000000000000, 1.100000000000000100 ) ) ;
#876 = LINE ( 'NONE', #877, #878 ) ;
#877 = CARTESIAN_POINT ( 'NONE',  ( 2.339999999999999900, -8.540027400086490400E-016, 2.899999999999999900 ) ) ;
#878 = VECTOR ( 'NONE', #879, 1000.000000000000000 ) ;
#879 = DIRECTION ( 'NONE',  ( 1.000000000000000000, 0.0000000000000000000, 0.0000000000000000000 ) ) ;
#880 = FACE_OUTER_BOUND ( 'NONE', #197, .T. ) ;
#881 = PLANE ( 'NONE',  #882 ) ;
#882 = AXIS2_PLACEMENT_3D ( 'NONE', #883, #884, #885 ) ;
#883 = CARTESIAN_POINT ( 'NONE',  ( 2.339999999999999900, 1.350000000000000100, -3.500000000000000000 ) ) ;
#884 = DIRECTION ( 'NONE',  ( -1.000000000000000000, 0.0000000000000000000, 0.0000000000000000000 ) ) ;
#885 = DIRECTION ( 'NONE',  ( 0.0000000000000000000, 0.0000000000000000000, -1.000000000000000000 ) ) ;
#886 = LINE ( 'NONE', #888, #889 ) ;
#887 = ORIENTED_EDGE ( 'NONE', *, *, #83, .T. ) ;
#888 = CARTESIAN_POINT ( 'NONE',  ( 0.2000000000000000100, -2.539456266356839700E-016, -3.500000000000000000 ) ) ;
#889 = VECTOR ( 'NONE', #890, 1000.000000000000000 ) ;
#890 = DIRECTION ( 'NONE',  ( 0.0000000000000000000, -1.836909530733569800E-016, -1.000000000000000000 ) ) ;
#891 = LINE ( 'NONE', #892, #893 ) ;
#892 = CARTESIAN_POINT ( 'NONE',  ( 0.2000000000000000100, 1.350000000000000100, 2.595000000000000200 ) ) ;
#893 = VECTOR ( 'NONE', #894, 1000.000000000000000 ) ;
#894 = DIRECTION ( 'NONE',  ( -1.000000000000000000, 0.0000000000000000000, 0.0000000000000000000 ) ) ;
#895 = CARTESIAN_POINT ( 'NONE',  ( 2.339999999999999900, 1.200000000000000000, 2.173999999999999900 ) ) ;
#896 = CARTESIAN_POINT ( 'NONE',  ( 2.739999999999999800, 0.1499999999999999900, -3.007087245048369900 ) ) ;
#897 = CARTESIAN_POINT ( 'NONE',  ( -0.2000000000000000100, -8.540027400086490400E-016, 2.899999999999999900 ) ) ;
#898 = LINE ( 'NONE', #899, #900 ) ;
#899 = CARTESIAN_POINT ( 'NONE',  ( 0.2000000000000000100, -1.111170074311348000E-015, 3.500000000000000000 ) ) ;
#900 = VECTOR ( 'NONE', #901, 1000.000000000000000 ) ;
#901 = DIRECTION ( 'NONE',  ( -1.000000000000000000, 0.0000000000000000000, 0.0000000000000000000 ) ) ;
#902 = CARTESIAN_POINT ( 'NONE',  ( 2.339999999999999900, -2.539456266356839700E-016, -3.500000000000000000 ) ) ;
#903 = LINE ( 'NONE', #909, #910 ) ;
#904 = ORIENTED_EDGE ( 'NONE', *, *, #18, .T. ) ;
#905 = ORIENTED_EDGE ( 'NONE', *, *, #1392, .T. ) ;
#906 = EDGE_CURVE ( 'NONE', #199, #926, #1000, .T. ) ;
#907 = VERTEX_POINT ( 'NONE', #1004 ) ;
#908 = EDGE_CURVE ( 'NONE', #211, #501, #1005, .T. ) ;
#909 = CARTESIAN_POINT ( 'NONE',  ( 2.739999999999999800, 1.200000000000000000, 2.487912754951629800 ) ) ;
#910 = VECTOR ( 'NONE', #911, 1000.000000000000100 ) ;
#911 = DIRECTION ( 'NONE',  ( 0.0000000000000000000, 0.9457865640766810500, -0.3247888163284349800 ) ) ;
#912 = FACE_OUTER_BOUND ( 'NONE', #1408, .T. ) ;
#913 = PLANE ( 'NONE',  #914 ) ;
#914 = AXIS2_PLACEMENT_3D ( 'NONE', #915, #916, #917 ) ;
#915 = CARTESIAN_POINT ( 'NONE',  ( 0.2000000000000000100, -1.111170074311348000E-015, 3.500000000000000000 ) ) ;
#916 = DIRECTION ( 'NONE',  ( 0.0000000000000000000, 1.000000000000000000, 4.286122238378324800E-016 ) ) ;
#917 = DIRECTION ( 'NONE',  ( 0.0000000000000000000, -4.286122238378324800E-016, 1.000000000000000000 ) ) ;
#918 = CARTESIAN_POINT ( 'NONE',  ( 2.339999999999999900, 0.1499999999999999900, -3.007087245048369900 ) ) ;
#919 = LINE ( 'NONE', #920, #921 ) ;
#920 = CARTESIAN_POINT ( 'NONE',  ( 2.739999999999999800, 1.350000000000000100, 1.200000000000000000 ) ) ;
#921 = VECTOR ( 'NONE', #922, 1000.000000000000000 ) ;
#922 = DIRECTION ( 'NONE',  ( 0.0000000000000000000, 1.554411716825094900E-016, 1.000000000000000000 ) ) ;
#923 = LINE ( 'NONE', #924, #927 ) ;
#924 = CARTESIAN_POINT ( 'NONE',  ( -0.2000000000000000100, 1.200000000000000000, -1.200000000000000000 ) ) ;
#925 = ORIENTED_EDGE ( 'NONE', *, *, #1207, .F. ) ;
#926 = VERTEX_POINT ( 'NONE', #1009 ) ;
#927 = VECTOR ( 'NONE', #928, 1000.000000000000000 ) ;
#928 = DIRECTION ( 'NONE',  ( 0.0000000000000000000, 1.683657791751929800E-016, -1.000000000000000000 ) ) ;
#929 = LINE ( 'NONE', #930, #931 ) ;
#930 = CARTESIAN_POINT ( 'NONE',  ( -0.2000000000000000100, 0.1499999999999999900, -3.007087245048369900 ) ) ;
#931 = VECTOR ( 'NONE', #932, 1000.000000000000000 ) ;
#932 = DIRECTION ( 'NONE',  ( 0.0000000000000000000, 1.319749381521156100E-015, 1.000000000000000000 ) ) ;
#933 = LINE ( 'NONE', #934, #935 ) ;
#934 = CARTESIAN_POINT ( 'NONE',  ( 0.2000000000000000100, 1.350000000000000100, -1.200000000000000000 ) ) ;
#935 = VECTOR ( 'NONE', #936, 1000.000000000000000 ) ;
#936 = DIRECTION ( 'NONE',  ( 0.0000000000000000000, -4.663235150475289800E-016, 1.000000000000000000 ) ) ;
#937 = CARTESIAN_POINT ( 'NONE',  ( 2.339999999999999900, 0.1499999999999999900, 3.007087245048369900 ) ) ;
#938 = FACE_OUTER_BOUND ( 'NONE', #247, .T. ) ;
#939 = PLANE ( 'NONE',  #940 ) ;
#940 = AXIS2_PLACEMENT_3D ( 'NONE', #941, #942, #944 ) ;
#941 = CARTESIAN_POINT ( 'NONE',  ( 2.339999999999999900, 1.200000000000000000, -2.487912754951629800 ) ) ;
#942 = DIRECTION ( 'NONE',  ( 0.0000000000000000000, -0.3247888163284349800, 0.9457865640766811600 ) ) ;
#943 = ORIENTED_EDGE ( 'NONE', *, *, #224, .F. ) ;
#944 = DIRECTION ( 'NONE',  ( 0.0000000000000000000, -0.9457865640766811600, -0.3247888163284349800 ) ) ;
#945 = CARTESIAN_POINT ( 'NONE',  ( 2.739999999999999800, -8.540027400086490400E-016, 2.899999999999999900 ) ) ;
#946 = FACE_OUTER_BOUND ( 'NONE', #1451, .T. ) ;
#947 = PLANE ( 'NONE',  #948 ) ;
#948 = AXIS2_PLACEMENT_3D ( 'NONE', #949, #950, #951 ) ;
#949 = CARTESIAN_POINT ( 'NONE',  ( 0.2000000000000000100, 0.1499999999999999900, 3.007087245048369900 ) ) ;
#950 = DIRECTION ( 'NONE',  ( 0.0000000000000000000, -1.000000000000000000, -1.594697169338065000E-015 ) ) ;
#951 = DIRECTION ( 'NONE',  ( 0.0000000000000000000, 1.594697169338065000E-015, -1.000000000000000000 ) ) ;
#952 = CARTESIAN_POINT ( 'NONE',  ( -0.2000000000000000100, -2.539456266356839700E-016, -3.500000000000000000 ) ) ;
#953 = CARTESIAN_POINT ( 'NONE',  ( 2.739999999999999800, 1.350000000000000100, 2.595000000000000200 ) ) ;
#954 = LINE ( 'NONE', #955, #956 ) ;
#955 = CARTESIAN_POINT ( 'NONE',  ( -0.2000000000000000100, 2.100000000000000100, 1.940000000000000200 ) ) ;
#956 = VECTOR ( 'NONE', #957, 1000.000000000000100 ) ;
#957 = DIRECTION ( 'NONE',  ( 0.0000000000000000000, 0.9678225067882718600, -0.2516338517649509600 ) ) ;
#958 = CIRCLE ( 'NONE', #959, 0.4000000000000000800 ) ;
#959 = AXIS2_PLACEMENT_3D ( 'NONE', #961, #962, #963 ) ;
#960 = ORIENTED_EDGE ( 'NONE', *, *, #182, .T. ) ;
#961 = CARTESIAN_POINT ( 'NONE',  ( 0.5199999999999999100, 2.000000000000000000, 0.6999999999999999600 ) ) ;
#962 = DIRECTION ( 'NONE',  ( 0.0000000000000000000, 1.000000000000000000, 0.0000000000000000000 ) ) ;
#963 = DIRECTION ( 'NONE',  ( 0.0000000000000000000, 0.0000000000000000000, 1.000000000000000000 ) ) ;
#964 = LINE ( 'NONE', #965, #966 ) ;
#965 = CARTESIAN_POINT ( 'NONE',  ( 2.339999999999999900, 0.1499999999999999900, -3.007087245048369900 ) ) ;
#966 = VECTOR ( 'NONE', #967, 1000.000000000000000 ) ;
#967 = DIRECTION ( 'NONE',  ( 1.000000000000000000, 0.0000000000000000000, 0.0000000000000000000 ) ) ;
#968 = LINE ( 'NONE', #969, #970 ) ;
#969 = CARTESIAN_POINT ( 'NONE',  ( 2.339999999999999900, 1.200000000000000000, 2.487912754951629800 ) ) ;
#970 = VECTOR ( 'NONE', #971, 1000.000000000000000 ) ;
#971 = DIRECTION ( 'NONE',  ( 1.000000000000000000, 0.0000000000000000000, 0.0000000000000000000 ) ) ;
#972 = CARTESIAN_POINT ( 'NONE',  ( 0.2000000000000000100, 1.200000000000000000, 2.487912754951629800 ) ) ;
#973 = CARTESIAN_POINT ( 'NONE',  ( 0.2000000000000000100, -1.437310547916698200E-016, -2.899999999999999900 ) ) ;
#974 = CARTESIAN_POINT ( 'NONE',  ( -0.2000000000000000100, -1.111170074311348000E-015, 3.500000000000000000 ) ) ;
#975 = LINE ( 'NONE', #976, #980 ) ;
#976 = CARTESIAN_POINT ( 'NONE',  ( 3.220000000000000200, 1.200000000000000000, 2.173999999999999900 ) ) ;
#977 = EDGE_CURVE ( 'NONE', #57, #500, #1027, .T. ) ;
#978 = ORIENTED_EDGE ( 'NONE', *, *, #45, .T. ) ;
#979 = ORIENTED_EDGE ( 'NONE', *, *, #996, .T. ) ;
#980 = VECTOR ( 'NONE', #981, 1000.000000000000000 ) ;
#981 = DIRECTION ( 'NONE',  ( -1.000000000000000000, 0.0000000000000000000, 0.0000000000000000000 ) ) ;
#982 = CARTESIAN_POINT ( 'NONE',  ( 0.5199999999999999100, 2.100000000000000100, 0.2999999999999999900 ) ) ;
#983 = LINE ( 'NONE', #984, #985 ) ;
#984 = CARTESIAN_POINT ( 'NONE',  ( -0.2000000000000000100, 1.350000000000000100, 1.200000000000000000 ) ) ;
#985 = VECTOR ( 'NONE', #986, 1000.000000000000000 ) ;
#986 = DIRECTION ( 'NONE',  ( 0.0000000000000000000, 1.554411716825094900E-016, 1.000000000000000000 ) ) ;
#987 = LINE ( 'NONE', #988, #989 ) ;
#988 = CARTESIAN_POINT ( 'NONE',  ( 2.339999999999999900, 0.1499999999999999900, 3.007087245048369900 ) ) ;
#989 = VECTOR ( 'NONE', #990, 1000.000000000000000 ) ;
#990 = DIRECTION ( 'NONE',  ( 0.0000000000000000000, -1.594697169338065000E-015, 1.000000000000000000 ) ) ;
#991 = LINE ( 'NONE', #992, #993 ) ;
#992 = CARTESIAN_POINT ( 'NONE',  ( 2.339999999999999900, 1.350000000000000100, -2.595000000000000200 ) ) ;
#993 = VECTOR ( 'NONE', #994, 1000.000000000000000 ) ;
#994 = DIRECTION ( 'NONE',  ( 1.000000000000000000, 0.0000000000000000000, 0.0000000000000000000 ) ) ;
#995 = LINE ( 'NONE', #997, #998 ) ;
#996 = EDGE_CURVE ( 'NONE', #172, #284, #1042, .T. ) ;
#997 = CARTESIAN_POINT ( 'NONE',  ( 2.739999999999999800, 1.350000000000000100, -1.200000000000000000 ) ) ;
#998 = VECTOR ( 'NONE', #999, 1000.000000000000000 ) ;
#999 = DIRECTION ( 'NONE',  ( 0.0000000000000000000, -4.663235150475289800E-016, 1.000000000000000000 ) ) ;
#1000 = LINE ( 'NONE', #1001, #1002 ) ;
#1001 = CARTESIAN_POINT ( 'NONE',  ( 3.220000000000000200, 2.100000000000000100, -1.940000000000000200 ) ) ;
#1002 = VECTOR ( 'NONE', #1003, 1000.000000000000000 ) ;
#1003 = DIRECTION ( 'NONE',  ( -1.000000000000000000, 0.0000000000000000000, 0.0000000000000000000 ) ) ;
#1004 = CARTESIAN_POINT ( 'NONE',  ( 0.2000000000000000100, 1.350000000000000100, -2.595000000000000200 ) ) ;
#1005 = LINE ( 'NONE', #1006, #1007 ) ;
#1006 = CARTESIAN_POINT ( 'NONE',  ( 0.5199999999999999100, 2.000000000000000000, 1.100000000000000100 ) ) ;
#1007 = VECTOR ( 'NONE', #1008, 1000.000000000000000 ) ;
#1008 = DIRECTION ( 'NONE',  ( 0.0000000000000000000, 1.000000000000000000, 0.0000000000000000000 ) ) ;
#1009 = CARTESIAN_POINT ( 'NONE',  ( -0.4200000000000000400, 2.100000000000000100, -1.940000000000000200 ) ) ;
#1010 = CARTESIAN_POINT ( 'NONE',  ( 2.960000000000000000, 0.1000000000000000100, -1.940000000000000200 ) ) ;
#1011 = LINE ( 'NONE', #1012, #1017 ) ;
#1012 = CARTESIAN_POINT ( 'NONE',  ( 2.339999999999999900, 0.1499999999999999900, -3.007087245048369900 ) ) ;
#1013 = EDGE_LOOP ( 'NONE', ( #265, #925, #317, #978 ) ) ;
#1014 = ORIENTED_EDGE ( 'NONE', *, *, #203, .T. ) ;
#1015 = EDGE_LOOP ( 'NONE', ( #1395, #1374, #188, #166 ) ) ;
#1016 = ORIENTED_EDGE ( 'NONE', *, *, #117, .F. ) ;
#1017 = VECTOR ( 'NONE', #1018, 1000.000000000000000 ) ;
#1018 = DIRECTION ( 'NONE',  ( 0.0000000000000000000, 1.319749381521156100E-015, 1.000000000000000000 ) ) ;
#1019 = LINE ( 'NONE', #1020, #1021 ) ;
#1020 = CARTESIAN_POINT ( 'NONE',  ( 2.339999999999999900, 1.350000000000000100, 2.595000000000000200 ) ) ;
#1021 = VECTOR ( 'NONE', #1022, 1000.000000000000100 ) ;
#1022 = DIRECTION ( 'NONE',  ( 0.0000000000000000000, -0.9457865640766809400, 0.3247888163284354300 ) ) ;
#1023 = LINE ( 'NONE', #1024, #1025 ) ;
#1024 = CARTESIAN_POINT ( 'NONE',  ( 3.220000000000000200, 1.350000000000000100, -2.135000000000000200 ) ) ;
#1025 = VECTOR ( 'NONE', #1026, 1000.000000000000000 ) ;
#1026 = DIRECTION ( 'NONE',  ( -1.000000000000000000, 0.0000000000000000000, 0.0000000000000000000 ) ) ;
#1027 = LINE ( 'NONE', #1028, #1029 ) ;
#1028 = CARTESIAN_POINT ( 'NONE',  ( 0.2000000000000000100, 1.350000000000000100, 1.200000000000000000 ) ) ;
#1029 = VECTOR ( 'NONE', #1030, 1000.000000000000000 ) ;
#1030 = DIRECTION ( 'NONE',  ( 0.0000000000000000000, 1.554411716825094900E-016, 1.000000000000000000 ) ) ;
#1031 = LINE ( 'NONE', #1032, #1034 ) ;
#1032 = CARTESIAN_POINT ( 'NONE',  ( 2.339999999999999900, 1.200000000000000000, 1.200000000000000000 ) ) ;
#1033 = EDGE_CURVE ( 'NONE', #1382, #74, #1054, .T. ) ;
#1034 = VECTOR ( 'NONE', #1035, 1000.000000000000000 ) ;
#1035 = DIRECTION ( 'NONE',  ( 0.0000000000000000000, 1.683657791751929800E-016, -1.000000000000000000 ) ) ;
#1036 = FACE_OUTER_BOUND ( 'NONE', #37, .T. ) ;
#1037 = PLANE ( 'NONE',  #1038 ) ;
#1038 = AXIS2_PLACEMENT_3D ( 'NONE', #1039, #1040, #1041 ) ;
#1039 = CARTESIAN_POINT ( 'NONE',  ( 2.739999999999999800, 1.350000000000000100, 1.200000000000000000 ) ) ;
#1040 = DIRECTION ( 'NONE',  ( 1.000000000000000000, 0.0000000000000000000, 0.0000000000000000000 ) ) ;
#1041 = DIRECTION ( 'NONE',  ( 0.0000000000000000000, 0.0000000000000000000, 1.000000000000000000 ) ) ;
#1042 = LINE ( 'NONE', #1043, #1044 ) ;
#1043 = CARTESIAN_POINT ( 'NONE',  ( -0.2000000000000000100, 1.350000000000000100, -1.200000000000000000 ) ) ;
#1044 = VECTOR ( 'NONE', #1045, 1000.000000000000000 ) ;
#1045 = DIRECTION ( 'NONE',  ( 0.0000000000000000000, -4.663235150475289800E-016, 1.000000000000000000 ) ) ;
#1046 = CARTESIAN_POINT ( 'NONE',  ( 0.5199999999999999100, 2.000000000000000000, 0.2999999999999999900 ) ) ;
#1047 = CARTESIAN_POINT ( 'NONE',  ( 2.739999999999999800, -1.437310547916698200E-016, -2.899999999999999900 ) ) ;
#1048 = LINE ( 'NONE', #1049, #1052 ) ;
#1049 = CARTESIAN_POINT ( 'NONE',  ( -0.4477589852008460000, 0.2067653276955610200, -1.967758985200845000 ) ) ;
#1050 = ADVANCED_FACE ( 'NONE', ( #1062 ), #1063, .T. ) ;
#1051 = ORIENTED_EDGE ( 'NONE', *, *, #261, .F. ) ;
#1052 = VECTOR ( 'NONE', #1053, 1000.000000000000000 ) ;
#1053 = DIRECTION ( 'NONE',  ( -0.2440265931279400900, 0.9385638197228473000, -0.2440265931279405900 ) ) ;
#1054 = LINE ( 'NONE', #1055, #1056 ) ;
#1055 = CARTESIAN_POINT ( 'NONE',  ( 2.339999999999999900, 1.200000000000000000, -2.487912754951629800 ) ) ;
#1056 = VECTOR ( 'NONE', #1057, 1000.000000000000000 ) ;
#1057 = DIRECTION ( 'NONE',  ( 1.000000000000000000, 0.0000000000000000000, 0.0000000000000000000 ) ) ;
#1058 = LINE ( 'NONE', #1059, #1060 ) ;
#1059 = CARTESIAN_POINT ( 'NONE',  ( 3.220000000000000200, 0.1000000000000000100, -1.940000000000000200 ) ) ;
#1060 = VECTOR ( 'NONE', #1061, 1000.000000000000000 ) ;
#1061 = DIRECTION ( 'NONE',  ( -1.000000000000000000, 0.0000000000000000000, 0.0000000000000000000 ) ) ;
#1062 = FACE_OUTER_BOUND ( 'NONE', #72, .T. ) ;
#1063 = PLANE ( 'NONE',  #1064 ) ;
#1064 = AXIS2_PLACEMENT_3D ( 'NONE', #1065, #1066, #1067 ) ;
#1065 = CARTESIAN_POINT ( 'NONE',  ( -0.2000000000000000100, 1.350000000000000100, 1.200000000000000000 ) ) ;
#1066 = DIRECTION ( 'NONE',  ( -1.000000000000000000, 0.0000000000000000000, 0.0000000000000000000 ) ) ;
#1067 = DIRECTION ( 'NONE',  ( 0.0000000000000000000, 0.0000000000000000000, 1.000000000000000000 ) ) ;
#1068 = VERTEX_POINT ( 'NONE', #1074 ) ;
#1069 = EDGE_LOOP ( 'NONE', ( #1500, #943, #1378, #623 ) ) ;
#1070 = LINE ( 'NONE', #1071, #1072 ) ;
#1071 = CARTESIAN_POINT ( 'NONE',  ( -0.2000000000000000100, 1.350000000000000100, 2.595000000000000200 ) ) ;
#1072 = VECTOR ( 'NONE', #1073, 1000.000000000000100 ) ;
#1073 = DIRECTION ( 'NONE',  ( 0.0000000000000000000, -0.9457865640766809400, 0.3247888163284354300 ) ) ;
#1074 = CARTESIAN_POINT ( 'NONE',  ( 2.739999999999999800, 1.350000000000000100, -2.595000000000000200 ) ) ;
#1075 = FACE_OUTER_BOUND ( 'NONE', #1295, .T. ) ;
#1076 = PLANE ( 'NONE',  #1077 ) ;
#1077 = AXIS2_PLACEMENT_3D ( 'NONE', #1078, #1079, #1080 ) ;
#1078 = CARTESIAN_POINT ( 'NONE',  ( 3.220000000000000200, 0.1000000000000000100, 1.940000000000000200 ) ) ;
#1079 = DIRECTION ( 'NONE',  ( 0.0000000000000000000, 1.000000000000000000, 0.0000000000000000000 ) ) ;
#1080 = DIRECTION ( 'NONE',  ( 0.0000000000000000000, 0.0000000000000000000, 1.000000000000000000 ) ) ;
#1081 = CARTESIAN_POINT ( 'NONE',  ( 2.739999999999999800, -1.111170074311348000E-015, 3.500000000000000000 ) ) ;
#1082 = LINE ( 'NONE', #1083, #1084 ) ;
#1083 = CARTESIAN_POINT ( 'NONE',  ( -0.2000000000000000100, 0.1499999999999999900, -3.500000000000000000 ) ) ;
#1084 = VECTOR ( 'NONE', #1085, 1000.000000000000000 ) ;
#1085 = DIRECTION ( 'NONE',  ( 0.0000000000000000000, 1.000000000000000000, 2.891205793294680200E-015 ) ) ;
#1086 = ADVANCED_FACE ( 'NONE', ( #1075 ), #1076, .F. ) ;
#1087 = FACE_OUTER_BOUND ( 'NONE', #58, .T. ) ;
#1088 = PLANE ( 'NONE',  #1089 ) ;
#1089 = AXIS2_PLACEMENT_3D ( 'NONE', #1090, #1091, #1092 ) ;
#1090 = CARTESIAN_POINT ( 'NONE',  ( 0.2000000000000000100, 1.200000000000000000, -2.487912754951629800 ) ) ;
#1091 = DIRECTION ( 'NONE',  ( 0.0000000000000000000, 0.3247888163284349800, -0.9457865640766811600 ) ) ;
#1092 = DIRECTION ( 'NONE',  ( 0.0000000000000000000, 0.9457865640766811600, 0.3247888163284349800 ) ) ;
#1093 = FACE_OUTER_BOUND ( 'NONE', #731, .T. ) ;
#1094 = PLANE ( 'NONE',  #1095 ) ;
#1095 = AXIS2_PLACEMENT_3D ( 'NONE', #1096, #1097, #1098 ) ;
#1096 = CARTESIAN_POINT ( 'NONE',  ( 0.2000000000000000100, 1.200000000000000000, 1.200000000000000000 ) ) ;
#1097 = DIRECTION ( 'NONE',  ( 0.0000000000000000000, 1.000000000000000000, 1.683657791751929800E-016 ) ) ;
#1098 = DIRECTION ( 'NONE',  ( 0.0000000000000000000, -1.683657791751929800E-016, 1.000000000000000000 ) ) ;
#1099 = CARTESIAN_POINT ( 'NONE',  ( 0.2000000000000000100, 1.200000000000000000, 2.173999999999999900 ) ) ;
#1100 = CARTESIAN_POINT ( 'NONE',  ( 2.339999999999999900, -1.111170074311348000E-015, 3.500000000000000000 ) ) ;
#1101 = LINE ( 'NONE', #1102, #1105 ) ;
#1102 = CARTESIAN_POINT ( 'NONE',  ( 2.739999999999999800, 1.350000000000000100, 2.595000000000000200 ) ) ;
#1103 = EDGE_CURVE ( 'NONE', #714, #181, #1082, .T. ) ;
#1104 = EDGE_LOOP ( 'NONE', ( #289, #1475, #10, #85 ) ) ;
#1105 = VECTOR ( 'NONE', #1106, 1000.000000000000100 ) ;
#1106 = DIRECTION ( 'NONE',  ( 0.0000000000000000000, -0.9457865640766809400, 0.3247888163284354300 ) ) ;
#1107 = CIRCLE ( 'NONE', #1108, 0.4000000000000000800 ) ;
#1108 = AXIS2_PLACEMENT_3D ( 'NONE', #1109, #1110, #1111 ) ;
#1109 = CARTESIAN_POINT ( 'NONE',  ( 0.5199999999999999100, 2.100000000000000100, 0.6999999999999999600 ) ) ;
#1110 = DIRECTION ( 'NONE',  ( 0.0000000000000000000, 1.000000000000000000, 0.0000000000000000000 ) ) ;
#1111 = DIRECTION ( 'NONE',  ( 0.0000000000000000000, 0.0000000000000000000, 1.000000000000000000 ) ) ;
#1112 = LINE ( 'NONE', #1113, #1114 ) ;
#1113 = CARTESIAN_POINT ( 'NONE',  ( 0.5199999999999999100, 2.000000000000000000, 0.2999999999999999900 ) ) ;
#1114 = VECTOR ( 'NONE', #1115, 1000.000000000000000 ) ;
#1115 = DIRECTION ( 'NONE',  ( 0.0000000000000000000, 1.000000000000000000, 0.0000000000000000000 ) ) ;
#1116 = LINE ( 'NONE', #1117, #1118 ) ;
#1117 = CARTESIAN_POINT ( 'NONE',  ( 0.2000000000000000100, -2.539456266356839700E-016, -3.500000000000000000 ) ) ;
#1118 = VECTOR ( 'NONE', #1119, 1000.000000000000000 ) ;
#1119 = DIRECTION ( 'NONE',  ( -1.000000000000000000, 0.0000000000000000000, 0.0000000000000000000 ) ) ;
#1120 = FACE_OUTER_BOUND ( 'NONE', #90, .T. ) ;
#1121 = PLANE ( 'NONE',  #1122 ) ;
#1122 = AXIS2_PLACEMENT_3D ( 'NONE', #1123, #1124, #1125 ) ;
#1123 = CARTESIAN_POINT ( 'NONE',  ( 0.2000000000000000100, 1.350000000000000100, 2.595000000000000200 ) ) ;
#1124 = DIRECTION ( 'NONE',  ( 0.0000000000000000000, -0.3247888163284354300, -0.9457865640766809400 ) ) ;
#1125 = DIRECTION ( 'NONE',  ( 0.0000000000000000000, 0.9457865640766809400, -0.3247888163284354300 ) ) ;
#1126 = CARTESIAN_POINT ( 'NONE',  ( 2.339999999999999900, 1.200000000000000000, 2.487912754951629800 ) ) ;
#1127 = CARTESIAN_POINT ( 'NONE',  ( 2.739999999999999800, 0.1499999999999999900, 3.007087245048369900 ) ) ;
#1128 = CARTESIAN_POINT ( 'NONE',  ( -0.2000000000000000100, 1.200000000000000000, -2.173999999999999900 ) ) ;
#1129 = CARTESIAN_POINT ( 'NONE',  ( -0.4200000000000000400, 0.1000000000000000100, 1.940000000000000200 ) ) ;
#1130 = CIRCLE ( 'NONE', #1131, 0.4000000000000000800 ) ;
#1131 = AXIS2_PLACEMENT_3D ( 'NONE', #1132, #1133, #1134 ) ;
#1132 = CARTESIAN_POINT ( 'NONE',  ( 0.5199999999999999100, 2.000000000000000000, 0.6999999999999999600 ) ) ;
#1133 = DIRECTION ( 'NONE',  ( 0.0000000000000000000, 1.000000000000000000, 0.0000000000000000000 ) ) ;
#1134 = DIRECTION ( 'NONE',  ( 0.0000000000000000000, 0.0000000000000000000, 1.000000000000000000 ) ) ;
#1135 = FACE_OUTER_BOUND ( 'NONE', #372, .T. ) ;
#1136 = PLANE ( 'NONE',  #1138 ) ;
#1137 = ORIENTED_EDGE ( 'NONE', *, *, #3, .T. ) ;
#1138 = AXIS2_PLACEMENT_3D ( 'NONE', #1139, #1140, #1141 ) ;
#1139 = CARTESIAN_POINT ( 'NONE',  ( 0.2000000000000000100, 0.1499999999999999900, -3.500000000000000000 ) ) ;
#1140 = DIRECTION ( 'NONE',  ( 0.0000000000000000000, -2.891205793294680200E-015, 1.000000000000000000 ) ) ;
#1141 = DIRECTION ( 'NONE',  ( 0.0000000000000000000, -1.000000000000000000, -2.891205793294680200E-015 ) ) ;
#1142 = LINE ( 'NONE', #1143, #1144 ) ;
#1143 = CARTESIAN_POINT ( 'NONE',  ( -0.2000000000000000100, -1.111170074311348000E-015, 3.500000000000000000 ) ) ;
#1144 = VECTOR ( 'NONE', #1145, 1000.000000000000000 ) ;
#1145 = DIRECTION ( 'NONE',  ( 0.0000000000000000000, 4.286122238378324800E-016, -1.000000000000000000 ) ) ;
#1146 = FACE_OUTER_BOUND ( 'NONE', #193, .T. ) ;
#1147 = PLANE ( 'NONE',  #1148 ) ;
#1148 = AXIS2_PLACEMENT_3D ( 'NONE', #1149, #1150, #1151 ) ;
#1149 = CARTESIAN_POINT ( 'NONE',  ( 0.2000000000000000100, 0.1499999999999999900, -3.007087245048369900 ) ) ;
#1150 = DIRECTION ( 'NONE',  ( 0.0000000000000000000, -1.000000000000000000, 1.319749381521156100E-015 ) ) ;
#1151 = DIRECTION ( 'NONE',  ( 0.0000000000000000000, -1.319749381521156100E-015, -1.000000000000000000 ) ) ;
#1152 = FACE_OUTER_BOUND ( 'NONE', #271, .T. ) ;
#1153 = PLANE ( 'NONE',  #1154 ) ;
#1154 = AXIS2_PLACEMENT_3D ( 'NONE', #1155, #1156, #1157 ) ;
#1155 = CARTESIAN_POINT ( 'NONE',  ( 2.960000000000000000, 2.100000000000000100, -2.200000000000000200 ) ) ;
#1156 = DIRECTION ( 'NONE',  ( -0.9678225067882720900, -0.2516338517649505700, 0.0000000000000000000 ) ) ;
#1157 = DIRECTION ( 'NONE',  ( 0.2516338517649505700, -0.9678225067882720900, 0.0000000000000000000 ) ) ;
#1158 = CARTESIAN_POINT ( 'NONE',  ( 0.2000000000000000100, 1.200000000000000000, -2.173999999999999900 ) ) ;
#1159 = CARTESIAN_POINT ( 'NONE',  ( 0.2000000000000000100, 0.1499999999999999900, -3.007087245048369900 ) ) ;
#1160 = CARTESIAN_POINT ( 'NONE',  ( 2.739999999999999800, 1.200000000000000000, -2.173999999999999900 ) ) ;
#1161 = LINE ( 'NONE', #1162, #1163 ) ;
#1162 = CARTESIAN_POINT ( 'NONE',  ( 2.339999999999999900, 0.1499999999999988000, 3.500000000000000000 ) ) ;
#1163 = VECTOR ( 'NONE', #1164, 1000.000000000000000 ) ;
#1164 = DIRECTION ( 'NONE',  ( 0.0000000000000000000, -1.000000000000000000, 2.891205793294680200E-015 ) ) ;
#1165 = LINE ( 'NONE', #1166, #1167 ) ;
#1166 = CARTESIAN_POINT ( 'NONE',  ( 2.339999999999999900, 0.1499999999999999900, 3.007087245048369900 ) ) ;
#1167 = VECTOR ( 'NONE', #1168, 1000.000000000000000 ) ;
#1168 = DIRECTION ( 'NONE',  ( 1.000000000000000000, 0.0000000000000000000, 0.0000000000000000000 ) ) ;
#1169 = FACE_OUTER_BOUND ( 'NONE', #1069, .T. ) ;
#1170 = VERTEX_POINT ( 'NONE', #1100 ) ;
#1171 = EDGE_LOOP ( 'NONE', ( #355, #281, #222, #121 ) ) ;
#1172 = PLANE ( 'NONE',  #1173 ) ;
#1173 = AXIS2_PLACEMENT_3D ( 'NONE', #1174, #1175, #1176 ) ;
#1174 = CARTESIAN_POINT ( 'NONE',  ( 2.339999999999999900, 1.350000000000000100, -2.595000000000000200 ) ) ;
#1175 = DIRECTION ( 'NONE',  ( 0.0000000000000000000, 0.3247888163284354300, -0.9457865640766809400 ) ) ;
#1176 = DIRECTION ( 'NONE',  ( 0.0000000000000000000, 0.9457865640766809400, 0.3247888163284354300 ) ) ;
#1177 = LINE ( 'NONE', #1178, #1179 ) ;
#1178 = CARTESIAN_POINT ( 'NONE',  ( 2.739999999999999800, 0.1499999999999999900, -3.007087245048369900 ) ) ;
#1179 = VECTOR ( 'NONE', #1180, 1000.000000000000000 ) ;
#1180 = DIRECTION ( 'NONE',  ( 0.0000000000000000000, 1.319749381521156100E-015, 1.000000000000000000 ) ) ;
#1181 = CARTESIAN_POINT ( 'NONE',  ( 0.2000000000000000100, 1.200000000000000000, -2.487912754951629800 ) ) ;
#1182 = LINE ( 'NONE', #1183, #1184 ) ;
#1183 = CARTESIAN_POINT ( 'NONE',  ( 0.2000000000000000100, 1.200000000000000000, -1.200000000000000000 ) ) ;
#1184 = VECTOR ( 'NONE', #1185, 1000.000000000000000 ) ;
#1185 = DIRECTION ( 'NONE',  ( 0.0000000000000000000, 1.683657791751929800E-016, -1.000000000000000000 ) ) ;
#1186 = FACE_BOUND ( 'NONE', #66, .T. ) ;
#1187 = FACE_OUTER_BOUND ( 'NONE', #147, .T. ) ;
#1188 = ORIENTED_EDGE ( 'NONE', *, *, #125, .F. ) ;
#1189 = EDGE_LOOP ( 'NONE', ( #254, #86, #676, #1413 ) ) ;
#1190 = PLANE ( 'NONE',  #1191 ) ;
#1191 = AXIS2_PLACEMENT_3D ( 'NONE', #1192, #1193, #1194 ) ;
#1192 = CARTESIAN_POINT ( 'NONE',  ( 3.220000000000000200, 2.100000000000000100, 1.940000000000000200 ) ) ;
#1193 = DIRECTION ( 'NONE',  ( 0.0000000000000000000, -1.000000000000000000, 0.0000000000000000000 ) ) ;
#1194 = DIRECTION ( 'NONE',  ( 0.0000000000000000000, 0.0000000000000000000, -1.000000000000000000 ) ) ;
#1195 = LINE ( 'NONE', #1196, #1197 ) ;
#1196 = CARTESIAN_POINT ( 'NONE',  ( -0.4200000000000000400, 0.1000000000000000100, -2.200000000000000200 ) ) ;
#1197 = VECTOR ( 'NONE', #1198, 1000.000000000000000 ) ;
#1198 = DIRECTION ( 'NONE',  ( 0.0000000000000000000, 0.0000000000000000000, 1.000000000000000000 ) ) ;
#1199 = CARTESIAN_POINT ( 'NONE',  ( 0.2000000000000000100, -1.111170074311348000E-015, 3.500000000000000000 ) ) ;
#1200 = FACE_OUTER_BOUND ( 'NONE', #108, .T. ) ;
#1201 = PLANE ( 'NONE',  #1202 ) ;
#1202 = AXIS2_PLACEMENT_3D ( 'NONE', #1203, #1204, #1205 ) ;
#1203 = CARTESIAN_POINT ( 'NONE',  ( 0.2000000000000000100, 0.1499999999999988000, 3.500000000000000000 ) ) ;
#1204 = DIRECTION ( 'NONE',  ( 0.0000000000000000000, -2.891205793294680200E-015, -1.000000000000000000 ) ) ;
#1205 = DIRECTION ( 'NONE',  ( 0.0000000000000000000, 1.000000000000000000, -2.891205793294680200E-015 ) ) ;
#1206 = ORIENTED_EDGE ( 'NONE', *, *, #996, .F. ) ;
#1207 = EDGE_CURVE ( 'NONE', #2, #714, #1116, .T. ) ;
#1208 = CARTESIAN_POINT ( 'NONE',  ( -0.2000000000000000100, 0.1499999999999999900, 3.007087245048369900 ) ) ;
#1209 = CARTESIAN_POINT ( 'NONE',  ( -0.2000000000000000100, 1.350000000000000100, -2.595000000000000200 ) ) ;
#1210 = LINE ( 'NONE', #1211, #1212 ) ;
#1211 = CARTESIAN_POINT ( 'NONE',  ( 3.220000000000000200, 0.1000000000000000100, 1.940000000000000200 ) ) ;
#1212 = VECTOR ( 'NONE', #1213, 1000.000000000000000 ) ;
#1213 = DIRECTION ( 'NONE',  ( -1.000000000000000000, 0.0000000000000000000, 0.0000000000000000000 ) ) ;
#1214 = LINE ( 'NONE', #1215, #1216 ) ;
#1215 = CARTESIAN_POINT ( 'NONE',  ( 3.220000000000000200, 1.350000000000000100, 2.135000000000000200 ) ) ;
#1216 = VECTOR ( 'NONE', #1217, 1000.000000000000000 ) ;
#1217 = DIRECTION ( 'NONE',  ( 1.000000000000000000, 0.0000000000000000000, 0.0000000000000000000 ) ) ;
#1218 = LINE ( 'NONE', #1219, #1220 ) ;
#1219 = CARTESIAN_POINT ( 'NONE',  ( 3.220000000000000200, 1.200000000000000000, -2.173999999999999900 ) ) ;
#1220 = VECTOR ( 'NONE', #1221, 1000.000000000000000 ) ;
#1221 = DIRECTION ( 'NONE',  ( 1.000000000000000000, 0.0000000000000000000, 0.0000000000000000000 ) ) ;
#1222 = LINE ( 'NONE', #1223, #1226 ) ;
#1223 = CARTESIAN_POINT ( 'NONE',  ( 2.975482734319944800, 2.040451021846370100, 1.955482734319944800 ) ) ;
#1224 = VERTEX_POINT ( 'NONE', #1126 ) ;
#1225 = ORIENTED_EDGE ( 'NONE', *, *, #906, .T. ) ;
#1226 = VECTOR ( 'NONE', #1227, 1000.000000000000000 ) ;
#1227 = DIRECTION ( 'NONE',  ( -0.2440265931279405600, 0.9385638197228471900, -0.2440265931279405600 ) ) ;
#1228 = LINE ( 'NONE', #1229, #1230 ) ;
#1229 = CARTESIAN_POINT ( 'NONE',  ( 2.339999999999999900, -1.111170074311348000E-015, 3.500000000000000000 ) ) ;
#1230 = VECTOR ( 'NONE', #1231, 1000.000000000000000 ) ;
#1231 = DIRECTION ( 'NONE',  ( 0.0000000000000000000, 4.286122238378324800E-016, -1.000000000000000000 ) ) ;
#1232 = CARTESIAN_POINT ( 'NONE',  ( 2.339999999999999900, 1.200000000000000000, -2.487912754951629800 ) ) ;
#1233 = LINE ( 'NONE', #1234, #1235 ) ;
#1234 = CARTESIAN_POINT ( 'NONE',  ( 2.960000000000000000, 0.1000000000000000100, -2.200000000000000200 ) ) ;
#1235 = VECTOR ( 'NONE', #1236, 1000.000000000000000 ) ;
#1236 = DIRECTION ( 'NONE',  ( 0.0000000000000000000, 0.0000000000000000000, 1.000000000000000000 ) ) ;
#1237 = LINE ( 'NONE', #1238, #1239 ) ;
#1238 = CARTESIAN_POINT ( 'NONE',  ( 2.739999999999999800, 2.100000000000000100, 1.940000000000000200 ) ) ;
#1239 = VECTOR ( 'NONE', #1240, 1000.000000000000100 ) ;
#1240 = DIRECTION ( 'NONE',  ( 0.0000000000000000000, -0.9678225067882718600, 0.2516338517649509600 ) ) ;
#1241 = CARTESIAN_POINT ( 'NONE',  ( -0.2000000000000000100, 0.1499999999999999900, -3.500000000000000000 ) ) ;
#1242 = ORIENTED_EDGE ( 'NONE', *, *, #1426, .F. ) ;
#1243 = LINE ( 'NONE', #1244, #1245 ) ;
#1244 = CARTESIAN_POINT ( 'NONE',  ( -0.2000000000000000100, 1.200000000000000000, -2.487912754951629800 ) ) ;
#1245 = VECTOR ( 'NONE', #1246, 1000.000000000000100 ) ;
#1246 = DIRECTION ( 'NONE',  ( 0.0000000000000000000, -0.9457865640766810500, -0.3247888163284349800 ) ) ;
#1247 = LINE ( 'NONE', #1248, #1249 ) ;
#1248 = CARTESIAN_POINT ( 'NONE',  ( 2.339999999999999900, 1.200000000000000000, 2.487912754951629800 ) ) ;
#1249 = VECTOR ( 'NONE', #1250, 1000.000000000000100 ) ;
#1250 = DIRECTION ( 'NONE',  ( 0.0000000000000000000, 0.9457865640766810500, -0.3247888163284349800 ) ) ;
#1251 = FACE_OUTER_BOUND ( 'NONE', #107, .T. ) ;
#1252 = PLANE ( 'NONE',  #1253 ) ;
#1253 = AXIS2_PLACEMENT_3D ( 'NONE', #1254, #1255, #1256 ) ;
#1254 = CARTESIAN_POINT ( 'NONE',  ( 2.339999999999999900, 1.200000000000000000, 1.200000000000000000 ) ) ;
#1255 = DIRECTION ( 'NONE',  ( 0.0000000000000000000, -1.000000000000000000, -1.683657791751929800E-016 ) ) ;
#1256 = DIRECTION ( 'NONE',  ( 0.0000000000000000000, 1.683657791751929800E-016, -1.000000000000000000 ) ) ;
#1257 = FACE_OUTER_BOUND ( 'NONE', #154, .T. ) ;
#1258 = CYLINDRICAL_SURFACE ( 'NONE', #1259, 0.4000000000000000800 ) ;
#1259 = AXIS2_PLACEMENT_3D ( 'NONE', #1260, #1261, #1262 ) ;
#1260 = CARTESIAN_POINT ( 'NONE',  ( 0.5199999999999999100, 2.000000000000000000, 0.6999999999999999600 ) ) ;
#1261 = DIRECTION ( 'NONE',  ( 0.0000000000000000000, 1.000000000000000000, 0.0000000000000000000 ) ) ;
#1262 = DIRECTION ( 'NONE',  ( 0.0000000000000000000, 0.0000000000000000000, 1.000000000000000000 ) ) ;
#1263 = LINE ( 'NONE', #1264, #1265 ) ;
#1264 = CARTESIAN_POINT ( 'NONE',  ( 3.220000000000000200, 1.200000000000000000, 2.173999999999999900 ) ) ;
#1265 = VECTOR ( 'NONE', #1266, 1000.000000000000000 ) ;
#1266 = DIRECTION ( 'NONE',  ( 1.000000000000000000, 0.0000000000000000000, 0.0000000000000000000 ) ) ;
#1267 =( LENGTH_UNIT ( ) NAMED_UNIT ( * ) SI_UNIT ( .MILLI., .METRE. ) );
#1268 =( NAMED_UNIT ( * ) PLANE_ANGLE_UNIT ( ) SI_UNIT ( $, .RADIAN. ) );
#1269 =( NAMED_UNIT ( * ) SI_UNIT ( $, .STERADIAN. ) SOLID_ANGLE_UNIT ( ) );
#1270 = UNCERTAINTY_MEASURE_WITH_UNIT (LENGTH_MEASURE( 1.000000000000000100E-005 ), #1267, 'distance_accuracy_value', 'NONE');
#1271 =( GEOMETRIC_REPRESENTATION_CONTEXT ( 3 ) GLOBAL_UNCERTAINTY_ASSIGNED_CONTEXT ( ( #1270 ) ) GLOBAL_UNIT_ASSIGNED_CONTEXT ( ( #1267, #1268, #1269 ) ) REPRESENTATION_CONTEXT ( 'NONE', 'WORKASPACE' ) );
#1272 = ADVANCED_BREP_SHAPE_REPRESENTATION ( 'G3VM_61G2', ( #819, #1280 ), #1271 ) ;
#1273 = ORIENTED_EDGE ( 'NONE', *, *, #11, .F. ) ;
#1274 = VERTEX_POINT ( 'NONE', #1128 ) ;
#1275 = VERTEX_POINT ( 'NONE', #1129 ) ;
#1276 = ORIENTED_EDGE ( 'NONE', *, *, #295, .F. ) ;
#1277 = ORIENTED_EDGE ( 'NONE', *, *, #373, .F. ) ;
#1278 = ORIENTED_EDGE ( 'NONE', *, *, #116, .F. ) ;
#1279 = ADVANCED_FACE ( 'NONE', ( #1135 ), #1136, .F. ) ;
#1280 = AXIS2_PLACEMENT_3D ( 'NONE', #1281, #1282, #1283 ) ;
#1281 = CARTESIAN_POINT ( 'NONE',  ( 0.0000000000000000000, 0.0000000000000000000, 0.0000000000000000000 ) ) ;
#1282 = DIRECTION ( 'NONE',  ( 0.0000000000000000000, 0.0000000000000000000, 1.000000000000000000 ) ) ;
#1283 = DIRECTION ( 'NONE',  ( 1.000000000000000000, 0.0000000000000000000, 0.0000000000000000000 ) ) ;
#1284 = APPLICATION_CONTEXT ( 'configuration controlled 3d designs of mechanical parts and assemblies' ) ;
#1285 = APPLICATION_PROTOCOL_DEFINITION ( 'international standard', 'config_control_design', 1994, #1284 ) ;
#1286 = MECHANICAL_CONTEXT ( 'NONE', #1284, 'mechanical' ) ;
#1287 = PRODUCT ( 'G3VM_61G2', 'G3VM_61G2', '', ( #1286 ) ) ;
#1288 = PERSON ( 'UNSPECIFIED', 'UNSPECIFIED', 'UNSPECIFIED', ('UNSPECIFIED'), ('UNSPECIFIED'), ('UNSPECIFIED') ) ;
#1289 = ORGANIZATION ( 'UNSPECIFIED', 'UNSPECIFIED', '' ) ;
#1290 = PERSON_AND_ORGANIZATION ( #1288, #1289 ) ;
#1291 = PERSON_AND_ORGANIZATION_ROLE ( 'design_owner' ) ;
#1292 = CC_DESIGN_PERSON_AND_ORGANIZATION_ASSIGNMENT ( #1290, #1291, ( #1287 ) ) ;
#1293 = APPLICATION_CONTEXT ( 'configuration controlled 3d designs of mechanical parts and assemblies' ) ;
#1294 = EDGE_CURVE ( 'NONE', #785, #212, #1142, .T. ) ;
#1295 = EDGE_LOOP ( 'NONE', ( #282, #64, #1188, #76 ) ) ;
#1296 = APPLICATION_PROTOCOL_DEFINITION ( 'international standard', 'config_control_design', 1994, #1293 ) ;
#1297 = DESIGN_CONTEXT ( 'detailed design', #1293, 'design' ) ;
#1298 = PRODUCT_DEFINITION ( 'UNKNOWN', '', #1321, #1297 ) ;
#1299 = PERSON_AND_ORGANIZATION ( #1288, #1289 ) ;
#1300 = APPROVAL_STATUS ( 'not_yet_approved' ) ;
#1301 = APPROVAL ( #1300, 'UNSPECIFIED' ) ;
#1302 = APPROVAL_ROLE ( '' ) ;
#1303 = APPROVAL_PERSON_ORGANIZATION ( #1299, #1301, #1302 ) ;
#1304 = COORDINATED_UNIVERSAL_TIME_OFFSET ( 9, 0, .AHEAD. ) ;
#1305 = LOCAL_TIME ( 15, 26, 35.00000000000000000, #1304 ) ;
#1306 = CALENDAR_DATE ( 2014, 25, 6 ) ;
#1307 = DATE_AND_TIME ( #1306, #1305 ) ;
#1308 = APPROVAL_DATE_TIME ( #1307, #1301 ) ;
#1309 = CC_DESIGN_APPROVAL ( #1301, ( #1298 ) ) ;
#1310 = PERSON_AND_ORGANIZATION ( #1288, #1289 ) ;
#1311 = PERSON_AND_ORGANIZATION_ROLE ( 'creator' ) ;
#1312 = EDGE_LOOP ( 'NONE', ( #275, #1388, #1276, #214 ) ) ;
#1313 = ADVANCED_FACE ( 'NONE', ( #1152 ), #1153, .F. ) ;
#1314 = CC_DESIGN_PERSON_AND_ORGANIZATION_ASSIGNMENT ( #1310, #1311, ( #1298 ) ) ;
#1315 = COORDINATED_UNIVERSAL_TIME_OFFSET ( 9, 0, .AHEAD. ) ;
#1316 = LOCAL_TIME ( 15, 26, 35.00000000000000000, #1315 ) ;
#1317 = CALENDAR_DATE ( 2014, 25, 6 ) ;
#1318 = DATE_AND_TIME ( #1317, #1316 ) ;
#1319 = DATE_TIME_ROLE ( 'creation_date' ) ;
#1320 = CC_DESIGN_DATE_AND_TIME_ASSIGNMENT ( #1318, #1319, ( #1298 ) ) ;
#1321 = PRODUCT_DEFINITION_FORMATION_WITH_SPECIFIED_SOURCE ( 'ANY', '', #1287, .NOT_KNOWN. ) ;
#1322 = PERSON_AND_ORGANIZATION ( #1288, #1289 ) ;
#1323 = APPROVAL_STATUS ( 'not_yet_approved' ) ;
#1324 = APPROVAL ( #1323, 'UNSPECIFIED' ) ;
#1325 = APPROVAL_ROLE ( '' ) ;
#1326 = APPROVAL_PERSON_ORGANIZATION ( #1322, #1324, #1325 ) ;
#1327 = COORDINATED_UNIVERSAL_TIME_OFFSET ( 9, 0, .AHEAD. ) ;
#1328 = LOCAL_TIME ( 15, 26, 35.00000000000000000, #1327 ) ;
#1329 = CALENDAR_DATE ( 2014, 25, 6 ) ;
#1330 = ORIENTED_EDGE ( 'NONE', *, *, #283, .T. ) ;
#1331 = VERTEX_POINT ( 'NONE', #1160 ) ;
#1332 = EDGE_CURVE ( 'NONE', #67, #1170, #1161, .T. ) ;
#1333 = DATE_AND_TIME ( #1329, #1328 ) ;
#1334 = APPROVAL_DATE_TIME ( #1333, #1324 ) ;
#1335 = CC_DESIGN_APPROVAL ( #1324, ( #1321 ) ) ;
#1336 = PERSON_AND_ORGANIZATION ( #1288, #1289 ) ;
#1337 = PERSON_AND_ORGANIZATION_ROLE ( 'creator' ) ;
#1338 = CC_DESIGN_PERSON_AND_ORGANIZATION_ASSIGNMENT ( #1336, #1337, ( #1321 ) ) ;
#1339 = PERSON_AND_ORGANIZATION ( #1288, #1289 ) ;
#1340 = PERSON_AND_ORGANIZATION_ROLE ( 'design_supplier' ) ;
#1341 = CC_DESIGN_PERSON_AND_ORGANIZATION_ASSIGNMENT ( #1339, #1340, ( #1321 ) ) ;
#1342 = SECURITY_CLASSIFICATION_LEVEL ( 'unclassified' ) ;
#1343 = SECURITY_CLASSIFICATION ( '', '', #1342 ) ;
#1344 = PERSON_AND_ORGANIZATION ( #1288, #1289 ) ;
#1345 = PERSON_AND_ORGANIZATION_ROLE ( 'classification_officer' ) ;
#1346 = CC_DESIGN_PERSON_AND_ORGANIZATION_ASSIGNMENT ( #1344, #1345, ( #1343 ) ) ;
#1347 = COORDINATED_UNIVERSAL_TIME_OFFSET ( 9, 0, .AHEAD. ) ;
#1348 = LOCAL_TIME ( 15, 26, 35.00000000000000000, #1347 ) ;
#1349 = EDGE_CURVE ( 'NONE', #1443, #150, #1165, .T. ) ;
#1350 = ORIENTED_EDGE ( 'NONE', *, *, #179, .F. ) ;
#1351 = ADVANCED_FACE ( 'NONE', ( #1169 ), #1172, .T. ) ;
#1352 = CALENDAR_DATE ( 2014, 25, 6 ) ;
#1353 = DATE_AND_TIME ( #1352, #1348 ) ;
#1354 = DATE_TIME_ROLE ( 'classification_date' ) ;
#1355 = CC_DESIGN_DATE_AND_TIME_ASSIGNMENT ( #1353, #1354, ( #1343 ) ) ;
#1356 = PERSON_AND_ORGANIZATION ( #1288, #1289 ) ;
#1357 = APPROVAL_STATUS ( 'not_yet_approved' ) ;
#1358 = APPROVAL ( #1357, 'UNSPECIFIED' ) ;
#1359 = APPROVAL_ROLE ( '' ) ;
#1360 = APPROVAL_PERSON_ORGANIZATION ( #1356, #1358, #1359 ) ;
#1361 = COORDINATED_UNIVERSAL_TIME_OFFSET ( 9, 0, .AHEAD. ) ;
#1362 = LOCAL_TIME ( 15, 26, 35.00000000000000000, #1361 ) ;
#1363 = CALENDAR_DATE ( 2014, 25, 6 ) ;
#1364 = DATE_AND_TIME ( #1363, #1362 ) ;
#1365 = APPROVAL_DATE_TIME ( #1364, #1358 ) ;
#1366 = CC_DESIGN_APPROVAL ( #1358, ( #1343 ) ) ;
#1367 = CC_DESIGN_SECURITY_CLASSIFICATION ( #1343, ( #1321 ) ) ;
#1368 = PRODUCT_RELATED_PRODUCT_CATEGORY ( 'detail', '', ( #1287 ) ) ;
#1369 = PRODUCT_DEFINITION_SHAPE ( 'NONE', 'NONE',  #1298 ) ;
#1370 = SHAPE_DEFINITION_REPRESENTATION ( #1369, #1272 ) ;
#1371 = ORIENTED_EDGE ( 'NONE', *, *, #94, .F. ) ;
#1372 = EDGE_CURVE ( 'NONE', #482, #1275, #1195, .T. ) ;
#1373 = ORIENTED_EDGE ( 'NONE', *, *, #1349, .F. ) ;
#1374 = ORIENTED_EDGE ( 'NONE', *, *, #203, .F. ) ;
#1375 = VERTEX_POINT ( 'NONE', #1208 ) ;
#1376 = ORIENTED_EDGE ( 'NONE', *, *, #465, .F. ) ;
#1377 = EDGE_CURVE ( 'NONE', #1496, #1401, #1214, .T. ) ;
#1378 = ORIENTED_EDGE ( 'NONE', *, *, #261, .T. ) ;
#1379 = ORIENTED_EDGE ( 'NONE', *, *, #23, .T. ) ;
#1380 = EDGE_CURVE ( 'NONE', #1422, #259, #1222, .T. ) ;
#1381 = EDGE_LOOP ( 'NONE', ( #1016, #41, #1491, #551 ) ) ;
#1382 = VERTEX_POINT ( 'NONE', #1232 ) ;
#1383 = ORIENTED_EDGE ( 'NONE', *, *, #4, .T. ) ;
#1384 = EDGE_CURVE ( 'NONE', #111, #46, #1233, .T. ) ;
#1385 = ORIENTED_EDGE ( 'NONE', *, *, #142, .F. ) ;
#1386 = EDGE_CURVE ( 'NONE', #1401, #1502, #1237, .T. ) ;
#1387 = EDGE_CURVE ( 'NONE', #240, #1486, #1243, .T. ) ;
#1388 = ORIENTED_EDGE ( 'NONE', *, *, #18, .F. ) ;
#1389 = ORIENTED_EDGE ( 'NONE', *, *, #288, .F. ) ;
#1390 = ADVANCED_FACE ( 'NONE', ( #1257 ), #1258, .F. ) ;
#1391 = ORIENTED_EDGE ( 'NONE', *, *, #675, .T. ) ;
#1392 = EDGE_CURVE ( 'NONE', #1428, #1068, #709, .T. ) ;
#1393 = EDGE_CURVE ( 'NONE', #1375, #337, #721, .T. ) ;
#1394 = ORIENTED_EDGE ( 'NONE', *, *, #1465, .T. ) ;
#1395 = ORIENTED_EDGE ( 'NONE', *, *, #159, .F. ) ;
#1396 = EDGE_CURVE ( 'NONE', #1496, #1427, #729, .T. ) ;
#1397 = ORIENTED_EDGE ( 'NONE', *, *, #45, .F. ) ;
#1398 = EDGE_CURVE ( 'NONE', #55, #1331, #757, .T. ) ;
#1399 = VERTEX_POINT ( 'NONE', #782 ) ;
#1400 = ORIENTED_EDGE ( 'NONE', *, *, #1453, .T. ) ;
#1401 = VERTEX_POINT ( 'NONE', #783 ) ;
#1402 = ORIENTED_EDGE ( 'NONE', *, *, #374, .T. ) ;
#1403 = EDGE_CURVE ( 'NONE', #20, #158, #786, .T. ) ;
#1404 = ORIENTED_EDGE ( 'NONE', *, *, #977, .F. ) ;
#1405 = EDGE_LOOP ( 'NONE', ( #299, #297, #1472, #502 ) ) ;
#1406 = EDGE_CURVE ( 'NONE', #67, #49, #794, .T. ) ;
#1407 = ORIENTED_EDGE ( 'NONE', *, *, #119, .T. ) ;
#1408 = EDGE_LOOP ( 'NONE', ( #252, #52, #298, #1391 ) ) ;
#1409 = EDGE_CURVE ( 'NONE', #157, #1410, #823, .T. ) ;
#1410 = VERTEX_POINT ( 'NONE', #827 ) ;
#1411 = ORIENTED_EDGE ( 'NONE', *, *, #258, .F. ) ;
#1412 = EDGE_LOOP ( 'NONE', ( #217, #21, #1394, #170 ) ) ;
#1413 = ORIENTED_EDGE ( 'NONE', *, *, #269, .F. ) ;
#1414 = EDGE_CURVE ( 'NONE', #1382, #28, #843, .T. ) ;
#1415 = ORIENTED_EDGE ( 'NONE', *, *, #1377, .T. ) ;
#1416 = EDGE_LOOP ( 'NONE', ( #100, #694, #30, #750 ) ) ;
#1417 = ORIENTED_EDGE ( 'NONE', *, *, #568, .T. ) ;
#1418 = ORIENTED_EDGE ( 'NONE', *, *, #412, .T. ) ;
#1419 = ORIENTED_EDGE ( 'NONE', *, *, #16, .T. ) ;
#1420 = EDGE_CURVE ( 'NONE', #199, #259, #859, .T. ) ;
#1421 = ADVANCED_FACE ( 'NONE', ( #867 ), #868, .F. ) ;
#1422 = VERTEX_POINT ( 'NONE', #874 ) ;
#1423 = EDGE_CURVE ( 'NONE', #279, #713, #876, .T. ) ;
#1424 = EDGE_CURVE ( 'NONE', #1449, #2, #886, .T. ) ;
#1425 = ORIENTED_EDGE ( 'NONE', *, *, #117, .T. ) ;
#1426 = EDGE_CURVE ( 'NONE', #500, #262, #891, .T. ) ;
#1427 = VERTEX_POINT ( 'NONE', #895 ) ;
#1428 = VERTEX_POINT ( 'NONE', #896 ) ;
#1429 = ORIENTED_EDGE ( 'NONE', *, *, #1467, .F. ) ;
#1430 = ORIENTED_EDGE ( 'NONE', *, *, #11, .T. ) ;
#1431 = ORIENTED_EDGE ( 'NONE', *, *, #1465, .F. ) ;
#1432 = ORIENTED_EDGE ( 'NONE', *, *, #1386, .F. ) ;
#1433 = ORIENTED_EDGE ( 'NONE', *, *, #1387, .F. ) ;
#1434 = ORIENTED_EDGE ( 'NONE', *, *, #1398, .T. ) ;
#1435 = VERTEX_POINT ( 'NONE', #902 ) ;
#1436 = EDGE_CURVE ( 'NONE', #713, #1399, #903, .T. ) ;
#1437 = EDGE_CURVE ( 'NONE', #1401, #221, #919, .T. ) ;
#1438 = ORIENTED_EDGE ( 'NONE', *, *, #26, .F. ) ;
#1439 = ORIENTED_EDGE ( 'NONE', *, *, #603, .T. ) ;
#1440 = EDGE_LOOP ( 'NONE', ( #1425, #1441, #195, #1483 ) ) ;
#1441 = ORIENTED_EDGE ( 'NONE', *, *, #17, .T. ) ;
#1442 = EDGE_CURVE ( 'NONE', #907, #1410, #933, .T. ) ;
#1443 = VERTEX_POINT ( 'NONE', #937 ) ;
#1444 = ORIENTED_EDGE ( 'NONE', *, *, #1437, .F. ) ;
#1445 = ORIENTED_EDGE ( 'NONE', *, *, #836, .T. ) ;
#1446 = EDGE_CURVE ( 'NONE', #210, #238, #954, .T. ) ;
#1447 = EDGE_LOOP ( 'NONE', ( #80, #1434, #56, #277, #1379, #1419, #174, #905 ) ) ;
#1448 = VERTEX_POINT ( 'NONE', #972 ) ;
#1449 = VERTEX_POINT ( 'NONE', #973 ) ;
#1450 = ORIENTED_EDGE ( 'NONE', *, *, #1482, .F. ) ;
#1451 = EDGE_LOOP ( 'NONE', ( #78, #1411, #226, #413 ) ) ;
#1452 = ORIENTED_EDGE ( 'NONE', *, *, #1436, .F. ) ;
#1453 = EDGE_CURVE ( 'NONE', #1496, #280, #308, .T. ) ;
#1454 = ORIENTED_EDGE ( 'NONE', *, *, #274, .F. ) ;
#1455 = ORIENTED_EDGE ( 'NONE', *, *, #1414, .F. ) ;
#1456 = EDGE_CURVE ( 'NONE', #1435, #483, #325, .T. ) ;
#1457 = ORIENTED_EDGE ( 'NONE', *, *, #1396, .F. ) ;
#1458 = ORIENTED_EDGE ( 'NONE', *, *, #1387, .T. ) ;
#1459 = ORIENTED_EDGE ( 'NONE', *, *, #1426, .T. ) ;
#1460 = ORIENTED_EDGE ( 'NONE', *, *, #248, .T. ) ;
#1461 = EDGE_LOOP ( 'NONE', ( #1479, #1473, #1418, #1014 ) ) ;
#1462 = ORIENTED_EDGE ( 'NONE', *, *, #267, .F. ) ;
#1463 = ORIENTED_EDGE ( 'NONE', *, *, #1386, .T. ) ;
#1464 = ADVANCED_FACE ( 'NONE', ( #382 ), #383, .T. ) ;
#1465 = EDGE_CURVE ( 'NONE', #102, #501, #397, .T. ) ;
#1466 = ORIENTED_EDGE ( 'NONE', *, *, #1470, .F. ) ;
#1467 = EDGE_CURVE ( 'NONE', #259, #1478, #422, .T. ) ;
#1468 = ADVANCED_FACE ( 'NONE', ( #435 ), #436, .F. ) ;
#1469 = ORIENTED_EDGE ( 'NONE', *, *, #1207, .T. ) ;
#1470 = EDGE_CURVE ( 'NONE', #1170, #130, #441, .T. ) ;
#1471 = EDGE_CURVE ( 'NONE', #1399, #1502, #450, .T. ) ;
#1472 = ORIENTED_EDGE ( 'NONE', *, *, #1033, .T. ) ;
#1473 = ORIENTED_EDGE ( 'NONE', *, *, #1456, .F. ) ;
#1474 = EDGE_CURVE ( 'NONE', #273, #210, #462, .T. ) ;
#1475 = ORIENTED_EDGE ( 'NONE', *, *, #6, .T. ) ;
#1476 = ORIENTED_EDGE ( 'NONE', *, *, #1471, .T. ) ;
#1477 = ORIENTED_EDGE ( 'NONE', *, *, #977, .T. ) ;
#1478 = VERTEX_POINT ( 'NONE', #477 ) ;
#1479 = ORIENTED_EDGE ( 'NONE', *, *, #16, .F. ) ;
#1480 = ORIENTED_EDGE ( 'NONE', *, *, #258, .T. ) ;
#1481 = EDGE_CURVE ( 'NONE', #1478, #1492, #492, .T. ) ;
#1482 = EDGE_CURVE ( 'NONE', #500, #15, #528, .T. ) ;
#1483 = ORIENTED_EDGE ( 'NONE', *, *, #1398, .F. ) ;
#1484 = ORIENTED_EDGE ( 'NONE', *, *, #196, .T. ) ;
#1485 = ORIENTED_EDGE ( 'NONE', *, *, #91, .F. ) ;
#1486 = VERTEX_POINT ( 'NONE', #558 ) ;
#1487 = ORIENTED_EDGE ( 'NONE', *, *, #1481, .F. ) ;
#1488 = VERTEX_POINT ( 'NONE', #580 ) ;
#1489 = ADVANCED_FACE ( 'NONE', ( #587, #588, #589 ), #590, .F. ) ;
#1490 = ORIENTED_EDGE ( 'NONE', *, *, #225, .T. ) ;
#1491 = ORIENTED_EDGE ( 'NONE', *, *, #870, .F. ) ;
#1492 = VERTEX_POINT ( 'NONE', #605 ) ;
#1493 = ADVANCED_FACE ( 'NONE', ( #606 ), #607, .F. ) ;
#1494 = EDGE_CURVE ( 'NONE', #15, #13, #612, .T. ) ;
#1495 = VERTEX_POINT ( 'NONE', #616 ) ;
#1496 = VERTEX_POINT ( 'NONE', #617 ) ;
#1497 = ORIENTED_EDGE ( 'NONE', *, *, #1409, .F. ) ;
#1498 = ADVANCED_FACE ( 'NONE', ( #618, #619, #624 ), #625, .F. ) ;
#1499 = EDGE_CURVE ( 'NONE', #49, #130, #630, .T. ) ;
#1500 = ORIENTED_EDGE ( 'NONE', *, *, #1392, .F. ) ;
#1501 = ADVANCED_FACE ( 'NONE', ( #647 ), #648, .T. ) ;
#1502 = VERTEX_POINT ( 'NONE', #660 ) ;
#1503 = EDGE_CURVE ( 'NONE', #1274, #284, #661, .T. ) ;
#1504 = EDGE_CURVE ( 'NONE', #12, #172, #665, .T. ) ;
#1505 = ORIENTED_EDGE ( 'NONE', *, *, #836, .F. ) ;
#1506 = EDGE_CURVE ( 'NONE', #1486, #714, #679, .T. ) ;
#1507 = ORIENTED_EDGE ( 'NONE', *, *, #241, .T. ) ;
#1508 = EDGE_LOOP ( 'NONE', ( #1277, #1273, #89, #1487 ) ) ;
#1509 = ORIENTED_EDGE ( 'NONE', *, *, #269, .T. ) ;
ENDSEC;
END-ISO-10303-21;
