ISO-10303-21;
HEADER;
FILE_DESCRIPTION (( 'STEP AP214' ),
    '1' );
FILE_NAME ('B15B-PH-K-S.STEP',
    '2023-12-02T09:50:20',
    ( '' ),
    ( '' ),
    'SwSTEP 2.0',
    'SolidWorks 2021',
    '' );
FILE_SCHEMA (( 'AUTOMOTIVE_DESIGN' ));
ENDSEC;

DATA;
#1 = CARTESIAN_POINT ( 'NONE',  ( -15.94999999999999929, 6.000000000000000000, 0.8800000000000000044 ) ) ;
#2 = DIRECTION ( 'NONE',  ( 1.000000000000000000, 0.000000000000000000, 0.000000000000000000 ) ) ;
#3 = LINE ( 'NONE', #2440, #4198 ) ;
#4 = EDGE_LOOP ( 'NONE', ( #5723, #6053, #692, #631, #5632 ) ) ;
#5 = DIRECTION ( 'NONE',  ( -1.000000000000000000, 0.000000000000000000, 0.000000000000000000 ) ) ;
#6 = VECTOR ( 'NONE', #2307, 1000.000000000000000 ) ;
#7 = ADVANCED_FACE ( 'NONE', ( #4341 ), #2303, .F. ) ;
#8 = EDGE_LOOP ( 'NONE', ( #5522, #1636, #1113, #100 ) ) ;
#9 = CARTESIAN_POINT ( 'NONE',  ( -3.750000000000000000, 0.2000000000000000111, -2.250000000000000000 ) ) ;
#10 = CARTESIAN_POINT ( 'NONE',  ( -5.750000000000000000, 0.2000000000000000111, 0.8000000000000000444 ) ) ;
#11 = CYLINDRICAL_SURFACE ( 'NONE', #2503, 0.5500000000000000444 ) ;
#12 = ORIENTED_EDGE ( 'NONE', *, *, #3141, .F. ) ;
#13 = PRODUCT_DEFINITION ( 'UNKNOWN', '', #80, #4621 ) ;
#14 = LINE ( 'NONE', #2520, #2932 ) ;
#15 =( LENGTH_UNIT ( ) NAMED_UNIT ( * ) SI_UNIT ( .MILLI., .METRE. ) );
#16 = DIRECTION ( 'NONE',  ( 0.000000000000000000, 0.000000000000000000, 1.000000000000000000 ) ) ;
#17 = VERTEX_POINT ( 'NONE', #1403 ) ;
#18 = VECTOR ( 'NONE', #1076, 999.9999999999998863 ) ;
#19 = EDGE_CURVE ( 'NONE', #777, #5507, #3903, .T. ) ;
#20 = CARTESIAN_POINT ( 'NONE',  ( -0.7999999999999986011, 0.2000000000000000111, 2.250000000000000000 ) ) ;
#21 = CARTESIAN_POINT ( 'NONE',  ( 4.250000000000000000, -3.399999999999999911, 0.2999999999999999889 ) ) ;
#22 = VERTEX_POINT ( 'NONE', #335 ) ;
#23 = LINE ( 'NONE', #5712, #699 ) ;
#24 = ORIENTED_EDGE ( 'NONE', *, *, #4989, .F. ) ;
#25 = PRODUCT_DEFINITION_CONTEXT ( 'detailed design', #1012, 'design' ) ;
#26 = AXIS2_PLACEMENT_3D ( 'NONE', #4248, #1279, #3251 ) ;
#27 = EDGE_CURVE ( 'NONE', #1193, #4423, #306, .T. ) ;
#28 = DIRECTION ( 'NONE',  ( 0.000000000000000000, 4.336808689942020201E-16, -1.000000000000000000 ) ) ;
#29 = DIRECTION ( 'NONE',  ( -2.168404344971010101E-16, 0.000000000000000000, -1.000000000000000000 ) ) ;
#30 = DIRECTION ( 'NONE',  ( 2.168404344971012566E-16, 0.1321637200910179555, 0.9912279006826346661 ) ) ;
#31 = ORIENTED_EDGE ( 'NONE', *, *, #2417, .F. ) ;
#32 = DIRECTION ( 'NONE',  ( -0.3236155771181828955, 0.8891264907159897035, 0.3236155771181828955 ) ) ;
#33 = ADVANCED_FACE ( 'NONE', ( #6369 ), #761, .F. ) ;
#34 = EDGE_CURVE ( 'NONE', #2372, #655, #2904, .T. ) ;
#35 = CARTESIAN_POINT ( 'NONE',  ( -10.05000000000000071, -4.336808689942014778E-16, 2.250000000000000000 ) ) ;
#36 = LINE ( 'NONE', #4470, #4939 ) ;
#37 = VERTEX_POINT ( 'NONE', #2808 ) ;
#38 = CARTESIAN_POINT ( 'NONE',  ( -15.94999999999999929, 1.389999999999999902, 2.250000000000000000 ) ) ;
#39 = ORIENTED_EDGE ( 'NONE', *, *, #2210, .T. ) ;
#40 = FACE_OUTER_BOUND ( 'NONE', #487, .T. ) ;
#41 = EDGE_CURVE ( 'NONE', #6020, #1252, #1272, .T. ) ;
#42 = DIRECTION ( 'NONE',  ( 3.504579431022969726E-32, 1.000000000000000000, 2.478176394252580155E-16 ) ) ;
#43 = DIRECTION ( 'NONE',  ( -1.000000000000000000, 3.504579431022969726E-32, 1.519869053105245017E-47 ) ) ;
#44 = EDGE_LOOP ( 'NONE', ( #5256, #6391, #2913, #5411 ) ) ;
#45 = CARTESIAN_POINT ( 'NONE',  ( 15.54999999999999893, 6.000000000000000000, 1.899999999999999911 ) ) ;
#46 = VECTOR ( 'NONE', #4874, 1000.000000000000000 ) ;
#47 =( NAMED_UNIT ( * ) PLANE_ANGLE_UNIT ( ) SI_UNIT ( $, .RADIAN. ) );
#48 = EDGE_CURVE ( 'NONE', #6271, #2574, #6466, .T. ) ;
#49 = ORIENTED_EDGE ( 'NONE', *, *, #982, .T. ) ;
#50 = EDGE_CURVE ( 'NONE', #4077, #2193, #2335, .T. ) ;
#51 = VECTOR ( 'NONE', #3072, 1000.000000000000000 ) ;
#52 = DIRECTION ( 'NONE',  ( 1.000000000000000000, 0.000000000000000000, 0.000000000000000000 ) ) ;
#53 = CARTESIAN_POINT ( 'NONE',  ( -8.050000000000000711, -4.336808689942014778E-16, 2.250000000000000000 ) ) ;
#54 = EDGE_LOOP ( 'NONE', ( #2490, #1962, #6274, #231, #5035, #5996, #4306, #924, #2177, #5432, #2529, #5344 ) ) ;
#55 = LINE ( 'NONE', #5182, #4219 ) ;
#56 = AXIS2_PLACEMENT_3D ( 'NONE', #6304, #3144, #632 ) ;
#57 = VECTOR ( 'NONE', #5083, 1000.000000000000000 ) ;
#58 = ORIENTED_EDGE ( 'NONE', *, *, #2324, .F. ) ;
#59 = VECTOR ( 'NONE', #6228, 1000.000000000000114 ) ;
#60 = CARTESIAN_POINT ( 'NONE',  ( -11.75000000000000000, -3.399999999999999911, 0.2999999999999999889 ) ) ;
#61 = DIRECTION ( 'NONE',  ( 1.000000000000000000, 0.000000000000000000, 0.000000000000000000 ) ) ;
#62 = LINE ( 'NONE', #126, #3139 ) ;
#63 = ORIENTED_EDGE ( 'NONE', *, *, #5964, .T. ) ;
#64 = LINE ( 'NONE', #2733, #5696 ) ;
#65 = EDGE_CURVE ( 'NONE', #1236, #2295, #4793, .T. ) ;
#66 = AXIS2_PLACEMENT_3D ( 'NONE', #4202, #3205, #5200 ) ;
#67 = AXIS2_PLACEMENT_3D ( 'NONE', #5155, #2596, #2228 ) ;
#68 = LINE ( 'NONE', #2769, #1627 ) ;
#69 = VECTOR ( 'NONE', #4120, 1000.000000000000000 ) ;
#70 = CARTESIAN_POINT ( 'NONE',  ( -5.250000000000000000, -2.419911892563235245, 0.8000000000000000444 ) ) ;
#71 = ORIENTED_EDGE ( 'NONE', *, *, #2573, .F. ) ;
#72 = LINE ( 'NONE', #2202, #3896 ) ;
#73 = VECTOR ( 'NONE', #5089, 1000.000000000000000 ) ;
#74 = ORIENTED_EDGE ( 'NONE', *, *, #6124, .T. ) ;
#75 = DIRECTION ( 'NONE',  ( -1.000000000000000000, 0.000000000000000000, 0.000000000000000000 ) ) ;
#76 = DIRECTION ( 'NONE',  ( -1.000000000000000000, 0.000000000000000000, 0.000000000000000000 ) ) ;
#77 = LINE ( 'NONE', #177, #4519 ) ;
#78 = ORIENTED_EDGE ( 'NONE', *, *, #6215, .T. ) ;
#79 = CARTESIAN_POINT ( 'NONE',  ( -4.750000000000000000, -0.4291796067500625034, 0.8000000000000000444 ) ) ;
#80 = PRODUCT_DEFINITION_FORMATION_WITH_SPECIFIED_SOURCE ( 'ANY', '', #1321, .NOT_KNOWN. ) ;
#81 = SHAPE_REPRESENTATION_RELATIONSHIP ( 'NONE' , 'NONE' ,  #5519, #5175 ) ;
#82 = EDGE_CURVE ( 'NONE', #5260, #6396, #800, .T. ) ;
#83 = ORIENTED_EDGE ( 'NONE', *, *, #1349, .T. ) ;
#84 = CARTESIAN_POINT ( 'NONE',  ( -15.29999999999999893, 5.750000000000000000, -1.850000000000000089 ) ) ;
#85 = CARTESIAN_POINT ( 'NONE',  ( -12.24999999999999822, 0.2000000000000000111, 0.8000000000000000444 ) ) ;
#86 = ORIENTED_EDGE ( 'NONE', *, *, #3314, .T. ) ;
#87 = CARTESIAN_POINT ( 'NONE',  ( -5.750000000000000000, 0.2000000000000000111, -2.250000000000000000 ) ) ;
#88 = ADVANCED_FACE ( 'NONE', ( #4927 ), #2403, .F. ) ;
#89 = ADVANCED_FACE ( 'NONE', ( #3971 ), #4536, .F. ) ;
#90 = VERTEX_POINT ( 'NONE', #4183 ) ;
#91 = CARTESIAN_POINT ( 'NONE',  ( 11.75000000000000178, 0.2000000000000000111, 0.2999999999999999889 ) ) ;
#92 = DIRECTION ( 'NONE',  ( 0.000000000000000000, 0.000000000000000000, -1.000000000000000000 ) ) ;
#93 = PLANE ( 'NONE',  #3043 ) ;
#94 = ORIENTED_EDGE ( 'NONE', *, *, #4500, .T. ) ;
#95 = CARTESIAN_POINT ( 'NONE',  ( -10.05000000000000071, 6.000000000000000000, -0.1200000000000000094 ) ) ;
#96 = ADVANCED_FACE ( 'NONE', ( #2150, #1441 ), #5063, .F. ) ;
#97 = EDGE_CURVE ( 'NONE', #4868, #4200, #3508, .T. ) ;
#98 = FACE_OUTER_BOUND ( 'NONE', #662, .T. ) ;
#99 = LINE ( 'NONE', #3130, #898 ) ;
#100 = ORIENTED_EDGE ( 'NONE', *, *, #6268, .T. ) ;
#101 = DIRECTION ( 'NONE',  ( 2.522858432348305322E-32, -1.000000000000000000, 0.000000000000000000 ) ) ;
#102 = ORIENTED_EDGE ( 'NONE', *, *, #4293, .T. ) ;
#103 = EDGE_CURVE ( 'NONE', #1811, #4574, #3070, .T. ) ;
#104 = CARTESIAN_POINT ( 'NONE',  ( -4.750000000000000000, -0.6751470842750408874, 0.7419349550499519941 ) ) ;
#105 = EDGE_CURVE ( 'NONE', #357, #5269, #5991, .T. ) ;
#106 = CARTESIAN_POINT ( 'NONE',  ( -9.199999999999999289, 0.2000000000000000111, -2.250000000000000000 ) ) ;
#107 = DIRECTION ( 'NONE',  ( 0.000000000000000000, 0.000000000000000000, 1.000000000000000000 ) ) ;
#108 = ORIENTED_EDGE ( 'NONE', *, *, #6104, .T. ) ;
#109 = DIRECTION ( 'NONE',  ( -2.168404344971010101E-16, 2.478176394252580155E-16, -1.000000000000000000 ) ) ;
#110 = CARTESIAN_POINT ( 'NONE',  ( 0.000000000000000000, 0.000000000000000000, 0.000000000000000000 ) ) ;
#111 = ADVANCED_FACE ( 'NONE', ( #3477 ), #436, .F. ) ;
#112 = EDGE_CURVE ( 'NONE', #694, #469, #4571, .T. ) ;
#113 = ORIENTED_EDGE ( 'NONE', *, *, #2257, .T. ) ;
#114 = LINE ( 'NONE', #1214, #6079 ) ;
#115 = DIRECTION ( 'NONE',  ( 0.000000000000000000, -4.336808689942020201E-16, 1.000000000000000000 ) ) ;
#116 = ORIENTED_EDGE ( 'NONE', *, *, #3291, .F. ) ;
#117 = VERTEX_POINT ( 'NONE', #935 ) ;
#118 = DIRECTION ( 'NONE',  ( 0.000000000000000000, 2.478176394252580155E-16, -1.000000000000000000 ) ) ;
#119 = AXIS2_PLACEMENT_3D ( 'NONE', #6514, #5974, #6015 ) ;
#120 = ORIENTED_EDGE ( 'NONE', *, *, #6199, .F. ) ;
#121 = CARTESIAN_POINT ( 'NONE',  ( -5.250000000000000000, 5.000000000000000000, 0.2999999999999999889 ) ) ;
#122 = DIRECTION ( 'NONE',  ( 3.504579431022969726E-32, 1.000000000000000000, 2.478176394252580155E-16 ) ) ;
#123 = DIRECTION ( 'NONE',  ( 0.000000000000000000, -0.7071067811865460184, -0.7071067811865489050 ) ) ;
#124 = EDGE_CURVE ( 'NONE', #5202, #4054, #2975, .T. ) ;
#125 = VECTOR ( 'NONE', #2179, 1000.000000000000000 ) ;
#126 = CARTESIAN_POINT ( 'NONE',  ( 5.200000000000002842, 0.2000000000000000111, 2.250000000000000000 ) ) ;
#127 = ORIENTED_EDGE ( 'NONE', *, *, #2950, .F. ) ;
#128 = DIRECTION ( 'NONE',  ( 0.000000000000000000, -1.000000000000000000, -2.478176394252580155E-16 ) ) ;
#129 = AXIS2_PLACEMENT_3D ( 'NONE', #2674, #2642, #4697 ) ;
#130 = EDGE_CURVE ( 'NONE', #4123, #1847, #3004, .T. ) ;
#131 = FACE_OUTER_BOUND ( 'NONE', #3866, .T. ) ;
#132 = ORIENTED_EDGE ( 'NONE', *, *, #897, .F. ) ;
#133 = DIRECTION ( 'NONE',  ( 0.000000000000000000, 0.000000000000000000, -1.000000000000000000 ) ) ;
#134 = ORIENTED_EDGE ( 'NONE', *, *, #2304, .T. ) ;
#135 = AXIS2_PLACEMENT_3D ( 'NONE', #5301, #628, #2708 ) ;
#136 = LINE ( 'NONE', #3664, #6229 ) ;
#137 = CARTESIAN_POINT ( 'NONE',  ( 12.25000000000000000, 0.2000000000000000111, 0.2999999999999999889 ) ) ;
#138 = VECTOR ( 'NONE', #1189, 1000.000000000000000 ) ;
#139 = ORIENTED_EDGE ( 'NONE', *, *, #2418, .F. ) ;
#140 = AXIS2_PLACEMENT_3D ( 'NONE', #1195, #3231, #5258 ) ;
#141 = FACE_OUTER_BOUND ( 'NONE', #5536, .T. ) ;
#142 = DIRECTION ( 'NONE',  ( 1.519869053105245017E-47, 0.000000000000000000, 1.000000000000000000 ) ) ;
#143 = LINE ( 'NONE', #2710, #150 ) ;
#144 = EDGE_LOOP ( 'NONE', ( #1136, #409, #2645, #3463 ) ) ;
#145 = DIRECTION ( 'NONE',  ( -1.000000000000000000, 0.000000000000000000, 0.000000000000000000 ) ) ;
#146 = DIRECTION ( 'NONE',  ( -6.982962677686266711E-15, 0.000000000000000000, -1.000000000000000000 ) ) ;
#147 = EDGE_CURVE ( 'NONE', #2859, #2362, #3036, .T. ) ;
#148 = EDGE_LOOP ( 'NONE', ( #4050, #4564, #5072, #3147 ) ) ;
#149 = CARTESIAN_POINT ( 'NONE',  ( 15.94999999999999929, 6.000000000000000000, 0.8800000000000000044 ) ) ;
#150 = VECTOR ( 'NONE', #2644, 1000.000000000000000 ) ;
#151 = FACE_OUTER_BOUND ( 'NONE', #577, .T. ) ;
#152 = ORIENTED_EDGE ( 'NONE', *, *, #5001, .F. ) ;
#153 = ORIENTED_EDGE ( 'NONE', *, *, #6232, .T. ) ;
#154 = LINE ( 'NONE', #2623, #69 ) ;
#155 = VECTOR ( 'NONE', #4671, 1000.000000000000000 ) ;
#156 = ORIENTED_EDGE ( 'NONE', *, *, #4594, .T. ) ;
#157 = LINE ( 'NONE', #6386, #2131 ) ;
#158 = CARTESIAN_POINT ( 'NONE',  ( -5.250000000000000000, -0.9293581796195340416, 0.6148294073777050839 ) ) ;
#159 = DIRECTION ( 'NONE',  ( -1.000000000000000000, 0.000000000000000000, 0.000000000000000000 ) ) ;
#160 = LINE ( 'NONE', #4096, #1870 ) ;
#161 = AXIS2_PLACEMENT_3D ( 'NONE', #3304, #5398, #2870 ) ;
#162 = ORIENTED_EDGE ( 'NONE', *, *, #3605, .T. ) ;
#163 = LINE ( 'NONE', #2194, #4742 ) ;
#164 = EDGE_CURVE ( 'NONE', #892, #37, #2507, .T. ) ;
#165 = ORIENTED_EDGE ( 'NONE', *, *, #27, .T. ) ;
#166 = VECTOR ( 'NONE', #540, 1000.000000000000114 ) ;
#167 = LINE ( 'NONE', #6225, #2159 ) ;
#168 = DIRECTION ( 'NONE',  ( 0.000000000000000000, -1.000000000000000000, 0.000000000000000000 ) ) ;
#169 = ORIENTED_EDGE ( 'NONE', *, *, #4637, .T. ) ;
#170 = DIRECTION ( 'NONE',  ( 1.000000000000000000, 0.000000000000000000, 0.000000000000000000 ) ) ;
#171 = VECTOR ( 'NONE', #6157, 1000.000000000000000 ) ;
#172 = CARTESIAN_POINT ( 'NONE',  ( -0.7999999999999986011, 0.2000000000000000111, -2.250000000000000000 ) ) ;
#173 = VERTEX_POINT ( 'NONE', #964 ) ;
#174 = VECTOR ( 'NONE', #5324, 1000.000000000000000 ) ;
#175 = PLANE ( 'NONE',  #2480 ) ;
#176 = CARTESIAN_POINT ( 'NONE',  ( -15.94999999999999929, 4.336808689942014778E-16, -2.250000000000000000 ) ) ;
#177 = CARTESIAN_POINT ( 'NONE',  ( 12.80000000000000071, -4.336808689942014778E-16, -2.250000000000000000 ) ) ;
#178 = VERTEX_POINT ( 'NONE', #404 ) ;
#179 = CARTESIAN_POINT ( 'NONE',  ( -5.250000000000000000, -2.419911892563235245, 0.2500000000000000000 ) ) ;
#180 = VECTOR ( 'NONE', #745, 1000.000000000000000 ) ;
#181 = EDGE_LOOP ( 'NONE', ( #3991, #611, #4947, #4368 ) ) ;
#182 = CARTESIAN_POINT ( 'NONE',  ( -5.250000000000000000, -2.419911892563235245, 0.2999999999999999889 ) ) ;
#183 = EDGE_CURVE ( 'NONE', #4148, #2362, #6089, .T. ) ;
#184 = LINE ( 'NONE', #710, #1635 ) ;
#185 = ORIENTED_EDGE ( 'NONE', *, *, #1784, .T. ) ;
#186 = ORIENTED_EDGE ( 'NONE', *, *, #2784, .T. ) ;
#187 = DIRECTION ( 'NONE',  ( 0.000000000000000000, -1.000000000000000000, 0.000000000000000000 ) ) ;
#188 = ORIENTED_EDGE ( 'NONE', *, *, #3115, .T. ) ;
#189 = ORIENTED_EDGE ( 'NONE', *, *, #6166, .T. ) ;
#190 = PLANE ( 'NONE',  #5854 ) ;
#191 = LINE ( 'NONE', #2224, #1951 ) ;
#192 = LINE ( 'NONE', #4256, #3453 ) ;
#193 = EDGE_CURVE ( 'NONE', #3490, #1575, #996, .T. ) ;
#194 = DIRECTION ( 'NONE',  ( 0.000000000000000000, 0.000000000000000000, 1.000000000000000000 ) ) ;
#195 = ORIENTED_EDGE ( 'NONE', *, *, #450, .T. ) ;
#196 = CARTESIAN_POINT ( 'NONE',  ( -8.799999999999998934, -4.336808689942014778E-16, -2.250000000000000000 ) ) ;
#197 = EDGE_LOOP ( 'NONE', ( #5890, #2313, #4284, #5616 ) ) ;
#198 = DIRECTION ( 'NONE',  ( 1.519869053105245017E-47, 0.000000000000000000, 1.000000000000000000 ) ) ;
#199 = EDGE_LOOP ( 'NONE', ( #2899, #3560, #5654, #2571 ) ) ;
#200 = LINE ( 'NONE', #2361, #262 ) ;
#201 = VERTEX_POINT ( 'NONE', #2032 ) ;
#202 = VECTOR ( 'NONE', #5893, 1000.000000000000000 ) ;
#203 = DIRECTION ( 'NONE',  ( 0.000000000000000000, -9.407394121349279778E-17, -1.000000000000000000 ) ) ;
#204 = ADVANCED_FACE ( 'NONE', ( #4070 ), #1535, .F. ) ;
#205 = ORIENTED_EDGE ( 'NONE', *, *, #3104, .F. ) ;
#206 = PLANE ( 'NONE',  #237 ) ;
#207 = CARTESIAN_POINT ( 'NONE',  ( -13.19999999999999929, 4.336808689942014778E-16, -2.250000000000000000 ) ) ;
#208 = DIRECTION ( 'NONE',  ( 0.000000000000000000, 0.000000000000000000, 1.000000000000000000 ) ) ;
#209 = EDGE_CURVE ( 'NONE', #2263, #547, #614, .T. ) ;
#210 = ORIENTED_EDGE ( 'NONE', *, *, #718, .F. ) ;
#211 = DIRECTION ( 'NONE',  ( 0.000000000000000000, -4.336808689942020201E-16, 1.000000000000000000 ) ) ;
#212 = CARTESIAN_POINT ( 'NONE',  ( 0.000000000000000000, 0.000000000000000000, 0.000000000000000000 ) ) ;
#213 = ORIENTED_EDGE ( 'NONE', *, *, #5477, .F. ) ;
#214 = CARTESIAN_POINT ( 'NONE',  ( 13.00000000000000000, 1.750000000000000000, 0.2999999999999999889 ) ) ;
#215 = CARTESIAN_POINT ( 'NONE',  ( 7.200000000000001954, 0.2000000000000000111, 2.250000000000000000 ) ) ;
#216 = ORIENTED_EDGE ( 'NONE', *, *, #5221, .F. ) ;
#217 = ORIENTED_EDGE ( 'NONE', *, *, #3089, .F. ) ;
#218 = DIRECTION ( 'NONE',  ( 2.168404344971010101E-16, 2.478176394252580155E-16, -1.000000000000000000 ) ) ;
#219 = VERTEX_POINT ( 'NONE', #6495 ) ;
#220 = DIRECTION ( 'NONE',  ( 0.000000000000000000, 2.478176394252580155E-16, -1.000000000000000000 ) ) ;
#221 = CARTESIAN_POINT ( 'NONE',  ( -5.250000000000000000, -2.347221846513170451, 0.7951753453754479839 ) ) ;
#222 = PLANE ( 'NONE',  #4003 ) ;
#223 = ORIENTED_EDGE ( 'NONE', *, *, #6139, .F. ) ;
#224 = VECTOR ( 'NONE', #4285, 1000.000000000000000 ) ;
#225 = DIRECTION ( 'NONE',  ( 0.000000000000000000, 0.000000000000000000, 1.000000000000000000 ) ) ;
#226 = VERTEX_POINT ( 'NONE', #1932 ) ;
#227 = ADVANCED_FACE ( 'NONE', ( #2223 ), #1690, .F. ) ;
#228 = FACE_OUTER_BOUND ( 'NONE', #4161, .T. ) ;
#229 = ORIENTED_EDGE ( 'NONE', *, *, #5128, .F. ) ;
#230 = FACE_OUTER_BOUND ( 'NONE', #986, .T. ) ;
#231 = ORIENTED_EDGE ( 'NONE', *, *, #1551, .F. ) ;
#232 = CARTESIAN_POINT ( 'NONE',  ( -4.750000000000000000, 5.000000000000000000, 0.4091910702798595145 ) ) ;
#233 = EDGE_CURVE ( 'NONE', #5579, #2277, #4322, .T. ) ;
#234 = EDGE_CURVE ( 'NONE', #2003, #2240, #4779, .T. ) ;
#235 = ORIENTED_EDGE ( 'NONE', *, *, #1800, .T. ) ;
#236 = DIRECTION ( 'NONE',  ( -3.504579431022969726E-32, -1.000000000000000000, 0.000000000000000000 ) ) ;
#237 = AXIS2_PLACEMENT_3D ( 'NONE', #1100, #5697, #3204 ) ;
#238 = DIRECTION ( 'NONE',  ( 1.000000000000000000, 0.000000000000000000, 0.000000000000000000 ) ) ;
#239 = LINE ( 'NONE', #1907, #3559 ) ;
#240 = VERTEX_POINT ( 'NONE', #4254 ) ;
#241 = CARTESIAN_POINT ( 'NONE',  ( 3.750000000000001776, -3.399999999999999911, 0.8000000000000000444 ) ) ;
#242 = DIRECTION ( 'NONE',  ( 0.000000000000000000, 0.000000000000000000, 1.000000000000000000 ) ) ;
#243 = AXIS2_PLACEMENT_3D ( 'NONE', #2007, #4101, #1934 ) ;
#244 = EDGE_CURVE ( 'NONE', #4205, #3898, #157, .T. ) ;
#245 = ORIENTED_EDGE ( 'NONE', *, *, #3596, .T. ) ;
#246 = DIRECTION ( 'NONE',  ( -1.000000000000000000, -2.522858432348305322E-32, 0.000000000000000000 ) ) ;
#247 = CARTESIAN_POINT ( 'NONE',  ( -7.200000000000000178, 0.2000000000000000111, -2.250000000000000000 ) ) ;
#248 = ORIENTED_EDGE ( 'NONE', *, *, #4419, .F. ) ;
#249 = ORIENTED_EDGE ( 'NONE', *, *, #1582, .F. ) ;
#250 = CARTESIAN_POINT ( 'NONE',  ( -0.2499999999999985012, 1.750000000000000000, 0.2999999999999999889 ) ) ;
#251 = PRODUCT_DEFINITION_SHAPE ( 'NONE', 'NONE',  #6579 ) ;
#252 = ORIENTED_EDGE ( 'NONE', *, *, #4762, .T. ) ;
#253 = VECTOR ( 'NONE', #2492, 1000.000000000000000 ) ;
#254 = LINE ( 'NONE', #3822, #5542 ) ;
#255 = CARTESIAN_POINT ( 'NONE',  ( -15.94999999999999929, 0.8299999999999999600, 1.850000000000000089 ) ) ;
#256 = DIRECTION ( 'NONE',  ( 0.000000000000000000, 1.927470528863119788E-16, -1.000000000000000000 ) ) ;
#257 = AXIS2_PLACEMENT_3D ( 'NONE', #1224, #3360, #4324 ) ;
#258 = VERTEX_POINT ( 'NONE', #5714 ) ;
#259 = DIRECTION ( 'NONE',  ( 0.000000000000000000, 0.000000000000000000, 1.000000000000000000 ) ) ;
#260 = VECTOR ( 'NONE', #1640, 1000.000000000000000 ) ;
#261 = ORIENTED_EDGE ( 'NONE', *, *, #2324, .T. ) ;
#262 = VECTOR ( 'NONE', #2771, 1000.000000000000000 ) ;
#263 = CARTESIAN_POINT ( 'NONE',  ( 4.800000000000000711, 0.2000000000000000111, 2.250000000000000000 ) ) ;
#264 = EDGE_CURVE ( 'NONE', #4140, #1252, #293, .T. ) ;
#265 = ORIENTED_EDGE ( 'NONE', *, *, #2609, .F. ) ;
#266 = FACE_OUTER_BOUND ( 'NONE', #3504, .T. ) ;
#267 = ORIENTED_EDGE ( 'NONE', *, *, #2849, .T. ) ;
#268 = FACE_BOUND ( 'NONE', #2812, .T. ) ;
#269 = VECTOR ( 'NONE', #194, 1000.000000000000000 ) ;
#270 = AXIS2_PLACEMENT_3D ( 'NONE', #5518, #5549, #5142 ) ;
#271 = VERTEX_POINT ( 'NONE', #717 ) ;
#272 = CARTESIAN_POINT ( 'NONE',  ( -15.94999999999999929, 1.389999999999999902, 2.250000000000000000 ) ) ;
#273 = CARTESIAN_POINT ( 'NONE',  ( 14.72499999999999787, 4.250000000000000000, 2.149999999999999911 ) ) ;
#274 = VECTOR ( 'NONE', #5126, 1000.000000000000000 ) ;
#275 = CARTESIAN_POINT ( 'NONE',  ( 15.94999999999999929, 1.389999999999999902, 1.850000000000000089 ) ) ;
#276 = EDGE_CURVE ( 'NONE', #5260, #6233, #4360, .T. ) ;
#277 = VERTEX_POINT ( 'NONE', #4748 ) ;
#278 = CARTESIAN_POINT ( 'NONE',  ( 6.250000000000001776, -3.399999999999999911, 0.2999999999999999889 ) ) ;
#279 = ITEM_DEFINED_TRANSFORMATION ( 'NONE', 'NONE', #3277,  #819 ) ;
#280 = VECTOR ( 'NONE', #5092, 1000.000000000000000 ) ;
#281 = VERTEX_POINT ( 'NONE', #1223 ) ;
#282 = ADVANCED_FACE ( 'NONE', ( #5247 ), #190, .F. ) ;
#283 =( LENGTH_UNIT ( ) NAMED_UNIT ( * ) SI_UNIT ( .MILLI., .METRE. ) );
#284 = PLANE ( 'NONE',  #466 ) ;
#285 = ORIENTED_EDGE ( 'NONE', *, *, #474, .F. ) ;
#286 = VECTOR ( 'NONE', #4165, 1000.000000000000000 ) ;
#287 = DIRECTION ( 'NONE',  ( 0.000000000000000000, 1.000000000000000000, 0.000000000000000000 ) ) ;
#288 = ORIENTED_EDGE ( 'NONE', *, *, #5159, .T. ) ;
#289 = PLANE ( 'NONE',  #3267 ) ;
#290 = AXIS2_PLACEMENT_3D ( 'NONE', #6236, #3737, #142 ) ;
#291 = ORIENTED_EDGE ( 'NONE', *, *, #2417, .T. ) ;
#292 = AXIS2_PLACEMENT_3D ( 'NONE', #1985, #3550, #1581 ) ;
#293 = LINE ( 'NONE', #6355, #1823 ) ;
#294 = LINE ( 'NONE', #416, #1433 ) ;
#295 = FACE_OUTER_BOUND ( 'NONE', #5458, .T. ) ;
#296 = EDGE_CURVE ( 'NONE', #3105, #4972, #1756, .T. ) ;
#297 = EDGE_CURVE ( 'NONE', #2345, #3239, #254, .T. ) ;
#298 = ORIENTED_EDGE ( 'NONE', *, *, #560, .F. ) ;
#299 = LINE ( 'NONE', #6390, #174 ) ;
#300 = ORIENTED_EDGE ( 'NONE', *, *, #3065, .F. ) ;
#301 = PLANE ( 'NONE',  #5237 ) ;
#302 = VERTEX_POINT ( 'NONE', #3189 ) ;
#303 = DIRECTION ( 'NONE',  ( 1.000000000000000000, 0.000000000000000000, 0.000000000000000000 ) ) ;
#304 = EDGE_LOOP ( 'NONE', ( #2537, #5919, #780, #2565 ) ) ;
#305 = CARTESIAN_POINT ( 'NONE',  ( -8.799999999999998934, 0.2000000000000000111, -2.250000000000000000 ) ) ;
#306 = LINE ( 'NONE', #1775, #202 ) ;
#307 = FACE_OUTER_BOUND ( 'NONE', #561, .T. ) ;
#308 = DIRECTION ( 'NONE',  ( 0.000000000000000000, -0.8944271909999158554, -0.4472135954999579277 ) ) ;
#309 = LINE ( 'NONE', #3871, #3659 ) ;
#310 = ORIENTED_EDGE ( 'NONE', *, *, #6181, .F. ) ;
#311 = CARTESIAN_POINT ( 'NONE',  ( -9.199999999999999289, 0.2000000000000000111, -2.250000000000000000 ) ) ;
#312 = PRODUCT_DEFINITION_SHAPE ( 'NONE', 'NONE',  #6588 ) ;
#313 = DIRECTION ( 'NONE',  ( -6.982962677686266711E-15, 0.000000000000000000, -1.000000000000000000 ) ) ;
#314 = ADVANCED_FACE ( 'NONE', ( #3753 ), #3258, .F. ) ;
#315 = EDGE_LOOP ( 'NONE', ( #679, #3941, #5844, #1487, #401, #5725 ) ) ;
#316 = EDGE_CURVE ( 'NONE', #4365, #3895, #5819, .T. ) ;
#317 = LINE ( 'NONE', #4840, #4313 ) ;
#318 = ORIENTED_EDGE ( 'NONE', *, *, #5806, .F. ) ;
#319 = LINE ( 'NONE', #2731, #1760 ) ;
#320 = CARTESIAN_POINT ( 'NONE',  ( 1.200000000000001510, 0.2000000000000000111, -2.250000000000000000 ) ) ;
#321 = CARTESIAN_POINT ( 'NONE',  ( 1.750000000000001554, 0.2000000000000000111, 0.8000000000000000444 ) ) ;
#322 = ORIENTED_EDGE ( 'NONE', *, *, #2454, .F. ) ;
#323 = CARTESIAN_POINT ( 'NONE',  ( 8.250000000000000000, 1.750000000000000000, 0.2999999999999999889 ) ) ;
#324 = DIRECTION ( 'NONE',  ( -0.000000000000000000, 1.000000000000000000, 0.000000000000000000 ) ) ;
#325 = VERTEX_POINT ( 'NONE', #3294 ) ;
#326 = LINE ( 'NONE', #2834, #4215 ) ;
#327 = VERTEX_POINT ( 'NONE', #5318 ) ;
#328 = EDGE_CURVE ( 'NONE', #2277, #1735, #2321, .T. ) ;
#329 = DIRECTION ( 'NONE',  ( -2.168404344971010101E-16, 0.000000000000000000, 1.000000000000000000 ) ) ;
#330 = VERTEX_POINT ( 'NONE', #6318 ) ;
#331 = LINE ( 'NONE', #4005, #3997 ) ;
#332 = ORIENTED_EDGE ( 'NONE', *, *, #6181, .T. ) ;
#333 = PLANE ( 'NONE',  #1119 ) ;
#334 = VECTOR ( 'NONE', #1361, 1000.000000000000000 ) ;
#335 = CARTESIAN_POINT ( 'NONE',  ( -5.250000000000000000, -0.6751470842750308954, 0.7419349550499340085 ) ) ;
#336 = DIRECTION ( 'NONE',  ( -1.000000000000000000, 0.000000000000000000, 2.168404344971010101E-16 ) ) ;
#337 = LINE ( 'NONE', #2370, #6189 ) ;
#338 = CARTESIAN_POINT ( 'NONE',  ( 5.750000000000003553, 1.750000000000000000, 0.2999999999999999889 ) ) ;
#339 = ORIENTED_EDGE ( 'NONE', *, *, #6358, .F. ) ;
#340 = CARTESIAN_POINT ( 'NONE',  ( -8.050000000000000711, 4.336808689942014778E-16, -2.250000000000000000 ) ) ;
#341 = DIRECTION ( 'NONE',  ( -1.000000000000000000, 0.000000000000000000, 6.982962677686266711E-15 ) ) ;
#342 = ORIENTED_EDGE ( 'NONE', *, *, #4873, .F. ) ;
#343 = AXIS2_PLACEMENT_3D ( 'NONE', #3408, #4373, #4436 ) ;
#344 = CARTESIAN_POINT ( 'NONE',  ( -15.54999999999999893, 6.000000000000000000, 0.8800000000000000044 ) ) ;
#345 = CARTESIAN_POINT ( 'NONE',  ( -13.00000000000000000, 1.750000000000000000, 0.2999999999999999889 ) ) ;
#346 = ORIENTED_EDGE ( 'NONE', *, *, #5310, .T. ) ;
#347 = FACE_OUTER_BOUND ( 'NONE', #3321, .T. ) ;
#348 = EDGE_CURVE ( 'NONE', #3878, #258, #3789, .T. ) ;
#349 = LINE ( 'NONE', #4943, #1466 ) ;
#350 = VECTOR ( 'NONE', #2336, 1000.000000000000000 ) ;
#351 = LINE ( 'NONE', #2489, #3904 ) ;
#352 = EDGE_LOOP ( 'NONE', ( #4763, #2283, #4321, #3617 ) ) ;
#353 = FACE_OUTER_BOUND ( 'NONE', #5361, .T. ) ;
#354 = CARTESIAN_POINT ( 'NONE',  ( 13.19999999999999929, 0.2000000000000000111, 2.250000000000000000 ) ) ;
#355 = ORIENTED_EDGE ( 'NONE', *, *, #1958, .F. ) ;
#356 = CARTESIAN_POINT ( 'NONE',  ( -5.183662300022509939, 4.882261332746709925, 0.3663376999774875520 ) ) ;
#357 = VERTEX_POINT ( 'NONE', #4848 ) ;
#358 = CARTESIAN_POINT ( 'NONE',  ( 1.200000000000001510, 0.2000000000000000111, 2.250000000000000000 ) ) ;
#359 = VECTOR ( 'NONE', #1795, 1000.000000000000114 ) ;
#360 = ORIENTED_EDGE ( 'NONE', *, *, #1206, .T. ) ;
#361 = FACE_OUTER_BOUND ( 'NONE', #1149, .T. ) ;
#362 = VECTOR ( 'NONE', #735, 1000.000000000000000 ) ;
#363 = ORIENTED_EDGE ( 'NONE', *, *, #2774, .F. ) ;
#364 = FACE_BOUND ( 'NONE', #5076, .T. ) ;
#365 = EDGE_CURVE ( 'NONE', #5018, #3404, #5351, .T. ) ;
#366 = VECTOR ( 'NONE', #1129, 1000.000000000000000 ) ;
#367 = ORIENTED_EDGE ( 'NONE', *, *, #4882, .T. ) ;
#368 = LINE ( 'NONE', #2404, #4286 ) ;
#369 = FACE_OUTER_BOUND ( 'NONE', #4729, .T. ) ;
#370 = FACE_OUTER_BOUND ( 'NONE', #457, .T. ) ;
#371 = DIRECTION ( 'NONE',  ( -1.000000000000000000, 0.000000000000000000, 0.000000000000000000 ) ) ;
#372 = ORIENTED_EDGE ( 'NONE', *, *, #3376, .T. ) ;
#373 = CARTESIAN_POINT ( 'NONE',  ( 10.24999999999999822, 1.750000000000000000, 0.2999999999999999889 ) ) ;
#374 = EDGE_CURVE ( 'NONE', #2362, #1395, #3842, .T. ) ;
#375 = AXIS2_PLACEMENT_3D ( 'NONE', #1725, #3419, #4904 ) ;
#376 = EDGE_CURVE ( 'NONE', #4234, #5482, #644, .T. ) ;
#377 = DIRECTION ( 'NONE',  ( -1.000000000000000000, 0.000000000000000000, 6.982962677686266711E-15 ) ) ;
#378 = EDGE_LOOP ( 'NONE', ( #4187, #5710, #418, #3968 ) ) ;
#379 = AXIS2_PLACEMENT_3D ( 'NONE', #5372, #3942, #868 ) ;
#380 = CARTESIAN_POINT ( 'NONE',  ( -13.22499999999999964, 6.000000000000000000, 1.899999999999999911 ) ) ;
#381 = DIRECTION ( 'NONE',  ( 0.000000000000000000, 0.000000000000000000, 1.000000000000000000 ) ) ;
#382 = VERTEX_POINT ( 'NONE', #1324 ) ;
#383 = CARTESIAN_POINT ( 'NONE',  ( -0.2499999999999985012, 1.750000000000000000, 0.2999999999999999889 ) ) ;
#384 = CARTESIAN_POINT ( 'NONE',  ( 5.950000000000000178, -4.336808689942014778E-16, 2.250000000000000000 ) ) ;
#385 = PLANE ( 'NONE',  #4544 ) ;
#386 = CIRCLE ( 'NONE', #1879, 0.5499999999999789502 ) ;
#387 = EDGE_LOOP ( 'NONE', ( #1768, #4808, #2137, #4885 ) ) ;
#388 = EDGE_CURVE ( 'NONE', #6100, #4336, #2992, .T. ) ;
#389 = EDGE_CURVE ( 'NONE', #2652, #3763, #5943, .T. ) ;
#390 = CARTESIAN_POINT ( 'NONE',  ( -14.79999999999999893, 0.2000000000000000111, -2.250000000000000000 ) ) ;
#391 = VECTOR ( 'NONE', #5348, 1000.000000000000000 ) ;
#392 = CARTESIAN_POINT ( 'NONE',  ( 5.750000000000003553, 0.2000000000000000111, 0.8000000000000000444 ) ) ;
#393 = ORIENTED_EDGE ( 'NONE', *, *, #1901, .T. ) ;
#394 = CARTESIAN_POINT ( 'NONE',  ( -15.54999999999999893, 6.000000000000000000, 0.8800000000000000044 ) ) ;
#395 = AXIS2_PLACEMENT_3D ( 'NONE', #4929, #2593, #5648 ) ;
#396 = ORIENTED_EDGE ( 'NONE', *, *, #4489, .F. ) ;
#397 = CARTESIAN_POINT ( 'NONE',  ( -15.94999999999999929, 4.500000000000000000, -0.1200000000000000094 ) ) ;
#398 = ORIENTED_EDGE ( 'NONE', *, *, #851, .F. ) ;
#399 = AXIS2_PLACEMENT_3D ( 'NONE', #212, #6165, #3210 ) ;
#400 = CARTESIAN_POINT ( 'NONE',  ( -10.79999999999999893, 0.2000000000000000111, -2.250000000000000000 ) ) ;
#401 = ORIENTED_EDGE ( 'NONE', *, *, #3652, .T. ) ;
#402 = CARTESIAN_POINT ( 'NONE',  ( 6.250000000000001776, 0.2000000000000000111, 0.2999999999999999889 ) ) ;
#403 = ADVANCED_FACE ( 'NONE', ( #353 ), #4485, .F. ) ;
#404 = CARTESIAN_POINT ( 'NONE',  ( 9.750000000000000000, 1.750000000000000000, 0.2999999999999999889 ) ) ;
#405 = LINE ( 'NONE', #3869, #5877 ) ;
#406 = LINE ( 'NONE', #5622, #1360 ) ;
#407 = FACE_OUTER_BOUND ( 'NONE', #2966, .T. ) ;
#408 = FACE_OUTER_BOUND ( 'NONE', #3299, .T. ) ;
#409 = ORIENTED_EDGE ( 'NONE', *, *, #4899, .T. ) ;
#410 = CARTESIAN_POINT ( 'NONE',  ( -1.749999999999999778, 1.750000000000000000, 0.8000000000000000444 ) ) ;
#411 = EDGE_CURVE ( 'NONE', #4140, #6100, #3396, .T. ) ;
#412 = DIRECTION ( 'NONE',  ( -6.982962677686266711E-15, 0.000000000000000000, -1.000000000000000000 ) ) ;
#413 = VERTEX_POINT ( 'NONE', #390 ) ;
#414 = LINE ( 'NONE', #4901, #873 ) ;
#415 = ADVANCED_FACE ( 'NONE', ( #5517 ), #1390, .F. ) ;
#416 = CARTESIAN_POINT ( 'NONE',  ( -4.249999999999998224, 1.750000000000000000, 0.8000000000000000444 ) ) ;
#417 = PLANE ( 'NONE',  #4091 ) ;
#418 = ORIENTED_EDGE ( 'NONE', *, *, #450, .F. ) ;
#419 = CARTESIAN_POINT ( 'NONE',  ( -15.19999999999999751, 2.250000000000000000, -2.623757129271619970 ) ) ;
#420 = DIRECTION ( 'NONE',  ( 3.504579431022969726E-32, 1.000000000000000000, 2.478176394252580155E-16 ) ) ;
#421 = DIRECTION ( 'NONE',  ( 3.504579431022969726E-32, 1.000000000000000000, 2.478176394252580155E-16 ) ) ;
#422 = PRODUCT_DEFINITION_SHAPE ( 'NONE', 'NONE',  #6583 ) ;
#423 = EDGE_CURVE ( 'NONE', #3499, #2859, #3993, .T. ) ;
#424 = ORIENTED_EDGE ( 'NONE', *, *, #6504, .F. ) ;
#425 = DIRECTION ( 'NONE',  ( 1.000000000000000000, 0.000000000000000000, 0.000000000000000000 ) ) ;
#426 = CARTESIAN_POINT ( 'NONE',  ( -4.859191070279860192, -3.399999999999999911, 8.256146626576230546E-16 ) ) ;
#427 = VERTEX_POINT ( 'NONE', #2924 ) ;
#428 = CARTESIAN_POINT ( 'NONE',  ( -5.750000000000000000, 1.750000000000000000, 0.2999999999999999889 ) ) ;
#429 = VERTEX_POINT ( 'NONE', #2962 ) ;
#430 = LINE ( 'NONE', #3754, #2158 ) ;
#431 = ORIENTED_EDGE ( 'NONE', *, *, #6121, .T. ) ;
#432 = PLANE ( 'NONE',  #3035 ) ;
#433 = ORIENTED_EDGE ( 'NONE', *, *, #1392, .F. ) ;
#434 = CARTESIAN_POINT ( 'NONE',  ( 4.250000000000000000, 1.750000000000000000, 0.2999999999999999889 ) ) ;
#435 = ADVANCED_FACE ( 'NONE', ( #3496 ), #2889, .F. ) ;
#436 = PLANE ( 'NONE',  #635 ) ;
#437 = LINE ( 'NONE', #3097, #4395 ) ;
#438 = CARTESIAN_POINT ( 'NONE',  ( 1.200000000000001510, 0.2000000000000000111, -2.250000000000000000 ) ) ;
#439 = ORIENTED_EDGE ( 'NONE', *, *, #1906, .F. ) ;
#440 = DIRECTION ( 'NONE',  ( 1.000000000000000000, 0.000000000000000000, 0.000000000000000000 ) ) ;
#441 = CONTEXT_DEPENDENT_SHAPE_REPRESENTATION ( #5435, #5838 ) ;
#442 = ORIENTED_EDGE ( 'NONE', *, *, #3346, .T. ) ;
#443 = DIRECTION ( 'NONE',  ( 0.000000000000000000, -1.000000000000000000, -2.478176394252580155E-16 ) ) ;
#444 = DIRECTION ( 'NONE',  ( -1.000000000000000000, 0.000000000000000000, 0.000000000000000000 ) ) ;
#445 = CARTESIAN_POINT ( 'NONE',  ( -8.799999999999998934, -4.336808689942014778E-16, 2.250000000000000000 ) ) ;
#446 = EDGE_LOOP ( 'NONE', ( #3892, #6560, #1327, #6438 ) ) ;
#447 = CARTESIAN_POINT ( 'NONE',  ( -8.249999999999998224, 0.2000000000000000111, -2.250000000000000000 ) ) ;
#448 = LINE ( 'NONE', #5291, #4024 ) ;
#449 = CARTESIAN_POINT ( 'NONE',  ( -0.2499999999999985012, 0.2000000000000000111, 0.2999999999999999889 ) ) ;
#450 = EDGE_CURVE ( 'NONE', #330, #6020, #1424, .T. ) ;
#451 = EDGE_LOOP ( 'NONE', ( #1697, #3839, #686, #5147 ) ) ;
#452 = CARTESIAN_POINT ( 'NONE',  ( 14.24999999999999822, 2.250000000000000000, -2.623757129271619970 ) ) ;
#453 = PLANE ( 'NONE',  #1762 ) ;
#454 = VECTOR ( 'NONE', #3770, 1000.000000000000000 ) ;
#455 = ORIENTED_EDGE ( 'NONE', *, *, #3291, .T. ) ;
#456 = CARTESIAN_POINT ( 'NONE',  ( -4.750000000000000000, -0.6751470842750408874, 0.7419349550499519941 ) ) ;
#457 = EDGE_LOOP ( 'NONE', ( #2316, #2020, #4841, #5900, #2104, #767, #5541, #2802 ) ) ;
#458 = VECTOR ( 'NONE', #4572, 1000.000000000000000 ) ;
#459 = DIRECTION ( 'NONE',  ( 1.000000000000000000, 0.000000000000000000, 0.000000000000000000 ) ) ;
#460 = ORIENTED_EDGE ( 'NONE', *, *, #5989, .T. ) ;
#461 = DIRECTION ( 'NONE',  ( 0.000000000000000000, 1.000000000000000000, 0.000000000000000000 ) ) ;
#462 = EDGE_LOOP ( 'NONE', ( #2897, #153, #5371, #1548 ) ) ;
#463 = VECTOR ( 'NONE', #3981, 1000.000000000000000 ) ;
#464 = DIRECTION ( 'NONE',  ( 0.000000000000000000, -1.000000000000000000, -2.036060417813154872E-16 ) ) ;
#465 = ADVANCED_FACE ( 'NONE', ( #3359 ), #2457, .F. ) ;
#466 = AXIS2_PLACEMENT_3D ( 'NONE', #4902, #5841, #1352 ) ;
#467 = CARTESIAN_POINT ( 'NONE',  ( -14.79999999999999893, 0.2000000000000000111, -2.250000000000000000 ) ) ;
#468 = CARTESIAN_POINT ( 'NONE',  ( 13.22499999999999964, 6.000000000000000000, 1.899999999999999911 ) ) ;
#469 = VERTEX_POINT ( 'NONE', #2860 ) ;
#470 = LINE ( 'NONE', #6093, #6115 ) ;
#471 = VECTOR ( 'NONE', #4940, 1000.000000000000000 ) ;
#472 = ORIENTED_EDGE ( 'NONE', *, *, #5087, .F. ) ;
#473 = DIRECTION ( 'NONE',  ( -1.519869053105245017E-47, 0.000000000000000000, -1.000000000000000000 ) ) ;
#474 = EDGE_CURVE ( 'NONE', #4310, #624, #4910, .T. ) ;
#475 = CARTESIAN_POINT ( 'NONE',  ( -4.750000000000000000, -2.347221846513170451, 0.7951753453754479839 ) ) ;
#476 = AXIS2_PLACEMENT_3D ( 'NONE', #1400, #6462, #1897 ) ;
#477 = DIRECTION ( 'NONE',  ( -1.355252715606880049E-16, 1.000000000000000000, 0.000000000000000000 ) ) ;
#478 = VERTEX_POINT ( 'NONE', #4879 ) ;
#479 = CARTESIAN_POINT ( 'NONE',  ( 8.250000000000000000, -3.399999999999999911, 0.2999999999999999889 ) ) ;
#480 = DIRECTION ( 'NONE',  ( 0.000000000000000000, 1.000000000000000000, 0.000000000000000000 ) ) ;
#481 = CARTESIAN_POINT ( 'NONE',  ( -15.94999999999999929, 4.500000000000000000, -0.1200000000000000094 ) ) ;
#482 = VECTOR ( 'NONE', #6478, 1000.000000000000000 ) ;
#483 = VERTEX_POINT ( 'NONE', #323 ) ;
#484 = CARTESIAN_POINT ( 'NONE',  ( -5.250000000000000000, -0.9293581796195340416, 0.6148294073777059721 ) ) ;
#485 = LINE ( 'NONE', #5642, #253 ) ;
#486 = VECTOR ( 'NONE', #4371, 1000.000000000000000 ) ;
#487 = EDGE_LOOP ( 'NONE', ( #5813, #31, #1833, #1755 ) ) ;
#488 = CARTESIAN_POINT ( 'NONE',  ( -8.249999999999998224, -3.399999999999999911, 0.2999999999999999889 ) ) ;
#489 = ORIENTED_EDGE ( 'NONE', *, *, #348, .F. ) ;
#490 = AXIS2_PLACEMENT_3D ( 'NONE', #6120, #588, #2630 ) ;
#491 = CARTESIAN_POINT ( 'NONE',  ( -10.24999999999999822, 1.750000000000000000, 0.2999999999999999889 ) ) ;
#492 = EDGE_CURVE ( 'NONE', #1655, #5194, #6452, .T. ) ;
#493 = ORIENTED_EDGE ( 'NONE', *, *, #3738, .F. ) ;
#494 = CARTESIAN_POINT ( 'NONE',  ( -1.199999999999999734, 0.2000000000000000111, -2.250000000000000000 ) ) ;
#495 = VERTEX_POINT ( 'NONE', #2491 ) ;
#496 = AXIS2_PLACEMENT_3D ( 'NONE', #6110, #2148, #1081 ) ;
#497 = CARTESIAN_POINT ( 'NONE',  ( -7.200000000000000178, -4.336808689942014778E-16, -2.250000000000000000 ) ) ;
#498 =( GEOMETRIC_REPRESENTATION_CONTEXT ( 3 ) GLOBAL_UNCERTAINTY_ASSIGNED_CONTEXT ( ( #5149 ) ) GLOBAL_UNIT_ASSIGNED_CONTEXT ( ( #4553, #5611, #979 ) ) REPRESENTATION_CONTEXT ( 'NONE', 'WORKASPACE' ) );
#499 = CARTESIAN_POINT ( 'NONE',  ( -11.75000000000000000, 0.2000000000000000111, -2.250000000000000000 ) ) ;
#500 = CARTESIAN_POINT ( 'NONE',  ( -4.799999999999998934, 0.2000000000000000111, 2.250000000000000000 ) ) ;
#501 = ORIENTED_EDGE ( 'NONE', *, *, #1280, .F. ) ;
#502 = LINE ( 'NONE', #2442, #2296 ) ;
#503 = EDGE_CURVE ( 'NONE', #637, #1822, #3423, .T. ) ;
#504 = DIRECTION ( 'NONE',  ( 0.000000000000000000, -1.000000000000000000, 0.000000000000000000 ) ) ;
#505 = ORIENTED_EDGE ( 'NONE', *, *, #714, .F. ) ;
#506 = CARTESIAN_POINT ( 'NONE',  ( 15.29999999999999893, 5.750000000000000000, -1.850000000000000089 ) ) ;
#507 = CARTESIAN_POINT ( 'NONE',  ( -6.799999999999998934, 0.2000000000000000111, -2.250000000000000000 ) ) ;
#508 = CARTESIAN_POINT ( 'NONE',  ( -13.19999999999999929, 0.2000000000000000111, -2.250000000000000000 ) ) ;
#509 = ORIENTED_EDGE ( 'NONE', *, *, #4506, .F. ) ;
#510 = DIRECTION ( 'NONE',  ( -1.000000000000000000, 2.710505431213760099E-16, 2.168404344971010101E-16 ) ) ;
#511 = CARTESIAN_POINT ( 'NONE',  ( 13.19999999999999929, 0.2000000000000000111, -2.250000000000000000 ) ) ;
#512 = CARTESIAN_POINT ( 'NONE',  ( 4.800000000000000711, -4.336808689942014778E-16, -2.250000000000000000 ) ) ;
#513 = EDGE_CURVE ( 'NONE', #1793, #6070, #5447, .T. ) ;
#514 = EDGE_CURVE ( 'NONE', #2061, #1733, #4520, .T. ) ;
#515 = ORIENTED_EDGE ( 'NONE', *, *, #4956, .F. ) ;
#516 = CARTESIAN_POINT ( 'NONE',  ( 15.19999999999999751, 4.250000000000000000, -2.623757129271619970 ) ) ;
#517 = CARTESIAN_POINT ( 'NONE',  ( -2.799999999999998490, 0.2000000000000000111, -2.250000000000000000 ) ) ;
#518 = EDGE_CURVE ( 'NONE', #2372, #892, #2425, .T. ) ;
#519 = ORIENTED_EDGE ( 'NONE', *, *, #2868, .T. ) ;
#520 = DIRECTION ( 'NONE',  ( -1.000000000000000000, 0.000000000000000000, 0.000000000000000000 ) ) ;
#521 = EDGE_CURVE ( 'NONE', #6513, #5608, #1824, .T. ) ;
#522 = AXIS2_PLACEMENT_3D ( 'NONE', #475, #2576, #600 ) ;
#523 = ORIENTED_EDGE ( 'NONE', *, *, #1167, .T. ) ;
#524 = CARTESIAN_POINT ( 'NONE',  ( 2.800000000000000266, -4.336808689942014778E-16, -2.250000000000000000 ) ) ;
#525 = CARTESIAN_POINT ( 'NONE',  ( 11.75000000000000178, 1.750000000000000000, 0.8000000000000000444 ) ) ;
#526 = DIRECTION ( 'NONE',  ( 0.000000000000000000, -2.478176394252580155E-16, 1.000000000000000000 ) ) ;
#527 = ORIENTED_EDGE ( 'NONE', *, *, #4212, .F. ) ;
#528 = CARTESIAN_POINT ( 'NONE',  ( 2.250000000000000444, 1.750000000000000000, 0.2999999999999999889 ) ) ;
#529 = EDGE_CURVE ( 'NONE', #2740, #1255, #2083, .T. ) ;
#530 = CARTESIAN_POINT ( 'NONE',  ( 4.800000000000000711, 0.2000000000000000111, -2.250000000000000000 ) ) ;
#531 = CARTESIAN_POINT ( 'NONE',  ( 14.72499999999999787, 4.250000000000000000, 2.149999999999999911 ) ) ;
#532 = EDGE_LOOP ( 'NONE', ( #3083, #4425, #2410, #1814 ) ) ;
#533 = CARTESIAN_POINT ( 'NONE',  ( -13.19999999999999929, 0.2000000000000000111, -2.250000000000000000 ) ) ;
#534 = EDGE_CURVE ( 'NONE', #3234, #954, #1017, .T. ) ;
#535 = ORIENTED_EDGE ( 'NONE', *, *, #6295, .F. ) ;
#536 = DIRECTION ( 'NONE',  ( 0.000000000000000000, 0.000000000000000000, 1.000000000000000000 ) ) ;
#537 = FACE_OUTER_BOUND ( 'NONE', #5471, .T. ) ;
#538 = CARTESIAN_POINT ( 'NONE',  ( -3.750000000000000000, 0.2000000000000000111, 0.2999999999999999889 ) ) ;
#539 = VERTEX_POINT ( 'NONE', #1110 ) ;
#540 = DIRECTION ( 'NONE',  ( 0.000000000000000000, -0.9912279006826346661, 0.1321637200910179555 ) ) ;
#541 = SURFACE_SIDE_STYLE ('',( #4516 ) ) ;
#542 = ORIENTED_EDGE ( 'NONE', *, *, #897, .T. ) ;
#543 = AXIS2_PLACEMENT_3D ( 'NONE', #849, #5016, #952 ) ;
#544 = DIRECTION ( 'NONE',  ( 1.000000000000000000, 0.000000000000000000, 0.000000000000000000 ) ) ;
#545 = EDGE_CURVE ( 'NONE', #1039, #3411, #1554, .T. ) ;
#546 = CARTESIAN_POINT ( 'NONE',  ( -4.750000000000000000, -3.100000000000000089, 0.2999999999999999889 ) ) ;
#547 = VERTEX_POINT ( 'NONE', #5581 ) ;
#548 = FACE_OUTER_BOUND ( 'NONE', #674, .T. ) ;
#549 = ORIENTED_EDGE ( 'NONE', *, *, #1791, .T. ) ;
#550 = VECTOR ( 'NONE', #2881, 1000.000000000000000 ) ;
#551 = LINE ( 'NONE', #1085, #1851 ) ;
#552 = PLANE ( 'NONE',  #395 ) ;
#553 = EDGE_CURVE ( 'NONE', #2133, #933, #6048, .T. ) ;
#554 = CARTESIAN_POINT ( 'NONE',  ( 0.2500000000000002220, -3.399999999999999911, 0.2999999999999999889 ) ) ;
#555 = ORIENTED_EDGE ( 'NONE', *, *, #5113, .F. ) ;
#556 = DIRECTION ( 'NONE',  ( 0.000000000000000000, -0.9912279006826346661, 0.1321637200910179555 ) ) ;
#557 = DIRECTION ( 'NONE',  ( 1.000000000000000000, 0.000000000000000000, 0.000000000000000000 ) ) ;
#558 = ORIENTED_EDGE ( 'NONE', *, *, #6232, .F. ) ;
#559 = CARTESIAN_POINT ( 'NONE',  ( -15.94999999999999929, 1.389999999999999902, 1.850000000000000089 ) ) ;
#560 = EDGE_CURVE ( 'NONE', #226, #1735, #1047, .T. ) ;
#561 = EDGE_LOOP ( 'NONE', ( #5690, #4006, #4250, #4820 ) ) ;
#562 = DIRECTION ( 'NONE',  ( 0.000000000000000000, 1.000000000000000000, 2.036060417813154872E-16 ) ) ;
#563 = VECTOR ( 'NONE', #1758, 1000.000000000000000 ) ;
#564 = VERTEX_POINT ( 'NONE', #2554 ) ;
#565 = CARTESIAN_POINT ( 'NONE',  ( 1.200000000000001510, 0.2000000000000000111, -2.250000000000000000 ) ) ;
#566 = DIRECTION ( 'NONE',  ( -1.000000000000000000, 0.000000000000000000, 0.000000000000000000 ) ) ;
#567 = EDGE_CURVE ( 'NONE', #2743, #4972, #6076, .T. ) ;
#568 = CARTESIAN_POINT ( 'NONE',  ( -4.799999999999998934, 0.2000000000000000111, 2.250000000000000000 ) ) ;
#569 = EDGE_CURVE ( 'NONE', #1811, #382, #3022, .T. ) ;
#570 = ORIENTED_EDGE ( 'NONE', *, *, #5221, .T. ) ;
#571 = LINE ( 'NONE', #5637, #4100 ) ;
#572 = AXIS2_PLACEMENT_3D ( 'NONE', #4439, #6404, #1779 ) ;
#573 = VERTEX_POINT ( 'NONE', #5177 ) ;
#574 = AXIS2_PLACEMENT_3D ( 'NONE', #858, #4369, #5295 ) ;
#575 = CARTESIAN_POINT ( 'NONE',  ( 0.8000000000000003775, 0.2000000000000000111, -2.250000000000000000 ) ) ;
#576 = LINE ( 'NONE', #517, #3985 ) ;
#577 = EDGE_LOOP ( 'NONE', ( #2026, #1196, #1163, #4274 ) ) ;
#578 = PLANE ( 'NONE',  #496 ) ;
#579 = AXIS2_PLACEMENT_3D ( 'NONE', #4752, #2884, #1945 ) ;
#580 = VECTOR ( 'NONE', #6077, 1000.000000000000000 ) ;
#581 = EDGE_CURVE ( 'NONE', #3426, #5864, #1614, .T. ) ;
#582 = ORIENTED_EDGE ( 'NONE', *, *, #1330, .T. ) ;
#583 = VECTOR ( 'NONE', #4075, 1000.000000000000000 ) ;
#584 = LINE ( 'NONE', #1120, #2496 ) ;
#585 = DIRECTION ( 'NONE',  ( 3.504579431022969726E-32, 1.000000000000000000, 2.478176394252580155E-16 ) ) ;
#586 = DIRECTION ( 'NONE',  ( 1.000000000000000000, 0.000000000000000000, 0.000000000000000000 ) ) ;
#587 = ORIENTED_EDGE ( 'NONE', *, *, #6411, .T. ) ;
#588 = DIRECTION ( 'NONE',  ( 0.000000000000000000, 2.478176394252580155E-16, -1.000000000000000000 ) ) ;
#589 = ADVANCED_FACE ( 'NONE', ( #6107 ), #984, .F. ) ;
#590 = VECTOR ( 'NONE', #4157, 1000.000000000000000 ) ;
#591 = CARTESIAN_POINT ( 'NONE',  ( -15.94999999999999929, 6.000000000000000000, 0.8800000000000000044 ) ) ;
#592 = VECTOR ( 'NONE', #5183, 1000.000000000000000 ) ;
#593 = CARTESIAN_POINT ( 'NONE',  ( 4.800000000000000711, 0.2000000000000000111, 2.250000000000000000 ) ) ;
#594 = EDGE_LOOP ( 'NONE', ( #3935, #3090, #5290, #5000 ) ) ;
#595 = EDGE_CURVE ( 'NONE', #2780, #743, #1523, .T. ) ;
#596 = DIRECTION ( 'NONE',  ( -2.168404344971010101E-16, 0.1321637200910230070, 0.9912279006826340000 ) ) ;
#597 = AXIS2_PLACEMENT_3D ( 'NONE', #3950, #6045, #5513 ) ;
#598 = ORIENTED_EDGE ( 'NONE', *, *, #2055, .F. ) ;
#599 = DIRECTION ( 'NONE',  ( -0.000000000000000000, 1.000000000000000000, 0.000000000000000000 ) ) ;
#600 = DIRECTION ( 'NONE',  ( 0.000000000000000000, 0.000000000000000000, 1.000000000000000000 ) ) ;
#601 = CARTESIAN_POINT ( 'NONE',  ( 9.750000000000000000, -3.399999999999999911, 0.2999999999999999889 ) ) ;
#602 = ORIENTED_EDGE ( 'NONE', *, *, #5001, .T. ) ;
#603 = DIRECTION ( 'NONE',  ( 0.000000000000000000, 0.000000000000000000, 1.000000000000000000 ) ) ;
#604 = AXIS2_PLACEMENT_3D ( 'NONE', #2311, #1782, #341 ) ;
#605 = DIRECTION ( 'NONE',  ( 0.000000000000000000, 0.000000000000000000, 1.000000000000000000 ) ) ;
#606 = ADVANCED_FACE ( 'NONE', ( #2526 ), #3643, .F. ) ;
#607 = ORIENTED_EDGE ( 'NONE', *, *, #1906, .T. ) ;
#608 = PLANE ( 'NONE',  #3741 ) ;
#609 = PLANE ( 'NONE',  #5671 ) ;
#610 = ORIENTED_EDGE ( 'NONE', *, *, #6500, .F. ) ;
#611 = ORIENTED_EDGE ( 'NONE', *, *, #6209, .T. ) ;
#612 = FACE_OUTER_BOUND ( 'NONE', #1507, .T. ) ;
#613 = VERTEX_POINT ( 'NONE', #20 ) ;
#614 = LINE ( 'NONE', #2942, #2463 ) ;
#615 = DIRECTION ( 'NONE',  ( -1.000000000000000000, 0.000000000000000000, 0.000000000000000000 ) ) ;
#616 = CARTESIAN_POINT ( 'NONE',  ( -4.750000000000000000, 5.000000000000000000, 0.8000000000000000444 ) ) ;
#617 = FACE_OUTER_BOUND ( 'NONE', #5314, .T. ) ;
#618 = ORIENTED_EDGE ( 'NONE', *, *, #5928, .T. ) ;
#619 = CARTESIAN_POINT ( 'NONE',  ( 15.29999999999999893, 5.750000000000000000, -0.1200000000000000094 ) ) ;
#620 = CARTESIAN_POINT ( 'NONE',  ( 5.750000000000003553, -3.399999999999999911, 0.2999999999999999889 ) ) ;
#621 = ADVANCED_FACE ( 'NONE', ( #4087 ), #3084, .F. ) ;
#622 = ORIENTED_EDGE ( 'NONE', *, *, #316, .F. ) ;
#623 = DIRECTION ( 'NONE',  ( 0.000000000000000000, -1.000000000000000000, 0.000000000000000000 ) ) ;
#624 = VERTEX_POINT ( 'NONE', #3148 ) ;
#625 = LINE ( 'NONE', #2670, #4319 ) ;
#626 = CARTESIAN_POINT ( 'NONE',  ( 5.750000000000003553, 1.750000000000000000, 0.8000000000000000444 ) ) ;
#627 = ORIENTED_EDGE ( 'NONE', *, *, #3325, .T. ) ;
#628 = DIRECTION ( 'NONE',  ( 1.000000000000000000, -3.504579431022969726E-32, -1.519869053105245017E-47 ) ) ;
#629 = PLANE ( 'NONE',  #1133 ) ;
#630 = DIRECTION ( 'NONE',  ( -1.519869053105245017E-47, 0.000000000000000000, -1.000000000000000000 ) ) ;
#631 = ORIENTED_EDGE ( 'NONE', *, *, #3573, .T. ) ;
#632 = DIRECTION ( 'NONE',  ( 1.519869053105245017E-47, 0.000000000000000000, 1.000000000000000000 ) ) ;
#633 = ORIENTED_EDGE ( 'NONE', *, *, #2102, .F. ) ;
#634 = DIRECTION ( 'NONE',  ( -2.149382886696720053E-16, 0.000000000000000000, 1.000000000000000000 ) ) ;
#635 = AXIS2_PLACEMENT_3D ( 'NONE', #121, #5185, #2471 ) ;
#636 = LINE ( 'NONE', #742, #1098 ) ;
#637 = VERTEX_POINT ( 'NONE', #2583 ) ;
#638 = EDGE_CURVE ( 'NONE', #643, #5905, #3524, .T. ) ;
#639 = ORIENTED_EDGE ( 'NONE', *, *, #1837, .F. ) ;
#640 = CARTESIAN_POINT ( 'NONE',  ( -12.79999999999999893, -4.336808689942014778E-16, -2.250000000000000000 ) ) ;
#641 = VECTOR ( 'NONE', #4146, 1000.000000000000000 ) ;
#642 = AXIS2_PLACEMENT_3D ( 'NONE', #865, #4930, #5403 ) ;
#643 = VERTEX_POINT ( 'NONE', #4614 ) ;
#644 = LINE ( 'NONE', #2689, #2785 ) ;
#645 = LINE ( 'NONE', #1188, #5667 ) ;
#646 = DIRECTION ( 'NONE',  ( 0.000000000000000000, -2.036060417813154872E-16, 1.000000000000000000 ) ) ;
#647 = EDGE_CURVE ( 'NONE', #643, #1702, #1585, .T. ) ;
#648 = CARTESIAN_POINT ( 'NONE',  ( 15.94999999999999929, 4.500000000000000000, 0.8800000000000000044 ) ) ;
#649 = VERTEX_POINT ( 'NONE', #3114 ) ;
#650 = LINE ( 'NONE', #619, #809 ) ;
#651 = ORIENTED_EDGE ( 'NONE', *, *, #1881, .F. ) ;
#652 = AXIS2_PLACEMENT_3D ( 'NONE', #2783, #246, #1786 ) ;
#653 = CARTESIAN_POINT ( 'NONE',  ( -6.799999999999998934, 0.2000000000000000111, -2.250000000000000000 ) ) ;
#654 = PLANE ( 'NONE',  #3134 ) ;
#655 = VERTEX_POINT ( 'NONE', #2619 ) ;
#656 = VECTOR ( 'NONE', #336, 1000.000000000000000 ) ;
#657 = CARTESIAN_POINT ( 'NONE',  ( -4.750000000000000000, -0.9583270453990839766, 0.6099893718935700537 ) ) ;
#658 = DIRECTION ( 'NONE',  ( 1.000000000000000000, 0.000000000000000000, 0.000000000000000000 ) ) ;
#659 = ADVANCED_FACE ( 'NONE', ( #5140 ), #608, .F. ) ;
#660 = APPLICATION_CONTEXT ( 'automotive_design' ) ;
#661 = VECTOR ( 'NONE', #5678, 1000.000000000000000 ) ;
#662 = EDGE_LOOP ( 'NONE', ( #5051, #1266, #4889, #1584 ) ) ;
#663 = CARTESIAN_POINT ( 'NONE',  ( -8.799999999999998934, 0.2000000000000000111, -2.250000000000000000 ) ) ;
#664 = LINE ( 'NONE', #1207, #2634 ) ;
#665 = PLANE ( 'NONE',  #4408 ) ;
#666 = ORIENTED_EDGE ( 'NONE', *, *, #802, .F. ) ;
#667 = DIRECTION ( 'NONE',  ( 3.504579431022969726E-32, 1.000000000000000000, 2.478176394252580155E-16 ) ) ;
#668 = DIRECTION ( 'NONE',  ( 0.000000000000000000, 0.000000000000000000, 1.000000000000000000 ) ) ;
#669 = EDGE_CURVE ( 'NONE', #1607, #1219, #1990, .T. ) ;
#670 = ORIENTED_EDGE ( 'NONE', *, *, #3096, .T. ) ;
#671 = DIRECTION ( 'NONE',  ( 0.000000000000000000, -1.000000000000000000, 0.000000000000000000 ) ) ;
#672 = VECTOR ( 'NONE', #774, 1000.000000000000000 ) ;
#673 = DIRECTION ( 'NONE',  ( -1.000000000000000000, 0.000000000000000000, 0.000000000000000000 ) ) ;
#674 = EDGE_LOOP ( 'NONE', ( #3794, #5756, #5511, #5546 ) ) ;
#675 = ORIENTED_EDGE ( 'NONE', *, *, #5560, .F. ) ;
#676 = CARTESIAN_POINT ( 'NONE',  ( -14.79999999999999893, 0.2000000000000000111, -2.250000000000000000 ) ) ;
#677 = EDGE_CURVE ( 'NONE', #4247, #4216, #2751, .T. ) ;
#678 = VECTOR ( 'NONE', #1669, 1000.000000000000000 ) ;
#679 = ORIENTED_EDGE ( 'NONE', *, *, #5012, .F. ) ;
#680 = DIRECTION ( 'NONE',  ( 0.000000000000000000, 0.000000000000000000, 1.000000000000000000 ) ) ;
#681 = DIRECTION ( 'NONE',  ( 0.000000000000000000, 0.000000000000000000, 1.000000000000000000 ) ) ;
#682 = CARTESIAN_POINT ( 'NONE',  ( -3.199999999999999734, 0.2000000000000000111, 2.250000000000000000 ) ) ;
#683 = CARTESIAN_POINT ( 'NONE',  ( 1.750000000000001554, 0.2000000000000000111, -2.250000000000000000 ) ) ;
#684 = AXIS2_PLACEMENT_3D ( 'NONE', #3491, #2486, #6544 ) ;
#685 = EDGE_CURVE ( 'NONE', #1130, #5422, #1147, .T. ) ;
#686 = ORIENTED_EDGE ( 'NONE', *, *, #5231, .F. ) ;
#687 = FACE_OUTER_BOUND ( 'NONE', #5772, .T. ) ;
#688 = VERTEX_POINT ( 'NONE', #3183 ) ;
#689 = VECTOR ( 'NONE', #1402, 1000.000000000000000 ) ;
#690 = EDGE_CURVE ( 'NONE', #1219, #495, #5737, .T. ) ;
#691 = DIRECTION ( 'NONE',  ( 0.000000000000000000, -2.478176394252580155E-16, 1.000000000000000000 ) ) ;
#692 = ORIENTED_EDGE ( 'NONE', *, *, #316, .T. ) ;
#693 = DIRECTION ( 'NONE',  ( -1.000000000000000000, 0.000000000000000000, 0.000000000000000000 ) ) ;
#694 = VERTEX_POINT ( 'NONE', #1683 ) ;
#695 = LINE ( 'NONE', #2741, #3575 ) ;
#696 = VECTOR ( 'NONE', #5979, 1000.000000000000000 ) ;
#697 = LINE ( 'NONE', #626, #1560 ) ;
#698 = ORIENTED_EDGE ( 'NONE', *, *, #2868, .F. ) ;
#699 = VECTOR ( 'NONE', #5741, 1000.000000000000000 ) ;
#700 = DIRECTION ( 'NONE',  ( 0.000000000000000000, 0.000000000000000000, 1.000000000000000000 ) ) ;
#701 = CARTESIAN_POINT ( 'NONE',  ( 7.200000000000001954, 0.2000000000000000111, -2.250000000000000000 ) ) ;
#702 = DIRECTION ( 'NONE',  ( 1.000000000000000000, -4.336808689942020201E-16, 0.000000000000000000 ) ) ;
#703 = ORIENTED_EDGE ( 'NONE', *, *, #581, .T. ) ;
#704 = DIRECTION ( 'NONE',  ( 0.000000000000000000, 1.000000000000000000, 0.000000000000000000 ) ) ;
#705 = DIRECTION ( 'NONE',  ( -6.982962677686266711E-15, 0.000000000000000000, -1.000000000000000000 ) ) ;
#706 = VECTOR ( 'NONE', #3236, 1000.000000000000000 ) ;
#707 = VERTEX_POINT ( 'NONE', #4210 ) ;
#708 = DIRECTION ( 'NONE',  ( 1.000000000000000000, -8.878267891924859778E-32, 2.168404344971010101E-16 ) ) ;
#709 = VECTOR ( 'NONE', #2885, 1000.000000000000000 ) ;
#710 = CARTESIAN_POINT ( 'NONE',  ( -4.859191070279860192, 5.000000000000000000, 0.8000000000000000444 ) ) ;
#711 = ORIENTED_EDGE ( 'NONE', *, *, #2476, .F. ) ;
#712 = EDGE_CURVE ( 'NONE', #3215, #6114, #1178, .T. ) ;
#713 = ORIENTED_EDGE ( 'NONE', *, *, #6491, .F. ) ;
#714 = EDGE_CURVE ( 'NONE', #3253, #1607, #114, .T. ) ;
#715 = DIRECTION ( 'NONE',  ( -1.000000000000000000, 0.000000000000000000, 0.000000000000000000 ) ) ;
#716 = ORIENTED_EDGE ( 'NONE', *, *, #3171, .T. ) ;
#717 = CARTESIAN_POINT ( 'NONE',  ( -11.19999999999999929, -4.336808689942014778E-16, 2.250000000000000000 ) ) ;
#718 = EDGE_CURVE ( 'NONE', #1049, #2574, #6346, .T. ) ;
#719 = CYLINDRICAL_SURFACE ( 'NONE', #2819, 0.04999999999999999584 ) ;
#720 = CARTESIAN_POINT ( 'NONE',  ( -15.94999999999999929, -4.336808689942014778E-16, 2.250000000000000000 ) ) ;
#721 = FACE_OUTER_BOUND ( 'NONE', #4073, .T. ) ;
#722 = EDGE_CURVE ( 'NONE', #2186, #3512, #3712, .T. ) ;
#723 = ORIENTED_EDGE ( 'NONE', *, *, #722, .T. ) ;
#724 = CARTESIAN_POINT ( 'NONE',  ( -5.250000000000000000, -2.419911892563235245, 0.3000000000000159761 ) ) ;
#725 = ORIENTED_EDGE ( 'NONE', *, *, #3325, .F. ) ;
#726 = DIRECTION ( 'NONE',  ( 1.000000000000000000, 0.000000000000000000, 0.000000000000000000 ) ) ;
#727 = ORIENTED_EDGE ( 'NONE', *, *, #5415, .F. ) ;
#728 = DIRECTION ( 'NONE',  ( 0.000000000000000000, -1.000000000000000000, 0.000000000000000000 ) ) ;
#729 = ORIENTED_EDGE ( 'NONE', *, *, #3447, .F. ) ;
#730 = CARTESIAN_POINT ( 'NONE',  ( -5.250000000000000000, -0.9583270453990839766, 0.6099893718935690545 ) ) ;
#731 = EDGE_CURVE ( 'NONE', #1255, #2318, #1716, .T. ) ;
#732 = ORIENTED_EDGE ( 'NONE', *, *, #3872, .F. ) ;
#733 = FACE_OUTER_BOUND ( 'NONE', #5942, .T. ) ;
#734 = DIRECTION ( 'NONE',  ( 0.000000000000000000, -1.000000000000000000, 0.000000000000000000 ) ) ;
#735 = DIRECTION ( 'NONE',  ( 3.504579431022969726E-32, 1.000000000000000000, 2.478176394252580155E-16 ) ) ;
#736 = ORIENTED_EDGE ( 'NONE', *, *, #4753, .T. ) ;
#737 = PLANE ( 'NONE',  #6440 ) ;
#738 = ADVANCED_FACE ( 'NONE', ( #1747 ), #2718, .F. ) ;
#739 = FILL_AREA_STYLE_COLOUR ( '', #4966 ) ;
#740 = ORIENTED_EDGE ( 'NONE', *, *, #1612, .T. ) ;
#741 = DIRECTION ( 'NONE',  ( 3.504579431022969726E-32, 1.000000000000000000, 2.478176394252580155E-16 ) ) ;
#742 = CARTESIAN_POINT ( 'NONE',  ( 2.800000000000000266, 0.2000000000000000111, -2.250000000000000000 ) ) ;
#743 = VERTEX_POINT ( 'NONE', #4738 ) ;
#744 = ORIENTED_EDGE ( 'NONE', *, *, #5070, .T. ) ;
#745 = DIRECTION ( 'NONE',  ( 0.000000000000000000, -1.000000000000000000, 0.000000000000000000 ) ) ;
#746 = ORIENTED_EDGE ( 'NONE', *, *, #6295, .T. ) ;
#747 = EDGE_CURVE ( 'NONE', #6002, #6524, #2681, .T. ) ;
#748 = DIRECTION ( 'NONE',  ( 0.000000000000000000, 1.000000000000000000, 0.000000000000000000 ) ) ;
#749 = CARTESIAN_POINT ( 'NONE',  ( -12.79999999999999893, 0.2000000000000000111, -2.250000000000000000 ) ) ;
#750 = LINE ( 'NONE', #4814, #799 ) ;
#751 = ORIENTED_EDGE ( 'NONE', *, *, #677, .F. ) ;
#752 = CARTESIAN_POINT ( 'NONE',  ( -14.79999999999999893, -4.336808689942014778E-16, -2.250000000000000000 ) ) ;
#753 = VECTOR ( 'NONE', #2810, 1000.000000000000000 ) ;
#754 = ORIENTED_EDGE ( 'NONE', *, *, #112, .T. ) ;
#755 = EDGE_CURVE ( 'NONE', #1046, #117, #3780, .T. ) ;
#756 = FACE_OUTER_BOUND ( 'NONE', #1075, .T. ) ;
#757 = ORIENTED_EDGE ( 'NONE', *, *, #881, .T. ) ;
#758 = CARTESIAN_POINT ( 'NONE',  ( 1.200000000000001510, 0.2000000000000000111, 2.250000000000000000 ) ) ;
#759 = ORIENTED_EDGE ( 'NONE', *, *, #4122, .F. ) ;
#760 = FACE_BOUND ( 'NONE', #5217, .T. ) ;
#761 = PLANE ( 'NONE',  #3927 ) ;
#762 = DIRECTION ( 'NONE',  ( -0.000000000000000000, 1.000000000000000000, 0.000000000000000000 ) ) ;
#763 = ADVANCED_FACE ( 'NONE', ( #6275 ), #5769, .F. ) ;
#764 = MECHANICAL_DESIGN_GEOMETRIC_PRESENTATION_REPRESENTATION (  '', ( #5230 ), #5762 ) ;
#765 = LINE ( 'NONE', #4765, #753 ) ;
#766 = CARTESIAN_POINT ( 'NONE',  ( 12.80000000000000071, 0.2000000000000000111, -2.250000000000000000 ) ) ;
#767 = ORIENTED_EDGE ( 'NONE', *, *, #3651, .T. ) ;
#768 = LINE ( 'NONE', #3874, #3787 ) ;
#769 = PRODUCT_CONTEXT ( 'NONE', #5093, 'mechanical' ) ;
#770 = ORIENTED_EDGE ( 'NONE', *, *, #4846, .T. ) ;
#771 = ADVANCED_FACE ( 'NONE', ( #5808 ), #1250, .F. ) ;
#772 = CARTESIAN_POINT ( 'NONE',  ( 10.79999999999999893, 0.2000000000000000111, -2.250000000000000000 ) ) ;
#773 = EDGE_CURVE ( 'NONE', #573, #4333, #2902, .T. ) ;
#774 = DIRECTION ( 'NONE',  ( -1.000000000000000000, 0.000000000000000000, 0.000000000000000000 ) ) ;
#775 = ORIENTED_EDGE ( 'NONE', *, *, #4803, .T. ) ;
#776 = PLANE ( 'NONE',  #5078 ) ;
#777 = VERTEX_POINT ( 'NONE', #5840 ) ;
#778 = CARTESIAN_POINT ( 'NONE',  ( -13.19999999999999929, 0.2000000000000000111, -2.250000000000000000 ) ) ;
#779 = PRODUCT_DEFINITION_SHAPE ( 'NONE', 'NONE',  #6580 ) ;
#780 = ORIENTED_EDGE ( 'NONE', *, *, #4510, .F. ) ;
#781 = VECTOR ( 'NONE', #4588, 1000.000000000000000 ) ;
#782 = DIRECTION ( 'NONE',  ( 0.000000000000000000, 0.000000000000000000, 1.000000000000000000 ) ) ;
#783 = FACE_OUTER_BOUND ( 'NONE', #446, .T. ) ;
#784 = LINE ( 'NONE', #2388, #5992 ) ;
#785 = VECTOR ( 'NONE', #4138, 1000.000000000000000 ) ;
#786 = ORIENTED_EDGE ( 'NONE', *, *, #389, .T. ) ;
#787 = DIRECTION ( 'NONE',  ( 3.504579431022969726E-32, 1.000000000000000000, 2.478176394252580155E-16 ) ) ;
#788 = ADVANCED_FACE ( 'NONE', ( #3317 ), #5342, .F. ) ;
#789 = VECTOR ( 'NONE', #3382, 1000.000000000000000 ) ;
#790 = VERTEX_POINT ( 'NONE', #6203 ) ;
#791 = AXIS2_PLACEMENT_3D ( 'NONE', #4567, #5987, #5951 ) ;
#792 = FACE_OUTER_BOUND ( 'NONE', #6063, .T. ) ;
#793 = ORIENTED_EDGE ( 'NONE', *, *, #2115, .T. ) ;
#794 = CARTESIAN_POINT ( 'NONE',  ( 13.22499999999999964, 1.750000000000000000, 1.649999999999999911 ) ) ;
#795 = ORIENTED_EDGE ( 'NONE', *, *, #4679, .F. ) ;
#796 = DIRECTION ( 'NONE',  ( 0.000000000000000000, 2.478176394252580155E-16, -1.000000000000000000 ) ) ;
#797 = EDGE_CURVE ( 'NONE', #643, #4440, #1647, .T. ) ;
#798 = VECTOR ( 'NONE', #6509, 1000.000000000000000 ) ;
#799 = VECTOR ( 'NONE', #5284, 1000.000000000000000 ) ;
#800 = LINE ( 'NONE', #5334, #2072 ) ;
#801 = DIRECTION ( 'NONE',  ( 0.000000000000000000, -4.336808689942020201E-16, 1.000000000000000000 ) ) ;
#802 = EDGE_CURVE ( 'NONE', #117, #6002, #5508, .T. ) ;
#803 = CARTESIAN_POINT ( 'NONE',  ( -4.750000000000000000, -0.4515402865250630060, 0.2947213595499945105 ) ) ;
#804 = VECTOR ( 'NONE', #3483, 1000.000000000000000 ) ;
#805 = CARTESIAN_POINT ( 'NONE',  ( 6.250000000000001776, -3.399999999999999911, 0.2999999999999999889 ) ) ;
#806 = ORIENTED_EDGE ( 'NONE', *, *, #1688, .T. ) ;
#807 = PLANE ( 'NONE',  #1874 ) ;
#808 = SHAPE_DEFINITION_REPRESENTATION ( #2443, #6187 ) ;
#809 = VECTOR ( 'NONE', #1089, 1000.000000000000114 ) ;
#810 = ORIENTED_EDGE ( 'NONE', *, *, #5538, .T. ) ;
#811 = CARTESIAN_POINT ( 'NONE',  ( -12.24999999999999822, -3.399999999999999911, 0.8000000000000000444 ) ) ;
#812 = CARTESIAN_POINT ( 'NONE',  ( 2.250000000000000444, 0.2000000000000000111, -2.250000000000000000 ) ) ;
#813 = VERTEX_POINT ( 'NONE', #1451 ) ;
#814 = VECTOR ( 'NONE', #4282, 1000.000000000000000 ) ;
#815 = CYLINDRICAL_SURFACE ( 'NONE', #3592, 0.5499999999999789502 ) ;
#816 = DIRECTION ( 'NONE',  ( -1.239088197126289831E-16, 2.036060417813154872E-16, -1.000000000000000000 ) ) ;
#817 = EDGE_CURVE ( 'NONE', #1449, #4789, #4475, .T. ) ;
#818 = ORIENTED_EDGE ( 'NONE', *, *, #4570, .F. ) ;
#819 = AXIS2_PLACEMENT_3D ( 'NONE', #2018, #3613, #1013 ) ;
#820 = EDGE_CURVE ( 'NONE', #3174, #539, #6410, .T. ) ;
#821 = CARTESIAN_POINT ( 'NONE',  ( -0.7999999999999986011, 0.2000000000000000111, 0.2999999999999999889 ) ) ;
#822 = DIRECTION ( 'NONE',  ( 0.000000000000000000, 1.000000000000000000, 0.000000000000000000 ) ) ;
#823 = CARTESIAN_POINT ( 'NONE',  ( -2.249999999999998668, 0.2000000000000000111, 0.8000000000000000444 ) ) ;
#824 = VERTEX_POINT ( 'NONE', #2447 ) ;
#825 = LINE ( 'NONE', #356, #3902 ) ;
#826 = EDGE_LOOP ( 'NONE', ( #5785, #6202, #3372, #2398 ) ) ;
#827 = LINE ( 'NONE', #2867, #4912 ) ;
#828 = ORIENTED_EDGE ( 'NONE', *, *, #567, .T. ) ;
#829 = LINE ( 'NONE', #2840, #3465 ) ;
#830 = ORIENTED_EDGE ( 'NONE', *, *, #2807, .T. ) ;
#831 = FACE_BOUND ( 'NONE', #378, .T. ) ;
#832 = MANIFOLD_SOLID_BREP ( 'NONE', #3710 ) ;
#833 = EDGE_LOOP ( 'NONE', ( #839, #424, #2112, #4533 ) ) ;
#834 = ADVANCED_FACE ( 'NONE', ( #6505 ), #5935, .F. ) ;
#835 = PLANE ( 'NONE',  #343 ) ;
#836 = AXIS2_PLACEMENT_3D ( 'NONE', #4434, #1340, #5860 ) ;
#837 = LINE ( 'NONE', #5895, #2465 ) ;
#838 = CARTESIAN_POINT ( 'NONE',  ( 15.94999999999999929, 6.000000000000000000, 0.8800000000000000044 ) ) ;
#839 = ORIENTED_EDGE ( 'NONE', *, *, #2640, .T. ) ;
#840 = DIRECTION ( 'NONE',  ( -1.000000000000000000, 0.000000000000000000, 0.000000000000000000 ) ) ;
#841 = VERTEX_POINT ( 'NONE', #3946 ) ;
#842 = DIRECTION ( 'NONE',  ( 0.000000000000000000, 1.000000000000000000, 1.927470528863119788E-16 ) ) ;
#843 = DIRECTION ( 'NONE',  ( -1.000000000000000000, -1.869109029878920052E-32, 2.168404344971010101E-16 ) ) ;
#844 = VERTEX_POINT ( 'NONE', #380 ) ;
#845 = CARTESIAN_POINT ( 'NONE',  ( 8.800000000000000711, 0.2000000000000000111, -2.250000000000000000 ) ) ;
#846 = CARTESIAN_POINT ( 'NONE',  ( 2.250000000000000444, -3.399999999999999911, 0.2999999999999999889 ) ) ;
#847 = LINE ( 'NONE', #4906, #3157 ) ;
#848 = ORIENTED_EDGE ( 'NONE', *, *, #2245, .T. ) ;
#849 = CARTESIAN_POINT ( 'NONE',  ( 15.29999999999999893, 5.750000000000000000, -1.850000000000000089 ) ) ;
#850 = DIRECTION ( 'NONE',  ( 0.9396926207859092051, 0.3420201433256665480, 0.000000000000000000 ) ) ;
#851 = EDGE_CURVE ( 'NONE', #1972, #6328, #3980, .T. ) ;
#852 = ORIENTED_EDGE ( 'NONE', *, *, #3065, .T. ) ;
#853 = CARTESIAN_POINT ( 'NONE',  ( -4.799999999999998934, 0.2000000000000000111, -2.250000000000000000 ) ) ;
#854 = VERTEX_POINT ( 'NONE', #4351 ) ;
#855 = EDGE_CURVE ( 'NONE', #3674, #1219, #1382, .T. ) ;
#856 = CARTESIAN_POINT ( 'NONE',  ( 14.24999999999999822, 6.000000000000000000, 0.2999999999999999889 ) ) ;
#857 = VERTEX_POINT ( 'NONE', #2377 ) ;
#858 = CARTESIAN_POINT ( 'NONE',  ( -10.05000000000000071, -4.336808689942014778E-16, 2.250000000000000000 ) ) ;
#859 = ORIENTED_EDGE ( 'NONE', *, *, #2366, .F. ) ;
#860 = DIRECTION ( 'NONE',  ( 0.000000000000000000, 0.000000000000000000, 1.000000000000000000 ) ) ;
#861 = VECTOR ( 'NONE', #4706, 1000.000000000000000 ) ;
#862 = ORIENTED_EDGE ( 'NONE', *, *, #4753, .F. ) ;
#863 = CARTESIAN_POINT ( 'NONE',  ( -14.79999999999999893, -4.336808689942014778E-16, -2.250000000000000000 ) ) ;
#864 = DIRECTION ( 'NONE',  ( 1.239088197126289831E-16, -3.165553788278845372E-16, 1.000000000000000000 ) ) ;
#865 = CARTESIAN_POINT ( 'NONE',  ( -14.24999999999999822, 4.250000000000000000, -2.623757129271619970 ) ) ;
#866 = CARTESIAN_POINT ( 'NONE',  ( -5.750000000000000000, -3.399999999999999911, 0.2999999999999999889 ) ) ;
#867 = VERTEX_POINT ( 'NONE', #6003 ) ;
#868 = DIRECTION ( 'NONE',  ( 0.000000000000000000, 1.927470528863119788E-16, -1.000000000000000000 ) ) ;
#869 =( NAMED_UNIT ( * ) PLANE_ANGLE_UNIT ( ) SI_UNIT ( $, .RADIAN. ) );
#870 = EDGE_CURVE ( 'NONE', #2685, #2218, #1815, .T. ) ;
#871 = VECTOR ( 'NONE', #3064, 1000.000000000000000 ) ;
#872 = ORIENTED_EDGE ( 'NONE', *, *, #595, .T. ) ;
#873 = VECTOR ( 'NONE', #4410, 1000.000000000000000 ) ;
#874 = SURFACE_STYLE_FILL_AREA ( #4380 ) ;
#875 = LINE ( 'NONE', #247, #1329 ) ;
#876 = ORIENTED_EDGE ( 'NONE', *, *, #5538, .F. ) ;
#877 = LINE ( 'NONE', #3884, #2074 ) ;
#878 = DIRECTION ( 'NONE',  ( -3.504579431022969726E-32, -1.000000000000000000, 0.000000000000000000 ) ) ;
#879 = VECTOR ( 'NONE', #3569, 1000.000000000000000 ) ;
#880 = LINE ( 'NONE', #6046, #6458 ) ;
#881 = EDGE_CURVE ( 'NONE', #4218, #2247, #414, .T. ) ;
#882 = VERTEX_POINT ( 'NONE', #6443 ) ;
#883 = DIRECTION ( 'NONE',  ( 0.000000000000000000, 1.000000000000000000, 0.000000000000000000 ) ) ;
#884 = VECTOR ( 'NONE', #28, 1000.000000000000000 ) ;
#885 = DIRECTION ( 'NONE',  ( 0.000000000000000000, 0.000000000000000000, 1.000000000000000000 ) ) ;
#886 = EDGE_LOOP ( 'NONE', ( #4717, #1908, #1253, #3293, #6257, #519 ) ) ;
#887 = CARTESIAN_POINT ( 'NONE',  ( -4.859191070279860192, -3.399999999999999911, 0.4091910702798604582 ) ) ;
#888 = ORIENTED_EDGE ( 'NONE', *, *, #2147, .F. ) ;
#889 = LINE ( 'NONE', #2260, #2364 ) ;
#890 = EDGE_CURVE ( 'NONE', #5897, #4562, #5902, .T. ) ;
#891 = VECTOR ( 'NONE', #2448, 1000.000000000000000 ) ;
#892 = VERTEX_POINT ( 'NONE', #5439 ) ;
#893 = FACE_OUTER_BOUND ( 'NONE', #3590, .T. ) ;
#894 = VECTOR ( 'NONE', #477, 1000.000000000000000 ) ;
#895 = ORIENTED_EDGE ( 'NONE', *, *, #5826, .T. ) ;
#896 = SURFACE_SIDE_STYLE ('',( #3535 ) ) ;
#897 = EDGE_CURVE ( 'NONE', #6461, #854, #2914, .T. ) ;
#898 = VECTOR ( 'NONE', #693, 1000.000000000000000 ) ;
#899 = CARTESIAN_POINT ( 'NONE',  ( -4.750000000000000000, -0.9583270453990848647, 0.6099893718935700537 ) ) ;
#900 = VECTOR ( 'NONE', #646, 1000.000000000000000 ) ;
#901 = DIRECTION ( 'NONE',  ( 0.000000000000000000, -1.000000000000000000, 0.000000000000000000 ) ) ;
#902 = DIRECTION ( 'NONE',  ( -1.000000000000000000, 3.504579431022969726E-32, 1.519869053105245017E-47 ) ) ;
#903 = DIRECTION ( 'NONE',  ( -2.522858432348305322E-32, 1.000000000000000000, 0.000000000000000000 ) ) ;
#904 = DIRECTION ( 'NONE',  ( 1.000000000000000000, 0.000000000000000000, 0.000000000000000000 ) ) ;
#905 = ORIENTED_EDGE ( 'NONE', *, *, #147, .T. ) ;
#906 = DIRECTION ( 'NONE',  ( 1.000000000000000000, 2.710505431213760099E-16, 0.000000000000000000 ) ) ;
#907 = VECTOR ( 'NONE', #4479, 1000.000000000000000 ) ;
#908 = VECTOR ( 'NONE', #6357, 1000.000000000000000 ) ;
#909 = VERTEX_POINT ( 'NONE', #4976 ) ;
#910 = VECTOR ( 'NONE', #6264, 1000.000000000000227 ) ;
#911 = CARTESIAN_POINT ( 'NONE',  ( -4.249999999999998224, 0.2000000000000000111, -2.250000000000000000 ) ) ;
#912 = CARTESIAN_POINT ( 'NONE',  ( -9.199999999999999289, 0.2000000000000000111, 2.250000000000000000 ) ) ;
#913 = ORIENTED_EDGE ( 'NONE', *, *, #1862, .F. ) ;
#914 = CARTESIAN_POINT ( 'NONE',  ( -12.79999999999999893, 0.2000000000000000111, 2.250000000000000000 ) ) ;
#915 = DIRECTION ( 'NONE',  ( 0.000000000000000000, 1.000000000000000000, 0.000000000000000000 ) ) ;
#916 = CARTESIAN_POINT ( 'NONE',  ( -4.750000000000000000, 5.000000000000000000, 0.2999999999999999889 ) ) ;
#917 = VECTOR ( 'NONE', #2865, 1000.000000000000000 ) ;
#918 = ORIENTED_EDGE ( 'NONE', *, *, #82, .T. ) ;
#919 = CARTESIAN_POINT ( 'NONE',  ( -0.2499999999999985012, -3.399999999999999911, 0.2999999999999999889 ) ) ;
#920 = ADVANCED_FACE ( 'NONE', ( #1941 ), #3844, .F. ) ;
#921 = VECTOR ( 'NONE', #1850, 1000.000000000000000 ) ;
#922 = CARTESIAN_POINT ( 'NONE',  ( -9.750000000000000000, 0.2000000000000000111, 0.8000000000000000444 ) ) ;
#923 = EDGE_CURVE ( 'NONE', #6538, #1239, #973, .T. ) ;
#924 = ORIENTED_EDGE ( 'NONE', *, *, #3652, .F. ) ;
#925 = CARTESIAN_POINT ( 'NONE',  ( -7.200000000000000178, 0.2000000000000000111, -2.250000000000000000 ) ) ;
#926 = VECTOR ( 'NONE', #2823, 1000.000000000000000 ) ;
#927 = ORIENTED_EDGE ( 'NONE', *, *, #3089, .T. ) ;
#928 = EDGE_CURVE ( 'NONE', #1310, #2850, #1544, .T. ) ;
#929 = LINE ( 'NONE', #1143, #884 ) ;
#930 = ORIENTED_EDGE ( 'NONE', *, *, #6180, .T. ) ;
#931 = EDGE_LOOP ( 'NONE', ( #5329, #775, #2672, #5020 ) ) ;
#932 = DIRECTION ( 'NONE',  ( -1.000000000000000000, 0.000000000000000000, 0.000000000000000000 ) ) ;
#933 = VERTEX_POINT ( 'NONE', #5537 ) ;
#934 = DIRECTION ( 'NONE',  ( 0.000000000000000000, 4.336808689942020201E-16, -1.000000000000000000 ) ) ;
#935 = CARTESIAN_POINT ( 'NONE',  ( 10.79999999999999893, -4.336808689942014778E-16, -2.250000000000000000 ) ) ;
#936 = DIRECTION ( 'NONE',  ( 0.000000000000000000, -1.000000000000000000, 0.000000000000000000 ) ) ;
#937 = CARTESIAN_POINT ( 'NONE',  ( -10.05000000000000071, -4.336808689942014778E-16, 2.250000000000000000 ) ) ;
#938 = LINE ( 'NONE', #2008, #1860 ) ;
#939 = ADVANCED_FACE ( 'NONE', ( #40 ), #1006, .F. ) ;
#940 = ORIENTED_EDGE ( 'NONE', *, *, #2779, .F. ) ;
#941 = PLANE ( 'NONE',  #4952 ) ;
#942 = EDGE_LOOP ( 'NONE', ( #1378, #3930, #5488, #3466 ) ) ;
#943 = DIRECTION ( 'NONE',  ( 0.000000000000000000, 0.000000000000000000, 1.000000000000000000 ) ) ;
#944 = CARTESIAN_POINT ( 'NONE',  ( -5.250000000000000000, -0.9583270453990848647, 0.6099893718935700537 ) ) ;
#945 = EDGE_CURVE ( 'NONE', #2263, #2766, #3515, .T. ) ;
#946 = LINE ( 'NONE', #4049, #1748 ) ;
#947 = EDGE_LOOP ( 'NONE', ( #3921, #5450, #2732, #4675, #4987 ) ) ;
#948 = LINE ( 'NONE', #4550, #1546 ) ;
#949 = FACE_OUTER_BOUND ( 'NONE', #2172, .T. ) ;
#950 = DIRECTION ( 'NONE',  ( -1.000000000000000000, 0.000000000000000000, 0.000000000000000000 ) ) ;
#951 = ORIENTED_EDGE ( 'NONE', *, *, #6437, .T. ) ;
#952 = DIRECTION ( 'NONE',  ( 0.000000000000000000, 4.404641985405130026E-16, -1.000000000000000000 ) ) ;
#953 = LINE ( 'NONE', #2993, #3347 ) ;
#954 = VERTEX_POINT ( 'NONE', #4578 ) ;
#955 = DIRECTION ( 'NONE',  ( 0.000000000000000000, 1.000000000000000000, 0.000000000000000000 ) ) ;
#956 = EDGE_CURVE ( 'NONE', #4585, #6109, #2106, .T. ) ;
#957 = VERTEX_POINT ( 'NONE', #4136 ) ;
#958 = LINE ( 'NONE', #2998, #1202 ) ;
#959 = VERTEX_POINT ( 'NONE', #1511 ) ;
#960 = DIRECTION ( 'NONE',  ( -4.336808689942015271E-16, 1.000000000000000000, 2.036060417813154872E-16 ) ) ;
#961 = ORIENTED_EDGE ( 'NONE', *, *, #1481, .F. ) ;
#962 = PRESENTATION_STYLE_ASSIGNMENT (( #3969 ) ) ;
#963 = EDGE_CURVE ( 'NONE', #1401, #3682, #1604, .T. ) ;
#964 = CARTESIAN_POINT ( 'NONE',  ( 0.2500000000000002220, 0.2000000000000000111, 0.8000000000000000444 ) ) ;
#965 = VECTOR ( 'NONE', #5417, 1000.000000000000000 ) ;
#966 = CARTESIAN_POINT ( 'NONE',  ( -10.05000000000000071, 6.000000000000000000, 2.250000000000000000 ) ) ;
#967 = CARTESIAN_POINT ( 'NONE',  ( -14.24999999999999822, 1.750000000000000000, 0.8000000000000000444 ) ) ;
#968 = ORIENTED_EDGE ( 'NONE', *, *, #2715, .F. ) ;
#969 = FACE_OUTER_BOUND ( 'NONE', #4, .T. ) ;
#970 = VECTOR ( 'NONE', #425, 1000.000000000000000 ) ;
#971 = VECTOR ( 'NONE', #3870, 1000.000000000000000 ) ;
#972 = ORIENTED_EDGE ( 'NONE', *, *, #2476, .T. ) ;
#973 = LINE ( 'NONE', #5038, #1414 ) ;
#974 = CARTESIAN_POINT ( 'NONE',  ( -15.29999999999999893, 1.750000000000000000, 1.649999999999999911 ) ) ;
#975 = DIRECTION ( 'NONE',  ( 1.000000000000000000, 0.000000000000000000, 0.000000000000000000 ) ) ;
#976 = EDGE_CURVE ( 'NONE', #2780, #5202, #3219, .T. ) ;
#977 = ORIENTED_EDGE ( 'NONE', *, *, #3416, .T. ) ;
#978 = DIRECTION ( 'NONE',  ( 1.519869053105245017E-47, 0.000000000000000000, 1.000000000000000000 ) ) ;
#979 =( NAMED_UNIT ( * ) SI_UNIT ( $, .STERADIAN. ) SOLID_ANGLE_UNIT ( ) );
#980 = DIRECTION ( 'NONE',  ( 3.504579431022969726E-32, 1.000000000000000000, 2.478176394252580155E-16 ) ) ;
#981 = ADVANCED_FACE ( 'NONE', ( #3106 ), #2546, .F. ) ;
#982 = EDGE_CURVE ( 'NONE', #1694, #3174, #2983, .T. ) ;
#983 = VERTEX_POINT ( 'NONE', #6539 ) ;
#984 = PLANE ( 'NONE',  #1509 ) ;
#985 = DIRECTION ( 'NONE',  ( -1.000000000000000000, 0.000000000000000000, 0.000000000000000000 ) ) ;
#986 = EDGE_LOOP ( 'NONE', ( #6085, #2118, #5184, #4632 ) ) ;
#987 = PLANE ( 'NONE',  #4854 ) ;
#988 = ADVANCED_FACE ( 'NONE', ( #6067 ), #6573, .F. ) ;
#989 = VERTEX_POINT ( 'NONE', #1576 ) ;
#990 = VECTOR ( 'NONE', #6327, 1000.000000000000000 ) ;
#991 = CARTESIAN_POINT ( 'NONE',  ( -4.750000000000000000, -3.100000000000000089, 0.8000000000000000444 ) ) ;
#992 = VERTEX_POINT ( 'NONE', #3607 ) ;
#993 = DIRECTION ( 'NONE',  ( 0.000000000000000000, 0.000000000000000000, -1.000000000000000000 ) ) ;
#994 = ORIENTED_EDGE ( 'NONE', *, *, #4190, .F. ) ;
#995 = PLANE ( 'NONE',  #4107 ) ;
#996 = LINE ( 'NONE', #1, #5009 ) ;
#997 = CARTESIAN_POINT ( 'NONE',  ( -10.24999999999999822, 0.2000000000000000111, -2.250000000000000000 ) ) ;
#998 = DIRECTION ( 'NONE',  ( 1.000000000000000000, 1.355252715606880049E-16, 0.000000000000000000 ) ) ;
#999 = ORIENTED_EDGE ( 'NONE', *, *, #6481, .F. ) ;
#1000 = EDGE_CURVE ( 'NONE', #1051, #3490, #6040, .T. ) ;
#1001 = DIRECTION ( 'NONE',  ( -1.000000000000000000, 0.000000000000000000, 0.000000000000000000 ) ) ;
#1002 = ITEM_DEFINED_TRANSFORMATION ( 'NONE', 'NONE', #3695,  #819 ) ;
#1003 = VECTOR ( 'NONE', #960, 1000.000000000000000 ) ;
#1004 = VERTEX_POINT ( 'NONE', #5005 ) ;
#1005 = EDGE_CURVE ( 'NONE', #4234, #2186, #2482, .T. ) ;
#1006 = PLANE ( 'NONE',  #5449 ) ;
#1007 = CARTESIAN_POINT ( 'NONE',  ( 0.8000000000000003775, 0.2000000000000000111, -2.250000000000000000 ) ) ;
#1008 = AXIS2_PLACEMENT_3D ( 'NONE', #2502, #993, #3031 ) ;
#1009 = DIRECTION ( 'NONE',  ( -1.000000000000000000, 0.000000000000000000, 0.000000000000000000 ) ) ;
#1010 = VERTEX_POINT ( 'NONE', #5604 ) ;
#1011 = DIRECTION ( 'NONE',  ( 1.000000000000000000, -3.504579431022969726E-32, -1.519869053105245017E-47 ) ) ;
#1012 = APPLICATION_CONTEXT ( 'automotive_design' ) ;
#1013 = DIRECTION ( 'NONE',  ( 1.000000000000000000, 0.000000000000000000, 0.000000000000000000 ) ) ;
#1014 = CARTESIAN_POINT ( 'NONE',  ( 1.200000000000001510, 0.2000000000000000111, 0.8000000000000000444 ) ) ;
#1015 = AXIS2_PLACEMENT_3D ( 'NONE', #5077, #1044, #1516 ) ;
#1016 = ORIENTED_EDGE ( 'NONE', *, *, #5781, .F. ) ;
#1017 = LINE ( 'NONE', #84, #2040 ) ;
#1018 = LINE ( 'NONE', #5582, #57 ) ;
#1019 = VECTOR ( 'NONE', #5792, 1000.000000000000000 ) ;
#1020 = ADVANCED_FACE ( 'NONE', ( #3545 ), #4546, .F. ) ;
#1021 = ORIENTED_EDGE ( 'NONE', *, *, #4305, .F. ) ;
#1022 = DIRECTION ( 'NONE',  ( 0.7071067811865470176, -0.7071067811865480168, 0.000000000000000000 ) ) ;
#1023 = ORIENTED_EDGE ( 'NONE', *, *, #1993, .T. ) ;
#1024 = VECTOR ( 'NONE', #3507, 1000.000000000000000 ) ;
#1025 = LINE ( 'NONE', #2499, #6310 ) ;
#1026 = EDGE_CURVE ( 'NONE', #1587, #2254, #5099, .T. ) ;
#1027 = DIRECTION ( 'NONE',  ( -1.000000000000000000, 2.710505431213760099E-16, 0.000000000000000000 ) ) ;
#1028 = EDGE_LOOP ( 'NONE', ( #2680, #3948, #1596, #2333 ) ) ;
#1029 = DIRECTION ( 'NONE',  ( 0.000000000000000000, 2.478176394252580155E-16, -1.000000000000000000 ) ) ;
#1030 = VECTOR ( 'NONE', #4727, 1000.000000000000000 ) ;
#1031 = DIRECTION ( 'NONE',  ( -1.000000000000000000, 0.000000000000000000, 0.000000000000000000 ) ) ;
#1032 = VECTOR ( 'NONE', #6072, 1000.000000000000000 ) ;
#1033 = LINE ( 'NONE', #4631, #879 ) ;
#1034 = DIRECTION ( 'NONE',  ( 2.168404344971010101E-16, -3.318687873851555372E-16, 1.000000000000000000 ) ) ;
#1035 = ORIENTED_EDGE ( 'NONE', *, *, #6139, .T. ) ;
#1036 = LINE ( 'NONE', #3074, #4535 ) ;
#1037 = AXIS2_PLACEMENT_3D ( 'NONE', #110, #668, #4674 ) ;
#1038 = ADVANCED_FACE ( 'NONE', ( #2071 ), #6133, .F. ) ;
#1039 = VERTEX_POINT ( 'NONE', #2207 ) ;
#1040 = DIRECTION ( 'NONE',  ( 1.000000000000000000, 0.000000000000000000, 0.000000000000000000 ) ) ;
#1041 = CARTESIAN_POINT ( 'NONE',  ( -9.750000000000000000, 0.2000000000000000111, 0.2999999999999999889 ) ) ;
#1042 = CARTESIAN_POINT ( 'NONE',  ( 6.800000000000002487, 0.2000000000000000111, -2.250000000000000000 ) ) ;
#1043 = ORIENTED_EDGE ( 'NONE', *, *, #4971, .F. ) ;
#1044 = DIRECTION ( 'NONE',  ( -1.000000000000000000, 0.000000000000000000, 0.000000000000000000 ) ) ;
#1045 = LINE ( 'NONE', #4583, #2957 ) ;
#1046 = VERTEX_POINT ( 'NONE', #5199 ) ;
#1047 = LINE ( 'NONE', #3615, #3102 ) ;
#1048 = DIRECTION ( 'NONE',  ( -0.5773502691896257311, 0.5773502691896267303, 0.5773502691896248429 ) ) ;
#1049 = VERTEX_POINT ( 'NONE', #3175 ) ;
#1050 = CARTESIAN_POINT ( 'NONE',  ( 15.94999999999999929, -4.336808689942014778E-16, 2.250000000000000000 ) ) ;
#1051 = VERTEX_POINT ( 'NONE', #2268 ) ;
#1052 = ADVANCED_FACE ( 'NONE', ( #4239 ), #5662, .F. ) ;
#1053 = DIRECTION ( 'NONE',  ( 1.519869053105245017E-47, 0.000000000000000000, 1.000000000000000000 ) ) ;
#1054 = DIRECTION ( 'NONE',  ( 1.000000000000000000, 0.000000000000000000, -2.168404344971010101E-16 ) ) ;
#1055 = FACE_OUTER_BOUND ( 'NONE', #3354, .T. ) ;
#1056 = EDGE_CURVE ( 'NONE', #2028, #3715, #1521, .T. ) ;
#1057 = VERTEX_POINT ( 'NONE', #1777 ) ;
#1058 = DIRECTION ( 'NONE',  ( -2.168404344971010101E-16, 0.000000000000000000, 1.000000000000000000 ) ) ;
#1059 = ADVANCED_FACE ( 'NONE', ( #2134 ), #3669, .F. ) ;
#1060 = ADVANCED_FACE ( 'NONE', ( #5167 ), #4201, .F. ) ;
#1061 = CARTESIAN_POINT ( 'NONE',  ( 15.29999999999999893, 5.750000000000000000, -0.1200000000000000094 ) ) ;
#1062 = CARTESIAN_POINT ( 'NONE',  ( 11.20000000000000107, 0.2000000000000000111, 2.250000000000000000 ) ) ;
#1063 = ORIENTED_EDGE ( 'NONE', *, *, #6444, .T. ) ;
#1064 = PLANE ( 'NONE',  #2080 ) ;
#1065 = ORIENTED_EDGE ( 'NONE', *, *, #4473, .T. ) ;
#1066 = DIRECTION ( 'NONE',  ( 0.000000000000000000, 0.000000000000000000, 1.000000000000000000 ) ) ;
#1067 = LINE ( 'NONE', #2014, #2001 ) ;
#1068 = CARTESIAN_POINT ( 'NONE',  ( 15.19999999999999751, 4.250000000000000000, -2.623757129271619970 ) ) ;
#1069 = ORIENTED_EDGE ( 'NONE', *, *, #1392, .T. ) ;
#1070 = AXIS2_PLACEMENT_3D ( 'NONE', #2828, #2187, #1153 ) ;
#1071 = EDGE_CURVE ( 'NONE', #5244, #5864, #4167, .T. ) ;
#1072 = LINE ( 'NONE', #3110, #3671 ) ;
#1073 = EDGE_CURVE ( 'NONE', #325, #2214, #3136, .T. ) ;
#1074 = PRESENTATION_STYLE_ASSIGNMENT (( #2580 ) ) ;
#1075 = EDGE_LOOP ( 'NONE', ( #5921, #3711, #3268, #3028, #1557, #1384, #6424, #6508 ) ) ;
#1076 = DIRECTION ( 'NONE',  ( -0.3236155771181825069, 0.8891264907159899256, -0.3236155771181830065 ) ) ;
#1077 = FACE_OUTER_BOUND ( 'NONE', #4119, .T. ) ;
#1078 = ADVANCED_FACE ( 'NONE', ( #141 ), #206, .F. ) ;
#1079 = EDGE_CURVE ( 'NONE', #3674, #957, #3704, .T. ) ;
#1080 = ORIENTED_EDGE ( 'NONE', *, *, #1706, .T. ) ;
#1081 = DIRECTION ( 'NONE',  ( -3.504579431022969726E-32, -1.000000000000000000, 0.000000000000000000 ) ) ;
#1082 = ORIENTED_EDGE ( 'NONE', *, *, #4785, .F. ) ;
#1083 = EDGE_CURVE ( 'NONE', #2415, #5244, #5798, .T. ) ;
#1084 = VECTOR ( 'NONE', #5378, 1000.000000000000000 ) ;
#1085 = CARTESIAN_POINT ( 'NONE',  ( -0.04999999999999969746, -4.336808689942014778E-16, 2.250000000000000000 ) ) ;
#1086 = FACE_OUTER_BOUND ( 'NONE', #6455, .T. ) ;
#1087 = CARTESIAN_POINT ( 'NONE',  ( 10.24999999999999822, -3.399999999999999911, 0.8000000000000000444 ) ) ;
#1088 = ORIENTED_EDGE ( 'NONE', *, *, #348, .T. ) ;
#1089 = DIRECTION ( 'NONE',  ( -0.7071067811865489050, -0.7071067811865460184, 0.000000000000000000 ) ) ;
#1090 = VECTOR ( 'NONE', #4998, 1000.000000000000000 ) ;
#1091 = ADVANCED_FACE ( 'NONE', ( #6194, #5229 ), #4302, .F. ) ;
#1092 = PLANE ( 'NONE',  #6193 ) ;
#1093 = VECTOR ( 'NONE', #5489, 1000.000000000000000 ) ;
#1094 = PLANE ( 'NONE',  #4308 ) ;
#1095 = ORIENTED_EDGE ( 'NONE', *, *, #1172, .T. ) ;
#1096 = DIRECTION ( 'NONE',  ( 1.239088197126289831E-16, -3.165553788278845372E-16, 1.000000000000000000 ) ) ;
#1097 = ADVANCED_FACE ( 'NONE', ( #1241 ), #175, .F. ) ;
#1098 = VECTOR ( 'NONE', #1649, 1000.000000000000000 ) ;
#1099 = ORIENTED_EDGE ( 'NONE', *, *, #5357, .T. ) ;
#1100 = CARTESIAN_POINT ( 'NONE',  ( 12.25000000000000000, -3.399999999999999911, 0.2999999999999999889 ) ) ;
#1101 = CARTESIAN_POINT ( 'NONE',  ( -4.750000000000000000, -0.9293581796195340416, 0.6148294073777059721 ) ) ;
#1102 = DIRECTION ( 'NONE',  ( 3.504579431022969726E-32, 1.000000000000000000, 2.478176394252580155E-16 ) ) ;
#1103 = AXIS2_PLACEMENT_3D ( 'NONE', #2252, #3823, #5320 ) ;
#1104 = EDGE_CURVE ( 'NONE', #6057, #6066, #5761, .T. ) ;
#1105 = ORIENTED_EDGE ( 'NONE', *, *, #5120, .T. ) ;
#1106 = PLANE ( 'NONE',  #56 ) ;
#1107 = VECTOR ( 'NONE', #1140, 1000.000000000000000 ) ;
#1108 = ORIENTED_EDGE ( 'NONE', *, *, #6473, .T. ) ;
#1109 = VECTOR ( 'NONE', #932, 1000.000000000000000 ) ;
#1110 = CARTESIAN_POINT ( 'NONE',  ( -3.750000000000000000, 1.750000000000000000, 0.2999999999999999889 ) ) ;
#1111 = LINE ( 'NONE', #6206, #5463 ) ;
#1112 = ORIENTED_EDGE ( 'NONE', *, *, #4749, .T. ) ;
#1113 = ORIENTED_EDGE ( 'NONE', *, *, #233, .F. ) ;
#1114 = FACE_BOUND ( 'NONE', #2758, .T. ) ;
#1115 = VECTOR ( 'NONE', #1848, 1000.000000000000000 ) ;
#1116 = AXIS2_PLACEMENT_3D ( 'NONE', #4176, #1615, #2720 ) ;
#1117 = EDGE_LOOP ( 'NONE', ( #5702, #3198, #116, #5008 ) ) ;
#1118 = EDGE_CURVE ( 'NONE', #2214, #4148, #4173, .T. ) ;
#1119 = AXIS2_PLACEMENT_3D ( 'NONE', #305, #2334, #2363 ) ;
#1120 = CARTESIAN_POINT ( 'NONE',  ( 7.950000000000001954, 4.336808689942014778E-16, -2.250000000000000000 ) ) ;
#1121 = DIRECTION ( 'NONE',  ( 0.000000000000000000, 0.000000000000000000, 1.000000000000000000 ) ) ;
#1122 = CARTESIAN_POINT ( 'NONE',  ( -5.250000000000000000, -0.6751470842750408874, 0.7419349550499519941 ) ) ;
#1123 = EDGE_LOOP ( 'NONE', ( #4228, #6501, #3716, #5668 ) ) ;
#1124 = LINE ( 'NONE', #4188, #2407 ) ;
#1125 = VECTOR ( 'NONE', #6028, 1000.000000000000000 ) ;
#1126 = LINE ( 'NONE', #4231, #6521 ) ;
#1127 = ORIENTED_EDGE ( 'NONE', *, *, #1987, .T. ) ;
#1128 = VECTOR ( 'NONE', #3202, 1000.000000000000000 ) ;
#1129 = DIRECTION ( 'NONE',  ( -2.168404344971010101E-16, 0.000000000000000000, 1.000000000000000000 ) ) ;
#1130 = VERTEX_POINT ( 'NONE', #1638 ) ;
#1131 = LINE ( 'NONE', #657, #1979 ) ;
#1132 = CARTESIAN_POINT ( 'NONE',  ( -10.05000000000000071, 0.8299999999999999600, 1.850000000000000089 ) ) ;
#1133 = AXIS2_PLACEMENT_3D ( 'NONE', #701, #5336, #5266 ) ;
#1134 =( REPRESENTATION_RELATIONSHIP ('NONE','NONE', #6187, #2070 ) REPRESENTATION_RELATIONSHIP_WITH_TRANSFORMATION ( #4935 )SHAPE_REPRESENTATION_RELATIONSHIP( ) );
#1135 = AXIS2_PLACEMENT_3D ( 'NONE', #511, #2521, #3521 ) ;
#1136 = ORIENTED_EDGE ( 'NONE', *, *, #244, .T. ) ;
#1137 = DIRECTION ( 'NONE',  ( 0.000000000000000000, 1.000000000000000000, 0.000000000000000000 ) ) ;
#1138 = ADVANCED_FACE ( 'NONE', ( #733 ), #2776, .F. ) ;
#1139 = CARTESIAN_POINT ( 'NONE',  ( -10.24999999999999822, 1.750000000000000000, 0.8000000000000000444 ) ) ;
#1140 = DIRECTION ( 'NONE',  ( -1.000000000000000000, 0.000000000000000000, 0.000000000000000000 ) ) ;
#1141 = ORIENTED_EDGE ( 'NONE', *, *, #6121, .F. ) ;
#1142 = LINE ( 'NONE', #2174, #6111 ) ;
#1143 = CARTESIAN_POINT ( 'NONE',  ( -9.750000000000000000, 1.750000000000000000, 0.2999999999999999889 ) ) ;
#1144 = DIRECTION ( 'NONE',  ( -1.000000000000000000, 0.000000000000000000, 6.982962677686266711E-15 ) ) ;
#1145 = ORIENTED_EDGE ( 'NONE', *, *, #3552, .T. ) ;
#1146 = ADVANCED_FACE ( 'NONE', ( #6402 ), #835, .F. ) ;
#1147 = LINE ( 'NONE', #214, #1303 ) ;
#1148 = FACE_OUTER_BOUND ( 'NONE', #3207, .T. ) ;
#1149 = EDGE_LOOP ( 'NONE', ( #5279, #1915, #6095, #3021 ) ) ;
#1150 = ORIENTED_EDGE ( 'NONE', *, *, #5826, .F. ) ;
#1151 = FACE_OUTER_BOUND ( 'NONE', #3565, .T. ) ;
#1152 = ORIENTED_EDGE ( 'NONE', *, *, #1976, .F. ) ;
#1153 = DIRECTION ( 'NONE',  ( 0.000000000000000000, 0.1321637200910226739, 0.9912279006826340000 ) ) ;
#1154 = DIRECTION ( 'NONE',  ( -1.000000000000000000, 0.000000000000000000, 0.000000000000000000 ) ) ;
#1155 = CARTESIAN_POINT ( 'NONE',  ( -6.799999999999998934, 0.2000000000000000111, 2.250000000000000000 ) ) ;
#1156 = LINE ( 'NONE', #5216, #4001 ) ;
#1157 = ORIENTED_EDGE ( 'NONE', *, *, #6081, .T. ) ;
#1158 = LINE ( 'NONE', #6258, #6023 ) ;
#1159 = EDGE_CURVE ( 'NONE', #1694, #1262, #3309, .T. ) ;
#1160 = VECTOR ( 'NONE', #6161, 1000.000000000000000 ) ;
#1161 = ORIENTED_EDGE ( 'NONE', *, *, #4062, .F. ) ;
#1162 = FACE_OUTER_BOUND ( 'NONE', #5223, .T. ) ;
#1163 = ORIENTED_EDGE ( 'NONE', *, *, #5289, .F. ) ;
#1164 = CARTESIAN_POINT ( 'NONE',  ( 4.250000000000000000, -3.399999999999999911, 0.2999999999999999889 ) ) ;
#1165 = EDGE_LOOP ( 'NONE', ( #1495, #5486, #2141, #4492 ) ) ;
#1166 = CARTESIAN_POINT ( 'NONE',  ( -4.799999999999998934, 0.2000000000000000111, -2.250000000000000000 ) ) ;
#1167 = EDGE_CURVE ( 'NONE', #5739, #824, #405, .T. ) ;
#1168 = FACE_OUTER_BOUND ( 'NONE', #1315, .T. ) ;
#1169 = ORIENTED_EDGE ( 'NONE', *, *, #147, .F. ) ;
#1170 = CARTESIAN_POINT ( 'NONE',  ( 3.750000000000001776, 1.750000000000000000, 0.2999999999999999889 ) ) ;
#1171 = DIRECTION ( 'NONE',  ( 3.504579431022969726E-32, 1.000000000000000000, 2.478176394252580155E-16 ) ) ;
#1172 = EDGE_CURVE ( 'NONE', #4265, #2133, #5130, .T. ) ;
#1173 = CARTESIAN_POINT ( 'NONE',  ( -4.750000000000000000, -2.419911892563235245, 0.8000000000000160316 ) ) ;
#1174 = ORIENTED_EDGE ( 'NONE', *, *, #6308, .T. ) ;
#1175 = CARTESIAN_POINT ( 'NONE',  ( 7.200000000000001954, 0.2000000000000000111, -2.250000000000000000 ) ) ;
#1176 = SHAPE_REPRESENTATION_RELATIONSHIP ( 'NONE' , 'NONE' ,  #2070, #2560 ) ;
#1177 = EDGE_LOOP ( 'NONE', ( #2747, #2459, #2168, #3681 ) ) ;
#1178 = LINE ( 'NONE', #182, #2358 ) ;
#1179 = VECTOR ( 'NONE', #3537, 1000.000000000000114 ) ;
#1180 = CARTESIAN_POINT ( 'NONE',  ( -6.799999999999998934, 0.2000000000000000111, -2.250000000000000000 ) ) ;
#1181 = ORIENTED_EDGE ( 'NONE', *, *, #4268, .F. ) ;
#1182 = ORIENTED_EDGE ( 'NONE', *, *, #1215, .F. ) ;
#1183 = CARTESIAN_POINT ( 'NONE',  ( -13.19999999999999929, 0.2000000000000000111, -2.250000000000000000 ) ) ;
#1184 = ADVANCED_FACE ( 'NONE', ( #2368, #5956 ), #4342, .F. ) ;
#1185 = VECTOR ( 'NONE', #6418, 1000.000000000000000 ) ;
#1186 = EDGE_LOOP ( 'NONE', ( #3274, #5355, #6359, #555, #770, #4922, #727, #3429 ) ) ;
#1187 = DIRECTION ( 'NONE',  ( 0.000000000000000000, -1.000000000000000000, 0.000000000000000000 ) ) ;
#1188 = CARTESIAN_POINT ( 'NONE',  ( 8.800000000000000711, 0.2000000000000000111, 2.250000000000000000 ) ) ;
#1189 = DIRECTION ( 'NONE',  ( 0.000000000000000000, -4.336808689942020201E-16, 1.000000000000000000 ) ) ;
#1190 = CARTESIAN_POINT ( 'NONE',  ( 2.800000000000000266, 0.2000000000000000111, -2.250000000000000000 ) ) ;
#1191 = ORIENTED_EDGE ( 'NONE', *, *, #50, .T. ) ;
#1192 = CARTESIAN_POINT ( 'NONE',  ( -5.250000000000000000, 4.700000000000000178, 0.2999999999999999889 ) ) ;
#1193 = VERTEX_POINT ( 'NONE', #3936 ) ;
#1194 = AXIS2_PLACEMENT_3D ( 'NONE', #3286, #5309, #4312 ) ;
#1195 = CARTESIAN_POINT ( 'NONE',  ( -5.000000000000000000, -0.9517188593945330455, 0.6595507669277020923 ) ) ;
#1196 = ORIENTED_EDGE ( 'NONE', *, *, #3269, .F. ) ;
#1197 = LINE ( 'NONE', #3199, #1542 ) ;
#1198 = ORIENTED_EDGE ( 'NONE', *, *, #3872, .T. ) ;
#1199 = VECTOR ( 'NONE', #4828, 1000.000000000000000 ) ;
#1200 = DIRECTION ( 'NONE',  ( -1.000000000000000000, 0.000000000000000000, 0.000000000000000000 ) ) ;
#1201 = LINE ( 'NONE', #4695, #1128 ) ;
#1202 = VECTOR ( 'NONE', #2462, 1000.000000000000000 ) ;
#1203 = ORIENTED_EDGE ( 'NONE', *, *, #647, .F. ) ;
#1204 = EDGE_CURVE ( 'NONE', #688, #3414, #1840, .T. ) ;
#1205 = CARTESIAN_POINT ( 'NONE',  ( -13.00000000000000000, 1.750000000000000000, 0.8000000000000000444 ) ) ;
#1206 = EDGE_CURVE ( 'NONE', #1301, #637, #2437, .T. ) ;
#1207 = CARTESIAN_POINT ( 'NONE',  ( -4.249999999999998224, -3.399999999999999911, 0.8000000000000000444 ) ) ;
#1208 = CARTESIAN_POINT ( 'NONE',  ( 14.72499999999999787, 4.250000000000000000, 2.250000000000000000 ) ) ;
#1209 = ORIENTED_EDGE ( 'NONE', *, *, #4154, .F. ) ;
#1210 = CARTESIAN_POINT ( 'NONE',  ( -15.19999999999999751, 4.250000000000000000, 2.250000000000000000 ) ) ;
#1211 = DIRECTION ( 'NONE',  ( -1.000000000000000000, 0.000000000000000000, 6.982962677686266711E-15 ) ) ;
#1212 = ADVANCED_FACE ( 'NONE', ( #5429 ), #2306, .T. ) ;
#1213 = ORIENTED_EDGE ( 'NONE', *, *, #5298, .T. ) ;
#1214 = CARTESIAN_POINT ( 'NONE',  ( -14.24999999999999822, 6.000000000000000000, 0.2999999999999999889 ) ) ;
#1215 = EDGE_CURVE ( 'NONE', #5625, #2345, #4403, .T. ) ;
#1216 = VECTOR ( 'NONE', #1606, 1000.000000000000000 ) ;
#1217 = DIRECTION ( 'NONE',  ( 0.000000000000000000, -1.000000000000000000, 0.000000000000000000 ) ) ;
#1218 = ORIENTED_EDGE ( 'NONE', *, *, #2984, .F. ) ;
#1219 = VERTEX_POINT ( 'NONE', #6434 ) ;
#1220 = DIRECTION ( 'NONE',  ( -1.000000000000000000, 0.000000000000000000, 0.000000000000000000 ) ) ;
#1221 = VECTOR ( 'NONE', #4194, 1000.000000000000000 ) ;
#1222 = EDGE_LOOP ( 'NONE', ( #4709, #1363, #4251, #4098 ) ) ;
#1223 = CARTESIAN_POINT ( 'NONE',  ( -5.250000000000000000, 4.700000000000000178, 0.8000000000000000444 ) ) ;
#1224 = CARTESIAN_POINT ( 'NONE',  ( -10.79999999999999893, 0.2000000000000000111, -2.250000000000000000 ) ) ;
#1225 = PLANE ( 'NONE',  #6205 ) ;
#1226 = EDGE_CURVE ( 'NONE', #4937, #4585, #3905, .T. ) ;
#1227 = CARTESIAN_POINT ( 'NONE',  ( 15.29999999999999893, 4.500000000000000000, 0.8800000000000000044 ) ) ;
#1228 = VECTOR ( 'NONE', #4244, 1000.000000000000000 ) ;
#1229 = VERTEX_POINT ( 'NONE', #272 ) ;
#1230 = CARTESIAN_POINT ( 'NONE',  ( 15.19999999999999751, 2.250000000000000000, 2.250000000000000000 ) ) ;
#1231 = ORIENTED_EDGE ( 'NONE', *, *, #685, .F. ) ;
#1232 = AXIS2_PLACEMENT_3D ( 'NONE', #3810, #4896, #906 ) ;
#1233 = LINE ( 'NONE', #2837, #3018 ) ;
#1234 = ORIENTED_EDGE ( 'NONE', *, *, #5504, .T. ) ;
#1235 = FACE_OUTER_BOUND ( 'NONE', #8, .T. ) ;
#1236 = VERTEX_POINT ( 'NONE', #863 ) ;
#1237 = LINE ( 'NONE', #1633, #2189 ) ;
#1238 = VECTOR ( 'NONE', #32, 999.9999999999998863 ) ;
#1239 = VERTEX_POINT ( 'NONE', #6370 ) ;
#1240 = VECTOR ( 'NONE', #3060, 1000.000000000000000 ) ;
#1241 = FACE_OUTER_BOUND ( 'NONE', #6367, .T. ) ;
#1242 = CARTESIAN_POINT ( 'NONE',  ( 14.24999999999999822, 6.000000000000000000, 0.2999999999999999889 ) ) ;
#1243 = PLANE ( 'NONE',  #2063 ) ;
#1244 = VERTEX_POINT ( 'NONE', #2905 ) ;
#1245 = CARTESIAN_POINT ( 'NONE',  ( -5.250000000000000000, 5.000000000000000000, 0.6908089297201369661 ) ) ;
#1246 = ADVANCED_FACE ( 'NONE', ( #3806, #307 ), #4928, .F. ) ;
#1247 = VECTOR ( 'NONE', #287, 1000.000000000000000 ) ;
#1248 = ORIENTED_EDGE ( 'NONE', *, *, #2409, .T. ) ;
#1249 = CIRCLE ( 'NONE', #4650, 0.04999999999997876976 ) ;
#1250 = PLANE ( 'NONE',  #1194 ) ;
#1251 = CARTESIAN_POINT ( 'NONE',  ( 14.79999999999999893, 4.336808689942014778E-16, -2.250000000000000000 ) ) ;
#1252 = VERTEX_POINT ( 'NONE', #3341 ) ;
#1253 = ORIENTED_EDGE ( 'NONE', *, *, #1732, .F. ) ;
#1254 = LINE ( 'NONE', #778, #814 ) ;
#1255 = VERTEX_POINT ( 'NONE', #1305 ) ;
#1256 = DIRECTION ( 'NONE',  ( -1.000000000000000000, 0.000000000000000000, 0.000000000000000000 ) ) ;
#1257 = FACE_OUTER_BOUND ( 'NONE', #5234, .T. ) ;
#1258 = CARTESIAN_POINT ( 'NONE',  ( 11.20000000000000107, 0.2000000000000000111, 2.250000000000000000 ) ) ;
#1259 = ORIENTED_EDGE ( 'NONE', *, *, #1104, .F. ) ;
#1260 = CARTESIAN_POINT ( 'NONE',  ( -15.19999999999999751, 2.250000000000000000, 1.649999999999999911 ) ) ;
#1261 = EDGE_CURVE ( 'NONE', #959, #1553, #368, .T. ) ;
#1262 = VERTEX_POINT ( 'NONE', #5368 ) ;
#1263 = PRODUCT_DEFINITION_SHAPE ( 'NONE', 'NONE',  #6586 ) ;
#1264 = LINE ( 'NONE', #3302, #5656 ) ;
#1265 = EDGE_CURVE ( 'NONE', #1785, #4331, #2846, .T. ) ;
#1266 = ORIENTED_EDGE ( 'NONE', *, *, #1118, .F. ) ;
#1267 = CARTESIAN_POINT ( 'NONE',  ( -2.799999999999998490, 0.2000000000000000111, -2.250000000000000000 ) ) ;
#1268 = VERTEX_POINT ( 'NONE', #3438 ) ;
#1269 = CARTESIAN_POINT ( 'NONE',  ( 5.950000000000000178, -4.336808689942014778E-16, 2.250000000000000000 ) ) ;
#1270 = EDGE_CURVE ( 'NONE', #547, #5688, #5464, .T. ) ;
#1271 = ADVANCED_FACE ( 'NONE', ( #5833, #1273 ), #2472, .F. ) ;
#1272 = LINE ( 'NONE', #3835, #3247 ) ;
#1273 = FACE_OUTER_BOUND ( 'NONE', #5112, .T. ) ;
#1274 = CARTESIAN_POINT ( 'NONE',  ( 5.200000000000002842, 0.2000000000000000111, -2.250000000000000000 ) ) ;
#1275 = DIRECTION ( 'NONE',  ( -1.000000000000000000, 0.000000000000000000, 0.000000000000000000 ) ) ;
#1276 = EDGE_LOOP ( 'NONE', ( #848, #1682, #1543, #5640 ) ) ;
#1277 = DIRECTION ( 'NONE',  ( -1.000000000000000000, 0.000000000000000000, 0.000000000000000000 ) ) ;
#1278 = ORIENTED_EDGE ( 'NONE', *, *, #1761, .T. ) ;
#1279 = DIRECTION ( 'NONE',  ( -0.7071067811865480168, -0.7071067811865470176, -1.362216883226519737E-16 ) ) ;
#1280 = EDGE_CURVE ( 'NONE', #1497, #1283, #5028, .T. ) ;
#1281 = LINE ( 'NONE', #345, #2292 ) ;
#1282 = EDGE_LOOP ( 'NONE', ( #1043, #5349, #4746, #4163, #3668, #888, #2910, #310, #1532, #639, #3526, #2427, #1016, #4315, #2669, #298, #5612, #3473, #5134, #210, #6243, #5553, #5802, #1528, #3434, #2320, #6259, #439, #2478, #4179, #4960, #3802, #5515, #5828, #249, #6518, #3863, #4661, #5981, #6192, #1944, #1337, #2434, #2272, #1559, #3195, #1998, #3983, #127, #493, #3193, #3254, #3400, #4577, #732, #3168, #5852, #6353, #5534, #5325, #535, #2424, #2716, #3119 ) ) ;
#1283 = VERTEX_POINT ( 'NONE', #2601 ) ;
#1284 = CARTESIAN_POINT ( 'NONE',  ( -15.19999999999999751, 4.250000000000000000, 1.649999999999999911 ) ) ;
#1285 = VERTEX_POINT ( 'NONE', #4598 ) ;
#1286 = VECTOR ( 'NONE', #6214, 1000.000000000000000 ) ;
#1287 = CARTESIAN_POINT ( 'NONE',  ( 13.22499999999999964, 1.750000000000000000, 1.649999999999999911 ) ) ;
#1288 = LINE ( 'NONE', #2289, #5998 ) ;
#1289 = FACE_OUTER_BOUND ( 'NONE', #2331, .T. ) ;
#1290 = EDGE_CURVE ( 'NONE', #2061, #2030, #1033, .T. ) ;
#1291 = ORIENTED_EDGE ( 'NONE', *, *, #4805, .T. ) ;
#1292 = VECTOR ( 'NONE', #1889, 1000.000000000000000 ) ;
#1293 = PLANE ( 'NONE',  #4640 ) ;
#1294 = ORIENTED_EDGE ( 'NONE', *, *, #3484, .F. ) ;
#1295 = ADVANCED_FACE ( 'NONE', ( #6033 ), #4501, .F. ) ;
#1296 = EDGE_CURVE ( 'NONE', #6239, #564, #6530, .T. ) ;
#1297 = VECTOR ( 'NONE', #5082, 1000.000000000000000 ) ;
#1298 = FACE_BOUND ( 'NONE', #2804, .T. ) ;
#1299 = VERTEX_POINT ( 'NONE', #1505 ) ;
#1300 = CARTESIAN_POINT ( 'NONE',  ( -1.749999999999999778, 1.750000000000000000, 0.2999999999999999889 ) ) ;
#1301 = VERTEX_POINT ( 'NONE', #3972 ) ;
#1302 = FACE_BOUND ( 'NONE', #3338, .T. ) ;
#1303 = VECTOR ( 'NONE', #708, 1000.000000000000000 ) ;
#1304 = CARTESIAN_POINT ( 'NONE',  ( -13.19999999999999929, 0.2000000000000000111, 2.250000000000000000 ) ) ;
#1305 = CARTESIAN_POINT ( 'NONE',  ( 6.250000000000001776, 0.2000000000000000111, 0.8000000000000000444 ) ) ;
#1306 = VECTOR ( 'NONE', #5335, 1000.000000000000000 ) ;
#1307 = LINE ( 'NONE', #4969, #5552 ) ;
#1308 = CARTESIAN_POINT ( 'NONE',  ( 0.8000000000000003775, -4.336808689942014778E-16, 2.250000000000000000 ) ) ;
#1309 = ADVANCED_FACE ( 'NONE', ( #2540 ), #1537, .F. ) ;
#1310 = VERTEX_POINT ( 'NONE', #1476 ) ;
#1311 = LINE ( 'NONE', #4933, #4105 ) ;
#1312 = DIRECTION ( 'NONE',  ( -1.000000000000000000, 0.000000000000000000, 6.982962677686266711E-15 ) ) ;
#1313 = VECTOR ( 'NONE', #5021, 1000.000000000000000 ) ;
#1314 = AXIS2_PLACEMENT_3D ( 'NONE', #35, #1442, #3509 ) ;
#1315 = EDGE_LOOP ( 'NONE', ( #598, #2792, #3080, #1937 ) ) ;
#1316 =( NAMED_UNIT ( * ) SI_UNIT ( $, .STERADIAN. ) SOLID_ANGLE_UNIT ( ) );
#1317 = DIRECTION ( 'NONE',  ( -0.000000000000000000, 1.000000000000000000, 0.000000000000000000 ) ) ;
#1318 = EDGE_LOOP ( 'NONE', ( #1437, #1423, #6494, #1445 ) ) ;
#1319 = DIRECTION ( 'NONE',  ( 0.000000000000000000, 0.000000000000000000, 1.000000000000000000 ) ) ;
#1320 = LINE ( 'NONE', #4745, #3587 ) ;
#1321 = PRODUCT ( 'body_15', 'body_15', '', ( #3315 ) ) ;
#1322 = ORIENTED_EDGE ( 'NONE', *, *, #5605, .F. ) ;
#1323 = AXIS2_PLACEMENT_3D ( 'NONE', #2153, #6218, #1659 ) ;
#1324 = CARTESIAN_POINT ( 'NONE',  ( -7.200000000000000178, 0.2000000000000000111, -2.250000000000000000 ) ) ;
#1325 = LINE ( 'NONE', #1605, #6534 ) ;
#1326 = CARTESIAN_POINT ( 'NONE',  ( -2.249999999999998668, -3.399999999999999911, 0.8000000000000000444 ) ) ;
#1327 = ORIENTED_EDGE ( 'NONE', *, *, #4778, .F. ) ;
#1328 = CARTESIAN_POINT ( 'NONE',  ( 3.200000000000001510, -4.336808689942014778E-16, -2.250000000000000000 ) ) ;
#1329 = VECTOR ( 'NONE', #381, 1000.000000000000000 ) ;
#1330 = EDGE_CURVE ( 'NONE', #2964, #5189, #6060, .T. ) ;
#1331 = EDGE_LOOP ( 'NONE', ( #2879, #6043, #2467, #1770 ) ) ;
#1332 = VECTOR ( 'NONE', #3340, 1000.000000000000000 ) ;
#1333 = VECTOR ( 'NONE', #5259, 1000.000000000000000 ) ;
#1334 = CARTESIAN_POINT ( 'NONE',  ( -4.750000000000000000, -2.419911892563235245, 0.2999999999999999889 ) ) ;
#1335 = ORIENTED_EDGE ( 'NONE', *, *, #1204, .T. ) ;
#1336 = FACE_OUTER_BOUND ( 'NONE', #5181, .T. ) ;
#1337 = ORIENTED_EDGE ( 'NONE', *, *, #2968, .F. ) ;
#1338 = CARTESIAN_POINT ( 'NONE',  ( 5.750000000000003553, -3.399999999999999911, 0.8000000000000000444 ) ) ;
#1339 = VECTOR ( 'NONE', #667, 1000.000000000000000 ) ;
#1340 = DIRECTION ( 'NONE',  ( 0.000000000000000000, 0.000000000000000000, 1.000000000000000000 ) ) ;
#1341 = CARTESIAN_POINT ( 'NONE',  ( -4.249999999999998224, 1.750000000000000000, 0.2999999999999999889 ) ) ;
#1342 = CARTESIAN_POINT ( 'NONE',  ( -10.79999999999999893, 0.2000000000000000111, 2.250000000000000000 ) ) ;
#1343 = VECTOR ( 'NONE', #5407, 1000.000000000000000 ) ;
#1344 = DIRECTION ( 'NONE',  ( -0.3236155771181825069, -0.8891264907159899256, -0.3236155771181830065 ) ) ;
#1345 = ORIENTED_EDGE ( 'NONE', *, *, #5461, .T. ) ;
#1346 = DIRECTION ( 'NONE',  ( 0.000000000000000000, -1.000000000000000000, 0.000000000000000000 ) ) ;
#1347 = SHAPE_DEFINITION_REPRESENTATION ( #3761, #5519 ) ;
#1348 = AXIS2_PLACEMENT_3D ( 'NONE', #488, #4954, #6553 ) ;
#1349 = EDGE_CURVE ( 'NONE', #4802, #5732, #3039, .T. ) ;
#1350 = ORIENTED_EDGE ( 'NONE', *, *, #1026, .F. ) ;
#1351 = CARTESIAN_POINT ( 'NONE',  ( 10.79999999999999893, 0.2000000000000000111, -2.250000000000000000 ) ) ;
#1352 = DIRECTION ( 'NONE',  ( -1.000000000000000000, 0.000000000000000000, 2.168404344971010101E-16 ) ) ;
#1353 = ORIENTED_EDGE ( 'NONE', *, *, #4767, .F. ) ;
#1354 = CARTESIAN_POINT ( 'NONE',  ( -1.199999999999999734, -4.336808689942014778E-16, -2.250000000000000000 ) ) ;
#1355 = AXIS2_PLACEMENT_3D ( 'NONE', #2249, #2348, #2319 ) ;
#1356 = LINE ( 'NONE', #2452, #5178 ) ;
#1357 = LINE ( 'NONE', #5775, #1776 ) ;
#1358 = EDGE_LOOP ( 'NONE', ( #2501, #3422, #4034, #4823 ) ) ;
#1359 =( REPRESENTATION_RELATIONSHIP ('NONE','NONE', #6187, #5519 ) REPRESENTATION_RELATIONSHIP_WITH_TRANSFORMATION ( #1878 )SHAPE_REPRESENTATION_RELATIONSHIP( ) );
#1360 = VECTOR ( 'NONE', #1563, 1000.000000000000000 ) ;
#1361 = DIRECTION ( 'NONE',  ( 0.000000000000000000, 0.000000000000000000, 1.000000000000000000 ) ) ;
#1362 = PLANE ( 'NONE',  #5158 ) ;
#1363 = ORIENTED_EDGE ( 'NONE', *, *, #3627, .T. ) ;
#1364 = LINE ( 'NONE', #5851, #917 ) ;
#1365 =( GEOMETRIC_REPRESENTATION_CONTEXT ( 3 ) GLOBAL_UNCERTAINTY_ASSIGNED_CONTEXT ( ( #2561 ) ) GLOBAL_UNIT_ASSIGNED_CONTEXT ( ( #5932, #869, #4443 ) ) REPRESENTATION_CONTEXT ( 'NONE', 'WORKASPACE' ) );
#1366 = VERTEX_POINT ( 'NONE', #6123 ) ;
#1367 = DIRECTION ( 'NONE',  ( -1.239088197126289831E-16, 0.000000000000000000, -1.000000000000000000 ) ) ;
#1368 = EDGE_CURVE ( 'NONE', #2282, #478, #5597, .T. ) ;
#1369 = ORIENTED_EDGE ( 'NONE', *, *, #1480, .F. ) ;
#1370 = CARTESIAN_POINT ( 'NONE',  ( 12.80000000000000071, -4.336808689942014778E-16, -2.250000000000000000 ) ) ;
#1371 = VERTEX_POINT ( 'NONE', #530 ) ;
#1372 = DIRECTION ( 'NONE',  ( -1.000000000000000000, 0.000000000000000000, 0.000000000000000000 ) ) ;
#1373 = DIRECTION ( 'NONE',  ( 0.000000000000000000, -1.000000000000000000, 0.000000000000000000 ) ) ;
#1374 = DIRECTION ( 'NONE',  ( -1.000000000000000000, 0.000000000000000000, 0.000000000000000000 ) ) ;
#1375 = CARTESIAN_POINT ( 'NONE',  ( -12.79999999999999893, -4.336808689942014778E-16, 2.250000000000000000 ) ) ;
#1376 = CARTESIAN_POINT ( 'NONE',  ( -10.05000000000000071, 6.000000000000000000, 1.899999999999999911 ) ) ;
#1377 = EDGE_CURVE ( 'NONE', #1285, #5760, #5064, .T. ) ;
#1378 = ORIENTED_EDGE ( 'NONE', *, *, #820, .T. ) ;
#1379 = PLANE ( 'NONE',  #5485 ) ;
#1380 = EDGE_CURVE ( 'NONE', #4054, #3499, #437, .T. ) ;
#1381 = ORIENTED_EDGE ( 'NONE', *, *, #1296, .T. ) ;
#1382 = LINE ( 'NONE', #6378, #1084 ) ;
#1383 = CARTESIAN_POINT ( 'NONE',  ( 6.800000000000002487, 0.2000000000000000111, 2.250000000000000000 ) ) ;
#1384 = ORIENTED_EDGE ( 'NONE', *, *, #963, .T. ) ;
#1385 = FACE_OUTER_BOUND ( 'NONE', #5965, .T. ) ;
#1386 = CARTESIAN_POINT ( 'NONE',  ( 9.950000000000001066, -4.336808689942014778E-16, 2.250000000000000000 ) ) ;
#1387 = DIRECTION ( 'NONE',  ( 0.000000000000000000, 3.275148614939440266E-16, -1.000000000000000000 ) ) ;
#1388 = EDGE_CURVE ( 'NONE', #413, #1641, #1569, .T. ) ;
#1389 = ORIENTED_EDGE ( 'NONE', *, *, #5980, .F. ) ;
#1390 = PLANE ( 'NONE',  #119 ) ;
#1391 = LINE ( 'NONE', #6420, #1975 ) ;
#1392 = EDGE_CURVE ( 'NONE', #2357, #5018, #2034, .T. ) ;
#1393 = ORIENTED_EDGE ( 'NONE', *, *, #2341, .F. ) ;
#1394 = DIRECTION ( 'NONE',  ( 0.000000000000000000, 0.000000000000000000, 1.000000000000000000 ) ) ;
#1395 = VERTEX_POINT ( 'NONE', #4071 ) ;
#1396 = CARTESIAN_POINT ( 'NONE',  ( 8.800000000000000711, -4.336808689942014778E-16, 2.250000000000000000 ) ) ;
#1397 = VECTOR ( 'NONE', #5562, 1000.000000000000114 ) ;
#1398 = PRODUCT_RELATED_PRODUCT_CATEGORY ( 'part', '', ( #5359 ) ) ;
#1399 = ORIENTED_EDGE ( 'NONE', *, *, #4130, .F. ) ;
#1400 = CARTESIAN_POINT ( 'NONE',  ( 5.200000000000002842, 0.2000000000000000111, -2.250000000000000000 ) ) ;
#1401 = VERTEX_POINT ( 'NONE', #1061 ) ;
#1402 = DIRECTION ( 'NONE',  ( 0.000000000000000000, -0.8944271909999158554, -0.4472135954999579277 ) ) ;
#1403 = CARTESIAN_POINT ( 'NONE',  ( 6.800000000000002487, -4.336808689942014778E-16, -2.250000000000000000 ) ) ;
#1404 = DIRECTION ( 'NONE',  ( 1.000000000000000000, 0.000000000000000000, 0.000000000000000000 ) ) ;
#1405 = CARTESIAN_POINT ( 'NONE',  ( -15.29999999999999893, 1.750000000000000000, -1.850000000000000089 ) ) ;
#1406 = LINE ( 'NONE', #3906, #3963 ) ;
#1407 = DIRECTION ( 'NONE',  ( 0.000000000000000000, 0.000000000000000000, 1.000000000000000000 ) ) ;
#1408 = ORIENTED_EDGE ( 'NONE', *, *, #4628, .T. ) ;
#1409 = VECTOR ( 'NONE', #3837, 1000.000000000000000 ) ;
#1410 = CARTESIAN_POINT ( 'NONE',  ( -8.249999999999998224, 1.750000000000000000, 0.8000000000000000444 ) ) ;
#1411 = EDGE_CURVE ( 'NONE', #4372, #429, #2569, .T. ) ;
#1412 = VECTOR ( 'NONE', #5057, 1000.000000000000114 ) ;
#1413 = ORIENTED_EDGE ( 'NONE', *, *, #5326, .F. ) ;
#1414 = VECTOR ( 'NONE', #1980, 1000.000000000000000 ) ;
#1415 = EDGE_CURVE ( 'NONE', #1395, #1807, #5121, .T. ) ;
#1416 = CARTESIAN_POINT ( 'NONE',  ( 3.750000000000001776, -3.399999999999999911, 0.8000000000000000444 ) ) ;
#1417 = DIRECTION ( 'NONE',  ( 1.000000000000000000, 0.000000000000000000, 0.000000000000000000 ) ) ;
#1418 = EDGE_LOOP ( 'NONE', ( #2101, #5747, #818, #1868 ) ) ;
#1419 = CARTESIAN_POINT ( 'NONE',  ( -5.250000000000000000, -0.4291796067500625034, 0.2999999999999999889 ) ) ;
#1420 = LINE ( 'NONE', #3848, #6565 ) ;
#1421 = VECTOR ( 'NONE', #5094, 1000.000000000000000 ) ;
#1422 = CARTESIAN_POINT ( 'NONE',  ( 2.250000000000000444, 1.750000000000000000, 0.8000000000000000444 ) ) ;
#1423 = ORIENTED_EDGE ( 'NONE', *, *, #5298, .F. ) ;
#1424 = LINE ( 'NONE', #1460, #970 ) ;
#1425 = CARTESIAN_POINT ( 'NONE',  ( -0.7999999999999986011, 0.2000000000000000111, -2.250000000000000000 ) ) ;
#1426 = ORIENTED_EDGE ( 'NONE', *, *, #6343, .F. ) ;
#1427 = DIRECTION ( 'NONE',  ( -1.000000000000000000, 9.697399036122158767E-17, -1.939479807224434958E-16 ) ) ;
#1428 = AXIS2_PLACEMENT_3D ( 'NONE', #3824, #850, #1922 ) ;
#1429 = EDGE_LOOP ( 'NONE', ( #3395, #2930, #6394, #5846, #3995, #1099, #74, #4871, #2582, #3999, #6408, #2894, #1865, #5930, #2987, #2110, #3059, #2869, #4990, #1063, #3024, #1069, #2883, #2367, #6167, #2093, #4777, #3631, #3708, #4992, #5124, #951, #288, #1381, #670, #4032, #3366, #4461, #188, #744, #5300, #5096, #6140, #1763, #1157, #3788, #5312, #3932, #6334, #1913, #736, #2420, #1726, #2024, #2485, #4487, #5526, #2126, #3966, #3264, #4281, #5239, #4756, #2960 ) ) ;
#1430 = EDGE_CURVE ( 'NONE', #6485, #327, #4010, .T. ) ;
#1431 = PRODUCT ( 'pin', 'pin', '', ( #2412 ) ) ;
#1432 = PLANE ( 'NONE',  #6298 ) ;
#1433 = VECTOR ( 'NONE', #4813, 1000.000000000000000 ) ;
#1434 = ORIENTED_EDGE ( 'NONE', *, *, #3431, .T. ) ;
#1435 = DIRECTION ( 'NONE',  ( 1.414176746720221921E-16, -2.036060417813154872E-16, 1.000000000000000000 ) ) ;
#1436 = VECTOR ( 'NONE', #6339, 1000.000000000000000 ) ;
#1437 = ORIENTED_EDGE ( 'NONE', *, *, #1377, .F. ) ;
#1438 = CARTESIAN_POINT ( 'NONE',  ( -2.249999999999998668, 1.750000000000000000, 0.8000000000000000444 ) ) ;
#1439 = ADVANCED_FACE ( 'NONE', ( #3005 ), #2508, .F. ) ;
#1440 = AXIS2_PLACEMENT_3D ( 'NONE', #1164, #3698, #1701 ) ;
#1441 = FACE_OUTER_BOUND ( 'NONE', #6221, .T. ) ;
#1442 = DIRECTION ( 'NONE',  ( 0.000000000000000000, 1.000000000000000000, 1.927470528863119788E-16 ) ) ;
#1443 = FACE_OUTER_BOUND ( 'NONE', #144, .T. ) ;
#1444 = DIRECTION ( 'NONE',  ( -1.000000000000000000, 0.000000000000000000, 0.000000000000000000 ) ) ;
#1445 = ORIENTED_EDGE ( 'NONE', *, *, #6216, .F. ) ;
#1446 = LINE ( 'NONE', #2038, #5267 ) ;
#1447 = AXIS2_PLACEMENT_3D ( 'NONE', #6219, #526, #5188 ) ;
#1448 = AXIS2_PLACEMENT_3D ( 'NONE', #1425, #3461, #885 ) ;
#1449 = VERTEX_POINT ( 'NONE', #4663 ) ;
#1450 = VECTOR ( 'NONE', #2639, 1000.000000000000000 ) ;
#1451 = CARTESIAN_POINT ( 'NONE',  ( -14.24999999999999822, 4.250000000000000000, 2.250000000000000000 ) ) ;
#1452 = DIRECTION ( 'NONE',  ( 0.000000000000000000, 0.000000000000000000, -1.000000000000000000 ) ) ;
#1453 = CARTESIAN_POINT ( 'NONE',  ( -5.250000000000000000, -2.419911892563235245, 0.2999999999999999889 ) ) ;
#1454 = ORIENTED_EDGE ( 'NONE', *, *, #4785, .T. ) ;
#1455 = PLANE ( 'NONE',  #684 ) ;
#1456 = ADVANCED_FACE ( 'NONE', ( #5722 ), #3270, .F. ) ;
#1457 = DIRECTION ( 'NONE',  ( 0.000000000000000000, -1.000000000000000000, 0.000000000000000000 ) ) ;
#1458 = CIRCLE ( 'NONE', #2302, 0.04999999999999941297 ) ;
#1459 = ORIENTED_EDGE ( 'NONE', *, *, #2974, .F. ) ;
#1460 = CARTESIAN_POINT ( 'NONE',  ( -0.2499999999999985012, 1.750000000000000000, 0.8000000000000000444 ) ) ;
#1461 = VECTOR ( 'NONE', #1457, 1000.000000000000000 ) ;
#1462 = DIRECTION ( 'NONE',  ( 0.000000000000000000, 1.000000000000000000, 1.927470528863119788E-16 ) ) ;
#1463 = EDGE_CURVE ( 'NONE', #2362, #2028, #5192, .T. ) ;
#1464 = ORIENTED_EDGE ( 'NONE', *, *, #2725, .F. ) ;
#1465 = DIRECTION ( 'NONE',  ( -1.000000000000000000, 0.000000000000000000, 0.000000000000000000 ) ) ;
#1466 = VECTOR ( 'NONE', #1319, 1000.000000000000000 ) ;
#1467 = ORIENTED_EDGE ( 'NONE', *, *, #183, .T. ) ;
#1468 = CARTESIAN_POINT ( 'NONE',  ( 7.200000000000001954, 0.2000000000000000111, 2.250000000000000000 ) ) ;
#1469 = ORIENTED_EDGE ( 'NONE', *, *, #4190, .T. ) ;
#1470 = VERTEX_POINT ( 'NONE', #2487 ) ;
#1471 = CARTESIAN_POINT ( 'NONE',  ( -4.750000000000000000, -0.6751470842750398882, 0.7419349550499519941 ) ) ;
#1472 = EDGE_LOOP ( 'NONE', ( #4815, #810, #2123, #5212 ) ) ;
#1473 = LINE ( 'NONE', #6561, #1024 ) ;
#1474 = ADVANCED_FACE ( 'NONE', ( #6182 ), #3167, .F. ) ;
#1475 = CARTESIAN_POINT ( 'NONE',  ( -4.750000000000000000, -2.419911892563235245, 0.8000000000000000444 ) ) ;
#1476 = CARTESIAN_POINT ( 'NONE',  ( 13.22499999999999964, 1.750000000000000000, 2.250000000000000000 ) ) ;
#1477 = PLANE ( 'NONE',  #3245 ) ;
#1478 = EDGE_LOOP ( 'NONE', ( #6289, #1065, #994, #5358 ) ) ;
#1479 = LINE ( 'NONE', #533, #2728 ) ;
#1480 = EDGE_CURVE ( 'NONE', #5850, #1371, #2666, .T. ) ;
#1481 = EDGE_CURVE ( 'NONE', #1371, #4234, #4690, .T. ) ;
#1482 = CONTEXT_DEPENDENT_SHAPE_REPRESENTATION ( #2936, #4245 ) ;
#1483 = ORIENTED_EDGE ( 'NONE', *, *, #5585, .T. ) ;
#1484 = CARTESIAN_POINT ( 'NONE',  ( -4.799999999999998934, 0.2000000000000000111, -2.250000000000000000 ) ) ;
#1485 = CARTESIAN_POINT ( 'NONE',  ( 3.200000000000001510, 0.2000000000000000111, 2.250000000000000000 ) ) ;
#1486 = CARTESIAN_POINT ( 'NONE',  ( -4.750000000000000000, -0.9293581796195340416, 0.6148294073777059721 ) ) ;
#1487 = ORIENTED_EDGE ( 'NONE', *, *, #5923, .T. ) ;
#1488 = PRODUCT_DEFINITION ( 'UNKNOWN', '', #6465, #1561 ) ;
#1489 = DIRECTION ( 'NONE',  ( 0.000000000000000000, -1.000000000000000000, -1.198194479848324020E-16 ) ) ;
#1490 = FACE_OUTER_BOUND ( 'NONE', #6051, .T. ) ;
#1491 = LINE ( 'NONE', #6010, #5174 ) ;
#1492 = ORIENTED_EDGE ( 'NONE', *, *, #130, .F. ) ;
#1493 = CARTESIAN_POINT ( 'NONE',  ( -8.799999999999998934, 0.2000000000000000111, 0.8000000000000000444 ) ) ;
#1494 = DIRECTION ( 'NONE',  ( -1.000000000000000000, 0.000000000000000000, 0.000000000000000000 ) ) ;
#1495 = ORIENTED_EDGE ( 'NONE', *, *, #4154, .T. ) ;
#1496 = LINE ( 'NONE', #3527, #6562 ) ;
#1497 = VERTEX_POINT ( 'NONE', #4192 ) ;
#1498 = ADVANCED_FACE ( 'NONE', ( #4758 ), #1092, .F. ) ;
#1499 = DIRECTION ( 'NONE',  ( -1.000000000000000000, -1.414176746720219702E-16, 0.000000000000000000 ) ) ;
#1500 = EDGE_LOOP ( 'NONE', ( #2078, #4328, #6345, #5591 ) ) ;
#1501 = PLANE ( 'NONE',  #2506 ) ;
#1502 = ORIENTED_EDGE ( 'NONE', *, *, #4211, .T. ) ;
#1503 = LINE ( 'NONE', #3002, #689 ) ;
#1504 = CARTESIAN_POINT ( 'NONE',  ( -6.799999999999998934, 0.2000000000000000111, 0.2999999999999999889 ) ) ;
#1505 = CARTESIAN_POINT ( 'NONE',  ( -9.750000000000000000, 1.750000000000000000, 0.8000000000000000444 ) ) ;
#1506 = FACE_OUTER_BOUND ( 'NONE', #197, .T. ) ;
#1507 = EDGE_LOOP ( 'NONE', ( #4456, #3544, #1539, #2824 ) ) ;
#1508 = LINE ( 'NONE', #5535, #5909 ) ;
#1509 = AXIS2_PLACEMENT_3D ( 'NONE', #516, #4559, #4029 ) ;
#1510 = ORIENTED_EDGE ( 'NONE', *, *, #6437, .F. ) ;
#1511 = CARTESIAN_POINT ( 'NONE',  ( -10.79999999999999893, 0.2000000000000000111, -2.250000000000000000 ) ) ;
#1512 = EDGE_CURVE ( 'NONE', #3369, #3482, #1126, .T. ) ;
#1513 = CARTESIAN_POINT ( 'NONE',  ( -9.199999999999999289, -4.336808689942014778E-16, 2.250000000000000000 ) ) ;
#1514 = DIRECTION ( 'NONE',  ( -2.168404344971009608E-16, -0.4472135954999579277, 0.8944271909999158554 ) ) ;
#1515 = ORIENTED_EDGE ( 'NONE', *, *, #5250, .F. ) ;
#1516 = DIRECTION ( 'NONE',  ( 0.000000000000000000, 0.000000000000000000, 1.000000000000000000 ) ) ;
#1517 = ADVANCED_FACE ( 'NONE', ( #131 ), #5292, .F. ) ;
#1518 = PLANE ( 'NONE',  #292 ) ;
#1519 = CARTESIAN_POINT ( 'NONE',  ( -5.200000000000000178, -4.336808689942014778E-16, -2.250000000000000000 ) ) ;
#1520 = AXIS2_PLACEMENT_3D ( 'NONE', #3335, #5360, #5394 ) ;
#1521 = CIRCLE ( 'NONE', #129, 0.5499999999999999334 ) ;
#1522 = ORIENTED_EDGE ( 'NONE', *, *, #1976, .T. ) ;
#1523 = LINE ( 'NONE', #484, #5967 ) ;
#1524 = CARTESIAN_POINT ( 'NONE',  ( 1.750000000000001554, -3.399999999999999911, 0.8000000000000000444 ) ) ;
#1525 = VECTOR ( 'NONE', #6260, 1000.000000000000000 ) ;
#1526 = EDGE_LOOP ( 'NONE', ( #2722, #587, #2726, #1789, #6163, #5138, #1021, #102, #3188, #6296 ) ) ;
#1527 = DIRECTION ( 'NONE',  ( 1.000000000000000000, 0.000000000000000000, 0.000000000000000000 ) ) ;
#1528 = ORIENTED_EDGE ( 'NONE', *, *, #5495, .F. ) ;
#1529 = LINE ( 'NONE', #5088, #6191 ) ;
#1530 = VERTEX_POINT ( 'NONE', #653 ) ;
#1531 = DIRECTION ( 'NONE',  ( 1.000000000000000000, 0.000000000000000000, 0.000000000000000000 ) ) ;
#1532 = ORIENTED_EDGE ( 'NONE', *, *, #6038, .F. ) ;
#1533 = EDGE_CURVE ( 'NONE', #3426, #6461, #68, .T. ) ;
#1534 = VECTOR ( 'NONE', #2729, 1000.000000000000000 ) ;
#1535 = PLANE ( 'NONE',  #2351 ) ;
#1536 = VECTOR ( 'NONE', #4169, 1000.000000000000000 ) ;
#1537 = PLANE ( 'NONE',  #1314 ) ;
#1538 = CARTESIAN_POINT ( 'NONE',  ( 1.200000000000001510, -4.336808689942014778E-16, -2.250000000000000000 ) ) ;
#1539 = ORIENTED_EDGE ( 'NONE', *, *, #2445, .T. ) ;
#1540 = CARTESIAN_POINT ( 'NONE',  ( 14.79999999999999893, 0.2000000000000000111, -2.250000000000000000 ) ) ;
#1541 = CONTEXT_DEPENDENT_SHAPE_REPRESENTATION ( #5770, #4459 ) ;
#1542 = VECTOR ( 'NONE', #5224, 1000.000000000000000 ) ;
#1543 = ORIENTED_EDGE ( 'NONE', *, *, #1901, .F. ) ;
#1544 = LINE ( 'NONE', #3634, #3541 ) ;
#1545 = PLANE ( 'NONE',  #1806 ) ;
#1546 = VECTOR ( 'NONE', #6044, 1000.000000000000000 ) ;
#1547 = DIRECTION ( 'NONE',  ( -1.000000000000000000, 0.000000000000000000, 0.000000000000000000 ) ) ;
#1548 = ORIENTED_EDGE ( 'NONE', *, *, #529, .F. ) ;
#1549 = DIRECTION ( 'NONE',  ( -1.000000000000000000, 0.000000000000000000, 0.000000000000000000 ) ) ;
#1550 = DIRECTION ( 'NONE',  ( 0.000000000000000000, 0.000000000000000000, 1.000000000000000000 ) ) ;
#1551 = EDGE_CURVE ( 'NONE', #2086, #1470, #1731, .T. ) ;
#1552 = VECTOR ( 'NONE', #3542, 1000.000000000000114 ) ;
#1553 = VERTEX_POINT ( 'NONE', #4131 ) ;
#1554 = LINE ( 'NONE', #1493, #1828 ) ;
#1555 = FACE_OUTER_BOUND ( 'NONE', #4566, .T. ) ;
#1556 = AXIS2_PLACEMENT_3D ( 'NONE', #4718, #5684, #2157 ) ;
#1557 = ORIENTED_EDGE ( 'NONE', *, *, #5037, .F. ) ;
#1558 = DIRECTION ( 'NONE',  ( 0.000000000000000000, 1.000000000000000000, 2.036060417813154872E-16 ) ) ;
#1559 = ORIENTED_EDGE ( 'NONE', *, *, #4561, .F. ) ;
#1560 = VECTOR ( 'NONE', #2742, 1000.000000000000000 ) ;
#1561 = PRODUCT_DEFINITION_CONTEXT ( 'detailed design', #660, 'design' ) ;
#1562 = CARTESIAN_POINT ( 'NONE',  ( -15.29999999999999893, 5.750000000000000000, -1.850000000000000089 ) ) ;
#1563 = DIRECTION ( 'NONE',  ( 1.519869053105245017E-47, 0.000000000000000000, 1.000000000000000000 ) ) ;
#1564 = CARTESIAN_POINT ( 'NONE',  ( -9.750000000000000000, -3.399999999999999911, 0.8000000000000000444 ) ) ;
#1565 = EDGE_LOOP ( 'NONE', ( #4004, #5286, #1389, #235 ) ) ;
#1566 = DIRECTION ( 'NONE',  ( 0.000000000000000000, -1.000000000000000000, 0.000000000000000000 ) ) ;
#1567 = VECTOR ( 'NONE', #1819, 1000.000000000000000 ) ;
#1568 = EDGE_CURVE ( 'NONE', #1711, #6477, #167, .T. ) ;
#1569 = LINE ( 'NONE', #467, #458 ) ;
#1570 = LINE ( 'NONE', #4102, #4625 ) ;
#1571 = ORIENTED_EDGE ( 'NONE', *, *, #4926, .T. ) ;
#1572 = CARTESIAN_POINT ( 'NONE',  ( 15.94999999999999929, -4.336808689942014778E-16, 2.250000000000000000 ) ) ;
#1573 = CONTEXT_DEPENDENT_SHAPE_REPRESENTATION ( #2719, #6315 ) ;
#1574 = AXIS2_PLACEMENT_3D ( 'NONE', #1713, #3743, #1211 ) ;
#1575 = VERTEX_POINT ( 'NONE', #591 ) ;
#1576 = CARTESIAN_POINT ( 'NONE',  ( 10.79999999999999893, -4.336808689942014778E-16, 2.250000000000000000 ) ) ;
#1577 = DIRECTION ( 'NONE',  ( 0.000000000000000000, 0.000000000000000000, 1.000000000000000000 ) ) ;
#1578 = CARTESIAN_POINT ( 'NONE',  ( 2.800000000000000266, -4.336808689942014778E-16, -2.250000000000000000 ) ) ;
#1579 = ORIENTED_EDGE ( 'NONE', *, *, #817, .F. ) ;
#1580 = FACE_OUTER_BOUND ( 'NONE', #1526, .T. ) ;
#1581 = DIRECTION ( 'NONE',  ( 0.000000000000000000, -1.000000000000000000, 0.000000000000000000 ) ) ;
#1582 = EDGE_CURVE ( 'NONE', #3749, #2186, #3128, .T. ) ;
#1583 = ADVANCED_FACE ( 'NONE', ( #1162 ), #5160, .F. ) ;
#1584 = ORIENTED_EDGE ( 'NONE', *, *, #976, .T. ) ;
#1585 = LINE ( 'NONE', #5641, #18 ) ;
#1586 = DIRECTION ( 'NONE',  ( 0.000000000000000000, -1.000000000000000000, 0.000000000000000000 ) ) ;
#1587 = VERTEX_POINT ( 'NONE', #2737 ) ;
#1588 = PLANE ( 'NONE',  #6125 ) ;
#1589 = ADVANCED_FACE ( 'NONE', ( #98 ), #2125, .F. ) ;
#1590 = VECTOR ( 'NONE', #2107, 1000.000000000000000 ) ;
#1591 = EDGE_LOOP ( 'NONE', ( #977, #1752, #1353, #5583 ) ) ;
#1592 = DIRECTION ( 'NONE',  ( 0.000000000000000000, -4.336808689942020201E-16, 1.000000000000000000 ) ) ;
#1593 = CARTESIAN_POINT ( 'NONE',  ( -13.22499999999999964, 1.750000000000000000, -2.623757129271619970 ) ) ;
#1594 = EDGE_CURVE ( 'NONE', #4696, #1057, #1233, .T. ) ;
#1595 = DIRECTION ( 'NONE',  ( -1.000000000000000000, 0.000000000000000000, 0.000000000000000000 ) ) ;
#1596 = ORIENTED_EDGE ( 'NONE', *, *, #3349, .T. ) ;
#1597 = DIRECTION ( 'NONE',  ( -1.000000000000000000, 0.000000000000000000, 0.000000000000000000 ) ) ;
#1598 = CARTESIAN_POINT ( 'NONE',  ( 4.800000000000000711, 0.2000000000000000111, -2.250000000000000000 ) ) ;
#1599 = ORIENTED_EDGE ( 'NONE', *, *, #4419, .T. ) ;
#1600 = CARTESIAN_POINT ( 'NONE',  ( -2.249999999999998668, -3.399999999999999911, 0.8000000000000000444 ) ) ;
#1601 = ORIENTED_EDGE ( 'NONE', *, *, #3570, .T. ) ;
#1602 = CARTESIAN_POINT ( 'NONE',  ( 9.750000000000000000, 0.2000000000000000111, 0.8000000000000000444 ) ) ;
#1603 = EDGE_LOOP ( 'NONE', ( #4036, #5331, #6576, #5811 ) ) ;
#1604 = LINE ( 'NONE', #506, #5026 ) ;
#1605 = CARTESIAN_POINT ( 'NONE',  ( 12.25000000000000000, 1.750000000000000000, 0.2999999999999999889 ) ) ;
#1606 = DIRECTION ( 'NONE',  ( 0.000000000000000000, 1.000000000000000000, 0.000000000000000000 ) ) ;
#1607 = VERTEX_POINT ( 'NONE', #3928 ) ;
#1608 = VECTOR ( 'NONE', #5496, 1000.000000000000000 ) ;
#1609 = VECTOR ( 'NONE', #734, 1000.000000000000000 ) ;
#1610 = DIRECTION ( 'NONE',  ( 1.000000000000000000, 0.000000000000000000, 0.000000000000000000 ) ) ;
#1611 = DIRECTION ( 'NONE',  ( -6.982962677686266711E-15, 0.000000000000000000, -1.000000000000000000 ) ) ;
#1612 = EDGE_CURVE ( 'NONE', #1655, #2525, #4396, .T. ) ;
#1613 = EDGE_LOOP ( 'NONE', ( #2045, #2994, #2376, #5817 ) ) ;
#1614 = LINE ( 'NONE', #4651, #6400 ) ;
#1615 = DIRECTION ( 'NONE',  ( 1.000000000000000000, 0.000000000000000000, 0.000000000000000000 ) ) ;
#1616 = VERTEX_POINT ( 'NONE', #1396 ) ;
#1617 = DIRECTION ( 'NONE',  ( 2.168404344971010101E-16, -5.877471754111439729E-32, -1.000000000000000000 ) ) ;
#1618 = ADVANCED_FACE ( 'NONE', ( #792 ), #301, .T. ) ;
#1619 = ORIENTED_EDGE ( 'NONE', *, *, #1349, .F. ) ;
#1620 = UNCERTAINTY_MEASURE_WITH_UNIT (LENGTH_MEASURE( 1.000000000000000082E-05 ), #15, 'distance_accuracy_value', 'NONE');
#1621 = VECTOR ( 'NONE', #3240, 1000.000000000000000 ) ;
#1622 = DIRECTION ( 'NONE',  ( 0.000000000000000000, 0.000000000000000000, 1.000000000000000000 ) ) ;
#1623 = LINE ( 'NONE', #1593, #5497 ) ;
#1624 = CARTESIAN_POINT ( 'NONE',  ( 15.94999999999999929, 6.000000000000000000, 0.8800000000000000044 ) ) ;
#1625 = ORIENTED_EDGE ( 'NONE', *, *, #5639, .T. ) ;
#1626 = FACE_OUTER_BOUND ( 'NONE', #4083, .T. ) ;
#1627 = VECTOR ( 'NONE', #6290, 1000.000000000000000 ) ;
#1628 = EDGE_CURVE ( 'NONE', #5018, #5850, #6425, .T. ) ;
#1629 = CARTESIAN_POINT ( 'NONE',  ( -10.05000000000000071, 1.389999999999999902, 2.250000000000000000 ) ) ;
#1630 = VERTEX_POINT ( 'NONE', #1864 ) ;
#1631 = CARTESIAN_POINT ( 'NONE',  ( -10.05000000000000071, 0.8299999999999999600, 2.250000000000000000 ) ) ;
#1632 = ORIENTED_EDGE ( 'NONE', *, *, #545, .F. ) ;
#1633 = CARTESIAN_POINT ( 'NONE',  ( 15.29999999999999893, 1.750000000000000000, -1.850000000000000089 ) ) ;
#1634 = LINE ( 'NONE', #512, #286 ) ;
#1635 = VECTOR ( 'NONE', #5242, 1000.000000000000000 ) ;
#1636 = ORIENTED_EDGE ( 'NONE', *, *, #328, .F. ) ;
#1637 = VECTOR ( 'NONE', #159, 1000.000000000000000 ) ;
#1638 = CARTESIAN_POINT ( 'NONE',  ( 13.74999999999999822, 1.750000000000000000, 0.2999999999999999889 ) ) ;
#1639 = FACE_OUTER_BOUND ( 'NONE', #1613, .T. ) ;
#1640 = DIRECTION ( 'NONE',  ( 3.504579431022969726E-32, 1.000000000000000000, 2.478176394252580155E-16 ) ) ;
#1641 = VERTEX_POINT ( 'NONE', #3897 ) ;
#1642 = DIRECTION ( 'NONE',  ( 0.000000000000000000, 0.000000000000000000, 1.000000000000000000 ) ) ;
#1643 = AXIS2_PLACEMENT_3D ( 'NONE', #3636, #2171, #5664 ) ;
#1644 = DIRECTION ( 'NONE',  ( -6.982962677686266711E-15, 0.000000000000000000, -1.000000000000000000 ) ) ;
#1645 = ORIENTED_EDGE ( 'NONE', *, *, #5781, .T. ) ;
#1646 = VECTOR ( 'NONE', #5031, 1000.000000000000000 ) ;
#1647 = LINE ( 'NONE', #3679, #2686 ) ;
#1648 = ADVANCED_FACE ( 'NONE', ( #2330 ), #6392, .F. ) ;
#1649 = DIRECTION ( 'NONE',  ( 0.000000000000000000, 0.000000000000000000, 1.000000000000000000 ) ) ;
#1650 = VERTEX_POINT ( 'NONE', #5918 ) ;
#1651 = ORIENTED_EDGE ( 'NONE', *, *, #712, .F. ) ;
#1652 = LINE ( 'NONE', #87, #5278 ) ;
#1653 = VECTOR ( 'NONE', #4051, 1000.000000000000000 ) ;
#1654 = VECTOR ( 'NONE', #4147, 1000.000000000000000 ) ;
#1655 = VERTEX_POINT ( 'NONE', #1767 ) ;
#1656 = CARTESIAN_POINT ( 'NONE',  ( -4.750000000000000000, -2.347221846513170451, 0.7951753453754479839 ) ) ;
#1657 = AXIS2_PLACEMENT_3D ( 'NONE', #4761, #203, #4164 ) ;
#1658 = DIRECTION ( 'NONE',  ( -1.000000000000000000, 3.504579431022969726E-32, 1.519869053105245017E-47 ) ) ;
#1659 = DIRECTION ( 'NONE',  ( -1.000000000000000000, 0.000000000000000000, 0.000000000000000000 ) ) ;
#1660 = ADVANCED_FACE ( 'NONE', ( #4819 ), #3862, .F. ) ;
#1661 = CARTESIAN_POINT ( 'NONE',  ( 14.24999999999999822, 0.2000000000000000111, 0.2999999999999999889 ) ) ;
#1662 = ORIENTED_EDGE ( 'NONE', *, *, #234, .F. ) ;
#1663 = CARTESIAN_POINT ( 'NONE',  ( -12.79999999999999893, 0.2000000000000000111, 0.2999999999999999889 ) ) ;
#1664 = CIRCLE ( 'NONE', #2413, 0.5000000000000000000 ) ;
#1665 = VECTOR ( 'NONE', #5391, 1000.000000000000000 ) ;
#1666 = EDGE_LOOP ( 'NONE', ( #6413, #3458, #4127, #501 ) ) ;
#1667 = DIRECTION ( 'NONE',  ( -1.000000000000000000, 0.000000000000000000, 0.000000000000000000 ) ) ;
#1668 = VECTOR ( 'NONE', #6313, 1000.000000000000000 ) ;
#1669 = DIRECTION ( 'NONE',  ( 1.000000000000000000, 9.697399036122158767E-17, -1.939479807224434958E-16 ) ) ;
#1670 = ORIENTED_EDGE ( 'NONE', *, *, #5357, .F. ) ;
#1671 = LINE ( 'NONE', #5691, #910 ) ;
#1672 = LINE ( 'NONE', #5693, #4747 ) ;
#1673 = COLOUR_RGB ( '',1.000000000000000000, 1.000000000000000000, 1.000000000000000000 ) ;
#1674 = VERTEX_POINT ( 'NONE', #1334 ) ;
#1675 = CARTESIAN_POINT ( 'NONE',  ( -8.249999999999998224, -3.399999999999999911, 0.2999999999999999889 ) ) ;
#1676 = FACE_BOUND ( 'NONE', #181, .T. ) ;
#1677 = PLANE ( 'NONE',  #1643 ) ;
#1678 = EDGE_CURVE ( 'NONE', #4365, #6513, #3368, .T. ) ;
#1679 = EDGE_LOOP ( 'NONE', ( #2916, #1127, #1112, #113 ) ) ;
#1680 = PLANE ( 'NONE',  #4417 ) ;
#1681 = CARTESIAN_POINT ( 'NONE',  ( -0.9999999999999956701, -2.168404344970917409E-16, 1.099999999999947464 ) ) ;
#1682 = ORIENTED_EDGE ( 'NONE', *, *, #5104, .T. ) ;
#1683 = CARTESIAN_POINT ( 'NONE',  ( 12.25000000000000000, 1.750000000000000000, 0.2999999999999999889 ) ) ;
#1684 = LINE ( 'NONE', #3680, #1654 ) ;
#1685 = ORIENTED_EDGE ( 'NONE', *, *, #5327, .F. ) ;
#1686 = ORIENTED_EDGE ( 'NONE', *, *, #6238, .T. ) ;
#1687 = CARTESIAN_POINT ( 'NONE',  ( 5.750000000000003553, -3.399999999999999911, 0.2999999999999999889 ) ) ;
#1688 = EDGE_CURVE ( 'NONE', #3239, #4418, #1264, .T. ) ;
#1689 = ORIENTED_EDGE ( 'NONE', *, *, #5955, .T. ) ;
#1690 = PLANE ( 'NONE',  #4898 ) ;
#1691 = DIRECTION ( 'NONE',  ( 1.000000000000000000, 2.522858432348305322E-32, 0.000000000000000000 ) ) ;
#1692 = CARTESIAN_POINT ( 'NONE',  ( 9.199999999999999289, -4.336808689942014778E-16, -2.250000000000000000 ) ) ;
#1693 = PLANE ( 'NONE',  #2291 ) ;
#1694 = VERTEX_POINT ( 'NONE', #1801 ) ;
#1695 = DIRECTION ( 'NONE',  ( 0.000000000000000000, 0.000000000000000000, -1.000000000000000000 ) ) ;
#1696 = EDGE_CURVE ( 'NONE', #1883, #3749, #5328, .T. ) ;
#1697 = ORIENTED_EDGE ( 'NONE', *, *, #2464, .T. ) ;
#1698 = ADVANCED_FACE ( 'NONE', ( #756 ), #5949, .F. ) ;
#1699 = DIRECTION ( 'NONE',  ( 0.000000000000000000, 1.000000000000000000, 0.000000000000000000 ) ) ;
#1700 = VERTEX_POINT ( 'NONE', #358 ) ;
#1701 = DIRECTION ( 'NONE',  ( -3.504579431022969726E-32, -1.000000000000000000, 0.000000000000000000 ) ) ;
#1702 = VERTEX_POINT ( 'NONE', #5853 ) ;
#1703 = CARTESIAN_POINT ( 'NONE',  ( 15.29999999999999893, 4.500000000000000000, -0.1200000000000000094 ) ) ;
#1704 = ADVANCED_FACE ( 'NONE', ( #1298, #3430 ), #4428, .F. ) ;
#1705 = LINE ( 'NONE', #2705, #4552 ) ;
#1706 = EDGE_CURVE ( 'NONE', #5456, #3249, #827, .T. ) ;
#1707 = EDGE_LOOP ( 'NONE', ( #442, #346, #5305, #5004 ) ) ;
#1708 = CARTESIAN_POINT ( 'NONE',  ( 4.250000000000000000, 1.750000000000000000, 0.2999999999999999889 ) ) ;
#1709 = DIRECTION ( 'NONE',  ( -1.000000000000000000, 0.000000000000000000, 0.000000000000000000 ) ) ;
#1710 = CARTESIAN_POINT ( 'NONE',  ( -4.859191070279860192, 5.000000000000000000, 0.4091910702798595145 ) ) ;
#1711 = VERTEX_POINT ( 'NONE', #2896 ) ;
#1712 = CARTESIAN_POINT ( 'NONE',  ( -8.249999999999998224, 1.750000000000000000, 0.2999999999999999889 ) ) ;
#1713 = CARTESIAN_POINT ( 'NONE',  ( -2.999999999999995559, -2.168404344970917409E-16, 1.099999999999947464 ) ) ;
#1714 = ADVANCED_FACE ( 'NONE', ( #228 ), #2359, .F. ) ;
#1715 = ORIENTED_EDGE ( 'NONE', *, *, #3314, .F. ) ;
#1716 = LINE ( 'NONE', #5275, #2151 ) ;
#1717 = FACE_OUTER_BOUND ( 'NONE', #199, .T. ) ;
#1718 = ORIENTED_EDGE ( 'NONE', *, *, #3543, .T. ) ;
#1719 = ORIENTED_EDGE ( 'NONE', *, *, #6049, .T. ) ;
#1720 = CARTESIAN_POINT ( 'NONE',  ( 15.54999999999999893, 6.000000000000000000, 0.8800000000000000044 ) ) ;
#1721 = EDGE_LOOP ( 'NONE', ( #3726, #4453, #1209, #6303 ) ) ;
#1722 = DIRECTION ( 'NONE',  ( 0.000000000000000000, 0.000000000000000000, 1.000000000000000000 ) ) ;
#1723 = CARTESIAN_POINT ( 'NONE',  ( -6.249999999999998224, -3.399999999999999911, 0.2999999999999999889 ) ) ;
#1724 = LINE ( 'NONE', #1796, #4530 ) ;
#1725 = CARTESIAN_POINT ( 'NONE',  ( -10.05000000000000071, 4.500000000000000000, -0.1200000000000000094 ) ) ;
#1726 = ORIENTED_EDGE ( 'NONE', *, *, #5816, .T. ) ;
#1727 = CARTESIAN_POINT ( 'NONE',  ( -2.799999999999998490, -4.336808689942014778E-16, -2.250000000000000000 ) ) ;
#1728 = VECTOR ( 'NONE', #3964, 1000.000000000000000 ) ;
#1729 = EDGE_LOOP ( 'NONE', ( #3230, #1213, #651, #5619 ) ) ;
#1730 = VECTOR ( 'NONE', #4838, 1000.000000000000000 ) ;
#1731 = LINE ( 'NONE', #4723, #4078 ) ;
#1732 = EDGE_CURVE ( 'NONE', #5246, #6377, #889, .T. ) ;
#1733 = VERTEX_POINT ( 'NONE', #5621 ) ;
#1734 = FACE_OUTER_BOUND ( 'NONE', #1429, .T. ) ;
#1735 = VERTEX_POINT ( 'NONE', #4565 ) ;
#1736 = LINE ( 'NONE', #3766, #1019 ) ;
#1737 = VECTOR ( 'NONE', #6147, 1000.000000000000000 ) ;
#1738 = ORIENTED_EDGE ( 'NONE', *, *, #1159, .F. ) ;
#1739 = DIRECTION ( 'NONE',  ( -1.000000000000000000, 0.000000000000000000, 0.000000000000000000 ) ) ;
#1740 = CARTESIAN_POINT ( 'NONE',  ( -4.750000000000000000, -0.4291796067500634471, 0.2500000000000000000 ) ) ;
#1741 = LINE ( 'NONE', #1376, #5676 ) ;
#1742 = EDGE_CURVE ( 'NONE', #4557, #2030, #4491, .T. ) ;
#1743 = ORIENTED_EDGE ( 'NONE', *, *, #5595, .F. ) ;
#1744 = DIRECTION ( 'NONE',  ( 0.000000000000000000, 0.000000000000000000, 1.000000000000000000 ) ) ;
#1745 = PRODUCT_DEFINITION_SHAPE ( 'NONE', 'NONE',  #6594 ) ;
#1746 = EDGE_LOOP ( 'NONE', ( #2935, #3809, #6532, #6223 ) ) ;
#1747 = FACE_OUTER_BOUND ( 'NONE', #4301, .T. ) ;
#1748 = VECTOR ( 'NONE', #2986, 1000.000000000000000 ) ;
#1749 = LINE ( 'NONE', #2754, #2613 ) ;
#1750 = ORIENTED_EDGE ( 'NONE', *, *, #5436, .T. ) ;
#1751 = EDGE_CURVE ( 'NONE', #1470, #6285, #6489, .T. ) ;
#1752 = ORIENTED_EDGE ( 'NONE', *, *, #4529, .F. ) ;
#1753 = CARTESIAN_POINT ( 'NONE',  ( -1.199999999999999734, 0.2000000000000000111, 2.250000000000000000 ) ) ;
#1754 = VECTOR ( 'NONE', #6091, 1000.000000000000000 ) ;
#1755 = ORIENTED_EDGE ( 'NONE', *, *, #4529, .T. ) ;
#1756 = LINE ( 'NONE', #5743, #3734 ) ;
#1757 = LINE ( 'NONE', #5353, #3989 ) ;
#1758 = DIRECTION ( 'NONE',  ( 0.000000000000000000, 1.000000000000000000, 0.000000000000000000 ) ) ;
#1759 = ADVANCED_FACE ( 'NONE', ( #4035, #6522 ), #1432, .F. ) ;
#1760 = VECTOR ( 'NONE', #3391, 1000.000000000000000 ) ;
#1761 = EDGE_CURVE ( 'NONE', #2028, #3499, #6024, .T. ) ;
#1762 = AXIS2_PLACEMENT_3D ( 'NONE', #1524, #3588, #4560 ) ;
#1763 = ORIENTED_EDGE ( 'NONE', *, *, #233, .T. ) ;
#1764 = CARTESIAN_POINT ( 'NONE',  ( 15.94999999999999929, 6.000000000000000000, -2.250000000000000000 ) ) ;
#1765 = ORIENTED_EDGE ( 'NONE', *, *, #4805, .F. ) ;
#1766 = VECTOR ( 'NONE', #1346, 1000.000000000000000 ) ;
#1767 = CARTESIAN_POINT ( 'NONE',  ( 14.24999999999999822, 2.250000000000000000, 1.649999999999999911 ) ) ;
#1768 = ORIENTED_EDGE ( 'NONE', *, *, #1568, .F. ) ;
#1769 = DIRECTION ( 'NONE',  ( -1.000000000000000000, 0.000000000000000000, 0.000000000000000000 ) ) ;
#1770 = ORIENTED_EDGE ( 'NONE', *, *, #1388, .T. ) ;
#1771 = DIRECTION ( 'NONE',  ( 0.000000000000000000, 1.000000000000000000, 1.927470528863119788E-16 ) ) ;
#1772 = VECTOR ( 'NONE', #4457, 1000.000000000000000 ) ;
#1773 = EDGE_CURVE ( 'NONE', #624, #427, #6084, .T. ) ;
#1774 = EDGE_CURVE ( 'NONE', #3682, #954, #3503, .T. ) ;
#1775 = CARTESIAN_POINT ( 'NONE',  ( 1.200000000000001510, 0.2000000000000000111, 0.2999999999999999889 ) ) ;
#1776 = VECTOR ( 'NONE', #1220, 1000.000000000000000 ) ;
#1777 = CARTESIAN_POINT ( 'NONE',  ( 12.80000000000000071, 0.2000000000000000111, 2.250000000000000000 ) ) ;
#1778 = DIRECTION ( 'NONE',  ( -1.414176746720221921E-16, 2.036060417813154872E-16, -1.000000000000000000 ) ) ;
#1779 = DIRECTION ( 'NONE',  ( 0.000000000000000000, 0.000000000000000000, -1.000000000000000000 ) ) ;
#1780 = ORIENTED_EDGE ( 'NONE', *, *, #3462, .F. ) ;
#1781 = CARTESIAN_POINT ( 'NONE',  ( 15.19999999999999751, 4.250000000000000000, 2.250000000000000000 ) ) ;
#1782 = DIRECTION ( 'NONE',  ( -6.982962677686266711E-15, 0.000000000000000000, -1.000000000000000000 ) ) ;
#1783 = VECTOR ( 'NONE', #2347, 1000.000000000000000 ) ;
#1784 = EDGE_CURVE ( 'NONE', #4054, #2653, #3530, .T. ) ;
#1785 = VERTEX_POINT ( 'NONE', #2027 ) ;
#1786 = DIRECTION ( 'NONE',  ( 0.000000000000000000, 0.000000000000000000, -1.000000000000000000 ) ) ;
#1787 = AXIS2_PLACEMENT_3D ( 'NONE', #1910, #5962, #3910 ) ;
#1788 = CARTESIAN_POINT ( 'NONE',  ( -5.250000000000000000, -2.419911892563235245, 0.8000000000000160316 ) ) ;
#1789 = ORIENTED_EDGE ( 'NONE', *, *, #2237, .T. ) ;
#1790 = EDGE_LOOP ( 'NONE', ( #1141, #4855, #5973, #2300 ) ) ;
#1791 = EDGE_CURVE ( 'NONE', #6227, #5246, #1025, .T. ) ;
#1792 = CARTESIAN_POINT ( 'NONE',  ( -13.22499999999999964, 1.750000000000000000, 1.649999999999999911 ) ) ;
#1793 = VERTEX_POINT ( 'NONE', #524 ) ;
#1794 = CARTESIAN_POINT ( 'NONE',  ( 12.25000000000000000, 0.2000000000000000111, -2.250000000000000000 ) ) ;
#1795 = DIRECTION ( 'NONE',  ( 0.7071067811865495711, 0.7071067811865455743, 0.000000000000000000 ) ) ;
#1796 = CARTESIAN_POINT ( 'NONE',  ( 9.199999999999999289, 0.2000000000000000111, -2.250000000000000000 ) ) ;
#1797 = EDGE_LOOP ( 'NONE', ( #2604, #1930, #5875, #4474 ) ) ;
#1798 = FACE_OUTER_BOUND ( 'NONE', #4370, .T. ) ;
#1799 = ORIENTED_EDGE ( 'NONE', *, *, #638, .F. ) ;
#1800 = EDGE_CURVE ( 'NONE', #3398, #2614, #1529, .T. ) ;
#1801 = CARTESIAN_POINT ( 'NONE',  ( -3.750000000000000000, 0.2000000000000000111, 0.8000000000000000444 ) ) ;
#1802 = ORIENTED_EDGE ( 'NONE', *, *, #3054, .T. ) ;
#1803 = CARTESIAN_POINT ( 'NONE',  ( -15.94999999999999929, 6.000000000000000000, -2.250000000000000000 ) ) ;
#1804 = ORIENTED_EDGE ( 'NONE', *, *, #2230, .T. ) ;
#1805 = CARTESIAN_POINT ( 'NONE',  ( 3.950000000000000178, -4.336808689942014778E-16, 2.250000000000000000 ) ) ;
#1806 = AXIS2_PLACEMENT_3D ( 'NONE', #4547, #5169, #3516 ) ;
#1807 = VERTEX_POINT ( 'NONE', #991 ) ;
#1808 = CARTESIAN_POINT ( 'NONE',  ( -6.799999999999998934, 0.2000000000000000111, -2.250000000000000000 ) ) ;
#1809 = DIRECTION ( 'NONE',  ( 1.000000000000000000, 0.000000000000000000, -1.414176746720221921E-16 ) ) ;
#1810 = FACE_OUTER_BOUND ( 'NONE', #4270, .T. ) ;
#1811 = VERTEX_POINT ( 'NONE', #3468 ) ;
#1812 = DIRECTION ( 'NONE',  ( 0.000000000000000000, -2.478176394252580155E-16, 1.000000000000000000 ) ) ;
#1813 = DIRECTION ( 'NONE',  ( 0.000000000000000000, 0.000000000000000000, 1.000000000000000000 ) ) ;
#1814 = ORIENTED_EDGE ( 'NONE', *, *, #2203, .T. ) ;
#1815 = LINE ( 'NONE', #5966, #550 ) ;
#1816 = FACE_OUTER_BOUND ( 'NONE', #4471, .T. ) ;
#1817 = EDGE_LOOP ( 'NONE', ( #570, #1923, #229, #5105 ) ) ;
#1818 = EDGE_CURVE ( 'NONE', #5204, #2263, #958, .T. ) ;
#1819 = DIRECTION ( 'NONE',  ( 0.000000000000000000, 0.000000000000000000, 1.000000000000000000 ) ) ;
#1820 = ORIENTED_EDGE ( 'NONE', *, *, #3945, .T. ) ;
#1821 = DIRECTION ( 'NONE',  ( 1.000000000000000000, -5.957641974055180061E-16, 0.000000000000000000 ) ) ;
#1822 = VERTEX_POINT ( 'NONE', #4528 ) ;
#1823 = VECTOR ( 'NONE', #2759, 1000.000000000000000 ) ;
#1824 = LINE ( 'NONE', #4985, #1185 ) ;
#1825 = LINE ( 'NONE', #5006, #1961 ) ;
#1826 = FACE_OUTER_BOUND ( 'NONE', #2891, .T. ) ;
#1827 = ORIENTED_EDGE ( 'NONE', *, *, #5790, .T. ) ;
#1828 = VECTOR ( 'NONE', #52, 1000.000000000000000 ) ;
#1829 = LINE ( 'NONE', #752, #3375 ) ;
#1830 = EDGE_LOOP ( 'NONE', ( #549, #2342, #2549, #2360 ) ) ;
#1831 = VECTOR ( 'NONE', #6371, 1000.000000000000000 ) ;
#1832 = DIRECTION ( 'NONE',  ( 0.000000000000000000, -2.478176394252580155E-16, 1.000000000000000000 ) ) ;
#1833 = ORIENTED_EDGE ( 'NONE', *, *, #5022, .F. ) ;
#1834 = DIRECTION ( 'NONE',  ( 1.000000000000000000, 0.000000000000000000, 0.000000000000000000 ) ) ;
#1835 = ORIENTED_EDGE ( 'NONE', *, *, #5070, .F. ) ;
#1836 = DIRECTION ( 'NONE',  ( 1.000000000000000000, 0.000000000000000000, -2.168404344971010101E-16 ) ) ;
#1837 = EDGE_CURVE ( 'NONE', #1954, #3170, #4592, .T. ) ;
#1838 = VECTOR ( 'NONE', #3487, 1000.000000000000000 ) ;
#1839 = ORIENTED_EDGE ( 'NONE', *, *, #5495, .T. ) ;
#1840 = LINE ( 'NONE', #1341, #4704 ) ;
#1841 = DIRECTION ( 'NONE',  ( 0.000000000000000000, 0.4472135954999579832, -0.8944271909999159664 ) ) ;
#1842 = LINE ( 'NONE', #6436, #6001 ) ;
#1843 = ORIENTED_EDGE ( 'NONE', *, *, #6363, .F. ) ;
#1844 = LINE ( 'NONE', #5931, #1766 ) ;
#1845 = EDGE_LOOP ( 'NONE', ( #4151, #2953, #3288, #1799 ) ) ;
#1846 = DIRECTION ( 'NONE',  ( 0.000000000000000000, 0.000000000000000000, 1.000000000000000000 ) ) ;
#1847 = VERTEX_POINT ( 'NONE', #1999 ) ;
#1848 = DIRECTION ( 'NONE',  ( 0.000000000000000000, 0.000000000000000000, 1.000000000000000000 ) ) ;
#1849 = CARTESIAN_POINT ( 'NONE',  ( 11.20000000000000107, 0.2000000000000000111, 0.8000000000000000444 ) ) ;
#1850 = DIRECTION ( 'NONE',  ( 0.000000000000000000, 1.000000000000000000, 2.036060417813154872E-16 ) ) ;
#1851 = VECTOR ( 'NONE', #1154, 1000.000000000000000 ) ;
#1852 = ORIENTED_EDGE ( 'NONE', *, *, #2285, .F. ) ;
#1853 = ADVANCED_FACE ( 'NONE', ( #2534 ), #2431, .F. ) ;
#1854 = ADVANCED_FACE ( 'NONE', ( #4094 ), #6054, .F. ) ;
#1855 = VECTOR ( 'NONE', #3318, 1000.000000000000000 ) ;
#1856 = DIRECTION ( 'NONE',  ( 9.999739674022022826E-17, -0.7071067811865464625, 0.7071067811865485719 ) ) ;
#1857 = PLANE ( 'NONE',  #5043 ) ;
#1858 = VERTEX_POINT ( 'NONE', #491 ) ;
#1859 = DIRECTION ( 'NONE',  ( 0.000000000000000000, 0.000000000000000000, 1.000000000000000000 ) ) ;
#1860 = VECTOR ( 'NONE', #4999, 1000.000000000000000 ) ;
#1861 = ORIENTED_EDGE ( 'NONE', *, *, #3456, .F. ) ;
#1862 = EDGE_CURVE ( 'NONE', #1299, #3001, #929, .T. ) ;
#1863 = AXIS2_PLACEMENT_3D ( 'NONE', #419, #5476, #3227 ) ;
#1864 = CARTESIAN_POINT ( 'NONE',  ( 6.800000000000002487, 0.2000000000000000111, 2.250000000000000000 ) ) ;
#1865 = ORIENTED_EDGE ( 'NONE', *, *, #1988, .T. ) ;
#1866 = EDGE_CURVE ( 'NONE', #240, #1470, #2058, .T. ) ;
#1867 = CARTESIAN_POINT ( 'NONE',  ( 13.19999999999999929, 0.2000000000000000111, 2.250000000000000000 ) ) ;
#1868 = ORIENTED_EDGE ( 'NONE', *, *, #5419, .T. ) ;
#1869 = CARTESIAN_POINT ( 'NONE',  ( 14.24999999999999822, 2.250000000000000000, 2.250000000000000000 ) ) ;
#1870 = VECTOR ( 'NONE', #586, 1000.000000000000000 ) ;
#1871 = EDGE_LOOP ( 'NONE', ( #1522, #186, #5528, #1413 ) ) ;
#1872 = DIRECTION ( 'NONE',  ( 0.000000000000000000, -1.734723475977539788E-14, 1.000000000000000000 ) ) ;
#1873 = DIRECTION ( 'NONE',  ( -1.000000000000000000, 0.000000000000000000, 0.000000000000000000 ) ) ;
#1874 = AXIS2_PLACEMENT_3D ( 'NONE', #2310, #4346, #3313 ) ;
#1875 = DIRECTION ( 'NONE',  ( 0.000000000000000000, 1.000000000000000000, 0.000000000000000000 ) ) ;
#1876 = EDGE_LOOP ( 'NONE', ( #795, #6183, #6572, #1426 ) ) ;
#1877 = CARTESIAN_POINT ( 'NONE',  ( -1.199999999999999734, -4.336808689942014778E-16, -2.250000000000000000 ) ) ;
#1878 = ITEM_DEFINED_TRANSFORMATION ( 'NONE', 'NONE', #1037,  #819 ) ;
#1879 = AXIS2_PLACEMENT_3D ( 'NONE', #4995, #4963, #5493 ) ;
#1880 = VERTEX_POINT ( 'NONE', #397 ) ;
#1881 = EDGE_CURVE ( 'NONE', #1193, #1285, #430, .T. ) ;
#1882 = LINE ( 'NONE', #5904, #3459 ) ;
#1883 = VERTEX_POINT ( 'NONE', #2190 ) ;
#1884 = CARTESIAN_POINT ( 'NONE',  ( -5.140808929720139808, 5.000000000000000000, 0.4091910702798600141 ) ) ;
#1885 = VECTOR ( 'NONE', #1558, 1000.000000000000000 ) ;
#1886 = FACE_OUTER_BOUND ( 'NONE', #1729, .T. ) ;
#1887 = CARTESIAN_POINT ( 'NONE',  ( -5.250000000000000000, -0.9293581796195340416, 0.6148294073777059721 ) ) ;
#1888 = EDGE_LOOP ( 'NONE', ( #1198, #12, #1492, #3784 ) ) ;
#1889 = DIRECTION ( 'NONE',  ( 0.000000000000000000, -1.000000000000000000, 0.000000000000000000 ) ) ;
#1890 = CARTESIAN_POINT ( 'NONE',  ( -15.29999999999999893, 5.750000000000000000, 1.649999999999999911 ) ) ;
#1891 = ORIENTED_EDGE ( 'NONE', *, *, #6314, .F. ) ;
#1892 = CYLINDRICAL_SURFACE ( 'NONE', #6122, 0.5000000000000000000 ) ;
#1893 = AXIS2_PLACEMENT_3D ( 'NONE', #5866, #3413, #377 ) ;
#1894 = ORIENTED_EDGE ( 'NONE', *, *, #5985, .T. ) ;
#1895 = DIRECTION ( 'NONE',  ( 0.000000000000000000, 0.000000000000000000, 1.000000000000000000 ) ) ;
#1896 = EDGE_LOOP ( 'NONE', ( #2587, #3599, #2149, #4887 ) ) ;
#1897 = DIRECTION ( 'NONE',  ( 1.000000000000000000, 0.000000000000000000, 0.000000000000000000 ) ) ;
#1898 = ORIENTED_EDGE ( 'NONE', *, *, #2940, .F. ) ;
#1899 = CARTESIAN_POINT ( 'NONE',  ( -10.24999999999999822, -3.399999999999999911, 0.2999999999999999889 ) ) ;
#1900 = EDGE_CURVE ( 'NONE', #5385, #1587, #4658, .T. ) ;
#1901 = EDGE_CURVE ( 'NONE', #4331, #3878, #5186, .T. ) ;
#1902 = CARTESIAN_POINT ( 'NONE',  ( -3.199999999999999734, 0.2000000000000000111, -2.250000000000000000 ) ) ;
#1903 = DIRECTION ( 'NONE',  ( -1.519869053105245017E-47, 0.000000000000000000, -1.000000000000000000 ) ) ;
#1904 = DIRECTION ( 'NONE',  ( -1.000000000000000000, 0.000000000000000000, 0.000000000000000000 ) ) ;
#1905 = DIRECTION ( 'NONE',  ( 1.000000000000000000, 0.000000000000000000, 0.000000000000000000 ) ) ;
#1906 = EDGE_CURVE ( 'NONE', #3494, #1650, #4184, .T. ) ;
#1907 = CARTESIAN_POINT ( 'NONE',  ( -1.199999999999999734, 0.2000000000000000111, -2.250000000000000000 ) ) ;
#1908 = ORIENTED_EDGE ( 'NONE', *, *, #3694, .F. ) ;
#1909 = FACE_OUTER_BOUND ( 'NONE', #931, .T. ) ;
#1910 = CARTESIAN_POINT ( 'NONE',  ( -12.99999999999999645, -2.168404344970917409E-16, 1.099999999999947464 ) ) ;
#1911 = EDGE_CURVE ( 'NONE', #469, #5750, #191, .T. ) ;
#1912 =( REPRESENTATION_RELATIONSHIP ('NONE','NONE', #6187, #2070 ) REPRESENTATION_RELATIONSHIP_WITH_TRANSFORMATION ( #1002 )SHAPE_REPRESENTATION_RELATIONSHIP( ) );
#1913 = ORIENTED_EDGE ( 'NONE', *, *, #3732, .T. ) ;
#1914 = CARTESIAN_POINT ( 'NONE',  ( -6.249999999999998224, 1.750000000000000000, 0.2999999999999999889 ) ) ;
#1915 = ORIENTED_EDGE ( 'NONE', *, *, #2567, .F. ) ;
#1916 = LINE ( 'NONE', #3949, #2831 ) ;
#1917 = PLANE ( 'NONE',  #597 ) ;
#1918 = DIRECTION ( 'NONE',  ( -0.5773502691896267303, -0.5773502691896238437, 0.5773502691896267303 ) ) ;
#1919 = EDGE_CURVE ( 'NONE', #3041, #6248, #5248, .T. ) ;
#1920 = ORIENTED_EDGE ( 'NONE', *, *, #6062, .T. ) ;
#1921 = DIRECTION ( 'NONE',  ( 3.504579431022969726E-32, 1.000000000000000000, 2.478176394252580155E-16 ) ) ;
#1922 = DIRECTION ( 'NONE',  ( 0.000000000000000000, 0.000000000000000000, -1.000000000000000000 ) ) ;
#1923 = ORIENTED_EDGE ( 'NONE', *, *, #3952, .T. ) ;
#1924 = DIRECTION ( 'NONE',  ( -4.336808689942020201E-16, -1.000000000000000000, -2.036060417813154872E-16 ) ) ;
#1925 = EDGE_CURVE ( 'NONE', #4123, #6109, #5744, .T. ) ;
#1926 = ORIENTED_EDGE ( 'NONE', *, *, #3122, .F. ) ;
#1927 = CARTESIAN_POINT ( 'NONE',  ( 15.54999999999999893, 6.000000000000000000, -2.250000000000000000 ) ) ;
#1928 = EDGE_LOOP ( 'NONE', ( #4645, #2624, #5644, #1483 ) ) ;
#1929 = DIRECTION ( 'NONE',  ( -2.168404344971010594E-16, -0.4472135954999611474, 0.8944271909999143011 ) ) ;
#1930 = ORIENTED_EDGE ( 'NONE', *, *, #553, .F. ) ;
#1931 = CARTESIAN_POINT ( 'NONE',  ( -4.816337699977490061, 4.882261332746709925, 0.3663376999774875520 ) ) ;
#1932 = CARTESIAN_POINT ( 'NONE',  ( -5.200000000000000178, -4.336808689942014778E-16, 2.250000000000000000 ) ) ;
#1933 = EDGE_CURVE ( 'NONE', #219, #1049, #6217, .T. ) ;
#1934 = DIRECTION ( 'NONE',  ( 1.000000000000000000, 0.000000000000000000, 0.000000000000000000 ) ) ;
#1935 = LINE ( 'NONE', #2563, #73 ) ;
#1936 = DIRECTION ( 'NONE',  ( -1.000000000000000000, 0.000000000000000000, 0.000000000000000000 ) ) ;
#1937 = ORIENTED_EDGE ( 'NONE', *, *, #5454, .T. ) ;
#1938 = CARTESIAN_POINT ( 'NONE',  ( -5.250000000000000000, -0.9583270453990839766, 0.6099893718935700537 ) ) ;
#1939 = ORIENTED_EDGE ( 'NONE', *, *, #1079, .F. ) ;
#1940 = VECTOR ( 'NONE', #473, 1000.000000000000000 ) ;
#1941 = FACE_OUTER_BOUND ( 'NONE', #304, .T. ) ;
#1942 = LINE ( 'NONE', #1981, #463 ) ;
#1943 = CARTESIAN_POINT ( 'NONE',  ( -12.79999999999999893, 0.2000000000000000111, -2.250000000000000000 ) ) ;
#1944 = ORIENTED_EDGE ( 'NONE', *, *, #4762, .F. ) ;
#1945 = DIRECTION ( 'NONE',  ( 0.000000000000000000, 0.4472135954999612029, -0.8944271909999143011 ) ) ;
#1946 = CARTESIAN_POINT ( 'NONE',  ( -13.22499999999999964, 6.000000000000000000, 2.250000000000000000 ) ) ;
#1947 = VECTOR ( 'NONE', #6090, 1000.000000000000000 ) ;
#1948 = CARTESIAN_POINT ( 'NONE',  ( 2.800000000000000266, 0.2000000000000000111, -2.250000000000000000 ) ) ;
#1949 = ORIENTED_EDGE ( 'NONE', *, *, #3552, .F. ) ;
#1950 = DIRECTION ( 'NONE',  ( -1.000000000000000000, 0.000000000000000000, 0.000000000000000000 ) ) ;
#1951 = VECTOR ( 'NONE', #1592, 1000.000000000000000 ) ;
#1952 = FACE_OUTER_BOUND ( 'NONE', #44, .T. ) ;
#1953 = EDGE_CURVE ( 'NONE', #1616, #624, #645, .T. ) ;
#1954 = VERTEX_POINT ( 'NONE', #6282 ) ;
#1955 = FACE_OUTER_BOUND ( 'NONE', #54, .T. ) ;
#1956 = AXIS2_PLACEMENT_3D ( 'NONE', #4911, #4486, #5389 ) ;
#1957 = ORIENTED_EDGE ( 'NONE', *, *, #1226, .T. ) ;
#1958 = EDGE_CURVE ( 'NONE', #3797, #3763, #4750, .T. ) ;
#1959 = DIRECTION ( 'NONE',  ( -0.000000000000000000, 1.000000000000000000, 0.000000000000000000 ) ) ;
#1960 = ADVANCED_FACE ( 'NONE', ( #3224 ), #5715, .F. ) ;
#1961 = VECTOR ( 'NONE', #3853, 1000.000000000000000 ) ;
#1962 = ORIENTED_EDGE ( 'NONE', *, *, #2585, .F. ) ;
#1963 = LINE ( 'NONE', #5491, #2178 ) ;
#1964 = VECTOR ( 'NONE', #5303, 1000.000000000000000 ) ;
#1965 = ORIENTED_EDGE ( 'NONE', *, *, #5867, .F. ) ;
#1966 = LINE ( 'NONE', #5529, #1125 ) ;
#1967 = AXIS2_PLACEMENT_3D ( 'NONE', #1600, #5193, #3169 ) ;
#1968 = CARTESIAN_POINT ( 'NONE',  ( -5.250000000000000000, -0.9583270453990839766, 0.6099893718935700537 ) ) ;
#1969 = DIRECTION ( 'NONE',  ( 1.000000000000000000, 0.000000000000000000, 0.000000000000000000 ) ) ;
#1970 = DIRECTION ( 'NONE',  ( 0.000000000000000000, -1.000000000000000000, -3.318687873851555372E-16 ) ) ;
#1971 = VECTOR ( 'NONE', #3308, 1000.000000000000000 ) ;
#1972 = VERTEX_POINT ( 'NONE', #3158 ) ;
#1973 = CARTESIAN_POINT ( 'NONE',  ( 15.19999999999999751, 4.250000000000000000, 2.250000000000000000 ) ) ;
#1974 = AXIS2_PLACEMENT_3D ( 'NONE', #1190, #2956, #3917 ) ;
#1975 = VECTOR ( 'NONE', #6388, 1000.000000000000000 ) ;
#1976 = EDGE_CURVE ( 'NONE', #5189, #478, #2626, .T. ) ;
#1977 = EDGE_CURVE ( 'NONE', #5950, #892, #2090, .T. ) ;
#1978 = ORIENTED_EDGE ( 'NONE', *, *, #2005, .T. ) ;
#1979 = VECTOR ( 'NONE', #596, 1000.000000000000000 ) ;
#1980 = DIRECTION ( 'NONE',  ( -0.000000000000000000, -1.000000000000000000, -0.000000000000000000 ) ) ;
#1981 = CARTESIAN_POINT ( 'NONE',  ( 13.00000000000000000, 1.750000000000000000, 0.8000000000000000444 ) ) ;
#1982 = CARTESIAN_POINT ( 'NONE',  ( -10.24999999999999822, -3.399999999999999911, 0.2999999999999999889 ) ) ;
#1983 = ORIENTED_EDGE ( 'NONE', *, *, #712, .T. ) ;
#1984 = CARTESIAN_POINT ( 'NONE',  ( 1.950000000000000400, -4.336808689942014778E-16, 2.250000000000000000 ) ) ;
#1985 = CARTESIAN_POINT ( 'NONE',  ( 15.94999999999999929, 4.500000000000000000, -0.1200000000000000094 ) ) ;
#1986 = LINE ( 'NONE', #3951, #6242 ) ;
#1987 = EDGE_CURVE ( 'NONE', #1051, #3656, #3026, .T. ) ;
#1988 = EDGE_CURVE ( 'NONE', #6002, #3553, #4713, .T. ) ;
#1989 = VERTEX_POINT ( 'NONE', #91 ) ;
#1990 = LINE ( 'NONE', #4278, #3959 ) ;
#1991 = AXIS2_PLACEMENT_3D ( 'NONE', #4217, #6250, #3220 ) ;
#1992 = CARTESIAN_POINT ( 'NONE',  ( 13.22499999999999964, 6.000000000000000000, 2.250000000000000000 ) ) ;
#1993 = EDGE_CURVE ( 'NONE', #6330, #5807, #551, .T. ) ;
#1994 = ADVANCED_FACE ( 'NONE', ( #4124 ), #5647, .F. ) ;
#1995 = ORIENTED_EDGE ( 'NONE', *, *, #6563, .T. ) ;
#1996 = CARTESIAN_POINT ( 'NONE',  ( 15.94999999999999929, 4.336808689942014778E-16, -2.250000000000000000 ) ) ;
#1997 = VECTOR ( 'NONE', #585, 1000.000000000000000 ) ;
#1998 = ORIENTED_EDGE ( 'NONE', *, *, #4594, .F. ) ;
#1999 = CARTESIAN_POINT ( 'NONE',  ( 13.19999999999999929, 0.2000000000000000111, -2.250000000000000000 ) ) ;
#2000 = ORIENTED_EDGE ( 'NONE', *, *, #276, .T. ) ;
#2001 = VECTOR ( 'NONE', #3078, 1000.000000000000000 ) ;
#2002 = PLANE ( 'NONE',  #476 ) ;
#2003 = VERTEX_POINT ( 'NONE', #2119 ) ;
#2004 = LINE ( 'NONE', #1931, #1238 ) ;
#2005 = EDGE_CURVE ( 'NONE', #2235, #1650, #3720, .T. ) ;
#2006 = DIRECTION ( 'NONE',  ( -2.168404344971010101E-16, 0.000000000000000000, 1.000000000000000000 ) ) ;
#2007 = CARTESIAN_POINT ( 'NONE',  ( -15.19999999999999751, 4.250000000000000000, -2.623757129271619970 ) ) ;
#2008 = CARTESIAN_POINT ( 'NONE',  ( -5.250000000000000000, -3.100000000000000089, 0.8000000000000000444 ) ) ;
#2009 = ORIENTED_EDGE ( 'NONE', *, *, #4385, .F. ) ;
#2010 = LINE ( 'NONE', #6036, #804 ) ;
#2011 = ITEM_DEFINED_TRANSFORMATION ( 'NONE', 'NONE', #4757,  #819 ) ;
#2012 = ORIENTED_EDGE ( 'NONE', *, *, #690, .T. ) ;
#2013 = DIRECTION ( 'NONE',  ( 0.000000000000000000, 0.000000000000000000, 1.000000000000000000 ) ) ;
#2014 = CARTESIAN_POINT ( 'NONE',  ( 11.75000000000000178, -3.399999999999999911, 0.2999999999999999889 ) ) ;
#2015 = CARTESIAN_POINT ( 'NONE',  ( -14.24999999999999822, 1.750000000000000000, 0.2999999999999999889 ) ) ;
#2016 = ORIENTED_EDGE ( 'NONE', *, *, #3620, .T. ) ;
#2017 = DIRECTION ( 'NONE',  ( 1.000000000000000000, 0.000000000000000000, 0.000000000000000000 ) ) ;
#2018 = CARTESIAN_POINT ( 'NONE',  ( 0.000000000000000000, 0.000000000000000000, 0.000000000000000000 ) ) ;
#2019 = CARTESIAN_POINT ( 'NONE',  ( 15.29999999999999893, 5.750000000000000000, -1.850000000000000089 ) ) ;
#2020 = ORIENTED_EDGE ( 'NONE', *, *, #4989, .T. ) ;
#2021 = CARTESIAN_POINT ( 'NONE',  ( 5.200000000000002842, 0.2000000000000000111, 0.8000000000000000444 ) ) ;
#2022 = EDGE_CURVE ( 'NONE', #5728, #17, #584, .T. ) ;
#2023 = CARTESIAN_POINT ( 'NONE',  ( 8.250000000000000000, 1.750000000000000000, 0.8000000000000000444 ) ) ;
#2024 = ORIENTED_EDGE ( 'NONE', *, *, #4122, .T. ) ;
#2025 = DIRECTION ( 'NONE',  ( 0.000000000000000000, 0.000000000000000000, 1.000000000000000000 ) ) ;
#2026 = ORIENTED_EDGE ( 'NONE', *, *, #4464, .T. ) ;
#2027 = CARTESIAN_POINT ( 'NONE',  ( -1.749999999999999778, 0.2000000000000000111, 0.8000000000000000444 ) ) ;
#2028 = VERTEX_POINT ( 'NONE', #221 ) ;
#2029 = CARTESIAN_POINT ( 'NONE',  ( -5.250000000000000000, -1.024408905444593954, 0.1143754215522521933 ) ) ;
#2030 = VERTEX_POINT ( 'NONE', #4287 ) ;
#2031 = CARTESIAN_POINT ( 'NONE',  ( -5.250000000000000000, -0.9583270453990848647, 0.6099893718935700537 ) ) ;
#2032 = CARTESIAN_POINT ( 'NONE',  ( 4.250000000000000000, 0.2000000000000000111, 0.2999999999999999889 ) ) ;
#2033 =( REPRESENTATION_RELATIONSHIP ('NONE','NONE', #6187, #2070 ) REPRESENTATION_RELATIONSHIP_WITH_TRANSFORMATION ( #6342 )SHAPE_REPRESENTATION_RELATIONSHIP( ) );
#2034 = LINE ( 'NONE', #3478, #2907 ) ;
#2035 = CARTESIAN_POINT ( 'NONE',  ( 0.8000000000000003775, -4.336808689942014778E-16, -2.250000000000000000 ) ) ;
#2036 = EDGE_CURVE ( 'NONE', #2357, #1010, #6319, .T. ) ;
#2037 = ORIENTED_EDGE ( 'NONE', *, *, #5652, .F. ) ;
#2038 = CARTESIAN_POINT ( 'NONE',  ( -4.799999999999998934, 0.2000000000000000111, 2.250000000000000000 ) ) ;
#2039 = ITEM_DEFINED_TRANSFORMATION ( 'NONE', 'NONE', #5081,  #819 ) ;
#2040 = VECTOR ( 'NONE', #4055, 1000.000000000000000 ) ;
#2041 = EDGE_LOOP ( 'NONE', ( #1957, #2607, #6127, #1965 ) ) ;
#2042 = DIRECTION ( 'NONE',  ( -1.000000000000000000, 0.000000000000000000, 0.000000000000000000 ) ) ;
#2043 = PLANE ( 'NONE',  #3371 ) ;
#2044 = FACE_OUTER_BOUND ( 'NONE', #5390, .T. ) ;
#2045 = ORIENTED_EDGE ( 'NONE', *, *, #1773, .T. ) ;
#2046 = CARTESIAN_POINT ( 'NONE',  ( 9.750000000000000000, -3.399999999999999911, 0.2999999999999999889 ) ) ;
#2047 = FILL_AREA_STYLE_COLOUR ( '', #1673 ) ;
#2048 = ORIENTED_EDGE ( 'NONE', *, *, #3122, .T. ) ;
#2049 = CARTESIAN_POINT ( 'NONE',  ( -7.200000000000000178, 0.2000000000000000111, -2.250000000000000000 ) ) ;
#2050 = LINE ( 'NONE', #21, #5686 ) ;
#2051 = VECTOR ( 'NONE', #2, 1000.000000000000000 ) ;
#2052 = ORIENTED_EDGE ( 'NONE', *, *, #4267, .T. ) ;
#2053 = CARTESIAN_POINT ( 'NONE',  ( 3.750000000000001776, 1.750000000000000000, 0.2999999999999999889 ) ) ;
#2054 = EDGE_CURVE ( 'NONE', #4596, #5728, #2483, .T. ) ;
#2055 = EDGE_CURVE ( 'NONE', #909, #281, #5388, .T. ) ;
#2056 = VECTOR ( 'NONE', #615, 1000.000000000000000 ) ;
#2057 = ORIENTED_EDGE ( 'NONE', *, *, #4446, .F. ) ;
#2058 = LINE ( 'NONE', #6116, #3448 ) ;
#2059 = LINE ( 'NONE', #937, #4858 ) ;
#2060 = PLANE ( 'NONE',  #6012 ) ;
#2061 = VERTEX_POINT ( 'NONE', #2760 ) ;
#2062 = EDGE_CURVE ( 'NONE', #841, #1244, #1288, .T. ) ;
#2063 = AXIS2_PLACEMENT_3D ( 'NONE', #6372, #2271, #4304 ) ;
#2064 = DIRECTION ( 'NONE',  ( -0.000000000000000000, 1.000000000000000000, 0.000000000000000000 ) ) ;
#2065 = LINE ( 'NONE', #4233, #5257 ) ;
#2066 = ORIENTED_EDGE ( 'NONE', *, *, #1270, .F. ) ;
#2067 = DIRECTION ( 'NONE',  ( -1.000000000000000000, 0.000000000000000000, 0.000000000000000000 ) ) ;
#2068 = AXIS2_PLACEMENT_3D ( 'NONE', #6395, #4335, #5856 ) ;
#2069 = ORIENTED_EDGE ( 'NONE', *, *, #773, .T. ) ;
#2070 = SHAPE_REPRESENTATION ( 'pin', ( #819 ), #6131 ) ;
#2071 = FACE_OUTER_BOUND ( 'NONE', #4258, .T. ) ;
#2072 = VECTOR ( 'NONE', #2844, 1000.000000000000000 ) ;
#2073 = CARTESIAN_POINT ( 'NONE',  ( -14.24999999999999822, 2.250000000000000000, 2.250000000000000000 ) ) ;
#2074 = VECTOR ( 'NONE', #4942, 1000.000000000000000 ) ;
#2075 = DIRECTION ( 'NONE',  ( 1.519869053105245017E-47, 0.000000000000000000, 1.000000000000000000 ) ) ;
#2076 = ADVANCED_FACE ( 'NONE', ( #2829 ), #4780, .F. ) ;
#2077 = VECTOR ( 'NONE', #1048, 1000.000000000000114 ) ;
#2078 = ORIENTED_EDGE ( 'NONE', *, *, #5523, .T. ) ;
#2079 = PLANE ( 'NONE',  #5263 ) ;
#2080 = AXIS2_PLACEMENT_3D ( 'NONE', #5002, #5068, #3100 ) ;
#2081 = EDGE_CURVE ( 'NONE', #5608, #5954, #4880, .T. ) ;
#2082 = ORIENTED_EDGE ( 'NONE', *, *, #3381, .F. ) ;
#2083 = LINE ( 'NONE', #2021, #6075 ) ;
#2084 = FACE_OUTER_BOUND ( 'NONE', #3757, .T. ) ;
#2085 = VECTOR ( 'NONE', #6519, 1000.000000000000000 ) ;
#2086 = VERTEX_POINT ( 'NONE', #255 ) ;
#2087 = CARTESIAN_POINT ( 'NONE',  ( -12.77500000000000036, 1.750000000000000000, 2.250000000000000000 ) ) ;
#2088 = VERTEX_POINT ( 'NONE', #3260 ) ;
#2089 = VECTOR ( 'NONE', #6190, 1000.000000000000000 ) ;
#2090 = LINE ( 'NONE', #2152, #5886 ) ;
#2091 = DIRECTION ( 'NONE',  ( -1.000000000000000000, 0.000000000000000000, 0.000000000000000000 ) ) ;
#2092 = DIRECTION ( 'NONE',  ( 2.168404344971009115E-16, -0.4472135954999579832, 0.8944271909999159664 ) ) ;
#2093 = ORIENTED_EDGE ( 'NONE', *, *, #376, .T. ) ;
#2094 = DIRECTION ( 'NONE',  ( -1.000000000000000000, 0.000000000000000000, 2.168404344971010101E-16 ) ) ;
#2095 = STYLED_ITEM ( 'NONE', ( #2176 ), #2560 ) ;
#2096 = FACE_OUTER_BOUND ( 'NONE', #5025, .T. ) ;
#2097 = DIRECTION ( 'NONE',  ( 1.000000000000000000, 0.000000000000000000, 0.000000000000000000 ) ) ;
#2098 = ADVANCED_FACE ( 'NONE', ( #1257 ), #2861, .F. ) ;
#2099 = ORIENTED_EDGE ( 'NONE', *, *, #1551, .T. ) ;
#2100 = CARTESIAN_POINT ( 'NONE',  ( -4.750000000000000000, -0.4291796067500625034, 0.8000000000000000444 ) ) ;
#2101 = ORIENTED_EDGE ( 'NONE', *, *, #6512, .T. ) ;
#2102 = EDGE_CURVE ( 'NONE', #3414, #1262, #294, .T. ) ;
#2103 = LINE ( 'NONE', #2605, #3367 ) ;
#2104 = ORIENTED_EDGE ( 'NONE', *, *, #6343, .T. ) ;
#2105 = EDGE_CURVE ( 'NONE', #173, #4140, #6540, .T. ) ;
#2106 = LINE ( 'NONE', #3013, #5658 ) ;
#2107 = DIRECTION ( 'NONE',  ( -1.000000000000000000, 0.000000000000000000, 0.000000000000000000 ) ) ;
#2108 = LINE ( 'NONE', #3108, #155 ) ;
#2109 = EDGE_CURVE ( 'NONE', #37, #1049, #1757, .T. ) ;
#2110 = ORIENTED_EDGE ( 'NONE', *, *, #5299, .T. ) ;
#2111 = CARTESIAN_POINT ( 'NONE',  ( 1.750000000000001554, 0.2000000000000000111, 0.2999999999999999889 ) ) ;
#2112 = ORIENTED_EDGE ( 'NONE', *, *, #5933, .F. ) ;
#2113 = DIRECTION ( 'NONE',  ( 0.000000000000000000, 0.000000000000000000, 1.000000000000000000 ) ) ;
#2114 = DIRECTION ( 'NONE',  ( 0.000000000000000000, 0.000000000000000000, 1.000000000000000000 ) ) ;
#2115 = EDGE_CURVE ( 'NONE', #3363, #2888, #1942, .T. ) ;
#2116 = ORIENTED_EDGE ( 'NONE', *, *, #4464, .F. ) ;
#2117 = DIRECTION ( 'NONE',  ( 0.000000000000000000, -4.336808689942020201E-16, 1.000000000000000000 ) ) ;
#2118 = ORIENTED_EDGE ( 'NONE', *, *, #3819, .T. ) ;
#2119 = CARTESIAN_POINT ( 'NONE',  ( -9.199999999999999289, -4.336808689942014778E-16, -2.250000000000000000 ) ) ;
#2120 = CARTESIAN_POINT ( 'NONE',  ( -6.049999999999999822, 4.336808689942014778E-16, -2.250000000000000000 ) ) ;
#2121 = ADVANCED_FACE ( 'NONE', ( #5778 ), #6356, .F. ) ;
#2122 = FACE_OUTER_BOUND ( 'NONE', #451, .T. ) ;
#2123 = ORIENTED_EDGE ( 'NONE', *, *, #6491, .T. ) ;
#2124 = LINE ( 'NONE', #1663, #2843 ) ;
#2125 = CYLINDRICAL_SURFACE ( 'NONE', #140, 0.05000000000000121708 ) ;
#2126 = ORIENTED_EDGE ( 'NONE', *, *, #4778, .T. ) ;
#2127 = FACE_OUTER_BOUND ( 'NONE', #1500, .T. ) ;
#2128 = ORIENTED_EDGE ( 'NONE', *, *, #1415, .T. ) ;
#2129 = LINE ( 'NONE', #3133, #1450 ) ;
#2130 = LINE ( 'NONE', #6231, #2089 ) ;
#2131 = VECTOR ( 'NONE', #2727, 1000.000000000000000 ) ;
#2132 = ADVANCED_FACE ( 'NONE', ( #783 ), #5878, .F. ) ;
#2133 = VERTEX_POINT ( 'NONE', #4361 ) ;
#2134 = FACE_OUTER_BOUND ( 'NONE', #5636, .T. ) ;
#2135 = LINE ( 'NONE', #6337, #5869 ) ;
#2136 = CARTESIAN_POINT ( 'NONE',  ( -7.750000000000000000, -3.399999999999999911, 0.2999999999999999889 ) ) ;
#2137 = ORIENTED_EDGE ( 'NONE', *, *, #4561, .T. ) ;
#2138 = DIRECTION ( 'NONE',  ( -1.000000000000000000, 0.000000000000000000, 0.000000000000000000 ) ) ;
#2139 = CARTESIAN_POINT ( 'NONE',  ( 5.000000000000004441, -2.168404344970917409E-16, 1.099999999999947464 ) ) ;
#2140 = ADVANCED_FACE ( 'NONE', ( #5283 ), #719, .F. ) ;
#2141 = ORIENTED_EDGE ( 'NONE', *, *, #6017, .F. ) ;
#2142 = DIRECTION ( 'NONE',  ( 0.000000000000000000, 2.478176394252580155E-16, -1.000000000000000000 ) ) ;
#2143 = LINE ( 'NONE', #215, #3781 ) ;
#2144 = VERTEX_POINT ( 'NONE', #2985 ) ;
#2145 = AXIS2_PLACEMENT_3D ( 'NONE', #3401, #4788, #5885 ) ;
#2146 = ORIENTED_EDGE ( 'NONE', *, *, #5036, .T. ) ;
#2147 = EDGE_CURVE ( 'NONE', #1553, #5855, #1825, .T. ) ;
#2148 = DIRECTION ( 'NONE',  ( 1.000000000000000000, -3.504579431022969726E-32, -1.519869053105245017E-47 ) ) ;
#2149 = ORIENTED_EDGE ( 'NONE', *, *, #4587, .F. ) ;
#2150 = FACE_BOUND ( 'NONE', #6558, .T. ) ;
#2151 = VECTOR ( 'NONE', #741, 1000.000000000000000 ) ;
#2152 = CARTESIAN_POINT ( 'NONE',  ( -2.799999999999998490, 0.2000000000000000111, 2.250000000000000000 ) ) ;
#2153 = CARTESIAN_POINT ( 'NONE',  ( -5.250000000000000000, 5.000000000000000000, 0.8000000000000000444 ) ) ;
#2154 = CARTESIAN_POINT ( 'NONE',  ( 7.750000000000001776, 0.2000000000000000111, 0.2999999999999999889 ) ) ;
#2155 = EDGE_CURVE ( 'NONE', #6396, #694, #1325, .T. ) ;
#2156 = ORIENTED_EDGE ( 'NONE', *, *, #2203, .F. ) ;
#2157 = DIRECTION ( 'NONE',  ( 0.000000000000000000, 1.927470528863119788E-16, -1.000000000000000000 ) ) ;
#2158 = VECTOR ( 'NONE', #122, 1000.000000000000000 ) ;
#2159 = VECTOR ( 'NONE', #2197, 1000.000000000000000 ) ;
#2160 = EDGE_CURVE ( 'NONE', #539, #688, #6134, .T. ) ;
#2161 = ADVANCED_FACE ( 'NONE', ( #2547 ), #1545, .F. ) ;
#2162 = CARTESIAN_POINT ( 'NONE',  ( -9.199999999999999289, 0.2000000000000000111, -2.250000000000000000 ) ) ;
#2163 = DIRECTION ( 'NONE',  ( -1.000000000000000000, 0.000000000000000000, 0.000000000000000000 ) ) ;
#2164 = ORIENTED_EDGE ( 'NONE', *, *, #677, .T. ) ;
#2165 = LINE ( 'NONE', #5726, #59 ) ;
#2166 = CARTESIAN_POINT ( 'NONE',  ( -3.199999999999999734, 0.2000000000000000111, -2.250000000000000000 ) ) ;
#2167 = VECTOR ( 'NONE', #2963, 1000.000000000000000 ) ;
#2168 = ORIENTED_EDGE ( 'NONE', *, *, #3782, .F. ) ;
#2169 = DIRECTION ( 'NONE',  ( -1.000000000000000000, 0.000000000000000000, 0.000000000000000000 ) ) ;
#2170 = CARTESIAN_POINT ( 'NONE',  ( 6.250000000000001776, 1.750000000000000000, 0.8000000000000000444 ) ) ;
#2171 = DIRECTION ( 'NONE',  ( 0.000000000000000000, -1.000000000000000000, -2.036060417813154872E-16 ) ) ;
#2172 = EDGE_LOOP ( 'NONE', ( #828, #4775, #1670, #5934 ) ) ;
#2173 = ADVANCED_FACE ( 'NONE', ( #537 ), #6574, .F. ) ;
#2174 = CARTESIAN_POINT ( 'NONE',  ( 13.74999999999999822, 1.750000000000000000, 7.274189424854959917E-16 ) ) ;
#2175 = VECTOR ( 'NONE', #5040, 1000.000000000000000 ) ;
#2176 = PRESENTATION_STYLE_ASSIGNMENT (( #3180 ) ) ;
#2177 = ORIENTED_EDGE ( 'NONE', *, *, #193, .F. ) ;
#2178 = VECTOR ( 'NONE', #2399, 1000.000000000000000 ) ;
#2179 = DIRECTION ( 'NONE',  ( 1.000000000000000000, -2.710505431213760099E-16, 0.000000000000000000 ) ) ;
#2180 = PLANE ( 'NONE',  #2832 ) ;
#2181 = ORIENTED_EDGE ( 'NONE', *, *, #1463, .T. ) ;
#2182 = EDGE_LOOP ( 'NONE', ( #2198, #754, #4725, #4060 ) ) ;
#2183 = EDGE_CURVE ( 'NONE', #5788, #2390, #4019, .T. ) ;
#2184 = LINE ( 'NONE', #6145, #1885 ) ;
#2185 = VECTOR ( 'NONE', #6414, 1000.000000000000000 ) ;
#2186 = VERTEX_POINT ( 'NONE', #1485 ) ;
#2187 = DIRECTION ( 'NONE',  ( 1.000000000000000000, 0.000000000000000000, 0.000000000000000000 ) ) ;
#2188 = ADVANCED_FACE ( 'NONE', ( #3608 ), #4579, .F. ) ;
#2189 = VECTOR ( 'NONE', #562, 1000.000000000000000 ) ;
#2190 = CARTESIAN_POINT ( 'NONE',  ( 4.800000000000000711, -4.336808689942014778E-16, 2.250000000000000000 ) ) ;
#2191 = LINE ( 'NONE', #3225, #1637 ) ;
#2192 = PLANE ( 'NONE',  #5793 ) ;
#2193 = VERTEX_POINT ( 'NONE', #5634 ) ;
#2194 = CARTESIAN_POINT ( 'NONE',  ( -5.250000000000000000, 4.700000000000000178, 0.8000000000000000444 ) ) ;
#2195 = VECTOR ( 'NONE', #1022, 1000.000000000000000 ) ;
#2196 = ORIENTED_EDGE ( 'NONE', *, *, #714, .T. ) ;
#2197 = DIRECTION ( 'NONE',  ( -1.000000000000000000, 0.000000000000000000, 0.000000000000000000 ) ) ;
#2198 = ORIENTED_EDGE ( 'NONE', *, *, #6358, .T. ) ;
#2199 = AXIS2_PLACEMENT_3D ( 'NONE', #4776, #4877, #5245 ) ;
#2200 = DIRECTION ( 'NONE',  ( -1.000000000000000000, 0.000000000000000000, 0.000000000000000000 ) ) ;
#2201 = ORIENTED_EDGE ( 'NONE', *, *, #4587, .T. ) ;
#2202 = CARTESIAN_POINT ( 'NONE',  ( -6.249999999999998224, 1.750000000000000000, 0.2999999999999999889 ) ) ;
#2203 = EDGE_CURVE ( 'NONE', #3369, #2629, #6068, .T. ) ;
#2204 = DIRECTION ( 'NONE',  ( -1.000000000000000000, 0.000000000000000000, 0.000000000000000000 ) ) ;
#2205 = VECTOR ( 'NONE', #5939, 1000.000000000000000 ) ;
#2206 = ORIENTED_EDGE ( 'NONE', *, *, #5036, .F. ) ;
#2207 = CARTESIAN_POINT ( 'NONE',  ( -8.249999999999998224, 0.2000000000000000111, 0.8000000000000000444 ) ) ;
#2208 = CARTESIAN_POINT ( 'NONE',  ( 7.200000000000001954, 0.2000000000000000111, 0.2999999999999999889 ) ) ;
#2209 = CARTESIAN_POINT ( 'NONE',  ( 9.199999999999999289, 0.2000000000000000111, 0.2999999999999999889 ) ) ;
#2210 = EDGE_CURVE ( 'NONE', #1989, #469, #1067, .T. ) ;
#2211 = EDGE_LOOP ( 'NONE', ( #4549, #5420, #6389, #4984 ) ) ;
#2212 = LINE ( 'NONE', #1175, #1228 ) ;
#2213 = AXIS2_PLACEMENT_3D ( 'NONE', #2709, #1778, #4796 ) ;
#2214 = VERTEX_POINT ( 'NONE', #1101 ) ;
#2215 = DIRECTION ( 'NONE',  ( -1.000000000000000000, 0.000000000000000000, 0.000000000000000000 ) ) ;
#2216 = FACE_OUTER_BOUND ( 'NONE', #3827, .T. ) ;
#2217 = ORIENTED_EDGE ( 'NONE', *, *, #5560, .T. ) ;
#2218 = VERTEX_POINT ( 'NONE', #1041 ) ;
#2219 = LINE ( 'NONE', #4844, #5916 ) ;
#2220 = PRODUCT_DEFINITION_SHAPE ( 'NONE', 'NONE',  #1488 ) ;
#2221 = ORIENTED_EDGE ( 'NONE', *, *, #4489, .T. ) ;
#2222 = EDGE_CURVE ( 'NONE', #2003, #4740, #4048, .T. ) ;
#2223 = FACE_OUTER_BOUND ( 'NONE', #2871, .T. ) ;
#2224 = CARTESIAN_POINT ( 'NONE',  ( 11.75000000000000178, 1.750000000000000000, 0.2999999999999999889 ) ) ;
#2225 = DIRECTION ( 'NONE',  ( 0.000000000000000000, 1.927470528863119788E-16, -1.000000000000000000 ) ) ;
#2226 = PLANE ( 'NONE',  #1974 ) ;
#2227 = ORIENTED_EDGE ( 'NONE', *, *, #5964, .F. ) ;
#2228 = DIRECTION ( 'NONE',  ( 0.000000000000000000, 1.000000000000000000, 0.000000000000000000 ) ) ;
#2229 = ORIENTED_EDGE ( 'NONE', *, *, #2005, .F. ) ;
#2230 = EDGE_CURVE ( 'NONE', #6233, #1989, #4608, .T. ) ;
#2231 = DIRECTION ( 'NONE',  ( -1.000000000000000000, 0.000000000000000000, 0.000000000000000000 ) ) ;
#2232 = PLANE ( 'NONE',  #2068 ) ;
#2233 = ORIENTED_EDGE ( 'NONE', *, *, #6421, .F. ) ;
#2234 = LINE ( 'NONE', #6188, #171 ) ;
#2235 = VERTEX_POINT ( 'NONE', #1007 ) ;
#2236 = CARTESIAN_POINT ( 'NONE',  ( 2.250000000000000444, -3.399999999999999911, 0.8000000000000000444 ) ) ;
#2237 = EDGE_CURVE ( 'NONE', #3633, #2850, #3579, .T. ) ;
#2238 = LINE ( 'NONE', #2208, #3845 ) ;
#2239 = DIRECTION ( 'NONE',  ( -1.000000000000000000, 0.000000000000000000, 0.000000000000000000 ) ) ;
#2240 = VERTEX_POINT ( 'NONE', #1513 ) ;
#2241 = CARTESIAN_POINT ( 'NONE',  ( -4.799999999999998934, -4.336808689942014778E-16, -2.250000000000000000 ) ) ;
#2242 = DIRECTION ( 'NONE',  ( -6.982962677686266711E-15, 0.000000000000000000, -1.000000000000000000 ) ) ;
#2243 = ORIENTED_EDGE ( 'NONE', *, *, #3651, .F. ) ;
#2244 = DIRECTION ( 'NONE',  ( -1.000000000000000000, -2.865843848928959741E-17, -2.149382886696720053E-16 ) ) ;
#2245 = EDGE_CURVE ( 'NONE', #1785, #4953, #5074, .T. ) ;
#2246 = DIRECTION ( 'NONE',  ( 0.000000000000000000, 0.000000000000000000, -1.000000000000000000 ) ) ;
#2247 = VERTEX_POINT ( 'NONE', #10 ) ;
#2248 = ORIENTED_EDGE ( 'NONE', *, *, #3577, .T. ) ;
#2249 = CARTESIAN_POINT ( 'NONE',  ( 6.800000000000002487, 0.2000000000000000111, -2.250000000000000000 ) ) ;
#2250 = EDGE_LOOP ( 'NONE', ( #3678, #3857, #1891, #5646 ) ) ;
#2251 = CARTESIAN_POINT ( 'NONE',  ( -5.200000000000000178, 0.2000000000000000111, -2.250000000000000000 ) ) ;
#2252 = CARTESIAN_POINT ( 'NONE',  ( 15.94999999999999929, 4.500000000000000000, 0.3800000000000000044 ) ) ;
#2253 = DIRECTION ( 'NONE',  ( -1.000000000000000000, 0.000000000000000000, 0.000000000000000000 ) ) ;
#2254 = VERTEX_POINT ( 'NONE', #2073 ) ;
#2255 = ADVANCED_FACE ( 'NONE', ( #6041 ), #2043, .F. ) ;
#2256 = DIRECTION ( 'NONE',  ( -0.000000000000000000, 1.000000000000000000, 0.000000000000000000 ) ) ;
#2257 = EDGE_CURVE ( 'NONE', #1880, #3490, #1664, .T. ) ;
#2258 = ORIENTED_EDGE ( 'NONE', *, *, #234, .T. ) ;
#2259 = AXIS2_PLACEMENT_3D ( 'NONE', #4607, #5633, #1137 ) ;
#2260 = CARTESIAN_POINT ( 'NONE',  ( 14.24999999999999822, 4.250000000000000000, 2.149999999999999911 ) ) ;
#2261 = VERTEX_POINT ( 'NONE', #4081 ) ;
#2262 = PLANE ( 'NONE',  #2392 ) ;
#2263 = VERTEX_POINT ( 'NONE', #974 ) ;
#2264 = FACE_BOUND ( 'NONE', #4807, .T. ) ;
#2265 = EDGE_CURVE ( 'NONE', #3358, #3055, #5132, .T. ) ;
#2266 = ADVANCED_FACE ( 'NONE', ( #4642 ), #2517, .F. ) ;
#2267 = ORIENTED_EDGE ( 'NONE', *, *, #6252, .F. ) ;
#2268 = CARTESIAN_POINT ( 'NONE',  ( -15.29999999999999893, 4.500000000000000000, 0.8800000000000000044 ) ) ;
#2269 = ADVANCED_FACE ( 'NONE', ( #5232 ), #4240, .F. ) ;
#2270 = LINE ( 'NONE', #5763, #3701 ) ;
#2271 = DIRECTION ( 'NONE',  ( -1.000000000000000000, 0.000000000000000000, 0.000000000000000000 ) ) ;
#2272 = ORIENTED_EDGE ( 'NONE', *, *, #1953, .F. ) ;
#2273 = PLANE ( 'NONE',  #379 ) ;
#2274 = PRODUCT_DEFINITION_SHAPE ( 'NONE', 'NONE',  #6584 ) ;
#2275 = DIRECTION ( 'NONE',  ( 1.000000000000000000, 0.000000000000000000, 0.000000000000000000 ) ) ;
#2276 = VECTOR ( 'NONE', #4390, 1000.000000000000000 ) ;
#2277 = VERTEX_POINT ( 'NONE', #4731 ) ;
#2278 = CARTESIAN_POINT ( 'NONE',  ( 11.94999999999999929, 4.336808689942014778E-16, -2.250000000000000000 ) ) ;
#2279 = ADVANCED_FACE ( 'NONE', ( #3706, #1639 ), #629, .F. ) ;
#2280 = CIRCLE ( 'NONE', #572, 0.5000000000000000000 ) ;
#2281 = LINE ( 'NONE', #1788, #471 ) ;
#2282 = VERTEX_POINT ( 'NONE', #3280 ) ;
#2283 = ORIENTED_EDGE ( 'NONE', *, *, #2389, .T. ) ;
#2284 = LINE ( 'NONE', #2723, #2625 ) ;
#2285 = EDGE_CURVE ( 'NONE', #2559, #933, #1249, .T. ) ;
#2286 = VECTOR ( 'NONE', #3864, 1000.000000000000000 ) ;
#2287 = EDGE_LOOP ( 'NONE', ( #3232, #5969, #5587, #2982 ) ) ;
#2288 = DIRECTION ( 'NONE',  ( -1.000000000000000000, 0.000000000000000000, 0.000000000000000000 ) ) ;
#2289 = CARTESIAN_POINT ( 'NONE',  ( 10.24999999999999822, 0.2000000000000000111, -2.250000000000000000 ) ) ;
#2290 = LINE ( 'NONE', #1692, #2597 ) ;
#2291 = AXIS2_PLACEMENT_3D ( 'NONE', #3123, #30, #5152 ) ;
#2292 = VECTOR ( 'NONE', #843, 1000.000000000000000 ) ;
#2293 = ORIENTED_EDGE ( 'NONE', *, *, #6500, .T. ) ;
#2294 = CARTESIAN_POINT ( 'NONE',  ( 5.200000000000002842, 0.2000000000000000111, 2.250000000000000000 ) ) ;
#2295 = VERTEX_POINT ( 'NONE', #176 ) ;
#2296 = VECTOR ( 'NONE', #1001, 1000.000000000000000 ) ;
#2297 = CARTESIAN_POINT ( 'NONE',  ( 11.75000000000000178, -3.399999999999999911, 0.8000000000000000444 ) ) ;
#2298 = ORIENTED_EDGE ( 'NONE', *, *, #5333, .T. ) ;
#2299 = FACE_OUTER_BOUND ( 'NONE', #3075, .T. ) ;
#2300 = ORIENTED_EDGE ( 'NONE', *, *, #1900, .F. ) ;
#2301 = FACE_OUTER_BOUND ( 'NONE', #4680, .T. ) ;
#2302 = AXIS2_PLACEMENT_3D ( 'NONE', #5882, #6287, #2798 ) ;
#2303 = PLANE ( 'NONE',  #836 ) ;
#2304 = EDGE_CURVE ( 'NONE', #4789, #3414, #664, .T. ) ;
#2305 = VECTOR ( 'NONE', #2382, 1000.000000000000000 ) ;
#2306 = PLANE ( 'NONE',  #2691 ) ;
#2307 = DIRECTION ( 'NONE',  ( 0.000000000000000000, 1.000000000000000000, 0.000000000000000000 ) ) ;
#2308 = LINE ( 'NONE', #805, #6536 ) ;
#2309 = ORIENTED_EDGE ( 'NONE', *, *, #5310, .F. ) ;
#2310 = CARTESIAN_POINT ( 'NONE',  ( -4.249999999999998224, -3.399999999999999911, 0.2999999999999999889 ) ) ;
#2311 = CARTESIAN_POINT ( 'NONE',  ( -10.99999999999999822, -2.168404344970917409E-16, 1.099999999999947464 ) ) ;
#2312 = VECTOR ( 'NONE', #61, 1000.000000000000000 ) ;
#2313 = ORIENTED_EDGE ( 'NONE', *, *, #1071, .T. ) ;
#2314 = SURFACE_STYLE_USAGE ( .BOTH. , #4872 ) ;
#2315 = CARTESIAN_POINT ( 'NONE',  ( -2.049999999999999822, 4.336808689942014778E-16, -2.250000000000000000 ) ) ;
#2316 = ORIENTED_EDGE ( 'NONE', *, *, #3197, .F. ) ;
#2317 = CARTESIAN_POINT ( 'NONE',  ( 0.8000000000000003775, 0.2000000000000000111, -2.250000000000000000 ) ) ;
#2318 = VERTEX_POINT ( 'NONE', #2170 ) ;
#2319 = DIRECTION ( 'NONE',  ( 0.000000000000000000, 1.000000000000000000, 0.000000000000000000 ) ) ;
#2320 = ORIENTED_EDGE ( 'NONE', *, *, #3298, .F. ) ;
#2321 = LINE ( 'NONE', #2251, #224 ) ;
#2322 = DIRECTION ( 'NONE',  ( -1.000000000000000000, 0.000000000000000000, 0.000000000000000000 ) ) ;
#2323 = DIRECTION ( 'NONE',  ( 1.000000000000000000, 0.000000000000000000, 0.000000000000000000 ) ) ;
#2324 = EDGE_CURVE ( 'NONE', #2345, #6114, #5698, .T. ) ;
#2325 = ORIENTED_EDGE ( 'NONE', *, *, #297, .T. ) ;
#2326 = LINE ( 'NONE', #6423, #6234 ) ;
#2327 = ORIENTED_EDGE ( 'NONE', *, *, #3952, .F. ) ;
#2328 = ADVANCED_FACE ( 'NONE', ( #5730 ), #4272, .F. ) ;
#2329 = PRODUCT_DEFINITION_SHAPE ( 'NONE', 'NONE',  #6585 ) ;
#2330 = FACE_OUTER_BOUND ( 'NONE', #4832, .T. ) ;
#2331 = EDGE_LOOP ( 'NONE', ( #1095, #5046, #6554, #4620 ) ) ;
#2332 = DIRECTION ( 'NONE',  ( 0.000000000000000000, 0.000000000000000000, 1.000000000000000000 ) ) ;
#2333 = ORIENTED_EDGE ( 'NONE', *, *, #3852, .F. ) ;
#2334 = DIRECTION ( 'NONE',  ( -1.000000000000000000, 0.000000000000000000, 0.000000000000000000 ) ) ;
#2335 = LINE ( 'NONE', #1304, #1332 ) ;
#2336 = DIRECTION ( 'NONE',  ( 1.000000000000000000, 4.476652557876059775E-32, -1.414176746720221921E-16 ) ) ;
#2337 = DIRECTION ( 'NONE',  ( -1.000000000000000000, 0.000000000000000000, 0.000000000000000000 ) ) ;
#2338 = DIRECTION ( 'NONE',  ( 0.000000000000000000, 3.165553788278845372E-16, -1.000000000000000000 ) ) ;
#2339 = ORIENTED_EDGE ( 'NONE', *, *, #5196, .F. ) ;
#2340 = PLANE ( 'NONE',  #5593 ) ;
#2341 = EDGE_CURVE ( 'NONE', #5492, #5490, #2270, .T. ) ;
#2342 = ORIENTED_EDGE ( 'NONE', *, *, #1732, .T. ) ;
#2343 =( NAMED_UNIT ( * ) PLANE_ANGLE_UNIT ( ) SI_UNIT ( $, .RADIAN. ) );
#2344 = DIRECTION ( 'NONE',  ( 0.000000000000000000, 1.000000000000000000, 0.000000000000000000 ) ) ;
#2345 = VERTEX_POINT ( 'NONE', #3772 ) ;
#2346 = PLANE ( 'NONE',  #375 ) ;
#2347 = DIRECTION ( 'NONE',  ( 0.000000000000000000, -1.000000000000000000, 0.000000000000000000 ) ) ;
#2348 = DIRECTION ( 'NONE',  ( 1.000000000000000000, 0.000000000000000000, 0.000000000000000000 ) ) ;
#2349 = EDGE_CURVE ( 'NONE', #1130, #2088, #2135, .T. ) ;
#2350 = VERTEX_POINT ( 'NONE', #1139 ) ;
#2351 = AXIS2_PLACEMENT_3D ( 'NONE', #4683, #3568, #5594 ) ;
#2352 = CARTESIAN_POINT ( 'NONE',  ( 15.94999999999999929, 4.500000000000000000, -0.1200000000000000094 ) ) ;
#2353 = LINE ( 'NONE', #426, #4296 ) ;
#2354 = ADVANCED_FACE ( 'NONE', ( #1676, #6300 ), #4303, .F. ) ;
#2355 = ORIENTED_EDGE ( 'NONE', *, *, #3528, .F. ) ;
#2356 = DIRECTION ( 'NONE',  ( 1.000000000000000000, 0.000000000000000000, -2.168404344971010101E-16 ) ) ;
#2357 = VERTEX_POINT ( 'NONE', #1274 ) ;
#2358 = VECTOR ( 'NONE', #5240, 1000.000000000000000 ) ;
#2359 = PLANE ( 'NONE',  #3217 ) ;
#2360 = ORIENTED_EDGE ( 'NONE', *, *, #4305, .T. ) ;
#2361 = CARTESIAN_POINT ( 'NONE',  ( -10.24999999999999822, 1.750000000000000000, 0.2999999999999999889 ) ) ;
#2362 = VERTEX_POINT ( 'NONE', #5834 ) ;
#2363 = DIRECTION ( 'NONE',  ( 0.000000000000000000, 0.000000000000000000, 1.000000000000000000 ) ) ;
#2364 = VECTOR ( 'NONE', #5984, 1000.000000000000000 ) ;
#2365 = AXIS2_PLACEMENT_3D ( 'NONE', #6297, #1739, #3279 ) ;
#2366 = EDGE_CURVE ( 'NONE', #90, #4205, #2238, .T. ) ;
#2367 = ORIENTED_EDGE ( 'NONE', *, *, #1480, .T. ) ;
#2368 = FACE_BOUND ( 'NONE', #4463, .T. ) ;
#2369 = VECTOR ( 'NONE', #4856, 1000.000000000000000 ) ;
#2370 = CARTESIAN_POINT ( 'NONE',  ( -7.750000000000000000, 0.2000000000000000111, -2.250000000000000000 ) ) ;
#2371 = PLANE ( 'NONE',  #5146 ) ;
#2372 = VERTEX_POINT ( 'NONE', #3241 ) ;
#2373 = CARTESIAN_POINT ( 'NONE',  ( 7.950000000000001954, -4.336808689942014778E-16, 2.250000000000000000 ) ) ;
#2374 = SHAPE_DEFINITION_REPRESENTATION ( #2220, #2070 ) ;
#2375 =( REPRESENTATION_RELATIONSHIP ('NONE','NONE', #6187, #2070 ) REPRESENTATION_RELATIONSHIP_WITH_TRANSFORMATION ( #2039 )SHAPE_REPRESENTATION_RELATIONSHIP( ) );
#2376 = ORIENTED_EDGE ( 'NONE', *, *, #5054, .F. ) ;
#2377 = CARTESIAN_POINT ( 'NONE',  ( -0.2499999999999985012, 0.2000000000000000111, 0.8000000000000000444 ) ) ;
#2378 = LINE ( 'NONE', #1383, #3767 ) ;
#2379 = ORIENTED_EDGE ( 'NONE', *, *, #5945, .F. ) ;
#2380 = DIRECTION ( 'NONE',  ( -3.504579431022969726E-32, -1.000000000000000000, 0.000000000000000000 ) ) ;
#2381 = CARTESIAN_POINT ( 'NONE',  ( 6.800000000000002487, 0.2000000000000000111, -2.250000000000000000 ) ) ;
#2382 = DIRECTION ( 'NONE',  ( -1.000000000000000000, 0.000000000000000000, 0.000000000000000000 ) ) ;
#2383 = AXIS2_PLACEMENT_3D ( 'NONE', #158, #5150, #6254 ) ;
#2384 = ORIENTED_EDGE ( 'NONE', *, *, #2921, .F. ) ;
#2385 = VECTOR ( 'NONE', #3417, 1000.000000000000000 ) ;
#2386 = CARTESIAN_POINT ( 'NONE',  ( -15.29999999999999893, 5.750000000000000000, 1.649999999999999911 ) ) ;
#2387 = EDGE_CURVE ( 'NONE', #1046, #2261, #3310, .T. ) ;
#2388 = CARTESIAN_POINT ( 'NONE',  ( -10.05000000000000071, -4.336808689942014778E-16, 2.250000000000000000 ) ) ;
#2389 = EDGE_CURVE ( 'NONE', #1262, #539, #765, .T. ) ;
#2390 = VERTEX_POINT ( 'NONE', #207 ) ;
#2391 = LINE ( 'NONE', #4424, #4647 ) ;
#2392 = AXIS2_PLACEMENT_3D ( 'NONE', #1267, #3273, #2332 ) ;
#2393 = EDGE_LOOP ( 'NONE', ( #1467, #1169, #3257, #4994 ) ) ;
#2394 = EDGE_CURVE ( 'NONE', #5422, #4232, #4830, .T. ) ;
#2395 = VECTOR ( 'NONE', #4782, 1000.000000000000000 ) ;
#2396 = DIRECTION ( 'NONE',  ( 1.000000000000000000, 2.522858432348305322E-32, -1.239088197126289831E-16 ) ) ;
#2397 = ADVANCED_FACE ( 'NONE', ( #2777 ), #4168, .F. ) ;
#2398 = ORIENTED_EDGE ( 'NONE', *, *, #5033, .F. ) ;
#2399 = DIRECTION ( 'NONE',  ( 0.000000000000000000, 1.000000000000000000, 0.000000000000000000 ) ) ;
#2400 = ORIENTED_EDGE ( 'NONE', *, *, #3381, .T. ) ;
#2401 = PLANE ( 'NONE',  #3045 ) ;
#2402 = VECTOR ( 'NONE', #6439, 1000.000000000000000 ) ;
#2403 = PLANE ( 'NONE',  #2931 ) ;
#2404 = CARTESIAN_POINT ( 'NONE',  ( -10.79999999999999893, 0.2000000000000000111, -2.250000000000000000 ) ) ;
#2405 = CARTESIAN_POINT ( 'NONE',  ( 12.25000000000000000, 1.750000000000000000, 0.8000000000000000444 ) ) ;
#2406 = CARTESIAN_POINT ( 'NONE',  ( 4.250000000000000000, 1.750000000000000000, 0.8000000000000000444 ) ) ;
#2407 = VECTOR ( 'NONE', #2697, 1000.000000000000000 ) ;
#2408 = LINE ( 'NONE', #275, #6323 ) ;
#2409 = EDGE_CURVE ( 'NONE', #5396, #3170, #837, .T. ) ;
#2410 = ORIENTED_EDGE ( 'NONE', *, *, #4283, .T. ) ;
#2411 = PLANE ( 'NONE',  #1232 ) ;
#2412 = PRODUCT_CONTEXT ( 'NONE', #6245, 'mechanical' ) ;
#2413 = AXIS2_PLACEMENT_3D ( 'NONE', #4670, #76, #3546 ) ;
#2414 = VECTOR ( 'NONE', #2117, 1000.000000000000000 ) ;
#2415 = VERTEX_POINT ( 'NONE', #2406 ) ;
#2416 = DIRECTION ( 'NONE',  ( 1.519869053105245017E-47, 0.000000000000000000, 1.000000000000000000 ) ) ;
#2417 = EDGE_CURVE ( 'NONE', #4639, #5768, #5466, .T. ) ;
#2418 = EDGE_CURVE ( 'NONE', #3305, #2357, #4343, .T. ) ;
#2419 = LINE ( 'NONE', #3353, #5363 ) ;
#2420 = ORIENTED_EDGE ( 'NONE', *, *, #2222, .T. ) ;
#2421 = LINE ( 'NONE', #4450, #482 ) ;
#2422 = LINE ( 'NONE', #3420, #3386 ) ;
#2423 = DIRECTION ( 'NONE',  ( 0.000000000000000000, -1.000000000000000000, -1.198194479848324020E-16 ) ) ;
#2424 = ORIENTED_EDGE ( 'NONE', *, *, #3589, .F. ) ;
#2425 = LINE ( 'NONE', #3460, #2892 ) ;
#2426 = PLANE ( 'NONE',  #1428 ) ;
#2427 = ORIENTED_EDGE ( 'NONE', *, *, #2762, .F. ) ;
#2428 = DIRECTION ( 'NONE',  ( -1.000000000000000000, 0.000000000000000000, 0.000000000000000000 ) ) ;
#2429 = EDGE_CURVE ( 'NONE', #302, #258, #2847, .T. ) ;
#2430 = VERTEX_POINT ( 'NONE', #1375 ) ;
#2431 = CYLINDRICAL_SURFACE ( 'NONE', #5137, 0.04999999999997879752 ) ;
#2432 = EDGE_LOOP ( 'NONE', ( #607, #2229, #1510, #4243 ) ) ;
#2433 = CARTESIAN_POINT ( 'NONE',  ( 14.79999999999999893, 0.2000000000000000111, -2.250000000000000000 ) ) ;
#2434 = ORIENTED_EDGE ( 'NONE', *, *, #1773, .F. ) ;
#2435 = FILL_AREA_STYLE ('',( #2973 ) ) ;
#2436 = DIRECTION ( 'NONE',  ( 0.000000000000000000, 1.000000000000000000, 2.036060417813154872E-16 ) ) ;
#2437 = LINE ( 'NONE', #2874, #2488 ) ;
#2438 = DIRECTION ( 'NONE',  ( 0.000000000000000000, 0.000000000000000000, 1.000000000000000000 ) ) ;
#2439 = LINE ( 'NONE', #273, #6 ) ;
#2440 = CARTESIAN_POINT ( 'NONE',  ( 11.75000000000000178, 0.2000000000000000111, -2.250000000000000000 ) ) ;
#2441 = ORIENTED_EDGE ( 'NONE', *, *, #3154, .F. ) ;
#2442 = CARTESIAN_POINT ( 'NONE',  ( -4.049999999999999822, 4.336808689942014778E-16, -2.250000000000000000 ) ) ;
#2443 = PRODUCT_DEFINITION_SHAPE ( 'NONE', 'NONE',  #2991 ) ;
#2444 = ITEM_DEFINED_TRANSFORMATION ( 'NONE', 'NONE', #5506,  #819 ) ;
#2445 = EDGE_CURVE ( 'NONE', #4562, #3249, #1406, .T. ) ;
#2446 = ORIENTED_EDGE ( 'NONE', *, *, #2656, .T. ) ;
#2447 = CARTESIAN_POINT ( 'NONE',  ( -13.74999999999999822, 0.2000000000000000111, 0.2999999999999999889 ) ) ;
#2448 = DIRECTION ( 'NONE',  ( 0.000000000000000000, 0.000000000000000000, 1.000000000000000000 ) ) ;
#2449 = CARTESIAN_POINT ( 'NONE',  ( -15.29999999999999893, 6.000000000000000000, 0.8800000000000000044 ) ) ;
#2450 = ORIENTED_EDGE ( 'NONE', *, *, #3248, .T. ) ;
#2451 = LINE ( 'NONE', #5780, #798 ) ;
#2452 = CARTESIAN_POINT ( 'NONE',  ( -2.249999999999998668, 0.2000000000000000111, -2.250000000000000000 ) ) ;
#2453 = DIRECTION ( 'NONE',  ( 1.000000000000000000, 0.000000000000000000, 0.000000000000000000 ) ) ;
#2454 = EDGE_CURVE ( 'NONE', #2525, #3451, #1307, .T. ) ;
#2455 = EDGE_CURVE ( 'NONE', #277, #5950, #3342, .T. ) ;
#2456 = ORIENTED_EDGE ( 'NONE', *, *, #2961, .F. ) ;
#2457 = PLANE ( 'NONE',  #543 ) ;
#2458 = PLANE ( 'NONE',  #1956 ) ;
#2459 = ORIENTED_EDGE ( 'NONE', *, *, #3596, .F. ) ;
#2460 = CARTESIAN_POINT ( 'NONE',  ( -13.74999999999999822, 1.750000000000000000, 0.2999999999999999889 ) ) ;
#2461 = ORIENTED_EDGE ( 'NONE', *, *, #747, .F. ) ;
#2462 = DIRECTION ( 'NONE',  ( 1.239088197126289831E-16, -2.478176394252580155E-16, 1.000000000000000000 ) ) ;
#2463 = VECTOR ( 'NONE', #2436, 1000.000000000000000 ) ;
#2464 = EDGE_CURVE ( 'NONE', #933, #4394, #4893, .T. ) ;
#2465 = VECTOR ( 'NONE', #3380, 1000.000000000000000 ) ;
#2466 = ADVANCED_FACE ( 'NONE', ( #407 ), #4374, .F. ) ;
#2467 = ORIENTED_EDGE ( 'NONE', *, *, #5983, .F. ) ;
#2468 = LINE ( 'NONE', #4493, #1003 ) ;
#2469 = ORIENTED_EDGE ( 'NONE', *, *, #881, .F. ) ;
#2470 = CARTESIAN_POINT ( 'NONE',  ( 12.25000000000000000, 0.2000000000000000111, 0.8000000000000000444 ) ) ;
#2471 = DIRECTION ( 'NONE',  ( 1.000000000000000000, 0.000000000000000000, -2.168404344971010101E-16 ) ) ;
#2472 = PLANE ( 'NONE',  #5982 ) ;
#2473 = EDGE_CURVE ( 'NONE', #3162, #1553, #6403, .T. ) ;
#2474 = CARTESIAN_POINT ( 'NONE',  ( -15.29999999999999893, 4.500000000000000000, -0.1200000000000000094 ) ) ;
#2475 = ORIENTED_EDGE ( 'NONE', *, *, #3374, .F. ) ;
#2476 = EDGE_CURVE ( 'NONE', #3411, #1301, #337, .T. ) ;
#2477 = CARTESIAN_POINT ( 'NONE',  ( 13.22499999999999964, 1.750000000000000000, -2.623757129271619970 ) ) ;
#2478 = ORIENTED_EDGE ( 'NONE', *, *, #4500, .F. ) ;
#2479 = EDGE_CURVE ( 'NONE', #4754, #201, #3441, .T. ) ;
#2480 = AXIS2_PLACEMENT_3D ( 'NONE', #6267, #3736, #2744 ) ;
#2481 = EDGE_CURVE ( 'NONE', #1283, #2685, #5430, .T. ) ;
#2482 = LINE ( 'NONE', #4018, #5554 ) ;
#2483 = LINE ( 'NONE', #3791, #5145 ) ;
#2484 = LINE ( 'NONE', #508, #894 ) ;
#2485 = ORIENTED_EDGE ( 'NONE', *, *, #4555, .T. ) ;
#2486 = DIRECTION ( 'NONE',  ( 0.000000000000000000, -1.000000000000000000, -3.165553788278845372E-16 ) ) ;
#2487 = CARTESIAN_POINT ( 'NONE',  ( -15.94999999999999929, 0.8299999999999999600, 2.250000000000000000 ) ) ;
#2488 = VECTOR ( 'NONE', #4467, 1000.000000000000000 ) ;
#2489 = CARTESIAN_POINT ( 'NONE',  ( -15.19999999999999751, 4.250000000000000000, 1.649999999999999911 ) ) ;
#2490 = ORIENTED_EDGE ( 'NONE', *, *, #6136, .F. ) ;
#2491 = CARTESIAN_POINT ( 'NONE',  ( -13.74999999999999822, 0.2000000000000000111, 0.8000000000000000444 ) ) ;
#2492 = DIRECTION ( 'NONE',  ( 0.000000000000000000, -2.478176394252580155E-16, 1.000000000000000000 ) ) ;
#2493 = ADVANCED_FACE ( 'NONE', ( #370 ), #4438, .F. ) ;
#2494 = ORIENTED_EDGE ( 'NONE', *, *, #2591, .T. ) ;
#2495 = DIRECTION ( 'NONE',  ( -1.939479807224434958E-16, 0.000000000000000000, 1.000000000000000000 ) ) ;
#2496 = VECTOR ( 'NONE', #444, 1000.000000000000000 ) ;
#2497 = VECTOR ( 'NONE', #1586, 1000.000000000000000 ) ;
#2498 = ORIENTED_EDGE ( 'NONE', *, *, #3852, .T. ) ;
#2499 = CARTESIAN_POINT ( 'NONE',  ( 14.24999999999999822, 4.250000000000000000, 2.149999999999999911 ) ) ;
#2500 = EDGE_CURVE ( 'NONE', #6377, #4941, #2439, .T. ) ;
#2501 = ORIENTED_EDGE ( 'NONE', *, *, #2105, .T. ) ;
#2502 = CARTESIAN_POINT ( 'NONE',  ( 13.00000000000000000, 3.000000000000000000, 2.149999999999999911 ) ) ;
#2503 = AXIS2_PLACEMENT_3D ( 'NONE', #3489, #4477, #3982 ) ;
#2504 = ORIENTED_EDGE ( 'NONE', *, *, #5395, .T. ) ;
#2505 = CARTESIAN_POINT ( 'NONE',  ( 14.24999999999999822, 0.2000000000000000111, -2.250000000000000000 ) ) ;
#2506 = AXIS2_PLACEMENT_3D ( 'NONE', #3931, #1435, #6525 ) ;
#2507 = LINE ( 'NONE', #4009, #5218 ) ;
#2508 = PLANE ( 'NONE',  #5661 ) ;
#2509 = CARTESIAN_POINT ( 'NONE',  ( 9.199999999999999289, 0.2000000000000000111, 2.250000000000000000 ) ) ;
#2510 = EDGE_LOOP ( 'NONE', ( #4399, #5122, #4353, #6520 ) ) ;
#2511 = CARTESIAN_POINT ( 'NONE',  ( -15.94999999999999929, 1.389999999999999902, 1.850000000000000089 ) ) ;
#2512 = VECTOR ( 'NONE', #145, 1000.000000000000000 ) ;
#2513 = EDGE_CURVE ( 'NONE', #4336, #330, #5745, .T. ) ;
#2514 = EDGE_LOOP ( 'NONE', ( #5323, #4214, #1820, #2866 ) ) ;
#2515 = VECTOR ( 'NONE', #840, 1000.000000000000000 ) ;
#2516 = DIRECTION ( 'NONE',  ( -2.168404344971010101E-16, 0.000000000000000000, -1.000000000000000000 ) ) ;
#2517 = PLANE ( 'NONE',  #66 ) ;
#2518 = CARTESIAN_POINT ( 'NONE',  ( 6.800000000000002487, 0.2000000000000000111, -2.250000000000000000 ) ) ;
#2519 = ORIENTED_EDGE ( 'NONE', *, *, #1083, .F. ) ;
#2520 = CARTESIAN_POINT ( 'NONE',  ( -12.24999999999999822, 1.750000000000000000, 0.8000000000000000444 ) ) ;
#2521 = DIRECTION ( 'NONE',  ( -1.000000000000000000, 1.355252715606880049E-16, 0.000000000000000000 ) ) ;
#2522 = LINE ( 'NONE', #916, #2527 ) ;
#2523 = VECTOR ( 'NONE', #2356, 1000.000000000000000 ) ;
#2524 = EDGE_CURVE ( 'NONE', #3883, #4857, #2730, .T. ) ;
#2525 = VERTEX_POINT ( 'NONE', #2693 ) ;
#2526 = FACE_OUTER_BOUND ( 'NONE', #3402, .T. ) ;
#2527 = VECTOR ( 'NONE', #2423, 1000.000000000000000 ) ;
#2528 = DIRECTION ( 'NONE',  ( -0.000000000000000000, 0.3420201433256665480, 0.9396926207859092051 ) ) ;
#2529 = ORIENTED_EDGE ( 'NONE', *, *, #6062, .F. ) ;
#2530 = FACE_OUTER_BOUND ( 'NONE', #1679, .T. ) ;
#2531 = PRESENTATION_LAYER_ASSIGNMENT (  '', '', ( #5397 ) ) ;
#2532 = ORIENTED_EDGE ( 'NONE', *, *, #1774, .F. ) ;
#2533 = EDGE_CURVE ( 'NONE', #4836, #3637, #2191, .T. ) ;
#2534 = FACE_OUTER_BOUND ( 'NONE', #1797, .T. ) ;
#2535 = ORIENTED_EDGE ( 'NONE', *, *, #5701, .T. ) ;
#2536 = CARTESIAN_POINT ( 'NONE',  ( -9.750000000000000000, -3.399999999999999911, 0.2999999999999999889 ) ) ;
#2537 = ORIENTED_EDGE ( 'NONE', *, *, #4914, .T. ) ;
#2538 = DIRECTION ( 'NONE',  ( 0.000000000000000000, -4.336808689942020201E-16, 1.000000000000000000 ) ) ;
#2539 = CARTESIAN_POINT ( 'NONE',  ( 13.19999999999999929, 0.2000000000000000111, -2.250000000000000000 ) ) ;
#2540 = FACE_OUTER_BOUND ( 'NONE', #3913, .T. ) ;
#2541 = DIRECTION ( 'NONE',  ( 1.519869053105245017E-47, 0.000000000000000000, 1.000000000000000000 ) ) ;
#2542 = ORIENTED_EDGE ( 'NONE', *, *, #2115, .F. ) ;
#2543 = DIRECTION ( 'NONE',  ( -1.000000000000000000, 0.000000000000000000, 0.000000000000000000 ) ) ;
#2544 = CONTEXT_DEPENDENT_SHAPE_REPRESENTATION ( #1912, #3457 ) ;
#2545 = ORIENTED_EDGE ( 'NONE', *, *, #1818, .T. ) ;
#2546 = PLANE ( 'NONE',  #3008 ) ;
#2547 = FACE_OUTER_BOUND ( 'NONE', #942, .T. ) ;
#2548 = LINE ( 'NONE', #1943, #5784 ) ;
#2549 = ORIENTED_EDGE ( 'NONE', *, *, #2500, .T. ) ;
#2550 = LINE ( 'NONE', #3017, #166 ) ;
#2551 = EDGE_CURVE ( 'NONE', #3637, #3494, #3297, .T. ) ;
#2552 = DIRECTION ( 'NONE',  ( 0.000000000000000000, -4.336808689942020201E-16, 1.000000000000000000 ) ) ;
#2553 = ORIENTED_EDGE ( 'NONE', *, *, #2109, .T. ) ;
#2554 = CARTESIAN_POINT ( 'NONE',  ( -0.7999999999999986011, -4.336808689942014778E-16, -2.250000000000000000 ) ) ;
#2555 = CARTESIAN_POINT ( 'NONE',  ( 13.74999999999999822, 1.750000000000000000, 0.8000000000000000444 ) ) ;
#2556 = EDGE_CURVE ( 'NONE', #173, #6020, #750, .T. ) ;
#2557 = ORIENTED_EDGE ( 'NONE', *, *, #1988, .F. ) ;
#2558 = DIRECTION ( 'NONE',  ( -1.519869053105245017E-47, 0.000000000000000000, -1.000000000000000000 ) ) ;
#2559 = VERTEX_POINT ( 'NONE', #4325 ) ;
#2560 = ADVANCED_BREP_SHAPE_REPRESENTATION ( '', ( #5304, #819 ), #6131 ) ;
#2561 = UNCERTAINTY_MEASURE_WITH_UNIT (LENGTH_MEASURE( 1.000000000000000082E-05 ), #5932, 'distance_accuracy_value', 'NONE');
#2562 = DIRECTION ( 'NONE',  ( -1.000000000000000000, 0.000000000000000000, 0.000000000000000000 ) ) ;
#2563 = CARTESIAN_POINT ( 'NONE',  ( 10.69999999999999929, 1.750000000000000000, 1.649999999999999911 ) ) ;
#2564 = DIRECTION ( 'NONE',  ( 1.000000000000000000, -3.504579431022969726E-32, -1.519869053105245017E-47 ) ) ;
#2565 = ORIENTED_EDGE ( 'NONE', *, *, #6230, .F. ) ;
#2566 = LINE ( 'NONE', #3069, #5805 ) ;
#2567 = EDGE_CURVE ( 'NONE', #1711, #1366, #2290, .T. ) ;
#2568 = VECTOR ( 'NONE', #748, 1000.000000000000000 ) ;
#2569 = LINE ( 'NONE', #5532, #4178 ) ;
#2570 = DIRECTION ( 'NONE',  ( 0.000000000000000000, 0.000000000000000000, 1.000000000000000000 ) ) ;
#2571 = ORIENTED_EDGE ( 'NONE', *, *, #411, .F. ) ;
#2572 = LINE ( 'NONE', #5034, #1552 ) ;
#2573 = EDGE_CURVE ( 'NONE', #3234, #4557, #4714, .T. ) ;
#2574 = VERTEX_POINT ( 'NONE', #682 ) ;
#2575 = CARTESIAN_POINT ( 'NONE',  ( -14.24999999999999822, 2.250000000000000000, -2.623757129271619970 ) ) ;
#2576 = DIRECTION ( 'NONE',  ( -1.000000000000000000, 0.000000000000000000, 0.000000000000000000 ) ) ;
#2577 = PLANE ( 'NONE',  #3032 ) ;
#2578 = ORIENTED_EDGE ( 'NONE', *, *, #27, .F. ) ;
#2579 = FACE_OUTER_BOUND ( 'NONE', #1707, .T. ) ;
#2580 = SURFACE_STYLE_USAGE ( .BOTH. , #541 ) ;
#2581 = AXIS2_PLACEMENT_3D ( 'NONE', #4509, #4047, #1040 ) ;
#2582 = ORIENTED_EDGE ( 'NONE', *, *, #3289, .T. ) ;
#2583 = CARTESIAN_POINT ( 'NONE',  ( -8.249999999999998224, 0.2000000000000000111, 0.2999999999999999889 ) ) ;
#2584 = CARTESIAN_POINT ( 'NONE',  ( 3.950000000000000178, 4.336808689942014778E-16, -2.250000000000000000 ) ) ;
#2585 = EDGE_CURVE ( 'NONE', #6285, #2295, #5321, .T. ) ;
#2586 = VECTOR ( 'NONE', #1667, 1000.000000000000000 ) ;
#2587 = ORIENTED_EDGE ( 'NONE', *, *, #5477, .T. ) ;
#2588 = PLANE ( 'NONE',  #1355 ) ;
#2589 = ORIENTED_EDGE ( 'NONE', *, *, #2155, .T. ) ;
#2590 = ADVANCED_FACE ( 'NONE', ( #6255 ), #222, .F. ) ;
#2591 = EDGE_CURVE ( 'NONE', #5194, #5490, #192, .T. ) ;
#2592 = DIRECTION ( 'NONE',  ( 0.000000000000000000, 1.000000000000000000, 0.000000000000000000 ) ) ;
#2593 = DIRECTION ( 'NONE',  ( 0.000000000000000000, -2.478176394252580155E-16, 1.000000000000000000 ) ) ;
#2594 = LINE ( 'NONE', #1122, #4527 ) ;
#2595 = EDGE_LOOP ( 'NONE', ( #542, #3816, #6316, #3132 ) ) ;
#2596 = DIRECTION ( 'NONE',  ( 1.000000000000000000, 0.000000000000000000, 0.000000000000000000 ) ) ;
#2597 = VECTOR ( 'NONE', #1121, 1000.000000000000000 ) ;
#2598 = EDGE_CURVE ( 'NONE', #3553, #3642, #1724, .T. ) ;
#2599 = EDGE_CURVE ( 'NONE', #3825, #5855, #3755, .T. ) ;
#2600 = AXIS2_PLACEMENT_3D ( 'NONE', #4931, #4894, #2338 ) ;
#2601 = CARTESIAN_POINT ( 'NONE',  ( -10.24999999999999822, 0.2000000000000000111, 0.8000000000000000444 ) ) ;
#2602 = ORIENTED_EDGE ( 'NONE', *, *, #5241, .T. ) ;
#2603 = DIRECTION ( 'NONE',  ( 0.000000000000000000, 0.000000000000000000, 1.000000000000000000 ) ) ;
#2604 = ORIENTED_EDGE ( 'NONE', *, *, #2285, .T. ) ;
#2605 = CARTESIAN_POINT ( 'NONE',  ( 15.94999999999999929, 6.000000000000000000, -2.250000000000000000 ) ) ;
#2606 = VECTOR ( 'NONE', #5724, 1000.000000000000000 ) ;
#2607 = ORIENTED_EDGE ( 'NONE', *, *, #5773, .F. ) ;
#2608 = DIRECTION ( 'NONE',  ( -1.000000000000000000, 0.000000000000000000, 0.000000000000000000 ) ) ;
#2609 = EDGE_CURVE ( 'NONE', #3633, #4365, #5215, .T. ) ;
#2610 = DIRECTION ( 'NONE',  ( 3.504579431022969726E-32, 1.000000000000000000, 2.478176394252580155E-16 ) ) ;
#2611 = CIRCLE ( 'NONE', #579, 0.5499999999999998224 ) ;
#2612 = DIRECTION ( 'NONE',  ( 1.000000000000000000, 2.710505431213760099E-16, 2.168404344971010101E-16 ) ) ;
#2613 = VECTOR ( 'NONE', #4773, 1000.000000000000000 ) ;
#2614 = VERTEX_POINT ( 'NONE', #1258 ) ;
#2615 = DIRECTION ( 'NONE',  ( -3.504579431022969726E-32, -1.000000000000000000, 0.000000000000000000 ) ) ;
#2616 = VECTOR ( 'NONE', #6341, 1000.000000000000000 ) ;
#2617 = EDGE_CURVE ( 'NONE', #5742, #3143, #4781, .T. ) ;
#2618 = ORIENTED_EDGE ( 'NONE', *, *, #1678, .F. ) ;
#2619 = CARTESIAN_POINT ( 'NONE',  ( -2.799999999999998490, -4.336808689942014778E-16, -2.250000000000000000 ) ) ;
#2620 = LINE ( 'NONE', #2584, #6013 ) ;
#2621 = VECTOR ( 'NONE', #3095, 1000.000000000000000 ) ;
#2622 = ORIENTED_EDGE ( 'NONE', *, *, #2585, .T. ) ;
#2623 = CARTESIAN_POINT ( 'NONE',  ( -10.79999999999999893, 0.2000000000000000111, -2.250000000000000000 ) ) ;
#2624 = ORIENTED_EDGE ( 'NONE', *, *, #2409, .F. ) ;
#2625 = VECTOR ( 'NONE', #4318, 1000.000000000000000 ) ;
#2626 = LINE ( 'NONE', #60, #1534 ) ;
#2627 = DIRECTION ( 'NONE',  ( 1.000000000000000000, 0.000000000000000000, 0.000000000000000000 ) ) ;
#2628 = DIRECTION ( 'NONE',  ( 3.504579431022969726E-32, 1.000000000000000000, 2.478176394252580155E-16 ) ) ;
#2629 = VERTEX_POINT ( 'NONE', #5821 ) ;
#2630 = DIRECTION ( 'NONE',  ( -1.000000000000000000, 0.000000000000000000, 0.000000000000000000 ) ) ;
#2631 = ADVANCED_FACE ( 'NONE', ( #3160 ), #1225, .F. ) ;
#2632 =( REPRESENTATION_RELATIONSHIP ('NONE','NONE', #6187, #2070 ) REPRESENTATION_RELATIONSHIP_WITH_TRANSFORMATION ( #4507 )SHAPE_REPRESENTATION_RELATIONSHIP( ) );
#2633 = AXIS2_PLACEMENT_3D ( 'NONE', #3479, #4437, #2977 ) ;
#2634 = VECTOR ( 'NONE', #1171, 1000.000000000000000 ) ;
#2635 = PRODUCT_DEFINITION_FORMATION_WITH_SPECIFIED_SOURCE ( 'ANY', '', #5359, .NOT_KNOWN. ) ;
#2636 = DIRECTION ( 'NONE',  ( 0.000000000000000000, -1.000000000000000000, -2.478176394252580155E-16 ) ) ;
#2637 = CARTESIAN_POINT ( 'NONE',  ( 1.200000000000001510, 0.2000000000000000111, -2.250000000000000000 ) ) ;
#2638 = ORIENTED_EDGE ( 'NONE', *, *, #5013, .T. ) ;
#2639 = DIRECTION ( 'NONE',  ( -1.000000000000000000, 0.000000000000000000, 0.000000000000000000 ) ) ;
#2640 = EDGE_CURVE ( 'NONE', #271, #3582, #6320, .T. ) ;
#2641 = ORIENTED_EDGE ( 'NONE', *, *, #105, .F. ) ;
#2642 = DIRECTION ( 'NONE',  ( 1.000000000000000000, 0.000000000000000000, 0.000000000000000000 ) ) ;
#2643 = CARTESIAN_POINT ( 'NONE',  ( -10.05000000000000071, 4.336808689942014778E-16, -2.250000000000000000 ) ) ;
#2644 = DIRECTION ( 'NONE',  ( -1.000000000000000000, 0.000000000000000000, 1.414176746720221921E-16 ) ) ;
#2645 = ORIENTED_EDGE ( 'NONE', *, *, #1512, .F. ) ;
#2646 = CARTESIAN_POINT ( 'NONE',  ( 7.200000000000001954, 0.2000000000000000111, -2.250000000000000000 ) ) ;
#2647 = CARTESIAN_POINT ( 'NONE',  ( 7.000000000000004441, -2.168404344970914205E-16, 1.099999999999947464 ) ) ;
#2648 = ORIENTED_EDGE ( 'NONE', *, *, #4316, .T. ) ;
#2649 = DIRECTION ( 'NONE',  ( 1.000000000000000000, 0.000000000000000000, 0.000000000000000000 ) ) ;
#2650 = ADVANCED_FACE ( 'NONE', ( #2660 ), #4685, .F. ) ;
#2651 = DIRECTION ( 'NONE',  ( 0.000000000000000000, -1.000000000000000000, 0.000000000000000000 ) ) ;
#2652 = VERTEX_POINT ( 'NONE', #1155 ) ;
#2653 = VERTEX_POINT ( 'NONE', #3191 ) ;
#2654 = CARTESIAN_POINT ( 'NONE',  ( -13.22499999999999964, 1.750000000000000000, 2.250000000000000000 ) ) ;
#2655 = ADVANCED_FACE ( 'NONE', ( #4881, #1826 ), #5944, .F. ) ;
#2656 = EDGE_CURVE ( 'NONE', #5380, #5625, #2353, .T. ) ;
#2657 = ORIENTED_EDGE ( 'NONE', *, *, #3096, .F. ) ;
#2658 = DIRECTION ( 'NONE',  ( -9.999739674021979686E-17, -0.7071067811865490160, -0.7071067811865461294 ) ) ;
#2659 = CARTESIAN_POINT ( 'NONE',  ( -6.799999999999998934, -4.336808689942014778E-16, -2.250000000000000000 ) ) ;
#2660 = FACE_OUTER_BOUND ( 'NONE', #3821, .T. ) ;
#2661 = VECTOR ( 'NONE', #1577, 1000.000000000000000 ) ;
#2662 = CARTESIAN_POINT ( 'NONE',  ( 9.199999999999999289, 0.2000000000000000111, -2.250000000000000000 ) ) ;
#2663 = ORIENTED_EDGE ( 'NONE', *, *, #1430, .T. ) ;
#2664 = CARTESIAN_POINT ( 'NONE',  ( 6.800000000000002487, -4.336808689942014778E-16, 2.250000000000000000 ) ) ;
#2665 = EDGE_CURVE ( 'NONE', #6146, #4811, #1391, .T. ) ;
#2666 = LINE ( 'NONE', #1598, #1525 ) ;
#2667 = ORIENTED_EDGE ( 'NONE', *, *, #2784, .F. ) ;
#2668 = CARTESIAN_POINT ( 'NONE',  ( -10.79999999999999893, -4.336808689942014778E-16, -2.250000000000000000 ) ) ;
#2669 = ORIENTED_EDGE ( 'NONE', *, *, #4000, .F. ) ;
#2670 = CARTESIAN_POINT ( 'NONE',  ( 7.200000000000001954, 0.2000000000000000111, -2.250000000000000000 ) ) ;
#2671 = LINE ( 'NONE', #1014, #4016 ) ;
#2672 = ORIENTED_EDGE ( 'NONE', *, *, #3558, .F. ) ;
#2673 = ADVANCED_FACE ( 'NONE', ( #2890 ), #2426, .F. ) ;
#2674 = CARTESIAN_POINT ( 'NONE',  ( -5.250000000000000000, -2.419911892563235245, 0.2500000000000000000 ) ) ;
#2675 = ADVANCED_FACE ( 'NONE', ( #5879 ), #2458, .F. ) ;
#2676 = DIRECTION ( 'NONE',  ( 1.000000000000000000, 0.000000000000000000, 0.000000000000000000 ) ) ;
#2677 = LINE ( 'NONE', #3672, #2820 ) ;
#2678 = ORIENTED_EDGE ( 'NONE', *, *, #963, .F. ) ;
#2679 = CARTESIAN_POINT ( 'NONE',  ( 1.750000000000001554, -3.399999999999999911, 0.2999999999999999889 ) ) ;
#2680 = ORIENTED_EDGE ( 'NONE', *, *, #1900, .T. ) ;
#2681 = LINE ( 'NONE', #772, #5873 ) ;
#2682 = CARTESIAN_POINT ( 'NONE',  ( -11.75000000000000000, 0.2000000000000000111, 0.8000000000000000444 ) ) ;
#2683 = ORIENTED_EDGE ( 'NONE', *, *, #1368, .F. ) ;
#2684 = VECTOR ( 'NONE', #5827, 1000.000000000000000 ) ;
#2685 = VERTEX_POINT ( 'NONE', #922 ) ;
#2686 = VECTOR ( 'NONE', #5707, 1000.000000000000000 ) ;
#2687 = LINE ( 'NONE', #2087, #3378 ) ;
#2688 = ORIENTED_EDGE ( 'NONE', *, *, #1925, .F. ) ;
#2689 = CARTESIAN_POINT ( 'NONE',  ( 3.200000000000001510, 0.2000000000000000111, -2.250000000000000000 ) ) ;
#2690 = UNCERTAINTY_MEASURE_WITH_UNIT (LENGTH_MEASURE( 1.000000000000000082E-05 ), #283, 'distance_accuracy_value', 'NONE');
#2691 = AXIS2_PLACEMENT_3D ( 'NONE', #3379, #1374, #5402 ) ;
#2692 = CARTESIAN_POINT ( 'NONE',  ( -15.29999999999999893, 4.500000000000000000, 0.3800000000000000044 ) ) ;
#2693 = CARTESIAN_POINT ( 'NONE',  ( 14.24999999999999822, 4.250000000000000000, 1.649999999999999911 ) ) ;
#2694 = ADVANCED_FACE ( 'NONE', ( #3424 ), #5448, .F. ) ;
#2695 = CARTESIAN_POINT ( 'NONE',  ( -5.250000000000000000, -0.4291796067500625034, 0.8000000000000000444 ) ) ;
#2696 = ORIENTED_EDGE ( 'NONE', *, *, #3517, .T. ) ;
#2697 = DIRECTION ( 'NONE',  ( 3.504579431022969726E-32, 1.000000000000000000, 2.478176394252580155E-16 ) ) ;
#2698 = ORIENTED_EDGE ( 'NONE', *, *, #3181, .F. ) ;
#2699 = PRODUCT_DEFINITION_SHAPE ( 'NONE', 'NONE',  #6589 ) ;
#2700 = DIRECTION ( 'NONE',  ( 0.000000000000000000, -1.000000000000000000, -2.478176394252580155E-16 ) ) ;
#2701 = VERTEX_POINT ( 'NONE', #823 ) ;
#2702 = LINE ( 'NONE', #1867, #6326 ) ;
#2703 = ORIENTED_EDGE ( 'NONE', *, *, #5333, .F. ) ;
#2704 = LINE ( 'NONE', #4235, #4845 ) ;
#2705 = CARTESIAN_POINT ( 'NONE',  ( 3.750000000000001776, 1.750000000000000000, 0.2999999999999999889 ) ) ;
#2706 = VECTOR ( 'NONE', #3049, 1000.000000000000000 ) ;
#2707 = EDGE_LOOP ( 'NONE', ( #2355, #6324, #1218, #4508 ) ) ;
#2708 = DIRECTION ( 'NONE',  ( -3.504579431022969726E-32, -1.000000000000000000, 0.000000000000000000 ) ) ;
#2709 = CARTESIAN_POINT ( 'NONE',  ( -15.29999999999999893, 1.750000000000000000, -1.850000000000000089 ) ) ;
#2710 = CARTESIAN_POINT ( 'NONE',  ( 15.19999999999999751, 2.250000000000000000, 1.649999999999999911 ) ) ;
#2711 = ORIENTED_EDGE ( 'NONE', *, *, #2394, .T. ) ;
#2712 = LINE ( 'NONE', #2679, #1339 ) ;
#2713 = CIRCLE ( 'NONE', #6432, 0.5499999999999789502 ) ;
#2714 = CARTESIAN_POINT ( 'NONE',  ( 3.000000000000004441, -2.168404344970917409E-16, 1.099999999999947464 ) ) ;
#2715 = EDGE_CURVE ( 'NONE', #2701, #5317, #5484, .T. ) ;
#2716 = ORIENTED_EDGE ( 'NONE', *, *, #4061, .F. ) ;
#2717 = AXIS2_PLACEMENT_3D ( 'NONE', #6164, #4702, #603 ) ;
#2718 = PLANE ( 'NONE',  #26 ) ;
#2719 =( REPRESENTATION_RELATIONSHIP ('NONE','NONE', #6187, #2070 ) REPRESENTATION_RELATIONSHIP_WITH_TRANSFORMATION ( #6570 )SHAPE_REPRESENTATION_RELATIONSHIP( ) );
#2720 = DIRECTION ( 'NONE',  ( 0.000000000000000000, 1.000000000000000000, 0.000000000000000000 ) ) ;
#2721 = ORIENTED_EDGE ( 'NONE', *, *, #5307, .T. ) ;
#2722 = ORIENTED_EDGE ( 'NONE', *, *, #3484, .T. ) ;
#2723 = CARTESIAN_POINT ( 'NONE',  ( 15.19999999999999751, 4.250000000000000000, 2.250000000000000000 ) ) ;
#2724 = VECTOR ( 'NONE', #5332, 1000.000000000000000 ) ;
#2725 = EDGE_CURVE ( 'NONE', #4740, #3162, #3328, .T. ) ;
#2726 = ORIENTED_EDGE ( 'NONE', *, *, #4506, .T. ) ;
#2727 = DIRECTION ( 'NONE',  ( 3.504579431022969726E-32, 1.000000000000000000, 2.478176394252580155E-16 ) ) ;
#2728 = VECTOR ( 'NONE', #3513, 1000.000000000000000 ) ;
#2729 = DIRECTION ( 'NONE',  ( 3.504579431022969726E-32, 1.000000000000000000, 2.478176394252580155E-16 ) ) ;
#2730 = LINE ( 'NONE', #5187, #900 ) ;
#2731 = CARTESIAN_POINT ( 'NONE',  ( 7.750000000000001776, 0.2000000000000000111, -2.250000000000000000 ) ) ;
#2732 = ORIENTED_EDGE ( 'NONE', *, *, #3197, .T. ) ;
#2733 = CARTESIAN_POINT ( 'NONE',  ( -5.750000000000000000, 1.750000000000000000, 0.2999999999999999889 ) ) ;
#2734 = VECTOR ( 'NONE', #3657, 1000.000000000000000 ) ;
#2735 = EDGE_CURVE ( 'NONE', #2864, #2430, #2862, .T. ) ;
#2736 = ORIENTED_EDGE ( 'NONE', *, *, #2389, .F. ) ;
#2737 = CARTESIAN_POINT ( 'NONE',  ( -14.24999999999999822, 2.250000000000000000, 1.649999999999999911 ) ) ;
#2738 = AXIS2_PLACEMENT_3D ( 'NONE', #1183, #4180, #4590 ) ;
#2739 = LINE ( 'NONE', #2100, #366 ) ;
#2740 = VERTEX_POINT ( 'NONE', #392 ) ;
#2741 = CARTESIAN_POINT ( 'NONE',  ( -13.74999999999999822, 6.000000000000000000, 0.8000000000000000444 ) ) ;
#2742 = DIRECTION ( 'NONE',  ( 1.000000000000000000, 0.000000000000000000, 0.000000000000000000 ) ) ;
#2743 = VERTEX_POINT ( 'NONE', #354 ) ;
#2744 = DIRECTION ( 'NONE',  ( 1.519869053105245017E-47, 0.000000000000000000, 1.000000000000000000 ) ) ;
#2745 = DIRECTION ( 'NONE',  ( 0.000000000000000000, 0.000000000000000000, 1.000000000000000000 ) ) ;
#2746 = CARTESIAN_POINT ( 'NONE',  ( -14.24999999999999822, 6.000000000000000000, 0.8000000000000000444 ) ) ;
#2747 = ORIENTED_EDGE ( 'NONE', *, *, #6490, .T. ) ;
#2748 = DIRECTION ( 'NONE',  ( 1.000000000000000000, 0.000000000000000000, 0.000000000000000000 ) ) ;
#2749 = DIRECTION ( 'NONE',  ( -1.000000000000000000, 0.000000000000000000, 6.982962677686266711E-15 ) ) ;
#2750 = ORIENTED_EDGE ( 'NONE', *, *, #1167, .F. ) ;
#2751 = LINE ( 'NONE', #149, #861 ) ;
#2752 = ADVANCED_FACE ( 'NONE', ( #5354, #295 ), #1857, .F. ) ;
#2753 = EDGE_CURVE ( 'NONE', #5732, #6074, #6484, .T. ) ;
#2754 = CARTESIAN_POINT ( 'NONE',  ( 1.750000000000001554, 1.750000000000000000, 0.8000000000000000444 ) ) ;
#2755 = ORIENTED_EDGE ( 'NONE', *, *, #2599, .T. ) ;
#2756 = VERTEX_POINT ( 'NONE', #4986 ) ;
#2757 = PLANE ( 'NONE',  #2199 ) ;
#2758 = EDGE_LOOP ( 'NONE', ( #2012, #4798, #5917, #6552 ) ) ;
#2759 = DIRECTION ( 'NONE',  ( 3.504579431022969726E-32, 1.000000000000000000, 2.478176394252580155E-16 ) ) ;
#2760 = CARTESIAN_POINT ( 'NONE',  ( 15.94999999999999929, 6.000000000000000000, -0.1200000000000000094 ) ) ;
#2761 = DIRECTION ( 'NONE',  ( 0.000000000000000000, 0.000000000000000000, 1.000000000000000000 ) ) ;
#2762 = EDGE_CURVE ( 'NONE', #4574, #1268, #5913, .T. ) ;
#2763 = DIRECTION ( 'NONE',  ( -1.000000000000000000, 0.000000000000000000, 0.000000000000000000 ) ) ;
#2764 = EDGE_LOOP ( 'NONE', ( #6293, #4317, #342, #4581 ) ) ;
#2765 = CARTESIAN_POINT ( 'NONE',  ( -5.200000000000000178, -4.336808689942014778E-16, -2.250000000000000000 ) ) ;
#2766 = VERTEX_POINT ( 'NONE', #5849 ) ;
#2767 = ADVANCED_FACE ( 'NONE', ( #1289 ), #1362, .F. ) ;
#2768 = EDGE_CURVE ( 'NONE', #5855, #271, #784, .T. ) ;
#2769 = CARTESIAN_POINT ( 'NONE',  ( 3.750000000000001776, 0.2000000000000000111, -2.250000000000000000 ) ) ;
#2770 = ORIENTED_EDGE ( 'NONE', *, *, #647, .T. ) ;
#2771 = DIRECTION ( 'NONE',  ( 0.000000000000000000, -4.336808689942020201E-16, 1.000000000000000000 ) ) ;
#2772 = ORIENTED_EDGE ( 'NONE', *, *, #3517, .F. ) ;
#2773 = CARTESIAN_POINT ( 'NONE',  ( -6.799999999999998934, 0.2000000000000000111, -2.250000000000000000 ) ) ;
#2774 = EDGE_CURVE ( 'NONE', #547, #1972, #2830, .T. ) ;
#2775 = CARTESIAN_POINT ( 'NONE',  ( 15.94999999999999929, 4.336808689942014778E-16, -2.250000000000000000 ) ) ;
#2776 = PLANE ( 'NONE',  #6083 ) ;
#2777 = FACE_OUTER_BOUND ( 'NONE', #1028, .T. ) ;
#2778 = CARTESIAN_POINT ( 'NONE',  ( 3.200000000000001510, -4.336808689942014778E-16, 2.250000000000000000 ) ) ;
#2779 = EDGE_CURVE ( 'NONE', #5482, #1793, #2620, .T. ) ;
#2780 = VERTEX_POINT ( 'NONE', #4118 ) ;
#2781 = CARTESIAN_POINT ( 'NONE',  ( 9.950000000000001066, -4.336808689942014778E-16, 2.250000000000000000 ) ) ;
#2782 = EDGE_LOOP ( 'NONE', ( #740, #2016, #4144, #3817, #4478, #5346 ) ) ;
#2783 = CARTESIAN_POINT ( 'NONE',  ( 15.29999999999999893, 4.500000000000000000, 0.3800000000000000044 ) ) ;
#2784 = EDGE_CURVE ( 'NONE', #478, #3055, #3023, .T. ) ;
#2785 = VECTOR ( 'NONE', #6253, 1000.000000000000000 ) ;
#2786 = EDGE_CURVE ( 'NONE', #1268, #1954, #5615, .T. ) ;
#2787 = VECTOR ( 'NONE', #2745, 1000.000000000000000 ) ;
#2788 = DIRECTION ( 'NONE',  ( -1.000000000000000000, 1.084202172485503818E-16, 0.000000000000000000 ) ) ;
#2789 = ORIENTED_EDGE ( 'NONE', *, *, #34, .F. ) ;
#2790 = ORIENTED_EDGE ( 'NONE', *, *, #2665, .T. ) ;
#2791 = DIRECTION ( 'NONE',  ( 0.000000000000000000, 1.000000000000000000, 0.000000000000000000 ) ) ;
#2792 = ORIENTED_EDGE ( 'NONE', *, *, #3528, .T. ) ;
#2793 = CARTESIAN_POINT ( 'NONE',  ( -9.199999999999999289, -4.336808689942014778E-16, -2.250000000000000000 ) ) ;
#2794 = DIRECTION ( 'NONE',  ( -1.519869053105245017E-47, 0.000000000000000000, -1.000000000000000000 ) ) ;
#2795 = DIRECTION ( 'NONE',  ( 0.000000000000000000, 1.000000000000000000, 1.927470528863119788E-16 ) ) ;
#2796 = AXIS2_PLACEMENT_3D ( 'NONE', #3828, #2396, #1367 ) ;
#2797 = ORIENTED_EDGE ( 'NONE', *, *, #4543, .T. ) ;
#2798 = DIRECTION ( 'NONE',  ( 0.000000000000000000, 0.1321637200910242005, 0.9912279006826337779 ) ) ;
#2799 = VERTEX_POINT ( 'NONE', #6550 ) ;
#2800 = COLOUR_RGB ( '',1.000000000000000000, 1.000000000000000000, 1.000000000000000000 ) ;
#2801 = DIRECTION ( 'NONE',  ( 0.000000000000000000, -1.000000000000000000, -2.478176394252580155E-16 ) ) ;
#2802 = ORIENTED_EDGE ( 'NONE', *, *, #1987, .F. ) ;
#2803 = CARTESIAN_POINT ( 'NONE',  ( -10.05000000000000071, 4.336808689942014778E-16, -2.250000000000000000 ) ) ;
#2804 = EDGE_LOOP ( 'NONE', ( #3312, #2146, #3744, #5180 ) ) ;
#2805 = AXIS2_PLACEMENT_3D ( 'NONE', #1629, #4160, #726 ) ;
#2806 = LINE ( 'NONE', #1338, #486 ) ;
#2807 = EDGE_CURVE ( 'NONE', #240, #4937, #4030, .T. ) ;
#2808 = CARTESIAN_POINT ( 'NONE',  ( -2.799999999999998490, -4.336808689942014778E-16, 2.250000000000000000 ) ) ;
#2809 = CARTESIAN_POINT ( 'NONE',  ( 15.94999999999999929, -4.336808689942014778E-16, 2.250000000000000000 ) ) ;
#2810 = DIRECTION ( 'NONE',  ( 0.000000000000000000, 4.336808689942020201E-16, -1.000000000000000000 ) ) ;
#2811 = DIRECTION ( 'NONE',  ( 0.000000000000000000, 1.000000000000000000, 0.000000000000000000 ) ) ;
#2812 = EDGE_LOOP ( 'NONE', ( #6185, #2519, #1399, #4431 ) ) ;
#2813 = FACE_OUTER_BOUND ( 'NONE', #1888, .T. ) ;
#2814 = APPLICATION_PROTOCOL_DEFINITION ( 'draft international standard', 'automotive_design', 1998, #5350 ) ;
#2815 = AXIS2_PLACEMENT_3D ( 'NONE', #4677, #3184, #3252 ) ;
#2816 = ADVANCED_FACE ( 'NONE', ( #2084 ), #4088, .F. ) ;
#2817 = ORIENTED_EDGE ( 'NONE', *, *, #1533, .F. ) ;
#2818 = DIRECTION ( 'NONE',  ( -1.239088197126289831E-16, 3.165553788278845372E-16, -1.000000000000000000 ) ) ;
#2819 = AXIS2_PLACEMENT_3D ( 'NONE', #6387, #5509, #1452 ) ;
#2820 = VECTOR ( 'NONE', #630, 1000.000000000000000 ) ;
#2821 = DIRECTION ( 'NONE',  ( 0.000000000000000000, 0.4472135954999611474, -0.8944271909999143011 ) ) ;
#2822 = ORIENTED_EDGE ( 'NONE', *, *, #5595, .T. ) ;
#2823 = DIRECTION ( 'NONE',  ( -1.000000000000000000, 0.000000000000000000, 0.000000000000000000 ) ) ;
#2824 = ORIENTED_EDGE ( 'NONE', *, *, #1706, .F. ) ;
#2825 = FACE_OUTER_BOUND ( 'NONE', #5060, .T. ) ;
#2826 = VECTOR ( 'NONE', #2971, 1000.000000000000000 ) ;
#2827 = EDGE_LOOP ( 'NONE', ( #265, #509, #6277, #2618 ) ) ;
#2828 = CARTESIAN_POINT ( 'NONE',  ( -4.750000000000000000, -2.419911892563235245, 0.2500000000000000000 ) ) ;
#2829 = FACE_OUTER_BOUND ( 'NONE', #2764, .T. ) ;
#2830 = LINE ( 'NONE', #1890, #2077 ) ;
#2831 = VECTOR ( 'NONE', #5970, 1000.000000000000000 ) ;
#2832 = AXIS2_PLACEMENT_3D ( 'NONE', #6247, #3645, #673 ) ;
#2833 = ORIENTED_EDGE ( 'NONE', *, *, #5652, .T. ) ;
#2834 = CARTESIAN_POINT ( 'NONE',  ( -8.799999999999998934, 0.2000000000000000111, -2.250000000000000000 ) ) ;
#2835 = VERTEX_POINT ( 'NONE', #3616 ) ;
#2836 = VECTOR ( 'NONE', #4337, 1000.000000000000000 ) ;
#2837 = CARTESIAN_POINT ( 'NONE',  ( 12.80000000000000071, 0.2000000000000000111, -2.250000000000000000 ) ) ;
#2838 = ADVANCED_FACE ( 'NONE', ( #1555 ), #453, .F. ) ;
#2839 = ORIENTED_EDGE ( 'NONE', *, *, #3425, .T. ) ;
#2840 = CARTESIAN_POINT ( 'NONE',  ( 5.750000000000003553, 1.750000000000000000, 0.2999999999999999889 ) ) ;
#2841 = ORIENTED_EDGE ( 'NONE', *, *, #4142, .F. ) ;
#2842 = DIRECTION ( 'NONE',  ( 0.000000000000000000, 2.478176394252580155E-16, -1.000000000000000000 ) ) ;
#2843 = VECTOR ( 'NONE', #1597, 1000.000000000000000 ) ;
#2844 = DIRECTION ( 'NONE',  ( 3.504579431022969726E-32, 1.000000000000000000, 2.478176394252580155E-16 ) ) ;
#2845 = VECTOR ( 'NONE', #218, 1000.000000000000000 ) ;
#2846 = LINE ( 'NONE', #4865, #5561 ) ;
#2847 = LINE ( 'NONE', #3409, #1409 ) ;
#2848 = LINE ( 'NONE', #838, #2923 ) ;
#2849 = EDGE_CURVE ( 'NONE', #3253, #3674, #485, .T. ) ;
#2850 = VERTEX_POINT ( 'NONE', #1992 ) ;
#2851 = LINE ( 'NONE', #5837, #5383 ) ;
#2852 = VECTOR ( 'NONE', #864, 1000.000000000000000 ) ;
#2853 = VERTEX_POINT ( 'NONE', #2023 ) ;
#2854 = DIRECTION ( 'NONE',  ( 0.000000000000000000, -2.478176394252580155E-16, 1.000000000000000000 ) ) ;
#2855 = CARTESIAN_POINT ( 'NONE',  ( 9.750000000000000000, 1.750000000000000000, 0.2999999999999999889 ) ) ;
#2856 = ORIENTED_EDGE ( 'NONE', *, *, #2455, .T. ) ;
#2857 = DIRECTION ( 'NONE',  ( 1.000000000000000000, 0.000000000000000000, 0.000000000000000000 ) ) ;
#2858 = CARTESIAN_POINT ( 'NONE',  ( 15.29999999999999893, 6.000000000000000000, 0.8800000000000000044 ) ) ;
#2859 = VERTEX_POINT ( 'NONE', #6016 ) ;
#2860 = CARTESIAN_POINT ( 'NONE',  ( 11.75000000000000178, 1.750000000000000000, 0.2999999999999999889 ) ) ;
#2861 = PLANE ( 'NONE',  #257 ) ;
#2862 = LINE ( 'NONE', #4950, #2276 ) ;
#2863 = ADVANCED_FACE ( 'NONE', ( #3085 ), #3525, .T. ) ;
#2864 = VERTEX_POINT ( 'NONE', #3058 ) ;
#2865 = DIRECTION ( 'NONE',  ( 3.504579431022969726E-32, 1.000000000000000000, 2.478176394252580155E-16 ) ) ;
#2866 = ORIENTED_EDGE ( 'NONE', *, *, #529, .T. ) ;
#2867 = CARTESIAN_POINT ( 'NONE',  ( -15.19999999999999751, 2.250000000000000000, -2.623757129271619970 ) ) ;
#2868 = EDGE_CURVE ( 'NONE', #3451, #4852, #1018, .T. ) ;
#2869 = ORIENTED_EDGE ( 'NONE', *, *, #2054, .T. ) ;
#2870 = DIRECTION ( 'NONE',  ( 0.000000000000000000, 1.000000000000000000, 0.000000000000000000 ) ) ;
#2871 = EDGE_LOOP ( 'NONE', ( #372, #5868, #2494, #1393 ) ) ;
#2872 = DIRECTION ( 'NONE',  ( 0.000000000000000000, 1.927470528863119788E-16, -1.000000000000000000 ) ) ;
#2873 = CARTESIAN_POINT ( 'NONE',  ( -10.05000000000000071, 0.8299999999999999600, 1.850000000000000089 ) ) ;
#2874 = CARTESIAN_POINT ( 'NONE',  ( -8.799999999999998934, 0.2000000000000000111, 0.2999999999999999889 ) ) ;
#2875 = CARTESIAN_POINT ( 'NONE',  ( 5.200000000000002842, 0.2000000000000000111, -2.250000000000000000 ) ) ;
#2876 = LINE ( 'NONE', #3808, #4300 ) ;
#2877 = VERTEX_POINT ( 'NONE', #546 ) ;
#2878 = CARTESIAN_POINT ( 'NONE',  ( 4.250000000000000000, 0.2000000000000000111, 0.8000000000000000444 ) ) ;
#2879 = ORIENTED_EDGE ( 'NONE', *, *, #3589, .T. ) ;
#2880 = ADVANCED_FACE ( 'NONE', ( #1077 ), #3116, .F. ) ;
#2881 = DIRECTION ( 'NONE',  ( -1.519869053105245017E-47, 0.000000000000000000, -1.000000000000000000 ) ) ;
#2882 = CARTESIAN_POINT ( 'NONE',  ( 14.72499999999999787, 4.250000000000000000, 2.149999999999999911 ) ) ;
#2883 = ORIENTED_EDGE ( 'NONE', *, *, #1628, .T. ) ;
#2884 = DIRECTION ( 'NONE',  ( -1.000000000000000000, 0.000000000000000000, 0.000000000000000000 ) ) ;
#2885 = DIRECTION ( 'NONE',  ( -2.168404344971010101E-16, -5.877471754111439729E-32, -1.000000000000000000 ) ) ;
#2886 = CARTESIAN_POINT ( 'NONE',  ( 7.949999999999998401, 4.336808689942014778E-16, -2.250000000000000000 ) ) ;
#2887 = EDGE_CURVE ( 'NONE', #277, #2372, #576, .T. ) ;
#2888 = VERTEX_POINT ( 'NONE', #2555 ) ;
#2889 = PLANE ( 'NONE',  #3323 ) ;
#2890 = FACE_OUTER_BOUND ( 'NONE', #6027, .T. ) ;
#2891 = EDGE_LOOP ( 'NONE', ( #6401, #1322, #3572, #1978 ) ) ;
#2892 = VECTOR ( 'NONE', #6483, 1000.000000000000000 ) ;
#2893 = DIRECTION ( 'NONE',  ( 1.000000000000000000, 0.000000000000000000, 0.000000000000000000 ) ) ;
#2894 = ORIENTED_EDGE ( 'NONE', *, *, #802, .T. ) ;
#2895 = EDGE_CURVE ( 'NONE', #1587, #5456, #5017, .T. ) ;
#2896 = CARTESIAN_POINT ( 'NONE',  ( 9.199999999999999289, -4.336808689942014778E-16, -2.250000000000000000 ) ) ;
#2897 = ORIENTED_EDGE ( 'NONE', *, *, #5128, .T. ) ;
#2898 = LINE ( 'NONE', #5888, #5153 ) ;
#2899 = ORIENTED_EDGE ( 'NONE', *, *, #264, .T. ) ;
#2900 = FACE_BOUND ( 'NONE', #4294, .T. ) ;
#2901 = VECTOR ( 'NONE', #5423, 1000.000000000000000 ) ;
#2902 = CIRCLE ( 'NONE', #652, 0.5000000000000000000 ) ;
#2903 = EDGE_CURVE ( 'NONE', #201, #5244, #2050, .T. ) ;
#2904 = LINE ( 'NONE', #5401, #5313 ) ;
#2905 = CARTESIAN_POINT ( 'NONE',  ( 10.24999999999999822, 0.2000000000000000111, 0.2999999999999999889 ) ) ;
#2906 = CARTESIAN_POINT ( 'NONE',  ( -4.799999999999998934, 0.2000000000000000111, -2.250000000000000000 ) ) ;
#2907 = VECTOR ( 'NONE', #936, 1000.000000000000000 ) ;
#2908 = CARTESIAN_POINT ( 'NONE',  ( -10.79999999999999893, 0.2000000000000000111, 0.8000000000000000444 ) ) ;
#2909 = CARTESIAN_POINT ( 'NONE',  ( -13.22499999999999964, 1.750000000000000000, 2.250000000000000000 ) ) ;
#2910 = ORIENTED_EDGE ( 'NONE', *, *, #2473, .F. ) ;
#2911 = LINE ( 'NONE', #373, #3146 ) ;
#2912 = APPLICATION_PROTOCOL_DEFINITION ( 'draft international standard', 'automotive_design', 1998, #4551 ) ;
#2913 = ORIENTED_EDGE ( 'NONE', *, *, #2950, .T. ) ;
#2914 = LINE ( 'NONE', #1416, #6516 ) ;
#2915 = FACE_OUTER_BOUND ( 'NONE', #4605, .T. ) ;
#2916 = ORIENTED_EDGE ( 'NONE', *, *, #1000, .F. ) ;
#2917 = LINE ( 'NONE', #683, #2185 ) ;
#2918 = ADVANCED_FACE ( 'NONE', ( #1952 ), #5049, .F. ) ;
#2919 = DIRECTION ( 'NONE',  ( -1.000000000000000000, 0.000000000000000000, 0.000000000000000000 ) ) ;
#2920 = CARTESIAN_POINT ( 'NONE',  ( 10.24999999999999822, -3.399999999999999911, 0.2999999999999999889 ) ) ;
#2921 = EDGE_CURVE ( 'NONE', #4265, #2559, #953, .T. ) ;
#2922 = ORIENTED_EDGE ( 'NONE', *, *, #209, .T. ) ;
#2923 = VECTOR ( 'NONE', #371, 1000.000000000000000 ) ;
#2924 = CARTESIAN_POINT ( 'NONE',  ( 7.200000000000001954, 0.2000000000000000111, 2.250000000000000000 ) ) ;
#2925 = CARTESIAN_POINT ( 'NONE',  ( -9.199999999999999289, 0.2000000000000000111, -2.250000000000000000 ) ) ;
#2926 = EDGE_CURVE ( 'NONE', #3055, #2835, #5179, .T. ) ;
#2927 = ORIENTED_EDGE ( 'NONE', *, *, #2533, .F. ) ;
#2928 = CARTESIAN_POINT ( 'NONE',  ( 3.200000000000001510, 0.2000000000000000111, -2.250000000000000000 ) ) ;
#2929 = VECTOR ( 'NONE', #728, 1000.000000000000000 ) ;
#2930 = ORIENTED_EDGE ( 'NONE', *, *, #19, .F. ) ;
#2931 = AXIS2_PLACEMENT_3D ( 'NONE', #1475, #6031, #2006 ) ;
#2932 = VECTOR ( 'NONE', #4022, 1000.000000000000000 ) ;
#2933 = CARTESIAN_POINT ( 'NONE',  ( -5.250000000000000000, -1.024408905444593954, 0.1143754215522529982 ) ) ;
#2934 = VECTOR ( 'NONE', #1217, 1000.000000000000000 ) ;
#2935 = ORIENTED_EDGE ( 'NONE', *, *, #3298, .T. ) ;
#2936 =( REPRESENTATION_RELATIONSHIP ('NONE','NONE', #6187, #2070 ) REPRESENTATION_RELATIONSHIP_WITH_TRANSFORMATION ( #5069 )SHAPE_REPRESENTATION_RELATIONSHIP( ) );
#2937 = FACE_OUTER_BOUND ( 'NONE', #6208, .T. ) ;
#2938 = ORIENTED_EDGE ( 'NONE', *, *, #817, .T. ) ;
#2939 = CARTESIAN_POINT ( 'NONE',  ( -5.250000000000000000, 5.000000000000000000, 0.8000000000000000444 ) ) ;
#2940 = EDGE_CURVE ( 'NONE', #6070, #790, #636, .T. ) ;
#2941 = VECTOR ( 'NONE', #1277, 1000.000000000000000 ) ;
#2942 = CARTESIAN_POINT ( 'NONE',  ( -15.29999999999999893, 1.750000000000000000, 1.649999999999999911 ) ) ;
#2943 = CARTESIAN_POINT ( 'NONE',  ( -15.29999999999999893, 5.750000000000000000, 1.649999999999999911 ) ) ;
#2944 = DIRECTION ( 'NONE',  ( 1.519869053105245017E-47, 0.000000000000000000, 1.000000000000000000 ) ) ;
#2945 = DIRECTION ( 'NONE',  ( 4.336808689942015271E-16, -1.000000000000000000, 0.000000000000000000 ) ) ;
#2946 = VECTOR ( 'NONE', #2538, 1000.000000000000000 ) ;
#2947 = LINE ( 'NONE', #3539, #3564 ) ;
#2948 = ORIENTED_EDGE ( 'NONE', *, *, #5241, .F. ) ;
#2949 = CARTESIAN_POINT ( 'NONE',  ( 6.250000000000001776, 1.750000000000000000, 0.2999999999999999889 ) ) ;
#2950 = EDGE_CURVE ( 'NONE', #2261, #989, #1684, .T. ) ;
#2951 = ADVANCED_FACE ( 'NONE', ( #1148 ), #609, .T. ) ;
#2952 = AXIS2_PLACEMENT_3D ( 'NONE', #2928, #5947, #1394 ) ;
#2953 = ORIENTED_EDGE ( 'NONE', *, *, #3777, .F. ) ;
#2954 = LINE ( 'NONE', #2136, #6429 ) ;
#2955 = VERTEX_POINT ( 'NONE', #85 ) ;
#2956 = DIRECTION ( 'NONE',  ( 1.000000000000000000, 0.000000000000000000, 0.000000000000000000 ) ) ;
#2957 = VECTOR ( 'NONE', #480, 1000.000000000000000 ) ;
#2958 = LINE ( 'NONE', #3885, #1783 ) ;
#2959 = CARTESIAN_POINT ( 'NONE',  ( 14.79999999999999893, 0.2000000000000000111, 2.250000000000000000 ) ) ;
#2960 = ORIENTED_EDGE ( 'NONE', *, *, #6136, .T. ) ;
#2961 = EDGE_CURVE ( 'NONE', #5264, #5194, #4279, .T. ) ;
#2962 = CARTESIAN_POINT ( 'NONE',  ( -5.750000000000000000, 1.750000000000000000, 0.8000000000000000444 ) ) ;
#2963 = DIRECTION ( 'NONE',  ( 0.000000000000000000, 4.336808689942020201E-16, -1.000000000000000000 ) ) ;
#2964 = VERTEX_POINT ( 'NONE', #2682 ) ;
#2965 = PLANE ( 'NONE',  #2952 ) ;
#2966 = EDGE_LOOP ( 'NONE', ( #4388, #5871, #162, #4359 ) ) ;
#2967 = ADVANCED_FACE ( 'NONE', ( #4707 ), #5709, .F. ) ;
#2968 = EDGE_CURVE ( 'NONE', #427, #4634, #2143, .T. ) ;
#2969 = CARTESIAN_POINT ( 'NONE',  ( -5.250000000000000000, -2.347221846513170451, 0.7951753453754479839 ) ) ;
#2970 = ORIENTED_EDGE ( 'NONE', *, *, #2394, .F. ) ;
#2971 = DIRECTION ( 'NONE',  ( 3.504579431022969726E-32, 1.000000000000000000, 2.478176394252580155E-16 ) ) ;
#2972 = VERTEX_POINT ( 'NONE', #6169 ) ;
#2973 = FILL_AREA_STYLE_COLOUR ( '', #3053 ) ;
#2974 = EDGE_CURVE ( 'NONE', #1530, #3797, #6309, .T. ) ;
#2975 = LINE ( 'NONE', #1968, #4059 ) ;
#2976 = CARTESIAN_POINT ( 'NONE',  ( -4.750000000000000000, -2.419911892563235245, 0.8000000000000000444 ) ) ;
#2977 = DIRECTION ( 'NONE',  ( 0.000000000000000000, 5.957641974055180061E-16, -1.000000000000000000 ) ) ;
#2978 = LINE ( 'NONE', #5467, #51 ) ;
#2979 = ORIENTED_EDGE ( 'NONE', *, *, #6537, .T. ) ;
#2980 = FACE_OUTER_BOUND ( 'NONE', #4962, .T. ) ;
#2981 = ADVANCED_FACE ( 'NONE', ( #151 ), #3214, .F. ) ;
#2982 = ORIENTED_EDGE ( 'NONE', *, *, #855, .F. ) ;
#2983 = LINE ( 'NONE', #9, #1940 ) ;
#2984 = EDGE_CURVE ( 'NONE', #3432, #1702, #184, .T. ) ;
#2985 = CARTESIAN_POINT ( 'NONE',  ( 6.250000000000001776, 1.750000000000000000, 0.2999999999999999889 ) ) ;
#2986 = DIRECTION ( 'NONE',  ( 3.504579431022969726E-32, 1.000000000000000000, 2.478176394252580155E-16 ) ) ;
#2987 = ORIENTED_EDGE ( 'NONE', *, *, #1568, .T. ) ;
#2988 = LINE ( 'NONE', #447, #4203 ) ;
#2989 = LINE ( 'NONE', #3919, #6350 ) ;
#2990 = ORIENTED_EDGE ( 'NONE', *, *, #6011, .F. ) ;
#2991 = PRODUCT_DEFINITION ( 'UNKNOWN', '', #2635, #25 ) ;
#2992 = LINE ( 'NONE', #919, #965 ) ;
#2993 = CARTESIAN_POINT ( 'NONE',  ( -5.250000000000000000, -0.4291796067500625034, 0.2999999999999999889 ) ) ;
#2994 = ORIENTED_EDGE ( 'NONE', *, *, #4628, .F. ) ;
#2995 = LINE ( 'NONE', #5584, #696 ) ;
#2996 = VECTOR ( 'NONE', #5847, 1000.000000000000000 ) ;
#2997 = ORIENTED_EDGE ( 'NONE', *, *, #1696, .T. ) ;
#2998 = CARTESIAN_POINT ( 'NONE',  ( -15.29999999999999893, 1.750000000000000000, -1.850000000000000089 ) ) ;
#2999 = ORIENTED_EDGE ( 'NONE', *, *, #3957, .T. ) ;
#3000 = CARTESIAN_POINT ( 'NONE',  ( 15.29999999999999893, 1.750000000000000000, -1.850000000000000089 ) ) ;
#3001 = VERTEX_POINT ( 'NONE', #3747 ) ;
#3002 = CARTESIAN_POINT ( 'NONE',  ( -5.250000000000000000, -0.4515402865250630060, 0.2947213595499945105 ) ) ;
#3003 = ADVANCED_FACE ( 'NONE', ( #1717 ), #2180, .F. ) ;
#3004 = LINE ( 'NONE', #2539, #1286 ) ;
#3005 = FACE_OUTER_BOUND ( 'NONE', #5736, .T. ) ;
#3006 = CARTESIAN_POINT ( 'NONE',  ( -5.250000000000000000, -2.419911892563235245, 0.8000000000000000444 ) ) ;
#3007 = ORIENTED_EDGE ( 'NONE', *, *, #1594, .T. ) ;
#3008 = AXIS2_PLACEMENT_3D ( 'NONE', #565, #2608, #943 ) ;
#3009 = LINE ( 'NONE', #1938, #4422 ) ;
#3010 = EDGE_CURVE ( 'NONE', #2877, #5625, #1111, .T. ) ;
#3011 = ORIENTED_EDGE ( 'NONE', *, *, #4749, .F. ) ;
#3012 = VECTOR ( 'NONE', #75, 1000.000000000000000 ) ;
#3013 = CARTESIAN_POINT ( 'NONE',  ( 14.79999999999999893, 0.2000000000000000111, 2.250000000000000000 ) ) ;
#3014 = CARTESIAN_POINT ( 'NONE',  ( -12.24999999999999822, -3.399999999999999911, 0.2999999999999999889 ) ) ;
#3015 = LINE ( 'NONE', #2518, #2175 ) ;
#3016 = ORIENTED_EDGE ( 'NONE', *, *, #514, .T. ) ;
#3017 = CARTESIAN_POINT ( 'NONE',  ( -4.750000000000000000, -1.024408905444593954, 0.1143754215522524015 ) ) ;
#3018 = VECTOR ( 'NONE', #4332, 1000.000000000000000 ) ;
#3019 = CARTESIAN_POINT ( 'NONE',  ( -8.050000000000000711, -4.336808689942014778E-16, 2.250000000000000000 ) ) ;
#3020 = ADVANCED_FACE ( 'NONE', ( #2216 ), #4249, .F. ) ;
#3021 = ORIENTED_EDGE ( 'NONE', *, *, #2598, .T. ) ;
#3022 = LINE ( 'NONE', #2049, #1297 ) ;
#3023 = LINE ( 'NONE', #3555, #580 ) ;
#3024 = ORIENTED_EDGE ( 'NONE', *, *, #2418, .T. ) ;
#3025 = LINE ( 'NONE', #5052, #1240 ) ;
#3026 = CIRCLE ( 'NONE', #4716, 0.5000000000000000000 ) ;
#3027 = VECTOR ( 'NONE', #6270, 1000.000000000000000 ) ;
#3028 = ORIENTED_EDGE ( 'NONE', *, *, #773, .F. ) ;
#3029 = DIRECTION ( 'NONE',  ( 0.000000000000000000, 0.000000000000000000, -1.000000000000000000 ) ) ;
#3030 = EDGE_LOOP ( 'NONE', ( #78, #5084, #610, #396 ) ) ;
#3031 = DIRECTION ( 'NONE',  ( 0.000000000000000000, -1.000000000000000000, 0.000000000000000000 ) ) ;
#3032 = AXIS2_PLACEMENT_3D ( 'NONE', #4609, #43, #2075 ) ;
#3033 = VERTEX_POINT ( 'NONE', #1251 ) ;
#3034 = DIRECTION ( 'NONE',  ( 0.000000000000000000, -1.000000000000000000, -1.198194479848324020E-16 ) ) ;
#3035 = AXIS2_PLACEMENT_3D ( 'NONE', #494, #4961, #461 ) ;
#3036 = LINE ( 'NONE', #1656, #1179 ) ;
#3037 = EDGE_CURVE ( 'NONE', #707, #6066, #1749, .T. ) ;
#3038 = ADVANCED_FACE ( 'NONE', ( #3783 ), #5809, .F. ) ;
#3039 = LINE ( 'NONE', #4537, #2051 ) ;
#3040 = DIRECTION ( 'NONE',  ( 0.000000000000000000, -1.577021341797157760E-15, 1.000000000000000000 ) ) ;
#3041 = VERTEX_POINT ( 'NONE', #5672 ) ;
#3042 = DIRECTION ( 'NONE',  ( 0.000000000000000000, -1.000000000000000000, 0.000000000000000000 ) ) ;
#3043 = AXIS2_PLACEMENT_3D ( 'NONE', #3722, #4186, #3067 ) ;
#3044 = EDGE_LOOP ( 'NONE', ( #455, #195, #3850, #2841 ) ) ;
#3045 = AXIS2_PLACEMENT_3D ( 'NONE', #1899, #2842, #4890 ) ;
#3046 = DIRECTION ( 'NONE',  ( 0.000000000000000000, 1.000000000000000000, 0.000000000000000000 ) ) ;
#3047 = EDGE_CURVE ( 'NONE', #382, #6014, #3450, .T. ) ;
#3048 = DIRECTION ( 'NONE',  ( 1.000000000000000000, 0.000000000000000000, 0.000000000000000000 ) ) ;
#3049 = DIRECTION ( 'NONE',  ( 0.000000000000000000, -1.000000000000000000, 0.000000000000000000 ) ) ;
#3050 = ORIENTED_EDGE ( 'NONE', *, *, #6094, .T. ) ;
#3051 = FACE_OUTER_BOUND ( 'NONE', #594, .T. ) ;
#3052 = DIRECTION ( 'NONE',  ( 1.000000000000000000, 0.000000000000000000, 0.000000000000000000 ) ) ;
#3053 = COLOUR_RGB ( '',0.7921568627450980005, 0.8196078431372548767, 0.9333333333333333481 ) ;
#3054 = EDGE_CURVE ( 'NONE', #22, #2133, #317, .T. ) ;
#3055 = VERTEX_POINT ( 'NONE', #5936 ) ;
#3056 = CARTESIAN_POINT ( 'NONE',  ( -5.250000000000000000, -0.4515402865250599529, 0.2947213595499954542 ) ) ;
#3057 = VECTOR ( 'NONE', #1918, 1000.000000000000114 ) ;
#3058 = CARTESIAN_POINT ( 'NONE',  ( -12.79999999999999893, 0.2000000000000000111, 2.250000000000000000 ) ) ;
#3059 = ORIENTED_EDGE ( 'NONE', *, *, #5054, .T. ) ;
#3060 = DIRECTION ( 'NONE',  ( -1.000000000000000000, 0.000000000000000000, 0.000000000000000000 ) ) ;
#3061 =( REPRESENTATION_RELATIONSHIP ('NONE','NONE', #6187, #2070 ) REPRESENTATION_RELATIONSHIP_WITH_TRANSFORMATION ( #5505 )SHAPE_REPRESENTATION_RELATIONSHIP( ) );
#3062 =( GEOMETRIC_REPRESENTATION_CONTEXT ( 3 ) GLOBAL_UNCERTAINTY_ASSIGNED_CONTEXT ( ( #3502 ) ) GLOBAL_UNIT_ASSIGNED_CONTEXT ( ( #6103, #47, #3111 ) ) REPRESENTATION_CONTEXT ( 'NONE', 'WORKASPACE' ) );
#3063 = ORIENTED_EDGE ( 'NONE', *, *, #534, .T. ) ;
#3064 = DIRECTION ( 'NONE',  ( 1.239088197126289831E-16, -2.036060417813154872E-16, 1.000000000000000000 ) ) ;
#3065 = EDGE_CURVE ( 'NONE', #4440, #4260, #2419, .T. ) ;
#3066 = AXIS2_PLACEMENT_3D ( 'NONE', #2714, #1644, #3676 ) ;
#3067 = DIRECTION ( 'NONE',  ( 0.000000000000000000, 1.927470528863119788E-16, -1.000000000000000000 ) ) ;
#3068 = ORIENTED_EDGE ( 'NONE', *, *, #3978, .T. ) ;
#3069 = CARTESIAN_POINT ( 'NONE',  ( -4.000000000000000000, -3.399999999999999911, 0.6908089297201379653 ) ) ;
#3070 = LINE ( 'NONE', #497, #4269 ) ;
#3071 = DIRECTION ( 'NONE',  ( 0.000000000000000000, 4.336808689942020201E-16, -1.000000000000000000 ) ) ;
#3072 = DIRECTION ( 'NONE',  ( 0.000000000000000000, 0.000000000000000000, 1.000000000000000000 ) ) ;
#3073 = ORIENTED_EDGE ( 'NONE', *, *, #2774, .T. ) ;
#3074 = CARTESIAN_POINT ( 'NONE',  ( -10.05000000000000071, -4.336808689942014778E-16, 2.250000000000000000 ) ) ;
#3075 = EDGE_LOOP ( 'NONE', ( #6119, #4429, #4737, #2578 ) ) ;
#3076 = VECTOR ( 'NONE', #5925, 1000.000000000000000 ) ;
#3077 = DIRECTION ( 'NONE',  ( 0.000000000000000000, 0.4472135954999735263, -0.8944271909999079728 ) ) ;
#3078 = DIRECTION ( 'NONE',  ( 3.504579431022969726E-32, 1.000000000000000000, 2.478176394252580155E-16 ) ) ;
#3079 = DIRECTION ( 'NONE',  ( 3.504579431022969726E-32, 1.000000000000000000, 2.478176394252580155E-16 ) ) ;
#3080 = ORIENTED_EDGE ( 'NONE', *, *, #5530, .T. ) ;
#3081 = DIRECTION ( 'NONE',  ( 3.504579431022969726E-32, 1.000000000000000000, 2.478176394252580155E-16 ) ) ;
#3082 = ADVANCED_FACE ( 'NONE', ( #1816 ), #284, .T. ) ;
#3083 = ORIENTED_EDGE ( 'NONE', *, *, #3364, .T. ) ;
#3084 = PLANE ( 'NONE',  #5751 ) ;
#3085 = FACE_OUTER_BOUND ( 'NONE', #4693, .T. ) ;
#3086 = EDGE_CURVE ( 'NONE', #5739, #3253, #1281, .T. ) ;
#3087 = ORIENTED_EDGE ( 'NONE', *, *, #855, .T. ) ;
#3088 = DIRECTION ( 'NONE',  ( 0.000000000000000000, 1.927470528863119788E-16, -1.000000000000000000 ) ) ;
#3089 = EDGE_CURVE ( 'NONE', #1239, #1229, #3846, .T. ) ;
#3090 = ORIENTED_EDGE ( 'NONE', *, *, #3834, .T. ) ;
#3091 = DIRECTION ( 'NONE',  ( 0.000000000000000000, 0.000000000000000000, 1.000000000000000000 ) ) ;
#3092 = CARTESIAN_POINT ( 'NONE',  ( 11.20000000000000107, 0.2000000000000000111, -2.250000000000000000 ) ) ;
#3093 = DIRECTION ( 'NONE',  ( -1.000000000000000000, -4.848699518061080246E-16, 0.000000000000000000 ) ) ;
#3094 = ORIENTED_EDGE ( 'NONE', *, *, #1911, .T. ) ;
#3095 = DIRECTION ( 'NONE',  ( -1.000000000000000000, 0.000000000000000000, 0.000000000000000000 ) ) ;
#3096 = EDGE_CURVE ( 'NONE', #564, #4687, #1882, .T. ) ;
#3097 = CARTESIAN_POINT ( 'NONE',  ( -5.250000000000000000, -1.024408905444593954, 0.1143754215522525958 ) ) ;
#3098 = CARTESIAN_POINT ( 'NONE',  ( -5.250000000000000000, -0.7057513818695559937, 0.1676158118777479888 ) ) ;
#3099 = ORIENTED_EDGE ( 'NONE', *, *, #296, .T. ) ;
#3100 = DIRECTION ( 'NONE',  ( -2.168404344971010101E-16, 0.000000000000000000, 1.000000000000000000 ) ) ;
#3101 = ADVANCED_FACE ( 'NONE', ( #2915 ), #4806, .F. ) ;
#3102 = VECTOR ( 'NONE', #3554, 1000.000000000000000 ) ;
#3103 = AXIS2_PLACEMENT_3D ( 'NONE', #4699, #5799, #238 ) ;
#3104 = EDGE_CURVE ( 'NONE', #983, #178, #3389, .T. ) ;
#3105 = VERTEX_POINT ( 'NONE', #5870 ) ;
#3106 = FACE_OUTER_BOUND ( 'NONE', #1177, .T. ) ;
#3107 = DIRECTION ( 'NONE',  ( -1.000000000000000000, 0.000000000000000000, 0.000000000000000000 ) ) ;
#3108 = CARTESIAN_POINT ( 'NONE',  ( -14.24999999999999822, 4.250000000000000000, 2.250000000000000000 ) ) ;
#3109 = ORIENTED_EDGE ( 'NONE', *, *, #3511, .T. ) ;
#3110 = CARTESIAN_POINT ( 'NONE',  ( -13.19999999999999929, 0.2000000000000000111, 0.2999999999999999889 ) ) ;
#3111 =( NAMED_UNIT ( * ) SI_UNIT ( $, .STERADIAN. ) SOLID_ANGLE_UNIT ( ) );
#3112 = AXIS2_PLACEMENT_3D ( 'NONE', #4079, #2042, #3077 ) ;
#3113 = ORIENTED_EDGE ( 'NONE', *, *, #5721, .T. ) ;
#3114 = CARTESIAN_POINT ( 'NONE',  ( 5.750000000000003553, 1.750000000000000000, 0.8000000000000000444 ) ) ;
#3115 = EDGE_CURVE ( 'NONE', #655, #219, #6475, .T. ) ;
#3116 = PLANE ( 'NONE',  #270 ) ;
#3117 = ORIENTED_EDGE ( 'NONE', *, *, #3511, .F. ) ;
#3118 = PLANE ( 'NONE',  #2738 ) ;
#3119 = ORIENTED_EDGE ( 'NONE', *, *, #50, .F. ) ;
#3120 = DIRECTION ( 'NONE',  ( 0.000000000000000000, 0.000000000000000000, 1.000000000000000000 ) ) ;
#3121 = CARTESIAN_POINT ( 'NONE',  ( 14.72499999999999787, 4.250000000000000000, 2.149999999999999911 ) ) ;
#3122 = EDGE_CURVE ( 'NONE', #3715, #3215, #2281, .T. ) ;
#3123 = CARTESIAN_POINT ( 'NONE',  ( -5.250000000000000000, -1.024408905444593954, 0.1143754215522525958 ) ) ;
#3124 = ORIENTED_EDGE ( 'NONE', *, *, #2598, .F. ) ;
#3125 = FACE_OUTER_BOUND ( 'NONE', #2182, .T. ) ;
#3126 = VECTOR ( 'NONE', #4340, 1000.000000000000000 ) ;
#3127 = VECTOR ( 'NONE', #5440, 1000.000000000000000 ) ;
#3128 = LINE ( 'NONE', #3727, #2586 ) ;
#3129 = ORIENTED_EDGE ( 'NONE', *, *, #3497, .T. ) ;
#3130 = CARTESIAN_POINT ( 'NONE',  ( 15.94999999999999929, 4.500000000000000000, -0.1200000000000000094 ) ) ;
#3131 = EDGE_CURVE ( 'NONE', #3650, #1700, #6412, .T. ) ;
#3132 = ORIENTED_EDGE ( 'NONE', *, *, #5503, .F. ) ;
#3133 = CARTESIAN_POINT ( 'NONE',  ( -10.79999999999999893, 0.2000000000000000111, 0.2999999999999999889 ) ) ;
#3134 = AXIS2_PLACEMENT_3D ( 'NONE', #1631, #133, #168 ) ;
#3135 = ORIENTED_EDGE ( 'NONE', *, *, #1866, .F. ) ;
#3136 = LINE ( 'NONE', #104, #454 ) ;
#3137 = CARTESIAN_POINT ( 'NONE',  ( 4.800000000000000711, 0.2000000000000000111, -2.250000000000000000 ) ) ;
#3138 = EDGE_CURVE ( 'NONE', #5408, #1630, #2378, .T. ) ;
#3139 = VECTOR ( 'NONE', #4660, 1000.000000000000000 ) ;
#3140 = DIRECTION ( 'NONE',  ( -4.336808689942020201E-16, -1.000000000000000000, 0.000000000000000000 ) ) ;
#3141 = EDGE_CURVE ( 'NONE', #1847, #2743, #3815, .T. ) ;
#3142 = VECTOR ( 'NONE', #2253, 1000.000000000000000 ) ;
#3143 = VERTEX_POINT ( 'NONE', #1914 ) ;
#3144 = DIRECTION ( 'NONE',  ( -1.000000000000000000, 3.504579431022969726E-32, 1.519869053105245017E-47 ) ) ;
#3145 =( NAMED_UNIT ( * ) PLANE_ANGLE_UNIT ( ) SI_UNIT ( $, .RADIAN. ) );
#3146 = VECTOR ( 'NONE', #5961, 1000.000000000000000 ) ;
#3147 = ORIENTED_EDGE ( 'NONE', *, *, #2725, .T. ) ;
#3148 = CARTESIAN_POINT ( 'NONE',  ( 8.800000000000000711, 0.2000000000000000111, 2.250000000000000000 ) ) ;
#3149 = DIRECTION ( 'NONE',  ( -1.084202172485503818E-16, -1.000000000000000000, 0.000000000000000000 ) ) ;
#3150 = ORIENTED_EDGE ( 'NONE', *, *, #2455, .F. ) ;
#3151 = AXIS2_PLACEMENT_3D ( 'NONE', #3858, #4259, #3300 ) ;
#3152 = ORIENTED_EDGE ( 'NONE', *, *, #6457, .F. ) ;
#3153 = LINE ( 'NONE', #4655, #2414 ) ;
#3154 = EDGE_CURVE ( 'NONE', #1039, #4802, #5343, .T. ) ;
#3155 = ADVANCED_FACE ( 'NONE', ( #6379 ), #5968, .T. ) ;
#3156 = EDGE_LOOP ( 'NONE', ( #393, #1088, #4531, #876 ) ) ;
#3157 = VECTOR ( 'NONE', #4416, 1000.000000000000000 ) ;
#3158 = CARTESIAN_POINT ( 'NONE',  ( -15.54999999999999893, 6.000000000000000000, 1.899999999999999911 ) ) ;
#3159 = EDGE_CURVE ( 'NONE', #6057, #1193, #5474, .T. ) ;
#3160 = FACE_OUTER_BOUND ( 'NONE', #1845, .T. ) ;
#3161 = PLANE ( 'NONE',  #1447 ) ;
#3162 = VERTEX_POINT ( 'NONE', #912 ) ;
#3163 = LINE ( 'NONE', #6179, #6344 ) ;
#3164 = VECTOR ( 'NONE', #5907, 1000.000000000000000 ) ;
#3165 = EDGE_CURVE ( 'NONE', #382, #1268, #875, .T. ) ;
#3166 = EDGE_CURVE ( 'NONE', #5317, #4953, #5540, .T. ) ;
#3167 = PLANE ( 'NONE',  #4606 ) ;
#3168 = ORIENTED_EDGE ( 'NONE', *, *, #956, .F. ) ;
#3169 = DIRECTION ( 'NONE',  ( 0.000000000000000000, -1.000000000000000000, -2.478176394252580155E-16 ) ) ;
#3170 = VERTEX_POINT ( 'NONE', #445 ) ;
#3171 = EDGE_CURVE ( 'NONE', #3305, #1630, #3015, .T. ) ;
#3172 = DIRECTION ( 'NONE',  ( 0.000000000000000000, 1.000000000000000000, 0.000000000000000000 ) ) ;
#3173 = LINE ( 'NONE', #1519, #4652 ) ;
#3174 = VERTEX_POINT ( 'NONE', #538 ) ;
#3175 = CARTESIAN_POINT ( 'NONE',  ( -3.199999999999999734, -4.336808689942014778E-16, 2.250000000000000000 ) ) ;
#3176 = CARTESIAN_POINT ( 'NONE',  ( 11.20000000000000107, -4.336808689942014778E-16, -2.250000000000000000 ) ) ;
#3177 = CARTESIAN_POINT ( 'NONE',  ( -12.24999999999999822, 0.2000000000000000111, 0.2999999999999999889 ) ) ;
#3178 = ORIENTED_EDGE ( 'NONE', *, *, #4949, .T. ) ;
#3179 = CARTESIAN_POINT ( 'NONE',  ( -10.05000000000000071, 4.336808689942014778E-16, -2.250000000000000000 ) ) ;
#3180 = SURFACE_STYLE_USAGE ( .BOTH. , #4703 ) ;
#3181 = EDGE_CURVE ( 'NONE', #6248, #2864, #2548, .T. ) ;
#3182 = ORIENTED_EDGE ( 'NONE', *, *, #2656, .F. ) ;
#3183 = CARTESIAN_POINT ( 'NONE',  ( -4.249999999999998224, 1.750000000000000000, 0.2999999999999999889 ) ) ;
#3184 = DIRECTION ( 'NONE',  ( 0.000000000000000000, 1.000000000000000000, 1.927470528863119788E-16 ) ) ;
#3185 = EDGE_LOOP ( 'NONE', ( #1765, #2839, #2128, #2703 ) ) ;
#3186 = EDGE_LOOP ( 'NONE', ( #2000, #1804, #3697, #6351 ) ) ;
#3187 = DIRECTION ( 'NONE',  ( -1.000000000000000000, -4.336808689942015271E-16, 0.000000000000000000 ) ) ;
#3188 = ORIENTED_EDGE ( 'NONE', *, *, #4023, .F. ) ;
#3189 = CARTESIAN_POINT ( 'NONE',  ( -2.249999999999998668, 0.2000000000000000111, 0.2999999999999999889 ) ) ;
#3190 = DIRECTION ( 'NONE',  ( 3.504579431022969726E-32, 1.000000000000000000, 2.478176394252580155E-16 ) ) ;
#3191 = CARTESIAN_POINT ( 'NONE',  ( -4.750000000000000000, -1.024408905444593954, 0.1143754215522521933 ) ) ;
#3192 = DIRECTION ( 'NONE',  ( 0.000000000000000000, 0.000000000000000000, 1.000000000000000000 ) ) ;
#3193 = ORIENTED_EDGE ( 'NONE', *, *, #4339, .F. ) ;
#3194 = LINE ( 'NONE', #5626, #590 ) ;
#3195 = ORIENTED_EDGE ( 'NONE', *, *, #6476, .F. ) ;
#3196 = CARTESIAN_POINT ( 'NONE',  ( -8.249999999999998224, -3.399999999999999911, 0.8000000000000000444 ) ) ;
#3197 = EDGE_CURVE ( 'NONE', #6463, #1051, #5007, .T. ) ;
#3198 = ORIENTED_EDGE ( 'NONE', *, *, #2513, .T. ) ;
#3199 = CARTESIAN_POINT ( 'NONE',  ( -10.24999999999999822, -3.399999999999999911, 0.8000000000000000444 ) ) ;
#3200 = ORIENTED_EDGE ( 'NONE', *, *, #4172, .F. ) ;
#3201 = CARTESIAN_POINT ( 'NONE',  ( 14.72499999999999787, 6.000000000000000000, 2.250000000000000000 ) ) ;
#3202 = DIRECTION ( 'NONE',  ( -1.000000000000000000, 0.000000000000000000, 0.000000000000000000 ) ) ;
#3203 = ORIENTED_EDGE ( 'NONE', *, *, #6504, .T. ) ;
#3204 = DIRECTION ( 'NONE',  ( -3.504579431022969726E-32, -1.000000000000000000, 0.000000000000000000 ) ) ;
#3205 = DIRECTION ( 'NONE',  ( 1.000000000000000000, -3.504579431022969726E-32, -1.519869053105245017E-47 ) ) ;
#3206 = DIRECTION ( 'NONE',  ( -2.168404344971010101E-16, 0.000000000000000000, 1.000000000000000000 ) ) ;
#3207 = EDGE_LOOP ( 'NONE', ( #6039, #5253, #2542, #2248 ) ) ;
#3208 = VECTOR ( 'NONE', #1950, 1000.000000000000000 ) ;
#3209 = DIRECTION ( 'NONE',  ( 0.000000000000000000, 0.1321637200910226462, 0.9912279006826341110 ) ) ;
#3210 = DIRECTION ( 'NONE',  ( 1.000000000000000000, 0.000000000000000000, 0.000000000000000000 ) ) ;
#3211 = ORIENTED_EDGE ( 'NONE', *, *, #6038, .T. ) ;
#3212 = VECTOR ( 'NONE', #6244, 1000.000000000000000 ) ;
#3213 = DIRECTION ( 'NONE',  ( 0.000000000000000000, 0.000000000000000000, 1.000000000000000000 ) ) ;
#3214 = PLANE ( 'NONE',  #1116 ) ;
#3215 = VERTEX_POINT ( 'NONE', #1453 ) ;
#3216 = ADVANCED_FACE ( 'NONE', ( #2044 ), #11, .T. ) ;
#3217 = AXIS2_PLACEMENT_3D ( 'NONE', #6460, #1895, #5455 ) ;
#3218 = ORIENTED_EDGE ( 'NONE', *, *, #5578, .T. ) ;
#3219 = CIRCLE ( 'NONE', #3112, 0.05000000000000123096 ) ;
#3220 = DIRECTION ( 'NONE',  ( 1.000000000000000000, 0.000000000000000000, 0.000000000000000000 ) ) ;
#3221 = EDGE_LOOP ( 'NONE', ( #6137, #5424, #6280, #185 ) ) ;
#3222 = DIRECTION ( 'NONE',  ( -1.519869053105245017E-47, 0.000000000000000000, -1.000000000000000000 ) ) ;
#3223 = AXIS2_PLACEMENT_3D ( 'NONE', #1808, #3836, #5861 ) ;
#3224 = FACE_OUTER_BOUND ( 'NONE', #3030, .T. ) ;
#3225 = CARTESIAN_POINT ( 'NONE',  ( 1.950000000000000400, 4.336808689942014778E-16, -2.250000000000000000 ) ) ;
#3226 = EDGE_CURVE ( 'NONE', #2390, #882, #2484, .T. ) ;
#3227 = DIRECTION ( 'NONE',  ( 0.000000000000000000, 0.000000000000000000, -1.000000000000000000 ) ) ;
#3228 = ORIENTED_EDGE ( 'NONE', *, *, #4959, .T. ) ;
#3229 = PLANE ( 'NONE',  #490 ) ;
#3230 = ORIENTED_EDGE ( 'NONE', *, *, #1104, .T. ) ;
#3231 = DIRECTION ( 'NONE',  ( 1.000000000000000000, 0.000000000000000000, 0.000000000000000000 ) ) ;
#3232 = ORIENTED_EDGE ( 'NONE', *, *, #1079, .T. ) ;
#3233 = CARTESIAN_POINT ( 'NONE',  ( 8.250000000000000000, 1.750000000000000000, 0.2999999999999999889 ) ) ;
#3234 = VERTEX_POINT ( 'NONE', #5510 ) ;
#3235 = CARTESIAN_POINT ( 'NONE',  ( 13.19999999999999929, -4.336808689942014778E-16, 2.250000000000000000 ) ) ;
#3236 = DIRECTION ( 'NONE',  ( -1.000000000000000000, 0.000000000000000000, 0.000000000000000000 ) ) ;
#3237 = EDGE_CURVE ( 'NONE', #90, #483, #946, .T. ) ;
#3238 = AXIS2_PLACEMENT_3D ( 'NONE', #2746, #4766, #208 ) ;
#3239 = VERTEX_POINT ( 'NONE', #4512 ) ;
#3240 = DIRECTION ( 'NONE',  ( 0.000000000000000000, 4.336808689942020201E-16, -1.000000000000000000 ) ) ;
#3241 = CARTESIAN_POINT ( 'NONE',  ( -2.799999999999998490, 0.2000000000000000111, -2.250000000000000000 ) ) ;
#3242 = FACE_OUTER_BOUND ( 'NONE', #3556, .T. ) ;
#3243 = ORIENTED_EDGE ( 'NONE', *, *, #264, .F. ) ;
#3244 = LINE ( 'NONE', #2781, #6332 ) ;
#3245 = AXIS2_PLACEMENT_3D ( 'NONE', #3510, #998, #5533 ) ;
#3246 = CARTESIAN_POINT ( 'NONE',  ( -4.999999999999995559, -2.168404344970917409E-16, 1.099999999999947464 ) ) ;
#3247 = VECTOR ( 'NONE', #3406, 1000.000000000000000 ) ;
#3248 = EDGE_CURVE ( 'NONE', #4394, #2214, #5635, .T. ) ;
#3249 = VERTEX_POINT ( 'NONE', #4110 ) ;
#3250 = AXIS2_PLACEMENT_3D ( 'NONE', #179, #2748, #3209 ) ;
#3251 = DIRECTION ( 'NONE',  ( -0.7071067811865470176, 0.7071067811865480168, 0.000000000000000000 ) ) ;
#3252 = DIRECTION ( 'NONE',  ( 0.000000000000000000, 1.927470528863119788E-16, -1.000000000000000000 ) ) ;
#3253 = VERTEX_POINT ( 'NONE', #2015 ) ;
#3254 = ORIENTED_EDGE ( 'NONE', *, *, #6563, .F. ) ;
#3255 = CARTESIAN_POINT ( 'NONE',  ( -4.750000000000000000, -0.9517188593945330455, 0.6595507669277020923 ) ) ;
#3256 = VECTOR ( 'NONE', #5502, 1000.000000000000000 ) ;
#3257 = ORIENTED_EDGE ( 'NONE', *, *, #4442, .F. ) ;
#3258 = PLANE ( 'NONE',  #5111 ) ;
#3259 = VECTOR ( 'NONE', #4290, 1000.000000000000000 ) ;
#3260 = CARTESIAN_POINT ( 'NONE',  ( 13.74999999999999822, 0.2000000000000000111, 0.2999999999999999889 ) ) ;
#3261 = DIRECTION ( 'NONE',  ( -2.168404344971010101E-16, 0.000000000000000000, 1.000000000000000000 ) ) ;
#3262 = PLANE ( 'NONE',  #1863 ) ;
#3263 = EDGE_CURVE ( 'NONE', #1497, #1858, #6542, .T. ) ;
#3264 = ORIENTED_EDGE ( 'NONE', *, *, #3226, .T. ) ;
#3265 = LINE ( 'NONE', #2294, #3259 ) ;
#3266 = VECTOR ( 'NONE', #42, 1000.000000000000000 ) ;
#3267 = AXIS2_PLACEMENT_3D ( 'NONE', #4357, #5382, #1821 ) ;
#3268 = ORIENTED_EDGE ( 'NONE', *, *, #5955, .F. ) ;
#3269 = EDGE_CURVE ( 'NONE', #4260, #4265, #4082, .T. ) ;
#3270 = PLANE ( 'NONE',  #2805 ) ;
#3271 = ORIENTED_EDGE ( 'NONE', *, *, #1463, .F. ) ;
#3272 = AXIS2_PLACEMENT_3D ( 'NONE', #6497, #1054, #29 ) ;
#3273 = DIRECTION ( 'NONE',  ( -1.000000000000000000, 0.000000000000000000, 0.000000000000000000 ) ) ;
#3274 = ORIENTED_EDGE ( 'NONE', *, *, #2573, .T. ) ;
#3275 = LINE ( 'NONE', #3933, #6551 ) ;
#3276 =( REPRESENTATION_RELATIONSHIP ('NONE','NONE', #6187, #2070 ) REPRESENTATION_RELATIONSHIP_WITH_TRANSFORMATION ( #2011 )SHAPE_REPRESENTATION_RELATIONSHIP( ) );
#3277 = AXIS2_PLACEMENT_3D ( 'NONE', #2647, #1611, #5734 ) ;
#3278 = VERTEX_POINT ( 'NONE', #6069 ) ;
#3279 = DIRECTION ( 'NONE',  ( 0.000000000000000000, 0.4472135954999735263, -0.8944271909999079728 ) ) ;
#3280 = CARTESIAN_POINT ( 'NONE',  ( -11.75000000000000000, 1.750000000000000000, 0.8000000000000000444 ) ) ;
#3281 = LINE ( 'NONE', #5835, #3992 ) ;
#3282 = ORIENTED_EDGE ( 'NONE', *, *, #669, .F. ) ;
#3283 = CARTESIAN_POINT ( 'NONE',  ( 6.800000000000002487, -4.336808689942014778E-16, -2.250000000000000000 ) ) ;
#3284 = SURFACE_STYLE_FILL_AREA ( #5271 ) ;
#3285 = ORIENTED_EDGE ( 'NONE', *, *, #3104, .T. ) ;
#3286 = CARTESIAN_POINT ( 'NONE',  ( 3.750000000000001776, -3.399999999999999911, 0.2999999999999999889 ) ) ;
#3287 = CARTESIAN_POINT ( 'NONE',  ( -9.750000000000000000, -3.399999999999999911, 0.2999999999999999889 ) ) ;
#3288 = ORIENTED_EDGE ( 'NONE', *, *, #6104, .F. ) ;
#3289 = EDGE_CURVE ( 'NONE', #4696, #3398, #3580, .T. ) ;
#3290 = ORIENTED_EDGE ( 'NONE', *, *, #5928, .F. ) ;
#3291 = EDGE_CURVE ( 'NONE', #857, #330, #4020, .T. ) ;
#3292 = LINE ( 'NONE', #5315, #180 ) ;
#3293 = ORIENTED_EDGE ( 'NONE', *, *, #3620, .F. ) ;
#3294 = CARTESIAN_POINT ( 'NONE',  ( -4.750000000000000000, -0.6751470842750308954, 0.7419349550499340085 ) ) ;
#3295 = ADVANCED_FACE ( 'NONE', ( #6575 ), #417, .F. ) ;
#3296 = CARTESIAN_POINT ( 'NONE',  ( -5.021335385304530163, 5.328250865504090328, 0.5713353853045310959 ) ) ;
#3297 = LINE ( 'NONE', #5249, #6317 ) ;
#3298 = EDGE_CURVE ( 'NONE', #613, #6330, #6042, .T. ) ;
#3299 = EDGE_LOOP ( 'NONE', ( #1651, #1345, #1291, #5711 ) ) ;
#3300 = DIRECTION ( 'NONE',  ( 1.519869053105245017E-47, 0.000000000000000000, 1.000000000000000000 ) ) ;
#3301 = ORIENTED_EDGE ( 'NONE', *, *, #928, .F. ) ;
#3302 = CARTESIAN_POINT ( 'NONE',  ( -5.250000000000000000, -3.100000000000000089, 0.8000000000000000444 ) ) ;
#3303 = ORIENTED_EDGE ( 'NONE', *, *, #3725, .F. ) ;
#3304 = CARTESIAN_POINT ( 'NONE',  ( -5.200000000000000178, 0.2000000000000000111, -2.250000000000000000 ) ) ;
#3305 = VERTEX_POINT ( 'NONE', #1042 ) ;
#3306 = LINE ( 'NONE', #5297, #2724 ) ;
#3307 = ADVANCED_FACE ( 'NONE', ( #5075 ), #2577, .F. ) ;
#3308 = DIRECTION ( 'NONE',  ( 0.000000000000000000, 0.000000000000000000, 1.000000000000000000 ) ) ;
#3309 = LINE ( 'NONE', #5894, #1306 ) ;
#3310 = LINE ( 'NONE', #3176, #2787 ) ;
#3311 = CARTESIAN_POINT ( 'NONE',  ( 9.199999999999999289, 0.2000000000000000111, -2.250000000000000000 ) ) ;
#3312 = ORIENTED_EDGE ( 'NONE', *, *, #870, .T. ) ;
#3313 = DIRECTION ( 'NONE',  ( 1.519869053105245017E-47, 0.000000000000000000, 1.000000000000000000 ) ) ;
#3314 = EDGE_CURVE ( 'NONE', #1793, #5475, #6135, .T. ) ;
#3315 = PRODUCT_CONTEXT ( 'NONE', #4551, 'mechanical' ) ;
#3316 = EDGE_LOOP ( 'NONE', ( #4649, #2298, #1718, #2446 ) ) ;
#3317 = FACE_OUTER_BOUND ( 'NONE', #3156, .T. ) ;
#3318 = DIRECTION ( 'NONE',  ( 0.000000000000000000, 0.000000000000000000, 1.000000000000000000 ) ) ;
#3319 = EDGE_LOOP ( 'NONE', ( #4568, #5041, #1601, #3752 ) ) ;
#3320 = DIRECTION ( 'NONE',  ( 0.000000000000000000, 0.000000000000000000, -1.000000000000000000 ) ) ;
#3321 = EDGE_LOOP ( 'NONE', ( #6526, #602, #6321, #1920, #3011 ) ) ;
#3322 = CARTESIAN_POINT ( 'NONE',  ( 9.750000000000000000, 0.2000000000000000111, -2.250000000000000000 ) ) ;
#3323 = AXIS2_PLACEMENT_3D ( 'NONE', #2386, #1856, #3889 ) ;
#3324 = EDGE_LOOP ( 'NONE', ( #6433, #5129, #2037, #2711 ) ) ;
#3325 = EDGE_CURVE ( 'NONE', #1301, #6074, #2954, .T. ) ;
#3326 = CARTESIAN_POINT ( 'NONE',  ( -2.249999999999998668, 1.750000000000000000, 0.2999999999999999889 ) ) ;
#3327 = DIRECTION ( 'NONE',  ( 1.000000000000000000, 0.000000000000000000, 0.000000000000000000 ) ) ;
#3328 = LINE ( 'NONE', #2925, #4630 ) ;
#3329 = ADVANCED_FACE ( 'NONE', ( #6196 ), #665, .F. ) ;
#3330 = ORIENTED_EDGE ( 'NONE', *, *, #5903, .F. ) ;
#3331 = LINE ( 'NONE', #1727, #5387 ) ;
#3332 = ORIENTED_EDGE ( 'NONE', *, *, #19, .T. ) ;
#3333 = AXIS2_PLACEMENT_3D ( 'NONE', #5131, #2516, #6096 ) ;
#3334 = EDGE_CURVE ( 'NONE', #989, #6524, #3773, .T. ) ;
#3335 = CARTESIAN_POINT ( 'NONE',  ( -10.79999999999999893, 0.2000000000000000111, -2.250000000000000000 ) ) ;
#3336 = ORIENTED_EDGE ( 'NONE', *, *, #5445, .F. ) ;
#3337 = LINE ( 'NONE', #758, #5053 ) ;
#3338 = EDGE_LOOP ( 'NONE', ( #2667, #2683, #2057, #4291 ) ) ;
#3339 = FACE_BOUND ( 'NONE', #1318, .T. ) ;
#3340 = DIRECTION ( 'NONE',  ( -1.355252715606880049E-16, 1.000000000000000000, 0.000000000000000000 ) ) ;
#3341 = CARTESIAN_POINT ( 'NONE',  ( 0.2500000000000002220, 1.750000000000000000, 0.2999999999999999889 ) ) ;
#3342 = LINE ( 'NONE', #5369, #5119 ) ;
#3343 = DIRECTION ( 'NONE',  ( 0.000000000000000000, 0.000000000000000000, -1.000000000000000000 ) ) ;
#3344 = ORIENTED_EDGE ( 'NONE', *, *, #4293, .F. ) ;
#3345 = DIRECTION ( 'NONE',  ( -3.504579431022969726E-32, -1.000000000000000000, 0.000000000000000000 ) ) ;
#3346 = EDGE_CURVE ( 'NONE', #2756, #178, #5233, .T. ) ;
#3347 = VECTOR ( 'NONE', #4213, 1000.000000000000000 ) ;
#3348 = EDGE_LOOP ( 'NONE', ( #3603, #1145, #3390, #859 ) ) ;
#3349 = EDGE_CURVE ( 'NONE', #2254, #813, #2108, .T. ) ;
#3350 = CARTESIAN_POINT ( 'NONE',  ( 15.94999999999999929, -4.336808689942014778E-16, 2.250000000000000000 ) ) ;
#3351 = ADVANCED_FACE ( 'NONE', ( #5201 ), #1677, .F. ) ;
#3352 = AXIS2_PLACEMENT_3D ( 'NONE', #2882, #3947, #2344 ) ;
#3353 = CARTESIAN_POINT ( 'NONE',  ( -5.250000000000000000, -0.4291796067500625034, 0.8000000000000000444 ) ) ;
#3354 = EDGE_LOOP ( 'NONE', ( #515, #291, #189, #5367 ) ) ;
#3355 = CARTESIAN_POINT ( 'NONE',  ( -5.250000000000000000, -2.419911892563235245, 0.8000000000000160316 ) ) ;
#3356 = CARTESIAN_POINT ( 'NONE',  ( 15.94999999999999929, 6.000000000000000000, 0.8800000000000000044 ) ) ;
#3357 = VECTOR ( 'NONE', #3630, 1000.000000000000000 ) ;
#3358 = VERTEX_POINT ( 'NONE', #3177 ) ;
#3359 = FACE_OUTER_BOUND ( 'NONE', #3740, .T. ) ;
#3360 = DIRECTION ( 'NONE',  ( -1.000000000000000000, 0.000000000000000000, 0.000000000000000000 ) ) ;
#3361 = DIRECTION ( 'NONE',  ( 3.504579431022969726E-32, 1.000000000000000000, 2.478176394252580155E-16 ) ) ;
#3362 = AXIS2_PLACEMENT_3D ( 'NONE', #241, #5803, #4735 ) ;
#3363 = VERTEX_POINT ( 'NONE', #4643 ) ;
#3364 = EDGE_CURVE ( 'NONE', #2629, #90, #2677, .T. ) ;
#3365 = LINE ( 'NONE', #5356, #4011 ) ;
#3366 = ORIENTED_EDGE ( 'NONE', *, *, #2887, .T. ) ;
#3367 = VECTOR ( 'NONE', #4636, 1000.000000000000000 ) ;
#3368 = LINE ( 'NONE', #3798, #2684 ) ;
#3369 = VERTEX_POINT ( 'NONE', #4700 ) ;
#3370 = PLANE ( 'NONE',  #161 ) ;
#3371 = AXIS2_PLACEMENT_3D ( 'NONE', #3137, #3048, #5039 ) ;
#3372 = ORIENTED_EDGE ( 'NONE', *, *, #1411, .F. ) ;
#3373 = FACE_OUTER_BOUND ( 'NONE', #5978, .T. ) ;
#3374 = EDGE_CURVE ( 'NONE', #3437, #5032, #3739, .T. ) ;
#3375 = VECTOR ( 'NONE', #259, 1000.000000000000000 ) ;
#3376 = EDGE_CURVE ( 'NONE', #5492, #1655, #143, .T. ) ;
#3377 = DIRECTION ( 'NONE',  ( 0.000000000000000000, 0.000000000000000000, -1.000000000000000000 ) ) ;
#3378 = VECTOR ( 'NONE', #5110, 1000.000000000000000 ) ;
#3379 = CARTESIAN_POINT ( 'NONE',  ( 14.24999999999999822, 6.000000000000000000, 0.8000000000000000444 ) ) ;
#3380 = DIRECTION ( 'NONE',  ( 0.000000000000000000, 0.000000000000000000, 1.000000000000000000 ) ) ;
#3381 = EDGE_CURVE ( 'NONE', #3873, #3278, #77, .T. ) ;
#3382 = DIRECTION ( 'NONE',  ( 0.000000000000000000, 0.000000000000000000, 1.000000000000000000 ) ) ;
#3383 = ORIENTED_EDGE ( 'NONE', *, *, #1368, .T. ) ;
#3384 = LINE ( 'NONE', #4869, #1343 ) ;
#3385 = CONTEXT_DEPENDENT_SHAPE_REPRESENTATION ( #1359, #251 ) ;
#3386 = VECTOR ( 'NONE', #6448, 1000.000000000000000 ) ;
#3387 = EDGE_LOOP ( 'NONE', ( #2648, #4209, #4383, #872 ) ) ;
#3388 = DIRECTION ( 'NONE',  ( 3.504579431022969726E-32, 1.000000000000000000, 2.478176394252580155E-16 ) ) ;
#3389 = LINE ( 'NONE', #2855, #5366 ) ;
#3390 = ORIENTED_EDGE ( 'NONE', *, *, #244, .F. ) ;
#3391 = DIRECTION ( 'NONE',  ( 1.519869053105245017E-47, 0.000000000000000000, 1.000000000000000000 ) ) ;
#3392 = DIRECTION ( 'NONE',  ( 0.000000000000000000, -1.000000000000000000, 0.000000000000000000 ) ) ;
#3393 = CARTESIAN_POINT ( 'NONE',  ( 15.94999999999999929, 1.389999999999999902, 1.850000000000000089 ) ) ;
#3394 = EDGE_CURVE ( 'NONE', #1650, #613, #4733, .T. ) ;
#3395 = ORIENTED_EDGE ( 'NONE', *, *, #4846, .F. ) ;
#3396 = LINE ( 'NONE', #821, #3208 ) ;
#3397 = CARTESIAN_POINT ( 'NONE',  ( -5.250000000000000000, -0.4291796067500640022, 0.7999999999999789502 ) ) ;
#3398 = VERTEX_POINT ( 'NONE', #5764 ) ;
#3399 = CARTESIAN_POINT ( 'NONE',  ( 3.200000000000001510, -4.336808689942014778E-16, -2.250000000000000000 ) ) ;
#3400 = ORIENTED_EDGE ( 'NONE', *, *, #5322, .F. ) ;
#3401 = CARTESIAN_POINT ( 'NONE',  ( -0.04999999999999969746, -4.336808689942014778E-16, 2.250000000000000000 ) ) ;
#3402 = EDGE_LOOP ( 'NONE', ( #2602, #1161, #1852, #5657 ) ) ;
#3403 = CARTESIAN_POINT ( 'NONE',  ( 9.199999999999999289, 0.2000000000000000111, -2.250000000000000000 ) ) ;
#3404 = VERTEX_POINT ( 'NONE', #6237 ) ;
#3405 = DIRECTION ( 'NONE',  ( 3.504579431022969726E-32, 1.000000000000000000, 2.478176394252580155E-16 ) ) ;
#3406 = DIRECTION ( 'NONE',  ( 0.000000000000000000, 4.336808689942020201E-16, -1.000000000000000000 ) ) ;
#3407 = EDGE_CURVE ( 'NONE', #1244, #2756, #3707, .T. ) ;
#3408 = CARTESIAN_POINT ( 'NONE',  ( -1.749999999999999778, -3.399999999999999911, 0.2999999999999999889 ) ) ;
#3409 = CARTESIAN_POINT ( 'NONE',  ( -2.249999999999998668, -3.399999999999999911, 0.2999999999999999889 ) ) ;
#3410 = LINE ( 'NONE', #866, #362 ) ;
#3411 = VERTEX_POINT ( 'NONE', #5700 ) ;
#3412 = DIRECTION ( 'NONE',  ( 1.000000000000000000, -3.504579431022969726E-32, -1.519869053105245017E-47 ) ) ;
#3413 = DIRECTION ( 'NONE',  ( -6.982962677686266711E-15, 0.000000000000000000, -1.000000000000000000 ) ) ;
#3414 = VERTEX_POINT ( 'NONE', #5133 ) ;
#3415 = CARTESIAN_POINT ( 'NONE',  ( -15.19999999999999751, 4.250000000000000000, -2.623757129271619970 ) ) ;
#3416 = EDGE_CURVE ( 'NONE', #2574, #3718, #5731, .T. ) ;
#3417 = DIRECTION ( 'NONE',  ( -1.519869053105245017E-47, 0.000000000000000000, -1.000000000000000000 ) ) ;
#3418 = EDGE_LOOP ( 'NONE', ( #134, #5341, #1738, #4654 ) ) ;
#3419 = DIRECTION ( 'NONE',  ( 0.000000000000000000, 0.000000000000000000, -1.000000000000000000 ) ) ;
#3420 = CARTESIAN_POINT ( 'NONE',  ( -6.249999999999998224, -3.399999999999999911, 0.8000000000000000444 ) ) ;
#3421 = DIRECTION ( 'NONE',  ( 1.000000000000000000, 0.000000000000000000, -1.414176746720221921E-16 ) ) ;
#3422 = ORIENTED_EDGE ( 'NONE', *, *, #411, .T. ) ;
#3423 = LINE ( 'NONE', #5386, #4689 ) ;
#3424 = FACE_OUTER_BOUND ( 'NONE', #1746, .T. ) ;
#3425 = EDGE_CURVE ( 'NONE', #1674, #1395, #6302, .T. ) ;
#3426 = VERTEX_POINT ( 'NONE', #4139 ) ;
#3427 = AXIS2_PLACEMENT_3D ( 'NONE', #4389, #5911, #4454 ) ;
#3428 = PLANE ( 'NONE',  #5065 ) ;
#3429 = ORIENTED_EDGE ( 'NONE', *, *, #6011, .T. ) ;
#3430 = FACE_OUTER_BOUND ( 'NONE', #148, .T. ) ;
#3431 = EDGE_CURVE ( 'NONE', #2088, #4232, #4273, .T. ) ;
#3432 = VERTEX_POINT ( 'NONE', #1710 ) ;
#3433 = LINE ( 'NONE', #5527, #5373 ) ;
#3434 = ORIENTED_EDGE ( 'NONE', *, *, #1993, .F. ) ;
#3435 = CARTESIAN_POINT ( 'NONE',  ( -12.24999999999999822, -3.399999999999999911, 0.2999999999999999889 ) ) ;
#3436 = VECTOR ( 'NONE', #3388, 1000.000000000000000 ) ;
#3437 = VERTEX_POINT ( 'NONE', #1208 ) ;
#3438 = CARTESIAN_POINT ( 'NONE',  ( -7.200000000000000178, 0.2000000000000000111, 2.250000000000000000 ) ) ;
#3439 = ADVANCED_FACE ( 'NONE', ( #3242 ), #5268, .F. ) ;
#3440 = FACE_BOUND ( 'NONE', #3186, .T. ) ;
#3441 = LINE ( 'NONE', #6435, #5127 ) ;
#3442 = LINE ( 'NONE', #4573, #3881 ) ;
#3443 = ORIENTED_EDGE ( 'NONE', *, *, #638, .T. ) ;
#3444 = FACE_OUTER_BOUND ( 'NONE', #3418, .T. ) ;
#3445 = APPLICATION_PROTOCOL_DEFINITION ( 'draft international standard', 'automotive_design', 1998, #5093 ) ;
#3446 = EDGE_CURVE ( 'NONE', #844, #1972, #1741, .T. ) ;
#3447 = EDGE_CURVE ( 'NONE', #357, #5742, #3410, .T. ) ;
#3448 = VECTOR ( 'NONE', #4958, 1000.000000000000000 ) ;
#3449 = EDGE_LOOP ( 'NONE', ( #5441, #5426, #2379, #3178 ) ) ;
#3450 = LINE ( 'NONE', #3882, #3658 ) ;
#3451 = VERTEX_POINT ( 'NONE', #5863 ) ;
#3452 = DIRECTION ( 'NONE',  ( -0.7071067811865461294, -0.7071067811865490160, -5.635444616649879636E-17 ) ) ;
#3453 = VECTOR ( 'NONE', #6283, 1000.000000000000000 ) ;
#3454 = LINE ( 'NONE', #1849, #3800 ) ;
#3455 = CARTESIAN_POINT ( 'NONE',  ( 15.29999999999999893, 5.750000000000000000, -1.850000000000000089 ) ) ;
#3456 = EDGE_CURVE ( 'NONE', #4687, #277, #239, .T. ) ;
#3457 = PRODUCT_DEFINITION_SHAPE ( 'NONE', 'NONE',  #6593 ) ;
#3458 = ORIENTED_EDGE ( 'NONE', *, *, #3988, .T. ) ;
#3459 = VECTOR ( 'NONE', #4448, 1000.000000000000000 ) ;
#3460 = CARTESIAN_POINT ( 'NONE',  ( -2.799999999999998490, 0.2000000000000000111, -2.250000000000000000 ) ) ;
#3461 = DIRECTION ( 'NONE',  ( -1.000000000000000000, 0.000000000000000000, 0.000000000000000000 ) ) ;
#3462 = EDGE_CURVE ( 'NONE', #6485, #5797, #4344, .T. ) ;
#3463 = ORIENTED_EDGE ( 'NONE', *, *, #4283, .F. ) ;
#3464 = DIRECTION ( 'NONE',  ( 0.000000000000000000, 1.000000000000000000, 0.000000000000000000 ) ) ;
#3465 = VECTOR ( 'NONE', #5425, 1000.000000000000000 ) ;
#3466 = ORIENTED_EDGE ( 'NONE', *, *, #6537, .F. ) ;
#3467 = VECTOR ( 'NONE', #5512, 1000.000000000000000 ) ;
#3468 = CARTESIAN_POINT ( 'NONE',  ( -7.200000000000000178, -4.336808689942014778E-16, -2.250000000000000000 ) ) ;
#3469 = ADVANCED_FACE ( 'NONE', ( #1810 ), #1243, .F. ) ;
#3470 = AXIS2_PLACEMENT_3D ( 'NONE', #5311, #2788, #2114 ) ;
#3471 = ORIENTED_EDGE ( 'NONE', *, *, #4664, .F. ) ;
#3472 = PLANE ( 'NONE',  #791 ) ;
#3473 = ORIENTED_EDGE ( 'NONE', *, *, #4907, .F. ) ;
#3474 = DIRECTION ( 'NONE',  ( -1.000000000000000000, 0.000000000000000000, 0.000000000000000000 ) ) ;
#3475 = VECTOR ( 'NONE', #6064, 1000.000000000000000 ) ;
#3476 = ADVANCED_FACE ( 'NONE', ( #5431 ), #4831, .F. ) ;
#3477 = FACE_OUTER_BOUND ( 'NONE', #5296, .T. ) ;
#3478 = CARTESIAN_POINT ( 'NONE',  ( 5.200000000000002842, 0.2000000000000000111, -2.250000000000000000 ) ) ;
#3479 = CARTESIAN_POINT ( 'NONE',  ( -4.859191070279860192, 5.000000000000000000, 5.003540109119720202E-16 ) ) ;
#3480 = VECTOR ( 'NONE', #5783, 1000.000000000000000 ) ;
#3481 = DIRECTION ( 'NONE',  ( 0.000000000000000000, 0.000000000000000000, 1.000000000000000000 ) ) ;
#3482 = VERTEX_POINT ( 'NONE', #4375 ) ;
#3483 = DIRECTION ( 'NONE',  ( 3.504579431022969726E-32, 1.000000000000000000, 2.478176394252580155E-16 ) ) ;
#3484 = EDGE_CURVE ( 'NONE', #4216, #5954, #2848, .T. ) ;
#3485 = VECTOR ( 'NONE', #3088, 1000.000000000000000 ) ;
#3486 = ORIENTED_EDGE ( 'NONE', *, *, #1628, .F. ) ;
#3487 = DIRECTION ( 'NONE',  ( 0.000000000000000000, 0.000000000000000000, 1.000000000000000000 ) ) ;
#3488 = CARTESIAN_POINT ( 'NONE',  ( 15.29999999999999893, 5.750000000000000000, 0.8800000000000000044 ) ) ;
#3489 = CARTESIAN_POINT ( 'NONE',  ( -5.000000000000000000, -0.9517188593945330455, 0.6595507669277020923 ) ) ;
#3490 = VERTEX_POINT ( 'NONE', #3838 ) ;
#3491 = CARTESIAN_POINT ( 'NONE',  ( 15.94999999999999929, 6.000000000000000000, 0.8800000000000000044 ) ) ;
#3492 = VECTOR ( 'NONE', #915, 1000.000000000000000 ) ;
#3493 = PLANE ( 'NONE',  #4433 ) ;
#3494 = VERTEX_POINT ( 'NONE', #1308 ) ;
#3495 = AXIS2_PLACEMENT_3D ( 'NONE', #3246, #705, #2749 ) ;
#3496 = FACE_OUTER_BOUND ( 'NONE', #6207, .T. ) ;
#3497 = EDGE_CURVE ( 'NONE', #6146, #5067, #2408, .T. ) ;
#3498 = DIRECTION ( 'NONE',  ( 0.000000000000000000, 1.927470528863119788E-16, -1.000000000000000000 ) ) ;
#3499 = VERTEX_POINT ( 'NONE', #5337 ) ;
#3500 = CARTESIAN_POINT ( 'NONE',  ( 8.800000000000000711, -4.336808689942014778E-16, -2.250000000000000000 ) ) ;
#3501 = EDGE_LOOP ( 'NONE', ( #3113, #4458, #1894, #698 ) ) ;
#3502 = UNCERTAINTY_MEASURE_WITH_UNIT (LENGTH_MEASURE( 1.000000000000000082E-05 ), #6103, 'distance_accuracy_value', 'NONE');
#3503 = LINE ( 'NONE', #1562, #4917 ) ;
#3504 = EDGE_LOOP ( 'NONE', ( #4253, #5883, #1835, #6441 ) ) ;
#3505 = CARTESIAN_POINT ( 'NONE',  ( -13.19999999999999929, -4.336808689942014778E-16, 2.250000000000000000 ) ) ;
#3506 = ORIENTED_EDGE ( 'NONE', *, *, #6143, .T. ) ;
#3507 = DIRECTION ( 'NONE',  ( 3.504579431022969726E-32, 1.000000000000000000, 2.478176394252580155E-16 ) ) ;
#3508 = LINE ( 'NONE', #5027, #6172 ) ;
#3509 = DIRECTION ( 'NONE',  ( 0.000000000000000000, 1.927470528863119788E-16, -1.000000000000000000 ) ) ;
#3510 = CARTESIAN_POINT ( 'NONE',  ( -13.19999999999999929, 0.2000000000000000111, -2.250000000000000000 ) ) ;
#3511 = EDGE_CURVE ( 'NONE', #1733, #4247, #2280, .T. ) ;
#3512 = VERTEX_POINT ( 'NONE', #2778 ) ;
#3513 = DIRECTION ( 'NONE',  ( 0.000000000000000000, 0.000000000000000000, 1.000000000000000000 ) ) ;
#3514 = ORIENTED_EDGE ( 'NONE', *, *, #5289, .T. ) ;
#3515 = LINE ( 'NONE', #5073, #5125 ) ;
#3516 = DIRECTION ( 'NONE',  ( -1.000000000000000000, 0.000000000000000000, 0.000000000000000000 ) ) ;
#3517 = EDGE_CURVE ( 'NONE', #2144, #5573, #6470, .T. ) ;
#3518 = CARTESIAN_POINT ( 'NONE',  ( -0.7999999999999986011, 0.2000000000000000111, 2.250000000000000000 ) ) ;
#3519 = ORIENTED_EDGE ( 'NONE', *, *, #1206, .F. ) ;
#3520 = CARTESIAN_POINT ( 'NONE',  ( 9.750000000000000000, 1.750000000000000000, 0.8000000000000000444 ) ) ;
#3521 = DIRECTION ( 'NONE',  ( 0.000000000000000000, 0.000000000000000000, 1.000000000000000000 ) ) ;
#3522 = DIRECTION ( 'NONE',  ( -1.000000000000000000, 0.000000000000000000, 0.000000000000000000 ) ) ;
#3523 = EDGE_LOOP ( 'NONE', ( #2772, #4701, #558, #2327 ) ) ;
#3524 = LINE ( 'NONE', #5548, #641 ) ;
#3525 = PLANE ( 'NONE',  #5794 ) ;
#3526 = ORIENTED_EDGE ( 'NONE', *, *, #2786, .F. ) ;
#3527 = CARTESIAN_POINT ( 'NONE',  ( 3.950000000000000178, -4.336808689942014778E-16, 2.250000000000000000 ) ) ;
#3528 = EDGE_CURVE ( 'NONE', #909, #4297, #2876, .T. ) ;
#3529 = EDGE_LOOP ( 'NONE', ( #972, #360, #1599, #3593 ) ) ;
#3530 = LINE ( 'NONE', #2933, #1313 ) ;
#3531 = AXIS2_PLACEMENT_3D ( 'NONE', #4586, #3586, #2113 ) ;
#3532 = EDGE_LOOP ( 'NONE', ( #1191, #4626, #3888, #4847 ) ) ;
#3533 = LINE ( 'NONE', #400, #5899 ) ;
#3534 = ORIENTED_EDGE ( 'NONE', *, *, #3154, .T. ) ;
#3535 = SURFACE_STYLE_FILL_AREA ( #2435 ) ;
#3536 = ADVANCED_FACE ( 'NONE', ( #5801 ), #2371, .F. ) ;
#3537 = DIRECTION ( 'NONE',  ( -2.168404344971009361E-16, 0.1321637200910183718, 0.9912279006826346661 ) ) ;
#3538 = DIRECTION ( 'NONE',  ( -1.519869053105245017E-47, 0.000000000000000000, -1.000000000000000000 ) ) ;
#3539 = CARTESIAN_POINT ( 'NONE',  ( -15.94999999999999929, 6.000000000000000000, 0.8800000000000000044 ) ) ;
#3540 = ORIENTED_EDGE ( 'NONE', *, *, #6376, .T. ) ;
#3541 = VECTOR ( 'NONE', #3046, 1000.000000000000000 ) ;
#3542 = DIRECTION ( 'NONE',  ( 0.000000000000000000, -0.9912279006826346661, 0.1321637200910179555 ) ) ;
#3543 = EDGE_CURVE ( 'NONE', #1807, #5380, #1842, .T. ) ;
#3544 = ORIENTED_EDGE ( 'NONE', *, *, #890, .T. ) ;
#3545 = FACE_OUTER_BOUND ( 'NONE', #947, .T. ) ;
#3546 = DIRECTION ( 'NONE',  ( 0.000000000000000000, 0.000000000000000000, -1.000000000000000000 ) ) ;
#3547 = DIRECTION ( 'NONE',  ( 0.000000000000000000, 2.478176394252580155E-16, -1.000000000000000000 ) ) ;
#3548 = ORIENTED_EDGE ( 'NONE', *, *, #2055, .T. ) ;
#3549 = LINE ( 'NONE', #6577, #1653 ) ;
#3550 = DIRECTION ( 'NONE',  ( 0.000000000000000000, 0.000000000000000000, -1.000000000000000000 ) ) ;
#3551 = CARTESIAN_POINT ( 'NONE',  ( -5.140808929720139808, 5.000000000000000000, 6.866613759074859115E-16 ) ) ;
#3552 = EDGE_CURVE ( 'NONE', #483, #3898, #3281, .T. ) ;
#3553 = VERTEX_POINT ( 'NONE', #3311 ) ;
#3554 = DIRECTION ( 'NONE',  ( 0.000000000000000000, 1.000000000000000000, 0.000000000000000000 ) ) ;
#3555 = CARTESIAN_POINT ( 'NONE',  ( -12.24999999999999822, 1.750000000000000000, 0.2999999999999999889 ) ) ;
#3556 = EDGE_LOOP ( 'NONE', ( #267, #3087, #3282, #505 ) ) ;
#3557 = LINE ( 'NONE', #394, #2195 ) ;
#3558 = EDGE_CURVE ( 'NONE', #5281, #2144, #2308, .T. ) ;
#3559 = VECTOR ( 'NONE', #2811, 1000.000000000000000 ) ;
#3560 = ORIENTED_EDGE ( 'NONE', *, *, #5976, .T. ) ;
#3561 = DIRECTION ( 'NONE',  ( 0.000000000000000000, 0.000000000000000000, 1.000000000000000000 ) ) ;
#3562 = ORIENTED_EDGE ( 'NONE', *, *, #5638, .F. ) ;
#3563 = DIRECTION ( 'NONE',  ( 1.000000000000000000, 0.000000000000000000, 0.000000000000000000 ) ) ;
#3564 = VECTOR ( 'NONE', #4042, 1000.000000000000000 ) ;
#3565 = EDGE_LOOP ( 'NONE', ( #6035, #1182, #3182, #1515 ) ) ;
#3566 =( NAMED_UNIT ( * ) PLANE_ANGLE_UNIT ( ) SI_UNIT ( $, .RADIAN. ) );
#3567 = VECTOR ( 'NONE', #2763, 1000.000000000000000 ) ;
#3568 = DIRECTION ( 'NONE',  ( 1.000000000000000000, 0.000000000000000000, 0.000000000000000000 ) ) ;
#3569 = DIRECTION ( 'NONE',  ( -1.000000000000000000, 0.000000000000000000, 0.000000000000000000 ) ) ;
#3570 = EDGE_CURVE ( 'NONE', #3715, #4418, #309, .T. ) ;
#3571 = LINE ( 'NONE', #1538, #4834 ) ;
#3572 = ORIENTED_EDGE ( 'NONE', *, *, #5159, .F. ) ;
#3573 = EDGE_CURVE ( 'NONE', #3895, #1310, #5929, .T. ) ;
#3574 = DIRECTION ( 'NONE',  ( 0.000000000000000000, 0.000000000000000000, 1.000000000000000000 ) ) ;
#3575 = VECTOR ( 'NONE', #4266, 1000.000000000000000 ) ;
#3576 = ORIENTED_EDGE ( 'NONE', *, *, #3289, .F. ) ;
#3577 = EDGE_CURVE ( 'NONE', #3363, #4868, #5404, .T. ) ;
#3578 = CARTESIAN_POINT ( 'NONE',  ( -10.05000000000000071, 4.500000000000000000, 0.8800000000000000044 ) ) ;
#3579 = LINE ( 'NONE', #5539, #2661 ) ;
#3580 = LINE ( 'NONE', #4978, #5470 ) ;
#3581 = EDGE_CURVE ( 'NONE', #1989, #2799, #3, .T. ) ;
#3582 = VERTEX_POINT ( 'NONE', #6061 ) ;
#3583 = CARTESIAN_POINT ( 'NONE',  ( -11.75000000000000000, -3.399999999999999911, 0.8000000000000000444 ) ) ;
#3584 = VECTOR ( 'NONE', #2025, 1000.000000000000000 ) ;
#3585 = ORIENTED_EDGE ( 'NONE', *, *, #1953, .T. ) ;
#3586 = DIRECTION ( 'NONE',  ( -1.000000000000000000, 0.000000000000000000, 0.000000000000000000 ) ) ;
#3587 = VECTOR ( 'NONE', #816, 1000.000000000000000 ) ;
#3588 = DIRECTION ( 'NONE',  ( 0.000000000000000000, -2.478176394252580155E-16, 1.000000000000000000 ) ) ;
#3589 = EDGE_CURVE ( 'NONE', #1641, #5569, #3939, .T. ) ;
#3590 = EDGE_LOOP ( 'NONE', ( #1502, #5665, #139, #716 ) ) ;
#3591 = FACE_OUTER_BOUND ( 'NONE', #3449, .T. ) ;
#3592 = AXIS2_PLACEMENT_3D ( 'NONE', #4480, #2919, #3320 ) ;
#3593 = ORIENTED_EDGE ( 'NONE', *, *, #545, .T. ) ;
#3594 = DIRECTION ( 'NONE',  ( -1.000000000000000000, 0.000000000000000000, 0.000000000000000000 ) ) ;
#3595 = CARTESIAN_POINT ( 'NONE',  ( 12.25000000000000000, -3.399999999999999911, 0.2999999999999999889 ) ) ;
#3596 = EDGE_CURVE ( 'NONE', #4836, #3691, #3571, .T. ) ;
#3597 = ORIENTED_EDGE ( 'NONE', *, *, #5384, .T. ) ;
#3598 = FACE_OUTER_BOUND ( 'NONE', #3221, .T. ) ;
#3599 = ORIENTED_EDGE ( 'NONE', *, *, #5461, .F. ) ;
#3600 = DIRECTION ( 'NONE',  ( 1.519869053105245017E-47, 0.000000000000000000, 1.000000000000000000 ) ) ;
#3601 = DIRECTION ( 'NONE',  ( 1.519869053105245017E-47, 0.000000000000000000, 1.000000000000000000 ) ) ;
#3602 = CARTESIAN_POINT ( 'NONE',  ( -8.249999999999998224, 1.750000000000000000, 0.2999999999999999889 ) ) ;
#3603 = ORIENTED_EDGE ( 'NONE', *, *, #3237, .T. ) ;
#3604 = CARTESIAN_POINT ( 'NONE',  ( 7.750000000000001776, 1.750000000000000000, 0.2999999999999999889 ) ) ;
#3605 = EDGE_CURVE ( 'NONE', #325, #22, #36, .T. ) ;
#3606 = ORIENTED_EDGE ( 'NONE', *, *, #2984, .T. ) ;
#3607 = CARTESIAN_POINT ( 'NONE',  ( 9.750000000000000000, 1.750000000000000000, 0.8000000000000000444 ) ) ;
#3608 = FACE_OUTER_BOUND ( 'NONE', #5080, .T. ) ;
#3609 = DIRECTION ( 'NONE',  ( 0.000000000000000000, 0.000000000000000000, 1.000000000000000000 ) ) ;
#3610 = EDGE_LOOP ( 'NONE', ( #3924, #2948, #852, #5986 ) ) ;
#3611 = DIRECTION ( 'NONE',  ( 0.000000000000000000, 1.000000000000000000, 0.000000000000000000 ) ) ;
#3612 = AXIS2_PLACEMENT_3D ( 'NONE', #507, #566, #5663 ) ;
#3613 = DIRECTION ( 'NONE',  ( 0.000000000000000000, 0.000000000000000000, 1.000000000000000000 ) ) ;
#3614 = ORIENTED_EDGE ( 'NONE', *, *, #1204, .F. ) ;
#3615 = CARTESIAN_POINT ( 'NONE',  ( -5.200000000000000178, 0.2000000000000000111, 2.250000000000000000 ) ) ;
#3616 = CARTESIAN_POINT ( 'NONE',  ( -12.24999999999999822, 1.750000000000000000, 0.8000000000000000444 ) ) ;
#3617 = ORIENTED_EDGE ( 'NONE', *, *, #982, .F. ) ;
#3618 = CARTESIAN_POINT ( 'NONE',  ( -10.79999999999999893, -4.336808689942014778E-16, 2.250000000000000000 ) ) ;
#3619 = EDGE_LOOP ( 'NONE', ( #156, #3124, #2557, #6430 ) ) ;
#3620 = EDGE_CURVE ( 'NONE', #2525, #5246, #3442, .T. ) ;
#3621 = CARTESIAN_POINT ( 'NONE',  ( 0.8000000000000003775, 0.2000000000000000111, -2.250000000000000000 ) ) ;
#3622 = LINE ( 'NONE', #2120, #5288 ) ;
#3623 = CARTESIAN_POINT ( 'NONE',  ( 5.750000000000003553, 0.2000000000000000111, 0.2999999999999999889 ) ) ;
#3624 = EDGE_LOOP ( 'NONE', ( #2267, #3831, #2790, #4225 ) ) ;
#3625 = CARTESIAN_POINT ( 'NONE',  ( 13.74999999999999822, 6.000000000000000000, 0.8000000000000000444 ) ) ;
#3626 = EDGE_CURVE ( 'NONE', #4260, #22, #2713, .T. ) ;
#3627 = EDGE_CURVE ( 'NONE', #1807, #4418, #938, .T. ) ;
#3628 = CARTESIAN_POINT ( 'NONE',  ( -5.250000000000000000, -2.347221846513170451, 0.7951753453754479839 ) ) ;
#3629 = ORIENTED_EDGE ( 'NONE', *, *, #2062, .T. ) ;
#3630 = DIRECTION ( 'NONE',  ( 0.000000000000000000, -1.000000000000000000, -3.872150616019655382E-16 ) ) ;
#3631 = ORIENTED_EDGE ( 'NONE', *, *, #513, .T. ) ;
#3632 = PLANE ( 'NONE',  #5800 ) ;
#3633 = VERTEX_POINT ( 'NONE', #468 ) ;
#3634 = CARTESIAN_POINT ( 'NONE',  ( 13.22499999999999964, 1.750000000000000000, 2.250000000000000000 ) ) ;
#3635 = CARTESIAN_POINT ( 'NONE',  ( 7.200000000000001954, 0.2000000000000000111, 0.8000000000000000444 ) ) ;
#3636 = CARTESIAN_POINT ( 'NONE',  ( -10.05000000000000071, 6.000000000000000000, -2.250000000000000000 ) ) ;
#3637 = VERTEX_POINT ( 'NONE', #2035 ) ;
#3638 = FACE_OUTER_BOUND ( 'NONE', #5960, .T. ) ;
#3639 = EDGE_CURVE ( 'NONE', #6227, #5264, #2978, .T. ) ;
#3640 =( NAMED_UNIT ( * ) PLANE_ANGLE_UNIT ( ) SI_UNIT ( $, .RADIAN. ) );
#3641 = VECTOR ( 'NONE', #6235, 1000.000000000000000 ) ;
#3642 = VERTEX_POINT ( 'NONE', #2509 ) ;
#3643 = PLANE ( 'NONE',  #3531 ) ;
#3644 =( REPRESENTATION_RELATIONSHIP ('NONE','NONE', #6187, #2070 ) REPRESENTATION_RELATIONSHIP_WITH_TRANSFORMATION ( #4309 )SHAPE_REPRESENTATION_RELATIONSHIP( ) );
#3645 = DIRECTION ( 'NONE',  ( 0.000000000000000000, 2.478176394252580155E-16, -1.000000000000000000 ) ) ;
#3646 = AXIS2_PLACEMENT_3D ( 'NONE', #4892, #5926, #1872 ) ;
#3647 = EDGE_CURVE ( 'NONE', #2701, #1785, #3975, .T. ) ;
#3648 = ORIENTED_EDGE ( 'NONE', *, *, #2753, .T. ) ;
#3649 = CARTESIAN_POINT ( 'NONE',  ( 1.750000000000001554, 1.750000000000000000, 0.2999999999999999889 ) ) ;
#3650 = VERTEX_POINT ( 'NONE', #438 ) ;
#3651 = EDGE_CURVE ( 'NONE', #954, #5023, #4072, .T. ) ;
#3652 = EDGE_CURVE ( 'NONE', #1575, #327, #2947, .T. ) ;
#3653 = CARTESIAN_POINT ( 'NONE',  ( -14.24999999999999822, 4.250000000000000000, 1.649999999999999911 ) ) ;
#3654 = CARTESIAN_POINT ( 'NONE',  ( 15.54999999999999893, 6.000000000000000000, 0.8800000000000000044 ) ) ;
#3655 = CARTESIAN_POINT ( 'NONE',  ( -5.250000000000000000, -0.4515402865250630060, 0.2947213595499945105 ) ) ;
#3656 = VERTEX_POINT ( 'NONE', #2474 ) ;
#3657 = DIRECTION ( 'NONE',  ( -1.000000000000000000, 0.000000000000000000, 0.000000000000000000 ) ) ;
#3658 = VECTOR ( 'NONE', #4314, 1000.000000000000000 ) ;
#3659 = VECTOR ( 'NONE', #3907, 1000.000000000000000 ) ;
#3660 = DIRECTION ( 'NONE',  ( -1.000000000000000000, 3.504579431022969726E-32, 1.519869053105245017E-47 ) ) ;
#3661 = EDGE_LOOP ( 'NONE', ( #3829, #4863, #5364, #4791 ) ) ;
#3662 = LINE ( 'NONE', #3602, #5580 ) ;
#3663 = ORIENTED_EDGE ( 'NONE', *, *, #1330, .F. ) ;
#3664 = CARTESIAN_POINT ( 'NONE',  ( -13.22499999999999964, 6.000000000000000000, -2.623757129271619970 ) ) ;
#3665 = ADVANCED_FACE ( 'NONE', ( #1506 ), #5959, .F. ) ;
#3666 = CARTESIAN_POINT ( 'NONE',  ( -6.249999999999998224, -3.399999999999999911, 0.2999999999999999889 ) ) ;
#3667 = VECTOR ( 'NONE', #6026, 1000.000000000000000 ) ;
#3668 = ORIENTED_EDGE ( 'NONE', *, *, #2768, .F. ) ;
#3669 = PLANE ( 'NONE',  #3855 ) ;
#3670 = DIRECTION ( 'NONE',  ( 0.000000000000000000, -1.734723475977543575E-14, 1.000000000000000000 ) ) ;
#3671 = VECTOR ( 'NONE', #510, 1000.000000000000000 ) ;
#3672 = CARTESIAN_POINT ( 'NONE',  ( 8.250000000000000000, 0.2000000000000000111, -2.250000000000000000 ) ) ;
#3673 = VECTOR ( 'NONE', #115, 1000.000000000000000 ) ;
#3674 = VERTEX_POINT ( 'NONE', #967 ) ;
#3675 = DIRECTION ( 'NONE',  ( -1.000000000000000000, 0.000000000000000000, 0.000000000000000000 ) ) ;
#3676 = DIRECTION ( 'NONE',  ( -1.000000000000000000, 0.000000000000000000, 6.982962677686266711E-15 ) ) ;
#3677 = VECTOR ( 'NONE', #2067, 1000.000000000000000 ) ;
#3678 = ORIENTED_EDGE ( 'NONE', *, *, #112, .F. ) ;
#3679 = CARTESIAN_POINT ( 'NONE',  ( -4.750000000000000000, 5.000000000000000000, 0.8000000000000000444 ) ) ;
#3680 = CARTESIAN_POINT ( 'NONE',  ( 11.94999999999999929, -4.336808689942014778E-16, 2.250000000000000000 ) ) ;
#3681 = ORIENTED_EDGE ( 'NONE', *, *, #3131, .T. ) ;
#3682 = VERTEX_POINT ( 'NONE', #4599 ) ;
#3683 = DIRECTION ( 'NONE',  ( -4.336808689942015271E-16, 1.000000000000000000, 0.000000000000000000 ) ) ;
#3684 = ORIENTED_EDGE ( 'NONE', *, *, #2753, .F. ) ;
#3685 = ADVANCED_FACE ( 'NONE', ( #408 ), #4503, .F. ) ;
#3686 = AXIS2_PLACEMENT_3D ( 'NONE', #3255, #715, #5280 ) ;
#3687 = DIRECTION ( 'NONE',  ( 0.000000000000000000, 3.872150616019655382E-16, -1.000000000000000000 ) ) ;
#3688 = CARTESIAN_POINT ( 'NONE',  ( 14.79999999999999893, 0.2000000000000000111, -2.250000000000000000 ) ) ;
#3689 = DIRECTION ( 'NONE',  ( 0.000000000000000000, 0.000000000000000000, 1.000000000000000000 ) ) ;
#3690 = LINE ( 'NONE', #4155, #4946 ) ;
#3691 = VERTEX_POINT ( 'NONE', #6034 ) ;
#3692 = FACE_OUTER_BOUND ( 'NONE', #3044, .T. ) ;
#3693 = ORIENTED_EDGE ( 'NONE', *, *, #41, .T. ) ;
#3694 = EDGE_CURVE ( 'NONE', #6377, #3437, #4012, .T. ) ;
#3695 = AXIS2_PLACEMENT_3D ( 'NONE', #5434, #313, #1312 ) ;
#3696 = DIRECTION ( 'NONE',  ( 3.504579431022969726E-32, 1.000000000000000000, 2.478176394252580155E-16 ) ) ;
#3697 = ORIENTED_EDGE ( 'NONE', *, *, #3581, .T. ) ;
#3698 = DIRECTION ( 'NONE',  ( 1.000000000000000000, -3.504579431022969726E-32, -1.519869053105245017E-47 ) ) ;
#3699 = ORIENTED_EDGE ( 'NONE', *, *, #365, .T. ) ;
#3700 = CARTESIAN_POINT ( 'NONE',  ( 5.200000000000002842, -4.336808689942014778E-16, -2.250000000000000000 ) ) ;
#3701 = VECTOR ( 'NONE', #5302, 1000.000000000000000 ) ;
#3702 = CARTESIAN_POINT ( 'NONE',  ( -15.94999999999999929, -4.336808689942014778E-16, 2.250000000000000000 ) ) ;
#3703 = ORIENTED_EDGE ( 'NONE', *, *, #3558, .T. ) ;
#3704 = LINE ( 'NONE', #1205, #3641 ) ;
#3705 = ADVANCED_FACE ( 'NONE', ( #5565 ), #1477, .F. ) ;
#3706 = FACE_BOUND ( 'NONE', #532, .T. ) ;
#3707 = LINE ( 'NONE', #2209, #3876 ) ;
#3708 = ORIENTED_EDGE ( 'NONE', *, *, #6457, .T. ) ;
#3709 = FACE_OUTER_BOUND ( 'NONE', #2595, .T. ) ;
#3710 = CLOSED_SHELL ( 'NONE', ( #435, #5643, #738, #1020, #4099, #988, #3439, #7, #4951, #4320, #3912, #3476, #3469, #5148, #2493, #4326, #3351, #2328, #89, #2397, #1295, #5843, #4338, #5050, #1456, #282, #3965, #3705, #5814, #4427, #2880, #5627, #33, #3860, #4576, #5238, #5796, #920, #1097, #1309, #4996, #1759, #2132, #4137, #465, #1854, #1714, #2121, #3038, #227, #3329, #589, #3101, #4526, #6556, #6099, #4744, #204, #834, #3804, #6523, #1698, #96, #4829, #1212, #1618, #6325, #2951, #5168, #3020, #6398, #3307, #2816, #1517, #1704, #2098, #5618, #1138, #1498, #1060, #2967, #5699, #1091, #5191, #6018, #4150, #1439, #1960, #4223, #3990, #1246, #2173, #2161, #1052, #4741, #4648, #5438, #3880, #5596, #939, #788, #1146, #3751, #415, #1660, #4121, #2752, #3877, #3003, #4261, #5409, #4635, #4795, #659, #2655, #2694, #3894, #6498, #2838, #5460, #5139, #4327, #1271, #981, #3665, #3769, #4556, #771, #5156, #2255, #2354, #5735, #5753, #4787, #4237, #1474, #2590, #5880, #4069, #3920, #314, #4401, #1583, #6347, #6517, #1038, #2279, #4618, #3295, #2266, #4080, #4482, #2918, #4610, #1184, #4143, #5405, #1078, #1648, #2269, #3536, #6384, #4864 ) ) ;
#3711 = ORIENTED_EDGE ( 'NONE', *, *, #521, .T. ) ;
#3712 = LINE ( 'NONE', #5205, #3212 ) ;
#3713 = VECTOR ( 'NONE', #5100, 1000.000000000000000 ) ;
#3714 = CARTESIAN_POINT ( 'NONE',  ( -12.24999999999999822, 1.750000000000000000, 0.2999999999999999889 ) ) ;
#3715 = VERTEX_POINT ( 'NONE', #3006 ) ;
#3716 = ORIENTED_EDGE ( 'NONE', *, *, #3047, .F. ) ;
#3717 = CARTESIAN_POINT ( 'NONE',  ( 14.79999999999999893, -4.336808689942014778E-16, -2.250000000000000000 ) ) ;
#3718 = VERTEX_POINT ( 'NONE', #500 ) ;
#3719 = DIRECTION ( 'NONE',  ( -1.000000000000000000, 0.000000000000000000, 0.000000000000000000 ) ) ;
#3720 = LINE ( 'NONE', #3621, #6204 ) ;
#3721 = CARTESIAN_POINT ( 'NONE',  ( -10.05000000000000071, 6.000000000000000000, -2.100000000000000089 ) ) ;
#3722 = CARTESIAN_POINT ( 'NONE',  ( -4.049999999999999822, -4.336808689942014778E-16, 2.250000000000000000 ) ) ;
#3723 = ORIENTED_EDGE ( 'NONE', *, *, #3446, .F. ) ;
#3724 = PLANE ( 'NONE',  #6555 ) ;
#3725 = EDGE_CURVE ( 'NONE', #1733, #573, #99, .T. ) ;
#3726 = ORIENTED_EDGE ( 'NONE', *, *, #4242, .T. ) ;
#3727 = CARTESIAN_POINT ( 'NONE',  ( 3.200000000000001510, 0.2000000000000000111, 2.250000000000000000 ) ) ;
#3728 = EDGE_LOOP ( 'NONE', ( #2997, #1082, #1369, #930 ) ) ;
#3729 = CARTESIAN_POINT ( 'NONE',  ( -8.799999999999998934, 0.2000000000000000111, -2.250000000000000000 ) ) ;
#3730 = ORIENTED_EDGE ( 'NONE', *, *, #2036, .T. ) ;
#3731 = FACE_BOUND ( 'NONE', #1603, .T. ) ;
#3732 = EDGE_CURVE ( 'NONE', #6014, #5396, #5655, .T. ) ;
#3733 = PLANE ( 'NONE',  #5610 ) ;
#3734 = VECTOR ( 'NONE', #6281, 1000.000000000000000 ) ;
#3735 = ORIENTED_EDGE ( 'NONE', *, *, #5436, .F. ) ;
#3736 = DIRECTION ( 'NONE',  ( -1.000000000000000000, 3.504579431022969726E-32, 1.519869053105245017E-47 ) ) ;
#3737 = DIRECTION ( 'NONE',  ( -1.000000000000000000, 3.504579431022969726E-32, 1.519869053105245017E-47 ) ) ;
#3738 = EDGE_CURVE ( 'NONE', #2614, #2261, #5689, .T. ) ;
#3739 = LINE ( 'NONE', #5170, #3027 ) ;
#3740 = EDGE_LOOP ( 'NONE', ( #2638, #5277, #3926, #3944 ) ) ;
#3741 = AXIS2_PLACEMENT_3D ( 'NONE', #575, #2649, #6549 ) ;
#3742 = CARTESIAN_POINT ( 'NONE',  ( 9.199999999999999289, 0.2000000000000000111, 2.250000000000000000 ) ) ;
#3743 = DIRECTION ( 'NONE',  ( -6.982962677686266711E-15, 0.000000000000000000, -1.000000000000000000 ) ) ;
#3744 = ORIENTED_EDGE ( 'NONE', *, *, #1280, .T. ) ;
#3745 = DIRECTION ( 'NONE',  ( 0.000000000000000000, 0.000000000000000000, 1.000000000000000000 ) ) ;
#3746 = EDGE_CURVE ( 'NONE', #5281, #4166, #1570, .T. ) ;
#3747 = CARTESIAN_POINT ( 'NONE',  ( -9.750000000000000000, 1.750000000000000000, 0.2999999999999999889 ) ) ;
#3748 = ORIENTED_EDGE ( 'NONE', *, *, #6426, .F. ) ;
#3749 = VERTEX_POINT ( 'NONE', #593 ) ;
#3750 = CARTESIAN_POINT ( 'NONE',  ( -11.19999999999999929, -4.336808689942014778E-16, -2.250000000000000000 ) ) ;
#3751 = ADVANCED_FACE ( 'NONE', ( #5629 ), #6262, .F. ) ;
#3752 = ORIENTED_EDGE ( 'NONE', *, *, #3627, .F. ) ;
#3753 = FACE_OUTER_BOUND ( 'NONE', #3348, .T. ) ;
#3754 = CARTESIAN_POINT ( 'NONE',  ( 2.250000000000000444, -3.399999999999999911, 0.2999999999999999889 ) ) ;
#3755 = LINE ( 'NONE', #5716, #4189 ) ;
#3756 = PLANE ( 'NONE',  #4837 ) ;
#3757 = EDGE_LOOP ( 'NONE', ( #862, #1248, #3211, #1662 ) ) ;
#3758 = LINE ( 'NONE', #3826, #3480 ) ;
#3759 = VECTOR ( 'NONE', #3190, 1000.000000000000000 ) ;
#3760 = EDGE_LOOP ( 'NONE', ( #5948, #5225, #252, #4883 ) ) ;
#3761 = PRODUCT_DEFINITION_SHAPE ( 'NONE', 'NONE',  #13 ) ;
#3762 = DIRECTION ( 'NONE',  ( 0.000000000000000000, 0.000000000000000000, 1.000000000000000000 ) ) ;
#3763 = VERTEX_POINT ( 'NONE', #4633 ) ;
#3764 = LINE ( 'NONE', #4295, #2286 ) ;
#3765 = EDGE_LOOP ( 'NONE', ( #3330, #1939, #5109, #3774 ) ) ;
#3766 = CARTESIAN_POINT ( 'NONE',  ( -1.749999999999999778, 1.750000000000000000, 0.2999999999999999889 ) ) ;
#3767 = VECTOR ( 'NONE', #4412, 1000.000000000000000 ) ;
#3768 = ORIENTED_EDGE ( 'NONE', *, *, #3746, .F. ) ;
#3769 = ADVANCED_FACE ( 'NONE', ( #2127 ), #6226, .F. ) ;
#3770 = DIRECTION ( 'NONE',  ( 0.000000000000000000, -0.8944271909999158554, -0.4472135954999579277 ) ) ;
#3771 = EDGE_CURVE ( 'NONE', #6074, #1822, #3662, .T. ) ;
#3772 = CARTESIAN_POINT ( 'NONE',  ( -5.140808929720139808, -3.399999999999999911, 0.4091910702798604582 ) ) ;
#3773 = LINE ( 'NONE', #6162, #1216 ) ;
#3774 = ORIENTED_EDGE ( 'NONE', *, *, #3086, .F. ) ;
#3775 = LINE ( 'NONE', #1245, #5586 ) ;
#3776 = AXIS2_PLACEMENT_3D ( 'NONE', #5599, #4539, #1444 ) ;
#3777 = EDGE_CURVE ( 'NONE', #2559, #4440, #2739, .T. ) ;
#3778 = ORIENTED_EDGE ( 'NONE', *, *, #2591, .F. ) ;
#3779 = VECTOR ( 'NONE', #1489, 1000.000000000000000 ) ;
#3780 = LINE ( 'NONE', #2278, #4074 ) ;
#3781 = VECTOR ( 'NONE', #5276, 1000.000000000000000 ) ;
#3782 = EDGE_CURVE ( 'NONE', #3650, #4836, #4759, .T. ) ;
#3783 = FACE_OUTER_BOUND ( 'NONE', #2782, .T. ) ;
#3784 = ORIENTED_EDGE ( 'NONE', *, *, #1925, .T. ) ;
#3785 = EDGE_LOOP ( 'NONE', ( #6278, #913, #5501, #4263 ) ) ;
#3786 = CARTESIAN_POINT ( 'NONE',  ( 15.29999999999999893, 1.750000000000000000, 1.649999999999999911 ) ) ;
#3787 = VECTOR ( 'NONE', #4833, 1000.000000000000000 ) ;
#3788 = ORIENTED_EDGE ( 'NONE', *, *, #2974, .T. ) ;
#3789 = LINE ( 'NONE', #3326, #6286 ) ;
#3790 = VECTOR ( 'NONE', #1465, 1000.000000000000000 ) ;
#3791 = CARTESIAN_POINT ( 'NONE',  ( 7.200000000000001954, 0.2000000000000000111, -2.250000000000000000 ) ) ;
#3792 = CARTESIAN_POINT ( 'NONE',  ( -11.19999999999999929, 0.2000000000000000111, 2.250000000000000000 ) ) ;
#3793 = EDGE_CURVE ( 'NONE', #743, #4394, #4665, .T. ) ;
#3794 = ORIENTED_EDGE ( 'NONE', *, *, #3138, .T. ) ;
#3795 = DIRECTION ( 'NONE',  ( -0.3236155771181828955, -0.8891264907159897035, -0.3236155771181828955 ) ) ;
#3796 = CIRCLE ( 'NONE', #3686, 0.5499999999999998224 ) ;
#3797 = VERTEX_POINT ( 'NONE', #5755 ) ;
#3798 = CARTESIAN_POINT ( 'NONE',  ( 10.69999999999999929, 5.750000000000000000, 1.649999999999999911 ) ) ;
#3799 = ORIENTED_EDGE ( 'NONE', *, *, #65, .F. ) ;
#3800 = VECTOR ( 'NONE', #2857, 1000.000000000000000 ) ;
#3801 = CARTESIAN_POINT ( 'NONE',  ( 5.200000000000002842, 0.2000000000000000111, -2.250000000000000000 ) ) ;
#3802 = ORIENTED_EDGE ( 'NONE', *, *, #4465, .F. ) ;
#3803 = FACE_OUTER_BOUND ( 'NONE', #1928, .T. ) ;
#3804 = ADVANCED_FACE ( 'NONE', ( #949 ), #5576, .F. ) ;
#3805 = DIRECTION ( 'NONE',  ( 0.000000000000000000, -1.000000000000000000, 0.000000000000000000 ) ) ;
#3806 = FACE_BOUND ( 'NONE', #6312, .T. ) ;
#3807 = DIRECTION ( 'NONE',  ( -0.3236155771181828955, 0.8891264907159897035, -0.3236155771181828955 ) ) ;
#3808 = CARTESIAN_POINT ( 'NONE',  ( -5.140808929720139808, 5.000000000000000000, 0.2999999999999999889 ) ) ;
#3809 = ORIENTED_EDGE ( 'NONE', *, *, #4959, .F. ) ;
#3810 = CARTESIAN_POINT ( 'NONE',  ( 13.19999999999999929, 0.2000000000000000111, -2.250000000000000000 ) ) ;
#3811 = CARTESIAN_POINT ( 'NONE',  ( -16.99999999999999289, -2.168404344970917409E-16, 1.099999999999947464 ) ) ;
#3812 = EDGE_CURVE ( 'NONE', #4811, #2086, #5123, .T. ) ;
#3813 = ORIENTED_EDGE ( 'NONE', *, *, #1958, .T. ) ;
#3814 = CARTESIAN_POINT ( 'NONE',  ( -3.199999999999999734, 0.2000000000000000111, 2.250000000000000000 ) ) ;
#3815 = LINE ( 'NONE', #6445, #1855 ) ;
#3816 = ORIENTED_EDGE ( 'NONE', *, *, #4130, .T. ) ;
#3817 = ORIENTED_EDGE ( 'NONE', *, *, #3639, .T. ) ;
#3818 = LINE ( 'NONE', #3322, #391 ) ;
#3819 = EDGE_CURVE ( 'NONE', #5788, #2430, #5161, .T. ) ;
#3820 = PRODUCT_DEFINITION_SHAPE ( 'NONE', 'NONE',  #6582 ) ;
#3821 = EDGE_LOOP ( 'NONE', ( #3514, #300, #4494, #6170 ) ) ;
#3822 = CARTESIAN_POINT ( 'NONE',  ( -5.140808929720139808, -3.399999999999999911, 1.011922027653137932E-15 ) ) ;
#3823 = DIRECTION ( 'NONE',  ( -1.000000000000000000, 0.000000000000000000, 0.000000000000000000 ) ) ;
#3824 = CARTESIAN_POINT ( 'NONE',  ( -5.250000000000000000, -3.100000000000000089, 0.8000000000000000444 ) ) ;
#3825 = VERTEX_POINT ( 'NONE', #2668 ) ;
#3826 = CARTESIAN_POINT ( 'NONE',  ( -2.799999999999998490, 0.2000000000000000111, 0.2999999999999999889 ) ) ;
#3827 = EDGE_LOOP ( 'NONE', ( #1469, #3843, #4379, #6373 ) ) ;
#3828 = CARTESIAN_POINT ( 'NONE',  ( 15.29999999999999893, 1.750000000000000000, -1.850000000000000089 ) ) ;
#3829 = ORIENTED_EDGE ( 'NONE', *, *, #6512, .F. ) ;
#3830 = PLANE ( 'NONE',  #5786 ) ;
#3831 = ORIENTED_EDGE ( 'NONE', *, *, #3497, .F. ) ;
#3832 = FACE_BOUND ( 'NONE', #3765, .T. ) ;
#3833 = EDGE_CURVE ( 'NONE', #1283, #2350, #1197, .T. ) ;
#3834 = EDGE_CURVE ( 'NONE', #2853, #483, #6155, .T. ) ;
#3835 = CARTESIAN_POINT ( 'NONE',  ( 0.2500000000000002220, 1.750000000000000000, 0.2999999999999999889 ) ) ;
#3836 = DIRECTION ( 'NONE',  ( -0.000000000000000000, 1.000000000000000000, 0.000000000000000000 ) ) ;
#3837 = DIRECTION ( 'NONE',  ( 3.504579431022969726E-32, 1.000000000000000000, 2.478176394252580155E-16 ) ) ;
#3838 = CARTESIAN_POINT ( 'NONE',  ( -15.94999999999999929, 4.500000000000000000, 0.8800000000000000044 ) ) ;
#3839 = ORIENTED_EDGE ( 'NONE', *, *, #3793, .F. ) ;
#3840 = LINE ( 'NONE', #340, #2515 ) ;
#3841 = DIRECTION ( 'NONE',  ( 1.000000000000000000, 0.000000000000000000, 0.000000000000000000 ) ) ;
#3842 = CIRCLE ( 'NONE', #1070, 0.5499999999999999334 ) ;
#3843 = ORIENTED_EDGE ( 'NONE', *, *, #1862, .T. ) ;
#3844 = PLANE ( 'NONE',  #4809 ) ;
#3845 = VECTOR ( 'NONE', #1709, 1000.000000000000000 ) ;
#3846 = LINE ( 'NONE', #6348, #46 ) ;
#3847 = ORIENTED_EDGE ( 'NONE', *, *, #5790, .F. ) ;
#3848 = CARTESIAN_POINT ( 'NONE',  ( 1.200000000000001510, 0.2000000000000000111, 2.250000000000000000 ) ) ;
#3849 = CARTESIAN_POINT ( 'NONE',  ( 10.79999999999999893, 0.2000000000000000111, -2.250000000000000000 ) ) ;
#3850 = ORIENTED_EDGE ( 'NONE', *, *, #2556, .F. ) ;
#3851 = DIRECTION ( 'NONE',  ( 1.000000000000000000, -2.865843848928964672E-17, -2.149382886696720053E-16 ) ) ;
#3852 = EDGE_CURVE ( 'NONE', #5385, #813, #2065, .T. ) ;
#3853 = DIRECTION ( 'NONE',  ( 0.000000000000000000, -1.000000000000000000, 0.000000000000000000 ) ) ;
#3854 = CARTESIAN_POINT ( 'NONE',  ( -0.7999999999999986011, 0.2000000000000000111, -2.250000000000000000 ) ) ;
#3855 = AXIS2_PLACEMENT_3D ( 'NONE', #4764, #4730, #700 ) ;
#3856 = ADVANCED_FACE ( 'NONE', ( #6126 ), #1094, .F. ) ;
#3857 = ORIENTED_EDGE ( 'NONE', *, *, #2155, .F. ) ;
#3858 = CARTESIAN_POINT ( 'NONE',  ( 1.750000000000001554, -3.399999999999999911, 0.2999999999999999889 ) ) ;
#3859 = ORIENTED_EDGE ( 'NONE', *, *, #4921, .F. ) ;
#3860 = ADVANCED_FACE ( 'NONE', ( #4692 ), #654, .F. ) ;
#3861 = AXIS2_PLACEMENT_3D ( 'NONE', #4967, #762, #1404 ) ;
#3862 = PLANE ( 'NONE',  #2145 ) ;
#3863 = ORIENTED_EDGE ( 'NONE', *, *, #6487, .F. ) ;
#3864 = DIRECTION ( 'NONE',  ( 1.000000000000000000, 0.000000000000000000, 0.000000000000000000 ) ) ;
#3865 = VECTOR ( 'NONE', #4255, 1000.000000000000000 ) ;
#3866 = EDGE_LOOP ( 'NONE', ( #332, #1464, #5765, #2258 ) ) ;
#3867 = CARTESIAN_POINT ( 'NONE',  ( -0.7999999999999986011, 0.2000000000000000111, -2.250000000000000000 ) ) ;
#3868 = ORIENTED_EDGE ( 'NONE', *, *, #6158, .T. ) ;
#3869 = CARTESIAN_POINT ( 'NONE',  ( -13.74999999999999822, 6.000000000000000000, 0.2999999999999999889 ) ) ;
#3870 = DIRECTION ( 'NONE',  ( 0.000000000000000000, 0.000000000000000000, 1.000000000000000000 ) ) ;
#3871 = CARTESIAN_POINT ( 'NONE',  ( -5.250000000000000000, -2.419911892563235245, 0.8000000000000000444 ) ) ;
#3872 = EDGE_CURVE ( 'NONE', #6109, #2743, #2702, .T. ) ;
#3873 = VERTEX_POINT ( 'NONE', #1370 ) ;
#3874 = CARTESIAN_POINT ( 'NONE',  ( -4.799999999999998934, 0.2000000000000000111, -2.250000000000000000 ) ) ;
#3875 = APPLICATION_PROTOCOL_DEFINITION ( 'draft international standard', 'automotive_design', 1998, #660 ) ;
#3876 = VECTOR ( 'NONE', #2239, 1000.000000000000000 ) ;
#3877 = ADVANCED_FACE ( 'NONE', ( #4398 ), #2262, .F. ) ;
#3878 = VERTEX_POINT ( 'NONE', #1300 ) ;
#3879 = PRESENTATION_STYLE_ASSIGNMENT (( #2314 ) ) ;
#3880 = ADVANCED_FACE ( 'NONE', ( #266 ), #3899, .F. ) ;
#3881 = VECTOR ( 'NONE', #2570, 1000.000000000000000 ) ;
#3882 = CARTESIAN_POINT ( 'NONE',  ( -8.799999999999998934, 0.2000000000000000111, -2.250000000000000000 ) ) ;
#3883 = VERTEX_POINT ( 'NONE', #1803 ) ;
#3884 = CARTESIAN_POINT ( 'NONE',  ( -4.249999999999998224, -3.399999999999999911, 0.2999999999999999889 ) ) ;
#3885 = CARTESIAN_POINT ( 'NONE',  ( 9.199999999999999289, 0.2000000000000000111, 2.250000000000000000 ) ) ;
#3886 = LINE ( 'NONE', #676, #5494 ) ;
#3887 = VECTOR ( 'NONE', #3563, 1000.000000000000000 ) ;
#3888 = ORIENTED_EDGE ( 'NONE', *, *, #3226, .F. ) ;
#3889 = DIRECTION ( 'NONE',  ( -1.000000000000000000, -1.414176746720227837E-16, 0.000000000000000000 ) ) ;
#3890 = CARTESIAN_POINT ( 'NONE',  ( -7.750000000000000000, 1.750000000000000000, 0.2999999999999999889 ) ) ;
#3891 = VECTOR ( 'NONE', #2017, 1000.000000000000000 ) ;
#3892 = ORIENTED_EDGE ( 'NONE', *, *, #2735, .T. ) ;
#3893 = CARTESIAN_POINT ( 'NONE',  ( 5.750000000000003553, 1.750000000000000000, 0.2999999999999999889 ) ) ;
#3894 = ADVANCED_FACE ( 'NONE', ( #2299 ), #2232, .F. ) ;
#3895 = VERTEX_POINT ( 'NONE', #794 ) ;
#3896 = VECTOR ( 'NONE', #6294, 1000.000000000000000 ) ;
#3897 = CARTESIAN_POINT ( 'NONE',  ( -14.79999999999999893, 0.2000000000000000111, 2.250000000000000000 ) ) ;
#3898 = VERTEX_POINT ( 'NONE', #5362 ) ;
#3899 = PLANE ( 'NONE',  #5682 ) ;
#3900 = ORIENTED_EDGE ( 'NONE', *, *, #1512, .T. ) ;
#3901 = CARTESIAN_POINT ( 'NONE',  ( -11.19999999999999929, -4.336808689942014778E-16, -2.250000000000000000 ) ) ;
#3902 = VECTOR ( 'NONE', #3795, 999.9999999999998863 ) ;
#3903 = LINE ( 'NONE', #2775, #3076 ) ;
#3904 = VECTOR ( 'NONE', #3421, 1000.000000000000000 ) ;
#3905 = LINE ( 'NONE', #2809, #1199 ) ;
#3906 = CARTESIAN_POINT ( 'NONE',  ( -15.19999999999999751, 4.250000000000000000, 2.250000000000000000 ) ) ;
#3907 = DIRECTION ( 'NONE',  ( 0.000000000000000000, -1.000000000000000000, -3.318687873851555372E-16 ) ) ;
#3908 = ORIENTED_EDGE ( 'NONE', *, *, #4977, .F. ) ;
#3909 = CARTESIAN_POINT ( 'NONE',  ( -10.05000000000000071, 4.500000000000000000, -0.1200000000000000094 ) ) ;
#3910 = DIRECTION ( 'NONE',  ( -1.000000000000000000, 0.000000000000000000, 6.982962677686266711E-15 ) ) ;
#3911 = AXIS2_PLACEMENT_3D ( 'NONE', #5499, #902, #2944 ) ;
#3912 = ADVANCED_FACE ( 'NONE', ( #1734 ), #6366, .F. ) ;
#3913 = EDGE_LOOP ( 'NONE', ( #5660, #2755, #4915, #4932 ) ) ;
#3914 = DIRECTION ( 'NONE',  ( 0.000000000000000000, 1.927470528863119788E-16, -1.000000000000000000 ) ) ;
#3915 = CARTESIAN_POINT ( 'NONE',  ( -4.000000000000000000, 5.000000000000000000, 6.866613759074859115E-16 ) ) ;
#3916 = ORIENTED_EDGE ( 'NONE', *, *, #3346, .F. ) ;
#3917 = DIRECTION ( 'NONE',  ( 0.000000000000000000, 1.000000000000000000, 0.000000000000000000 ) ) ;
#3918 = LINE ( 'NONE', #5345, #709 ) ;
#3919 = CARTESIAN_POINT ( 'NONE',  ( -15.19999999999999751, 2.250000000000000000, 2.250000000000000000 ) ) ;
#3920 = ADVANCED_FACE ( 'NONE', ( #1336 ), #3830, .F. ) ;
#3921 = ORIENTED_EDGE ( 'NONE', *, *, #5923, .F. ) ;
#3922 = CARTESIAN_POINT ( 'NONE',  ( 8.800000000000000711, 0.2000000000000000111, -2.250000000000000000 ) ) ;
#3923 = DIRECTION ( 'NONE',  ( -0.000000000000000000, 1.000000000000000000, 0.000000000000000000 ) ) ;
#3924 = ORIENTED_EDGE ( 'NONE', *, *, #3605, .F. ) ;
#3925 = FACE_OUTER_BOUND ( 'NONE', #4392, .T. ) ;
#3926 = ORIENTED_EDGE ( 'NONE', *, *, #2081, .F. ) ;
#3927 = AXIS2_PLACEMENT_3D ( 'NONE', #2873, #3805, #3377 ) ;
#3928 = CARTESIAN_POINT ( 'NONE',  ( -14.24999999999999822, 0.2000000000000000111, 0.2999999999999999889 ) ) ;
#3929 = EDGE_CURVE ( 'NONE', #3553, #1711, #6428, .T. ) ;
#3930 = ORIENTED_EDGE ( 'NONE', *, *, #2160, .T. ) ;
#3931 = CARTESIAN_POINT ( 'NONE',  ( -15.29999999999999893, 1.750000000000000000, 1.649999999999999911 ) ) ;
#3932 = ORIENTED_EDGE ( 'NONE', *, *, #569, .T. ) ;
#3933 = CARTESIAN_POINT ( 'NONE',  ( 15.94999999999999929, 4.500000000000000000, 0.8800000000000000044 ) ) ;
#3934 = VECTOR ( 'NONE', #1905, 1000.000000000000000 ) ;
#3935 = ORIENTED_EDGE ( 'NONE', *, *, #6481, .T. ) ;
#3936 = CARTESIAN_POINT ( 'NONE',  ( 2.250000000000000444, 0.2000000000000000111, 0.2999999999999999889 ) ) ;
#3937 = LINE ( 'NONE', #1405, #4334 ) ;
#3938 = DIRECTION ( 'NONE',  ( -1.000000000000000000, -2.522858432348305322E-32, 1.239088197126289831E-16 ) ) ;
#3939 = LINE ( 'NONE', #6499, #1754 ) ;
#3940 = EDGE_CURVE ( 'NONE', #790, #1700, #3337, .T. ) ;
#3941 = ORIENTED_EDGE ( 'NONE', *, *, #3446, .T. ) ;
#3942 = DIRECTION ( 'NONE',  ( 0.000000000000000000, 1.000000000000000000, 1.927470528863119788E-16 ) ) ;
#3943 = CARTESIAN_POINT ( 'NONE',  ( -8.999999999999996447, -2.168404344970917409E-16, 1.099999999999947464 ) ) ;
#3944 = ORIENTED_EDGE ( 'NONE', *, *, #521, .F. ) ;
#3945 = EDGE_CURVE ( 'NONE', #4166, #2740, #2898, .T. ) ;
#3946 = CARTESIAN_POINT ( 'NONE',  ( 10.24999999999999822, 0.2000000000000000111, 0.8000000000000000444 ) ) ;
#3947 = DIRECTION ( 'NONE',  ( 1.000000000000000000, 0.000000000000000000, 0.000000000000000000 ) ) ;
#3948 = ORIENTED_EDGE ( 'NONE', *, *, #1026, .T. ) ;
#3949 = CARTESIAN_POINT ( 'NONE',  ( -15.94999999999999929, 6.000000000000000000, 2.250000000000000000 ) ) ;
#3950 = CARTESIAN_POINT ( 'NONE',  ( 7.949999999999998401, -4.336808689942014778E-16, 2.250000000000000000 ) ) ;
#3951 = CARTESIAN_POINT ( 'NONE',  ( -15.94999999999999929, 4.336808689942014778E-16, -2.250000000000000000 ) ) ;
#3952 = EDGE_CURVE ( 'NONE', #5573, #649, #829, .T. ) ;
#3953 = ORIENTED_EDGE ( 'NONE', *, *, #5293, .F. ) ;
#3954 = VECTOR ( 'NONE', #782, 1000.000000000000000 ) ;
#3955 = DIRECTION ( 'NONE',  ( 0.000000000000000000, -1.000000000000000000, 0.000000000000000000 ) ) ;
#3956 = CARTESIAN_POINT ( 'NONE',  ( -7.200000000000000178, 0.2000000000000000111, 2.250000000000000000 ) ) ;
#3957 = EDGE_CURVE ( 'NONE', #3482, #2853, #5829, .T. ) ;
#3958 = EDGE_LOOP ( 'NONE', ( #431, #2498, #2535, #5550 ) ) ;
#3959 = VECTOR ( 'NONE', #3213, 1000.000000000000000 ) ;
#3960 = CARTESIAN_POINT ( 'NONE',  ( -10.05000000000000071, 4.500000000000000000, 0.3800000000000000044 ) ) ;
#3961 = EDGE_LOOP ( 'NONE', ( #5055, #3868, #3129, #1035, #830, #5677, #3332, #5207, #3016, #3109, #2164, #4818 ) ) ;
#3962 = VECTOR ( 'NONE', #6307, 1000.000000000000000 ) ;
#3963 = VECTOR ( 'NONE', #2945, 1000.000000000000000 ) ;
#3964 = DIRECTION ( 'NONE',  ( 0.000000000000000000, -1.000000000000000000, 0.000000000000000000 ) ) ;
#3965 = ADVANCED_FACE ( 'NONE', ( #230 ), #4859, .F. ) ;
#3966 = ORIENTED_EDGE ( 'NONE', *, *, #2183, .T. ) ;
#3967 = DIRECTION ( 'NONE',  ( -1.000000000000000000, 0.000000000000000000, 0.000000000000000000 ) ) ;
#3968 = ORIENTED_EDGE ( 'NONE', *, *, #2513, .F. ) ;
#3969 = SURFACE_STYLE_USAGE ( .BOTH. , #896 ) ;
#3970 = AXIS2_PLACEMENT_3D ( 'NONE', #3350, #842, #3914 ) ;
#3971 = FACE_OUTER_BOUND ( 'NONE', #5165, .T. ) ;
#3972 = CARTESIAN_POINT ( 'NONE',  ( -7.750000000000000000, 0.2000000000000000111, 0.2999999999999999889 ) ) ;
#3973 = PLANE ( 'NONE',  #3911 ) ;
#3974 = VECTOR ( 'NONE', #5628, 1000.000000000000000 ) ;
#3975 = LINE ( 'NONE', #5095, #4411 ) ;
#3976 = ORIENTED_EDGE ( 'NONE', *, *, #503, .T. ) ;
#3977 = LINE ( 'NONE', #4472, #3677 ) ;
#3978 = EDGE_CURVE ( 'NONE', #4789, #1694, #3764, .T. ) ;
#3979 = ORIENTED_EDGE ( 'NONE', *, *, #5680, .T. ) ;
#3980 = LINE ( 'NONE', #344, #4391 ) ;
#3981 = DIRECTION ( 'NONE',  ( -1.000000000000000000, 3.504579431022969726E-32, 0.000000000000000000 ) ) ;
#3982 = DIRECTION ( 'NONE',  ( 0.000000000000000000, 0.000000000000000000, 1.000000000000000000 ) ) ;
#3983 = ORIENTED_EDGE ( 'NONE', *, *, #3334, .F. ) ;
#3984 = DIRECTION ( 'NONE',  ( -0.7071067811865489050, 0.7071067811865460184, 0.000000000000000000 ) ) ;
#3985 = VECTOR ( 'NONE', #985, 1000.000000000000000 ) ;
#3986 = DIRECTION ( 'NONE',  ( 1.519869053105245017E-47, 0.000000000000000000, 1.000000000000000000 ) ) ;
#3987 = LINE ( 'NONE', #3455, #3057 ) ;
#3988 = EDGE_CURVE ( 'NONE', #1858, #2350, #200, .T. ) ;
#3989 = VECTOR ( 'NONE', #4476, 1000.000000000000000 ) ;
#3990 = ADVANCED_FACE ( 'NONE', ( #1235 ), #3370, .F. ) ;
#3991 = ORIENTED_EDGE ( 'NONE', *, *, #2479, .T. ) ;
#3992 = VECTOR ( 'NONE', #1275, 1000.000000000000000 ) ;
#3993 = LINE ( 'NONE', #4948, #6176 ) ;
#3994 = CARTESIAN_POINT ( 'NONE',  ( 11.94999999999999929, -4.336808689942014778E-16, 2.250000000000000000 ) ) ;
#3995 = ORIENTED_EDGE ( 'NONE', *, *, #130, .T. ) ;
#3996 = CARTESIAN_POINT ( 'NONE',  ( -0.7999999999999986011, 0.2000000000000000111, -2.250000000000000000 ) ) ;
#3997 = VECTOR ( 'NONE', #3967, 1000.000000000000000 ) ;
#3998 =( REPRESENTATION_RELATIONSHIP ('NONE','NONE', #6187, #2070 ) REPRESENTATION_RELATIONSHIP_WITH_TRANSFORMATION ( #4015 )SHAPE_REPRESENTATION_RELATIONSHIP( ) );
#3999 = ORIENTED_EDGE ( 'NONE', *, *, #5980, .T. ) ;
#4000 = EDGE_CURVE ( 'NONE', #1735, #2652, #331, .T. ) ;
#4001 = VECTOR ( 'NONE', #5116, 1000.000000000000000 ) ;
#4002 = CARTESIAN_POINT ( 'NONE',  ( -12.79999999999999893, 0.2000000000000000111, -2.250000000000000000 ) ) ;
#4003 = AXIS2_PLACEMENT_3D ( 'NONE', #4751, #2795, #256 ) ;
#4004 = ORIENTED_EDGE ( 'NONE', *, *, #3738, .T. ) ;
#4005 = CARTESIAN_POINT ( 'NONE',  ( -6.799999999999998934, 0.2000000000000000111, 2.250000000000000000 ) ) ;
#4006 = ORIENTED_EDGE ( 'NONE', *, *, #5211, .F. ) ;
#4007 = LINE ( 'NONE', #2939, #5273 ) ;
#4008 = AXIS2_PLACEMENT_3D ( 'NONE', #5891, #3405, #796 ) ;
#4009 = CARTESIAN_POINT ( 'NONE',  ( -2.799999999999998490, 0.2000000000000000111, 2.250000000000000000 ) ) ;
#4010 = LINE ( 'NONE', #966, #1947 ) ;
#4011 = VECTOR ( 'NONE', #4393, 1000.000000000000000 ) ;
#4012 = LINE ( 'NONE', #531, #6005 ) ;
#4013 = ORIENTED_EDGE ( 'NONE', *, *, #4339, .T. ) ;
#4014 = LINE ( 'NONE', #5997, #6338 ) ;
#4015 = ITEM_DEFINED_TRANSFORMATION ( 'NONE', 'NONE', #1893,  #819 ) ;
#4016 = VECTOR ( 'NONE', #3052, 1000.000000000000000 ) ;
#4017 = EDGE_LOOP ( 'NONE', ( #1843, #3813, #1645, #5776 ) ) ;
#4018 = CARTESIAN_POINT ( 'NONE',  ( 3.200000000000001510, 0.2000000000000000111, -2.250000000000000000 ) ) ;
#4019 = LINE ( 'NONE', #2643, #1590 ) ;
#4020 = LINE ( 'NONE', #4548, #5892 ) ;
#4021 = ORIENTED_EDGE ( 'NONE', *, *, #3166, .F. ) ;
#4022 = DIRECTION ( 'NONE',  ( 1.000000000000000000, 0.000000000000000000, 0.000000000000000000 ) ) ;
#4023 = EDGE_CURVE ( 'NONE', #6538, #5032, #6559, .T. ) ;
#4024 = VECTOR ( 'NONE', #1550, 1000.000000000000000 ) ;
#4025 = LINE ( 'NONE', #5044, #1032 ) ;
#4026 = DIRECTION ( 'NONE',  ( 0.000000000000000000, 1.000000000000000000, 0.000000000000000000 ) ) ;
#4027 = ORIENTED_EDGE ( 'NONE', *, *, #5445, .T. ) ;
#4028 = AXIS2_PLACEMENT_3D ( 'NONE', #6201, #242, #2275 ) ;
#4029 = DIRECTION ( 'NONE',  ( 1.000000000000000000, 0.000000000000000000, 0.000000000000000000 ) ) ;
#4030 = LINE ( 'NONE', #6142, #2497 ) ;
#4031 = EDGE_CURVE ( 'NONE', #2218, #3001, #4037, .T. ) ;
#4032 = ORIENTED_EDGE ( 'NONE', *, *, #3456, .T. ) ;
#4033 = CARTESIAN_POINT ( 'NONE',  ( 6.250000000000001776, 0.2000000000000000111, -2.250000000000000000 ) ) ;
#4034 = ORIENTED_EDGE ( 'NONE', *, *, #6335, .T. ) ;
#4035 = FACE_BOUND ( 'NONE', #6151, .T. ) ;
#4036 = ORIENTED_EDGE ( 'NONE', *, *, #6049, .F. ) ;
#4037 = LINE ( 'NONE', #2536, #2826 ) ;
#4038 = ORIENTED_EDGE ( 'NONE', *, *, #1056, .T. ) ;
#4039 =( NAMED_UNIT ( * ) SI_UNIT ( $, .STERADIAN. ) SOLID_ANGLE_UNIT ( ) );
#4040 = DIRECTION ( 'NONE',  ( 0.000000000000000000, 0.000000000000000000, 1.000000000000000000 ) ) ;
#4041 = CARTESIAN_POINT ( 'NONE',  ( -0.7999999999999986011, 0.2000000000000000111, -2.250000000000000000 ) ) ;
#4042 = DIRECTION ( 'NONE',  ( 0.000000000000000000, -3.165553788278845372E-16, 1.000000000000000000 ) ) ;
#4043 = ORIENTED_EDGE ( 'NONE', *, *, #2556, .T. ) ;
#4044 = CARTESIAN_POINT ( 'NONE',  ( 14.72499999999999787, 6.000000000000000000, 2.149999999999999911 ) ) ;
#4045 = EDGE_CURVE ( 'NONE', #5952, #1004, #4462, .T. ) ;
#4046 = ORIENTED_EDGE ( 'NONE', *, *, #5795, .F. ) ;
#4047 = DIRECTION ( 'NONE',  ( 0.000000000000000000, 0.000000000000000000, 1.000000000000000000 ) ) ;
#4048 = LINE ( 'NONE', #106, #3713 ) ;
#4049 = CARTESIAN_POINT ( 'NONE',  ( 8.250000000000000000, -3.399999999999999911, 0.2999999999999999889 ) ) ;
#4050 = ORIENTED_EDGE ( 'NONE', *, *, #2473, .T. ) ;
#4051 = DIRECTION ( 'NONE',  ( -1.000000000000000000, -4.476652557876059775E-32, 1.414176746720221921E-16 ) ) ;
#4052 = CARTESIAN_POINT ( 'NONE',  ( 10.79999999999999893, 0.2000000000000000111, 2.250000000000000000 ) ) ;
#4053 = LINE ( 'NONE', #5479, #6029 ) ;
#4054 = VERTEX_POINT ( 'NONE', #2029 ) ;
#4055 = DIRECTION ( 'NONE',  ( 0.5773502691896270633, -0.5773502691896240657, 0.5773502691896260641 ) ) ;
#4056 = DIRECTION ( 'NONE',  ( 1.000000000000000000, 0.000000000000000000, 0.000000000000000000 ) ) ;
#4057 = ORIENTED_EDGE ( 'NONE', *, *, #2147, .T. ) ;
#4058 = DIRECTION ( 'NONE',  ( 1.000000000000000000, 0.000000000000000000, 0.000000000000000000 ) ) ;
#4059 = VECTOR ( 'NONE', #6564, 1000.000000000000000 ) ;
#4060 = ORIENTED_EDGE ( 'NONE', *, *, #2230, .F. ) ;
#4061 = EDGE_CURVE ( 'NONE', #2193, #1641, #3433, .T. ) ;
#4062 = EDGE_CURVE ( 'NONE', #933, #325, #4532, .T. ) ;
#4063 = CARTESIAN_POINT ( 'NONE',  ( -15.94999999999999929, 0.8299999999999999600, 2.250000000000000000 ) ) ;
#4064 = VECTOR ( 'NONE', #883, 1000.000000000000000 ) ;
#4065 = ORIENTED_EDGE ( 'NONE', *, *, #5530, .F. ) ;
#4066 = LINE ( 'NONE', #6086, #6224 ) ;
#4067 = ORIENTED_EDGE ( 'NONE', *, *, #6252, .T. ) ;
#4068 = DIRECTION ( 'NONE',  ( 0.000000000000000000, -0.1321637200910179555, -0.9912279006826346661 ) ) ;
#4069 = ADVANCED_FACE ( 'NONE', ( #6056, #893 ), #2002, .F. ) ;
#4070 = FACE_OUTER_BOUND ( 'NONE', #4589, .T. ) ;
#4071 = CARTESIAN_POINT ( 'NONE',  ( -4.750000000000000000, -2.419911892563235245, 0.8000000000000000444 ) ) ;
#4072 = LINE ( 'NONE', #5995, #4524 ) ;
#4073 = EDGE_LOOP ( 'NONE', ( #152, #2243, #4406, #2990 ) ) ;
#4074 = VECTOR ( 'NONE', #2215, 1000.000000000000000 ) ;
#4075 = DIRECTION ( 'NONE',  ( 0.000000000000000000, 1.000000000000000000, 0.000000000000000000 ) ) ;
#4076 = ITEM_DEFINED_TRANSFORMATION ( 'NONE', 'NONE', #604,  #819 ) ;
#4077 = VERTEX_POINT ( 'NONE', #3505 ) ;
#4078 = VECTOR ( 'NONE', #3762, 1000.000000000000000 ) ;
#4079 = CARTESIAN_POINT ( 'NONE',  ( -5.250000000000000000, -0.9517188593945330455, 0.6595507669277020923 ) ) ;
#4080 = ADVANCED_FACE ( 'NONE', ( #4923 ), #3472, .F. ) ;
#4081 = CARTESIAN_POINT ( 'NONE',  ( 11.20000000000000107, -4.336808689942014778E-16, 2.250000000000000000 ) ) ;
#4082 = LINE ( 'NONE', #5101, #5575 ) ;
#4083 = EDGE_LOOP ( 'NONE', ( #4280, #5339, #2553, #5823 ) ) ;
#4084 = DIRECTION ( 'NONE',  ( 1.519869053105245017E-47, 0.000000000000000000, 1.000000000000000000 ) ) ;
#4085 = CARTESIAN_POINT ( 'NONE',  ( 15.94999999999999929, 6.000000000000000000, 2.250000000000000000 ) ) ;
#4086 = ORIENTED_EDGE ( 'NONE', *, *, #4181, .T. ) ;
#4087 = FACE_OUTER_BOUND ( 'NONE', #5198, .T. ) ;
#4088 = PLANE ( 'NONE',  #4822 ) ;
#4089 = ORIENTED_EDGE ( 'NONE', *, *, #6158, .F. ) ;
#4090 = LINE ( 'NONE', #1050, #3485 ) ;
#4091 = AXIS2_PLACEMENT_3D ( 'NONE', #5607, #3547, #1009 ) ;
#4092 = ORIENTED_EDGE ( 'NONE', *, *, #4031, .T. ) ;
#4093 = UNCERTAINTY_MEASURE_WITH_UNIT (LENGTH_MEASURE( 1.000000000000000082E-05 ), #5173, 'distance_accuracy_value', 'NONE');
#4094 = FACE_OUTER_BOUND ( 'NONE', #2827, .T. ) ;
#4095 = FACE_OUTER_BOUND ( 'NONE', #1418, .T. ) ;
#4096 = CARTESIAN_POINT ( 'NONE',  ( -4.750000000000000000, 4.700000000000000178, 0.8000000000000000444 ) ) ;
#4097 = VECTOR ( 'NONE', #623, 1000.000000000000000 ) ;
#4098 = ORIENTED_EDGE ( 'NONE', *, *, #5250, .T. ) ;
#4099 = ADVANCED_FACE ( 'NONE', ( #5457, #4993 ), #1501, .F. ) ;
#4100 = VECTOR ( 'NONE', #3611, 1000.000000000000000 ) ;
#4101 = DIRECTION ( 'NONE',  ( -0.000000000000000000, 1.000000000000000000, 0.000000000000000000 ) ) ;
#4102 = CARTESIAN_POINT ( 'NONE',  ( 5.200000000000002842, 0.2000000000000000111, 0.2999999999999999889 ) ) ;
#4103 = EDGE_LOOP ( 'NONE', ( #5791, #165, #5220, #4611 ) ) ;
#4104 = FACE_OUTER_BOUND ( 'NONE', #1565, .T. ) ;
#4105 = VECTOR ( 'NONE', #4973, 1000.000000000000000 ) ;
#4106 = ORIENTED_EDGE ( 'NONE', *, *, #1270, .T. ) ;
#4107 = AXIS2_PLACEMENT_3D ( 'NONE', #3435, #1029, #3474 ) ;
#4108 = DIRECTION ( 'NONE',  ( 1.000000000000000000, 0.000000000000000000, -1.414176746720221921E-16 ) ) ;
#4109 = CARTESIAN_POINT ( 'NONE',  ( -4.249999999999998224, 1.750000000000000000, 0.2999999999999999889 ) ) ;
#4110 = CARTESIAN_POINT ( 'NONE',  ( -15.19999999999999751, 2.250000000000000000, 2.250000000000000000 ) ) ;
#4111 = ORIENTED_EDGE ( 'NONE', *, *, #503, .F. ) ;
#4112 = CARTESIAN_POINT ( 'NONE',  ( -4.750000000000000000, -0.7057513818695559937, 0.1676158118777479888 ) ) ;
#4113 = AXIS2_PLACEMENT_3D ( 'NONE', #456, #1427, #2495 ) ;
#4114 = EDGE_CURVE ( 'NONE', #3873, #4696, #1963, .T. ) ;
#4115 = ORIENTED_EDGE ( 'NONE', *, *, #374, .F. ) ;
#4116 = DIRECTION ( 'NONE',  ( 0.000000000000000000, 0.4472135954999579277, -0.8944271909999158554 ) ) ;
#4117 = AXIS2_PLACEMENT_3D ( 'NONE', #4659, #1904, #92 ) ;
#4118 = CARTESIAN_POINT ( 'NONE',  ( -5.250000000000000000, -0.9293581796195340416, 0.6148294073777059721 ) ) ;
#4119 = EDGE_LOOP ( 'NONE', ( #3799, #5162, #746, #2622 ) ) ;
#4120 = DIRECTION ( 'NONE',  ( -1.000000000000000000, 0.000000000000000000, 0.000000000000000000 ) ) ;
#4121 = ADVANCED_FACE ( 'NONE', ( #2937 ), #432, .F. ) ;
#4122 = EDGE_CURVE ( 'NONE', #959, #3825, #3533, .T. ) ;
#4123 = VERTEX_POINT ( 'NONE', #2433 ) ;
#4124 = FACE_OUTER_BOUND ( 'NONE', #3387, .T. ) ;
#4125 = DIRECTION ( 'NONE',  ( -0.000000000000000000, 1.000000000000000000, 0.000000000000000000 ) ) ;
#4126 = CARTESIAN_POINT ( 'NONE',  ( 3.200000000000001510, 0.2000000000000000111, -2.250000000000000000 ) ) ;
#4127 = ORIENTED_EDGE ( 'NONE', *, *, #3833, .F. ) ;
#4128 = CARTESIAN_POINT ( 'NONE',  ( -14.24999999999999822, 4.250000000000000000, 1.649999999999999911 ) ) ;
#4129 = EDGE_CURVE ( 'NONE', #5456, #5897, #2468, .T. ) ;
#4130 = EDGE_CURVE ( 'NONE', #854, #2415, #6493, .T. ) ;
#4131 = CARTESIAN_POINT ( 'NONE',  ( -10.79999999999999893, 0.2000000000000000111, 2.250000000000000000 ) ) ;
#4132 = CARTESIAN_POINT ( 'NONE',  ( -12.79999999999999893, -4.336808689942014778E-16, -2.250000000000000000 ) ) ;
#4133 = ORIENTED_EDGE ( 'NONE', *, *, #2464, .F. ) ;
#4134 = DIRECTION ( 'NONE',  ( -1.000000000000000000, 0.000000000000000000, 0.000000000000000000 ) ) ;
#4135 = ORIENTED_EDGE ( 'NONE', *, *, #1977, .T. ) ;
#4136 = CARTESIAN_POINT ( 'NONE',  ( -13.74999999999999822, 1.750000000000000000, 0.8000000000000000444 ) ) ;
#4137 = ADVANCED_FACE ( 'NONE', ( #5024 ), #5590, .F. ) ;
#4138 = DIRECTION ( 'NONE',  ( -1.000000000000000000, 0.000000000000000000, 0.000000000000000000 ) ) ;
#4139 = CARTESIAN_POINT ( 'NONE',  ( 3.750000000000001776, 0.2000000000000000111, 0.2999999999999999889 ) ) ;
#4140 = VERTEX_POINT ( 'NONE', #5059 ) ;
#4141 = CARTESIAN_POINT ( 'NONE',  ( -7.200000000000000178, -4.336808689942014778E-16, 2.250000000000000000 ) ) ;
#4142 = EDGE_CURVE ( 'NONE', #857, #173, #4066, .T. ) ;
#4143 = ADVANCED_FACE ( 'NONE', ( #361 ), #2060, .F. ) ;
#4144 = ORIENTED_EDGE ( 'NONE', *, *, #1791, .F. ) ;
#4145 = AXIS2_PLACEMENT_3D ( 'NONE', #6469, #3938, #903 ) ;
#4146 = DIRECTION ( 'NONE',  ( 2.168404344971010101E-16, 0.000000000000000000, -1.000000000000000000 ) ) ;
#4147 = DIRECTION ( 'NONE',  ( -1.000000000000000000, 0.000000000000000000, 0.000000000000000000 ) ) ;
#4148 = VERTEX_POINT ( 'NONE', #5624 ) ;
#4149 = CARTESIAN_POINT ( 'NONE',  ( 4.800000000000000711, -4.336808689942014778E-16, -2.250000000000000000 ) ) ;
#4150 = ADVANCED_FACE ( 'NONE', ( #617 ), #6118, .F. ) ;
#4151 = ORIENTED_EDGE ( 'NONE', *, *, #797, .T. ) ;
#4152 = CARTESIAN_POINT ( 'NONE',  ( -3.199999999999999734, -4.336808689942014778E-16, -2.250000000000000000 ) ) ;
#4153 = DIRECTION ( 'NONE',  ( 0.000000000000000000, 1.000000000000000000, 2.036060417813154872E-16 ) ) ;
#4154 = EDGE_CURVE ( 'NONE', #841, #5782, #6256, .T. ) ;
#4155 = CARTESIAN_POINT ( 'NONE',  ( 7.200000000000001954, -4.336808689942014778E-16, -2.250000000000000000 ) ) ;
#4156 = ORIENTED_EDGE ( 'NONE', *, *, #3374, .T. ) ;
#4157 = DIRECTION ( 'NONE',  ( -1.355252715606880049E-16, -1.000000000000000000, 0.000000000000000000 ) ) ;
#4158 = VECTOR ( 'NONE', #1031, 1000.000000000000000 ) ;
#4159 = ADVANCED_FACE ( 'NONE', ( #3598 ), #1693, .F. ) ;
#4160 = DIRECTION ( 'NONE',  ( -0.000000000000000000, 1.000000000000000000, 0.000000000000000000 ) ) ;
#4161 = EDGE_LOOP ( 'NONE', ( #1689, #4397, #1294, #751, #6251 ) ) ;
#4162 = DIRECTION ( 'NONE',  ( 0.000000000000000000, 3.318687873851555372E-16, -1.000000000000000000 ) ) ;
#4163 = ORIENTED_EDGE ( 'NONE', *, *, #2640, .F. ) ;
#4164 = DIRECTION ( 'NONE',  ( 0.000000000000000000, -1.000000000000000000, 9.407394121349279778E-17 ) ) ;
#4165 = DIRECTION ( 'NONE',  ( 0.000000000000000000, 0.000000000000000000, 1.000000000000000000 ) ) ;
#4166 = VERTEX_POINT ( 'NONE', #3623 ) ;
#4167 = LINE ( 'NONE', #1170, #4497 ) ;
#4168 = PLANE ( 'NONE',  #642 ) ;
#4169 = DIRECTION ( 'NONE',  ( -1.000000000000000000, 0.000000000000000000, 0.000000000000000000 ) ) ;
#4170 = EDGE_LOOP ( 'NONE', ( #2927, #245, #94, #6132 ) ) ;
#4171 = DIRECTION ( 'NONE',  ( -1.000000000000000000, 0.000000000000000000, 0.000000000000000000 ) ) ;
#4172 = EDGE_CURVE ( 'NONE', #5728, #4634, #3690, .T. ) ;
#4173 = CIRCLE ( 'NONE', #2365, 0.05000000000000123096 ) ;
#4174 = ORIENTED_EDGE ( 'NONE', *, *, #3570, .F. ) ;
#4175 = DIRECTION ( 'NONE',  ( -1.000000000000000000, 0.000000000000000000, 0.000000000000000000 ) ) ;
#4176 = CARTESIAN_POINT ( 'NONE',  ( -5.250000000000000000, 5.000000000000000000, 0.8000000000000000444 ) ) ;
#4177 = ORIENTED_EDGE ( 'NONE', *, *, #6149, .T. ) ;
#4178 = VECTOR ( 'NONE', #1969, 1000.000000000000000 ) ;
#4179 = ORIENTED_EDGE ( 'NONE', *, *, #6490, .F. ) ;
#4180 = DIRECTION ( 'NONE',  ( 2.710505431213760099E-16, 1.000000000000000000, 0.000000000000000000 ) ) ;
#4181 = EDGE_CURVE ( 'NONE', #281, #643, #160, .T. ) ;
#4182 = EDGE_LOOP ( 'NONE', ( #1949, #4743, #5674, #4678 ) ) ;
#4183 = CARTESIAN_POINT ( 'NONE',  ( 8.250000000000000000, 0.2000000000000000111, 0.2999999999999999889 ) ) ;
#4184 = LINE ( 'NONE', #5214, #661 ) ;
#4185 = CARTESIAN_POINT ( 'NONE',  ( -0.2499999999999985012, 1.750000000000000000, 0.2999999999999999889 ) ) ;
#4186 = DIRECTION ( 'NONE',  ( 0.000000000000000000, 1.000000000000000000, 1.927470528863119788E-16 ) ) ;
#4187 = ORIENTED_EDGE ( 'NONE', *, *, #5976, .F. ) ;
#4188 = CARTESIAN_POINT ( 'NONE',  ( -5.750000000000000000, -3.399999999999999911, 0.8000000000000000444 ) ) ;
#4189 = VECTOR ( 'NONE', #3689, 1000.000000000000000 ) ;
#4190 = EDGE_CURVE ( 'NONE', #2685, #1299, #4686, .T. ) ;
#4191 = VECTOR ( 'NONE', #1846, 1000.000000000000000 ) ;
#4192 = CARTESIAN_POINT ( 'NONE',  ( -10.24999999999999822, 0.2000000000000000111, 0.2999999999999999889 ) ) ;
#4193 = ORIENTED_EDGE ( 'NONE', *, *, #4023, .T. ) ;
#4194 = DIRECTION ( 'NONE',  ( 0.000000000000000000, 0.000000000000000000, 1.000000000000000000 ) ) ;
#4195 = ORIENTED_EDGE ( 'NONE', *, *, #1919, .F. ) ;
#4196 = DIRECTION ( 'NONE',  ( 0.000000000000000000, 0.000000000000000000, 1.000000000000000000 ) ) ;
#4197 = DIRECTION ( 'NONE',  ( 0.000000000000000000, -4.336808689942020201E-16, 1.000000000000000000 ) ) ;
#4198 = VECTOR ( 'NONE', #2541, 1000.000000000000000 ) ;
#4199 =( REPRESENTATION_RELATIONSHIP ('NONE','NONE', #6187, #2070 ) REPRESENTATION_RELATIONSHIP_WITH_TRANSFORMATION ( #279 )SHAPE_REPRESENTATION_RELATIONSHIP( ) );
#4200 = VERTEX_POINT ( 'NONE', #5717 ) ;
#4201 = PLANE ( 'NONE',  #4913 ) ;
#4202 = CARTESIAN_POINT ( 'NONE',  ( 10.24999999999999822, -3.399999999999999911, 0.2999999999999999889 ) ) ;
#4203 = VECTOR ( 'NONE', #978, 1000.000000000000000 ) ;
#4204 = CARTESIAN_POINT ( 'NONE',  ( -0.7999999999999986011, 0.2000000000000000111, 2.250000000000000000 ) ) ;
#4205 = VERTEX_POINT ( 'NONE', #2154 ) ;
#4206 = CARTESIAN_POINT ( 'NONE',  ( 10.79999999999999893, 0.2000000000000000111, -2.250000000000000000 ) ) ;
#4207 = CARTESIAN_POINT ( 'NONE',  ( -8.999999999999994671, 0.000000000000000000, 0.000000000000000000 ) ) ;
#4208 = AXIS2_PLACEMENT_3D ( 'NONE', #1269, #1771, #4925 ) ;
#4209 = ORIENTED_EDGE ( 'NONE', *, *, #124, .F. ) ;
#4210 = CARTESIAN_POINT ( 'NONE',  ( 1.750000000000001554, 1.750000000000000000, 0.8000000000000000444 ) ) ;
#4211 = EDGE_CURVE ( 'NONE', #1630, #1010, #62, .T. ) ;
#4212 = EDGE_CURVE ( 'NONE', #22, #2780, #2594, .T. ) ;
#4213 = DIRECTION ( 'NONE',  ( 1.000000000000000000, 0.000000000000000000, -2.168404344971010101E-16 ) ) ;
#4214 = ORIENTED_EDGE ( 'NONE', *, *, #3746, .T. ) ;
#4215 = VECTOR ( 'NONE', #1859, 1000.000000000000000 ) ;
#4216 = VERTEX_POINT ( 'NONE', #1624 ) ;
#4217 = CARTESIAN_POINT ( 'NONE',  ( -4.000000000000000000, -3.399999999999999911, 1.011922027653137932E-15 ) ) ;
#4218 = VERTEX_POINT ( 'NONE', #6150 ) ;
#4219 = VECTOR ( 'NONE', #1617, 1000.000000000000000 ) ;
#4220 = CARTESIAN_POINT ( 'NONE',  ( 7.750000000000001776, -3.399999999999999911, 0.2999999999999999889 ) ) ;
#4221 = DIRECTION ( 'NONE',  ( -1.000000000000000000, 0.000000000000000000, 0.000000000000000000 ) ) ;
#4222 = DIRECTION ( 'NONE',  ( 0.000000000000000000, 0.000000000000000000, 1.000000000000000000 ) ) ;
#4223 = ADVANCED_FACE ( 'NONE', ( #1055 ), #93, .F. ) ;
#4224 = DIRECTION ( 'NONE',  ( 0.000000000000000000, 0.000000000000000000, 1.000000000000000000 ) ) ;
#4225 = ORIENTED_EDGE ( 'NONE', *, *, #3812, .T. ) ;
#4226 = CARTESIAN_POINT ( 'NONE',  ( -4.859191070279860192, -3.399999999999999911, 0.6908089297201379653 ) ) ;
#4227 = MECHANICAL_DESIGN_GEOMETRIC_PRESENTATION_REPRESENTATION (  '', ( #5397 ), #3062 ) ;
#4228 = ORIENTED_EDGE ( 'NONE', *, *, #2786, .T. ) ;
#4229 = ADVANCED_FACE ( 'NONE', ( #2122 ), #5746, .F. ) ;
#4230 = CLOSED_SHELL ( 'NONE', ( #3082, #6301, #6288, #2863, #5941, #2673, #2675, #6000, #3856, #88, #3685, #403, #6399, #2188, #2140, #5338, #5319, #763, #4159, #2076, #1589, #1059, #3216, #1994, #2466, #5694, #4229, #621, #6419, #606, #1853, #2767, #2650, #2631, #111, #2981, #5859, #3155 ) ) ;
#4231 = CARTESIAN_POINT ( 'NONE',  ( 7.750000000000001776, -3.399999999999999911, 0.8000000000000000444 ) ) ;
#4232 = VERTEX_POINT ( 'NONE', #1661 ) ;
#4233 = CARTESIAN_POINT ( 'NONE',  ( -14.24999999999999822, 4.250000000000000000, -2.623757129271619970 ) ) ;
#4234 = VERTEX_POINT ( 'NONE', #4126 ) ;
#4235 = CARTESIAN_POINT ( 'NONE',  ( -15.29999999999999893, 5.750000000000000000, -1.850000000000000089 ) ) ;
#4236 = CARTESIAN_POINT ( 'NONE',  ( -12.79999999999999893, 0.2000000000000000111, 0.8000000000000000444 ) ) ;
#4237 = ADVANCED_FACE ( 'NONE', ( #5681 ), #3161, .F. ) ;
#4238 = ORIENTED_EDGE ( 'NONE', *, *, #1056, .F. ) ;
#4239 = FACE_OUTER_BOUND ( 'NONE', #352, .T. ) ;
#4240 = PLANE ( 'NONE',  #290 ) ;
#4241 = CARTESIAN_POINT ( 'NONE',  ( 13.19999999999999929, 0.2000000000000000111, 0.2999999999999999889 ) ) ;
#4242 = EDGE_CURVE ( 'NONE', #5098, #992, #1156, .T. ) ;
#4243 = ORIENTED_EDGE ( 'NONE', *, *, #2551, .T. ) ;
#4244 = DIRECTION ( 'NONE',  ( 0.000000000000000000, 0.000000000000000000, 1.000000000000000000 ) ) ;
#4245 = PRODUCT_DEFINITION_SHAPE ( 'NONE', 'NONE',  #6590 ) ;
#4246 = DIRECTION ( 'NONE',  ( -6.982962677686266711E-15, 0.000000000000000000, -1.000000000000000000 ) ) ;
#4247 = VERTEX_POINT ( 'NONE', #648 ) ;
#4248 = CARTESIAN_POINT ( 'NONE',  ( -15.54999999999999893, 6.000000000000000000, 0.8800000000000000044 ) ) ;
#4249 = PLANE ( 'NONE',  #6547 ) ;
#4250 = ORIENTED_EDGE ( 'NONE', *, *, #6081, .F. ) ;
#4251 = ORIENTED_EDGE ( 'NONE', *, *, #1688, .F. ) ;
#4252 = CARTESIAN_POINT ( 'NONE',  ( -8.799999999999998934, 0.2000000000000000111, -2.250000000000000000 ) ) ;
#4253 = ORIENTED_EDGE ( 'NONE', *, *, #718, .T. ) ;
#4254 = CARTESIAN_POINT ( 'NONE',  ( 15.94999999999999929, 0.8299999999999999600, 2.250000000000000000 ) ) ;
#4255 = DIRECTION ( 'NONE',  ( 1.084202172485503818E-16, -1.000000000000000000, -2.036060417813154872E-16 ) ) ;
#4256 = CARTESIAN_POINT ( 'NONE',  ( 15.19999999999999751, 2.250000000000000000, 2.250000000000000000 ) ) ;
#4257 = LINE ( 'NONE', #6284, #907 ) ;
#4258 = EDGE_LOOP ( 'NONE', ( #3585, #285, #5839, #1625 ) ) ;
#4259 = DIRECTION ( 'NONE',  ( -1.000000000000000000, 3.504579431022969726E-32, 1.519869053105245017E-47 ) ) ;
#4260 = VERTEX_POINT ( 'NONE', #2695 ) ;
#4261 = ADVANCED_FACE ( 'NONE', ( #4715 ), #2192, .F. ) ;
#4262 = CARTESIAN_POINT ( 'NONE',  ( -6.249999999999998224, -3.399999999999999911, 0.8000000000000000444 ) ) ;
#4263 = ORIENTED_EDGE ( 'NONE', *, *, #3988, .F. ) ;
#4264 = DIRECTION ( 'NONE',  ( 0.000000000000000000, 0.000000000000000000, 1.000000000000000000 ) ) ;
#4265 = VERTEX_POINT ( 'NONE', #1419 ) ;
#4266 = DIRECTION ( 'NONE',  ( 0.000000000000000000, -1.000000000000000000, 0.000000000000000000 ) ) ;
#4267 = EDGE_CURVE ( 'NONE', #4687, #5807, #4414, .T. ) ;
#4268 = EDGE_CURVE ( 'NONE', #4423, #5887, #2917, .T. ) ;
#4269 = VECTOR ( 'NONE', #4040, 1000.000000000000000 ) ;
#4270 = EDGE_LOOP ( 'NONE', ( #63, #2822, #6382, #4349, #5830 ) ) ;
#4271 = DIRECTION ( 'NONE',  ( 3.504579431022969726E-32, 1.000000000000000000, 2.478176394252580155E-16 ) ) ;
#4272 = PLANE ( 'NONE',  #2213 ) ;
#4273 = LINE ( 'NONE', #4241, #4826 ) ;
#4274 = ORIENTED_EDGE ( 'NONE', *, *, #5454, .F. ) ;
#4275 = LINE ( 'NONE', #3283, #5062 ) ;
#4276 = EDGE_CURVE ( 'NONE', #3656, #5023, #4257, .T. ) ;
#4277 = ORIENTED_EDGE ( 'NONE', *, *, #4800, .F. ) ;
#4278 = CARTESIAN_POINT ( 'NONE',  ( -14.24999999999999822, 0.2000000000000000111, -2.250000000000000000 ) ) ;
#4279 = LINE ( 'NONE', #5738, #4515 ) ;
#4280 = ORIENTED_EDGE ( 'NONE', *, *, #3115, .F. ) ;
#4281 = ORIENTED_EDGE ( 'NONE', *, *, #5945, .T. ) ;
#4282 = DIRECTION ( 'NONE',  ( -1.000000000000000000, 2.710505431213760099E-16, 0.000000000000000000 ) ) ;
#4283 = EDGE_CURVE ( 'NONE', #4205, #3369, #319, .T. ) ;
#4284 = ORIENTED_EDGE ( 'NONE', *, *, #581, .F. ) ;
#4285 = DIRECTION ( 'NONE',  ( 0.000000000000000000, 0.000000000000000000, 1.000000000000000000 ) ) ;
#4286 = VECTOR ( 'NONE', #6467, 1000.000000000000000 ) ;
#4287 = CARTESIAN_POINT ( 'NONE',  ( 15.54999999999999893, 6.000000000000000000, -0.1200000000000000094 ) ) ;
#4288 = DIRECTION ( 'NONE',  ( -1.000000000000000000, 2.598170116223389715E-32, -2.168404344971010101E-16 ) ) ;
#4289 = ORIENTED_EDGE ( 'NONE', *, *, #376, .F. ) ;
#4290 = DIRECTION ( 'NONE',  ( 0.000000000000000000, -1.000000000000000000, 0.000000000000000000 ) ) ;
#4291 = ORIENTED_EDGE ( 'NONE', *, *, #2926, .F. ) ;
#4292 = CARTESIAN_POINT ( 'NONE',  ( 5.950000000000000178, 4.336808689942014778E-16, -2.250000000000000000 ) ) ;
#4293 = EDGE_CURVE ( 'NONE', #4941, #5032, #4980, .T. ) ;
#4294 = EDGE_LOOP ( 'NONE', ( #793, #4786, #4345, #2833 ) ) ;
#4295 = CARTESIAN_POINT ( 'NONE',  ( -4.799999999999998934, 0.2000000000000000111, 0.8000000000000000444 ) ) ;
#4296 = VECTOR ( 'NONE', #4362, 1000.000000000000000 ) ;
#4297 = VERTEX_POINT ( 'NONE', #1884 ) ;
#4298 = FACE_BOUND ( 'NONE', #826, .T. ) ;
#4299 = AXIS2_PLACEMENT_3D ( 'NONE', #944, #3327, #822 ) ;
#4300 = VECTOR ( 'NONE', #3343, 1000.000000000000000 ) ;
#4301 = EDGE_LOOP ( 'NONE', ( #3562, #398, #363, #24 ) ) ;
#4302 = PLANE ( 'NONE',  #5347 ) ;
#4303 = PLANE ( 'NONE',  #3103 ) ;
#4304 = DIRECTION ( 'NONE',  ( 0.000000000000000000, 0.000000000000000000, 1.000000000000000000 ) ) ;
#4305 = EDGE_CURVE ( 'NONE', #4941, #6227, #2451, .T. ) ;
#4306 = ORIENTED_EDGE ( 'NONE', *, *, #4366, .F. ) ;
#4307 = FACE_BOUND ( 'NONE', #3661, .T. ) ;
#4308 = AXIS2_PLACEMENT_3D ( 'NONE', #70, #4162, #6184 ) ;
#4309 = ITEM_DEFINED_TRANSFORMATION ( 'NONE', 'NONE', #6571,  #819 ) ;
#4310 = VERTEX_POINT ( 'NONE', #845 ) ;
#4311 = AXIS2_PLACEMENT_3D ( 'NONE', #4595, #2564, #5649 ) ;
#4312 = DIRECTION ( 'NONE',  ( 1.519869053105245017E-47, 0.000000000000000000, 1.000000000000000000 ) ) ;
#4313 = VECTOR ( 'NONE', #2821, 1000.000000000000000 ) ;
#4314 = DIRECTION ( 'NONE',  ( -1.000000000000000000, 0.000000000000000000, 0.000000000000000000 ) ) ;
#4315 = ORIENTED_EDGE ( 'NONE', *, *, #389, .F. ) ;
#4316 = EDGE_CURVE ( 'NONE', #743, #4054, #2611, .T. ) ;
#4317 = ORIENTED_EDGE ( 'NONE', *, *, #1761, .F. ) ;
#4318 = DIRECTION ( 'NONE',  ( 4.336808689942020201E-16, 1.000000000000000000, 0.000000000000000000 ) ) ;
#4319 = VECTOR ( 'NONE', #1200, 1000.000000000000000 ) ;
#4320 = ADVANCED_FACE ( 'NONE', ( #347 ), #2346, .F. ) ;
#4321 = ORIENTED_EDGE ( 'NONE', *, *, #820, .F. ) ;
#4322 = LINE ( 'NONE', #4712, #2568 ) ;
#4323 = STYLED_ITEM ( 'NONE', ( #962 ), #5304 ) ;
#4324 = DIRECTION ( 'NONE',  ( 0.000000000000000000, 0.000000000000000000, 1.000000000000000000 ) ) ;
#4325 = CARTESIAN_POINT ( 'NONE',  ( -4.750000000000000000, -0.4291796067500625034, 0.2999999999999999889 ) ) ;
#4326 = ADVANCED_FACE ( 'NONE', ( #721 ), #3756, .F. ) ;
#4327 = ADVANCED_FACE ( 'NONE', ( #6447 ), #2226, .F. ) ;
#4328 = ORIENTED_EDGE ( 'NONE', *, *, #1083, .T. ) ;
#4329 = LINE ( 'NONE', #5915, #6453 ) ;
#4330 = VECTOR ( 'NONE', #6171, 1000.000000000000000 ) ;
#4331 = VERTEX_POINT ( 'NONE', #5938 ) ;
#4332 = DIRECTION ( 'NONE',  ( 0.000000000000000000, 0.000000000000000000, 1.000000000000000000 ) ) ;
#4333 = VERTEX_POINT ( 'NONE', #1227 ) ;
#4334 = VECTOR ( 'NONE', #4153, 1000.000000000000000 ) ;
#4335 = DIRECTION ( 'NONE',  ( 0.000000000000000000, 2.478176394252580155E-16, -1.000000000000000000 ) ) ;
#4336 = VERTEX_POINT ( 'NONE', #383 ) ;
#4337 = DIRECTION ( 'NONE',  ( -1.000000000000000000, 0.000000000000000000, 0.000000000000000000 ) ) ;
#4338 = ADVANCED_FACE ( 'NONE', ( #1385 ), #3262, .F. ) ;
#4339 = EDGE_CURVE ( 'NONE', #1057, #2614, #5285, .T. ) ;
#4340 = DIRECTION ( 'NONE',  ( -1.000000000000000000, 0.000000000000000000, 0.000000000000000000 ) ) ;
#4341 = FACE_OUTER_BOUND ( 'NONE', #2287, .T. ) ;
#4342 = PLANE ( 'NONE',  #3861 ) ;
#4343 = LINE ( 'NONE', #2875, #1831 ) ;
#4344 = LINE ( 'NONE', #2909, #1436 ) ;
#4345 = ORIENTED_EDGE ( 'NONE', *, *, #685, .T. ) ;
#4346 = DIRECTION ( 'NONE',  ( -1.000000000000000000, 3.504579431022969726E-32, 1.519869053105245017E-47 ) ) ;
#4347 = DIRECTION ( 'NONE',  ( -6.982962677686266711E-15, 0.000000000000000000, -1.000000000000000000 ) ) ;
#4348 = EDGE_CURVE ( 'NONE', #1449, #688, #877, .T. ) ;
#4349 = ORIENTED_EDGE ( 'NONE', *, *, #3462, .T. ) ;
#4350 = EDGE_CURVE ( 'NONE', #3582, #2864, #5251, .T. ) ;
#4351 = CARTESIAN_POINT ( 'NONE',  ( 3.750000000000001776, 1.750000000000000000, 0.8000000000000000444 ) ) ;
#4352 = CARTESIAN_POINT ( 'NONE',  ( -8.249999999999998224, -3.399999999999999911, 0.8000000000000000444 ) ) ;
#4353 = ORIENTED_EDGE ( 'NONE', *, *, #2245, .F. ) ;
#4354 = LINE ( 'NONE', #2381, #1247 ) ;
#4355 = ORIENTED_EDGE ( 'NONE', *, *, #4045, .T. ) ;
#4356 = EDGE_CURVE ( 'NONE', #3001, #1858, #2421, .T. ) ;
#4357 = CARTESIAN_POINT ( 'NONE',  ( -5.250000000000000000, -3.100000000000000089, 0.2999999999999999889 ) ) ;
#4358 = PRODUCT_DEFINITION_SHAPE ( 'NONE', 'NONE',  #6581 ) ;
#4359 = ORIENTED_EDGE ( 'NONE', *, *, #4212, .T. ) ;
#4360 = LINE ( 'NONE', #1794, #5748 ) ;
#4361 = CARTESIAN_POINT ( 'NONE',  ( -5.250000000000000000, -0.4515402865250509601, 0.2947213595499774685 ) ) ;
#4362 = DIRECTION ( 'NONE',  ( 2.168404344971010101E-16, 0.000000000000000000, -1.000000000000000000 ) ) ;
#4363 = ORIENTED_EDGE ( 'NONE', *, *, #595, .F. ) ;
#4364 = PLANE ( 'NONE',  #3151 ) ;
#4365 = VERTEX_POINT ( 'NONE', #4384 ) ;
#4366 = EDGE_CURVE ( 'NONE', #327, #1229, #1916, .T. ) ;
#4367 = DIRECTION ( 'NONE',  ( 1.000000000000000000, 0.000000000000000000, 2.168404344971010101E-16 ) ) ;
#4368 = ORIENTED_EDGE ( 'NONE', *, *, #5503, .T. ) ;
#4369 = DIRECTION ( 'NONE',  ( 0.000000000000000000, 1.000000000000000000, 1.927470528863119788E-16 ) ) ;
#4370 = EDGE_LOOP ( 'NONE', ( #2797, #4616, #3953, #1181 ) ) ;
#4371 = DIRECTION ( 'NONE',  ( 3.504579431022969726E-32, 1.000000000000000000, 2.478176394252580155E-16 ) ) ;
#4372 = VERTEX_POINT ( 'NONE', #4514 ) ;
#4373 = DIRECTION ( 'NONE',  ( 1.000000000000000000, -3.504579431022969726E-32, -1.519869053105245017E-47 ) ) ;
#4374 = PLANE ( 'NONE',  #5759 ) ;
#4375 = CARTESIAN_POINT ( 'NONE',  ( 7.750000000000001776, 1.750000000000000000, 0.8000000000000000444 ) ) ;
#4376 = ORIENTED_EDGE ( 'NONE', *, *, #1582, .T. ) ;
#4377 = DIRECTION ( 'NONE',  ( -1.000000000000000000, 0.000000000000000000, 0.000000000000000000 ) ) ;
#4378 = AXIS2_PLACEMENT_3D ( 'NONE', #4466, #6528, #464 ) ;
#4379 = ORIENTED_EDGE ( 'NONE', *, *, #4031, .F. ) ;
#4380 = FILL_AREA_STYLE ('',( #4938 ) ) ;
#4381 = VECTOR ( 'NONE', #4420, 1000.000000000000000 ) ;
#4382 = DIRECTION ( 'NONE',  ( -1.000000000000000000, 0.000000000000000000, 0.000000000000000000 ) ) ;
#4383 = ORIENTED_EDGE ( 'NONE', *, *, #976, .F. ) ;
#4384 = CARTESIAN_POINT ( 'NONE',  ( 13.22499999999999964, 5.750000000000000000, 1.649999999999999911 ) ) ;
#4385 = EDGE_CURVE ( 'NONE', #824, #1607, #1072, .T. ) ;
#4386 = LINE ( 'NONE', #4981, #6246 ) ;
#4387 = LINE ( 'NONE', #2858, #1668 ) ;
#4388 = ORIENTED_EDGE ( 'NONE', *, *, #6030, .F. ) ;
#4389 = CARTESIAN_POINT ( 'NONE',  ( -5.250000000000000000, -2.419911892563235245, 0.8000000000000000444 ) ) ;
#4390 = DIRECTION ( 'NONE',  ( 0.000000000000000000, -1.000000000000000000, 0.000000000000000000 ) ) ;
#4391 = VECTOR ( 'NONE', #2818, 1000.000000000000000 ) ;
#4392 = EDGE_LOOP ( 'NONE', ( #723, #5091, #4289, #4668 ) ) ;
#4393 = DIRECTION ( 'NONE',  ( 1.000000000000000000, 0.000000000000000000, 0.000000000000000000 ) ) ;
#4394 = VERTEX_POINT ( 'NONE', #4112 ) ;
#4395 = VECTOR ( 'NONE', #5498, 1000.000000000000114 ) ;
#4396 = LINE ( 'NONE', #4920, #990 ) ;
#4397 = ORIENTED_EDGE ( 'NONE', *, *, #2081, .T. ) ;
#4398 = FACE_OUTER_BOUND ( 'NONE', #4601, .T. ) ;
#4399 = ORIENTED_EDGE ( 'NONE', *, *, #2715, .T. ) ;
#4400 = LINE ( 'NONE', #3867, #2836 ) ;
#4401 = ADVANCED_FACE ( 'NONE', ( #3051 ), #5010, .F. ) ;
#4402 = ORIENTED_EDGE ( 'NONE', *, *, #3573, .F. ) ;
#4403 = LINE ( 'NONE', #6496, #656 ) ;
#4404 = DIRECTION ( 'NONE',  ( -1.519869053105245017E-47, 0.000000000000000000, -1.000000000000000000 ) ) ;
#4405 = DIRECTION ( 'NONE',  ( 1.000000000000000000, 0.000000000000000000, 0.000000000000000000 ) ) ;
#4406 = ORIENTED_EDGE ( 'NONE', *, *, #534, .F. ) ;
#4407 = CARTESIAN_POINT ( 'NONE',  ( 12.80000000000000071, 0.2000000000000000111, -2.250000000000000000 ) ) ;
#4408 = AXIS2_PLACEMENT_3D ( 'NONE', #1068, #702, #3140 ) ;
#4409 = ORIENTED_EDGE ( 'NONE', *, *, #3694, .T. ) ;
#4410 = DIRECTION ( 'NONE',  ( 1.000000000000000000, 0.000000000000000000, 0.000000000000000000 ) ) ;
#4411 = VECTOR ( 'NONE', #904, 1000.000000000000000 ) ;
#4412 = DIRECTION ( 'NONE',  ( 0.000000000000000000, 1.000000000000000000, 0.000000000000000000 ) ) ;
#4413 = ORIENTED_EDGE ( 'NONE', *, *, #2599, .F. ) ;
#4414 = LINE ( 'NONE', #1354, #269 ) ;
#4415 = CARTESIAN_POINT ( 'NONE',  ( -11.19999999999999929, 0.2000000000000000111, -2.250000000000000000 ) ) ;
#4416 = DIRECTION ( 'NONE',  ( 0.000000000000000000, 0.000000000000000000, -1.000000000000000000 ) ) ;
#4417 = AXIS2_PLACEMENT_3D ( 'NONE', #6198, #4171, #1642 ) ;
#4418 = VERTEX_POINT ( 'NONE', #4646 ) ;
#4419 = EDGE_CURVE ( 'NONE', #637, #1039, #2988, .T. ) ;
#4420 = DIRECTION ( 'NONE',  ( 0.000000000000000000, 0.000000000000000000, 1.000000000000000000 ) ) ;
#4421 = DIRECTION ( 'NONE',  ( -1.000000000000000000, 0.000000000000000000, 0.000000000000000000 ) ) ;
#4422 = VECTOR ( 'NONE', #5, 1000.000000000000000 ) ;
#4423 = VERTEX_POINT ( 'NONE', #2111 ) ;
#4424 = CARTESIAN_POINT ( 'NONE',  ( 15.19999999999999751, 4.250000000000000000, 1.649999999999999911 ) ) ;
#4425 = ORIENTED_EDGE ( 'NONE', *, *, #2366, .T. ) ;
#4426 = AXIS2_PLACEMENT_3D ( 'NONE', #2031, #4068, #556 ) ;
#4427 = ADVANCED_FACE ( 'NONE', ( #4582 ), #5103, .F. ) ;
#4428 = PLANE ( 'NONE',  #1520 ) ;
#4429 = ORIENTED_EDGE ( 'NONE', *, *, #1377, .T. ) ;
#4430 = CARTESIAN_POINT ( 'NONE',  ( 15.94999999999999929, 6.000000000000000000, 2.250000000000000000 ) ) ;
#4431 = ORIENTED_EDGE ( 'NONE', *, *, #6238, .F. ) ;
#4432 = DIRECTION ( 'NONE',  ( 0.000000000000000000, 1.000000000000000000, 1.927470528863119788E-16 ) ) ;
#4433 = AXIS2_PLACEMENT_3D ( 'NONE', #2019, #5011, #1387 ) ;
#4434 = CARTESIAN_POINT ( 'NONE',  ( -14.24999999999999822, 6.000000000000000000, 0.8000000000000000444 ) ) ;
#4435 = VECTOR ( 'NONE', #658, 1000.000000000000000 ) ;
#4436 = DIRECTION ( 'NONE',  ( -3.504579431022969726E-32, -1.000000000000000000, 0.000000000000000000 ) ) ;
#4437 = DIRECTION ( 'NONE',  ( 0.9396926207859092051, 0.3420201433256665480, 2.037633561849359791E-16 ) ) ;
#4438 = PLANE ( 'NONE',  #4145 ) ;
#4439 = CARTESIAN_POINT ( 'NONE',  ( 15.94999999999999929, 4.500000000000000000, 0.3800000000000000044 ) ) ;
#4440 = VERTEX_POINT ( 'NONE', #79 ) ;
#4441 = DIRECTION ( 'NONE',  ( -1.000000000000000000, 0.000000000000000000, 1.414176746720221921E-16 ) ) ;
#4442 = EDGE_CURVE ( 'NONE', #2653, #2859, #2550, .T. ) ;
#4443 =( NAMED_UNIT ( * ) SI_UNIT ( $, .STERADIAN. ) SOLID_ANGLE_UNIT ( ) );
#4444 = ORIENTED_EDGE ( 'NONE', *, *, #2887, .F. ) ;
#4445 = CARTESIAN_POINT ( 'NONE',  ( -3.750000000000000000, -3.399999999999999911, 0.2999999999999999889 ) ) ;
#4446 = EDGE_CURVE ( 'NONE', #2835, #2282, #14, .T. ) ;
#4447 = MECHANICAL_DESIGN_GEOMETRIC_PRESENTATION_REPRESENTATION (  '', ( #2095 ), #5924 ) ;
#4448 = DIRECTION ( 'NONE',  ( -1.000000000000000000, 0.000000000000000000, 0.000000000000000000 ) ) ;
#4449 = EDGE_LOOP ( 'NONE', ( #627, #5452, #4111, #3519 ) ) ;
#4450 = CARTESIAN_POINT ( 'NONE',  ( -10.24999999999999822, 1.750000000000000000, 0.2999999999999999889 ) ) ;
#4451 = CARTESIAN_POINT ( 'NONE',  ( 8.800000000000000711, -4.336808689942014778E-16, -2.250000000000000000 ) ) ;
#4452 = CARTESIAN_POINT ( 'NONE',  ( 2.250000000000000444, 0.2000000000000000111, 0.8000000000000000444 ) ) ;
#4453 = ORIENTED_EDGE ( 'NONE', *, *, #4469, .T. ) ;
#4454 = DIRECTION ( 'NONE',  ( 0.000000000000000000, 1.000000000000000000, 0.000000000000000000 ) ) ;
#4455 = DIRECTION ( 'NONE',  ( 1.000000000000000000, 0.000000000000000000, 0.000000000000000000 ) ) ;
#4456 = ORIENTED_EDGE ( 'NONE', *, *, #4129, .T. ) ;
#4457 = DIRECTION ( 'NONE',  ( -1.519869053105245017E-47, 0.000000000000000000, -1.000000000000000000 ) ) ;
#4458 = ORIENTED_EDGE ( 'NONE', *, *, #2341, .T. ) ;
#4459 = PRODUCT_DEFINITION_SHAPE ( 'NONE', 'NONE',  #6592 ) ;
#4460 = DIRECTION ( 'NONE',  ( 9.999739674021995709E-17, -0.7071067811865485719, 0.7071067811865464625 ) ) ;
#4461 = ORIENTED_EDGE ( 'NONE', *, *, #34, .T. ) ;
#4462 = LINE ( 'NONE', #3000, #3667 ) ;
#4463 = EDGE_LOOP ( 'NONE', ( #3629, #5857, #460, #367 ) ) ;
#4464 = EDGE_CURVE ( 'NONE', #2972, #4265, #6071, .T. ) ;
#4465 = EDGE_CURVE ( 'NONE', #5475, #790, #571, .T. ) ;
#4466 = CARTESIAN_POINT ( 'NONE',  ( 10.69999999999999929, 1.750000000000000000, 1.649999999999999911 ) ) ;
#4467 = DIRECTION ( 'NONE',  ( -1.000000000000000000, 0.000000000000000000, 0.000000000000000000 ) ) ;
#4468 = LINE ( 'NONE', #525, #2312 ) ;
#4469 = EDGE_CURVE ( 'NONE', #992, #5782, #5574, .T. ) ;
#4470 = CARTESIAN_POINT ( 'NONE',  ( -5.250000000000000000, -0.6751470842750398882, 0.7419349550499519941 ) ) ;
#4471 = EDGE_LOOP ( 'NONE', ( #4065, #1105, #4975, #2504 ) ) ;
#4472 = CARTESIAN_POINT ( 'NONE',  ( -10.05000000000000071, 6.000000000000000000, -2.250000000000000000 ) ) ;
#4473 = EDGE_CURVE ( 'NONE', #2350, #1299, #5609, .T. ) ;
#4474 = ORIENTED_EDGE ( 'NONE', *, *, #2921, .T. ) ;
#4475 = LINE ( 'NONE', #911, #4698 ) ;
#4476 = DIRECTION ( 'NONE',  ( -1.000000000000000000, 0.000000000000000000, 0.000000000000000000 ) ) ;
#4477 = DIRECTION ( 'NONE',  ( 1.000000000000000000, 0.000000000000000000, 0.000000000000000000 ) ) ;
#4478 = ORIENTED_EDGE ( 'NONE', *, *, #2961, .T. ) ;
#4479 = DIRECTION ( 'NONE',  ( -2.522858432348305322E-32, 1.000000000000000000, 0.000000000000000000 ) ) ;
#4480 = CARTESIAN_POINT ( 'NONE',  ( -5.000000000000000000, -0.4291796067500634471, 0.2500000000000000000 ) ) ;
#4481 = DIRECTION ( 'NONE',  ( 0.000000000000000000, 2.478176394252580155E-16, -1.000000000000000000 ) ) ;
#4482 = ADVANCED_FACE ( 'NONE', ( #2579 ), #2079, .F. ) ;
#4483 = ORIENTED_EDGE ( 'NONE', *, *, #3010, .T. ) ;
#4484 = AXIS2_PLACEMENT_3D ( 'NONE', #4997, #2658, #6059 ) ;
#4485 = PLANE ( 'NONE',  #3427 ) ;
#4486 = DIRECTION ( 'NONE',  ( -0.9396926207859092051, 0.3420201433256665480, -2.037633561849361271E-16 ) ) ;
#4487 = ORIENTED_EDGE ( 'NONE', *, *, #5933, .T. ) ;
#4488 = CARTESIAN_POINT ( 'NONE',  ( 11.75000000000000178, 1.750000000000000000, 0.8000000000000000444 ) ) ;
#4489 = EDGE_CURVE ( 'NONE', #5269, #4218, #948, .T. ) ;
#4490 = EDGE_LOOP ( 'NONE', ( #4540, #2069, #2339, #3117 ) ) ;
#4491 = LINE ( 'NONE', #1927, #871 ) ;
#4492 = ORIENTED_EDGE ( 'NONE', *, *, #2062, .F. ) ;
#4493 = CARTESIAN_POINT ( 'NONE',  ( -15.19999999999999751, 4.250000000000000000, 1.649999999999999911 ) ) ;
#4494 = ORIENTED_EDGE ( 'NONE', *, *, #797, .F. ) ;
#4495 = LINE ( 'NONE', #528, #4538 ) ;
#4496 = VECTOR ( 'NONE', #2562, 1000.000000000000000 ) ;
#4497 = VECTOR ( 'NONE', #2169, 1000.000000000000000 ) ;
#4498 = VECTOR ( 'NONE', #1873, 1000.000000000000000 ) ;
#4499 = CARTESIAN_POINT ( 'NONE',  ( 11.75000000000000178, 1.750000000000000000, 0.2999999999999999889 ) ) ;
#4500 = EDGE_CURVE ( 'NONE', #3691, #3494, #6101, .T. ) ;
#4501 = PLANE ( 'NONE',  #243 ) ;
#4502 = VECTOR ( 'NONE', #2231, 1000.000000000000000 ) ;
#4503 = PLANE ( 'NONE',  #6220 ) ;
#4504 = ORIENTED_EDGE ( 'NONE', *, *, #3263, .F. ) ;
#4505 = CARTESIAN_POINT ( 'NONE',  ( 1.200000000000001510, -4.336808689942014778E-16, -2.250000000000000000 ) ) ;
#4506 = EDGE_CURVE ( 'NONE', #4522, #3633, #3549, .T. ) ;
#4507 = ITEM_DEFINED_TRANSFORMATION ( 'NONE', 'NONE', #3066,  #819 ) ;
#4508 = ORIENTED_EDGE ( 'NONE', *, *, #5120, .F. ) ;
#4509 = CARTESIAN_POINT ( 'NONE',  ( -10.05000000000000071, 6.000000000000000000, 0.8800000000000000044 ) ) ;
#4510 = EDGE_CURVE ( 'NONE', #2964, #2282, #6008, .T. ) ;
#4511 = DIRECTION ( 'NONE',  ( 0.000000000000000000, -1.000000000000000000, 0.000000000000000000 ) ) ;
#4512 = CARTESIAN_POINT ( 'NONE',  ( -5.140808929720139808, -3.399999999999999911, 0.6908089297201379653 ) ) ;
#4513 = EDGE_LOOP ( 'NONE', ( #5910, #2736, #633, #3614 ) ) ;
#4514 = CARTESIAN_POINT ( 'NONE',  ( -6.249999999999998224, 1.750000000000000000, 0.8000000000000000444 ) ) ;
#4515 = VECTOR ( 'NONE', #3149, 1000.000000000000000 ) ;
#4516 = SURFACE_STYLE_FILL_AREA ( #5544 ) ;
#4517 = DIRECTION ( 'NONE',  ( 1.000000000000000000, 0.000000000000000000, -2.168404344971010101E-16 ) ) ;
#4518 = EDGE_LOOP ( 'NONE', ( #927, #1571, #5825, #4089 ) ) ;
#4519 = VECTOR ( 'NONE', #107, 1000.000000000000000 ) ;
#4520 = LINE ( 'NONE', #2352, #1292 ) ;
#4521 = DIRECTION ( 'NONE',  ( 0.000000000000000000, 1.000000000000000000, 1.927470528863119788E-16 ) ) ;
#4522 = VERTEX_POINT ( 'NONE', #45 ) ;
#4523 = PLANE ( 'NONE',  #1348 ) ;
#4524 = VECTOR ( 'NONE', #6567, 1000.000000000000000 ) ;
#4525 = ORIENTED_EDGE ( 'NONE', *, *, #3376, .F. ) ;
#4526 = ADVANCED_FACE ( 'NONE', ( #1580 ), #1455, .F. ) ;
#4527 = VECTOR ( 'NONE', #6177, 1000.000000000000000 ) ;
#4528 = CARTESIAN_POINT ( 'NONE',  ( -8.249999999999998224, 1.750000000000000000, 0.2999999999999999889 ) ) ;
#4529 = EDGE_CURVE ( 'NONE', #6417, #3718, #5543, .T. ) ;
#4530 = VECTOR ( 'NONE', #2761, 1000.000000000000000 ) ;
#4531 = ORIENTED_EDGE ( 'NONE', *, *, #2429, .F. ) ;
#4532 = LINE ( 'NONE', #1471, #6541 ) ;
#4533 = ORIENTED_EDGE ( 'NONE', *, *, #5210, .T. ) ;
#4534 =( LENGTH_UNIT ( ) NAMED_UNIT ( * ) SI_UNIT ( .MILLI., .METRE. ) );
#4535 = VECTOR ( 'NONE', #4134, 1000.000000000000000 ) ;
#4536 = PLANE ( 'NONE',  #4484 ) ;
#4537 = CARTESIAN_POINT ( 'NONE',  ( -8.249999999999998224, 1.750000000000000000, 0.8000000000000000444 ) ) ;
#4538 = VECTOR ( 'NONE', #934, 1000.000000000000000 ) ;
#4539 = DIRECTION ( 'NONE',  ( 0.000000000000000000, 2.478176394252580155E-16, -1.000000000000000000 ) ) ;
#4540 = ORIENTED_EDGE ( 'NONE', *, *, #3725, .T. ) ;
#4541 = PLANE ( 'NONE',  #6442 ) ;
#4542 = ITEM_DEFINED_TRANSFORMATION ( 'NONE', 'NONE', #1787,  #819 ) ;
#4543 = EDGE_CURVE ( 'NONE', #4423, #5760, #2712, .T. ) ;
#4544 = AXIS2_PLACEMENT_3D ( 'NONE', #6511, #4481, #5514 ) ;
#4545 = EDGE_LOOP ( 'NONE', ( #49, #2979, #2938, #3068 ) ) ;
#4546 = PLANE ( 'NONE',  #2581 ) ;
#4547 = CARTESIAN_POINT ( 'NONE',  ( -4.249999999999998224, -3.399999999999999911, 0.2999999999999999889 ) ) ;
#4548 = CARTESIAN_POINT ( 'NONE',  ( -0.2499999999999985012, -3.399999999999999911, 0.8000000000000000444 ) ) ;
#4549 = ORIENTED_EDGE ( 'NONE', *, *, #2762, .T. ) ;
#4550 = CARTESIAN_POINT ( 'NONE',  ( -6.249999999999998224, 0.2000000000000000111, -2.250000000000000000 ) ) ;
#4551 = APPLICATION_CONTEXT ( 'automotive_design' ) ;
#4552 = VECTOR ( 'NONE', #4197, 1000.000000000000000 ) ;
#4553 =( LENGTH_UNIT ( ) NAMED_UNIT ( * ) SI_UNIT ( .MILLI., .METRE. ) );
#4554 = CARTESIAN_POINT ( 'NONE',  ( -5.250000000000000000, -3.100000000000000089, 0.2999999999999999889 ) ) ;
#4555 = EDGE_CURVE ( 'NONE', #3825, #5914, #5666, .T. ) ;
#4556 = ADVANCED_FACE ( 'NONE', ( #3709 ), #5172, .F. ) ;
#4557 = VERTEX_POINT ( 'NONE', #5235 ) ;
#4558 = AXIS2_PLACEMENT_3D ( 'NONE', #3943, #412, #5374 ) ;
#4559 = DIRECTION ( 'NONE',  ( -0.000000000000000000, 1.000000000000000000, 0.000000000000000000 ) ) ;
#4560 = DIRECTION ( 'NONE',  ( 0.000000000000000000, -1.000000000000000000, -2.478176394252580155E-16 ) ) ;
#4561 = EDGE_CURVE ( 'NONE', #1366, #1616, #3244, .T. ) ;
#4562 = VERTEX_POINT ( 'NONE', #1210 ) ;
#4563 = DIRECTION ( 'NONE',  ( 0.000000000000000000, 0.000000000000000000, 1.000000000000000000 ) ) ;
#4564 = ORIENTED_EDGE ( 'NONE', *, *, #1261, .F. ) ;
#4565 = CARTESIAN_POINT ( 'NONE',  ( -5.200000000000000178, 0.2000000000000000111, 2.250000000000000000 ) ) ;
#4566 = EDGE_LOOP ( 'NONE', ( #6306, #6548, #1259, #120 ) ) ;
#4567 = CARTESIAN_POINT ( 'NONE',  ( 9.750000000000000000, -3.399999999999999911, 0.8000000000000000444 ) ) ;
#4568 = ORIENTED_EDGE ( 'NONE', *, *, #1415, .F. ) ;
#4569 = FACE_OUTER_BOUND ( 'NONE', #4955, .T. ) ;
#4570 = EDGE_CURVE ( 'NONE', #2888, #1130, #1142, .T. ) ;
#4571 = LINE ( 'NONE', #4499, #1608 ) ;
#4572 = DIRECTION ( 'NONE',  ( 0.000000000000000000, 0.000000000000000000, 1.000000000000000000 ) ) ;
#4573 = CARTESIAN_POINT ( 'NONE',  ( 14.24999999999999822, 4.250000000000000000, -2.623757129271619970 ) ) ;
#4574 = VERTEX_POINT ( 'NONE', #4141 ) ;
#4575 = LINE ( 'NONE', #3604, #3475 ) ;
#4576 = ADVANCED_FACE ( 'NONE', ( #4799 ), #5270, .F. ) ;
#4577 = ORIENTED_EDGE ( 'NONE', *, *, #567, .F. ) ;
#4578 = CARTESIAN_POINT ( 'NONE',  ( -15.29999999999999893, 5.750000000000000000, -1.850000000000000089 ) ) ;
#4579 = PLANE ( 'NONE',  #522 ) ;
#4580 = CARTESIAN_POINT ( 'NONE',  ( -2.249999999999998668, 1.750000000000000000, 0.8000000000000000444 ) ) ;
#4581 = ORIENTED_EDGE ( 'NONE', *, *, #124, .T. ) ;
#4582 = FACE_OUTER_BOUND ( 'NONE', #1331, .T. ) ;
#4583 = CARTESIAN_POINT ( 'NONE',  ( 12.80000000000000071, 0.2000000000000000111, 2.250000000000000000 ) ) ;
#4584 = LINE ( 'NONE', #1132, #5708 ) ;
#4585 = VERTEX_POINT ( 'NONE', #6240 ) ;
#4586 = CARTESIAN_POINT ( 'NONE',  ( -4.750000000000000000, -0.4291796067500640022, 0.7999999999999789502 ) ) ;
#4587 = EDGE_CURVE ( 'NONE', #3499, #3215, #4732, .T. ) ;
#4588 = DIRECTION ( 'NONE',  ( -1.000000000000000000, 0.000000000000000000, 1.414176746720221921E-16 ) ) ;
#4589 = EDGE_LOOP ( 'NONE', ( #4918, #2688, #3859, #4860 ) ) ;
#4590 = DIRECTION ( 'NONE',  ( 1.000000000000000000, -2.710505431213760099E-16, 0.000000000000000000 ) ) ;
#4591 = ORIENTED_EDGE ( 'NONE', *, *, #6180, .F. ) ;
#4592 = LINE ( 'NONE', #6557, #1093 ) ;
#4593 = PLANE ( 'NONE',  #3272 ) ;
#4594 = EDGE_CURVE ( 'NONE', #6524, #3642, #5733, .T. ) ;
#4595 = CARTESIAN_POINT ( 'NONE',  ( -5.750000000000000000, -3.399999999999999911, 0.2999999999999999889 ) ) ;
#4596 = VERTEX_POINT ( 'NONE', #2646 ) ;
#4597 = FACE_OUTER_BOUND ( 'NONE', #1871, .T. ) ;
#4598 = CARTESIAN_POINT ( 'NONE',  ( 2.250000000000000444, 1.750000000000000000, 0.2999999999999999889 ) ) ;
#4599 = CARTESIAN_POINT ( 'NONE',  ( 15.29999999999999893, 5.750000000000000000, -1.850000000000000089 ) ) ;
#4600 = EDGE_CURVE ( 'NONE', #1702, #909, #3775, .T. ) ;
#4601 = EDGE_LOOP ( 'NONE', ( #5566, #5393, #2789, #4900 ) ) ;
#4602 = AXIS2_PLACEMENT_3D ( 'NONE', #4676, #2142, #4175 ) ;
#4603 = DIRECTION ( 'NONE',  ( 0.000000000000000000, 0.000000000000000000, 1.000000000000000000 ) ) ;
#4604 = CONTEXT_DEPENDENT_SHAPE_REPRESENTATION ( #6113, #1745 ) ;
#4605 = EDGE_LOOP ( 'NONE', ( #4156, #3344, #5600, #4409 ) ) ;
#4606 = AXIS2_PLACEMENT_3D ( 'NONE', #620, #3660, #198 ) ;
#4607 = CARTESIAN_POINT ( 'NONE',  ( 8.800000000000000711, 0.2000000000000000111, -2.250000000000000000 ) ) ;
#4608 = LINE ( 'NONE', #5571, #5316 ) ;
#4609 = CARTESIAN_POINT ( 'NONE',  ( -10.24999999999999822, -3.399999999999999911, 0.2999999999999999889 ) ) ;
#4610 = ADVANCED_FACE ( 'NONE', ( #5203 ), #737, .F. ) ;
#4611 = ORIENTED_EDGE ( 'NONE', *, *, #6199, .T. ) ;
#4612 = DIRECTION ( 'NONE',  ( -1.000000000000000000, 3.504579431022969726E-32, 1.519869053105245017E-47 ) ) ;
#4613 = ORIENTED_EDGE ( 'NONE', *, *, #365, .F. ) ;
#4614 = CARTESIAN_POINT ( 'NONE',  ( -4.750000000000000000, 4.700000000000000178, 0.8000000000000000444 ) ) ;
#4615 = CARTESIAN_POINT ( 'NONE',  ( -8.799999999999998934, 0.2000000000000000111, 2.250000000000000000 ) ) ;
#4616 = ORIENTED_EDGE ( 'NONE', *, *, #6216, .T. ) ;
#4617 = CARTESIAN_POINT ( 'NONE',  ( -4.799999999999998934, -4.336808689942014778E-16, 2.250000000000000000 ) ) ;
#4618 = ADVANCED_FACE ( 'NONE', ( #4673 ), #1680, .F. ) ;
#4619 = VECTOR ( 'NONE', #975, 1000.000000000000000 ) ;
#4620 = ORIENTED_EDGE ( 'NONE', *, *, #3269, .T. ) ;
#4621 = PRODUCT_DEFINITION_CONTEXT ( 'detailed design', #5350, 'design' ) ;
#4622 = DIRECTION ( 'NONE',  ( -1.000000000000000000, 0.000000000000000000, 0.000000000000000000 ) ) ;
#4623 = LINE ( 'NONE', #3595, #1997 ) ;
#4624 = DIRECTION ( 'NONE',  ( 1.000000000000000000, -3.504579431022969726E-32, -1.519869053105245017E-47 ) ) ;
#4625 = VECTOR ( 'NONE', #2200, 1000.000000000000000 ) ;
#4626 = ORIENTED_EDGE ( 'NONE', *, *, #4949, .F. ) ;
#4627 = LINE ( 'NONE', #4688, #5598 ) ;
#4628 = EDGE_CURVE ( 'NONE', #4596, #427, #2212, .T. ) ;
#4629 = VECTOR ( 'NONE', #211, 1000.000000000000000 ) ;
#4630 = VECTOR ( 'NONE', #6454, 1000.000000000000000 ) ;
#4631 = CARTESIAN_POINT ( 'NONE',  ( 15.94999999999999929, 6.000000000000000000, -0.1200000000000000094 ) ) ;
#4632 = ORIENTED_EDGE ( 'NONE', *, *, #4721, .F. ) ;
#4633 = CARTESIAN_POINT ( 'NONE',  ( -6.799999999999998934, -4.336808689942014778E-16, 2.250000000000000000 ) ) ;
#4634 = VERTEX_POINT ( 'NONE', #6272 ) ;
#4635 = ADVANCED_FACE ( 'NONE', ( #5703 ), #1106, .F. ) ;
#4636 = DIRECTION ( 'NONE',  ( 0.000000000000000000, -2.036060417813154872E-16, 1.000000000000000000 ) ) ;
#4637 = EDGE_CURVE ( 'NONE', #1822, #4802, #4769, .T. ) ;
#4638 = VECTOR ( 'NONE', #101, 1000.000000000000000 ) ;
#4639 = VERTEX_POINT ( 'NONE', #2241 ) ;
#4640 = AXIS2_PLACEMENT_3D ( 'NONE', #853, #2256, #2893 ) ;
#4641 = DIRECTION ( 'NONE',  ( -1.239088197126289831E-16, 2.036060417813154872E-16, -1.000000000000000000 ) ) ;
#4642 = FACE_OUTER_BOUND ( 'NONE', #1165, .T. ) ;
#4643 = CARTESIAN_POINT ( 'NONE',  ( 14.24999999999999822, 1.750000000000000000, 0.8000000000000000444 ) ) ;
#4644 = EDGE_CURVE ( 'NONE', #17, #5408, #4275, .T. ) ;
#4645 = ORIENTED_EDGE ( 'NONE', *, *, #1837, .T. ) ;
#4646 = CARTESIAN_POINT ( 'NONE',  ( -5.250000000000000000, -3.100000000000000089, 0.8000000000000000444 ) ) ;
#4647 = VECTOR ( 'NONE', #1924, 1000.000000000000000 ) ;
#4648 = ADVANCED_FACE ( 'NONE', ( #3638 ), #807, .F. ) ;
#4649 = ORIENTED_EDGE ( 'NONE', *, *, #3010, .F. ) ;
#4650 = AXIS2_PLACEMENT_3D ( 'NONE', #1740, #2676, #3670 ) ;
#4651 = CARTESIAN_POINT ( 'NONE',  ( 3.750000000000001776, -3.399999999999999911, 0.2999999999999999889 ) ) ;
#4652 = VECTOR ( 'NONE', #5197, 1000.000000000000000 ) ;
#4653 = CARTESIAN_POINT ( 'NONE',  ( -15.19999999999999751, 2.250000000000000000, 1.649999999999999911 ) ) ;
#4654 = ORIENTED_EDGE ( 'NONE', *, *, #3978, .F. ) ;
#4655 = CARTESIAN_POINT ( 'NONE',  ( -2.249999999999998668, 1.750000000000000000, 0.2999999999999999889 ) ) ;
#4656 = DIRECTION ( 'NONE',  ( 1.000000000000000000, 9.697399036122229025E-17, -1.939479807224429781E-16 ) ) ;
#4657 = ORIENTED_EDGE ( 'NONE', *, *, #276, .F. ) ;
#4658 = LINE ( 'NONE', #3653, #3865 ) ;
#4659 = CARTESIAN_POINT ( 'NONE',  ( -5.000000000000000000, -2.419911892563235245, 0.2500000000000000000 ) ) ;
#4660 = DIRECTION ( 'NONE',  ( -1.000000000000000000, 0.000000000000000000, 0.000000000000000000 ) ) ;
#4661 = ORIENTED_EDGE ( 'NONE', *, *, #5578, .F. ) ;
#4662 = CARTESIAN_POINT ( 'NONE',  ( -0.2499999999999985012, -3.399999999999999911, 0.8000000000000000444 ) ) ;
#4663 = CARTESIAN_POINT ( 'NONE',  ( -4.249999999999998224, 0.2000000000000000111, 0.2999999999999999889 ) ) ;
#4664 = EDGE_CURVE ( 'NONE', #4852, #3437, #6406, .T. ) ;
#4665 = LINE ( 'NONE', #3098, #678 ) ;
#4666 = ORIENTED_EDGE ( 'NONE', *, *, #6215, .F. ) ;
#4667 = LINE ( 'NONE', #1703, #4638 ) ;
#4668 = ORIENTED_EDGE ( 'NONE', *, *, #1005, .T. ) ;
#4669 = DIRECTION ( 'NONE',  ( -1.000000000000000000, 3.504579431022969726E-32, 1.519869053105245017E-47 ) ) ;
#4670 = CARTESIAN_POINT ( 'NONE',  ( -15.94999999999999929, 4.500000000000000000, 0.3800000000000000044 ) ) ;
#4671 = DIRECTION ( 'NONE',  ( -1.084202172485503818E-16, 1.000000000000000000, 0.000000000000000000 ) ) ;
#4672 = EDGE_LOOP ( 'NONE', ( #4711, #3200, #6156, #1408 ) ) ;
#4673 = FACE_OUTER_BOUND ( 'NONE', #4672, .T. ) ;
#4674 = DIRECTION ( 'NONE',  ( 1.000000000000000000, 0.000000000000000000, 0.000000000000000000 ) ) ;
#4675 = ORIENTED_EDGE ( 'NONE', *, *, #1000, .T. ) ;
#4676 = CARTESIAN_POINT ( 'NONE',  ( -2.249999999999998668, -3.399999999999999911, 0.2999999999999999889 ) ) ;
#4677 = CARTESIAN_POINT ( 'NONE',  ( -6.049999999999999822, -4.336808689942014778E-16, 2.250000000000000000 ) ) ;
#4678 = ORIENTED_EDGE ( 'NONE', *, *, #4899, .F. ) ;
#4679 = EDGE_CURVE ( 'NONE', #1004, #5204, #2851, .T. ) ;
#4680 = EDGE_LOOP ( 'NONE', ( #3486, #3699, #5406, #4591 ) ) ;
#4681 = LINE ( 'NONE', #3717, #4330 ) ;
#4682 = ORIENTED_EDGE ( 'NONE', *, *, #1261, .T. ) ;
#4683 = CARTESIAN_POINT ( 'NONE',  ( 14.79999999999999893, 0.2000000000000000111, -2.250000000000000000 ) ) ;
#4684 = CARTESIAN_POINT ( 'NONE',  ( 9.199999999999999289, 0.2000000000000000111, -2.250000000000000000 ) ) ;
#4685 = PLANE ( 'NONE',  #1323 ) ;
#4686 = LINE ( 'NONE', #1564, #5480 ) ;
#4687 = VERTEX_POINT ( 'NONE', #1877 ) ;
#4688 = CARTESIAN_POINT ( 'NONE',  ( -5.250000000000000000, -3.100000000000000089, 0.8000000000000000444 ) ) ;
#4689 = VECTOR ( 'NONE', #1921, 1000.000000000000000 ) ;
#4690 = LINE ( 'NONE', #5687, #6305 ) ;
#4691 = ORIENTED_EDGE ( 'NONE', *, *, #2895, .T. ) ;
#4692 = FACE_OUTER_BOUND ( 'NONE', #1282, .T. ) ;
#4693 = EDGE_LOOP ( 'NONE', ( #2770, #6488, #3548, #4086 ) ) ;
#4694 = CARTESIAN_POINT ( 'NONE',  ( -11.19999999999999929, 0.2000000000000000111, -2.250000000000000000 ) ) ;
#4695 = CARTESIAN_POINT ( 'NONE',  ( 3.200000000000001510, 0.2000000000000000111, 0.2999999999999999889 ) ) ;
#4696 = VERTEX_POINT ( 'NONE', #4407 ) ;
#4697 = DIRECTION ( 'NONE',  ( 0.000000000000000000, 0.1321637200910226739, 0.9912279006826340000 ) ) ;
#4698 = VECTOR ( 'NONE', #2416, 1000.000000000000000 ) ;
#4699 = CARTESIAN_POINT ( 'NONE',  ( 3.200000000000001510, 0.2000000000000000111, -2.250000000000000000 ) ) ;
#4700 = CARTESIAN_POINT ( 'NONE',  ( 7.750000000000001776, 0.2000000000000000111, 0.8000000000000000444 ) ) ;
#4701 = ORIENTED_EDGE ( 'NONE', *, *, #4803, .F. ) ;
#4702 = DIRECTION ( 'NONE',  ( -1.000000000000000000, 0.000000000000000000, 0.000000000000000000 ) ) ;
#4703 = SURFACE_SIDE_STYLE ('',( #3284 ) ) ;
#4704 = VECTOR ( 'NONE', #801, 1000.000000000000000 ) ;
#4705 = EDGE_LOOP ( 'NONE', ( #3976, #169, #2441, #248 ) ) ;
#4706 = DIRECTION ( 'NONE',  ( 0.000000000000000000, 1.000000000000000000, 0.000000000000000000 ) ) ;
#4707 = FACE_OUTER_BOUND ( 'NONE', #4017, .T. ) ;
#4708 = ORIENTED_EDGE ( 'NONE', *, *, #923, .F. ) ;
#4709 = ORIENTED_EDGE ( 'NONE', *, *, #3543, .F. ) ;
#4710 = FACE_OUTER_BOUND ( 'NONE', #5683, .T. ) ;
#4711 = ORIENTED_EDGE ( 'NONE', *, *, #2968, .T. ) ;
#4712 = CARTESIAN_POINT ( 'NONE',  ( -5.200000000000000178, 0.2000000000000000111, -2.250000000000000000 ) ) ;
#4713 = LINE ( 'NONE', #4684, #5252 ) ;
#4714 = LINE ( 'NONE', #3721, #908 ) ;
#4715 = FACE_OUTER_BOUND ( 'NONE', #5416, .T. ) ;
#4716 = AXIS2_PLACEMENT_3D ( 'NONE', #2692, #1691, #3091 ) ;
#4717 = ORIENTED_EDGE ( 'NONE', *, *, #4664, .T. ) ;
#4718 = CARTESIAN_POINT ( 'NONE',  ( -2.049999999999999822, -4.336808689942014778E-16, 2.250000000000000000 ) ) ;
#4719 = VECTOR ( 'NONE', #3206, 1000.000000000000000 ) ;
#4720 = ORIENTED_EDGE ( 'NONE', *, *, #5327, .T. ) ;
#4721 = EDGE_CURVE ( 'NONE', #2390, #4077, #3384, .T. ) ;
#4722 = VECTOR ( 'NONE', #4888, 1000.000000000000000 ) ;
#4723 = CARTESIAN_POINT ( 'NONE',  ( -15.94999999999999929, 0.8299999999999999600, 1.850000000000000089 ) ) ;
#4724 = DIRECTION ( 'NONE',  ( 0.000000000000000000, -1.000000000000000000, 0.000000000000000000 ) ) ;
#4725 = ORIENTED_EDGE ( 'NONE', *, *, #2210, .F. ) ;
#4726 = FACE_OUTER_BOUND ( 'NONE', #833, .T. ) ;
#4727 = DIRECTION ( 'NONE',  ( 3.504579431022969726E-32, 1.000000000000000000, 2.478176394252580155E-16 ) ) ;
#4728 = VECTOR ( 'NONE', #2138, 1000.000000000000000 ) ;
#4729 = EDGE_LOOP ( 'NONE', ( #1203, #3443, #2721, #3606 ) ) ;
#4730 = DIRECTION ( 'NONE',  ( -1.000000000000000000, 0.000000000000000000, 0.000000000000000000 ) ) ;
#4731 = CARTESIAN_POINT ( 'NONE',  ( -5.200000000000000178, 0.2000000000000000111, -2.250000000000000000 ) ) ;
#4732 = CIRCLE ( 'NONE', #3250, 0.05000000000000000278 ) ;
#4733 = LINE ( 'NONE', #4204, #1536 ) ;
#4734 = ORIENTED_EDGE ( 'NONE', *, *, #518, .F. ) ;
#4735 = DIRECTION ( 'NONE',  ( 0.000000000000000000, -1.000000000000000000, -2.478176394252580155E-16 ) ) ;
#4736 = VECTOR ( 'NONE', #5953, 1000.000000000000000 ) ;
#4737 = ORIENTED_EDGE ( 'NONE', *, *, #4543, .F. ) ;
#4738 = CARTESIAN_POINT ( 'NONE',  ( -5.250000000000000000, -0.7057513818695559937, 0.1676158118777479888 ) ) ;
#4739 = DIRECTION ( 'NONE',  ( -0.3236155771181828955, -0.8891264907159897035, 0.3236155771181828955 ) ) ;
#4740 = VERTEX_POINT ( 'NONE', #311 ) ;
#4741 = ADVANCED_FACE ( 'NONE', ( #3444 ), #2340, .F. ) ;
#4742 = VECTOR ( 'NONE', #6360, 1000.000000000000000 ) ;
#4743 = ORIENTED_EDGE ( 'NONE', *, *, #3834, .F. ) ;
#4744 = ADVANCED_FACE ( 'NONE', ( #4307, #2813 ), #2411, .F. ) ;
#4745 = CARTESIAN_POINT ( 'NONE',  ( -15.54999999999999893, 6.000000000000000000, -2.250000000000000000 ) ) ;
#4746 = ORIENTED_EDGE ( 'NONE', *, *, #4350, .F. ) ;
#4747 = VECTOR ( 'NONE', #2552, 1000.000000000000000 ) ;
#4748 = CARTESIAN_POINT ( 'NONE',  ( -1.199999999999999734, 0.2000000000000000111, -2.250000000000000000 ) ) ;
#4749 = EDGE_CURVE ( 'NONE', #3656, #1880, #5865, .T. ) ;
#4750 = LINE ( 'NONE', #2659, #6200 ) ;
#4751 = CARTESIAN_POINT ( 'NONE',  ( 7.950000000000001954, -4.336808689942014778E-16, 2.250000000000000000 ) ) ;
#4752 = CARTESIAN_POINT ( 'NONE',  ( -5.250000000000000000, -0.9517188593945330455, 0.6595507669277020923 ) ) ;
#4753 = EDGE_CURVE ( 'NONE', #5396, #2003, #3840, .T. ) ;
#4754 = VERTEX_POINT ( 'NONE', #2878 ) ;
#4755 = DIRECTION ( 'NONE',  ( 0.000000000000000000, 4.336808689942020201E-16, -1.000000000000000000 ) ) ;
#4756 = ORIENTED_EDGE ( 'NONE', *, *, #65, .T. ) ;
#4757 = AXIS2_PLACEMENT_3D ( 'NONE', #5704, #2242, #1144 ) ;
#4758 = FACE_OUTER_BOUND ( 'NONE', #5086, .T. ) ;
#4759 = LINE ( 'NONE', #2637, #4097 ) ;
#4760 = EDGE_LOOP ( 'NONE', ( #6213, #217, #4708, #4193, #2475, #3471, #6446, #3778, #2456, #3506, #3301, #4046, #1780, #2663 ) ) ;
#4761 = CARTESIAN_POINT ( 'NONE',  ( -10.05000000000000071, 6.000000000000000000, 2.250000000000000000 ) ) ;
#4762 = EDGE_CURVE ( 'NONE', #4634, #5408, #6472, .T. ) ;
#4763 = ORIENTED_EDGE ( 'NONE', *, *, #1159, .T. ) ;
#4764 = CARTESIAN_POINT ( 'NONE',  ( -4.750000000000000000, -0.9293581796195340416, 0.6148294073777050839 ) ) ;
#4765 = CARTESIAN_POINT ( 'NONE',  ( -3.750000000000000000, 1.750000000000000000, 0.2999999999999999889 ) ) ;
#4766 = DIRECTION ( 'NONE',  ( -1.000000000000000000, 0.000000000000000000, 0.000000000000000000 ) ) ;
#4767 = EDGE_CURVE ( 'NONE', #6271, #6417, #768, .T. ) ;
#4768 = ORIENTED_EDGE ( 'NONE', *, *, #5795, .T. ) ;
#4769 = LINE ( 'NONE', #1712, #4629 ) ;
#4770 =( NAMED_UNIT ( * ) SI_UNIT ( $, .STERADIAN. ) SOLID_ANGLE_UNIT ( ) );
#4771 = ORIENTED_EDGE ( 'NONE', *, *, #3248, .F. ) ;
#4772 = CARTESIAN_POINT ( 'NONE',  ( -4.750000000000000000, -0.9583270453990848647, 0.6099893718935700537 ) ) ;
#4773 = DIRECTION ( 'NONE',  ( 1.000000000000000000, 0.000000000000000000, 0.000000000000000000 ) ) ;
#4774 = ORIENTED_EDGE ( 'NONE', *, *, #1005, .F. ) ;
#4775 = ORIENTED_EDGE ( 'NONE', *, *, #296, .F. ) ;
#4776 = CARTESIAN_POINT ( 'NONE',  ( -5.250000000000000000, -3.100000000000000089, 0.8000000000000000444 ) ) ;
#4777 = ORIENTED_EDGE ( 'NONE', *, *, #2779, .T. ) ;
#4778 = EDGE_CURVE ( 'NONE', #6248, #5788, #1844, .T. ) ;
#4779 = LINE ( 'NONE', #2793, #5963 ) ;
#4780 = PLANE ( 'NONE',  #4299 ) ;
#4781 = LINE ( 'NONE', #5779, #3142 ) ;
#4782 = DIRECTION ( 'NONE',  ( -1.000000000000000000, 0.000000000000000000, 0.000000000000000000 ) ) ;
#4783 = ORIENTED_EDGE ( 'NONE', *, *, #1118, .T. ) ;
#4784 = LINE ( 'NONE', #724, #2523 ) ;
#4785 = EDGE_CURVE ( 'NONE', #1371, #3749, #1311, .T. ) ;
#4786 = ORIENTED_EDGE ( 'NONE', *, *, #4570, .T. ) ;
#4787 = ADVANCED_FACE ( 'NONE', ( #1909 ), #1379, .F. ) ;
#4788 = DIRECTION ( 'NONE',  ( 0.000000000000000000, 1.000000000000000000, 1.927470528863119788E-16 ) ) ;
#4789 = VERTEX_POINT ( 'NONE', #5898 ) ;
#4790 = CARTESIAN_POINT ( 'NONE',  ( 7.750000000000001776, 1.750000000000000000, 0.8000000000000000444 ) ) ;
#4791 = ORIENTED_EDGE ( 'NONE', *, *, #3431, .F. ) ;
#4792 = PLANE ( 'NONE',  #5692 ) ;
#4793 = LINE ( 'NONE', #5428, #4945 ) ;
#4794 = DIRECTION ( 'NONE',  ( 1.000000000000000000, -3.504579431022969726E-32, -1.519869053105245017E-47 ) ) ;
#4795 = ADVANCED_FACE ( 'NONE', ( #5433 ), #2273, .F. ) ;
#4796 = DIRECTION ( 'NONE',  ( -1.000000000000000000, 0.000000000000000000, 1.414176746720221921E-16 ) ) ;
#4797 = DIRECTION ( 'NONE',  ( -1.000000000000000000, -4.476652557876059775E-32, 1.414176746720221921E-16 ) ) ;
#4798 = ORIENTED_EDGE ( 'NONE', *, *, #5806, .T. ) ;
#4799 = FACE_OUTER_BOUND ( 'NONE', #3961, .T. ) ;
#4800 = EDGE_CURVE ( 'NONE', #5782, #983, #2911, .T. ) ;
#4801 = CARTESIAN_POINT ( 'NONE',  ( 0.000000000000000000, 0.000000000000000000, 0.000000000000000000 ) ) ;
#4802 = VERTEX_POINT ( 'NONE', #1410 ) ;
#4803 = EDGE_CURVE ( 'NONE', #2318, #2144, #5469, .T. ) ;
#4804 = CARTESIAN_POINT ( 'NONE',  ( -13.19999999999999929, 0.2000000000000000111, 0.8000000000000000444 ) ) ;
#4805 = EDGE_CURVE ( 'NONE', #1674, #2877, #1508, .T. ) ;
#4806 = PLANE ( 'NONE',  #3352 ) ;
#4807 = EDGE_LOOP ( 'NONE', ( #489, #6263, #4021, #1150 ) ) ;
#4808 = ORIENTED_EDGE ( 'NONE', *, *, #2567, .T. ) ;
#4809 = AXIS2_PLACEMENT_3D ( 'NONE', #811, #2854, #443 ) ;
#4810 = DIRECTION ( 'NONE',  ( -1.000000000000000000, 0.000000000000000000, 0.000000000000000000 ) ) ;
#4811 = VERTEX_POINT ( 'NONE', #2511 ) ;
#4812 = CARTESIAN_POINT ( 'NONE',  ( -10.05000000000000071, 1.389999999999999902, 1.850000000000000089 ) ) ;
#4813 = DIRECTION ( 'NONE',  ( 1.000000000000000000, 0.000000000000000000, 0.000000000000000000 ) ) ;
#4814 = CARTESIAN_POINT ( 'NONE',  ( 0.2500000000000002220, -3.399999999999999911, 0.8000000000000000444 ) ) ;
#4815 = ORIENTED_EDGE ( 'NONE', *, *, #1265, .T. ) ;
#4816 = LINE ( 'NONE', #3399, #1665 ) ;
#4817 = EDGE_CURVE ( 'NONE', #4148, #5202, #3009, .T. ) ;
#4818 = ORIENTED_EDGE ( 'NONE', *, *, #5884, .T. ) ;
#4819 = FACE_OUTER_BOUND ( 'NONE', #6568, .T. ) ;
#4820 = ORIENTED_EDGE ( 'NONE', *, *, #328, .T. ) ;
#4821 = DIRECTION ( 'NONE',  ( 1.519869053105245017E-47, 0.000000000000000000, 1.000000000000000000 ) ) ;
#4822 = AXIS2_PLACEMENT_3D ( 'NONE', #53, #4521, #6108 ) ;
#4823 = ORIENTED_EDGE ( 'NONE', *, *, #4142, .T. ) ;
#4824 = PLANE ( 'NONE',  #4008 ) ;
#4825 = AXIS2_PLACEMENT_3D ( 'NONE', #749, #2322, #6004 ) ;
#4826 = VECTOR ( 'NONE', #2612, 1000.000000000000000 ) ;
#4827 = EDGE_LOOP ( 'NONE', ( #4092, #5754, #4504, #2206 ) ) ;
#4828 = DIRECTION ( 'NONE',  ( -1.000000000000000000, 0.000000000000000000, 0.000000000000000000 ) ) ;
#4829 = ADVANCED_FACE ( 'NONE', ( #969 ), #941, .F. ) ;
#4830 = LINE ( 'NONE', #1242, #1609 ) ;
#4831 = PLANE ( 'NONE',  #2600 ) ;
#4832 = EDGE_LOOP ( 'NONE', ( #4177, #6349, #6365, #2233 ) ) ;
#4833 = DIRECTION ( 'NONE',  ( -1.000000000000000000, 0.000000000000000000, 0.000000000000000000 ) ) ;
#4834 = VECTOR ( 'NONE', #3481, 1000.000000000000000 ) ;
#4835 = CONTEXT_DEPENDENT_SHAPE_REPRESENTATION ( #1134, #779 ) ;
#4836 = VERTEX_POINT ( 'NONE', #4505 ) ;
#4837 = AXIS2_PLACEMENT_3D ( 'NONE', #5906, #3452, #3984 ) ;
#4838 = DIRECTION ( 'NONE',  ( 0.000000000000000000, 1.000000000000000000, 0.000000000000000000 ) ) ;
#4839 = AXIS2_PLACEMENT_3D ( 'NONE', #3994, #1462, #3498 ) ;
#4840 = CARTESIAN_POINT ( 'NONE',  ( -5.250000000000000000, -0.6751470842750398882, 0.7419349550499519941 ) ) ;
#4841 = ORIENTED_EDGE ( 'NONE', *, *, #209, .F. ) ;
#4842 = DIRECTION ( 'NONE',  ( 0.000000000000000000, 1.000000000000000000, 1.927470528863119788E-16 ) ) ;
#4843 = EDGE_LOOP ( 'NONE', ( #5176, #2196, #2009, #2750 ) ) ;
#4844 = CARTESIAN_POINT ( 'NONE',  ( -11.19999999999999929, 0.2000000000000000111, -2.250000000000000000 ) ) ;
#4845 = VECTOR ( 'NONE', #1096, 1000.000000000000000 ) ;
#4846 = EDGE_CURVE ( 'NONE', #5507, #3883, #3977, .T. ) ;
#4847 = ORIENTED_EDGE ( 'NONE', *, *, #4721, .T. ) ;
#4848 = CARTESIAN_POINT ( 'NONE',  ( -5.750000000000000000, 0.2000000000000000111, 0.2999999999999999889 ) ) ;
#4849 = MECHANICAL_DESIGN_GEOMETRIC_PRESENTATION_REPRESENTATION (  '', ( #4323 ), #6450 ) ;
#4850 = DIRECTION ( 'NONE',  ( -1.519869053105245017E-47, 0.000000000000000000, -1.000000000000000000 ) ) ;
#4851 = DIRECTION ( 'NONE',  ( 1.000000000000000000, 0.000000000000000000, 0.000000000000000000 ) ) ;
#4852 = VERTEX_POINT ( 'NONE', #1973 ) ;
#4853 = CARTESIAN_POINT ( 'NONE',  ( 15.19999999999999751, 2.250000000000000000, 1.649999999999999911 ) ) ;
#4854 = AXIS2_PLACEMENT_3D ( 'NONE', #925, #1527, #3464 ) ;
#4855 = ORIENTED_EDGE ( 'NONE', *, *, #4129, .F. ) ;
#4856 = DIRECTION ( 'NONE',  ( -1.000000000000000000, 0.000000000000000000, 0.000000000000000000 ) ) ;
#4857 = VERTEX_POINT ( 'NONE', #6569 ) ;
#4858 = VECTOR ( 'NONE', #6468, 1000.000000000000000 ) ;
#4859 = PLANE ( 'NONE',  #574 ) ;
#4860 = ORIENTED_EDGE ( 'NONE', *, *, #5773, .T. ) ;
#4861 = CARTESIAN_POINT ( 'NONE',  ( -11.75000000000000000, 0.2000000000000000111, 0.2999999999999999889 ) ) ;
#4862 = EDGE_LOOP ( 'NONE', ( #1995, #5650, #4909, #2400 ) ) ;
#4863 = ORIENTED_EDGE ( 'NONE', *, *, #97, .F. ) ;
#4864 = ADVANCED_FACE ( 'NONE', ( #4104 ), #4541, .F. ) ;
#4865 = CARTESIAN_POINT ( 'NONE',  ( -1.749999999999999778, 0.2000000000000000111, -2.250000000000000000 ) ) ;
#4866 = DIRECTION ( 'NONE',  ( 0.000000000000000000, 0.000000000000000000, 1.000000000000000000 ) ) ;
#4867 = DIRECTION ( 'NONE',  ( 3.504579431022969726E-32, 1.000000000000000000, 2.478176394252580155E-16 ) ) ;
#4868 = VERTEX_POINT ( 'NONE', #6502 ) ;
#4869 = CARTESIAN_POINT ( 'NONE',  ( -13.19999999999999929, -4.336808689942014778E-16, -2.250000000000000000 ) ) ;
#4870 = APPLICATION_PROTOCOL_DEFINITION ( 'draft international standard', 'automotive_design', 1998, #6245 ) ;
#4871 = ORIENTED_EDGE ( 'NONE', *, *, #4114, .T. ) ;
#4872 = SURFACE_SIDE_STYLE ('',( #874 ) ) ;
#4873 = EDGE_CURVE ( 'NONE', #5202, #2028, #2572, .T. ) ;
#4874 = DIRECTION ( 'NONE',  ( -1.000000000000000000, 0.000000000000000000, 0.000000000000000000 ) ) ;
#4875 = EDGE_LOOP ( 'NONE', ( #3703, #2696, #216, #3768 ) ) ;
#4876 = LINE ( 'NONE', #2317, #3492 ) ;
#4877 = DIRECTION ( 'NONE',  ( 0.000000000000000000, 0.3420201433256665480, -0.9396926207859092051 ) ) ;
#4878 = ORIENTED_EDGE ( 'NONE', *, *, #3407, .F. ) ;
#4879 = CARTESIAN_POINT ( 'NONE',  ( -11.75000000000000000, 1.750000000000000000, 0.2999999999999999889 ) ) ;
#4880 = LINE ( 'NONE', #3488, #359 ) ;
#4881 = FACE_BOUND ( 'NONE', #1358, .T. ) ;
#4882 = EDGE_CURVE ( 'NONE', #5098, #841, #4014, .T. ) ;
#4883 = ORIENTED_EDGE ( 'NONE', *, *, #4644, .F. ) ;
#4884 = CARTESIAN_POINT ( 'NONE',  ( -14.79999999999999893, -4.336808689942014778E-16, 2.250000000000000000 ) ) ;
#4885 = ORIENTED_EDGE ( 'NONE', *, *, #5639, .F. ) ;
#4886 = DIRECTION ( 'NONE',  ( 0.000000000000000000, 0.000000000000000000, 1.000000000000000000 ) ) ;
#4887 = ORIENTED_EDGE ( 'NONE', *, *, #423, .T. ) ;
#4888 = DIRECTION ( 'NONE',  ( 1.000000000000000000, 0.000000000000000000, 0.000000000000000000 ) ) ;
#4889 = ORIENTED_EDGE ( 'NONE', *, *, #6030, .T. ) ;
#4890 = DIRECTION ( 'NONE',  ( -1.000000000000000000, 0.000000000000000000, 0.000000000000000000 ) ) ;
#4891 = ORIENTED_EDGE ( 'NONE', *, *, #1784, .F. ) ;
#4892 = CARTESIAN_POINT ( 'NONE',  ( -5.250000000000000000, -0.4291796067500634471, 0.2500000000000000000 ) ) ;
#4893 = LINE ( 'NONE', #803, #4908 ) ;
#4894 = DIRECTION ( 'NONE',  ( 0.000000000000000000, -1.000000000000000000, -3.165553788278845372E-16 ) ) ;
#4895 = ORIENTED_EDGE ( 'NONE', *, *, #3131, .F. ) ;
#4896 = DIRECTION ( 'NONE',  ( -2.710505431213760099E-16, 1.000000000000000000, 0.000000000000000000 ) ) ;
#4897 = CONTEXT_DEPENDENT_SHAPE_REPRESENTATION ( #4199, #3820 ) ;
#4898 = AXIS2_PLACEMENT_3D ( 'NONE', #5777, #1187, #5282 ) ;
#4899 = EDGE_CURVE ( 'NONE', #3898, #3482, #4575, .T. ) ;
#4900 = ORIENTED_EDGE ( 'NONE', *, *, #518, .T. ) ;
#4901 = CARTESIAN_POINT ( 'NONE',  ( -6.799999999999998934, 0.2000000000000000111, 0.8000000000000000444 ) ) ;
#4902 = CARTESIAN_POINT ( 'NONE',  ( -4.000000000000000000, 5.000000000000000000, 0.4091910702798595145 ) ) ;
#4903 = ORIENTED_EDGE ( 'NONE', *, *, #6124, .F. ) ;
#4904 = DIRECTION ( 'NONE',  ( 0.000000000000000000, -1.000000000000000000, 0.000000000000000000 ) ) ;
#4905 = FACE_OUTER_BOUND ( 'NONE', #387, .T. ) ;
#4906 = CARTESIAN_POINT ( 'NONE',  ( 15.94999999999999929, 1.389999999999999902, 2.250000000000000000 ) ) ;
#4907 = EDGE_CURVE ( 'NONE', #3718, #5768, #1446, .T. ) ;
#4908 = VECTOR ( 'NONE', #308, 1000.000000000000000 ) ;
#4909 = ORIENTED_EDGE ( 'NONE', *, *, #4114, .F. ) ;
#4910 = LINE ( 'NONE', #3922, #4381 ) ;
#4911 = CARTESIAN_POINT ( 'NONE',  ( -4.750000000000000000, -3.100000000000000089, 0.8000000000000000444 ) ) ;
#4912 = VECTOR ( 'NONE', #4886, 1000.000000000000000 ) ;
#4913 = AXIS2_PLACEMENT_3D ( 'NONE', #1675, #4669, #5729 ) ;
#4914 = EDGE_CURVE ( 'NONE', #2955, #2835, #2010, .T. ) ;
#4915 = ORIENTED_EDGE ( 'NONE', *, *, #2768, .T. ) ;
#4916 = LINE ( 'NONE', #3996, #2085 ) ;
#4917 = VECTOR ( 'NONE', #4991, 1000.000000000000000 ) ;
#4918 = ORIENTED_EDGE ( 'NONE', *, *, #956, .T. ) ;
#4919 = VECTOR ( 'NONE', #3601, 1000.000000000000000 ) ;
#4920 = CARTESIAN_POINT ( 'NONE',  ( 14.24999999999999822, 4.250000000000000000, 1.649999999999999911 ) ) ;
#4921 = EDGE_CURVE ( 'NONE', #3033, #4123, #5567, .T. ) ;
#4922 = ORIENTED_EDGE ( 'NONE', *, *, #2524, .T. ) ;
#4923 = FACE_OUTER_BOUND ( 'NONE', #1721, .T. ) ;
#4924 = ORIENTED_EDGE ( 'NONE', *, *, #5231, .T. ) ;
#4925 = DIRECTION ( 'NONE',  ( 0.000000000000000000, 1.927470528863119788E-16, -1.000000000000000000 ) ) ;
#4926 = EDGE_CURVE ( 'NONE', #1229, #4811, #5631, .T. ) ;
#4927 = FACE_OUTER_BOUND ( 'NONE', #3185, .T. ) ;
#4928 = PLANE ( 'NONE',  #3223 ) ;
#4929 = CARTESIAN_POINT ( 'NONE',  ( -10.24999999999999822, -3.399999999999999911, 0.8000000000000000444 ) ) ;
#4930 = DIRECTION ( 'NONE',  ( 1.000000000000000000, 1.084202172485503818E-16, 0.000000000000000000 ) ) ;
#4931 = CARTESIAN_POINT ( 'NONE',  ( -10.05000000000000071, 6.000000000000000000, 0.8800000000000000044 ) ) ;
#4932 = ORIENTED_EDGE ( 'NONE', *, *, #5210, .F. ) ;
#4933 = CARTESIAN_POINT ( 'NONE',  ( 4.800000000000000711, 0.2000000000000000111, -2.250000000000000000 ) ) ;
#4934 = VECTOR ( 'NONE', #4850, 1000.000000000000000 ) ;
#4935 = ITEM_DEFINED_TRANSFORMATION ( 'NONE', 'NONE', #4028,  #819 ) ;
#4936 = VECTOR ( 'NONE', #3079, 1000.000000000000000 ) ;
#4937 = VERTEX_POINT ( 'NONE', #1572 ) ;
#4938 = FILL_AREA_STYLE_COLOUR ( '', #2800 ) ;
#4939 = VECTOR ( 'NONE', #1936, 1000.000000000000000 ) ;
#4940 = DIRECTION ( 'NONE',  ( 0.000000000000000000, 0.000000000000000000, -1.000000000000000000 ) ) ;
#4941 = VERTEX_POINT ( 'NONE', #4044 ) ;
#4942 = DIRECTION ( 'NONE',  ( 3.504579431022969726E-32, 1.000000000000000000, 2.478176394252580155E-16 ) ) ;
#4943 = CARTESIAN_POINT ( 'NONE',  ( 10.79999999999999893, -4.336808689942014778E-16, -2.250000000000000000 ) ) ;
#4944 = LINE ( 'NONE', #2920, #5071 ) ;
#4945 = VECTOR ( 'NONE', #5832, 1000.000000000000000 ) ;
#4946 = VECTOR ( 'NONE', #4224, 1000.000000000000000 ) ;
#4947 = ORIENTED_EDGE ( 'NONE', *, *, #1533, .T. ) ;
#4948 = CARTESIAN_POINT ( 'NONE',  ( -5.250000000000000000, -2.413303706558679984, 0.2995613950341309839 ) ) ;
#4949 = EDGE_CURVE ( 'NONE', #882, #2193, #1479, .T. ) ;
#4950 = CARTESIAN_POINT ( 'NONE',  ( -12.79999999999999893, 0.2000000000000000111, 2.250000000000000000 ) ) ;
#4951 = ADVANCED_FACE ( 'NONE', ( #2980 ), #1064, .F. ) ;
#4952 = AXIS2_PLACEMENT_3D ( 'NONE', #2477, #440, #5601 ) ;
#4953 = VERTEX_POINT ( 'NONE', #410 ) ;
#4954 = DIRECTION ( 'NONE',  ( 0.000000000000000000, 2.478176394252580155E-16, -1.000000000000000000 ) ) ;
#4955 = EDGE_LOOP ( 'NONE', ( #3271, #6405, #5208, #6311 ) ) ;
#4956 = EDGE_CURVE ( 'NONE', #4639, #5579, #502, .T. ) ;
#4957 = VECTOR ( 'NONE', #1566, 1000.000000000000000 ) ;
#4958 = DIRECTION ( 'NONE',  ( -1.000000000000000000, 0.000000000000000000, 0.000000000000000000 ) ) ;
#4959 = EDGE_CURVE ( 'NONE', #564, #6330, #470, .T. ) ;
#4960 = ORIENTED_EDGE ( 'NONE', *, *, #3940, .F. ) ;
#4961 = DIRECTION ( 'NONE',  ( 1.000000000000000000, 0.000000000000000000, 0.000000000000000000 ) ) ;
#4962 = EDGE_LOOP ( 'NONE', ( #4979, #523, #318, #472 ) ) ;
#4963 = DIRECTION ( 'NONE',  ( 1.000000000000000000, 0.000000000000000000, 0.000000000000000000 ) ) ;
#4964 = VECTOR ( 'NONE', #421, 1000.000000000000000 ) ;
#4965 = DIRECTION ( 'NONE',  ( 0.000000000000000000, -1.000000000000000000, 0.000000000000000000 ) ) ;
#4966 = COLOUR_RGB ( '',0.7921568627450980005, 0.8196078431372548767, 0.9333333333333333481 ) ;
#4967 = CARTESIAN_POINT ( 'NONE',  ( 9.199999999999999289, 0.2000000000000000111, -2.250000000000000000 ) ) ;
#4968 = FACE_OUTER_BOUND ( 'NONE', #3610, .T. ) ;
#4969 = CARTESIAN_POINT ( 'NONE',  ( 15.19999999999999751, 4.250000000000000000, 1.649999999999999911 ) ) ;
#4970 = CARTESIAN_POINT ( 'NONE',  ( 14.24999999999999822, 6.000000000000000000, 0.8000000000000000444 ) ) ;
#4971 = EDGE_CURVE ( 'NONE', #2430, #4077, #1036, .T. ) ;
#4972 = VERTEX_POINT ( 'NONE', #3235 ) ;
#4973 = DIRECTION ( 'NONE',  ( 0.000000000000000000, 0.000000000000000000, 1.000000000000000000 ) ) ;
#4974 = CONTEXT_DEPENDENT_SHAPE_REPRESENTATION ( #3644, #4358 ) ;
#4975 = ORIENTED_EDGE ( 'NONE', *, *, #5307, .F. ) ;
#4976 = CARTESIAN_POINT ( 'NONE',  ( -5.140808929720139808, 5.000000000000000000, 0.6908089297201369661 ) ) ;
#4977 = EDGE_CURVE ( 'NONE', #2653, #4148, #1131, .T. ) ;
#4978 = CARTESIAN_POINT ( 'NONE',  ( 11.20000000000000107, 0.2000000000000000111, -2.250000000000000000 ) ) ;
#4979 = ORIENTED_EDGE ( 'NONE', *, *, #5903, .T. ) ;
#4980 = LINE ( 'NONE', #5412, #1115 ) ;
#4981 = CARTESIAN_POINT ( 'NONE',  ( 8.250000000000000000, -3.399999999999999911, 0.8000000000000000444 ) ) ;
#4982 = LINE ( 'NONE', #2886, #2305 ) ;
#4983 = VECTOR ( 'NONE', #3807, 999.9999999999998863 ) ;
#4984 = ORIENTED_EDGE ( 'NONE', *, *, #103, .T. ) ;
#4985 = CARTESIAN_POINT ( 'NONE',  ( 15.29999999999999893, 5.750000000000000000, -1.850000000000000089 ) ) ;
#4986 = CARTESIAN_POINT ( 'NONE',  ( 9.750000000000000000, 0.2000000000000000111, 0.2999999999999999889 ) ) ;
#4987 = ORIENTED_EDGE ( 'NONE', *, *, #193, .T. ) ;
#4988 = LINE ( 'NONE', #4033, #1772 ) ;
#4989 = EDGE_CURVE ( 'NONE', #6463, #547, #2704, .T. ) ;
#4990 = ORIENTED_EDGE ( 'NONE', *, *, #2022, .T. ) ;
#4991 = DIRECTION ( 'NONE',  ( -1.000000000000000000, -2.879349297788825203E-32, 1.414176746720221921E-16 ) ) ;
#4992 = ORIENTED_EDGE ( 'NONE', *, *, #3782, .T. ) ;
#4993 = FACE_OUTER_BOUND ( 'NONE', #5774, .T. ) ;
#4994 = ORIENTED_EDGE ( 'NONE', *, *, #4977, .T. ) ;
#4995 = CARTESIAN_POINT ( 'NONE',  ( -4.750000000000000000, -0.4291796067500634471, 0.2500000000000000000 ) ) ;
#4996 = ADVANCED_FACE ( 'NONE', ( #4726 ), #3632, .F. ) ;
#4997 = CARTESIAN_POINT ( 'NONE',  ( -15.29999999999999893, 5.750000000000000000, -1.850000000000000089 ) ) ;
#4998 = DIRECTION ( 'NONE',  ( 0.000000000000000000, -1.000000000000000000, -3.318687873851555372E-16 ) ) ;
#4999 = DIRECTION ( 'NONE',  ( -1.000000000000000000, 0.000000000000000000, 0.000000000000000000 ) ) ;
#5000 = ORIENTED_EDGE ( 'NONE', *, *, #3364, .F. ) ;
#5001 = EDGE_CURVE ( 'NONE', #5023, #867, #2165, .T. ) ;
#5002 = CARTESIAN_POINT ( 'NONE',  ( -13.74999999999999822, 6.000000000000000000, 0.8000000000000000444 ) ) ;
#5003 = CONTEXT_DEPENDENT_SHAPE_REPRESENTATION ( #3061, #312 ) ;
#5004 = ORIENTED_EDGE ( 'NONE', *, *, #5989, .F. ) ;
#5005 = CARTESIAN_POINT ( 'NONE',  ( 15.29999999999999893, 1.750000000000000000, -1.850000000000000089 ) ) ;
#5006 = CARTESIAN_POINT ( 'NONE',  ( -10.79999999999999893, 0.2000000000000000111, 2.250000000000000000 ) ) ;
#5007 = LINE ( 'NONE', #2449, #5255 ) ;
#5008 = ORIENTED_EDGE ( 'NONE', *, *, #6335, .F. ) ;
#5009 = VECTOR ( 'NONE', #5462, 1000.000000000000000 ) ;
#5010 = PLANE ( 'NONE',  #5685 ) ;
#5011 = DIRECTION ( 'NONE',  ( 0.7071067811865461294, -0.7071067811865490160, -2.315879795017412046E-16 ) ) ;
#5012 = EDGE_CURVE ( 'NONE', #844, #6485, #136, .T. ) ;
#5013 = EDGE_CURVE ( 'NONE', #6513, #4522, #1671, .T. ) ;
#5014 = ORIENTED_EDGE ( 'NONE', *, *, #2304, .F. ) ;
#5015 = VECTOR ( 'NONE', #5048, 1000.000000000000000 ) ;
#5016 = DIRECTION ( 'NONE',  ( 0.7071067811865455743, -0.7071067811865495711, -3.114552216578954790E-16 ) ) ;
#5017 = LINE ( 'NONE', #4653, #781 ) ;
#5018 = VERTEX_POINT ( 'NONE', #3700 ) ;
#5019 = DIRECTION ( 'NONE',  ( -1.000000000000000000, 0.000000000000000000, 0.000000000000000000 ) ) ;
#5020 = ORIENTED_EDGE ( 'NONE', *, *, #5670, .F. ) ;
#5021 = DIRECTION ( 'NONE',  ( 1.000000000000000000, -2.865843848929064512E-17, -2.149382886696714876E-16 ) ) ;
#5022 = EDGE_CURVE ( 'NONE', #6417, #4639, #5226, .T. ) ;
#5023 = VERTEX_POINT ( 'NONE', #5659 ) ;
#5024 = FACE_OUTER_BOUND ( 'NONE', #1830, .T. ) ;
#5025 = EDGE_LOOP ( 'NONE', ( #6492, #4771, #4133, #6159 ) ) ;
#5026 = VECTOR ( 'NONE', #4641, 1000.000000000000000 ) ;
#5027 = CARTESIAN_POINT ( 'NONE',  ( 13.19999999999999929, 0.2000000000000000111, 0.8000000000000000444 ) ) ;
#5028 = LINE ( 'NONE', #997, #4919 ) ;
#5029 = AXIS2_PLACEMENT_3D ( 'NONE', #5589, #4460, #1499 ) ;
#5030 = VECTOR ( 'NONE', #3538, 1000.000000000000000 ) ;
#5031 = DIRECTION ( 'NONE',  ( 0.000000000000000000, -1.000000000000000000, 0.000000000000000000 ) ) ;
#5032 = VERTEX_POINT ( 'NONE', #3201 ) ;
#5033 = EDGE_CURVE ( 'NONE', #3143, #4372, #72, .T. ) ;
#5034 = CARTESIAN_POINT ( 'NONE',  ( -5.250000000000000000, -0.9583270453990848647, 0.6099893718935700537 ) ) ;
#5035 = ORIENTED_EDGE ( 'NONE', *, *, #3812, .F. ) ;
#5036 = EDGE_CURVE ( 'NONE', #2218, #1497, #2129, .T. ) ;
#5037 = EDGE_CURVE ( 'NONE', #1401, #573, #4667, .T. ) ;
#5038 = CARTESIAN_POINT ( 'NONE',  ( 15.94999999999999929, 1.389999999999999902, 2.250000000000000000 ) ) ;
#5039 = DIRECTION ( 'NONE',  ( 0.000000000000000000, 1.000000000000000000, 0.000000000000000000 ) ) ;
#5040 = DIRECTION ( 'NONE',  ( 0.000000000000000000, 0.000000000000000000, 1.000000000000000000 ) ) ;
#5041 = ORIENTED_EDGE ( 'NONE', *, *, #6426, .T. ) ;
#5042 = CARTESIAN_POINT ( 'NONE',  ( -4.799999999999998934, 0.2000000000000000111, -2.250000000000000000 ) ) ;
#5043 = AXIS2_PLACEMENT_3D ( 'NONE', #5975, #324, #4455 ) ;
#5044 = CARTESIAN_POINT ( 'NONE',  ( -4.799999999999998934, 0.2000000000000000111, 0.2999999999999999889 ) ) ;
#5045 = LINE ( 'NONE', #481, #1461 ) ;
#5046 = ORIENTED_EDGE ( 'NONE', *, *, #3054, .F. ) ;
#5047 = AXIS2_PLACEMENT_3D ( 'NONE', #3915, #1317, #1417 ) ;
#5048 = DIRECTION ( 'NONE',  ( -1.355252715606880049E-16, -1.000000000000000000, 0.000000000000000000 ) ) ;
#5049 = PLANE ( 'NONE',  #4839 ) ;
#5050 = ADVANCED_FACE ( 'NONE', ( #5195, #3731 ), #5757, .F. ) ;
#5051 = ORIENTED_EDGE ( 'NONE', *, *, #4817, .F. ) ;
#5052 = CARTESIAN_POINT ( 'NONE',  ( -15.19999999999999751, 4.250000000000000000, 2.250000000000000000 ) ) ;
#5053 = VECTOR ( 'NONE', #1769, 1000.000000000000000 ) ;
#5054 = EDGE_CURVE ( 'NONE', #4310, #4596, #625, .T. ) ;
#5055 = ORIENTED_EDGE ( 'NONE', *, *, #923, .T. ) ;
#5056 = VECTOR ( 'NONE', #1744, 1000.000000000000000 ) ;
#5057 = DIRECTION ( 'NONE',  ( 0.000000000000000000, -0.1321637200910183718, -0.9912279006826346661 ) ) ;
#5058 = ORIENTED_EDGE ( 'NONE', *, *, #1678, .T. ) ;
#5059 = CARTESIAN_POINT ( 'NONE',  ( 0.2500000000000002220, 0.2000000000000000111, 0.2999999999999999889 ) ) ;
#5060 = EDGE_LOOP ( 'NONE', ( #261, #6427, #4483, #5695 ) ) ;
#5061 = LINE ( 'NONE', #2505, #280 ) ;
#5062 = VECTOR ( 'NONE', #5306, 1000.000000000000000 ) ;
#5063 = PLANE ( 'NONE',  #4378 ) ;
#5064 = LINE ( 'NONE', #5993, #3974 ) ;
#5065 = AXIS2_PLACEMENT_3D ( 'NONE', #5085, #4058, #955 ) ;
#5066 = CARTESIAN_POINT ( 'NONE',  ( -5.250000000000000000, -0.4291796067500634471, 0.2500000000000000000 ) ) ;
#5067 = VERTEX_POINT ( 'NONE', #5261 ) ;
#5068 = DIRECTION ( 'NONE',  ( 1.000000000000000000, 0.000000000000000000, 2.168404344971010101E-16 ) ) ;
#5069 = ITEM_DEFINED_TRANSFORMATION ( 'NONE', 'NONE', #4558,  #819 ) ;
#5070 = EDGE_CURVE ( 'NONE', #219, #6271, #2234, .T. ) ;
#5071 = VECTOR ( 'NONE', #980, 1000.000000000000000 ) ;
#5072 = ORIENTED_EDGE ( 'NONE', *, *, #5816, .F. ) ;
#5073 = CARTESIAN_POINT ( 'NONE',  ( -15.29999999999999893, 1.750000000000000000, 1.649999999999999911 ) ) ;
#5074 = LINE ( 'NONE', #5606, #3266 ) ;
#5075 = FACE_OUTER_BOUND ( 'NONE', #1666, .T. ) ;
#5076 = EDGE_LOOP ( 'NONE', ( #205, #4277, #5603, #2309 ) ) ;
#5077 = CARTESIAN_POINT ( 'NONE',  ( -14.79999999999999893, 0.2000000000000000111, -2.250000000000000000 ) ) ;
#5078 = AXIS2_PLACEMENT_3D ( 'NONE', #1386, #4842, #6381 ) ;
#5079 = DIRECTION ( 'NONE',  ( -0.9396926207859092051, 0.3420201433256665480, 0.000000000000000000 ) ) ;
#5080 = EDGE_LOOP ( 'NONE', ( #5376, #5713, #213, #905 ) ) ;
#5081 = AXIS2_PLACEMENT_3D ( 'NONE', #1681, #4246, #6273 ) ;
#5082 = DIRECTION ( 'NONE',  ( 0.000000000000000000, 1.000000000000000000, 0.000000000000000000 ) ) ;
#5083 = DIRECTION ( 'NONE',  ( 0.000000000000000000, 0.000000000000000000, 1.000000000000000000 ) ) ;
#5084 = ORIENTED_EDGE ( 'NONE', *, *, #5033, .T. ) ;
#5085 = CARTESIAN_POINT ( 'NONE',  ( -15.94999999999999929, 4.500000000000000000, 0.3800000000000000044 ) ) ;
#5086 = EDGE_LOOP ( 'NONE', ( #3534, #83, #675, #1632 ) ) ;
#5087 = EDGE_CURVE ( 'NONE', #957, #495, #695, .T. ) ;
#5088 = CARTESIAN_POINT ( 'NONE',  ( 11.20000000000000107, 0.2000000000000000111, -2.250000000000000000 ) ) ;
#5089 = DIRECTION ( 'NONE',  ( 1.000000000000000000, 0.000000000000000000, -1.414176746720221921E-16 ) ) ;
#5090 = DIRECTION ( 'NONE',  ( 3.504579431022969726E-32, 1.000000000000000000, 2.478176394252580155E-16 ) ) ;
#5091 = ORIENTED_EDGE ( 'NONE', *, *, #5504, .F. ) ;
#5092 = DIRECTION ( 'NONE',  ( 0.000000000000000000, 0.000000000000000000, 1.000000000000000000 ) ) ;
#5093 = APPLICATION_CONTEXT ( 'automotive_design' ) ;
#5094 = DIRECTION ( 'NONE',  ( 0.000000000000000000, -1.000000000000000000, 0.000000000000000000 ) ) ;
#5095 = CARTESIAN_POINT ( 'NONE',  ( -2.799999999999998490, 0.2000000000000000111, 0.8000000000000000444 ) ) ;
#5096 = ORIENTED_EDGE ( 'NONE', *, *, #5022, .T. ) ;
#5097 = CARTESIAN_POINT ( 'NONE',  ( 11.20000000000000107, 0.2000000000000000111, -2.250000000000000000 ) ) ;
#5098 = VERTEX_POINT ( 'NONE', #1602 ) ;
#5099 = LINE ( 'NONE', #2575, #6299 ) ;
#5100 = DIRECTION ( 'NONE',  ( 0.000000000000000000, 1.000000000000000000, 0.000000000000000000 ) ) ;
#5101 = CARTESIAN_POINT ( 'NONE',  ( -5.250000000000000000, -0.4291796067500625034, 0.8000000000000000444 ) ) ;
#5102 = ORIENTED_EDGE ( 'NONE', *, *, #513, .F. ) ;
#5103 = PLANE ( 'NONE',  #1015 ) ;
#5104 = EDGE_CURVE ( 'NONE', #4953, #3878, #1736, .T. ) ;
#5105 = ORIENTED_EDGE ( 'NONE', *, *, #3945, .F. ) ;
#5106 = DIRECTION ( 'NONE',  ( 0.000000000000000000, 1.000000000000000000, 0.000000000000000000 ) ) ;
#5107 = CARTESIAN_POINT ( 'NONE',  ( -4.000000000000000000, 5.000000000000000000, 0.6908089297201369661 ) ) ;
#5108 = EDGE_CURVE ( 'NONE', #1004, #3682, #1237, .T. ) ;
#5109 = ORIENTED_EDGE ( 'NONE', *, *, #2849, .F. ) ;
#5110 = DIRECTION ( 'NONE',  ( 1.000000000000000000, 0.000000000000000000, 0.000000000000000000 ) ) ;
#5111 = AXIS2_PLACEMENT_3D ( 'NONE', #4220, #220, #2288 ) ;
#5112 = EDGE_LOOP ( 'NONE', ( #6503, #4895, #3152, #6471 ) ) ;
#5113 = EDGE_CURVE ( 'NONE', #5507, #2061, #2103, .T. ) ;
#5114 = CARTESIAN_POINT ( 'NONE',  ( -1.749999999999999778, -3.399999999999999911, 0.2999999999999999889 ) ) ;
#5115 = FACE_OUTER_BOUND ( 'NONE', #1478, .T. ) ;
#5116 = DIRECTION ( 'NONE',  ( 3.504579431022969726E-32, 1.000000000000000000, 2.478176394252580155E-16 ) ) ;
#5117 = ORIENTED_EDGE ( 'NONE', *, *, #4465, .T. ) ;
#5118 = CARTESIAN_POINT ( 'NONE',  ( 7.949999999999998401, -4.336808689942014778E-16, 2.250000000000000000 ) ) ;
#5119 = VECTOR ( 'NONE', #4866, 1000.000000000000000 ) ;
#5120 = EDGE_CURVE ( 'NONE', #4297, #3432, #5163, .T. ) ;
#5121 = LINE ( 'NONE', #2976, #1090 ) ;
#5122 = ORIENTED_EDGE ( 'NONE', *, *, #3166, .T. ) ;
#5123 = LINE ( 'NONE', #559, #3357 ) ;
#5124 = ORIENTED_EDGE ( 'NONE', *, *, #2533, .T. ) ;
#5125 = VECTOR ( 'NONE', #4108, 1000.000000000000000 ) ;
#5126 = DIRECTION ( 'NONE',  ( 0.000000000000000000, -1.000000000000000000, 0.000000000000000000 ) ) ;
#5127 = VECTOR ( 'NONE', #5927, 1000.000000000000000 ) ;
#5128 = EDGE_CURVE ( 'NONE', #2740, #649, #2806, .T. ) ;
#5129 = ORIENTED_EDGE ( 'NONE', *, *, #3577, .F. ) ;
#5130 = CIRCLE ( 'NONE', #3646, 0.04999999999997888078 ) ;
#5131 = CARTESIAN_POINT ( 'NONE',  ( -14.24999999999999822, 6.000000000000000000, 0.2999999999999999889 ) ) ;
#5132 = LINE ( 'NONE', #3014, #5810 ) ;
#5133 = CARTESIAN_POINT ( 'NONE',  ( -4.249999999999998224, 1.750000000000000000, 0.8000000000000000444 ) ) ;
#5134 = ORIENTED_EDGE ( 'NONE', *, *, #3416, .F. ) ;
#5135 = PRODUCT_RELATED_PRODUCT_CATEGORY ( 'part', '', ( #1321 ) ) ;
#5136 = CARTESIAN_POINT ( 'NONE',  ( -10.24999999999999822, 1.750000000000000000, 0.8000000000000000444 ) ) ;
#5137 = AXIS2_PLACEMENT_3D ( 'NONE', #5555, #3594, #3029 ) ;
#5138 = ORIENTED_EDGE ( 'NONE', *, *, #3639, .F. ) ;
#5139 = ADVANCED_FACE ( 'NONE', ( #6368 ), #4792, .F. ) ;
#5140 = FACE_OUTER_BOUND ( 'NONE', #2432, .T. ) ;
#5141 = VECTOR ( 'NONE', #2225, 1000.000000000000000 ) ;
#5142 = DIRECTION ( 'NONE',  ( 0.000000000000000000, 1.927470528863119788E-16, -1.000000000000000000 ) ) ;
#5143 = ORIENTED_EDGE ( 'NONE', *, *, #5326, .T. ) ;
#5144 = CARTESIAN_POINT ( 'NONE',  ( 10.24999999999999822, 1.750000000000000000, 0.8000000000000000444 ) ) ;
#5145 = VECTOR ( 'NONE', #4511, 1000.000000000000000 ) ;
#5146 = AXIS2_PLACEMENT_3D ( 'NONE', #766, #4405, #1875 ) ;
#5147 = ORIENTED_EDGE ( 'NONE', *, *, #553, .T. ) ;
#5148 = ADVANCED_FACE ( 'NONE', ( #3373, #3832, #1302, #5858, #760, #4298, #6464, #2264, #831, #3339, #268, #5365, #6431, #364, #6397, #2900 ), #4824, .T. ) ;
#5149 = UNCERTAINTY_MEASURE_WITH_UNIT (LENGTH_MEASURE( 1.000000000000000082E-05 ), #4553, 'distance_accuracy_value', 'NONE');
#5150 = DIRECTION ( 'NONE',  ( 1.000000000000000000, 0.000000000000000000, 0.000000000000000000 ) ) ;
#5151 = CYLINDRICAL_SURFACE ( 'NONE', #4117, 0.5500000000000000444 ) ;
#5152 = DIRECTION ( 'NONE',  ( 1.000000000000000000, -1.640695603511829896E-15, 0.000000000000000000 ) ) ;
#5153 = VECTOR ( 'NONE', #4821, 1000.000000000000000 ) ;
#5154 = ORIENTED_EDGE ( 'NONE', *, *, #3334, .T. ) ;
#5155 = CARTESIAN_POINT ( 'NONE',  ( -5.250000000000000000, -2.347221846513170451, 0.7951753453754479839 ) ) ;
#5156 = ADVANCED_FACE ( 'NONE', ( #2301 ), #6331, .F. ) ;
#5157 = VECTOR ( 'NONE', #5090, 1000.000000000000000 ) ;
#5158 = AXIS2_PLACEMENT_3D ( 'NONE', #3397, #2323, #5418 ) ;
#5159 = EDGE_CURVE ( 'NONE', #2235, #6239, #4400, .T. ) ;
#5160 = PLANE ( 'NONE',  #5352 ) ;
#5161 = LINE ( 'NONE', #4132, #1221 ) ;
#5162 = ORIENTED_EDGE ( 'NONE', *, *, #5524, .T. ) ;
#5163 = LINE ( 'NONE', #232, #5164 ) ;
#5164 = VECTOR ( 'NONE', #1836, 1000.000000000000000 ) ;
#5165 = EDGE_LOOP ( 'NONE', ( #2532, #6154, #71, #3063 ) ) ;
#5166 = VECTOR ( 'NONE', #2094, 1000.000000000000000 ) ;
#5167 = FACE_OUTER_BOUND ( 'NONE', #4705, .T. ) ;
#5168 = ADVANCED_FACE ( 'NONE', ( #5400 ), #2401, .F. ) ;
#5169 = DIRECTION ( 'NONE',  ( 0.000000000000000000, 2.478176394252580155E-16, -1.000000000000000000 ) ) ;
#5170 = CARTESIAN_POINT ( 'NONE',  ( 14.72499999999999787, 4.250000000000000000, 2.250000000000000000 ) ) ;
#5171 = ORIENTED_EDGE ( 'NONE', *, *, #1411, .T. ) ;
#5172 = PLANE ( 'NONE',  #3362 ) ;
#5173 =( LENGTH_UNIT ( ) NAMED_UNIT ( * ) SI_UNIT ( .MILLI., .METRE. ) );
#5174 = VECTOR ( 'NONE', #950, 1000.000000000000000 ) ;
#5175 = ADVANCED_BREP_SHAPE_REPRESENTATION ( '', ( #832, #819 ), #498 ) ;
#5176 = ORIENTED_EDGE ( 'NONE', *, *, #3086, .T. ) ;
#5177 = CARTESIAN_POINT ( 'NONE',  ( 15.29999999999999893, 4.500000000000000000, -0.1200000000000000094 ) ) ;
#5178 = VECTOR ( 'NONE', #3986, 1000.000000000000000 ) ;
#5179 = LINE ( 'NONE', #3714, #3673 ) ;
#5180 = ORIENTED_EDGE ( 'NONE', *, *, #2481, .T. ) ;
#5181 = EDGE_LOOP ( 'NONE', ( #3218, #4613, #433, #3730 ) ) ;
#5182 = CARTESIAN_POINT ( 'NONE',  ( -13.74999999999999822, 0.2000000000000000111, -2.250000000000000000 ) ) ;
#5183 = DIRECTION ( 'NONE',  ( -1.000000000000000000, 0.000000000000000000, 0.000000000000000000 ) ) ;
#5184 = ORIENTED_EDGE ( 'NONE', *, *, #4971, .T. ) ;
#5185 = DIRECTION ( 'NONE',  ( 2.168404344971010101E-16, -1.198194479848324020E-16, 1.000000000000000000 ) ) ;
#5186 = LINE ( 'NONE', #5114, #3759 ) ;
#5187 = CARTESIAN_POINT ( 'NONE',  ( -15.94999999999999929, 6.000000000000000000, -2.250000000000000000 ) ) ;
#5188 = DIRECTION ( 'NONE',  ( 0.000000000000000000, -1.000000000000000000, -2.478176394252580155E-16 ) ) ;
#5189 = VERTEX_POINT ( 'NONE', #4861 ) ;
#5190 = LINE ( 'NONE', #3625, #4957 ) ;
#5191 = ADVANCED_FACE ( 'NONE', ( #3803 ), #333, .F. ) ;
#5192 = LINE ( 'NONE', #3628, #4502 ) ;
#5193 = DIRECTION ( 'NONE',  ( 0.000000000000000000, -2.478176394252580155E-16, 1.000000000000000000 ) ) ;
#5194 = VERTEX_POINT ( 'NONE', #1869 ) ;
#5195 = FACE_OUTER_BOUND ( 'NONE', #4760, .T. ) ;
#5196 = EDGE_CURVE ( 'NONE', #4247, #4333, #3275, .T. ) ;
#5197 = DIRECTION ( 'NONE',  ( 0.000000000000000000, 0.000000000000000000, 1.000000000000000000 ) ) ;
#5198 = EDGE_LOOP ( 'NONE', ( #4924, #4363, #527, #1802 ) ) ;
#5199 = CARTESIAN_POINT ( 'NONE',  ( 11.20000000000000107, -4.336808689942014778E-16, -2.250000000000000000 ) ) ;
#5200 = DIRECTION ( 'NONE',  ( -3.504579431022969726E-32, -1.000000000000000000, 0.000000000000000000 ) ) ;
#5201 = FACE_OUTER_BOUND ( 'NONE', #1186, .T. ) ;
#5202 = VERTEX_POINT ( 'NONE', #730 ) ;
#5203 = FACE_OUTER_BOUND ( 'NONE', #6105, .T. ) ;
#5204 = VERTEX_POINT ( 'NONE', #5427 ) ;
#5205 = CARTESIAN_POINT ( 'NONE',  ( 3.200000000000001510, 0.2000000000000000111, 2.250000000000000000 ) ) ;
#5206 = CARTESIAN_POINT ( 'NONE',  ( 14.24999999999999822, 6.000000000000000000, 0.8000000000000000444 ) ) ;
#5207 = ORIENTED_EDGE ( 'NONE', *, *, #5113, .T. ) ;
#5208 = ORIENTED_EDGE ( 'NONE', *, *, #4817, .T. ) ;
#5209 = FACE_OUTER_BOUND ( 'NONE', #4875, .T. ) ;
#5210 = EDGE_CURVE ( 'NONE', #5914, #271, #5831, .T. ) ;
#5211 = EDGE_CURVE ( 'NONE', #1530, #2652, #5922, .T. ) ;
#5212 = ORIENTED_EDGE ( 'NONE', *, *, #3647, .T. ) ;
#5213 = CARTESIAN_POINT ( 'NONE',  ( 5.200000000000002842, -4.336808689942014778E-16, -2.250000000000000000 ) ) ;
#5214 = CARTESIAN_POINT ( 'NONE',  ( 0.8000000000000003775, 0.2000000000000000111, 2.250000000000000000 ) ) ;
#5215 = LINE ( 'NONE', #5679, #6529 ) ;
#5216 = CARTESIAN_POINT ( 'NONE',  ( 9.750000000000000000, -3.399999999999999911, 0.8000000000000000444 ) ) ;
#5217 = EDGE_LOOP ( 'NONE', ( #5556, #3684, #1619, #5228 ) ) ;
#5218 = VECTOR ( 'NONE', #4965, 1000.000000000000000 ) ;
#5219 = LINE ( 'NONE', #1192, #5166 ) ;
#5220 = ORIENTED_EDGE ( 'NONE', *, *, #4268, .T. ) ;
#5221 = EDGE_CURVE ( 'NONE', #4166, #5573, #3306, .T. ) ;
#5222 = DIRECTION ( 'NONE',  ( 0.000000000000000000, -1.000000000000000000, -2.478176394252580155E-16 ) ) ;
#5223 = EDGE_LOOP ( 'NONE', ( #3900, #2999, #999, #2156 ) ) ;
#5224 = DIRECTION ( 'NONE',  ( 3.504579431022969726E-32, 1.000000000000000000, 2.478176394252580155E-16 ) ) ;
#5225 = ORIENTED_EDGE ( 'NONE', *, *, #4172, .T. ) ;
#5226 = LINE ( 'NONE', #1166, #274 ) ;
#5227 = LINE ( 'NONE', #3666, #1030 ) ;
#5228 = ORIENTED_EDGE ( 'NONE', *, *, #4637, .F. ) ;
#5229 = FACE_OUTER_BOUND ( 'NONE', #1123, .T. ) ;
#5230 = STYLED_ITEM ( 'NONE', ( #3879 ), #832 ) ;
#5231 = EDGE_CURVE ( 'NONE', #2133, #743, #1503, .T. ) ;
#5232 = FACE_OUTER_BOUND ( 'NONE', #5988, .T. ) ;
#5233 = LINE ( 'NONE', #601, #260 ) ;
#5234 = EDGE_LOOP ( 'NONE', ( #4057, #4413, #759, #4682 ) ) ;
#5235 = CARTESIAN_POINT ( 'NONE',  ( 15.54999999999999893, 6.000000000000000000, -2.100000000000000089 ) ) ;
#5236 = DIRECTION ( 'NONE',  ( -1.000000000000000000, 0.000000000000000000, 6.982962677686266711E-15 ) ) ;
#5237 = AXIS2_PLACEMENT_3D ( 'NONE', #856, #329, #4367 ) ;
#5238 = ADVANCED_FACE ( 'NONE', ( #4597 ), #995, .F. ) ;
#5239 = ORIENTED_EDGE ( 'NONE', *, *, #5983, .T. ) ;
#5240 = DIRECTION ( 'NONE',  ( 0.000000000000000000, -1.000000000000000000, -3.318687873851555372E-16 ) ) ;
#5241 = EDGE_CURVE ( 'NONE', #4440, #325, #386, .T. ) ;
#5242 = DIRECTION ( 'NONE',  ( -2.168404344971010101E-16, 0.000000000000000000, 1.000000000000000000 ) ) ;
#5243 = EDGE_LOOP ( 'NONE', ( #4013, #6022, #3576, #3007 ) ) ;
#5244 = VERTEX_POINT ( 'NONE', #434 ) ;
#5245 = DIRECTION ( 'NONE',  ( -1.000000000000000000, 0.000000000000000000, 0.000000000000000000 ) ) ;
#5246 = VERTEX_POINT ( 'NONE', #6527 ) ;
#5247 = FACE_OUTER_BOUND ( 'NONE', #3624, .T. ) ;
#5248 = LINE ( 'NONE', #6174, #2056 ) ;
#5249 = CARTESIAN_POINT ( 'NONE',  ( 0.8000000000000003775, -4.336808689942014778E-16, -2.250000000000000000 ) ) ;
#5250 = EDGE_CURVE ( 'NONE', #3239, #5380, #2566, .T. ) ;
#5251 = LINE ( 'NONE', #914, #2395 ) ;
#5252 = VECTOR ( 'NONE', #4221, 1000.000000000000000 ) ;
#5253 = ORIENTED_EDGE ( 'NONE', *, *, #5419, .F. ) ;
#5254 = CARTESIAN_POINT ( 'NONE',  ( 14.24999999999999822, 1.750000000000000000, 0.2999999999999999889 ) ) ;
#5255 = VECTOR ( 'NONE', #6006, 1000.000000000000000 ) ;
#5256 = ORIENTED_EDGE ( 'NONE', *, *, #755, .F. ) ;
#5257 = VECTOR ( 'NONE', #2603, 1000.000000000000000 ) ;
#5258 = DIRECTION ( 'NONE',  ( 0.000000000000000000, 0.000000000000000000, 1.000000000000000000 ) ) ;
#5259 = DIRECTION ( 'NONE',  ( 0.000000000000000000, 4.336808689942020201E-16, -1.000000000000000000 ) ) ;
#5260 = VERTEX_POINT ( 'NONE', #2470 ) ;
#5261 = CARTESIAN_POINT ( 'NONE',  ( 15.94999999999999929, 0.8299999999999999600, 1.850000000000000089 ) ) ;
#5262 = CARTESIAN_POINT ( 'NONE',  ( 14.24999999999999822, 6.000000000000000000, 2.149999999999999911 ) ) ;
#5263 = AXIS2_PLACEMENT_3D ( 'NONE', #2046, #4612, #4084 ) ;
#5264 = VERTEX_POINT ( 'NONE', #5559 ) ;
#5265 = DIRECTION ( 'NONE',  ( 1.000000000000000000, 0.000000000000000000, 0.000000000000000000 ) ) ;
#5266 = DIRECTION ( 'NONE',  ( 1.000000000000000000, 0.000000000000000000, 0.000000000000000000 ) ) ;
#5267 = VECTOR ( 'NONE', #3042, 1000.000000000000000 ) ;
#5268 = PLANE ( 'NONE',  #3238 ) ;
#5269 = VERTEX_POINT ( 'NONE', #5459 ) ;
#5270 = PLANE ( 'NONE',  #2717 ) ;
#5271 = FILL_AREA_STYLE ('',( #739 ) ) ;
#5272 = EDGE_CURVE ( 'NONE', #4232, #4868, #5061, .T. ) ;
#5273 = VECTOR ( 'NONE', #3034, 1000.000000000000000 ) ;
#5274 = ORIENTED_EDGE ( 'NONE', *, *, #2429, .T. ) ;
#5275 = CARTESIAN_POINT ( 'NONE',  ( 6.250000000000001776, -3.399999999999999911, 0.8000000000000000444 ) ) ;
#5276 = DIRECTION ( 'NONE',  ( 0.000000000000000000, -1.000000000000000000, 0.000000000000000000 ) ) ;
#5277 = ORIENTED_EDGE ( 'NONE', *, *, #6411, .F. ) ;
#5278 = VECTOR ( 'NONE', #2558, 1000.000000000000000 ) ;
#5279 = ORIENTED_EDGE ( 'NONE', *, *, #6476, .T. ) ;
#5280 = DIRECTION ( 'NONE',  ( 0.000000000000000000, 0.4472135954999612029, -0.8944271909999143011 ) ) ;
#5281 = VERTEX_POINT ( 'NONE', #402 ) ;
#5282 = DIRECTION ( 'NONE',  ( 0.000000000000000000, 0.000000000000000000, -1.000000000000000000 ) ) ;
#5283 = FACE_OUTER_BOUND ( 'NONE', #1896, .T. ) ;
#5284 = DIRECTION ( 'NONE',  ( 3.504579431022969726E-32, 1.000000000000000000, 2.478176394252580155E-16 ) ) ;
#5285 = LINE ( 'NONE', #5442, #3567 ) ;
#5286 = ORIENTED_EDGE ( 'NONE', *, *, #2387, .F. ) ;
#5287 = FACE_OUTER_BOUND ( 'NONE', #1591, .T. ) ;
#5288 = VECTOR ( 'NONE', #2091, 1000.000000000000000 ) ;
#5289 = EDGE_CURVE ( 'NONE', #281, #4260, #4007, .T. ) ;
#5290 = ORIENTED_EDGE ( 'NONE', *, *, #3237, .F. ) ;
#5291 = CARTESIAN_POINT ( 'NONE',  ( 15.94999999999999929, 0.8299999999999999600, 1.850000000000000089 ) ) ;
#5292 = PLANE ( 'NONE',  #5453 ) ;
#5293 = EDGE_CURVE ( 'NONE', #5887, #707, #1473, .T. ) ;
#5294 = ORIENTED_EDGE ( 'NONE', *, *, #5037, .T. ) ;
#5295 = DIRECTION ( 'NONE',  ( 0.000000000000000000, 1.927470528863119788E-16, -1.000000000000000000 ) ) ;
#5296 = EDGE_LOOP ( 'NONE', ( #108, #2384, #2116, #5308 ) ) ;
#5297 = CARTESIAN_POINT ( 'NONE',  ( 5.750000000000003553, -3.399999999999999911, 0.2999999999999999889 ) ) ;
#5298 = EDGE_CURVE ( 'NONE', #6066, #1285, #4495, .T. ) ;
#5299 = EDGE_CURVE ( 'NONE', #6477, #4310, #1966, .T. ) ;
#5300 = ORIENTED_EDGE ( 'NONE', *, *, #4767, .T. ) ;
#5301 = CARTESIAN_POINT ( 'NONE',  ( -3.750000000000000000, -3.399999999999999911, 0.2999999999999999889 ) ) ;
#5302 = DIRECTION ( 'NONE',  ( 0.000000000000000000, 0.000000000000000000, 1.000000000000000000 ) ) ;
#5303 = DIRECTION ( 'NONE',  ( -1.000000000000000000, 0.000000000000000000, 0.000000000000000000 ) ) ;
#5304 = MANIFOLD_SOLID_BREP ( 'NONE', #4230 ) ;
#5305 = ORIENTED_EDGE ( 'NONE', *, *, #4242, .F. ) ;
#5306 = DIRECTION ( 'NONE',  ( 0.000000000000000000, 0.000000000000000000, 1.000000000000000000 ) ) ;
#5307 = EDGE_CURVE ( 'NONE', #5905, #3432, #2004, .T. ) ;
#5308 = ORIENTED_EDGE ( 'NONE', *, *, #5395, .F. ) ;
#5309 = DIRECTION ( 'NONE',  ( -1.000000000000000000, 3.504579431022969726E-32, 1.519869053105245017E-47 ) ) ;
#5310 = EDGE_CURVE ( 'NONE', #178, #992, #5990, .T. ) ;
#5311 = CARTESIAN_POINT ( 'NONE',  ( 14.24999999999999822, 4.250000000000000000, -2.623757129271619970 ) ) ;
#5312 = ORIENTED_EDGE ( 'NONE', *, *, #6363, .T. ) ;
#5313 = VECTOR ( 'NONE', #1373, 1000.000000000000000 ) ;
#5314 = EDGE_LOOP ( 'NONE', ( #4027, #6047, #729, #3847 ) ) ;
#5315 = CARTESIAN_POINT ( 'NONE',  ( 11.20000000000000107, 0.2000000000000000111, -2.250000000000000000 ) ) ;
#5316 = VECTOR ( 'NONE', #3107, 1000.000000000000000 ) ;
#5317 = VERTEX_POINT ( 'NONE', #1438 ) ;
#5318 = CARTESIAN_POINT ( 'NONE',  ( -15.94999999999999929, 6.000000000000000000, 2.250000000000000000 ) ) ;
#5319 = ADVANCED_FACE ( 'NONE', ( #4569 ), #6578, .F. ) ;
#5320 = DIRECTION ( 'NONE',  ( 0.000000000000000000, 0.000000000000000000, 1.000000000000000000 ) ) ;
#5321 = LINE ( 'NONE', #720, #5141 ) ;
#5322 = EDGE_CURVE ( 'NONE', #4972, #3278, #5719, .T. ) ;
#5323 = ORIENTED_EDGE ( 'NONE', *, *, #5670, .T. ) ;
#5324 = DIRECTION ( 'NONE',  ( 0.000000000000000000, 1.000000000000000000, 0.000000000000000000 ) ) ;
#5325 = ORIENTED_EDGE ( 'NONE', *, *, #1751, .T. ) ;
#5326 = EDGE_CURVE ( 'NONE', #5189, #3358, #2124, .T. ) ;
#5327 = EDGE_CURVE ( 'NONE', #4418, #6114, #4627, .T. ) ;
#5328 = LINE ( 'NONE', #263, #2901 ) ;
#5329 = ORIENTED_EDGE ( 'NONE', *, *, #731, .T. ) ;
#5330 = DIRECTION ( 'NONE',  ( 0.000000000000000000, 0.000000000000000000, 1.000000000000000000 ) ) ;
#5331 = ORIENTED_EDGE ( 'NONE', *, *, #2445, .F. ) ;
#5332 = DIRECTION ( 'NONE',  ( 3.504579431022969726E-32, 1.000000000000000000, 2.478176394252580155E-16 ) ) ;
#5333 = EDGE_CURVE ( 'NONE', #2877, #1807, #1158, .T. ) ;
#5334 = CARTESIAN_POINT ( 'NONE',  ( 12.25000000000000000, -3.399999999999999911, 0.8000000000000000444 ) ) ;
#5335 = DIRECTION ( 'NONE',  ( 3.504579431022969726E-32, 1.000000000000000000, 2.478176394252580155E-16 ) ) ;
#5336 = DIRECTION ( 'NONE',  ( -0.000000000000000000, 1.000000000000000000, 0.000000000000000000 ) ) ;
#5337 = CARTESIAN_POINT ( 'NONE',  ( -5.250000000000000000, -2.413303706558679984, 0.2995613950341309839 ) ) ;
#5338 = ADVANCED_FACE ( 'NONE', ( #687 ), #5749, .F. ) ;
#5339 = ORIENTED_EDGE ( 'NONE', *, *, #5516, .T. ) ;
#5340 = DIRECTION ( 'NONE',  ( 0.000000000000000000, -1.000000000000000000, -2.478176394252580155E-16 ) ) ;
#5341 = ORIENTED_EDGE ( 'NONE', *, *, #2102, .T. ) ;
#5342 = PLANE ( 'NONE',  #4602 ) ;
#5343 = LINE ( 'NONE', #4352, #3127 ) ;
#5344 = ORIENTED_EDGE ( 'NONE', *, *, #2524, .F. ) ;
#5345 = CARTESIAN_POINT ( 'NONE',  ( 13.74999999999999822, 0.2000000000000000111, -2.250000000000000000 ) ) ;
#5346 = ORIENTED_EDGE ( 'NONE', *, *, #492, .F. ) ;
#5347 = AXIS2_PLACEMENT_3D ( 'NONE', #663, #599, #5265 ) ;
#5348 = DIRECTION ( 'NONE',  ( 1.519869053105245017E-47, 0.000000000000000000, 1.000000000000000000 ) ) ;
#5349 = ORIENTED_EDGE ( 'NONE', *, *, #2735, .F. ) ;
#5350 = APPLICATION_CONTEXT ( 'automotive_design' ) ;
#5351 = LINE ( 'NONE', #5213, #3954 ) ;
#5352 = AXIS2_PLACEMENT_3D ( 'NONE', #5752, #5787, #2636 ) ;
#5353 = CARTESIAN_POINT ( 'NONE',  ( -2.049999999999999822, -4.336808689942014778E-16, 2.250000000000000000 ) ) ;
#5354 = FACE_BOUND ( 'NONE', #1472, .T. ) ;
#5355 = ORIENTED_EDGE ( 'NONE', *, *, #1742, .T. ) ;
#5356 = CARTESIAN_POINT ( 'NONE',  ( 3.200000000000001510, 0.2000000000000000111, 0.8000000000000000444 ) ) ;
#5357 = EDGE_CURVE ( 'NONE', #1847, #3105, #3194, .T. ) ;
#5358 = ORIENTED_EDGE ( 'NONE', *, *, #2481, .F. ) ;
#5359 = PRODUCT ( 'B15B-PH-K-S', 'B15B-PH-K-S', '', ( #769 ) ) ;
#5360 = DIRECTION ( 'NONE',  ( -0.000000000000000000, 1.000000000000000000, 0.000000000000000000 ) ) ;
#5361 = EDGE_LOOP ( 'NONE', ( #4174, #2048, #1983, #1685 ) ) ;
#5362 = CARTESIAN_POINT ( 'NONE',  ( 7.750000000000001776, 1.750000000000000000, 0.2999999999999999889 ) ) ;
#5363 = VECTOR ( 'NONE', #4382, 1000.000000000000000 ) ;
#5364 = ORIENTED_EDGE ( 'NONE', *, *, #5272, .F. ) ;
#5365 = FACE_BOUND ( 'NONE', #3523, .T. ) ;
#5366 = VECTOR ( 'NONE', #5379, 1000.000000000000000 ) ;
#5367 = ORIENTED_EDGE ( 'NONE', *, *, #6268, .F. ) ;
#5368 = CARTESIAN_POINT ( 'NONE',  ( -3.750000000000000000, 1.750000000000000000, 0.8000000000000000444 ) ) ;
#5369 = CARTESIAN_POINT ( 'NONE',  ( -1.199999999999999734, 0.2000000000000000111, -2.250000000000000000 ) ) ;
#5370 = DIRECTION ( 'NONE',  ( 0.000000000000000000, -1.000000000000000000, -3.872150616019655382E-16 ) ) ;
#5371 = ORIENTED_EDGE ( 'NONE', *, *, #731, .F. ) ;
#5372 = CARTESIAN_POINT ( 'NONE',  ( 1.950000000000000400, -4.336808689942014778E-16, 2.250000000000000000 ) ) ;
#5373 = VECTOR ( 'NONE', #1027, 1000.000000000000000 ) ;
#5374 = DIRECTION ( 'NONE',  ( -1.000000000000000000, 0.000000000000000000, 6.982962677686266711E-15 ) ) ;
#5375 = EDGE_CURVE ( 'NONE', #429, #5742, #64, .T. ) ;
#5376 = ORIENTED_EDGE ( 'NONE', *, *, #374, .T. ) ;
#5377 = VECTOR ( 'NONE', #3081, 1000.000000000000000 ) ;
#5378 = DIRECTION ( 'NONE',  ( 0.000000000000000000, -1.000000000000000000, 0.000000000000000000 ) ) ;
#5379 = DIRECTION ( 'NONE',  ( -1.000000000000000000, 0.000000000000000000, 0.000000000000000000 ) ) ;
#5380 = VERTEX_POINT ( 'NONE', #4226 ) ;
#5381 = CARTESIAN_POINT ( 'NONE',  ( 3.750000000000001776, 0.2000000000000000111, 0.8000000000000000444 ) ) ;
#5382 = DIRECTION ( 'NONE',  ( 2.037633561849359791E-16, 0.3420201433256665480, 0.9396926207859092051 ) ) ;
#5383 = VECTOR ( 'NONE', #4441, 1000.000000000000000 ) ;
#5384 = EDGE_CURVE ( 'NONE', #2030, #1401, #650, .T. ) ;
#5385 = VERTEX_POINT ( 'NONE', #4128 ) ;
#5386 = CARTESIAN_POINT ( 'NONE',  ( -8.249999999999998224, -3.399999999999999911, 0.2999999999999999889 ) ) ;
#5387 = VECTOR ( 'NONE', #225, 1000.000000000000000 ) ;
#5388 = LINE ( 'NONE', #3296, #6211 ) ;
#5389 = DIRECTION ( 'NONE',  ( -2.168404344971010101E-16, 0.000000000000000000, 1.000000000000000000 ) ) ;
#5390 = EDGE_LOOP ( 'NONE', ( #618, #4891, #6385, #6055 ) ) ;
#5391 = DIRECTION ( 'NONE',  ( 0.000000000000000000, 0.000000000000000000, 1.000000000000000000 ) ) ;
#5392 = VECTOR ( 'NONE', #3522, 1000.000000000000000 ) ;
#5393 = ORIENTED_EDGE ( 'NONE', *, *, #5516, .F. ) ;
#5394 = DIRECTION ( 'NONE',  ( 1.000000000000000000, 0.000000000000000000, 0.000000000000000000 ) ) ;
#5395 = EDGE_CURVE ( 'NONE', #5905, #2972, #5219, .T. ) ;
#5396 = VERTEX_POINT ( 'NONE', #196 ) ;
#5397 = STYLED_ITEM ( 'NONE', ( #1074 ), #5175 ) ;
#5398 = DIRECTION ( 'NONE',  ( 1.000000000000000000, 0.000000000000000000, 0.000000000000000000 ) ) ;
#5399 = ORIENTED_EDGE ( 'NONE', *, *, #6308, .F. ) ;
#5400 = FACE_OUTER_BOUND ( 'NONE', #4827, .T. ) ;
#5401 = CARTESIAN_POINT ( 'NONE',  ( -2.799999999999998490, 0.2000000000000000111, -2.250000000000000000 ) ) ;
#5402 = DIRECTION ( 'NONE',  ( 0.000000000000000000, 0.000000000000000000, 1.000000000000000000 ) ) ;
#5403 = DIRECTION ( 'NONE',  ( -1.084202172485503818E-16, 1.000000000000000000, 0.000000000000000000 ) ) ;
#5404 = LINE ( 'NONE', #4970, #1646 ) ;
#5405 = ADVANCED_FACE ( 'NONE', ( #3125 ), #3229, .F. ) ;
#5406 = ORIENTED_EDGE ( 'NONE', *, *, #6487, .T. ) ;
#5407 = DIRECTION ( 'NONE',  ( 0.000000000000000000, 0.000000000000000000, 1.000000000000000000 ) ) ;
#5408 = VERTEX_POINT ( 'NONE', #2664 ) ;
#5409 = ADVANCED_FACE ( 'NONE', ( #3692 ), #3724, .F. ) ;
#5410 = CARTESIAN_POINT ( 'NONE',  ( 1.200000000000001510, 0.2000000000000000111, -2.250000000000000000 ) ) ;
#5411 = ORIENTED_EDGE ( 'NONE', *, *, #6473, .F. ) ;
#5412 = CARTESIAN_POINT ( 'NONE',  ( 14.72499999999999787, 6.000000000000000000, 2.149999999999999911 ) ) ;
#5413 = PLANE ( 'NONE',  #6354 ) ;
#5414 = LINE ( 'NONE', #5972, #4964 ) ;
#5415 = EDGE_CURVE ( 'NONE', #867, #4857, #6222, .T. ) ;
#5416 = EDGE_LOOP ( 'NONE', ( #4043, #3693, #3243, #6380 ) ) ;
#5417 = DIRECTION ( 'NONE',  ( 3.504579431022969726E-32, 1.000000000000000000, 2.478176394252580155E-16 ) ) ;
#5418 = DIRECTION ( 'NONE',  ( 0.000000000000000000, 1.000000000000000000, 0.000000000000000000 ) ) ;
#5419 = EDGE_CURVE ( 'NONE', #2888, #4200, #5190, .T. ) ;
#5420 = ORIENTED_EDGE ( 'NONE', *, *, #3165, .F. ) ;
#5421 = FACE_BOUND ( 'NONE', #4545, .T. ) ;
#5422 = VERTEX_POINT ( 'NONE', #5254 ) ;
#5423 = DIRECTION ( 'NONE',  ( 0.000000000000000000, 1.000000000000000000, 0.000000000000000000 ) ) ;
#5424 = ORIENTED_EDGE ( 'NONE', *, *, #423, .F. ) ;
#5425 = DIRECTION ( 'NONE',  ( 0.000000000000000000, -4.336808689942020201E-16, 1.000000000000000000 ) ) ;
#5426 = ORIENTED_EDGE ( 'NONE', *, *, #1388, .F. ) ;
#5427 = CARTESIAN_POINT ( 'NONE',  ( -15.29999999999999893, 1.750000000000000000, -1.850000000000000089 ) ) ;
#5428 = CARTESIAN_POINT ( 'NONE',  ( -10.05000000000000071, 4.336808689942014778E-16, -2.250000000000000000 ) ) ;
#5429 = FACE_OUTER_BOUND ( 'NONE', #3324, .T. ) ;
#5430 = LINE ( 'NONE', #2908, #3934 ) ;
#5431 = FACE_OUTER_BOUND ( 'NONE', #315, .T. ) ;
#5432 = ORIENTED_EDGE ( 'NONE', *, *, #2257, .F. ) ;
#5433 = FACE_OUTER_BOUND ( 'NONE', #4170, .T. ) ;
#5434 = CARTESIAN_POINT ( 'NONE',  ( -14.99999999999999467, -2.168404344970917409E-16, 1.099999999999947464 ) ) ;
#5435 =( REPRESENTATION_RELATIONSHIP ('NONE','NONE', #6187, #2070 ) REPRESENTATION_RELATIONSHIP_WITH_TRANSFORMATION ( #4076 )SHAPE_REPRESENTATION_RELATIONSHIP( ) );
#5436 = EDGE_CURVE ( 'NONE', #3358, #2955, #3163, .T. ) ;
#5437 = ORIENTED_EDGE ( 'NONE', *, *, #1742, .F. ) ;
#5438 = ADVANCED_FACE ( 'NONE', ( #1626 ), #5651, .F. ) ;
#5439 = CARTESIAN_POINT ( 'NONE',  ( -2.799999999999998490, 0.2000000000000000111, 2.250000000000000000 ) ) ;
#5440 = DIRECTION ( 'NONE',  ( 3.504579431022969726E-32, 1.000000000000000000, 2.478176394252580155E-16 ) ) ;
#5441 = ORIENTED_EDGE ( 'NONE', *, *, #4061, .T. ) ;
#5442 = CARTESIAN_POINT ( 'NONE',  ( 11.20000000000000107, 0.2000000000000000111, 2.250000000000000000 ) ) ;
#5443 = LINE ( 'NONE', #320, #926 ) ;
#5444 = LINE ( 'NONE', #3019, #5392 ) ;
#5445 = EDGE_CURVE ( 'NONE', #2247, #429, #1124, .T. ) ;
#5446 = ORIENTED_EDGE ( 'NONE', *, *, #5822, .F. ) ;
#5447 = LINE ( 'NONE', #5483, #4064 ) ;
#5448 = PLANE ( 'NONE',  #1448 ) ;
#5449 = AXIS2_PLACEMENT_3D ( 'NONE', #1484, #5570, #1066 ) ;
#5450 = ORIENTED_EDGE ( 'NONE', *, *, #5638, .T. ) ;
#5451 = CARTESIAN_POINT ( 'NONE',  ( 15.29999999999999893, 5.750000000000000000, 0.8800000000000000044 ) ) ;
#5452 = ORIENTED_EDGE ( 'NONE', *, *, #3771, .T. ) ;
#5453 = AXIS2_PLACEMENT_3D ( 'NONE', #2162, #2097, #1699 ) ;
#5454 = EDGE_CURVE ( 'NONE', #2972, #281, #163, .T. ) ;
#5455 = DIRECTION ( 'NONE',  ( 1.000000000000000000, 0.000000000000000000, 0.000000000000000000 ) ) ;
#5456 = VERTEX_POINT ( 'NONE', #1260 ) ;
#5457 = FACE_BOUND ( 'NONE', #1790, .T. ) ;
#5458 = EDGE_LOOP ( 'NONE', ( #4135, #4734, #4444, #2856 ) ) ;
#5459 = CARTESIAN_POINT ( 'NONE',  ( -6.249999999999998224, 0.2000000000000000111, 0.2999999999999999889 ) ) ;
#5460 = ADVANCED_FACE ( 'NONE', ( #1798 ), #4364, .F. ) ;
#5461 = EDGE_CURVE ( 'NONE', #3215, #1674, #4784, .T. ) ;
#5462 = DIRECTION ( 'NONE',  ( 0.000000000000000000, 1.000000000000000000, 0.000000000000000000 ) ) ;
#5463 = VECTOR ( 'NONE', #4739, 999.9999999999998863 ) ;
#5464 = LINE ( 'NONE', #2943, #350 ) ;
#5465 = PLANE ( 'NONE',  #6032 ) ;
#5466 = LINE ( 'NONE', #5862, #971 ) ;
#5467 = CARTESIAN_POINT ( 'NONE',  ( 14.24999999999999822, 6.000000000000000000, 2.149999999999999911 ) ) ;
#5468 = ORIENTED_EDGE ( 'NONE', *, *, #2617, .T. ) ;
#5469 = LINE ( 'NONE', #2949, #2616 ) ;
#5470 = VECTOR ( 'NONE', #1547, 1000.000000000000000 ) ;
#5471 = EDGE_LOOP ( 'NONE', ( #786, #355, #1459, #5558 ) ) ;
#5472 = DIRECTION ( 'NONE',  ( 3.504579431022969726E-32, 1.000000000000000000, 2.478176394252580155E-16 ) ) ;
#5473 = AXIS2_PLACEMENT_3D ( 'NONE', #2803, #4264, #1834 ) ;
#5474 = LINE ( 'NONE', #812, #2385 ) ;
#5475 = VERTEX_POINT ( 'NONE', #6322 ) ;
#5476 = DIRECTION ( 'NONE',  ( 0.000000000000000000, -1.000000000000000000, 0.000000000000000000 ) ) ;
#5477 = EDGE_CURVE ( 'NONE', #2859, #1674, #1458, .T. ) ;
#5478 = LINE ( 'NONE', #3355, #2205 ) ;
#5479 = CARTESIAN_POINT ( 'NONE',  ( -5.250000000000000000, -3.100000000000000089, 0.2999999999999999889 ) ) ;
#5480 = VECTOR ( 'NONE', #2628, 1000.000000000000000 ) ;
#5481 = AXIS2_PLACEMENT_3D ( 'NONE', #3854, #3923, #4851 ) ;
#5482 = VERTEX_POINT ( 'NONE', #1328 ) ;
#5483 = CARTESIAN_POINT ( 'NONE',  ( 2.800000000000000266, 0.2000000000000000111, -2.250000000000000000 ) ) ;
#5484 = LINE ( 'NONE', #1326, #6333 ) ;
#5485 = AXIS2_PLACEMENT_3D ( 'NONE', #278, #3412, #3345 ) ;
#5486 = ORIENTED_EDGE ( 'NONE', *, *, #4800, .T. ) ;
#5487 = CARTESIAN_POINT ( 'NONE',  ( 7.200000000000001954, -4.336808689942014778E-16, -2.250000000000000000 ) ) ;
#5488 = ORIENTED_EDGE ( 'NONE', *, *, #4348, .F. ) ;
#5489 = DIRECTION ( 'NONE',  ( 0.000000000000000000, -1.000000000000000000, 0.000000000000000000 ) ) ;
#5490 = VERTEX_POINT ( 'NONE', #1230 ) ;
#5491 = CARTESIAN_POINT ( 'NONE',  ( 12.80000000000000071, 0.2000000000000000111, -2.250000000000000000 ) ) ;
#5492 = VERTEX_POINT ( 'NONE', #4853 ) ;
#5493 = DIRECTION ( 'NONE',  ( 0.000000000000000000, -1.577021341797157760E-15, 1.000000000000000000 ) ) ;
#5494 = VECTOR ( 'NONE', #187, 1000.000000000000000 ) ;
#5495 = EDGE_CURVE ( 'NONE', #5807, #5950, #299, .T. ) ;
#5496 = DIRECTION ( 'NONE',  ( -1.000000000000000000, 0.000000000000000000, 0.000000000000000000 ) ) ;
#5497 = VECTOR ( 'NONE', #2438, 1000.000000000000000 ) ;
#5498 = DIRECTION ( 'NONE',  ( 0.000000000000000000, -0.9912279006826346661, 0.1321637200910179555 ) ) ;
#5499 = CARTESIAN_POINT ( 'NONE',  ( 7.750000000000001776, -3.399999999999999911, 0.2999999999999999889 ) ) ;
#5500 = DIRECTION ( 'NONE',  ( 1.000000000000000000, 0.000000000000000000, 0.000000000000000000 ) ) ;
#5501 = ORIENTED_EDGE ( 'NONE', *, *, #4473, .F. ) ;
#5502 = DIRECTION ( 'NONE',  ( 0.000000000000000000, 0.000000000000000000, -1.000000000000000000 ) ) ;
#5503 = EDGE_CURVE ( 'NONE', #6461, #4754, #3365, .T. ) ;
#5504 = EDGE_CURVE ( 'NONE', #5482, #3512, #4816, .T. ) ;
#5505 = ITEM_DEFINED_TRANSFORMATION ( 'NONE', 'NONE', #3495,  #819 ) ;
#5506 = AXIS2_PLACEMENT_3D ( 'NONE', #3811, #4347, #6375 ) ;
#5507 = VERTEX_POINT ( 'NONE', #1764 ) ;
#5508 = LINE ( 'NONE', #1351, #1730 ) ;
#5509 = DIRECTION ( 'NONE',  ( -1.000000000000000000, 0.000000000000000000, 0.000000000000000000 ) ) ;
#5510 = CARTESIAN_POINT ( 'NONE',  ( -15.54999999999999893, 6.000000000000000000, -2.100000000000000089 ) ) ;
#5511 = ORIENTED_EDGE ( 'NONE', *, *, #6444, .F. ) ;
#5512 = DIRECTION ( 'NONE',  ( 1.000000000000000000, 0.000000000000000000, 0.000000000000000000 ) ) ;
#5513 = DIRECTION ( 'NONE',  ( 0.000000000000000000, 1.927470528863119788E-16, -1.000000000000000000 ) ) ;
#5514 = DIRECTION ( 'NONE',  ( -1.000000000000000000, 0.000000000000000000, 0.000000000000000000 ) ) ;
#5515 = ORIENTED_EDGE ( 'NONE', *, *, #5680, .F. ) ;
#5516 = EDGE_CURVE ( 'NONE', #655, #37, #3331, .T. ) ;
#5517 = FACE_OUTER_BOUND ( 'NONE', #6173, .T. ) ;
#5518 = CARTESIAN_POINT ( 'NONE',  ( -10.05000000000000071, -4.336808689942014778E-16, 2.250000000000000000 ) ) ;
#5519 = SHAPE_REPRESENTATION ( 'body_15', ( #819 ), #498 ) ;
#5520 = ORIENTED_EDGE ( 'NONE', *, *, #5721, .F. ) ;
#5521 = FACE_OUTER_BOUND ( 'NONE', #4449, .T. ) ;
#5522 = ORIENTED_EDGE ( 'NONE', *, *, #560, .T. ) ;
#5523 = EDGE_CURVE ( 'NONE', #4754, #2415, #2326, .T. ) ;
#5524 = EDGE_CURVE ( 'NONE', #1236, #5569, #1829, .T. ) ;
#5525 = DIRECTION ( 'NONE',  ( 0.000000000000000000, -1.000000000000000000, 0.000000000000000000 ) ) ;
#5526 = ORIENTED_EDGE ( 'NONE', *, *, #1919, .T. ) ;
#5527 = CARTESIAN_POINT ( 'NONE',  ( -13.19999999999999929, 0.2000000000000000111, 2.250000000000000000 ) ) ;
#5528 = ORIENTED_EDGE ( 'NONE', *, *, #2265, .F. ) ;
#5529 = CARTESIAN_POINT ( 'NONE',  ( 8.800000000000000711, 0.2000000000000000111, -2.250000000000000000 ) ) ;
#5530 = EDGE_CURVE ( 'NONE', #4297, #2972, #825, .T. ) ;
#5531 = DIRECTION ( 'NONE',  ( -1.000000000000000000, -2.710505431213760099E-16, 0.000000000000000000 ) ) ;
#5532 = CARTESIAN_POINT ( 'NONE',  ( -6.249999999999998224, 1.750000000000000000, 0.8000000000000000444 ) ) ;
#5533 = DIRECTION ( 'NONE',  ( -1.355252715606880049E-16, 1.000000000000000000, 0.000000000000000000 ) ) ;
#5534 = ORIENTED_EDGE ( 'NONE', *, *, #1866, .T. ) ;
#5535 = CARTESIAN_POINT ( 'NONE',  ( -4.750000000000000000, -2.419911892563235245, 0.2999999999999999889 ) ) ;
#5536 = EDGE_LOOP ( 'NONE', ( #918, #2589, #339, #4657 ) ) ;
#5537 = CARTESIAN_POINT ( 'NONE',  ( -4.750000000000000000, -0.4515402865250509601, 0.2947213595499769689 ) ) ;
#5538 = EDGE_CURVE ( 'NONE', #4331, #302, #3758, .T. ) ;
#5539 = CARTESIAN_POINT ( 'NONE',  ( 13.22499999999999964, 6.000000000000000000, -2.623757129271619970 ) ) ;
#5540 = LINE ( 'NONE', #4580, #4619 ) ;
#5541 = ORIENTED_EDGE ( 'NONE', *, *, #4276, .F. ) ;
#5542 = VECTOR ( 'NONE', #1722, 1000.000000000000000 ) ;
#5543 = LINE ( 'NONE', #5042, #5056 ) ;
#5544 = FILL_AREA_STYLE ('',( #2047 ) ) ;
#5545 = FACE_OUTER_BOUND ( 'NONE', #6362, .T. ) ;
#5546 = ORIENTED_EDGE ( 'NONE', *, *, #4644, .T. ) ;
#5547 = VECTOR ( 'NONE', #4656, 1000.000000000000000 ) ;
#5548 = CARTESIAN_POINT ( 'NONE',  ( -4.750000000000000000, 4.700000000000000178, 0.2999999999999999889 ) ) ;
#5549 = DIRECTION ( 'NONE',  ( 0.000000000000000000, 1.000000000000000000, 1.927470528863119788E-16 ) ) ;
#5550 = ORIENTED_EDGE ( 'NONE', *, *, #890, .F. ) ;
#5551 = FACE_OUTER_BOUND ( 'NONE', #2211, .T. ) ;
#5552 = VECTOR ( 'NONE', #1809, 1000.000000000000000 ) ;
#5553 = ORIENTED_EDGE ( 'NONE', *, *, #164, .F. ) ;
#5554 = VECTOR ( 'NONE', #2013, 1000.000000000000000 ) ;
#5555 = CARTESIAN_POINT ( 'NONE',  ( -5.000000000000000000, -0.4291796067500634471, 0.2500000000000000000 ) ) ;
#5556 = ORIENTED_EDGE ( 'NONE', *, *, #3771, .F. ) ;
#5557 = CARTESIAN_POINT ( 'NONE',  ( 3.750000000000001776, 1.750000000000000000, 0.8000000000000000444 ) ) ;
#5558 = ORIENTED_EDGE ( 'NONE', *, *, #5211, .T. ) ;
#5559 = CARTESIAN_POINT ( 'NONE',  ( 14.24999999999999822, 6.000000000000000000, 2.250000000000000000 ) ) ;
#5560 = EDGE_CURVE ( 'NONE', #3411, #5732, #1364, .T. ) ;
#5561 = VECTOR ( 'NONE', #1903, 1000.000000000000000 ) ;
#5562 = DIRECTION ( 'NONE',  ( 0.000000000000000000, -0.9912279006826346661, 0.1321637200910179555 ) ) ;
#5563 = CARTESIAN_POINT ( 'NONE',  ( -11.75000000000000000, 1.750000000000000000, 0.2999999999999999889 ) ) ;
#5564 = VECTOR ( 'NONE', #681, 1000.000000000000000 ) ;
#5565 = FACE_OUTER_BOUND ( 'NONE', #3532, .T. ) ;
#5566 = ORIENTED_EDGE ( 'NONE', *, *, #164, .T. ) ;
#5567 = LINE ( 'NONE', #1540, #583 ) ;
#5568 = AXIS2_PLACEMENT_3D ( 'NONE', #1723, #1658, #1053 ) ;
#5569 = VERTEX_POINT ( 'NONE', #4884 ) ;
#5570 = DIRECTION ( 'NONE',  ( -1.000000000000000000, 0.000000000000000000, 0.000000000000000000 ) ) ;
#5571 = CARTESIAN_POINT ( 'NONE',  ( 11.20000000000000107, 0.2000000000000000111, 0.2999999999999999889 ) ) ;
#5572 = DIRECTION ( 'NONE',  ( 3.504579431022969726E-32, 1.000000000000000000, 2.478176394252580155E-16 ) ) ;
#5573 = VERTEX_POINT ( 'NONE', #3893 ) ;
#5574 = LINE ( 'NONE', #3520, #3891 ) ;
#5575 = VECTOR ( 'NONE', #6098, 1000.000000000000000 ) ;
#5576 = PLANE ( 'NONE',  #1135 ) ;
#5577 = LINE ( 'NONE', #5727, #706 ) ;
#5578 = EDGE_CURVE ( 'NONE', #1010, #3404, #3265, .T. ) ;
#5579 = VERTEX_POINT ( 'NONE', #2765 ) ;
#5580 = VECTOR ( 'NONE', #2163, 1000.000000000000000 ) ;
#5581 = CARTESIAN_POINT ( 'NONE',  ( -15.29999999999999893, 5.750000000000000000, 1.649999999999999911 ) ) ;
#5582 = CARTESIAN_POINT ( 'NONE',  ( 15.19999999999999751, 4.250000000000000000, -2.623757129271619970 ) ) ;
#5583 = ORIENTED_EDGE ( 'NONE', *, *, #48, .T. ) ;
#5584 = CARTESIAN_POINT ( 'NONE',  ( 14.24999999999999822, 1.750000000000000000, 8.900492683583219526E-16 ) ) ;
#5585 = EDGE_CURVE ( 'NONE', #6014, #1954, #326, .T. ) ;
#5586 = VECTOR ( 'NONE', #3675, 1000.000000000000000 ) ;
#5587 = ORIENTED_EDGE ( 'NONE', *, *, #690, .F. ) ;
#5588 = VECTOR ( 'NONE', #860, 1000.000000000000000 ) ;
#5589 = CARTESIAN_POINT ( 'NONE',  ( 10.69999999999999929, 5.750000000000000000, 1.649999999999999911 ) ) ;
#5590 = PLANE ( 'NONE',  #1008 ) ;
#5591 = ORIENTED_EDGE ( 'NONE', *, *, #2479, .F. ) ;
#5592 = DIRECTION ( 'NONE',  ( 1.000000000000000000, 0.000000000000000000, 0.000000000000000000 ) ) ;
#5593 = AXIS2_PLACEMENT_3D ( 'NONE', #6374, #1812, #5340 ) ;
#5594 = DIRECTION ( 'NONE',  ( 0.000000000000000000, 1.000000000000000000, 0.000000000000000000 ) ) ;
#5595 = EDGE_CURVE ( 'NONE', #5688, #844, #4329, .T. ) ;
#5596 = ADVANCED_FACE ( 'NONE', ( #5421, #5287 ), #1293, .F. ) ;
#5597 = LINE ( 'NONE', #5563, #5767 ) ;
#5598 = VECTOR ( 'NONE', #1695, 1000.000000000000000 ) ;
#5599 = CARTESIAN_POINT ( 'NONE',  ( 3.750000000000001776, -3.399999999999999911, 0.2999999999999999889 ) ) ;
#5600 = ORIENTED_EDGE ( 'NONE', *, *, #2500, .F. ) ;
#5601 = DIRECTION ( 'NONE',  ( 0.000000000000000000, 1.000000000000000000, 0.000000000000000000 ) ) ;
#5602 = AXIS2_PLACEMENT_3D ( 'NONE', #1687, #118, #520 ) ;
#5603 = ORIENTED_EDGE ( 'NONE', *, *, #4469, .F. ) ;
#5604 = CARTESIAN_POINT ( 'NONE',  ( 5.200000000000002842, 0.2000000000000000111, 2.250000000000000000 ) ) ;
#5605 = EDGE_CURVE ( 'NONE', #6239, #613, #4916, .T. ) ;
#5606 = CARTESIAN_POINT ( 'NONE',  ( -1.749999999999999778, -3.399999999999999911, 0.8000000000000000444 ) ) ;
#5607 = CARTESIAN_POINT ( 'NONE',  ( 9.750000000000000000, -3.399999999999999911, 0.2999999999999999889 ) ) ;
#5608 = VERTEX_POINT ( 'NONE', #5451 ) ;
#5609 = LINE ( 'NONE', #5136, #3467 ) ;
#5610 = AXIS2_PLACEMENT_3D ( 'NONE', #3551, #5079, #16 ) ;
#5611 =( NAMED_UNIT ( * ) PLANE_ANGLE_UNIT ( ) SI_UNIT ( $, .RADIAN. ) );
#5612 = ORIENTED_EDGE ( 'NONE', *, *, #6166, .F. ) ;
#5613 = AXIS2_PLACEMENT_3D ( 'NONE', #4801, #1813, #3841 ) ;
#5614 = CARTESIAN_POINT ( 'NONE',  ( 13.19999999999999929, 0.2000000000000000111, 2.250000000000000000 ) ) ;
#5615 = LINE ( 'NONE', #4615, #3126 ) ;
#5616 = ORIENTED_EDGE ( 'NONE', *, *, #6209, .F. ) ;
#5617 = PLANE ( 'NONE',  #1991 ) ;
#5618 = ADVANCED_FACE ( 'NONE', ( #5521 ), #4523, .F. ) ;
#5619 = ORIENTED_EDGE ( 'NONE', *, *, #3159, .F. ) ;
#5620 = UNCERTAINTY_MEASURE_WITH_UNIT (LENGTH_MEASURE( 1.000000000000000082E-05 ), #4534, 'distance_accuracy_value', 'NONE');
#5621 = CARTESIAN_POINT ( 'NONE',  ( 15.94999999999999929, 4.500000000000000000, -0.1200000000000000094 ) ) ;
#5622 = CARTESIAN_POINT ( 'NONE',  ( -0.2499999999999985012, 0.2000000000000000111, -2.250000000000000000 ) ) ;
#5623 = EDGE_CURVE ( 'NONE', #777, #3033, #6021, .T. ) ;
#5624 = CARTESIAN_POINT ( 'NONE',  ( -4.750000000000000000, -0.9583270453990839766, 0.6099893718935690545 ) ) ;
#5625 = VERTEX_POINT ( 'NONE', #887 ) ;
#5626 = CARTESIAN_POINT ( 'NONE',  ( 13.19999999999999929, 0.2000000000000000111, -2.250000000000000000 ) ) ;
#5627 = ADVANCED_FACE ( 'NONE', ( #1955 ), #3428, .F. ) ;
#5628 = DIRECTION ( 'NONE',  ( -1.000000000000000000, 0.000000000000000000, 0.000000000000000000 ) ) ;
#5629 = FACE_OUTER_BOUND ( 'NONE', #2510, .T. ) ;
#5630 = EDGE_LOOP ( 'NONE', ( #6474, #5437, #3050, #2678 ) ) ;
#5631 = LINE ( 'NONE', #38, #3256 ) ;
#5632 = ORIENTED_EDGE ( 'NONE', *, *, #928, .T. ) ;
#5633 = DIRECTION ( 'NONE',  ( 1.000000000000000000, 0.000000000000000000, 0.000000000000000000 ) ) ;
#5634 = CARTESIAN_POINT ( 'NONE',  ( -13.19999999999999929, 0.2000000000000000111, 2.250000000000000000 ) ) ;
#5635 = LINE ( 'NONE', #1486, #6102 ) ;
#5636 = EDGE_LOOP ( 'NONE', ( #4783, #3908, #3290, #2450 ) ) ;
#5637 = CARTESIAN_POINT ( 'NONE',  ( 2.800000000000000266, 0.2000000000000000111, 2.250000000000000000 ) ) ;
#5638 = EDGE_CURVE ( 'NONE', #6328, #6463, #3557, .T. ) ;
#5639 = EDGE_CURVE ( 'NONE', #6477, #1616, #6052, .T. ) ;
#5640 = ORIENTED_EDGE ( 'NONE', *, *, #1265, .F. ) ;
#5641 = CARTESIAN_POINT ( 'NONE',  ( -4.931537445906370110, 5.198770033413239844, 0.6184625540936220522 ) ) ;
#5642 = CARTESIAN_POINT ( 'NONE',  ( -14.24999999999999822, 1.750000000000000000, 8.900492683583219526E-16 ) ) ;
#5643 = ADVANCED_FACE ( 'NONE', ( #2530 ), #1892, .F. ) ;
#5644 = ORIENTED_EDGE ( 'NONE', *, *, #3732, .F. ) ;
#5645 = PLANE ( 'NONE',  #5602 ) ;
#5646 = ORIENTED_EDGE ( 'NONE', *, *, #1911, .F. ) ;
#5647 = PLANE ( 'NONE',  #2383 ) ;
#5648 = DIRECTION ( 'NONE',  ( 0.000000000000000000, -1.000000000000000000, -2.478176394252580155E-16 ) ) ;
#5649 = DIRECTION ( 'NONE',  ( -3.504579431022969726E-32, -1.000000000000000000, 0.000000000000000000 ) ) ;
#5650 = ORIENTED_EDGE ( 'NONE', *, *, #1594, .F. ) ;
#5651 = PLANE ( 'NONE',  #1556 ) ;
#5652 = EDGE_CURVE ( 'NONE', #5422, #3363, #2995, .T. ) ;
#5653 = DIRECTION ( 'NONE',  ( -1.000000000000000000, 0.000000000000000000, 0.000000000000000000 ) ) ;
#5654 = ORIENTED_EDGE ( 'NONE', *, *, #388, .F. ) ;
#5655 = LINE ( 'NONE', #3729, #2606 ) ;
#5656 = VECTOR ( 'NONE', #6364, 999.9999999999998863 ) ;
#5657 = ORIENTED_EDGE ( 'NONE', *, *, #3777, .T. ) ;
#5658 = VECTOR ( 'NONE', #6160, 1000.000000000000000 ) ;
#5659 = CARTESIAN_POINT ( 'NONE',  ( -15.29999999999999893, 5.750000000000000000, -0.1200000000000000094 ) ) ;
#5660 = ORIENTED_EDGE ( 'NONE', *, *, #4555, .F. ) ;
#5661 = AXIS2_PLACEMENT_3D ( 'NONE', #4262, #6153, #2700 ) ;
#5662 = PLANE ( 'NONE',  #135 ) ;
#5663 = DIRECTION ( 'NONE',  ( 0.000000000000000000, 0.000000000000000000, 1.000000000000000000 ) ) ;
#5664 = DIRECTION ( 'NONE',  ( 0.000000000000000000, 2.036060417813154872E-16, -1.000000000000000000 ) ) ;
#5665 = ORIENTED_EDGE ( 'NONE', *, *, #2036, .F. ) ;
#5666 = LINE ( 'NONE', #3179, #2512 ) ;
#5667 = VECTOR ( 'NONE', #2592, 1000.000000000000000 ) ;
#5668 = ORIENTED_EDGE ( 'NONE', *, *, #3165, .T. ) ;
#5669 = CARTESIAN_POINT ( 'NONE',  ( -5.250000000000000000, -0.6751470842750408874, 0.7419349550499519941 ) ) ;
#5670 = EDGE_CURVE ( 'NONE', #1255, #5281, #4988, .T. ) ;
#5671 = AXIS2_PLACEMENT_3D ( 'NONE', #5206, #2246, #2651 ) ;
#5672 = CARTESIAN_POINT ( 'NONE',  ( -11.19999999999999929, 0.2000000000000000111, -2.250000000000000000 ) ) ;
#5673 = ORIENTED_EDGE ( 'NONE', *, *, #1290, .T. ) ;
#5674 = ORIENTED_EDGE ( 'NONE', *, *, #3957, .F. ) ;
#5675 = CARTESIAN_POINT ( 'NONE',  ( -1.199999999999999734, -4.336808689942014778E-16, 2.250000000000000000 ) ) ;
#5676 = VECTOR ( 'NONE', #4797, 1000.000000000000000 ) ;
#5677 = ORIENTED_EDGE ( 'NONE', *, *, #5867, .T. ) ;
#5678 = DIRECTION ( 'NONE',  ( 0.000000000000000000, 1.000000000000000000, 0.000000000000000000 ) ) ;
#5679 = CARTESIAN_POINT ( 'NONE',  ( 13.22499999999999964, 5.750000000000000000, 1.649999999999999911 ) ) ;
#5680 = EDGE_CURVE ( 'NONE', #3512, #5475, #1496, .T. ) ;
#5681 = FACE_OUTER_BOUND ( 'NONE', #462, .T. ) ;
#5682 = AXIS2_PLACEMENT_3D ( 'NONE', #6329, #303, #5920 ) ;
#5683 = EDGE_LOOP ( 'NONE', ( #5881, #3383, #1152, #3663 ) ) ;
#5684 = DIRECTION ( 'NONE',  ( 0.000000000000000000, 1.000000000000000000, 1.927470528863119788E-16 ) ) ;
#5685 = AXIS2_PLACEMENT_3D ( 'NONE', #479, #1011, #2615 ) ;
#5686 = VECTOR ( 'NONE', #6050, 1000.000000000000000 ) ;
#5687 = CARTESIAN_POINT ( 'NONE',  ( 3.200000000000001510, 0.2000000000000000111, -2.250000000000000000 ) ) ;
#5688 = VERTEX_POINT ( 'NONE', #6486 ) ;
#5689 = LINE ( 'NONE', #1062, #6106 ) ;
#5690 = ORIENTED_EDGE ( 'NONE', *, *, #4000, .T. ) ;
#5691 = CARTESIAN_POINT ( 'NONE',  ( 14.13333333333332931, 4.583333333333339255, 0.4833333333333349469 ) ) ;
#5692 = AXIS2_PLACEMENT_3D ( 'NONE', #1805, #4432, #2872 ) ;
#5693 = CARTESIAN_POINT ( 'NONE',  ( 1.750000000000001554, 1.750000000000000000, 0.2999999999999999889 ) ) ;
#5694 = ADVANCED_FACE ( 'NONE', ( #2096 ), #6080, .F. ) ;
#5695 = ORIENTED_EDGE ( 'NONE', *, *, #1215, .T. ) ;
#5696 = VECTOR ( 'NONE', #4755, 1000.000000000000000 ) ;
#5697 = DIRECTION ( 'NONE',  ( 1.000000000000000000, -3.504579431022969726E-32, -1.519869053105245017E-47 ) ) ;
#5698 = LINE ( 'NONE', #6195, #4983 ) ;
#5699 = ADVANCED_FACE ( 'NONE', ( #5551 ), #987, .F. ) ;
#5700 = CARTESIAN_POINT ( 'NONE',  ( -7.750000000000000000, 0.2000000000000000111, 0.8000000000000000444 ) ) ;
#5701 = EDGE_CURVE ( 'NONE', #813, #4562, #3025, .T. ) ;
#5702 = ORIENTED_EDGE ( 'NONE', *, *, #388, .T. ) ;
#5703 = FACE_OUTER_BOUND ( 'NONE', #1117, .T. ) ;
#5704 = CARTESIAN_POINT ( 'NONE',  ( 1.000000000000004441, -2.168404344970917409E-16, 1.099999999999947464 ) ) ;
#5705 = VECTOR ( 'NONE', #6352, 1000.000000000000000 ) ;
#5706 = ORIENTED_EDGE ( 'NONE', *, *, #2265, .T. ) ;
#5707 = DIRECTION ( 'NONE',  ( 0.000000000000000000, -1.000000000000000000, -1.198194479848324020E-16 ) ) ;
#5708 = VECTOR ( 'NONE', #2204, 1000.000000000000000 ) ;
#5709 = PLANE ( 'NONE',  #2815 ) ;
#5710 = ORIENTED_EDGE ( 'NONE', *, *, #41, .F. ) ;
#5711 = ORIENTED_EDGE ( 'NONE', *, *, #6128, .F. ) ;
#5712 = CARTESIAN_POINT ( 'NONE',  ( -6.049999999999999822, -4.336808689942014778E-16, 2.250000000000000000 ) ) ;
#5713 = ORIENTED_EDGE ( 'NONE', *, *, #3425, .F. ) ;
#5714 = CARTESIAN_POINT ( 'NONE',  ( -2.249999999999998668, 1.750000000000000000, 0.2999999999999999889 ) ) ;
#5715 = PLANE ( 'NONE',  #5568 ) ;
#5716 = CARTESIAN_POINT ( 'NONE',  ( -10.79999999999999893, -4.336808689942014778E-16, -2.250000000000000000 ) ) ;
#5717 = CARTESIAN_POINT ( 'NONE',  ( 13.74999999999999822, 0.2000000000000000111, 0.8000000000000000444 ) ) ;
#5718 = ORIENTED_EDGE ( 'NONE', *, *, #4348, .T. ) ;
#5719 = LINE ( 'NONE', #5118, #2621 ) ;
#5720 = EDGE_LOOP ( 'NONE', ( #4376, #4774, #961, #1454 ) ) ;
#5721 = EDGE_CURVE ( 'NONE', #3451, #5492, #2391, .T. ) ;
#5722 = FACE_OUTER_BOUND ( 'NONE', #4518, .T. ) ;
#5723 = ORIENTED_EDGE ( 'NONE', *, *, #2237, .F. ) ;
#5724 = DIRECTION ( 'NONE',  ( 0.000000000000000000, -1.000000000000000000, 0.000000000000000000 ) ) ;
#5725 = ORIENTED_EDGE ( 'NONE', *, *, #1430, .F. ) ;
#5726 = CARTESIAN_POINT ( 'NONE',  ( -15.29999999999999893, 5.750000000000000000, -0.1200000000000000094 ) ) ;
#5727 = CARTESIAN_POINT ( 'NONE',  ( -4.049999999999999822, -4.336808689942014778E-16, 2.250000000000000000 ) ) ;
#5728 = VERTEX_POINT ( 'NONE', #5487 ) ;
#5729 = DIRECTION ( 'NONE',  ( 1.519869053105245017E-47, 0.000000000000000000, 1.000000000000000000 ) ) ;
#5730 = FACE_OUTER_BOUND ( 'NONE', #1876, .T. ) ;
#5731 = LINE ( 'NONE', #568, #1107 ) ;
#5732 = VERTEX_POINT ( 'NONE', #6456 ) ;
#5733 = LINE ( 'NONE', #3742, #4728 ) ;
#5734 = DIRECTION ( 'NONE',  ( -1.000000000000000000, 0.000000000000000000, 6.982962677686266711E-15 ) ) ;
#5735 = ADVANCED_FACE ( 'NONE', ( #3925 ), #2965, .F. ) ;
#5736 = EDGE_LOOP ( 'NONE', ( #2293, #5171, #3336, #2469 ) ) ;
#5737 = LINE ( 'NONE', #4804, #125 ) ;
#5738 = CARTESIAN_POINT ( 'NONE',  ( 14.24999999999999822, 4.250000000000000000, 2.250000000000000000 ) ) ;
#5739 = VERTEX_POINT ( 'NONE', #2460 ) ;
#5740 = ORIENTED_EDGE ( 'NONE', *, *, #2926, .T. ) ;
#5741 = DIRECTION ( 'NONE',  ( -1.000000000000000000, 0.000000000000000000, 0.000000000000000000 ) ) ;
#5742 = VERTEX_POINT ( 'NONE', #428 ) ;
#5743 = CARTESIAN_POINT ( 'NONE',  ( 13.19999999999999929, -4.336808689942014778E-16, -2.250000000000000000 ) ) ;
#5744 = LINE ( 'NONE', #3688, #5564 ) ;
#5745 = LINE ( 'NONE', #4185, #138 ) ;
#5746 = PLANE ( 'NONE',  #5901 ) ;
#5747 = ORIENTED_EDGE ( 'NONE', *, *, #2349, .F. ) ;
#5748 = VECTOR ( 'NONE', #3222, 1000.000000000000000 ) ;
#5749 = PLANE ( 'NONE',  #67 ) ;
#5750 = VERTEX_POINT ( 'NONE', #4488 ) ;
#5751 = AXIS2_PLACEMENT_3D ( 'NONE', #5669, #544, #5106 ) ;
#5752 = CARTESIAN_POINT ( 'NONE',  ( 7.750000000000001776, -3.399999999999999911, 0.8000000000000000444 ) ) ;
#5753 = ADVANCED_FACE ( 'NONE', ( #5209 ), #5645, .F. ) ;
#5754 = ORIENTED_EDGE ( 'NONE', *, *, #4356, .T. ) ;
#5755 = CARTESIAN_POINT ( 'NONE',  ( -6.799999999999998934, -4.336808689942014778E-16, -2.250000000000000000 ) ) ;
#5756 = ORIENTED_EDGE ( 'NONE', *, *, #3171, .F. ) ;
#5757 = PLANE ( 'NONE',  #1657 ) ;
#5758 = LINE ( 'NONE', #4236, #4435 ) ;
#5759 = AXIS2_PLACEMENT_3D ( 'NONE', #5958, #1841, #2337 ) ;
#5760 = VERTEX_POINT ( 'NONE', #3649 ) ;
#5761 = LINE ( 'NONE', #2236, #6186 ) ;
#5762 =( GEOMETRIC_REPRESENTATION_CONTEXT ( 3 ) GLOBAL_UNCERTAINTY_ASSIGNED_CONTEXT ( ( #2690 ) ) GLOBAL_UNIT_ASSIGNED_CONTEXT ( ( #283, #2343, #1316 ) ) REPRESENTATION_CONTEXT ( 'NONE', 'WORKASPACE' ) );
#5763 = CARTESIAN_POINT ( 'NONE',  ( 15.19999999999999751, 2.250000000000000000, -2.623757129271619970 ) ) ;
#5764 = CARTESIAN_POINT ( 'NONE',  ( 11.20000000000000107, 0.2000000000000000111, -2.250000000000000000 ) ) ;
#5765 = ORIENTED_EDGE ( 'NONE', *, *, #2222, .F. ) ;
#5766 = DIRECTION ( 'NONE',  ( -1.000000000000000000, 0.000000000000000000, 0.000000000000000000 ) ) ;
#5767 = VECTOR ( 'NONE', #3071, 1000.000000000000000 ) ;
#5768 = VERTEX_POINT ( 'NONE', #4617 ) ;
#5769 = PLANE ( 'NONE',  #5977 ) ;
#5770 =( REPRESENTATION_RELATIONSHIP ('NONE','NONE', #6187, #2070 ) REPRESENTATION_RELATIONSHIP_WITH_TRANSFORMATION ( #4542 )SHAPE_REPRESENTATION_RELATIONSHIP( ) );
#5771 = DIRECTION ( 'NONE',  ( -3.504579431022969726E-32, -1.000000000000000000, 0.000000000000000000 ) ) ;
#5772 = EDGE_LOOP ( 'NONE', ( #2201, #1926, #4238, #1278 ) ) ;
#5773 = EDGE_CURVE ( 'NONE', #3033, #4585, #4681, .T. ) ;
#5774 = EDGE_LOOP ( 'NONE', ( #2922, #4106, #2227, #5836 ) ) ;
#5775 = CARTESIAN_POINT ( 'NONE',  ( -10.05000000000000071, 6.000000000000000000, 0.8800000000000000044 ) ) ;
#5776 = ORIENTED_EDGE ( 'NONE', *, *, #103, .F. ) ;
#5777 = CARTESIAN_POINT ( 'NONE',  ( 15.19999999999999751, 2.250000000000000000, -2.623757129271619970 ) ) ;
#5778 = FACE_OUTER_BOUND ( 'NONE', #4490, .T. ) ;
#5779 = CARTESIAN_POINT ( 'NONE',  ( -6.249999999999998224, 1.750000000000000000, 0.2999999999999999889 ) ) ;
#5780 = CARTESIAN_POINT ( 'NONE',  ( 14.24999999999999822, 6.000000000000000000, 2.149999999999999911 ) ) ;
#5781 = EDGE_CURVE ( 'NONE', #3763, #4574, #23, .T. ) ;
#5782 = VERTEX_POINT ( 'NONE', #5144 ) ;
#5783 = DIRECTION ( 'NONE',  ( -1.000000000000000000, 0.000000000000000000, 0.000000000000000000 ) ) ;
#5784 = VECTOR ( 'NONE', #6507, 1000.000000000000000 ) ;
#5785 = ORIENTED_EDGE ( 'NONE', *, *, #2617, .F. ) ;
#5786 = AXIS2_PLACEMENT_3D ( 'NONE', #3801, #5789, #5330 ) ;
#5787 = DIRECTION ( 'NONE',  ( 0.000000000000000000, -2.478176394252580155E-16, 1.000000000000000000 ) ) ;
#5788 = VERTEX_POINT ( 'NONE', #640 ) ;
#5789 = DIRECTION ( 'NONE',  ( -1.000000000000000000, 0.000000000000000000, 0.000000000000000000 ) ) ;
#5790 = EDGE_CURVE ( 'NONE', #2247, #357, #1652, .T. ) ;
#5791 = ORIENTED_EDGE ( 'NONE', *, *, #3159, .T. ) ;
#5792 = DIRECTION ( 'NONE',  ( 0.000000000000000000, 4.336808689942020201E-16, -1.000000000000000000 ) ) ;
#5793 = AXIS2_PLACEMENT_3D ( 'NONE', #554, #4624, #2380 ) ;
#5794 = AXIS2_PLACEMENT_3D ( 'NONE', #5107, #2528, #4056 ) ;
#5795 = EDGE_CURVE ( 'NONE', #5797, #1310, #2687, .T. ) ;
#5796 = ADVANCED_FACE ( 'NONE', ( #4710 ), #578, .F. ) ;
#5797 = VERTEX_POINT ( 'NONE', #2654 ) ;
#5798 = LINE ( 'NONE', #1708, #1621 ) ;
#5799 = DIRECTION ( 'NONE',  ( -0.000000000000000000, 1.000000000000000000, 0.000000000000000000 ) ) ;
#5800 = AXIS2_PLACEMENT_3D ( 'NONE', #4694, #170, #3172 ) ;
#5801 = FACE_OUTER_BOUND ( 'NONE', #4862, .T. ) ;
#5802 = ORIENTED_EDGE ( 'NONE', *, *, #1977, .F. ) ;
#5803 = DIRECTION ( 'NONE',  ( 0.000000000000000000, -2.478176394252580155E-16, 1.000000000000000000 ) ) ;
#5804 =( NAMED_UNIT ( * ) SI_UNIT ( $, .STERADIAN. ) SOLID_ANGLE_UNIT ( ) );
#5805 = VECTOR ( 'NONE', #5592, 1000.000000000000000 ) ;
#5806 = EDGE_CURVE ( 'NONE', #495, #824, #55, .T. ) ;
#5807 = VERTEX_POINT ( 'NONE', #5675 ) ;
#5808 = FACE_OUTER_BOUND ( 'NONE', #6422, .T. ) ;
#5809 = PLANE ( 'NONE',  #3470 ) ;
#5810 = VECTOR ( 'NONE', #2610, 1000.000000000000000 ) ;
#5811 = ORIENTED_EDGE ( 'NONE', *, *, #3349, .F. ) ;
#5812 = VECTOR ( 'NONE', #4810, 1000.000000000000000 ) ;
#5813 = ORIENTED_EDGE ( 'NONE', *, *, #4907, .T. ) ;
#5814 = ADVANCED_FACE ( 'NONE', ( #1114, #3591 ), #3118, .F. ) ;
#5815 = LINE ( 'NONE', #250, #5812 ) ;
#5816 = EDGE_CURVE ( 'NONE', #4740, #959, #154, .T. ) ;
#5817 = ORIENTED_EDGE ( 'NONE', *, *, #474, .T. ) ;
#5818 = PRESENTATION_LAYER_ASSIGNMENT (  '', '', ( #2095 ) ) ;
#5819 = LINE ( 'NONE', #1287, #2996 ) ;
#5820 = CARTESIAN_POINT ( 'NONE',  ( 0.2500000000000002220, 0.2000000000000000111, -2.250000000000000000 ) ) ;
#5821 = CARTESIAN_POINT ( 'NONE',  ( 8.250000000000000000, 0.2000000000000000111, 0.8000000000000000444 ) ) ;
#5822 = EDGE_CURVE ( 'NONE', #5952, #6513, #2184, .T. ) ;
#5823 = ORIENTED_EDGE ( 'NONE', *, *, #1933, .F. ) ;
#5824 = DIRECTION ( 'NONE',  ( 0.000000000000000000, 0.7071067811865485719, 0.7071067811865465735 ) ) ;
#5825 = ORIENTED_EDGE ( 'NONE', *, *, #2665, .F. ) ;
#5826 = EDGE_CURVE ( 'NONE', #258, #5317, #3153, .T. ) ;
#5827 = DIRECTION ( 'NONE',  ( 1.000000000000000000, 4.476652557876059775E-32, -1.414176746720221921E-16 ) ) ;
#5828 = ORIENTED_EDGE ( 'NONE', *, *, #722, .F. ) ;
#5829 = LINE ( 'NONE', #4790, #4722 ) ;
#5830 = ORIENTED_EDGE ( 'NONE', *, *, #6376, .F. ) ;
#5831 = LINE ( 'NONE', #3901, #4736 ) ;
#5832 = DIRECTION ( 'NONE',  ( -1.000000000000000000, 0.000000000000000000, 0.000000000000000000 ) ) ;
#5833 = FACE_BOUND ( 'NONE', #4103, .T. ) ;
#5834 = CARTESIAN_POINT ( 'NONE',  ( -4.750000000000000000, -2.347221846513170451, 0.7951753453754479839 ) ) ;
#5835 = CARTESIAN_POINT ( 'NONE',  ( 7.750000000000001776, 1.750000000000000000, 0.2999999999999999889 ) ) ;
#5836 = ORIENTED_EDGE ( 'NONE', *, *, #945, .F. ) ;
#5837 = CARTESIAN_POINT ( 'NONE',  ( -15.29999999999999893, 1.750000000000000000, -1.850000000000000089 ) ) ;
#5838 = PRODUCT_DEFINITION_SHAPE ( 'NONE', 'NONE',  #6591 ) ;
#5839 = ORIENTED_EDGE ( 'NONE', *, *, #5299, .F. ) ;
#5840 = CARTESIAN_POINT ( 'NONE',  ( 15.94999999999999929, 4.336808689942014778E-16, -2.250000000000000000 ) ) ;
#5841 = DIRECTION ( 'NONE',  ( -2.037633561849361271E-16, 0.3420201433256665480, -0.9396926207859092051 ) ) ;
#5842 = ORIENTED_EDGE ( 'NONE', *, *, #3447, .T. ) ;
#5843 = ADVANCED_FACE ( 'NONE', ( #612 ), #1588, .F. ) ;
#5844 = ORIENTED_EDGE ( 'NONE', *, *, #851, .T. ) ;
#5845 = LINE ( 'NONE', #3356, #5705 ) ;
#5846 = ORIENTED_EDGE ( 'NONE', *, *, #4921, .T. ) ;
#5847 = DIRECTION ( 'NONE',  ( 0.000000000000000000, -1.000000000000000000, -2.036060417813154872E-16 ) ) ;
#5848 = CARTESIAN_POINT ( 'NONE',  ( 5.200000000000002842, 0.2000000000000000111, -2.250000000000000000 ) ) ;
#5849 = CARTESIAN_POINT ( 'NONE',  ( -13.22499999999999964, 1.750000000000000000, 1.649999999999999911 ) ) ;
#5850 = VERTEX_POINT ( 'NONE', #4149 ) ;
#5851 = CARTESIAN_POINT ( 'NONE',  ( -7.750000000000000000, -3.399999999999999911, 0.8000000000000000444 ) ) ;
#5852 = ORIENTED_EDGE ( 'NONE', *, *, #1226, .F. ) ;
#5853 = CARTESIAN_POINT ( 'NONE',  ( -4.859191070279860192, 5.000000000000000000, 0.6908089297201369661 ) ) ;
#5854 = AXIS2_PLACEMENT_3D ( 'NONE', #4812, #3687, #3719 ) ;
#5855 = VERTEX_POINT ( 'NONE', #3618 ) ;
#5856 = DIRECTION ( 'NONE',  ( -1.000000000000000000, 0.000000000000000000, 0.000000000000000000 ) ) ;
#5857 = ORIENTED_EDGE ( 'NONE', *, *, #3407, .T. ) ;
#5858 = FACE_BOUND ( 'NONE', #3785, .T. ) ;
#5859 = ADVANCED_FACE ( 'NONE', ( #1151 ), #5617, .F. ) ;
#5860 = DIRECTION ( 'NONE',  ( 1.000000000000000000, 0.000000000000000000, 0.000000000000000000 ) ) ;
#5861 = DIRECTION ( 'NONE',  ( 1.000000000000000000, 0.000000000000000000, 0.000000000000000000 ) ) ;
#5862 = CARTESIAN_POINT ( 'NONE',  ( -4.799999999999998934, -4.336808689942014778E-16, -2.250000000000000000 ) ) ;
#5863 = CARTESIAN_POINT ( 'NONE',  ( 15.19999999999999751, 4.250000000000000000, 1.649999999999999911 ) ) ;
#5864 = VERTEX_POINT ( 'NONE', #2053 ) ;
#5865 = LINE ( 'NONE', #3909, #6019 ) ;
#5866 = CARTESIAN_POINT ( 'NONE',  ( -6.999999999999995559, -2.168404344970917409E-16, 1.099999999999947464 ) ) ;
#5867 = EDGE_CURVE ( 'NONE', #4937, #777, #4090, .T. ) ;
#5868 = ORIENTED_EDGE ( 'NONE', *, *, #492, .T. ) ;
#5869 = VECTOR ( 'NONE', #6269, 1000.000000000000000 ) ;
#5870 = CARTESIAN_POINT ( 'NONE',  ( 13.19999999999999929, -4.336808689942014778E-16, -2.250000000000000000 ) ) ;
#5871 = ORIENTED_EDGE ( 'NONE', *, *, #1073, .F. ) ;
#5872 = FACE_OUTER_BOUND ( 'NONE', #6482, .T. ) ;
#5873 = VECTOR ( 'NONE', #3745, 1000.000000000000000 ) ;
#5874 = LINE ( 'NONE', #1792, #921 ) ;
#5875 = ORIENTED_EDGE ( 'NONE', *, *, #1172, .F. ) ;
#5876 = CARTESIAN_POINT ( 'NONE',  ( -6.799999999999998934, 0.2000000000000000111, 2.250000000000000000 ) ) ;
#5877 = VECTOR ( 'NONE', #901, 1000.000000000000000 ) ;
#5878 = PLANE ( 'NONE',  #4825 ) ;
#5879 = FACE_OUTER_BOUND ( 'NONE', #3316, .T. ) ;
#5880 = ADVANCED_FACE ( 'NONE', ( #548 ), #2588, .F. ) ;
#5881 = ORIENTED_EDGE ( 'NONE', *, *, #4510, .T. ) ;
#5882 = CARTESIAN_POINT ( 'NONE',  ( -4.750000000000000000, -2.419911892563235245, 0.2500000000000000000 ) ) ;
#5883 = ORIENTED_EDGE ( 'NONE', *, *, #48, .F. ) ;
#5884 = EDGE_CURVE ( 'NONE', #4216, #6538, #5845, .T. ) ;
#5885 = DIRECTION ( 'NONE',  ( 0.000000000000000000, 1.927470528863119788E-16, -1.000000000000000000 ) ) ;
#5886 = VECTOR ( 'NONE', #4622, 1000.000000000000000 ) ;
#5887 = VERTEX_POINT ( 'NONE', #321 ) ;
#5888 = CARTESIAN_POINT ( 'NONE',  ( 5.750000000000003553, 0.2000000000000000111, -2.250000000000000000 ) ) ;
#5889 = VECTOR ( 'NONE', #6515, 1000.000000000000000 ) ;
#5890 = ORIENTED_EDGE ( 'NONE', *, *, #2903, .T. ) ;
#5891 = CARTESIAN_POINT ( 'NONE',  ( -13.00000000000000000, 1.750000000000000000, 8.900492683583219526E-16 ) ) ;
#5892 = VECTOR ( 'NONE', #5572, 1000.000000000000000 ) ;
#5893 = DIRECTION ( 'NONE',  ( -1.000000000000000000, 0.000000000000000000, 0.000000000000000000 ) ) ;
#5894 = CARTESIAN_POINT ( 'NONE',  ( -3.750000000000000000, -3.399999999999999911, 0.8000000000000000444 ) ) ;
#5895 = CARTESIAN_POINT ( 'NONE',  ( -8.799999999999998934, -4.336808689942014778E-16, -2.250000000000000000 ) ) ;
#5896 = CARTESIAN_POINT ( 'NONE',  ( 13.22499999999999964, 1.750000000000000000, -2.623757129271619970 ) ) ;
#5897 = VERTEX_POINT ( 'NONE', #1284 ) ;
#5898 = CARTESIAN_POINT ( 'NONE',  ( -4.249999999999998224, 0.2000000000000000111, 0.8000000000000000444 ) ) ;
#5899 = VECTOR ( 'NONE', #504, 1000.000000000000000 ) ;
#5900 = ORIENTED_EDGE ( 'NONE', *, *, #1818, .F. ) ;
#5901 = AXIS2_PLACEMENT_3D ( 'NONE', #3655, #2092, #3093 ) ;
#5902 = LINE ( 'NONE', #3415, #1838 ) ;
#5903 = EDGE_CURVE ( 'NONE', #957, #5739, #6279, .T. ) ;
#5904 = CARTESIAN_POINT ( 'NONE',  ( -0.04999999999999969746, 4.336808689942014778E-16, -2.250000000000000000 ) ) ;
#5905 = VERTEX_POINT ( 'NONE', #6383 ) ;
#5906 = CARTESIAN_POINT ( 'NONE',  ( -15.29999999999999893, 5.750000000000000000, -1.850000000000000089 ) ) ;
#5907 = DIRECTION ( 'NONE',  ( -1.000000000000000000, 0.000000000000000000, 0.000000000000000000 ) ) ;
#5908 = CARTESIAN_POINT ( 'NONE',  ( -13.74999999999999822, 1.750000000000000000, 7.274189424854959917E-16 ) ) ;
#5909 = VECTOR ( 'NONE', #6533, 1000.000000000000000 ) ;
#5910 = ORIENTED_EDGE ( 'NONE', *, *, #2160, .F. ) ;
#5911 = DIRECTION ( 'NONE',  ( 1.000000000000000000, 0.000000000000000000, 0.000000000000000000 ) ) ;
#5912 = PRESENTATION_LAYER_ASSIGNMENT (  '', '', ( #4323 ) ) ;
#5913 = LINE ( 'NONE', #3956, #5889 ) ;
#5914 = VERTEX_POINT ( 'NONE', #3750 ) ;
#5915 = CARTESIAN_POINT ( 'NONE',  ( -13.22499999999999964, 5.750000000000000000, 1.649999999999999911 ) ) ;
#5916 = VECTOR ( 'NONE', #2791, 1000.000000000000000 ) ;
#5917 = ORIENTED_EDGE ( 'NONE', *, *, #4385, .T. ) ;
#5918 = CARTESIAN_POINT ( 'NONE',  ( 0.8000000000000003775, 0.2000000000000000111, 2.250000000000000000 ) ) ;
#5919 = ORIENTED_EDGE ( 'NONE', *, *, #4446, .T. ) ;
#5920 = DIRECTION ( 'NONE',  ( 0.000000000000000000, 1.000000000000000000, 0.000000000000000000 ) ) ;
#5921 = ORIENTED_EDGE ( 'NONE', *, *, #5822, .T. ) ;
#5922 = LINE ( 'NONE', #2773, #5588 ) ;
#5923 = EDGE_CURVE ( 'NONE', #6328, #1575, #1357, .T. ) ;
#5924 =( GEOMETRIC_REPRESENTATION_CONTEXT ( 3 ) GLOBAL_UNCERTAINTY_ASSIGNED_CONTEXT ( ( #4093 ) ) GLOBAL_UNIT_ASSIGNED_CONTEXT ( ( #5173, #3145, #4770 ) ) REPRESENTATION_CONTEXT ( 'NONE', 'WORKASPACE' ) );
#5925 = DIRECTION ( 'NONE',  ( 0.000000000000000000, 1.000000000000000000, 0.000000000000000000 ) ) ;
#5926 = DIRECTION ( 'NONE',  ( 1.000000000000000000, 0.000000000000000000, 0.000000000000000000 ) ) ;
#5927 = DIRECTION ( 'NONE',  ( -1.519869053105245017E-47, 0.000000000000000000, -1.000000000000000000 ) ) ;
#5928 = EDGE_CURVE ( 'NONE', #4394, #2653, #3796, .T. ) ;
#5929 = LINE ( 'NONE', #5896, #789 ) ;
#5930 = ORIENTED_EDGE ( 'NONE', *, *, #3929, .T. ) ;
#5931 = CARTESIAN_POINT ( 'NONE',  ( -12.79999999999999893, 0.2000000000000000111, -2.250000000000000000 ) ) ;
#5932 =( LENGTH_UNIT ( ) NAMED_UNIT ( * ) SI_UNIT ( .MILLI., .METRE. ) );
#5933 = EDGE_CURVE ( 'NONE', #5914, #3041, #2219, .T. ) ;
#5934 = ORIENTED_EDGE ( 'NONE', *, *, #3141, .T. ) ;
#5935 = PLANE ( 'NONE',  #3970 ) ;
#5936 = CARTESIAN_POINT ( 'NONE',  ( -12.24999999999999822, 1.750000000000000000, 0.2999999999999999889 ) ) ;
#5937 = ORIENTED_EDGE ( 'NONE', *, *, #514, .F. ) ;
#5938 = CARTESIAN_POINT ( 'NONE',  ( -1.749999999999999778, 0.2000000000000000111, 0.2999999999999999889 ) ) ;
#5939 = DIRECTION ( 'NONE',  ( -1.000000000000000000, 0.000000000000000000, 0.000000000000000000 ) ) ;
#5940 = CARTESIAN_POINT ( 'NONE',  ( 0.2500000000000002220, 1.750000000000000000, 0.8000000000000000444 ) ) ;
#5941 = ADVANCED_FACE ( 'NONE', ( #6416 ), #2757, .F. ) ;
#5942 = EDGE_LOOP ( 'NONE', ( #2217, #3648, #725, #711 ) ) ;
#5943 = LINE ( 'NONE', #5876, #6393 ) ;
#5944 = PLANE ( 'NONE',  #5481 ) ;
#5945 = EDGE_CURVE ( 'NONE', #882, #413, #1254, .T. ) ;
#5946 = EDGE_LOOP ( 'NONE', ( #6082, #3285, #3916, #4878 ) ) ;
#5947 = DIRECTION ( 'NONE',  ( -1.000000000000000000, 0.000000000000000000, 0.000000000000000000 ) ) ;
#5948 = ORIENTED_EDGE ( 'NONE', *, *, #2022, .F. ) ;
#5949 = PLANE ( 'NONE',  #2796 ) ;
#5950 = VERTEX_POINT ( 'NONE', #1753 ) ;
#5951 = DIRECTION ( 'NONE',  ( 0.000000000000000000, -1.000000000000000000, -2.478176394252580155E-16 ) ) ;
#5952 = VERTEX_POINT ( 'NONE', #3786 ) ;
#5953 = DIRECTION ( 'NONE',  ( 0.000000000000000000, 0.000000000000000000, 1.000000000000000000 ) ) ;
#5954 = VERTEX_POINT ( 'NONE', #1720 ) ;
#5955 = EDGE_CURVE ( 'NONE', #4333, #5608, #4387, .T. ) ;
#5956 = FACE_OUTER_BOUND ( 'NONE', #3619, .T. ) ;
#5957 = CARTESIAN_POINT ( 'NONE',  ( -15.54999999999999893, 6.000000000000000000, 0.8800000000000000044 ) ) ;
#5958 = CARTESIAN_POINT ( 'NONE',  ( -5.250000000000000000, -0.6751470842750408874, 0.7419349550499519941 ) ) ;
#5959 = PLANE ( 'NONE',  #3776 ) ;
#5960 = EDGE_LOOP ( 'NONE', ( #5718, #1335, #5014, #1579 ) ) ;
#5961 = DIRECTION ( 'NONE',  ( 0.000000000000000000, 4.336808689942020201E-16, -1.000000000000000000 ) ) ;
#5962 = DIRECTION ( 'NONE',  ( -6.982962677686266711E-15, 0.000000000000000000, -1.000000000000000000 ) ) ;
#5963 = VECTOR ( 'NONE', #680, 1000.000000000000000 ) ;
#5964 = EDGE_CURVE ( 'NONE', #2766, #5688, #5874, .T. ) ;
#5965 = EDGE_LOOP ( 'NONE', ( #4691, #1080, #1719, #1350 ) ) ;
#5966 = CARTESIAN_POINT ( 'NONE',  ( -9.750000000000000000, 0.2000000000000000111, -2.250000000000000000 ) ) ;
#5967 = VECTOR ( 'NONE', #4116, 1000.000000000000000 ) ;
#5968 = PLANE ( 'NONE',  #5047 ) ;
#5969 = ORIENTED_EDGE ( 'NONE', *, *, #5087, .T. ) ;
#5970 = DIRECTION ( 'NONE',  ( 0.000000000000000000, -1.000000000000000000, 9.407394121349279778E-17 ) ) ;
#5971 = CARTESIAN_POINT ( 'NONE',  ( 15.29999999999999893, 5.750000000000000000, 1.649999999999999911 ) ) ;
#5972 = CARTESIAN_POINT ( 'NONE',  ( 11.75000000000000178, -3.399999999999999911, 0.8000000000000000444 ) ) ;
#5973 = ORIENTED_EDGE ( 'NONE', *, *, #2895, .F. ) ;
#5974 = DIRECTION ( 'NONE',  ( -1.000000000000000000, 3.504579431022969726E-32, 1.519869053105245017E-47 ) ) ;
#5975 = CARTESIAN_POINT ( 'NONE',  ( -2.799999999999998490, 0.2000000000000000111, -2.250000000000000000 ) ) ;
#5976 = EDGE_CURVE ( 'NONE', #1252, #4336, #5815, .T. ) ;
#5977 = AXIS2_PLACEMENT_3D ( 'NONE', #4772, #2244, #634 ) ;
#5978 = EDGE_LOOP ( 'NONE', ( #4768, #4402, #1174, #4355, #6451, #2545, #6543, #3540 ) ) ;
#5979 = DIRECTION ( 'NONE',  ( 0.000000000000000000, -2.478176394252580155E-16, 1.000000000000000000 ) ) ;
#5980 = EDGE_CURVE ( 'NONE', #3398, #1046, #3292, .T. ) ;
#5981 = ORIENTED_EDGE ( 'NONE', *, *, #4211, .F. ) ;
#5982 = AXIS2_PLACEMENT_3D ( 'NONE', #6566, #2064, #557 ) ;
#5983 = EDGE_CURVE ( 'NONE', #413, #1236, #3886, .T. ) ;
#5984 = DIRECTION ( 'NONE',  ( 1.000000000000000000, 0.000000000000000000, 0.000000000000000000 ) ) ;
#5985 = EDGE_CURVE ( 'NONE', #5490, #4852, #2284, .T. ) ;
#5986 = ORIENTED_EDGE ( 'NONE', *, *, #3626, .T. ) ;
#5987 = DIRECTION ( 'NONE',  ( 0.000000000000000000, -2.478176394252580155E-16, 1.000000000000000000 ) ) ;
#5988 = EDGE_LOOP ( 'NONE', ( #39, #3094, #6007, #6291 ) ) ;
#5989 = EDGE_CURVE ( 'NONE', #2756, #5098, #3818, .T. ) ;
#5990 = LINE ( 'NONE', #6058, #2946 ) ;
#5991 = LINE ( 'NONE', #1504, #4158 ) ;
#5992 = VECTOR ( 'NONE', #4421, 1000.000000000000000 ) ;
#5993 = CARTESIAN_POINT ( 'NONE',  ( 1.750000000000001554, 1.750000000000000000, 0.2999999999999999889 ) ) ;
#5994 = PLANE ( 'NONE',  #2633 ) ;
#5995 = CARTESIAN_POINT ( 'NONE',  ( -15.29999999999999893, 5.750000000000000000, -1.850000000000000089 ) ) ;
#5996 = ORIENTED_EDGE ( 'NONE', *, *, #4926, .F. ) ;
#5997 = CARTESIAN_POINT ( 'NONE',  ( 9.199999999999999289, 0.2000000000000000111, 0.8000000000000000444 ) ) ;
#5998 = VECTOR ( 'NONE', #2794, 1000.000000000000000 ) ;
#5999 = CONTEXT_DEPENDENT_SHAPE_REPRESENTATION ( #2632, #2274 ) ;
#6000 = ADVANCED_FACE ( 'NONE', ( #2825 ), #289, .F. ) ;
#6001 = VECTOR ( 'NONE', #1344, 999.9999999999998863 ) ;
#6002 = VERTEX_POINT ( 'NONE', #3849 ) ;
#6003 = CARTESIAN_POINT ( 'NONE',  ( -15.54999999999999893, 6.000000000000000000, -0.1200000000000000094 ) ) ;
#6004 = DIRECTION ( 'NONE',  ( 0.000000000000000000, 0.000000000000000000, 1.000000000000000000 ) ) ;
#6005 = VECTOR ( 'NONE', #1407, 1000.000000000000000 ) ;
#6006 = DIRECTION ( 'NONE',  ( 2.522858432348305322E-32, -1.000000000000000000, 0.000000000000000000 ) ) ;
#6007 = ORIENTED_EDGE ( 'NONE', *, *, #6149, .F. ) ;
#6008 = LINE ( 'NONE', #3583, #5377 ) ;
#6009 = DIRECTION ( 'NONE',  ( 1.000000000000000000, -3.504579431022969726E-32, -1.519869053105245017E-47 ) ) ;
#6010 = CARTESIAN_POINT ( 'NONE',  ( -6.799999999999998934, 0.2000000000000000111, -2.250000000000000000 ) ) ;
#6011 = EDGE_CURVE ( 'NONE', #867, #3234, #1320, .T. ) ;
#6012 = AXIS2_PLACEMENT_3D ( 'NONE', #2662, #1595, #3192 ) ;
#6013 = VECTOR ( 'NONE', #1494, 1000.000000000000000 ) ;
#6014 = VERTEX_POINT ( 'NONE', #4252 ) ;
#6015 = DIRECTION ( 'NONE',  ( 1.519869053105245017E-47, 0.000000000000000000, 1.000000000000000000 ) ) ;
#6016 = CARTESIAN_POINT ( 'NONE',  ( -4.750000000000000000, -2.413303706558679984, 0.2995613950341305398 ) ) ;
#6017 = EDGE_CURVE ( 'NONE', #1244, #983, #4944, .T. ) ;
#6018 = ADVANCED_FACE ( 'NONE', ( #5545 ), #385, .F. ) ;
#6019 = VECTOR ( 'NONE', #4377, 1000.000000000000000 ) ;
#6020 = VERTEX_POINT ( 'NONE', #5940 ) ;
#6021 = LINE ( 'NONE', #1996, #3790 ) ;
#6022 = ORIENTED_EDGE ( 'NONE', *, *, #1800, .F. ) ;
#6023 = VECTOR ( 'NONE', #1058, 1000.000000000000000 ) ;
#6024 = LINE ( 'NONE', #2969, #1412 ) ;
#6025 = ORIENTED_EDGE ( 'NONE', *, *, #1612, .F. ) ;
#6026 = DIRECTION ( 'NONE',  ( -1.239088197126289831E-16, 2.478176394252580155E-16, -1.000000000000000000 ) ) ;
#6027 = EDGE_LOOP ( 'NONE', ( #58, #2325, #806, #4720 ) ) ;
#6028 = DIRECTION ( 'NONE',  ( 0.000000000000000000, 1.000000000000000000, 0.000000000000000000 ) ) ;
#6029 = VECTOR ( 'NONE', #4517, 1000.000000000000000 ) ;
#6030 = EDGE_CURVE ( 'NONE', #2214, #2780, #6449, .T. ) ;
#6031 = DIRECTION ( 'NONE',  ( -1.000000000000000000, 7.196257205262310555E-32, -2.168404344971010101E-16 ) ) ;
#6032 = AXIS2_PLACEMENT_3D ( 'NONE', #3092, #4125, #2627 ) ;
#6033 = FACE_OUTER_BOUND ( 'NONE', #3958, .T. ) ;
#6034 = CARTESIAN_POINT ( 'NONE',  ( 1.200000000000001510, -4.336808689942014778E-16, 2.250000000000000000 ) ) ;
#6035 = ORIENTED_EDGE ( 'NONE', *, *, #297, .F. ) ;
#6036 = CARTESIAN_POINT ( 'NONE',  ( -12.24999999999999822, -3.399999999999999911, 0.8000000000000000444 ) ) ;
#6037 = CONTEXT_DEPENDENT_SHAPE_REPRESENTATION ( #3276, #2329 ) ;
#6038 = EDGE_CURVE ( 'NONE', #3170, #2240, #5444, .T. ) ;
#6039 = ORIENTED_EDGE ( 'NONE', *, *, #97, .T. ) ;
#6040 = LINE ( 'NONE', #3578, #3012 ) ;
#6041 = FACE_OUTER_BOUND ( 'NONE', #3728, .T. ) ;
#6042 = LINE ( 'NONE', #3518, #2706 ) ;
#6043 = ORIENTED_EDGE ( 'NONE', *, *, #5524, .F. ) ;
#6044 = DIRECTION ( 'NONE',  ( 1.519869053105245017E-47, 0.000000000000000000, 1.000000000000000000 ) ) ;
#6045 = DIRECTION ( 'NONE',  ( 0.000000000000000000, 1.000000000000000000, 1.927470528863119788E-16 ) ) ;
#6046 = CARTESIAN_POINT ( 'NONE',  ( 15.94999999999999929, 6.000000000000000000, 2.250000000000000000 ) ) ;
#6047 = ORIENTED_EDGE ( 'NONE', *, *, #5375, .T. ) ;
#6048 = LINE ( 'NONE', #3056, #5547 ) ;
#6049 = EDGE_CURVE ( 'NONE', #3249, #2254, #2989, .T. ) ;
#6050 = DIRECTION ( 'NONE',  ( 3.504579431022969726E-32, 1.000000000000000000, 2.478176394252580155E-16 ) ) ;
#6051 = EDGE_LOOP ( 'NONE', ( #5673, #3597, #5294, #3303, #5937 ) ) ;
#6052 = LINE ( 'NONE', #3500, #3584 ) ;
#6053 = ORIENTED_EDGE ( 'NONE', *, *, #2609, .T. ) ;
#6054 = PLANE ( 'NONE',  #5029 ) ;
#6055 = ORIENTED_EDGE ( 'NONE', *, *, #3793, .T. ) ;
#6056 = FACE_BOUND ( 'NONE', #2514, .T. ) ;
#6057 = VERTEX_POINT ( 'NONE', #4452 ) ;
#6058 = CARTESIAN_POINT ( 'NONE',  ( 9.750000000000000000, 1.750000000000000000, 0.2999999999999999889 ) ) ;
#6059 = DIRECTION ( 'NONE',  ( 0.000000000000000000, 0.7071067811865460184, -0.7071067811865489050 ) ) ;
#6060 = LINE ( 'NONE', #499, #5030 ) ;
#6061 = CARTESIAN_POINT ( 'NONE',  ( -11.19999999999999929, 0.2000000000000000111, 2.250000000000000000 ) ) ;
#6062 = EDGE_CURVE ( 'NONE', #4857, #1880, #5045, .T. ) ;
#6063 = EDGE_LOOP ( 'NONE', ( #1434, #2970, #1231, #6340 ) ) ;
#6064 = DIRECTION ( 'NONE',  ( 0.000000000000000000, -4.336808689942020201E-16, 1.000000000000000000 ) ) ;
#6065 = CONTEXT_DEPENDENT_SHAPE_REPRESENTATION ( #3998, #2699 ) ;
#6066 = VERTEX_POINT ( 'NONE', #1422 ) ;
#6067 = FACE_OUTER_BOUND ( 'NONE', #4843, .T. ) ;
#6068 = LINE ( 'NONE', #3635, #1160 ) ;
#6069 = CARTESIAN_POINT ( 'NONE',  ( 12.80000000000000071, -4.336808689942014778E-16, 2.250000000000000000 ) ) ;
#6070 = VERTEX_POINT ( 'NONE', #1948 ) ;
#6071 = LINE ( 'NONE', #6138, #3779 ) ;
#6072 = DIRECTION ( 'NONE',  ( -1.000000000000000000, 0.000000000000000000, 0.000000000000000000 ) ) ;
#6073 = DIRECTION ( 'NONE',  ( -1.000000000000000000, 0.000000000000000000, 0.000000000000000000 ) ) ;
#6074 = VERTEX_POINT ( 'NONE', #6480 ) ;
#6075 = VECTOR ( 'NONE', #6168, 1000.000000000000000 ) ;
#6076 = LINE ( 'NONE', #5614, #5015 ) ;
#6077 = DIRECTION ( 'NONE',  ( -1.000000000000000000, 0.000000000000000000, 0.000000000000000000 ) ) ;
#6078 = EDGE_LOOP ( 'NONE', ( #5117, #1898, #5102, #86 ) ) ;
#6079 = VECTOR ( 'NONE', #671, 1000.000000000000000 ) ;
#6080 = PLANE ( 'NONE',  #4113 ) ;
#6081 = EDGE_CURVE ( 'NONE', #2277, #1530, #1491, .T. ) ;
#6082 = ORIENTED_EDGE ( 'NONE', *, *, #6017, .T. ) ;
#6083 = AXIS2_PLACEMENT_3D ( 'NONE', #6336, #4794, #236 ) ;
#6084 = LINE ( 'NONE', #1468, #4496 ) ;
#6085 = ORIENTED_EDGE ( 'NONE', *, *, #2183, .F. ) ;
#6086 = CARTESIAN_POINT ( 'NONE',  ( -0.7999999999999986011, 0.2000000000000000111, 0.8000000000000000444 ) ) ;
#6087 = ORIENTED_EDGE ( 'NONE', *, *, #105, .T. ) ;
#6088 = AXIS2_PLACEMENT_3D ( 'NONE', #2297, #1832, #2801 ) ;
#6089 = LINE ( 'NONE', #899, #1397 ) ;
#6090 = DIRECTION ( 'NONE',  ( -1.000000000000000000, 0.000000000000000000, 0.000000000000000000 ) ) ;
#6091 = DIRECTION ( 'NONE',  ( 0.000000000000000000, -1.000000000000000000, 0.000000000000000000 ) ) ;
#6092 = EDGE_LOOP ( 'NONE', ( #6266, #2698, #4195, #3203 ) ) ;
#6093 = CARTESIAN_POINT ( 'NONE',  ( -0.7999999999999986011, -4.336808689942014778E-16, -2.250000000000000000 ) ) ;
#6094 = EDGE_CURVE ( 'NONE', #4557, #3682, #3987, .T. ) ;
#6095 = ORIENTED_EDGE ( 'NONE', *, *, #3929, .F. ) ;
#6096 = DIRECTION ( 'NONE',  ( -1.000000000000000000, 0.000000000000000000, 2.168404344971010101E-16 ) ) ;
#6097 = DIRECTION ( 'NONE',  ( 0.000000000000000000, 4.336808689942020201E-16, -1.000000000000000000 ) ) ;
#6098 = DIRECTION ( 'NONE',  ( 0.000000000000000000, 0.000000000000000000, -1.000000000000000000 ) ) ;
#6099 = ADVANCED_FACE ( 'NONE', ( #6545 ), #3493, .F. ) ;
#6100 = VERTEX_POINT ( 'NONE', #449 ) ;
#6101 = LINE ( 'NONE', #1984, #6546 ) ;
#6102 = VECTOR ( 'NONE', #1514, 1000.000000000000000 ) ;
#6103 =( LENGTH_UNIT ( ) NAMED_UNIT ( * ) SI_UNIT ( .MILLI., .METRE. ) );
#6104 = EDGE_CURVE ( 'NONE', #5905, #2559, #2522, .T. ) ;
#6105 = EDGE_LOOP ( 'NONE', ( #5154, #2461, #666, #1108 ) ) ;
#6106 = VECTOR ( 'NONE', #4724, 1000.000000000000000 ) ;
#6107 = FACE_OUTER_BOUND ( 'NONE', #886, .T. ) ;
#6108 = DIRECTION ( 'NONE',  ( 0.000000000000000000, 1.927470528863119788E-16, -1.000000000000000000 ) ) ;
#6109 = VERTEX_POINT ( 'NONE', #2959 ) ;
#6110 = CARTESIAN_POINT ( 'NONE',  ( -11.75000000000000000, -3.399999999999999911, 0.2999999999999999889 ) ) ;
#6111 = VECTOR ( 'NONE', #109, 1000.000000000000000 ) ;
#6112 = PRODUCT_RELATED_PRODUCT_CATEGORY ( 'part', '', ( #1431 ) ) ;
#6113 =( REPRESENTATION_RELATIONSHIP ('NONE','NONE', #6187, #2070 ) REPRESENTATION_RELATIONSHIP_WITH_TRANSFORMATION ( #2444 )SHAPE_REPRESENTATION_RELATIONSHIP( ) );
#6114 = VERTEX_POINT ( 'NONE', #4554 ) ;
#6115 = VECTOR ( 'NONE', #3574, 1000.000000000000000 ) ;
#6116 = CARTESIAN_POINT ( 'NONE',  ( -10.05000000000000071, 0.8299999999999999600, 2.250000000000000000 ) ) ;
#6117 = CARTESIAN_POINT ( 'NONE',  ( -0.7999999999999986011, -4.336808689942014778E-16, 2.250000000000000000 ) ) ;
#6118 = PLANE ( 'NONE',  #4311 ) ;
#6119 = ORIENTED_EDGE ( 'NONE', *, *, #1881, .T. ) ;
#6120 = CARTESIAN_POINT ( 'NONE',  ( 11.75000000000000178, -3.399999999999999911, 0.2999999999999999889 ) ) ;
#6121 = EDGE_CURVE ( 'NONE', #5897, #5385, #351, .T. ) ;
#6122 = AXIS2_PLACEMENT_3D ( 'NONE', #3960, #5019, #4563 ) ;
#6123 = CARTESIAN_POINT ( 'NONE',  ( 9.199999999999999289, -4.336808689942014778E-16, 2.250000000000000000 ) ) ;
#6124 = EDGE_CURVE ( 'NONE', #3105, #3873, #4982, .T. ) ;
#6125 = AXIS2_PLACEMENT_3D ( 'NONE', #6210, #3187, #3683 ) ;
#6126 = FACE_OUTER_BOUND ( 'NONE', #3319, .T. ) ;
#6127 = ORIENTED_EDGE ( 'NONE', *, *, #5623, .F. ) ;
#6128 = EDGE_CURVE ( 'NONE', #6114, #2877, #4053, .T. ) ;
#6129 = DIRECTION ( 'NONE',  ( 1.000000000000000000, 0.000000000000000000, 0.000000000000000000 ) ) ;
#6130 = CONTEXT_DEPENDENT_SHAPE_REPRESENTATION ( #2375, #1263 ) ;
#6131 =( GEOMETRIC_REPRESENTATION_CONTEXT ( 3 ) GLOBAL_UNCERTAINTY_ASSIGNED_CONTEXT ( ( #1620 ) ) GLOBAL_UNIT_ASSIGNED_CONTEXT ( ( #15, #3640, #5804 ) ) REPRESENTATION_CONTEXT ( 'NONE', 'WORKASPACE' ) );
#6132 = ORIENTED_EDGE ( 'NONE', *, *, #2551, .F. ) ;
#6133 = PLANE ( 'NONE',  #2259 ) ;
#6134 = LINE ( 'NONE', #4109, #785 ) ;
#6135 = LINE ( 'NONE', #1578, #6212 ) ;
#6136 = EDGE_CURVE ( 'NONE', #2295, #3883, #1986, .T. ) ;
#6137 = ORIENTED_EDGE ( 'NONE', *, *, #4442, .T. ) ;
#6138 = CARTESIAN_POINT ( 'NONE',  ( -5.250000000000000000, 5.000000000000000000, 0.2999999999999999889 ) ) ;
#6139 = EDGE_CURVE ( 'NONE', #5067, #240, #448, .T. ) ;
#6140 = ORIENTED_EDGE ( 'NONE', *, *, #4956, .T. ) ;
#6141 = DIRECTION ( 'NONE',  ( 3.504579431022969726E-32, 1.000000000000000000, 2.478176394252580155E-16 ) ) ;
#6142 = CARTESIAN_POINT ( 'NONE',  ( 15.94999999999999929, 0.8299999999999999600, 2.250000000000000000 ) ) ;
#6143 = EDGE_CURVE ( 'NONE', #5264, #2850, #880, .T. ) ;
#6144 = EDGE_LOOP ( 'NONE', ( #3135, #223, #4067, #2099 ) ) ;
#6145 = CARTESIAN_POINT ( 'NONE',  ( 15.29999999999999893, 1.750000000000000000, 1.649999999999999911 ) ) ;
#6146 = VERTEX_POINT ( 'NONE', #3393 ) ;
#6147 = DIRECTION ( 'NONE',  ( 0.000000000000000000, 0.000000000000000000, 1.000000000000000000 ) ) ;
#6148 = FACE_OUTER_BOUND ( 'NONE', #5243, .T. ) ;
#6149 = EDGE_CURVE ( 'NONE', #2799, #5750, #5414, .T. ) ;
#6150 = CARTESIAN_POINT ( 'NONE',  ( -6.249999999999998224, 0.2000000000000000111, 0.8000000000000000444 ) ) ;
#6151 = EDGE_LOOP ( 'NONE', ( #582, #5143, #1750, #6459 ) ) ;
#6152 = DIRECTION ( 'NONE',  ( 0.000000000000000000, -2.478176394252580155E-16, 1.000000000000000000 ) ) ;
#6153 = DIRECTION ( 'NONE',  ( 0.000000000000000000, -2.478176394252580155E-16, 1.000000000000000000 ) ) ;
#6154 = ORIENTED_EDGE ( 'NONE', *, *, #6094, .F. ) ;
#6155 = LINE ( 'NONE', #3233, #1333 ) ;
#6156 = ORIENTED_EDGE ( 'NONE', *, *, #2054, .F. ) ;
#6157 = DIRECTION ( 'NONE',  ( 0.000000000000000000, 1.000000000000000000, 0.000000000000000000 ) ) ;
#6158 = EDGE_CURVE ( 'NONE', #1239, #6146, #847, .T. ) ;
#6159 = ORIENTED_EDGE ( 'NONE', *, *, #4062, .T. ) ;
#6160 = DIRECTION ( 'NONE',  ( 0.000000000000000000, 1.000000000000000000, 0.000000000000000000 ) ) ;
#6161 = DIRECTION ( 'NONE',  ( 1.000000000000000000, 0.000000000000000000, 0.000000000000000000 ) ) ;
#6162 = CARTESIAN_POINT ( 'NONE',  ( 10.79999999999999893, 0.2000000000000000111, 2.250000000000000000 ) ) ;
#6163 = ORIENTED_EDGE ( 'NONE', *, *, #6143, .F. ) ;
#6164 = CARTESIAN_POINT ( 'NONE',  ( 15.94999999999999929, 0.000000000000000000, 0.000000000000000000 ) ) ;
#6165 = DIRECTION ( 'NONE',  ( 0.000000000000000000, 0.000000000000000000, 1.000000000000000000 ) ) ;
#6166 = EDGE_CURVE ( 'NONE', #5768, #226, #5577, .T. ) ;
#6167 = ORIENTED_EDGE ( 'NONE', *, *, #1481, .T. ) ;
#6168 = DIRECTION ( 'NONE',  ( 1.000000000000000000, 0.000000000000000000, 0.000000000000000000 ) ) ;
#6169 = CARTESIAN_POINT ( 'NONE',  ( -5.250000000000000000, 4.700000000000000178, 0.2999999999999999889 ) ) ;
#6170 = ORIENTED_EDGE ( 'NONE', *, *, #4181, .F. ) ;
#6171 = DIRECTION ( 'NONE',  ( 0.000000000000000000, 0.000000000000000000, 1.000000000000000000 ) ) ;
#6172 = VECTOR ( 'NONE', #5531, 1000.000000000000000 ) ;
#6173 = EDGE_LOOP ( 'NONE', ( #5274, #895, #968, #713 ) ) ;
#6174 = CARTESIAN_POINT ( 'NONE',  ( -12.79999999999999893, 0.2000000000000000111, -2.250000000000000000 ) ) ;
#6175 = LINE ( 'NONE', #3654, #2852 ) ;
#6176 = VECTOR ( 'NONE', #3851, 1000.000000000000000 ) ;
#6177 = DIRECTION ( 'NONE',  ( 0.000000000000000000, -0.8944271909999158554, -0.4472135954999579277 ) ) ;
#6178 = ORIENTED_EDGE ( 'NONE', *, *, #4267, .F. ) ;
#6179 = CARTESIAN_POINT ( 'NONE',  ( -12.24999999999999822, 0.2000000000000000111, -2.250000000000000000 ) ) ;
#6180 = EDGE_CURVE ( 'NONE', #5850, #1883, #1634, .T. ) ;
#6181 = EDGE_CURVE ( 'NONE', #2240, #3162, #2130, .T. ) ;
#6182 = FACE_OUTER_BOUND ( 'NONE', #1817, .T. ) ;
#6183 = ORIENTED_EDGE ( 'NONE', *, *, #5108, .T. ) ;
#6184 = DIRECTION ( 'NONE',  ( -1.000000000000000000, 0.000000000000000000, 0.000000000000000000 ) ) ;
#6185 = ORIENTED_EDGE ( 'NONE', *, *, #1071, .F. ) ;
#6186 = VECTOR ( 'NONE', #4271, 1000.000000000000000 ) ;
#6187 = SHAPE_REPRESENTATION ( 'B15B-PH-K-S', ( #5613, #1037, #4028, #6571, #3277, #6361, #3066, #4757, #5081, #1574, #3495, #1893, #4558, #604, #1787, #3695, #5506 ), #1365 ) ;
#6188 = CARTESIAN_POINT ( 'NONE',  ( -3.199999999999999734, 0.2000000000000000111, -2.250000000000000000 ) ) ;
#6189 = VECTOR ( 'NONE', #4404, 1000.000000000000000 ) ;
#6190 = DIRECTION ( 'NONE',  ( 0.000000000000000000, 1.000000000000000000, 0.000000000000000000 ) ) ;
#6191 = VECTOR ( 'NONE', #3561, 1000.000000000000000 ) ;
#6192 = ORIENTED_EDGE ( 'NONE', *, *, #3138, .F. ) ;
#6193 = AXIS2_PLACEMENT_3D ( 'NONE', #3196, #691, #5222 ) ;
#6194 = FACE_BOUND ( 'NONE', #3529, .T. ) ;
#6195 = CARTESIAN_POINT ( 'NONE',  ( -5.250000000000000000, -3.100000000000000089, 0.2999999999999999889 ) ) ;
#6196 = FACE_OUTER_BOUND ( 'NONE', #3501, .T. ) ;
#6197 = ORIENTED_EDGE ( 'NONE', *, *, #5322, .T. ) ;
#6198 = CARTESIAN_POINT ( 'NONE',  ( 7.200000000000001954, 0.2000000000000000111, -2.250000000000000000 ) ) ;
#6199 = EDGE_CURVE ( 'NONE', #5887, #6057, #2671, .T. ) ;
#6200 = VECTOR ( 'NONE', #1622, 1000.000000000000000 ) ;
#6201 = CARTESIAN_POINT ( 'NONE',  ( 18.99999999999999645, 0.000000000000000000, 0.000000000000000000 ) ) ;
#6202 = ORIENTED_EDGE ( 'NONE', *, *, #5375, .F. ) ;
#6203 = CARTESIAN_POINT ( 'NONE',  ( 2.800000000000000266, 0.2000000000000000111, 2.250000000000000000 ) ) ;
#6204 = VECTOR ( 'NONE', #3120, 1000.000000000000000 ) ;
#6205 = AXIS2_PLACEMENT_3D ( 'NONE', #616, #4288, #3261 ) ;
#6206 = CARTESIAN_POINT ( 'NONE',  ( -4.802363520876769876, -3.243867591212055146, 0.3523635208767664784 ) ) ;
#6207 = EDGE_LOOP ( 'NONE', ( #3073, #3723, #1743, #2066 ) ) ;
#6208 = EDGE_LOOP ( 'NONE', ( #1839, #3150, #1861, #2052 ) ) ;
#6209 = EDGE_CURVE ( 'NONE', #201, #3426, #1201, .T. ) ;
#6210 = CARTESIAN_POINT ( 'NONE',  ( -15.19999999999999751, 4.250000000000000000, -2.623757129271619970 ) ) ;
#6211 = VECTOR ( 'NONE', #6506, 999.9999999999998863 ) ;
#6212 = VECTOR ( 'NONE', #3609, 1000.000000000000000 ) ;
#6213 = ORIENTED_EDGE ( 'NONE', *, *, #4366, .T. ) ;
#6214 = DIRECTION ( 'NONE',  ( -1.000000000000000000, -2.710505431213760099E-16, 0.000000000000000000 ) ) ;
#6215 = EDGE_CURVE ( 'NONE', #5269, #3143, #5227, .T. ) ;
#6216 = EDGE_CURVE ( 'NONE', #5760, #707, #1672, .T. ) ;
#6217 = LINE ( 'NONE', #4152, #1737 ) ;
#6218 = DIRECTION ( 'NONE',  ( 0.000000000000000000, 1.198194479848324020E-16, -1.000000000000000000 ) ) ;
#6219 = CARTESIAN_POINT ( 'NONE',  ( 5.750000000000003553, -3.399999999999999911, 0.8000000000000000444 ) ) ;
#6220 = AXIS2_PLACEMENT_3D ( 'NONE', #6531, #1034, #1970 ) ;
#6221 = EDGE_LOOP ( 'NONE', ( #622, #5058, #5446, #5399 ) ) ;
#6222 = LINE ( 'NONE', #95, #2734 ) ;
#6223 = ORIENTED_EDGE ( 'NONE', *, *, #5605, .T. ) ;
#6224 = VECTOR ( 'NONE', #1531, 1000.000000000000000 ) ;
#6225 = CARTESIAN_POINT ( 'NONE',  ( 9.950000000000001066, 4.336808689942014778E-16, -2.250000000000000000 ) ) ;
#6226 = PLANE ( 'NONE',  #1440 ) ;
#6227 = VERTEX_POINT ( 'NONE', #5262 ) ;
#6228 = DIRECTION ( 'NONE',  ( -0.7071067811865489050, 0.7071067811865460184, 0.000000000000000000 ) ) ;
#6229 = VECTOR ( 'NONE', #4196, 1000.000000000000000 ) ;
#6230 = EDGE_CURVE ( 'NONE', #2955, #2964, #5758, .T. ) ;
#6231 = CARTESIAN_POINT ( 'NONE',  ( -9.199999999999999289, 0.2000000000000000111, 2.250000000000000000 ) ) ;
#6232 = EDGE_CURVE ( 'NONE', #649, #2318, #697, .T. ) ;
#6233 = VERTEX_POINT ( 'NONE', #137 ) ;
#6234 = VECTOR ( 'NONE', #787, 1000.000000000000000 ) ;
#6235 = DIRECTION ( 'NONE',  ( 1.000000000000000000, -3.504579431022969726E-32, 0.000000000000000000 ) ) ;
#6236 = CARTESIAN_POINT ( 'NONE',  ( 11.75000000000000178, -3.399999999999999911, 0.2999999999999999889 ) ) ;
#6237 = CARTESIAN_POINT ( 'NONE',  ( 5.200000000000002842, -4.336808689942014778E-16, 2.250000000000000000 ) ) ;
#6238 = EDGE_CURVE ( 'NONE', #5864, #854, #1705, .T. ) ;
#6239 = VERTEX_POINT ( 'NONE', #172 ) ;
#6240 = CARTESIAN_POINT ( 'NONE',  ( 14.79999999999999893, -4.336808689942014778E-16, 2.250000000000000000 ) ) ;
#6241 = DIRECTION ( 'NONE',  ( 1.000000000000000000, 0.000000000000000000, 0.000000000000000000 ) ) ;
#6242 = VECTOR ( 'NONE', #4026, 1000.000000000000000 ) ;
#6243 = ORIENTED_EDGE ( 'NONE', *, *, #2109, .F. ) ;
#6244 = DIRECTION ( 'NONE',  ( 0.000000000000000000, -1.000000000000000000, 0.000000000000000000 ) ) ;
#6245 = APPLICATION_CONTEXT ( 'automotive_design' ) ;
#6246 = VECTOR ( 'NONE', #420, 1000.000000000000000 ) ;
#6247 = CARTESIAN_POINT ( 'NONE',  ( -0.2499999999999985012, -3.399999999999999911, 0.2999999999999999889 ) ) ;
#6248 = VERTEX_POINT ( 'NONE', #6265 ) ;
#6249 = ORIENTED_EDGE ( 'NONE', *, *, #4914, .F. ) ;
#6250 = DIRECTION ( 'NONE',  ( -0.000000000000000000, 1.000000000000000000, 0.000000000000000000 ) ) ;
#6251 = ORIENTED_EDGE ( 'NONE', *, *, #5196, .T. ) ;
#6252 = EDGE_CURVE ( 'NONE', #5067, #2086, #4584, .T. ) ;
#6253 = DIRECTION ( 'NONE',  ( 0.000000000000000000, -1.000000000000000000, 0.000000000000000000 ) ) ;
#6254 = DIRECTION ( 'NONE',  ( 0.000000000000000000, 1.000000000000000000, 0.000000000000000000 ) ) ;
#6255 = FACE_OUTER_BOUND ( 'NONE', #3760, .T. ) ;
#6256 = LINE ( 'NONE', #1087, #5157 ) ;
#6257 = ORIENTED_EDGE ( 'NONE', *, *, #2454, .T. ) ;
#6258 = CARTESIAN_POINT ( 'NONE',  ( -4.750000000000000000, -3.100000000000000089, 0.8000000000000000444 ) ) ;
#6259 = ORIENTED_EDGE ( 'NONE', *, *, #3394, .F. ) ;
#6260 = DIRECTION ( 'NONE',  ( 0.000000000000000000, 1.000000000000000000, 0.000000000000000000 ) ) ;
#6261 = EDGE_LOOP ( 'NONE', ( #940, #1234, #3979, #1715 ) ) ;
#6262 = PLANE ( 'NONE',  #1967 ) ;
#6263 = ORIENTED_EDGE ( 'NONE', *, *, #5104, .F. ) ;
#6264 = DIRECTION ( 'NONE',  ( 0.5773502691896277295, 0.5773502691896237327, 0.5773502691896256200 ) ) ;
#6265 = CARTESIAN_POINT ( 'NONE',  ( -12.79999999999999893, 0.2000000000000000111, -2.250000000000000000 ) ) ;
#6266 = ORIENTED_EDGE ( 'NONE', *, *, #4350, .T. ) ;
#6267 = CARTESIAN_POINT ( 'NONE',  ( -12.24999999999999822, -3.399999999999999911, 0.2999999999999999889 ) ) ;
#6268 = EDGE_CURVE ( 'NONE', #5579, #226, #3173, .T. ) ;
#6269 = DIRECTION ( 'NONE',  ( 0.000000000000000000, -1.000000000000000000, 0.000000000000000000 ) ) ;
#6270 = DIRECTION ( 'NONE',  ( 0.000000000000000000, 1.000000000000000000, 0.000000000000000000 ) ) ;
#6271 = VERTEX_POINT ( 'NONE', #2166 ) ;
#6272 = CARTESIAN_POINT ( 'NONE',  ( 7.200000000000001954, -4.336808689942014778E-16, 2.250000000000000000 ) ) ;
#6273 = DIRECTION ( 'NONE',  ( -1.000000000000000000, 0.000000000000000000, 6.982962677686266711E-15 ) ) ;
#6274 = ORIENTED_EDGE ( 'NONE', *, *, #1751, .F. ) ;
#6275 = FACE_OUTER_BOUND ( 'NONE', #2393, .T. ) ;
#6276 = DIRECTION ( 'NONE',  ( 1.000000000000000000, -3.504579431022969726E-32, -1.519869053105245017E-47 ) ) ;
#6277 = ORIENTED_EDGE ( 'NONE', *, *, #5013, .F. ) ;
#6278 = ORIENTED_EDGE ( 'NONE', *, *, #4356, .F. ) ;
#6279 = LINE ( 'NONE', #5908, #2845 ) ;
#6280 = ORIENTED_EDGE ( 'NONE', *, *, #1380, .F. ) ;
#6281 = DIRECTION ( 'NONE',  ( 0.000000000000000000, 0.000000000000000000, 1.000000000000000000 ) ) ;
#6282 = CARTESIAN_POINT ( 'NONE',  ( -8.799999999999998934, 0.2000000000000000111, 2.250000000000000000 ) ) ;
#6283 = DIRECTION ( 'NONE',  ( 1.000000000000000000, 0.000000000000000000, 0.000000000000000000 ) ) ;
#6284 = CARTESIAN_POINT ( 'NONE',  ( -15.29999999999999893, 4.500000000000000000, -0.1200000000000000094 ) ) ;
#6285 = VERTEX_POINT ( 'NONE', #3702 ) ;
#6286 = VECTOR ( 'NONE', #1256, 1000.000000000000000 ) ;
#6287 = DIRECTION ( 'NONE',  ( 1.000000000000000000, 0.000000000000000000, 0.000000000000000000 ) ) ;
#6288 = ADVANCED_FACE ( 'NONE', ( #1168 ), #3733, .T. ) ;
#6289 = ORIENTED_EDGE ( 'NONE', *, *, #3833, .T. ) ;
#6290 = DIRECTION ( 'NONE',  ( 1.519869053105245017E-47, 0.000000000000000000, 1.000000000000000000 ) ) ;
#6291 = ORIENTED_EDGE ( 'NONE', *, *, #3581, .F. ) ;
#6292 = DIRECTION ( 'NONE',  ( -1.000000000000000000, -2.710505431213760099E-16, 0.000000000000000000 ) ) ;
#6293 = ORIENTED_EDGE ( 'NONE', *, *, #1380, .T. ) ;
#6294 = DIRECTION ( 'NONE',  ( 0.000000000000000000, -4.336808689942020201E-16, 1.000000000000000000 ) ) ;
#6295 = EDGE_CURVE ( 'NONE', #5569, #6285, #2059, .T. ) ;
#6296 = ORIENTED_EDGE ( 'NONE', *, *, #5884, .F. ) ;
#6297 = CARTESIAN_POINT ( 'NONE',  ( -4.750000000000000000, -0.9517188593945330455, 0.6595507669277020923 ) ) ;
#6298 = AXIS2_PLACEMENT_3D ( 'NONE', #4002, #1959, #459 ) ;
#6299 = VECTOR ( 'NONE', #536, 1000.000000000000000 ) ;
#6300 = FACE_OUTER_BOUND ( 'NONE', #5720, .T. ) ;
#6301 = ADVANCED_FACE ( 'NONE', ( #369 ), #5994, .T. ) ;
#6302 = LINE ( 'NONE', #1173, #4719 ) ;
#6303 = ORIENTED_EDGE ( 'NONE', *, *, #4882, .F. ) ;
#6304 = CARTESIAN_POINT ( 'NONE',  ( -0.2499999999999985012, -3.399999999999999911, 0.2999999999999999889 ) ) ;
#6305 = VECTOR ( 'NONE', #5653, 1000.000000000000000 ) ;
#6306 = ORIENTED_EDGE ( 'NONE', *, *, #5293, .T. ) ;
#6307 = DIRECTION ( 'NONE',  ( 0.000000000000000000, 1.000000000000000000, 0.000000000000000000 ) ) ;
#6308 = EDGE_CURVE ( 'NONE', #3895, #5952, #1935, .T. ) ;
#6309 = LINE ( 'NONE', #1180, #2934 ) ;
#6310 = VECTOR ( 'NONE', #5525, 1000.000000000000000 ) ;
#6311 = ORIENTED_EDGE ( 'NONE', *, *, #4873, .T. ) ;
#6312 = EDGE_LOOP ( 'NONE', ( #1827, #6087, #2221, #757 ) ) ;
#6313 = DIRECTION ( 'NONE',  ( -2.522858432348305322E-32, 1.000000000000000000, 0.000000000000000000 ) ) ;
#6314 = EDGE_CURVE ( 'NONE', #5750, #6396, #4468, .T. ) ;
#6315 = PRODUCT_DEFINITION_SHAPE ( 'NONE', 'NONE',  #6587 ) ;
#6316 = ORIENTED_EDGE ( 'NONE', *, *, #5523, .F. ) ;
#6317 = VECTOR ( 'NONE', #4222, 1000.000000000000000 ) ;
#6318 = CARTESIAN_POINT ( 'NONE',  ( -0.2499999999999985012, 1.750000000000000000, 0.8000000000000000444 ) ) ;
#6319 = LINE ( 'NONE', #5848, #891 ) ;
#6320 = LINE ( 'NONE', #3792, #563 ) ;
#6321 = ORIENTED_EDGE ( 'NONE', *, *, #5415, .T. ) ;
#6322 = CARTESIAN_POINT ( 'NONE',  ( 2.800000000000000266, -4.336808689942014778E-16, 2.250000000000000000 ) ) ;
#6323 = VECTOR ( 'NONE', #5370, 1000.000000000000000 ) ;
#6324 = ORIENTED_EDGE ( 'NONE', *, *, #4600, .F. ) ;
#6325 = ADVANCED_FACE ( 'NONE', ( #4095 ), #4593, .T. ) ;
#6326 = VECTOR ( 'NONE', #6292, 1000.000000000000000 ) ;
#6327 = DIRECTION ( 'NONE',  ( 1.084202172485503818E-16, 1.000000000000000000, 2.036060417813154872E-16 ) ) ;
#6328 = VERTEX_POINT ( 'NONE', #5957 ) ;
#6329 = CARTESIAN_POINT ( 'NONE',  ( -3.199999999999999734, 0.2000000000000000111, -2.250000000000000000 ) ) ;
#6330 = VERTEX_POINT ( 'NONE', #6117 ) ;
#6331 = PLANE ( 'NONE',  #4208 ) ;
#6332 = VECTOR ( 'NONE', #5766, 1000.000000000000000 ) ;
#6333 = VECTOR ( 'NONE', #3361, 1000.000000000000000 ) ;
#6334 = ORIENTED_EDGE ( 'NONE', *, *, #3047, .T. ) ;
#6335 = EDGE_CURVE ( 'NONE', #6100, #857, #406, .T. ) ;
#6336 = CARTESIAN_POINT ( 'NONE',  ( -7.750000000000000000, -3.399999999999999911, 0.2999999999999999889 ) ) ;
#6337 = CARTESIAN_POINT ( 'NONE',  ( 13.74999999999999822, 6.000000000000000000, 0.2999999999999999889 ) ) ;
#6338 = VECTOR ( 'NONE', #6129, 1000.000000000000000 ) ;
#6339 = DIRECTION ( 'NONE',  ( 0.000000000000000000, -1.000000000000000000, 0.000000000000000000 ) ) ;
#6340 = ORIENTED_EDGE ( 'NONE', *, *, #2349, .T. ) ;
#6341 = DIRECTION ( 'NONE',  ( 0.000000000000000000, 4.336808689942020201E-16, -1.000000000000000000 ) ) ;
#6342 = ITEM_DEFINED_TRANSFORMATION ( 'NONE', 'NONE', #6361,  #819 ) ;
#6343 = EDGE_CURVE ( 'NONE', #5204, #954, #3937, .T. ) ;
#6344 = VECTOR ( 'NONE', #3600, 1000.000000000000000 ) ;
#6345 = ORIENTED_EDGE ( 'NONE', *, *, #2903, .F. ) ;
#6346 = LINE ( 'NONE', #3814, #3962 ) ;
#6347 = ADVANCED_FACE ( 'NONE', ( #1443 ), #3973, .F. ) ;
#6348 = CARTESIAN_POINT ( 'NONE',  ( -10.05000000000000071, 1.389999999999999902, 2.250000000000000000 ) ) ;
#6349 = ORIENTED_EDGE ( 'NONE', *, *, #6314, .T. ) ;
#6350 = VECTOR ( 'NONE', #2453, 1000.000000000000000 ) ;
#6351 = ORIENTED_EDGE ( 'NONE', *, *, #6421, .T. ) ;
#6352 = DIRECTION ( 'NONE',  ( 0.000000000000000000, -3.165553788278845372E-16, 1.000000000000000000 ) ) ;
#6353 = ORIENTED_EDGE ( 'NONE', *, *, #2807, .F. ) ;
#6354 = AXIS2_PLACEMENT_3D ( 'NONE', #846, #6009, #878 ) ;
#6355 = CARTESIAN_POINT ( 'NONE',  ( 0.2500000000000002220, -3.399999999999999911, 0.2999999999999999889 ) ) ;
#6356 = CYLINDRICAL_SURFACE ( 'NONE', #1103, 0.5000000000000000000 ) ;
#6357 = DIRECTION ( 'NONE',  ( 1.000000000000000000, 2.879349297788825203E-32, -1.414176746720221921E-16 ) ) ;
#6358 = EDGE_CURVE ( 'NONE', #6233, #694, #4623, .T. ) ;
#6359 = ORIENTED_EDGE ( 'NONE', *, *, #1290, .F. ) ;
#6360 = DIRECTION ( 'NONE',  ( 0.000000000000000000, 0.000000000000000000, 1.000000000000000000 ) ) ;
#6361 = AXIS2_PLACEMENT_3D ( 'NONE', #2139, #146, #5236 ) ;
#6362 = EDGE_LOOP ( 'NONE', ( #5842, #5468, #4666, #2641 ) ) ;
#6363 = EDGE_CURVE ( 'NONE', #3797, #1811, #3622, .T. ) ;
#6364 = DIRECTION ( 'NONE',  ( -0.3236155771181828955, 0.8891264907159897035, 0.3236155771181828955 ) ) ;
#6365 = ORIENTED_EDGE ( 'NONE', *, *, #82, .F. ) ;
#6366 = PLANE ( 'NONE',  #5473 ) ;
#6367 = EDGE_LOOP ( 'NONE', ( #5706, #5740, #6249, #3735 ) ) ;
#6368 = FACE_OUTER_BOUND ( 'NONE', #6261, .T. ) ;
#6369 = FACE_OUTER_BOUND ( 'NONE', #6144, .T. ) ;
#6370 = CARTESIAN_POINT ( 'NONE',  ( 15.94999999999999929, 1.389999999999999902, 2.250000000000000000 ) ) ;
#6371 = DIRECTION ( 'NONE',  ( -1.000000000000000000, 0.000000000000000000, 0.000000000000000000 ) ) ;
#6372 = CARTESIAN_POINT ( 'NONE',  ( -13.22499999999999964, 1.750000000000000000, -2.623757129271619970 ) ) ;
#6373 = ORIENTED_EDGE ( 'NONE', *, *, #870, .F. ) ;
#6374 = CARTESIAN_POINT ( 'NONE',  ( -4.249999999999998224, -3.399999999999999911, 0.8000000000000000444 ) ) ;
#6375 = DIRECTION ( 'NONE',  ( -1.000000000000000000, 0.000000000000000000, 6.982962677686266711E-15 ) ) ;
#6376 = EDGE_CURVE ( 'NONE', #2766, #5797, #1623, .T. ) ;
#6377 = VERTEX_POINT ( 'NONE', #3121 ) ;
#6378 = CARTESIAN_POINT ( 'NONE',  ( -14.24999999999999822, 6.000000000000000000, 0.8000000000000000444 ) ) ;
#6379 = FACE_OUTER_BOUND ( 'NONE', #2707, .T. ) ;
#6380 = ORIENTED_EDGE ( 'NONE', *, *, #2105, .F. ) ;
#6381 = DIRECTION ( 'NONE',  ( 0.000000000000000000, 1.927470528863119788E-16, -1.000000000000000000 ) ) ;
#6382 = ORIENTED_EDGE ( 'NONE', *, *, #5012, .T. ) ;
#6383 = CARTESIAN_POINT ( 'NONE',  ( -4.750000000000000000, 4.700000000000000178, 0.2999999999999999889 ) ) ;
#6384 = ADVANCED_FACE ( 'NONE', ( #3440, #6148 ), #5465, .F. ) ;
#6385 = ORIENTED_EDGE ( 'NONE', *, *, #4316, .F. ) ;
#6386 = CARTESIAN_POINT ( 'NONE',  ( 7.750000000000001776, -3.399999999999999911, 0.2999999999999999889 ) ) ;
#6387 = CARTESIAN_POINT ( 'NONE',  ( -5.000000000000000000, -2.419911892563235245, 0.2500000000000000000 ) ) ;
#6388 = DIRECTION ( 'NONE',  ( -1.000000000000000000, 0.000000000000000000, 0.000000000000000000 ) ) ;
#6389 = ORIENTED_EDGE ( 'NONE', *, *, #569, .F. ) ;
#6390 = CARTESIAN_POINT ( 'NONE',  ( -1.199999999999999734, 0.2000000000000000111, 2.250000000000000000 ) ) ;
#6391 = ORIENTED_EDGE ( 'NONE', *, *, #2387, .T. ) ;
#6392 = PLANE ( 'NONE',  #6088 ) ;
#6393 = VECTOR ( 'NONE', #3955, 1000.000000000000000 ) ;
#6394 = ORIENTED_EDGE ( 'NONE', *, *, #5623, .T. ) ;
#6395 = CARTESIAN_POINT ( 'NONE',  ( 1.750000000000001554, -3.399999999999999911, 0.2999999999999999889 ) ) ;
#6396 = VERTEX_POINT ( 'NONE', #2405 ) ;
#6397 = FACE_BOUND ( 'NONE', #2250, .T. ) ;
#6398 = ADVANCED_FACE ( 'NONE', ( #5115 ), #552, .F. ) ;
#6399 = ADVANCED_FACE ( 'NONE', ( #1086 ), #5151, .T. ) ;
#6400 = VECTOR ( 'NONE', #6141, 1000.000000000000000 ) ;
#6401 = ORIENTED_EDGE ( 'NONE', *, *, #3394, .T. ) ;
#6402 = FACE_OUTER_BOUND ( 'NONE', #1276, .T. ) ;
#6403 = LINE ( 'NONE', #1342, #4498 ) ;
#6404 = DIRECTION ( 'NONE',  ( -1.000000000000000000, 0.000000000000000000, 0.000000000000000000 ) ) ;
#6405 = ORIENTED_EDGE ( 'NONE', *, *, #183, .F. ) ;
#6406 = LINE ( 'NONE', #1781, #2941 ) ;
#6407 = APPLICATION_PROTOCOL_DEFINITION ( 'draft international standard', 'automotive_design', 1998, #1012 ) ;
#6408 = ORIENTED_EDGE ( 'NONE', *, *, #755, .T. ) ;
#6409 = PRESENTATION_LAYER_ASSIGNMENT (  '', '', ( #5230 ) ) ;
#6410 = LINE ( 'NONE', #4445, #3436 ) ;
#6411 = EDGE_CURVE ( 'NONE', #5954, #4522, #6175, .T. ) ;
#6412 = LINE ( 'NONE', #5410, #4191 ) ;
#6413 = ORIENTED_EDGE ( 'NONE', *, *, #3263, .T. ) ;
#6414 = DIRECTION ( 'NONE',  ( 1.519869053105245017E-47, 0.000000000000000000, 1.000000000000000000 ) ) ;
#6415 = LINE ( 'NONE', #384, #3164 ) ;
#6416 = FACE_OUTER_BOUND ( 'NONE', #1222, .T. ) ;
#6417 = VERTEX_POINT ( 'NONE', #2906 ) ;
#6418 = DIRECTION ( 'NONE',  ( -1.239088197126289831E-16, 3.165553788278845372E-16, -1.000000000000000000 ) ) ;
#6419 = ADVANCED_FACE ( 'NONE', ( #4968 ), #815, .T. ) ;
#6420 = CARTESIAN_POINT ( 'NONE',  ( -10.05000000000000071, 1.389999999999999902, 1.850000000000000089 ) ) ;
#6421 = EDGE_CURVE ( 'NONE', #2799, #5260, #3454, .T. ) ;
#6422 = EDGE_LOOP ( 'NONE', ( #703, #1686, #132, #2817 ) ) ;
#6423 = CARTESIAN_POINT ( 'NONE',  ( 4.250000000000000000, -3.399999999999999911, 0.8000000000000000444 ) ) ;
#6424 = ORIENTED_EDGE ( 'NONE', *, *, #5108, .F. ) ;
#6425 = LINE ( 'NONE', #4292, #2369 ) ;
#6426 = EDGE_CURVE ( 'NONE', #1395, #3715, #5478, .T. ) ;
#6427 = ORIENTED_EDGE ( 'NONE', *, *, #6128, .T. ) ;
#6428 = LINE ( 'NONE', #3403, #2929 ) ;
#6429 = VECTOR ( 'NONE', #1102, 1000.000000000000000 ) ;
#6430 = ORIENTED_EDGE ( 'NONE', *, *, #747, .T. ) ;
#6431 = FACE_BOUND ( 'NONE', #4182, .T. ) ;
#6432 = AXIS2_PLACEMENT_3D ( 'NONE', #5066, #5500, #3040 ) ;
#6433 = ORIENTED_EDGE ( 'NONE', *, *, #5272, .T. ) ;
#6434 = CARTESIAN_POINT ( 'NONE',  ( -14.24999999999999822, 0.2000000000000000111, 0.8000000000000000444 ) ) ;
#6435 = CARTESIAN_POINT ( 'NONE',  ( 4.250000000000000000, 0.2000000000000000111, -2.250000000000000000 ) ) ;
#6436 = CARTESIAN_POINT ( 'NONE',  ( -4.750000000000000000, -3.100000000000000089, 0.8000000000000000444 ) ) ;
#6437 = EDGE_CURVE ( 'NONE', #3637, #2235, #4876, .T. ) ;
#6438 = ORIENTED_EDGE ( 'NONE', *, *, #3181, .T. ) ;
#6439 = DIRECTION ( 'NONE',  ( -1.000000000000000000, 0.000000000000000000, 0.000000000000000000 ) ) ;
#6440 = AXIS2_PLACEMENT_3D ( 'NONE', #4206, #1610, #704 ) ;
#6441 = ORIENTED_EDGE ( 'NONE', *, *, #1933, .T. ) ;
#6442 = AXIS2_PLACEMENT_3D ( 'NONE', #5097, #2543, #4603 ) ;
#6443 = CARTESIAN_POINT ( 'NONE',  ( -13.19999999999999929, 0.2000000000000000111, -2.250000000000000000 ) ) ;
#6444 = EDGE_CURVE ( 'NONE', #17, #3305, #4354, .T. ) ;
#6445 = CARTESIAN_POINT ( 'NONE',  ( 13.19999999999999929, 0.2000000000000000111, -2.250000000000000000 ) ) ;
#6446 = ORIENTED_EDGE ( 'NONE', *, *, #5985, .F. ) ;
#6447 = FACE_OUTER_BOUND ( 'NONE', #6078, .T. ) ;
#6448 = DIRECTION ( 'NONE',  ( 3.504579431022969726E-32, 1.000000000000000000, 2.478176394252580155E-16 ) ) ;
#6449 = LINE ( 'NONE', #1887, #592 ) ;
#6450 =( GEOMETRIC_REPRESENTATION_CONTEXT ( 3 ) GLOBAL_UNCERTAINTY_ASSIGNED_CONTEXT ( ( #5620 ) ) GLOBAL_UNIT_ASSIGNED_CONTEXT ( ( #4534, #3566, #4039 ) ) REPRESENTATION_CONTEXT ( 'NONE', 'WORKASPACE' ) );
#6451 = ORIENTED_EDGE ( 'NONE', *, *, #4679, .T. ) ;
#6452 = LINE ( 'NONE', #452, #334 ) ;
#6453 = VECTOR ( 'NONE', #5824, 1000.000000000000000 ) ;
#6454 = DIRECTION ( 'NONE',  ( 0.000000000000000000, 0.000000000000000000, 1.000000000000000000 ) ) ;
#6455 = EDGE_LOOP ( 'NONE', ( #3748, #4115, #2181, #4038 ) ) ;
#6456 = CARTESIAN_POINT ( 'NONE',  ( -7.750000000000000000, 1.750000000000000000, 0.8000000000000000444 ) ) ;
#6457 = EDGE_CURVE ( 'NONE', #6070, #3650, #5443, .T. ) ;
#6458 = VECTOR ( 'NONE', #6073, 1000.000000000000000 ) ;
#6459 = ORIENTED_EDGE ( 'NONE', *, *, #6230, .T. ) ;
#6460 = CARTESIAN_POINT ( 'NONE',  ( 15.94999999999999929, 6.000000000000000000, 0.8800000000000000044 ) ) ;
#6461 = VERTEX_POINT ( 'NONE', #5381 ) ;
#6462 = DIRECTION ( 'NONE',  ( -0.000000000000000000, 1.000000000000000000, 0.000000000000000000 ) ) ;
#6463 = VERTEX_POINT ( 'NONE', #6510 ) ;
#6464 = FACE_BOUND ( 'NONE', #4513, .T. ) ;
#6465 = PRODUCT_DEFINITION_FORMATION_WITH_SPECIFIED_SOURCE ( 'ANY', '', #1431, .NOT_KNOWN. ) ;
#6466 = LINE ( 'NONE', #1902, #1971 ) ;
#6467 = DIRECTION ( 'NONE',  ( 0.000000000000000000, 0.000000000000000000, 1.000000000000000000 ) ) ;
#6468 = DIRECTION ( 'NONE',  ( -1.000000000000000000, 0.000000000000000000, 0.000000000000000000 ) ) ;
#6469 = CARTESIAN_POINT ( 'NONE',  ( -15.29999999999999893, 1.750000000000000000, -1.850000000000000089 ) ) ;
#6470 = LINE ( 'NONE', #338, #1964 ) ;
#6471 = ORIENTED_EDGE ( 'NONE', *, *, #2940, .T. ) ;
#6472 = LINE ( 'NONE', #2373, #2402 ) ;
#6473 = EDGE_CURVE ( 'NONE', #117, #989, #349, .T. ) ;
#6474 = ORIENTED_EDGE ( 'NONE', *, *, #5384, .F. ) ;
#6475 = LINE ( 'NONE', #2315, #672 ) ;
#6476 = EDGE_CURVE ( 'NONE', #3642, #1366, #2958, .T. ) ;
#6477 = VERTEX_POINT ( 'NONE', #4451 ) ;
#6478 = DIRECTION ( 'NONE',  ( -1.000000000000000000, 0.000000000000000000, 0.000000000000000000 ) ) ;
#6479 = LINE ( 'NONE', #4415, #1567 ) ;
#6480 = CARTESIAN_POINT ( 'NONE',  ( -7.750000000000000000, 1.750000000000000000, 0.2999999999999999889 ) ) ;
#6481 = EDGE_CURVE ( 'NONE', #2629, #2853, #4386, .T. ) ;
#6482 = EDGE_LOOP ( 'NONE', ( #6197, #2082, #4903, #3099 ) ) ;
#6483 = DIRECTION ( 'NONE',  ( 0.000000000000000000, 0.000000000000000000, 1.000000000000000000 ) ) ;
#6484 = LINE ( 'NONE', #3890, #2167 ) ;
#6485 = VERTEX_POINT ( 'NONE', #1946 ) ;
#6486 = CARTESIAN_POINT ( 'NONE',  ( -13.22499999999999964, 5.750000000000000000, 1.649999999999999911 ) ) ;
#6487 = EDGE_CURVE ( 'NONE', #3404, #1883, #6415, .T. ) ;
#6488 = ORIENTED_EDGE ( 'NONE', *, *, #4600, .T. ) ;
#6489 = LINE ( 'NONE', #4063, #1728 ) ;
#6490 = EDGE_CURVE ( 'NONE', #1700, #3691, #1420, .T. ) ;
#6491 = EDGE_CURVE ( 'NONE', #302, #2701, #1356, .T. ) ;
#6492 = ORIENTED_EDGE ( 'NONE', *, *, #1073, .T. ) ;
#6493 = LINE ( 'NONE', #5557, #3887 ) ;
#6494 = ORIENTED_EDGE ( 'NONE', *, *, #3037, .F. ) ;
#6495 = CARTESIAN_POINT ( 'NONE',  ( -3.199999999999999734, -4.336808689942014778E-16, -2.250000000000000000 ) ) ;
#6496 = CARTESIAN_POINT ( 'NONE',  ( -4.000000000000000000, -3.399999999999999911, 0.4091910702798600141 ) ) ;
#6497 = CARTESIAN_POINT ( 'NONE',  ( 13.74999999999999822, 6.000000000000000000, 0.8000000000000000444 ) ) ;
#6498 = ADVANCED_FACE ( 'NONE', ( #1886 ), #5413, .F. ) ;
#6499 = CARTESIAN_POINT ( 'NONE',  ( -14.79999999999999893, 0.2000000000000000111, 2.250000000000000000 ) ) ;
#6500 = EDGE_CURVE ( 'NONE', #4218, #4372, #2422, .T. ) ;
#6501 = ORIENTED_EDGE ( 'NONE', *, *, #5585, .F. ) ;
#6502 = CARTESIAN_POINT ( 'NONE',  ( 14.24999999999999822, 0.2000000000000000111, 0.8000000000000000444 ) ) ;
#6503 = ORIENTED_EDGE ( 'NONE', *, *, #3940, .T. ) ;
#6504 = EDGE_CURVE ( 'NONE', #3041, #3582, #6479, .T. ) ;
#6505 = FACE_OUTER_BOUND ( 'NONE', #2041, .T. ) ;
#6506 = DIRECTION ( 'NONE',  ( -0.3236155771181828955, -0.8891264907159897035, 0.3236155771181828955 ) ) ;
#6507 = DIRECTION ( 'NONE',  ( 0.000000000000000000, 0.000000000000000000, 1.000000000000000000 ) ) ;
#6508 = ORIENTED_EDGE ( 'NONE', *, *, #4045, .F. ) ;
#6509 = DIRECTION ( 'NONE',  ( -1.000000000000000000, 0.000000000000000000, 0.000000000000000000 ) ) ;
#6510 = CARTESIAN_POINT ( 'NONE',  ( -15.29999999999999893, 5.750000000000000000, 0.8800000000000000044 ) ) ;
#6511 = CARTESIAN_POINT ( 'NONE',  ( -6.249999999999998224, -3.399999999999999911, 0.2999999999999999889 ) ) ;
#6512 = EDGE_CURVE ( 'NONE', #4200, #2088, #3918, .T. ) ;
#6513 = VERTEX_POINT ( 'NONE', #5971 ) ;
#6514 = CARTESIAN_POINT ( 'NONE',  ( -2.249999999999998668, -3.399999999999999911, 0.2999999999999999889 ) ) ;
#6515 = DIRECTION ( 'NONE',  ( 0.000000000000000000, 1.000000000000000000, 0.000000000000000000 ) ) ;
#6516 = VECTOR ( 'NONE', #5472, 1000.000000000000000 ) ;
#6517 = ADVANCED_FACE ( 'NONE', ( #4905 ), #776, .F. ) ;
#6518 = ORIENTED_EDGE ( 'NONE', *, *, #1696, .F. ) ;
#6519 = DIRECTION ( 'NONE',  ( 0.000000000000000000, 0.000000000000000000, 1.000000000000000000 ) ) ;
#6520 = ORIENTED_EDGE ( 'NONE', *, *, #3647, .F. ) ;
#6521 = VECTOR ( 'NONE', #3696, 1000.000000000000000 ) ;
#6522 = FACE_OUTER_BOUND ( 'NONE', #6092, .T. ) ;
#6523 = ADVANCED_FACE ( 'NONE', ( #5872 ), #1917, .F. ) ;
#6524 = VERTEX_POINT ( 'NONE', #4052 ) ;
#6525 = DIRECTION ( 'NONE',  ( 0.000000000000000000, -1.000000000000000000, -2.036060417813154872E-16 ) ) ;
#6526 = ORIENTED_EDGE ( 'NONE', *, *, #4276, .T. ) ;
#6527 = CARTESIAN_POINT ( 'NONE',  ( 14.24999999999999822, 4.250000000000000000, 2.149999999999999911 ) ) ;
#6528 = DIRECTION ( 'NONE',  ( 1.414176746720221921E-16, -2.036060417813154872E-16, 1.000000000000000000 ) ) ;
#6529 = VECTOR ( 'NONE', #123, 1000.000000000000114 ) ;
#6530 = LINE ( 'NONE', #4041, #1421 ) ;
#6531 = CARTESIAN_POINT ( 'NONE',  ( -5.250000000000000000, -2.419911892563235245, 0.2999999999999999889 ) ) ;
#6532 = ORIENTED_EDGE ( 'NONE', *, *, #1296, .F. ) ;
#6533 = DIRECTION ( 'NONE',  ( 0.000000000000000000, -1.000000000000000000, -3.318687873851555372E-16 ) ) ;
#6534 = VECTOR ( 'NONE', #6097, 1000.000000000000000 ) ;
#6535 = CONTEXT_DEPENDENT_SHAPE_REPRESENTATION ( #2033, #422 ) ;
#6536 = VECTOR ( 'NONE', #4867, 1000.000000000000000 ) ;
#6537 = EDGE_CURVE ( 'NONE', #3174, #1449, #4025, .T. ) ;
#6538 = VERTEX_POINT ( 'NONE', #4085 ) ;
#6539 = CARTESIAN_POINT ( 'NONE',  ( 10.24999999999999822, 1.750000000000000000, 0.2999999999999999889 ) ) ;
#6540 = LINE ( 'NONE', #5820, #4934 ) ;
#6541 = VECTOR ( 'NONE', #1929, 1000.000000000000000 ) ;
#6542 = LINE ( 'NONE', #1982, #4936 ) ;
#6543 = ORIENTED_EDGE ( 'NONE', *, *, #945, .T. ) ;
#6544 = DIRECTION ( 'NONE',  ( 0.000000000000000000, 3.165553788278845372E-16, -1.000000000000000000 ) ) ;
#6545 = FACE_OUTER_BOUND ( 'NONE', #5630, .T. ) ;
#6546 = VECTOR ( 'NONE', #1549, 1000.000000000000000 ) ;
#6547 = AXIS2_PLACEMENT_3D ( 'NONE', #3287, #6276, #5771 ) ;
#6548 = ORIENTED_EDGE ( 'NONE', *, *, #3037, .T. ) ;
#6549 = DIRECTION ( 'NONE',  ( 0.000000000000000000, 1.000000000000000000, 0.000000000000000000 ) ) ;
#6550 = CARTESIAN_POINT ( 'NONE',  ( 11.75000000000000178, 0.2000000000000000111, 0.8000000000000000444 ) ) ;
#6551 = VECTOR ( 'NONE', #1372, 1000.000000000000000 ) ;
#6552 = ORIENTED_EDGE ( 'NONE', *, *, #669, .T. ) ;
#6553 = DIRECTION ( 'NONE',  ( -1.000000000000000000, 0.000000000000000000, 0.000000000000000000 ) ) ;
#6554 = ORIENTED_EDGE ( 'NONE', *, *, #3626, .F. ) ;
#6555 = AXIS2_PLACEMENT_3D ( 'NONE', #4662, #6152, #128 ) ;
#6556 = ADVANCED_FACE ( 'NONE', ( #1490 ), #1518, .F. ) ;
#6557 = CARTESIAN_POINT ( 'NONE',  ( -8.799999999999998934, 0.2000000000000000111, 2.250000000000000000 ) ) ;
#6558 = EDGE_LOOP ( 'NONE', ( #4525, #5520, #322, #6025 ) ) ;
#6559 = LINE ( 'NONE', #4430, #1109 ) ;
#6560 = ORIENTED_EDGE ( 'NONE', *, *, #3819, .F. ) ;
#6561 = CARTESIAN_POINT ( 'NONE',  ( 1.750000000000001554, -3.399999999999999911, 0.8000000000000000444 ) ) ;
#6562 = VECTOR ( 'NONE', #2428, 1000.000000000000000 ) ;
#6563 = EDGE_CURVE ( 'NONE', #3278, #1057, #1045, .T. ) ;
#6564 = DIRECTION ( 'NONE',  ( 0.000000000000000000, -0.1321637200910230070, -0.9912279006826340000 ) ) ;
#6565 = VECTOR ( 'NONE', #3392, 1000.000000000000000 ) ;
#6566 = CARTESIAN_POINT ( 'NONE',  ( 1.200000000000001510, 0.2000000000000000111, -2.250000000000000000 ) ) ;
#6567 = DIRECTION ( 'NONE',  ( 1.239088197126289831E-16, -2.036060417813154872E-16, 1.000000000000000000 ) ) ;
#6568 = EDGE_LOOP ( 'NONE', ( #2657, #3228, #1023, #6178 ) ) ;
#6569 = CARTESIAN_POINT ( 'NONE',  ( -15.94999999999999929, 6.000000000000000000, -0.1200000000000000094 ) ) ;
#6570 = ITEM_DEFINED_TRANSFORMATION ( 'NONE', 'NONE', #1574,  #819 ) ;
#6571 = AXIS2_PLACEMENT_3D ( 'NONE', #4207, #605, #6241 ) ;
#6572 = ORIENTED_EDGE ( 'NONE', *, *, #1774, .T. ) ;
#6573 = PLANE ( 'NONE',  #3333 ) ;
#6574 = PLANE ( 'NONE',  #3612 ) ;
#6575 = FACE_OUTER_BOUND ( 'NONE', #5946, .T. ) ;
#6576 = ORIENTED_EDGE ( 'NONE', *, *, #5701, .F. ) ;
#6577 = CARTESIAN_POINT ( 'NONE',  ( 15.94999999999999929, 6.000000000000000000, 1.899999999999999911 ) ) ;
#6578 = PLANE ( 'NONE',  #4426 ) ;
#6579 = NEXT_ASSEMBLY_USAGE_OCCURRENCE ( 'NAUO1', ' ', ' ', #2991, #13, $ ) ;
#6580 = NEXT_ASSEMBLY_USAGE_OCCURRENCE ( 'NAUO2', ' ', ' ', #2991, #1488, $ ) ;
#6581 = NEXT_ASSEMBLY_USAGE_OCCURRENCE ( 'NAUO3', ' ', ' ', #2991, #1488, $ ) ;
#6582 = NEXT_ASSEMBLY_USAGE_OCCURRENCE ( 'NAUO4', ' ', ' ', #2991, #1488, $ ) ;
#6583 = NEXT_ASSEMBLY_USAGE_OCCURRENCE ( 'NAUO5', ' ', ' ', #2991, #1488, $ ) ;
#6584 = NEXT_ASSEMBLY_USAGE_OCCURRENCE ( 'NAUO6', ' ', ' ', #2991, #1488, $ ) ;
#6585 = NEXT_ASSEMBLY_USAGE_OCCURRENCE ( 'NAUO7', ' ', ' ', #2991, #1488, $ ) ;
#6586 = NEXT_ASSEMBLY_USAGE_OCCURRENCE ( 'NAUO8', ' ', ' ', #2991, #1488, $ ) ;
#6587 = NEXT_ASSEMBLY_USAGE_OCCURRENCE ( 'NAUO9', ' ', ' ', #2991, #1488, $ ) ;
#6588 = NEXT_ASSEMBLY_USAGE_OCCURRENCE ( 'NAUO10', ' ', ' ', #2991, #1488, $ ) ;
#6589 = NEXT_ASSEMBLY_USAGE_OCCURRENCE ( 'NAUO11', ' ', ' ', #2991, #1488, $ ) ;
#6590 = NEXT_ASSEMBLY_USAGE_OCCURRENCE ( 'NAUO12', ' ', ' ', #2991, #1488, $ ) ;
#6591 = NEXT_ASSEMBLY_USAGE_OCCURRENCE ( 'NAUO13', ' ', ' ', #2991, #1488, $ ) ;
#6592 = NEXT_ASSEMBLY_USAGE_OCCURRENCE ( 'NAUO14', ' ', ' ', #2991, #1488, $ ) ;
#6593 = NEXT_ASSEMBLY_USAGE_OCCURRENCE ( 'NAUO15', ' ', ' ', #2991, #1488, $ ) ;
#6594 = NEXT_ASSEMBLY_USAGE_OCCURRENCE ( 'NAUO16', ' ', ' ', #2991, #1488, $ ) ;
ENDSEC;
END-ISO-10303-21;
