ISO-10303-21;
HEADER;
/* Generated by software containing ST-Developer
 * from STEP Tools, Inc. (www.steptools.com) 
 */

FILE_DESCRIPTION(
/* description */ (''),
/* implementation_level */ '2;1');

FILE_NAME(
/* name */ 'Y:\\Drawings, 3D Files\\CIT\\Relays\\A16 Series\\A161C.stp',

/* time_stamp */ '2022-06-13T15:51:32-05:00',
/* author */ ('cnher'),
/* organization */ (''),
/* preprocessor_version */ 'ST-DEVELOPER v19',
/* originating_system */ 'Autodesk Inventor 2023',
/* authorisation */ '');

FILE_SCHEMA (('AUTOMOTIVE_DESIGN { 1 0 10303 214 3 1 1 }'));
ENDSEC;

DATA;
#10=MECHANICAL_DESIGN_GEOMETRIC_PRESENTATION_REPRESENTATION('',(#47,#48,
#49,#50,#51,#52,#53,#54,#55,#56,#57,#58,#59,#60,#61,#62,#63,#64,#65,#66,
#67,#68,#69,#70,#71),#10836);
#11=ITEM_DEFINED_TRANSFORMATION($,$,#6195,#6512);
#12=ITEM_DEFINED_TRANSFORMATION($,$,#6479,#6513);
#13=ITEM_DEFINED_TRANSFORMATION($,$,#6479,#6514);
#14=ITEM_DEFINED_TRANSFORMATION($,$,#6490,#6515);
#15=ITEM_DEFINED_TRANSFORMATION($,$,#6501,#6516);
#16=ITEM_DEFINED_TRANSFORMATION($,$,#6501,#6517);
#17=(
REPRESENTATION_RELATIONSHIP($,$,#10858,#10857)
REPRESENTATION_RELATIONSHIP_WITH_TRANSFORMATION(#11)
SHAPE_REPRESENTATION_RELATIONSHIP()
);
#18=(
REPRESENTATION_RELATIONSHIP($,$,#10859,#10857)
REPRESENTATION_RELATIONSHIP_WITH_TRANSFORMATION(#12)
SHAPE_REPRESENTATION_RELATIONSHIP()
);
#19=(
REPRESENTATION_RELATIONSHIP($,$,#10859,#10857)
REPRESENTATION_RELATIONSHIP_WITH_TRANSFORMATION(#13)
SHAPE_REPRESENTATION_RELATIONSHIP()
);
#20=(
REPRESENTATION_RELATIONSHIP($,$,#10860,#10857)
REPRESENTATION_RELATIONSHIP_WITH_TRANSFORMATION(#14)
SHAPE_REPRESENTATION_RELATIONSHIP()
);
#21=(
REPRESENTATION_RELATIONSHIP($,$,#10861,#10857)
REPRESENTATION_RELATIONSHIP_WITH_TRANSFORMATION(#15)
SHAPE_REPRESENTATION_RELATIONSHIP()
);
#22=(
REPRESENTATION_RELATIONSHIP($,$,#10861,#10857)
REPRESENTATION_RELATIONSHIP_WITH_TRANSFORMATION(#16)
SHAPE_REPRESENTATION_RELATIONSHIP()
);
#23=CONTEXT_DEPENDENT_SHAPE_REPRESENTATION(#17,#10851);
#24=CONTEXT_DEPENDENT_SHAPE_REPRESENTATION(#18,#10852);
#25=CONTEXT_DEPENDENT_SHAPE_REPRESENTATION(#19,#10853);
#26=CONTEXT_DEPENDENT_SHAPE_REPRESENTATION(#20,#10854);
#27=CONTEXT_DEPENDENT_SHAPE_REPRESENTATION(#21,#10855);
#28=CONTEXT_DEPENDENT_SHAPE_REPRESENTATION(#22,#10856);
#29=NEXT_ASSEMBLY_USAGE_OCCURRENCE('A16_Cover:1','A16_Cover:1',
'A16_Cover:1',#10863,#10864,'A16_Cover:1');
#30=NEXT_ASSEMBLY_USAGE_OCCURRENCE('A16_TERMINAL_LG:1',
'A16_TERMINAL_LG:1','A16_TERMINAL_LG:1',#10863,#10865,
'A16_TERMINAL_LG:1');
#31=NEXT_ASSEMBLY_USAGE_OCCURRENCE('A16_TERMINAL_LG:2',
'A16_TERMINAL_LG:2','A16_TERMINAL_LG:2',#10863,#10865,
'A16_TERMINAL_LG:2');
#32=NEXT_ASSEMBLY_USAGE_OCCURRENCE('A16_TERMINAL_M:1',
'A16_TERMINAL_M:1','A16_TERMINAL_M:1',#10863,#10866,'A16_TERMINAL_M:1');
#33=NEXT_ASSEMBLY_USAGE_OCCURRENCE('A16_TERMINAL_SM:1',
'A16_TERMINAL_SM:1','A16_TERMINAL_SM:1',#10863,#10867,
'A16_TERMINAL_SM:1');
#34=NEXT_ASSEMBLY_USAGE_OCCURRENCE('A16_TERMINAL_SM:2',
'A16_TERMINAL_SM:2','A16_TERMINAL_SM:2',#10863,#10867,
'A16_TERMINAL_SM:2');
#35=SHAPE_REPRESENTATION_RELATIONSHIP('SRR','None',#10858,#39);
#36=SHAPE_REPRESENTATION_RELATIONSHIP('SRR','None',#10859,#40);
#37=SHAPE_REPRESENTATION_RELATIONSHIP('SRR','None',#10860,#41);
#38=SHAPE_REPRESENTATION_RELATIONSHIP('SRR','None',#10861,#42);
#39=ADVANCED_BREP_SHAPE_REPRESENTATION('',(#43),#10832);
#40=ADVANCED_BREP_SHAPE_REPRESENTATION('',(#44),#10833);
#41=ADVANCED_BREP_SHAPE_REPRESENTATION('',(#45),#10834);
#42=ADVANCED_BREP_SHAPE_REPRESENTATION('',(#46),#10835);
#43=MANIFOLD_SOLID_BREP('Solid1',#6085);
#44=MANIFOLD_SOLID_BREP('Solid1',#6086);
#45=MANIFOLD_SOLID_BREP('Solid1',#6087);
#46=MANIFOLD_SOLID_BREP('Solid1',#6088);
#47=STYLED_ITEM('',(#6138),#5792);
#48=STYLED_ITEM('',(#6138),#5804);
#49=STYLED_ITEM('',(#6138),#5820);
#50=STYLED_ITEM('',(#6138),#5821);
#51=STYLED_ITEM('',(#6138),#5839);
#52=STYLED_ITEM('',(#6138),#5840);
#53=STYLED_ITEM('',(#6138),#5860);
#54=STYLED_ITEM('',(#6138),#5861);
#55=STYLED_ITEM('',(#6138),#5876);
#56=STYLED_ITEM('',(#6138),#5877);
#57=STYLED_ITEM('',(#6138),#5895);
#58=STYLED_ITEM('',(#6138),#5896);
#59=STYLED_ITEM('',(#6138),#5911);
#60=STYLED_ITEM('',(#6138),#5912);
#61=STYLED_ITEM('',(#6138),#5926);
#62=STYLED_ITEM('',(#6138),#5927);
#63=STYLED_ITEM('',(#6138),#5957);
#64=STYLED_ITEM('',(#6138),#5958);
#65=STYLED_ITEM('',(#6138),#5979);
#66=STYLED_ITEM('',(#6138),#5980);
#67=STYLED_ITEM('',(#6138),#6000);
#68=STYLED_ITEM('',(#6137),#43);
#69=STYLED_ITEM('',(#6139),#44);
#70=STYLED_ITEM('',(#6139),#45);
#71=STYLED_ITEM('',(#6139),#46);
#72=SPHERICAL_SURFACE('',#6259,0.2);
#73=SPHERICAL_SURFACE('',#6265,0.2);
#74=SPHERICAL_SURFACE('',#6270,0.2);
#75=FACE_BOUND('',#921,.T.);
#76=FACE_BOUND('',#924,.T.);
#77=FACE_BOUND('',#925,.T.);
#78=FACE_BOUND('',#926,.T.);
#79=FACE_BOUND('',#927,.T.);
#80=FACE_BOUND('',#928,.T.);
#81=FACE_BOUND('',#929,.T.);
#82=FACE_BOUND('',#930,.T.);
#83=FACE_BOUND('',#931,.T.);
#84=FACE_BOUND('',#932,.T.);
#85=FACE_BOUND('',#933,.T.);
#86=FACE_BOUND('',#934,.T.);
#87=FACE_BOUND('',#935,.T.);
#88=FACE_BOUND('',#936,.T.);
#89=FACE_BOUND('',#937,.T.);
#90=FACE_BOUND('',#938,.T.);
#91=FACE_BOUND('',#939,.T.);
#92=FACE_BOUND('',#940,.T.);
#93=FACE_BOUND('',#941,.T.);
#94=FACE_BOUND('',#942,.T.);
#95=FACE_BOUND('',#943,.T.);
#96=FACE_BOUND('',#944,.T.);
#97=FACE_BOUND('',#974,.T.);
#98=FACE_BOUND('',#1010,.T.);
#99=FACE_BOUND('',#1032,.T.);
#100=FACE_BOUND('',#1050,.T.);
#101=FACE_BOUND('',#1101,.T.);
#102=FACE_BOUND('',#1155,.T.);
#103=FACE_BOUND('',#1184,.T.);
#104=FACE_BOUND('',#1218,.T.);
#105=FACE_BOUND('',#1219,.T.);
#106=FACE_BOUND('',#1220,.T.);
#107=FACE_BOUND('',#1221,.T.);
#108=FACE_BOUND('',#1222,.T.);
#109=FACE_BOUND('',#1223,.T.);
#110=(
BOUNDED_SURFACE()
B_SPLINE_SURFACE(2,2,((#8018,#8019,#8020),(#8021,#8022,#8023),(#8024,#8025,
#8026)),.UNSPECIFIED.,.F.,.F.,.F.)
B_SPLINE_SURFACE_WITH_KNOTS((3,3),(3,3),(-1.5707963267949,0.),(-3.14159265358979,
-1.5707963267949),.UNSPECIFIED.)
GEOMETRIC_REPRESENTATION_ITEM()
RATIONAL_B_SPLINE_SURFACE(((1.,0.707106781186548,1.),(0.707106781186545,
0.499999999999999,0.707106781186545),(1.,0.707106781186548,1.)))
REPRESENTATION_ITEM('')
SURFACE()
);
#111=(
BOUNDED_SURFACE()
B_SPLINE_SURFACE(2,2,((#8035,#8036,#8037),(#8038,#8039,#8040),(#8041,#8042,
#8043)),.UNSPECIFIED.,.F.,.F.,.F.)
B_SPLINE_SURFACE_WITH_KNOTS((3,3),(3,3),(-1.5707963267949,2.05596856412066E-16),
(0.,1.5707963267949),.UNSPECIFIED.)
GEOMETRIC_REPRESENTATION_ITEM()
RATIONAL_B_SPLINE_SURFACE(((1.,0.707106781186548,1.),(0.707106781186553,
0.500000000000004,0.707106781186553),(1.,0.707106781186548,1.)))
REPRESENTATION_ITEM('')
SURFACE()
);
#112=(
BOUNDED_SURFACE()
B_SPLINE_SURFACE(2,2,((#8059,#8060,#8061),(#8062,#8063,#8064),(#8065,#8066,
#8067)),.UNSPECIFIED.,.F.,.F.,.F.)
B_SPLINE_SURFACE_WITH_KNOTS((3,3),(3,3),(-1.5707963267949,0.),(1.5707963267949,
3.14159265358979),.UNSPECIFIED.)
GEOMETRIC_REPRESENTATION_ITEM()
RATIONAL_B_SPLINE_SURFACE(((1.,0.707106781186548,1.),(0.707106781186545,
0.499999999999999,0.707106781186545),(1.,0.707106781186548,1.)))
REPRESENTATION_ITEM('')
SURFACE()
);
#113=PLANE('',#6218);
#114=PLANE('',#6219);
#115=PLANE('',#6244);
#116=PLANE('',#6245);
#117=PLANE('',#6250);
#118=PLANE('',#6252);
#119=PLANE('',#6256);
#120=PLANE('',#6276);
#121=PLANE('',#6277);
#122=PLANE('',#6278);
#123=PLANE('',#6279);
#124=PLANE('',#6280);
#125=PLANE('',#6281);
#126=PLANE('',#6282);
#127=PLANE('',#6283);
#128=PLANE('',#6284);
#129=PLANE('',#6285);
#130=PLANE('',#6286);
#131=PLANE('',#6287);
#132=PLANE('',#6288);
#133=PLANE('',#6289);
#134=PLANE('',#6290);
#135=PLANE('',#6291);
#136=PLANE('',#6292);
#137=PLANE('',#6293);
#138=PLANE('',#6294);
#139=PLANE('',#6295);
#140=PLANE('',#6296);
#141=PLANE('',#6297);
#142=PLANE('',#6298);
#143=PLANE('',#6299);
#144=PLANE('',#6300);
#145=PLANE('',#6301);
#146=PLANE('',#6302);
#147=PLANE('',#6303);
#148=PLANE('',#6304);
#149=PLANE('',#6305);
#150=PLANE('',#6306);
#151=PLANE('',#6307);
#152=PLANE('',#6308);
#153=PLANE('',#6309);
#154=PLANE('',#6310);
#155=PLANE('',#6311);
#156=PLANE('',#6312);
#157=PLANE('',#6313);
#158=PLANE('',#6314);
#159=PLANE('',#6315);
#160=PLANE('',#6316);
#161=PLANE('',#6317);
#162=PLANE('',#6318);
#163=PLANE('',#6319);
#164=PLANE('',#6320);
#165=PLANE('',#6321);
#166=PLANE('',#6322);
#167=PLANE('',#6323);
#168=PLANE('',#6324);
#169=PLANE('',#6325);
#170=PLANE('',#6326);
#171=PLANE('',#6327);
#172=PLANE('',#6328);
#173=PLANE('',#6329);
#174=PLANE('',#6330);
#175=PLANE('',#6331);
#176=PLANE('',#6332);
#177=PLANE('',#6333);
#178=PLANE('',#6334);
#179=PLANE('',#6335);
#180=PLANE('',#6336);
#181=PLANE('',#6337);
#182=PLANE('',#6338);
#183=PLANE('',#6339);
#184=PLANE('',#6340);
#185=PLANE('',#6341);
#186=PLANE('',#6342);
#187=PLANE('',#6343);
#188=PLANE('',#6344);
#189=PLANE('',#6345);
#190=PLANE('',#6346);
#191=PLANE('',#6347);
#192=PLANE('',#6348);
#193=PLANE('',#6349);
#194=PLANE('',#6350);
#195=PLANE('',#6351);
#196=PLANE('',#6352);
#197=PLANE('',#6353);
#198=PLANE('',#6354);
#199=PLANE('',#6355);
#200=PLANE('',#6356);
#201=PLANE('',#6357);
#202=PLANE('',#6358);
#203=PLANE('',#6359);
#204=PLANE('',#6360);
#205=PLANE('',#6361);
#206=PLANE('',#6362);
#207=PLANE('',#6363);
#208=PLANE('',#6364);
#209=PLANE('',#6365);
#210=PLANE('',#6366);
#211=PLANE('',#6367);
#212=PLANE('',#6368);
#213=PLANE('',#6369);
#214=PLANE('',#6370);
#215=PLANE('',#6371);
#216=PLANE('',#6372);
#217=PLANE('',#6373);
#218=PLANE('',#6374);
#219=PLANE('',#6375);
#220=PLANE('',#6376);
#221=PLANE('',#6377);
#222=PLANE('',#6378);
#223=PLANE('',#6379);
#224=PLANE('',#6380);
#225=PLANE('',#6381);
#226=PLANE('',#6382);
#227=PLANE('',#6383);
#228=PLANE('',#6384);
#229=PLANE('',#6385);
#230=PLANE('',#6386);
#231=PLANE('',#6387);
#232=PLANE('',#6388);
#233=PLANE('',#6389);
#234=PLANE('',#6390);
#235=PLANE('',#6391);
#236=PLANE('',#6392);
#237=PLANE('',#6393);
#238=PLANE('',#6394);
#239=PLANE('',#6395);
#240=PLANE('',#6396);
#241=PLANE('',#6397);
#242=PLANE('',#6398);
#243=PLANE('',#6399);
#244=PLANE('',#6400);
#245=PLANE('',#6401);
#246=PLANE('',#6402);
#247=PLANE('',#6403);
#248=PLANE('',#6404);
#249=PLANE('',#6405);
#250=PLANE('',#6406);
#251=PLANE('',#6407);
#252=PLANE('',#6408);
#253=PLANE('',#6409);
#254=PLANE('',#6410);
#255=PLANE('',#6411);
#256=PLANE('',#6412);
#257=PLANE('',#6413);
#258=PLANE('',#6414);
#259=PLANE('',#6415);
#260=PLANE('',#6416);
#261=PLANE('',#6417);
#262=PLANE('',#6418);
#263=PLANE('',#6419);
#264=PLANE('',#6420);
#265=PLANE('',#6421);
#266=PLANE('',#6425);
#267=PLANE('',#6426);
#268=PLANE('',#6427);
#269=PLANE('',#6428);
#270=PLANE('',#6429);
#271=PLANE('',#6430);
#272=PLANE('',#6431);
#273=PLANE('',#6432);
#274=PLANE('',#6433);
#275=PLANE('',#6434);
#276=PLANE('',#6435);
#277=PLANE('',#6436);
#278=PLANE('',#6437);
#279=PLANE('',#6438);
#280=PLANE('',#6439);
#281=PLANE('',#6440);
#282=PLANE('',#6441);
#283=PLANE('',#6442);
#284=PLANE('',#6443);
#285=PLANE('',#6444);
#286=PLANE('',#6445);
#287=PLANE('',#6446);
#288=PLANE('',#6447);
#289=PLANE('',#6448);
#290=PLANE('',#6449);
#291=PLANE('',#6450);
#292=PLANE('',#6451);
#293=PLANE('',#6452);
#294=PLANE('',#6453);
#295=PLANE('',#6454);
#296=PLANE('',#6455);
#297=PLANE('',#6456);
#298=PLANE('',#6457);
#299=PLANE('',#6458);
#300=PLANE('',#6459);
#301=PLANE('',#6460);
#302=PLANE('',#6461);
#303=PLANE('',#6462);
#304=PLANE('',#6463);
#305=PLANE('',#6464);
#306=PLANE('',#6465);
#307=PLANE('',#6466);
#308=PLANE('',#6467);
#309=PLANE('',#6468);
#310=PLANE('',#6469);
#311=PLANE('',#6470);
#312=PLANE('',#6471);
#313=PLANE('',#6472);
#314=PLANE('',#6473);
#315=PLANE('',#6474);
#316=PLANE('',#6475);
#317=PLANE('',#6476);
#318=PLANE('',#6477);
#319=PLANE('',#6478);
#320=PLANE('',#6480);
#321=PLANE('',#6481);
#322=PLANE('',#6485);
#323=PLANE('',#6486);
#324=PLANE('',#6487);
#325=PLANE('',#6488);
#326=PLANE('',#6489);
#327=PLANE('',#6491);
#328=PLANE('',#6492);
#329=PLANE('',#6496);
#330=PLANE('',#6497);
#331=PLANE('',#6498);
#332=PLANE('',#6499);
#333=PLANE('',#6500);
#334=PLANE('',#6502);
#335=PLANE('',#6503);
#336=PLANE('',#6507);
#337=PLANE('',#6508);
#338=PLANE('',#6509);
#339=PLANE('',#6510);
#340=PLANE('',#6511);
#341=TOROIDAL_SURFACE('',#6203,1.1,0.1);
#342=TOROIDAL_SURFACE('',#6235,0.3,0.1);
#343=TOROIDAL_SURFACE('',#6253,0.3,0.2);
#344=B_SPLINE_CURVE_WITH_KNOTS('',3,(#7878,#7879,#7880,#7881,#7882,#7883),
 .UNSPECIFIED.,.F.,.F.,(4,1,1,4),(-0.0169144692246293,-0.00845723461231467,
-0.00362452911956343,-7.70371977754841E-33),.UNSPECIFIED.);
#345=B_SPLINE_CURVE_WITH_KNOTS('',3,(#7884,#7885,#7886,#7887,#7888,#7889),
 .UNSPECIFIED.,.F.,.F.,(4,1,1,4),(7.70371977754841E-33,0.00362452911956343,
0.00845723461231467,0.0169144692246293),.UNSPECIFIED.);
#346=B_SPLINE_CURVE_WITH_KNOTS('',3,(#7893,#7894,#7895,#7896,#7897,#7898,
#7899,#7900,#7901,#7902),.UNSPECIFIED.,.F.,.F.,(4,2,2,2,4),(-0.000532983694818734,
0.,0.0321880488113594,0.0643760976226027,0.0649090813173633),
 .UNSPECIFIED.);
#347=B_SPLINE_CURVE_WITH_KNOTS('',3,(#7954,#7955,#7956,#7957,#7958,#7959),
 .UNSPECIFIED.,.F.,.F.,(4,1,1,4),(-0.0169145897876093,-0.0132900348331216,
-0.00845729489380465,-1.9559007191639E-17),.UNSPECIFIED.);
#348=B_SPLINE_CURVE_WITH_KNOTS('',3,(#7960,#7961,#7962,#7963,#7964,#7965),
 .UNSPECIFIED.,.F.,.F.,(4,1,1,4),(1.9559007191639E-17,0.00845729489380465,
0.0132900348331216,0.0169145897876093),.UNSPECIFIED.);
#349=B_SPLINE_CURVE_WITH_KNOTS('',2,(#8130,#8131,#8132),.UNSPECIFIED.,.F.,
 .F.,(3,3),(0.,1.),.UNSPECIFIED.);
#350=B_SPLINE_CURVE_WITH_KNOTS('',2,(#8134,#8135,#8136),.UNSPECIFIED.,.F.,
 .F.,(3,3),(0.,1.),.UNSPECIFIED.);
#351=B_SPLINE_CURVE_WITH_KNOTS('',2,(#8140,#8141,#8142,#8143),
 .UNSPECIFIED.,.F.,.F.,(3,1,3),(0.,1.,2.),.UNSPECIFIED.);
#352=B_SPLINE_CURVE_WITH_KNOTS('',2,(#8145,#8146,#8147,#8148),
 .UNSPECIFIED.,.F.,.F.,(3,1,3),(0.,1.,2.),.UNSPECIFIED.);
#353=B_SPLINE_CURVE_WITH_KNOTS('',2,(#8150,#8151,#8152,#8153),
 .UNSPECIFIED.,.F.,.F.,(3,1,3),(0.,1.,2.),.UNSPECIFIED.);
#354=B_SPLINE_CURVE_WITH_KNOTS('',2,(#8154,#8155,#8156,#8157),
 .UNSPECIFIED.,.F.,.F.,(3,1,3),(0.,1.,2.),.UNSPECIFIED.);
#355=B_SPLINE_CURVE_WITH_KNOTS('',2,(#8160,#8161,#8162,#8163),
 .UNSPECIFIED.,.F.,.F.,(3,1,3),(0.,1.,2.),.UNSPECIFIED.);
#356=B_SPLINE_CURVE_WITH_KNOTS('',2,(#8173,#8174,#8175,#8176),
 .UNSPECIFIED.,.F.,.F.,(3,1,3),(0.,1.,2.),.UNSPECIFIED.);
#357=B_SPLINE_CURVE_WITH_KNOTS('',2,(#8212,#8213,#8214,#8215),
 .UNSPECIFIED.,.F.,.F.,(3,1,3),(0.,1.,2.),.UNSPECIFIED.);
#358=B_SPLINE_CURVE_WITH_KNOTS('',2,(#8217,#8218,#8219,#8220,#8221),
 .UNSPECIFIED.,.F.,.F.,(3,1,1,3),(0.,1.,2.,3.),.UNSPECIFIED.);
#359=B_SPLINE_CURVE_WITH_KNOTS('',2,(#8223,#8224,#8225,#8226),
 .UNSPECIFIED.,.F.,.F.,(3,1,3),(0.,1.,2.),.UNSPECIFIED.);
#360=B_SPLINE_CURVE_WITH_KNOTS('',2,(#8228,#8229,#8230,#8231),
 .UNSPECIFIED.,.F.,.F.,(3,1,3),(0.,1.,2.),.UNSPECIFIED.);
#361=B_SPLINE_CURVE_WITH_KNOTS('',2,(#8233,#8234,#8235,#8236),
 .UNSPECIFIED.,.F.,.F.,(3,1,3),(0.,1.,2.),.UNSPECIFIED.);
#362=B_SPLINE_CURVE_WITH_KNOTS('',2,(#8240,#8241,#8242),.UNSPECIFIED.,.F.,
 .F.,(3,3),(0.,1.),.UNSPECIFIED.);
#363=B_SPLINE_CURVE_WITH_KNOTS('',2,(#8244,#8245,#8246),.UNSPECIFIED.,.F.,
 .F.,(3,3),(0.,1.),.UNSPECIFIED.);
#364=B_SPLINE_CURVE_WITH_KNOTS('',2,(#8248,#8249,#8250),.UNSPECIFIED.,.F.,
 .F.,(3,3),(0.,1.),.UNSPECIFIED.);
#365=B_SPLINE_CURVE_WITH_KNOTS('',2,(#8252,#8253,#8254),.UNSPECIFIED.,.F.,
 .F.,(3,3),(0.,1.),.UNSPECIFIED.);
#366=B_SPLINE_CURVE_WITH_KNOTS('',2,(#8255,#8256,#8257,#8258),
 .UNSPECIFIED.,.F.,.F.,(3,1,3),(0.,1.,2.),.UNSPECIFIED.);
#367=B_SPLINE_CURVE_WITH_KNOTS('',2,(#8269,#8270,#8271),.UNSPECIFIED.,.F.,
 .F.,(3,3),(0.,1.),.UNSPECIFIED.);
#368=B_SPLINE_CURVE_WITH_KNOTS('',2,(#8273,#8274,#8275,#8276,#8277),
 .UNSPECIFIED.,.F.,.F.,(3,1,1,3),(0.,1.,2.,3.),.UNSPECIFIED.);
#369=B_SPLINE_CURVE_WITH_KNOTS('',2,(#8279,#8280,#8281,#8282),
 .UNSPECIFIED.,.F.,.F.,(3,1,3),(0.,1.,2.),.UNSPECIFIED.);
#370=B_SPLINE_CURVE_WITH_KNOTS('',2,(#8284,#8285,#8286,#8287),
 .UNSPECIFIED.,.F.,.F.,(3,1,3),(0.,1.,2.),.UNSPECIFIED.);
#371=B_SPLINE_CURVE_WITH_KNOTS('',2,(#8291,#8292,#8293,#8294),
 .UNSPECIFIED.,.F.,.F.,(3,1,3),(0.,1.,2.),.UNSPECIFIED.);
#372=B_SPLINE_CURVE_WITH_KNOTS('',2,(#8296,#8297,#8298,#8299,#8300),
 .UNSPECIFIED.,.F.,.F.,(3,1,1,3),(0.,1.,2.,3.),.UNSPECIFIED.);
#373=B_SPLINE_CURVE_WITH_KNOTS('',2,(#8302,#8303,#8304,#8305,#8306),
 .UNSPECIFIED.,.F.,.F.,(3,1,1,3),(0.,1.,2.,3.),.UNSPECIFIED.);
#374=B_SPLINE_CURVE_WITH_KNOTS('',2,(#8308,#8309,#8310,#8311),
 .UNSPECIFIED.,.F.,.F.,(3,1,3),(0.,1.,2.),.UNSPECIFIED.);
#375=B_SPLINE_CURVE_WITH_KNOTS('',2,(#8321,#8322,#8323),.UNSPECIFIED.,.F.,
 .F.,(3,3),(0.,1.),.UNSPECIFIED.);
#376=B_SPLINE_CURVE_WITH_KNOTS('',2,(#8325,#8326,#8327,#8328,#8329),
 .UNSPECIFIED.,.F.,.F.,(3,1,1,3),(0.,1.,2.,3.),.UNSPECIFIED.);
#377=B_SPLINE_CURVE_WITH_KNOTS('',2,(#8330,#8331,#8332,#8333,#8334),
 .UNSPECIFIED.,.F.,.F.,(3,1,1,3),(0.,1.,2.,3.),.UNSPECIFIED.);
#378=B_SPLINE_CURVE_WITH_KNOTS('',2,(#8345,#8346,#8347,#8348,#8349),
 .UNSPECIFIED.,.F.,.F.,(3,1,1,3),(0.,1.,2.,3.),.UNSPECIFIED.);
#379=B_SPLINE_CURVE_WITH_KNOTS('',2,(#8351,#8352,#8353,#8354),
 .UNSPECIFIED.,.F.,.F.,(3,1,3),(0.,1.,2.),.UNSPECIFIED.);
#380=B_SPLINE_CURVE_WITH_KNOTS('',2,(#8356,#8357,#8358,#8359),
 .UNSPECIFIED.,.F.,.F.,(3,1,3),(0.,1.,2.),.UNSPECIFIED.);
#381=B_SPLINE_CURVE_WITH_KNOTS('',2,(#8363,#8364,#8365,#8366),
 .UNSPECIFIED.,.F.,.F.,(3,1,3),(0.,1.,2.),.UNSPECIFIED.);
#382=B_SPLINE_CURVE_WITH_KNOTS('',2,(#8368,#8369,#8370,#8371,#8372),
 .UNSPECIFIED.,.F.,.F.,(3,1,1,3),(0.,1.,2.,3.),.UNSPECIFIED.);
#383=B_SPLINE_CURVE_WITH_KNOTS('',2,(#8374,#8375,#8376,#8377,#8378),
 .UNSPECIFIED.,.F.,.F.,(3,1,1,3),(0.,1.,2.,3.),.UNSPECIFIED.);
#384=B_SPLINE_CURVE_WITH_KNOTS('',2,(#8380,#8381,#8382,#8383),
 .UNSPECIFIED.,.F.,.F.,(3,1,3),(0.,1.,2.),.UNSPECIFIED.);
#385=B_SPLINE_CURVE_WITH_KNOTS('',2,(#8386,#8387,#8388),.UNSPECIFIED.,.F.,
 .F.,(3,3),(0.,1.),.UNSPECIFIED.);
#386=B_SPLINE_CURVE_WITH_KNOTS('',2,(#8421,#8422,#8423),.UNSPECIFIED.,.F.,
 .F.,(3,3),(0.,1.),.UNSPECIFIED.);
#387=B_SPLINE_CURVE_WITH_KNOTS('',2,(#8424,#8425,#8426),.UNSPECIFIED.,.F.,
 .F.,(3,3),(0.,1.),.UNSPECIFIED.);
#388=B_SPLINE_CURVE_WITH_KNOTS('',2,(#8429,#8430,#8431,#8432,#8433),
 .UNSPECIFIED.,.F.,.F.,(3,1,1,3),(0.,1.,2.,3.),.UNSPECIFIED.);
#389=B_SPLINE_CURVE_WITH_KNOTS('',2,(#8435,#8436,#8437),.UNSPECIFIED.,.F.,
 .F.,(3,3),(0.,1.),.UNSPECIFIED.);
#390=B_SPLINE_CURVE_WITH_KNOTS('',2,(#8449,#8450,#8451,#8452,#8453),
 .UNSPECIFIED.,.F.,.F.,(3,1,1,3),(0.,1.,2.,3.),.UNSPECIFIED.);
#391=B_SPLINE_CURVE_WITH_KNOTS('',2,(#8455,#8456,#8457,#8458),
 .UNSPECIFIED.,.F.,.F.,(3,1,3),(0.,1.,2.),.UNSPECIFIED.);
#392=B_SPLINE_CURVE_WITH_KNOTS('',2,(#8460,#8461,#8462),.UNSPECIFIED.,.F.,
 .F.,(3,3),(0.,1.),.UNSPECIFIED.);
#393=B_SPLINE_CURVE_WITH_KNOTS('',2,(#8464,#8465,#8466),.UNSPECIFIED.,.F.,
 .F.,(3,3),(0.,1.),.UNSPECIFIED.);
#394=B_SPLINE_CURVE_WITH_KNOTS('',2,(#8474,#8475,#8476,#8477),
 .UNSPECIFIED.,.F.,.F.,(3,1,3),(0.,1.,2.),.UNSPECIFIED.);
#395=B_SPLINE_CURVE_WITH_KNOTS('',2,(#8479,#8480,#8481,#8482,#8483),
 .UNSPECIFIED.,.F.,.F.,(3,1,1,3),(0.,1.,2.,3.),.UNSPECIFIED.);
#396=B_SPLINE_CURVE_WITH_KNOTS('',2,(#8485,#8486,#8487,#8488,#8489),
 .UNSPECIFIED.,.F.,.F.,(3,1,1,3),(0.,1.,2.,3.),.UNSPECIFIED.);
#397=B_SPLINE_CURVE_WITH_KNOTS('',2,(#8491,#8492,#8493,#8494),
 .UNSPECIFIED.,.F.,.F.,(3,1,3),(0.,1.,2.),.UNSPECIFIED.);
#398=B_SPLINE_CURVE_WITH_KNOTS('',2,(#8498,#8499,#8500,#8501),
 .UNSPECIFIED.,.F.,.F.,(3,1,3),(0.,1.,2.),.UNSPECIFIED.);
#399=B_SPLINE_CURVE_WITH_KNOTS('',2,(#8503,#8504,#8505,#8506,#8507),
 .UNSPECIFIED.,.F.,.F.,(3,1,1,3),(0.,1.,2.,3.),.UNSPECIFIED.);
#400=B_SPLINE_CURVE_WITH_KNOTS('',2,(#8509,#8510,#8511,#8512,#8513),
 .UNSPECIFIED.,.F.,.F.,(3,1,1,3),(0.,1.,2.,3.),.UNSPECIFIED.);
#401=B_SPLINE_CURVE_WITH_KNOTS('',2,(#8515,#8516,#8517,#8518),
 .UNSPECIFIED.,.F.,.F.,(3,1,3),(0.,1.,2.),.UNSPECIFIED.);
#402=B_SPLINE_CURVE_WITH_KNOTS('',3,(#8679,#8680,#8681,#8682),
 .UNSPECIFIED.,.F.,.F.,(4,4),(-0.0206630164574999,0.),.UNSPECIFIED.);
#403=B_SPLINE_CURVE_WITH_KNOTS('',3,(#8684,#8685,#8686,#8687,#8688,#8689),
 .UNSPECIFIED.,.F.,.F.,(4,2,4),(-0.0197717857580261,-0.00980053000465291,
0.),.UNSPECIFIED.);
#404=B_SPLINE_CURVE_WITH_KNOTS('',3,(#8728,#8729,#8730,#8731,#8732,#8733,
#8734),.UNSPECIFIED.,.F.,.F.,(4,3,4),(-0.0659941151117223,-0.0329970575558612,
0.),.UNSPECIFIED.);
#405=B_SPLINE_CURVE_WITH_KNOTS('',3,(#8736,#8737,#8738,#8739,#8740,#8741,
#8742),.UNSPECIFIED.,.F.,.F.,(4,3,4),(-0.0628959379220135,-0.0314479689610067,
0.),.UNSPECIFIED.);
#406=B_SPLINE_CURVE_WITH_KNOTS('',3,(#8744,#8745,#8746,#8747,#8748,#8749,
#8750),.UNSPECIFIED.,.F.,.F.,(4,3,4),(-0.0733689508708793,-0.0366844754354396,
0.),.UNSPECIFIED.);
#407=B_SPLINE_CURVE_WITH_KNOTS('',3,(#8751,#8752,#8753,#8754,#8755,#8756,
#8757),.UNSPECIFIED.,.F.,.F.,(4,3,4),(-0.0871521056522591,-0.0435760528261296,
0.),.UNSPECIFIED.);
#408=B_SPLINE_CURVE_WITH_KNOTS('',3,(#8760,#8761,#8762,#8763,#8764,#8765,
#8766),.UNSPECIFIED.,.F.,.F.,(4,3,4),(-0.0294483413410939,-0.0147241706705469,
0.),.UNSPECIFIED.);
#409=B_SPLINE_CURVE_WITH_KNOTS('',3,(#8768,#8769,#8770,#8771,#8772,#8773,
#8774),.UNSPECIFIED.,.F.,.F.,(4,3,4),(-0.0271810244598978,-0.0135905122299489,
0.),.UNSPECIFIED.);
#410=B_SPLINE_CURVE_WITH_KNOTS('',3,(#8776,#8777,#8778,#8779,#8780,#8781,
#8782),.UNSPECIFIED.,.F.,.F.,(4,3,4),(-0.0290325152035047,-0.0145162576017524,
0.),.UNSPECIFIED.);
#411=B_SPLINE_CURVE_WITH_KNOTS('',3,(#8783,#8784,#8785,#8786,#8787,#8788,
#8789),.UNSPECIFIED.,.F.,.F.,(4,3,4),(-0.0272709240574997,-0.0136354620287499,
0.),.UNSPECIFIED.);
#412=B_SPLINE_CURVE_WITH_KNOTS('',2,(#8800,#8801,#8802,#8803),
 .UNSPECIFIED.,.F.,.F.,(3,1,3),(0.,1.,2.),.UNSPECIFIED.);
#413=B_SPLINE_CURVE_WITH_KNOTS('',2,(#8815,#8816,#8817,#8818),
 .UNSPECIFIED.,.F.,.F.,(3,1,3),(0.,1.,2.),.UNSPECIFIED.);
#414=B_SPLINE_CURVE_WITH_KNOTS('',2,(#8848,#8849,#8850,#8851),
 .UNSPECIFIED.,.F.,.F.,(3,1,3),(0.,1.,2.),.UNSPECIFIED.);
#415=B_SPLINE_CURVE_WITH_KNOTS('',2,(#8861,#8862,#8863,#8864),
 .UNSPECIFIED.,.F.,.F.,(3,1,3),(0.,1.,2.),.UNSPECIFIED.);
#416=B_SPLINE_CURVE_WITH_KNOTS('',3,(#8893,#8894,#8895,#8896,#8897,#8898,
#8899),.UNSPECIFIED.,.F.,.F.,(4,3,4),(-0.0300184175440533,-0.0150092087720266,
0.),.UNSPECIFIED.);
#417=B_SPLINE_CURVE_WITH_KNOTS('',3,(#8915,#8916,#8917,#8918,#8919,#8920,
#8921),.UNSPECIFIED.,.F.,.F.,(4,3,4),(-0.0215566572984791,-0.0107783286492395,
0.),.UNSPECIFIED.);
#418=B_SPLINE_CURVE_WITH_KNOTS('',2,(#9014,#9015,#9016),.UNSPECIFIED.,.F.,
 .F.,(3,3),(0.,1.),.UNSPECIFIED.);
#419=B_SPLINE_CURVE_WITH_KNOTS('',3,(#9019,#9020,#9021,#9022,#9023,#9024),
 .UNSPECIFIED.,.F.,.F.,(4,2,4),(-0.0196121750979656,-0.00982025062981184,
0.),.UNSPECIFIED.);
#420=B_SPLINE_CURVE_WITH_KNOTS('',2,(#9031,#9032,#9033),.UNSPECIFIED.,.F.,
 .F.,(3,3),(0.,1.),.UNSPECIFIED.);
#421=B_SPLINE_CURVE_WITH_KNOTS('',3,(#9034,#9035,#9036,#9037),
 .UNSPECIFIED.,.F.,.F.,(4,4),(-0.0211295664998892,0.),.UNSPECIFIED.);
#422=B_SPLINE_CURVE_WITH_KNOTS('',3,(#9067,#9068,#9069,#9070,#9071,#9072,
#9073),.UNSPECIFIED.,.F.,.F.,(4,3,4),(-0.0626129033922895,-0.0313064516961447,
0.),.UNSPECIFIED.);
#423=B_SPLINE_CURVE_WITH_KNOTS('',3,(#9085,#9086,#9087,#9088,#9089,#9090,
#9091),.UNSPECIFIED.,.F.,.F.,(4,3,4),(-0.0197169690018778,-0.00985848450093892,
0.),.UNSPECIFIED.);
#424=B_SPLINE_CURVE_WITH_KNOTS('',3,(#9100,#9101,#9102,#9103),
 .UNSPECIFIED.,.F.,.F.,(4,4),(-0.0277655780640216,0.),.UNSPECIFIED.);
#425=B_SPLINE_CURVE_WITH_KNOTS('',3,(#9112,#9113,#9114,#9115),
 .UNSPECIFIED.,.F.,.F.,(4,4),(-0.0188003486077504,0.),.UNSPECIFIED.);
#426=B_SPLINE_CURVE_WITH_KNOTS('',3,(#9124,#9125,#9126,#9127),
 .UNSPECIFIED.,.F.,.F.,(4,4),(-0.0112261911296111,0.),.UNSPECIFIED.);
#427=B_SPLINE_CURVE_WITH_KNOTS('',2,(#9138,#9139,#9140,#9141),
 .UNSPECIFIED.,.F.,.F.,(3,1,3),(0.,1.,2.),.UNSPECIFIED.);
#428=B_SPLINE_CURVE_WITH_KNOTS('',3,(#9145,#9146,#9147,#9148,#9149,#9150,
#9151),.UNSPECIFIED.,.F.,.F.,(4,3,4),(-0.0226357055797142,-0.0113178527898571,
0.),.UNSPECIFIED.);
#429=B_SPLINE_CURVE_WITH_KNOTS('',2,(#9162,#9163,#9164,#9165),
 .UNSPECIFIED.,.F.,.F.,(3,1,3),(0.,1.,2.),.UNSPECIFIED.);
#430=B_SPLINE_CURVE_WITH_KNOTS('',3,(#9167,#9168,#9169,#9170,#9171,#9172,
#9173),.UNSPECIFIED.,.F.,.F.,(4,3,4),(-0.0388703612889517,-0.0194351806444758,
0.),.UNSPECIFIED.);
#431=B_SPLINE_CURVE_WITH_KNOTS('',3,(#9183,#9184,#9185,#9186),
 .UNSPECIFIED.,.F.,.F.,(4,4),(-0.0115382764886963,0.),.UNSPECIFIED.);
#432=B_SPLINE_CURVE_WITH_KNOTS('',3,(#9201,#9202,#9203,#9204,#9205,#9206,
#9207),.UNSPECIFIED.,.F.,.F.,(4,3,4),(-0.0476628732322985,-0.0238314366161493,
0.),.UNSPECIFIED.);
#433=B_SPLINE_CURVE_WITH_KNOTS('',3,(#9218,#9219,#9220,#9221,#9222,#9223,
#9224),.UNSPECIFIED.,.F.,.F.,(4,3,4),(-0.0458994960238746,-0.0229497480119373,
0.),.UNSPECIFIED.);
#434=B_SPLINE_CURVE_WITH_KNOTS('',3,(#9235,#9236,#9237,#9238,#9239,#9240,
#9241),.UNSPECIFIED.,.F.,.F.,(4,3,4),(-0.0813838425092027,-0.0406919212546014,
0.),.UNSPECIFIED.);
#435=B_SPLINE_CURVE_WITH_KNOTS('',3,(#9252,#9253,#9254,#9255,#9256,#9257,
#9258,#9259,#9260,#9261),.UNSPECIFIED.,.F.,.F.,(4,3,3,4),(-0.0349327479350619,
-0.0232884986233746,-0.0116442493116873,0.),.UNSPECIFIED.);
#436=B_SPLINE_CURVE_WITH_KNOTS('',2,(#9271,#9272,#9273,#9274),
 .UNSPECIFIED.,.F.,.F.,(3,1,3),(0.,1.,2.),.UNSPECIFIED.);
#437=B_SPLINE_CURVE_WITH_KNOTS('',3,(#9277,#9278,#9279,#9280,#9281,#9282,
#9283),.UNSPECIFIED.,.F.,.F.,(4,3,4),(-0.0215922003594777,-0.0107961001797389,
0.),.UNSPECIFIED.);
#438=B_SPLINE_CURVE_WITH_KNOTS('',2,(#9292,#9293,#9294,#9295),
 .UNSPECIFIED.,.F.,.F.,(3,1,3),(0.,1.,2.),.UNSPECIFIED.);
#439=B_SPLINE_CURVE_WITH_KNOTS('',3,(#9296,#9297,#9298,#9299,#9300,#9301,
#9302),.UNSPECIFIED.,.F.,.F.,(4,3,4),(-0.023314802102766,-0.011657401051383,
0.),.UNSPECIFIED.);
#440=B_SPLINE_CURVE_WITH_KNOTS('',3,(#9330,#9331,#9332,#9333),
 .UNSPECIFIED.,.F.,.F.,(4,4),(-0.0329658412284654,0.),.UNSPECIFIED.);
#441=B_SPLINE_CURVE_WITH_KNOTS('',3,(#9349,#9350,#9351,#9352,#9353,#9354,
#9355),.UNSPECIFIED.,.F.,.F.,(4,3,4),(-0.0685420740427646,-0.0342710370213823,
0.),.UNSPECIFIED.);
#442=B_SPLINE_CURVE_WITH_KNOTS('',3,(#9368,#9369,#9370,#9371,#9372,#9373,
#9374,#9375,#9376,#9377),.UNSPECIFIED.,.F.,.F.,(4,3,3,4),(-0.0443519360544197,
-0.0295679573696131,-0.0147839786848066,0.),.UNSPECIFIED.);
#443=B_SPLINE_CURVE_WITH_KNOTS('',3,(#9390,#9391,#9392,#9393,#9394,#9395,
#9396,#9397,#9398,#9399),.UNSPECIFIED.,.F.,.F.,(4,3,3,4),(-0.0444107115668247,
-0.0296071410445498,-0.0148035705222749,0.),.UNSPECIFIED.);
#444=B_SPLINE_CURVE_WITH_KNOTS('',3,(#9410,#9411,#9412,#9413,#9414,#9415,
#9416),.UNSPECIFIED.,.F.,.F.,(4,3,4),(-0.0723791221075828,-0.0361895610537914,
0.),.UNSPECIFIED.);
#445=B_SPLINE_CURVE_WITH_KNOTS('',3,(#9431,#9432,#9433,#9434,#9435,#9436,
#9437),.UNSPECIFIED.,.F.,.F.,(4,3,4),(-0.0271562507845108,-0.0135781253922554,
0.),.UNSPECIFIED.);
#446=B_SPLINE_CURVE_WITH_KNOTS('',3,(#9448,#9449,#9450,#9451,#9452,#9453,
#9454),.UNSPECIFIED.,.F.,.F.,(4,3,4),(-0.0412355074981932,-0.0206177537490966,
0.),.UNSPECIFIED.);
#447=B_SPLINE_CURVE_WITH_KNOTS('',3,(#9465,#9466,#9467,#9468,#9469,#9470,
#9471,#9472,#9473,#9474),.UNSPECIFIED.,.F.,.F.,(4,3,3,4),(-0.0504990202573077,
-0.0336660135048718,-0.0168330067524359,0.),.UNSPECIFIED.);
#448=B_SPLINE_CURVE_WITH_KNOTS('',3,(#9485,#9486,#9487,#9488,#9489,#9490,
#9491,#9492,#9493,#9494),.UNSPECIFIED.,.F.,.F.,(4,3,3,4),(-0.0786471742694485,
-0.0524314495129657,-0.0262157247564828,0.),.UNSPECIFIED.);
#449=B_SPLINE_CURVE_WITH_KNOTS('',3,(#9496,#9497,#9498,#9499,#9500,#9501,
#9502,#9503,#9504,#9505),.UNSPECIFIED.,.F.,.F.,(4,3,3,4),(-0.10075346011069,
-0.0671689734071264,-0.0335844867035632,0.),.UNSPECIFIED.);
#450=B_SPLINE_CURVE_WITH_KNOTS('',3,(#9506,#9507,#9508,#9509),
 .UNSPECIFIED.,.F.,.F.,(4,4),(-0.0157078994698964,0.),.UNSPECIFIED.);
#451=B_SPLINE_CURVE_WITH_KNOTS('',3,(#9516,#9517,#9518,#9519),
 .UNSPECIFIED.,.F.,.F.,(4,4),(-0.014120051986494,0.),.UNSPECIFIED.);
#452=B_SPLINE_CURVE_WITH_KNOTS('',3,(#9521,#9522,#9523,#9524,#9525,#9526,
#9527),.UNSPECIFIED.,.F.,.F.,(4,3,4),(-0.0262113829048412,-0.0131056914524206,
0.),.UNSPECIFIED.);
#453=B_SPLINE_CURVE_WITH_KNOTS('',3,(#9529,#9530,#9531,#9532),
 .UNSPECIFIED.,.F.,.F.,(4,4),(-0.0246919543481691,0.),.UNSPECIFIED.);
#454=B_SPLINE_CURVE_WITH_KNOTS('',3,(#9534,#9535,#9536,#9537,#9538,#9539,
#9540),.UNSPECIFIED.,.F.,.F.,(4,3,4),(-0.050916985040822,-0.025458492520411,
0.),.UNSPECIFIED.);
#455=B_SPLINE_CURVE_WITH_KNOTS('',2,(#9552,#9553,#9554,#9555),
 .UNSPECIFIED.,.F.,.F.,(3,1,3),(0.,1.,2.),.UNSPECIFIED.);
#456=B_SPLINE_CURVE_WITH_KNOTS('',2,(#9565,#9566,#9567),.UNSPECIFIED.,.F.,
 .F.,(3,3),(0.,1.),.UNSPECIFIED.);
#457=B_SPLINE_CURVE_WITH_KNOTS('',2,(#9591,#9592,#9593),.UNSPECIFIED.,.F.,
 .F.,(3,3),(0.,1.),.UNSPECIFIED.);
#458=B_SPLINE_CURVE_WITH_KNOTS('',2,(#9604,#9605,#9606,#9607),
 .UNSPECIFIED.,.F.,.F.,(3,1,3),(0.,1.,2.),.UNSPECIFIED.);
#459=B_SPLINE_CURVE_WITH_KNOTS('',3,(#9659,#9660,#9661,#9662,#9663,#9664,
#9665),.UNSPECIFIED.,.F.,.F.,(4,3,4),(-0.0723791221075755,-0.0361895610537877,
0.),.UNSPECIFIED.);
#460=B_SPLINE_CURVE_WITH_KNOTS('',3,(#9669,#9670,#9671,#9672,#9673,#9674,
#9675),.UNSPECIFIED.,.F.,.F.,(4,3,4),(-0.027156250784586,-0.013578125392293,
0.),.UNSPECIFIED.);
#461=B_SPLINE_CURVE_WITH_KNOTS('',3,(#9677,#9678,#9679,#9680,#9681,#9682,
#9683),.UNSPECIFIED.,.F.,.F.,(4,3,4),(-0.0412355074981837,-0.0206177537490918,
0.),.UNSPECIFIED.);
#462=B_SPLINE_CURVE_WITH_KNOTS('',3,(#9685,#9686,#9687,#9688,#9689,#9690,
#9691,#9692,#9693,#9694),.UNSPECIFIED.,.F.,.F.,(4,3,3,4),(-0.0504990202573533,
-0.0336660135049022,-0.0168330067524511,-6.93889390390723E-18),
 .UNSPECIFIED.);
#463=B_SPLINE_CURVE_WITH_KNOTS('',3,(#9696,#9697,#9698,#9699),
 .UNSPECIFIED.,.F.,.F.,(4,4),(-0.0329658412284662,0.),.UNSPECIFIED.);
#464=B_SPLINE_CURVE_WITH_KNOTS('',3,(#9703,#9704,#9705,#9706,#9707,#9708,
#9709),.UNSPECIFIED.,.F.,.F.,(4,3,4),(-0.0685420740427817,-0.0342710370213909,
0.),.UNSPECIFIED.);
#465=B_SPLINE_CURVE_WITH_KNOTS('',3,(#9711,#9712,#9713,#9714,#9715,#9716,
#9717,#9718,#9719,#9720),.UNSPECIFIED.,.F.,.F.,(4,3,3,4),(-0.0443519360544187,
-0.0295679573696124,-0.0147839786848062,0.),.UNSPECIFIED.);
#466=B_SPLINE_CURVE_WITH_KNOTS('',3,(#9721,#9722,#9723,#9724,#9725,#9726,
#9727,#9728,#9729,#9730),.UNSPECIFIED.,.F.,.F.,(4,3,3,4),(-0.0444107115668451,
-0.0296071410445634,-0.0148035705222817,0.),.UNSPECIFIED.);
#467=B_SPLINE_CURVE_WITH_KNOTS('',3,(#9859,#9860,#9861,#9862,#9863,#9864),
 .UNSPECIFIED.,.F.,.F.,(4,2,4),(-0.0169381437523652,-0.00847118151856958,
0.),.UNSPECIFIED.);
#468=B_SPLINE_CURVE_WITH_KNOTS('',3,(#9873,#9874,#9875,#9876,#9877,#9878),
 .UNSPECIFIED.,.F.,.F.,(4,2,4),(-0.0169288496758443,-0.00831305066838849,
0.),.UNSPECIFIED.);
#469=B_SPLINE_CURVE_WITH_KNOTS('',3,(#9915,#9916,#9917,#9918),
 .UNSPECIFIED.,.F.,.F.,(4,4),(-0.00705158480408544,0.),.UNSPECIFIED.);
#470=B_SPLINE_CURVE_WITH_KNOTS('',3,(#9920,#9921,#9922,#9923,#9924,#9925,
#9926,#9927,#9928,#9929),.UNSPECIFIED.,.F.,.F.,(4,3,3,4),(-0.0497114769938475,
-0.033140984662565,-0.0165704923312825,0.),.UNSPECIFIED.);
#471=B_SPLINE_CURVE_WITH_KNOTS('',3,(#9937,#9938,#9939,#9940),
 .UNSPECIFIED.,.F.,.F.,(4,4),(-0.0172905158524577,0.),.UNSPECIFIED.);
#472=B_SPLINE_CURVE_WITH_KNOTS('',3,(#9942,#9943,#9944,#9945),
 .UNSPECIFIED.,.F.,.F.,(4,4),(-0.00925293838232224,0.),.UNSPECIFIED.);
#473=B_SPLINE_CURVE_WITH_KNOTS('',3,(#9947,#9948,#9949,#9950,#9951,#9952,
#9953),.UNSPECIFIED.,.F.,.F.,(4,3,4),(-0.0433851403931617,-0.0216925701965809,
0.),.UNSPECIFIED.);
#474=B_SPLINE_CURVE_WITH_KNOTS('',3,(#9954,#9955,#9956,#9957,#9958,#9959,
#9960,#9961,#9962,#9963),.UNSPECIFIED.,.F.,.F.,(4,3,3,4),(-0.0320800313215959,
-0.0213866875477306,-0.0106933437738653,0.),.UNSPECIFIED.);
#475=B_SPLINE_CURVE_WITH_KNOTS('',3,(#9970,#9971,#9972,#9973,#9974,#9975,
#9976),.UNSPECIFIED.,.F.,.F.,(4,3,4),(-0.0228967525794789,-0.0114483762897395,
0.),.UNSPECIFIED.);
#476=B_SPLINE_CURVE_WITH_KNOTS('',3,(#9978,#9979,#9980,#9981,#9982,#9983,
#9984,#9985,#9986,#9987),.UNSPECIFIED.,.F.,.F.,(4,3,3,4),(-0.0197515256547998,
-0.0131676837698666,-0.00658384188493328,0.),.UNSPECIFIED.);
#477=B_SPLINE_CURVE_WITH_KNOTS('',2,(#9999,#10000,#10001,#10002),
 .UNSPECIFIED.,.F.,.F.,(3,1,3),(0.,1.,2.),.UNSPECIFIED.);
#478=B_SPLINE_CURVE_WITH_KNOTS('',2,(#10053,#10054,#10055,#10056,#10057),
 .UNSPECIFIED.,.F.,.F.,(3,1,1,3),(0.,1.,2.,3.),.UNSPECIFIED.);
#479=B_SPLINE_CURVE_WITH_KNOTS('',3,(#10111,#10112,#10113,#10114,#10115,
#10116,#10117),.UNSPECIFIED.,.F.,.F.,(4,3,4),(-0.0565630858351103,-0.0282815429175551,
0.),.UNSPECIFIED.);
#480=B_SPLINE_CURVE_WITH_KNOTS('',3,(#10133,#10134,#10135,#10136,#10137,
#10138,#10139),.UNSPECIFIED.,.F.,.F.,(4,3,4),(-0.0533281424075994,-0.0266640712037997,
0.),.UNSPECIFIED.);
#481=B_SPLINE_CURVE_WITH_KNOTS('',3,(#10152,#10153,#10154,#10155,#10156,
#10157,#10158,#10159,#10160,#10161),.UNSPECIFIED.,.F.,.F.,(4,3,3,4),(-0.192288740917263,
-0.128192493944842,-0.0640962469724209,0.),.UNSPECIFIED.);
#482=B_SPLINE_CURVE_WITH_KNOTS('',3,(#10174,#10175,#10176,#10177,#10178,
#10179,#10180,#10181,#10182,#10183),.UNSPECIFIED.,.F.,.F.,(4,3,3,4),(-0.0788518148576377,
-0.0525678765717584,-0.0262839382858792,0.),.UNSPECIFIED.);
#483=B_SPLINE_CURVE_WITH_KNOTS('',3,(#10194,#10195,#10196,#10197,#10198,
#10199,#10200),.UNSPECIFIED.,.F.,.F.,(4,3,4),(-0.0673126428557387,-0.0336563214278693,
0.),.UNSPECIFIED.);
#484=B_SPLINE_CURVE_WITH_KNOTS('',3,(#10215,#10216,#10217,#10218,#10219,
#10220,#10221),.UNSPECIFIED.,.F.,.F.,(4,3,4),(-0.0521260621021283,-0.0260630310510642,
0.),.UNSPECIFIED.);
#485=B_SPLINE_CURVE_WITH_KNOTS('',3,(#10234,#10235,#10236,#10237,#10238,
#10239,#10240,#10241,#10242,#10243),.UNSPECIFIED.,.F.,.F.,(4,3,3,4),(-0.0409828111679419,
-0.0273218741119613,-0.0136609370559806,0.),.UNSPECIFIED.);
#486=B_SPLINE_CURVE_WITH_KNOTS('',3,(#10254,#10255,#10256,#10257,#10258,
#10259,#10260,#10261,#10262,#10263),.UNSPECIFIED.,.F.,.F.,(4,3,3,4),(-0.145238004508675,
-0.0968253363391166,-0.0484126681695583,0.),.UNSPECIFIED.);
#487=B_SPLINE_CURVE_WITH_KNOTS('',3,(#10368,#10369,#10370,#10371,#10372,
#10373),.UNSPECIFIED.,.F.,.F.,(4,2,4),(-0.0199052241908679,-0.0100323741811628,
0.),.UNSPECIFIED.);
#488=B_SPLINE_CURVE_WITH_KNOTS('',3,(#10375,#10376,#10377,#10378),
 .UNSPECIFIED.,.F.,.F.,(4,4),(-0.0215437191996682,0.),.UNSPECIFIED.);
#489=B_SPLINE_CURVE_WITH_KNOTS('',2,(#10390,#10391,#10392),
 .UNSPECIFIED.,.F.,.F.,(3,3),(0.,1.),.UNSPECIFIED.);
#490=B_SPLINE_CURVE_WITH_KNOTS('',2,(#10402,#10403,#10404),
 .UNSPECIFIED.,.F.,.F.,(3,3),(0.,1.),.UNSPECIFIED.);
#491=B_SPLINE_SURFACE_WITH_KNOTS('',3,3,((#7833,#7834,#7835,#7836,#7837,
#7838),(#7839,#7840,#7841,#7842,#7843,#7844),(#7845,#7846,#7847,#7848,#7849,
#7850),(#7851,#7852,#7853,#7854,#7855,#7856),(#7857,#7858,#7859,#7860,#7861,
#7862),(#7863,#7864,#7865,#7866,#7867,#7868),(#7869,#7870,#7871,#7872,#7873,
#7874)),.UNSPECIFIED.,.F.,.F.,.F.,(4,1,1,1,4),(4,1,1,4),(0.,0.285714285714286,
0.5,0.785714285714286,1.),(7.70371977754841E-33,0.00362452911956343,0.00845723461231467,
0.0169144692246293),.UNSPECIFIED.);
#492=B_SPLINE_SURFACE_WITH_KNOTS('',3,3,((#7909,#7910,#7911,#7912,#7913,
#7914),(#7915,#7916,#7917,#7918,#7919,#7920),(#7921,#7922,#7923,#7924,#7925,
#7926),(#7927,#7928,#7929,#7930,#7931,#7932),(#7933,#7934,#7935,#7936,#7937,
#7938),(#7939,#7940,#7941,#7942,#7943,#7944),(#7945,#7946,#7947,#7948,#7949,
#7950)),.UNSPECIFIED.,.F.,.F.,.F.,(4,1,1,1,4),(4,1,1,4),(0.,0.285714285714286,
0.5,0.785714285714286,1.),(1.9559007191639E-17,0.00845729489380465,0.0132900348331216,
0.0169145897876093),.UNSPECIFIED.);
#493=B_SPLINE_SURFACE_WITH_KNOTS('',2,1,((#8710,#8711),(#8712,#8713),(#8714,
#8715)),.UNSPECIFIED.,.F.,.F.,.F.,(3,3),(2,2),(-1.,0.),(0.,4.25965914129288),
 .UNSPECIFIED.);
#494=B_SPLINE_SURFACE_WITH_KNOTS('',2,1,((#8717,#8718),(#8719,#8720),(#8721,
#8722)),.UNSPECIFIED.,.F.,.F.,.F.,(3,3),(2,2),(-1.,0.),(0.,4.25965914129288),
 .UNSPECIFIED.);
#495=B_SPLINE_SURFACE_WITH_KNOTS('',2,1,((#8790,#8791),(#8792,#8793),(#8794,
#8795),(#8796,#8797)),.UNSPECIFIED.,.F.,.F.,.F.,(3,1,3),(2,2),(0.,1.,2.),
(0.,4.25965914129288),.UNSPECIFIED.);
#496=B_SPLINE_SURFACE_WITH_KNOTS('',2,1,((#8806,#8807),(#8808,#8809),(#8810,
#8811),(#8812,#8813)),.UNSPECIFIED.,.F.,.F.,.F.,(3,1,3),(2,2),(0.,1.,2.),
(0.,4.25965914129288),.UNSPECIFIED.);
#497=B_SPLINE_SURFACE_WITH_KNOTS('',2,1,((#8820,#8821),(#8822,#8823),(#8824,
#8825),(#8826,#8827)),.UNSPECIFIED.,.F.,.F.,.F.,(3,1,3),(2,2),(-2.,-1.,
0.),(0.,4.25965914129288),.UNSPECIFIED.);
#498=B_SPLINE_SURFACE_WITH_KNOTS('',2,1,((#8830,#8831),(#8832,#8833),(#8834,
#8835),(#8836,#8837)),.UNSPECIFIED.,.F.,.F.,.F.,(3,1,3),(2,2),(-2.,-1.,
0.),(0.,4.25965914129288),.UNSPECIFIED.);
#499=B_SPLINE_SURFACE_WITH_KNOTS('',2,1,((#8839,#8840),(#8841,#8842),(#8843,
#8844),(#8845,#8846)),.UNSPECIFIED.,.F.,.F.,.F.,(3,1,3),(2,2),(0.,1.,2.),
(0.,4.25965914129288),.UNSPECIFIED.);
#500=B_SPLINE_SURFACE_WITH_KNOTS('',2,1,((#8853,#8854),(#8855,#8856),(#8857,
#8858),(#8859,#8860)),.UNSPECIFIED.,.F.,.F.,.F.,(3,1,3),(2,2),(0.,1.,2.),
(0.,4.25965914129288),.UNSPECIFIED.);
#501=B_SPLINE_SURFACE_WITH_KNOTS('',2,1,((#8865,#8866),(#8867,#8868),(#8869,
#8870),(#8871,#8872)),.UNSPECIFIED.,.F.,.F.,.F.,(3,1,3),(2,2),(-2.,-1.,
0.),(0.,4.25965914129288),.UNSPECIFIED.);
#502=B_SPLINE_SURFACE_WITH_KNOTS('',2,1,((#8874,#8875),(#8876,#8877),(#8878,
#8879),(#8880,#8881)),.UNSPECIFIED.,.F.,.F.,.F.,(3,1,3),(2,2),(-2.,-1.,
0.),(0.,4.25965914129288),.UNSPECIFIED.);
#503=B_SPLINE_SURFACE_WITH_KNOTS('',2,1,((#8882,#8883),(#8884,#8885),(#8886,
#8887),(#8888,#8889)),.UNSPECIFIED.,.F.,.F.,.F.,(3,1,3),(2,2),(-2.,-1.,
0.),(0.,4.25965914129288),.UNSPECIFIED.);
#504=B_SPLINE_SURFACE_WITH_KNOTS('',2,1,((#8905,#8906),(#8907,#8908),(#8909,
#8910),(#8911,#8912)),.UNSPECIFIED.,.F.,.F.,.F.,(3,1,3),(2,2),(-2.,-1.,
0.),(0.,4.25965914129288),.UNSPECIFIED.);
#505=B_SPLINE_SURFACE_WITH_KNOTS('',2,1,((#9007,#9008),(#9009,#9010),(#9011,
#9012)),.UNSPECIFIED.,.F.,.F.,.F.,(3,3),(2,2),(0.,1.),(0.,4.25965914129288),
 .UNSPECIFIED.);
#506=B_SPLINE_SURFACE_WITH_KNOTS('',2,1,((#9025,#9026),(#9027,#9028),(#9029,
#9030)),.UNSPECIFIED.,.F.,.F.,.F.,(3,3),(2,2),(0.,1.),(0.,4.25965914129288),
 .UNSPECIFIED.);
#507=B_SPLINE_SURFACE_WITH_KNOTS('',2,1,((#9056,#9057),(#9058,#9059),(#9060,
#9061),(#9062,#9063)),.UNSPECIFIED.,.F.,.F.,.F.,(3,1,3),(2,2),(-2.,-1.,
0.),(0.,4.25965914129288),.UNSPECIFIED.);
#508=B_SPLINE_SURFACE_WITH_KNOTS('',2,1,((#9075,#9076),(#9077,#9078),(#9079,
#9080),(#9081,#9082)),.UNSPECIFIED.,.F.,.F.,.F.,(3,1,3),(2,2),(-2.,-1.,
0.),(0.,4.25965914129288),.UNSPECIFIED.);
#509=B_SPLINE_SURFACE_WITH_KNOTS('',2,1,((#9092,#9093),(#9094,#9095),(#9096,
#9097)),.UNSPECIFIED.,.F.,.F.,.F.,(3,3),(2,2),(-1.,0.),(0.,4.25965914129288),
 .UNSPECIFIED.);
#510=B_SPLINE_SURFACE_WITH_KNOTS('',2,1,((#9104,#9105),(#9106,#9107),(#9108,
#9109)),.UNSPECIFIED.,.F.,.F.,.F.,(3,3),(2,2),(-1.,0.),(0.,4.25965914129288),
 .UNSPECIFIED.);
#511=B_SPLINE_SURFACE_WITH_KNOTS('',2,1,((#9116,#9117),(#9118,#9119),(#9120,
#9121)),.UNSPECIFIED.,.F.,.F.,.F.,(3,3),(2,2),(-1.,0.),(0.,4.25965914129288),
 .UNSPECIFIED.);
#512=B_SPLINE_SURFACE_WITH_KNOTS('',2,1,((#9128,#9129),(#9130,#9131),(#9132,
#9133),(#9134,#9135)),.UNSPECIFIED.,.F.,.F.,.F.,(3,1,3),(2,2),(0.,1.,2.),
(0.,4.25965914129288),.UNSPECIFIED.);
#513=B_SPLINE_SURFACE_WITH_KNOTS('',2,1,((#9153,#9154),(#9155,#9156),(#9157,
#9158),(#9159,#9160)),.UNSPECIFIED.,.F.,.F.,.F.,(3,1,3),(2,2),(0.,1.,2.),
(0.,4.25965914129288),.UNSPECIFIED.);
#514=B_SPLINE_SURFACE_WITH_KNOTS('',2,1,((#9175,#9176),(#9177,#9178),(#9179,
#9180)),.UNSPECIFIED.,.F.,.F.,.F.,(3,3),(2,2),(-1.,0.),(0.,4.25965914129288),
 .UNSPECIFIED.);
#515=B_SPLINE_SURFACE_WITH_KNOTS('',2,1,((#9191,#9192),(#9193,#9194),(#9195,
#9196),(#9197,#9198)),.UNSPECIFIED.,.F.,.F.,.F.,(3,1,3),(2,2),(-2.,-1.,
0.),(0.,4.25965914129288),.UNSPECIFIED.);
#516=B_SPLINE_SURFACE_WITH_KNOTS('',2,1,((#9208,#9209),(#9210,#9211),(#9212,
#9213),(#9214,#9215)),.UNSPECIFIED.,.F.,.F.,.F.,(3,1,3),(2,2),(-2.,-1.,
0.),(0.,4.25965914129288),.UNSPECIFIED.);
#517=B_SPLINE_SURFACE_WITH_KNOTS('',2,1,((#9225,#9226),(#9227,#9228),(#9229,
#9230),(#9231,#9232)),.UNSPECIFIED.,.F.,.F.,.F.,(3,1,3),(2,2),(-2.,-1.,
0.),(0.,4.25965914129288),.UNSPECIFIED.);
#518=B_SPLINE_SURFACE_WITH_KNOTS('',2,1,((#9242,#9243),(#9244,#9245),(#9246,
#9247),(#9248,#9249),(#9250,#9251)),.UNSPECIFIED.,.F.,.F.,.F.,(3,1,1,3),
(2,2),(-3.,-2.,-1.,0.),(0.,4.25965914129288),.UNSPECIFIED.);
#519=B_SPLINE_SURFACE_WITH_KNOTS('',2,1,((#9262,#9263),(#9264,#9265),(#9266,
#9267),(#9268,#9269)),.UNSPECIFIED.,.F.,.F.,.F.,(3,1,3),(2,2),(0.,1.,2.),
(0.,4.25965914129288),.UNSPECIFIED.);
#520=B_SPLINE_SURFACE_WITH_KNOTS('',2,1,((#9284,#9285),(#9286,#9287),(#9288,
#9289),(#9290,#9291)),.UNSPECIFIED.,.F.,.F.,.F.,(3,1,3),(2,2),(0.,1.,2.),
(0.,4.25965914129288),.UNSPECIFIED.);
#521=B_SPLINE_SURFACE_WITH_KNOTS('',2,1,((#9321,#9322),(#9323,#9324),(#9325,
#9326)),.UNSPECIFIED.,.F.,.F.,.F.,(3,3),(2,2),(-1.,0.),(0.,4.25965914129288),
 .UNSPECIFIED.);
#522=B_SPLINE_SURFACE_WITH_KNOTS('',2,1,((#9339,#9340),(#9341,#9342),(#9343,
#9344),(#9345,#9346)),.UNSPECIFIED.,.F.,.F.,.F.,(3,1,3),(2,2),(-2.,-1.,
0.),(0.,4.25965914129288),.UNSPECIFIED.);
#523=B_SPLINE_SURFACE_WITH_KNOTS('',2,1,((#9356,#9357),(#9358,#9359),(#9360,
#9361),(#9362,#9363),(#9364,#9365)),.UNSPECIFIED.,.F.,.F.,.F.,(3,1,1,3),
(2,2),(-3.,-2.,-1.,0.),(0.,4.25965914129288),.UNSPECIFIED.);
#524=B_SPLINE_SURFACE_WITH_KNOTS('',2,1,((#9378,#9379),(#9380,#9381),(#9382,
#9383),(#9384,#9385),(#9386,#9387)),.UNSPECIFIED.,.F.,.F.,.F.,(3,1,1,3),
(2,2),(-3.,-2.,-1.,0.),(0.,4.25965914129288),.UNSPECIFIED.);
#525=B_SPLINE_SURFACE_WITH_KNOTS('',2,1,((#9400,#9401),(#9402,#9403),(#9404,
#9405),(#9406,#9407)),.UNSPECIFIED.,.F.,.F.,.F.,(3,1,3),(2,2),(-2.,-1.,
0.),(0.,4.25965914129288),.UNSPECIFIED.);
#526=B_SPLINE_SURFACE_WITH_KNOTS('',2,1,((#9421,#9422),(#9423,#9424),(#9425,
#9426),(#9427,#9428)),.UNSPECIFIED.,.F.,.F.,.F.,(3,1,3),(2,2),(-2.,-1.,
0.),(0.,4.25965914129288),.UNSPECIFIED.);
#527=B_SPLINE_SURFACE_WITH_KNOTS('',2,1,((#9438,#9439),(#9440,#9441),(#9442,
#9443),(#9444,#9445)),.UNSPECIFIED.,.F.,.F.,.F.,(3,1,3),(2,2),(-2.,-1.,
0.),(0.,4.25965914129288),.UNSPECIFIED.);
#528=B_SPLINE_SURFACE_WITH_KNOTS('',2,1,((#9455,#9456),(#9457,#9458),(#9459,
#9460),(#9461,#9462),(#9463,#9464)),.UNSPECIFIED.,.F.,.F.,.F.,(3,1,1,3),
(2,2),(-3.,-2.,-1.,0.),(0.,4.25965914129288),.UNSPECIFIED.);
#529=B_SPLINE_SURFACE_WITH_KNOTS('',2,1,((#9542,#9543),(#9544,#9545),(#9546,
#9547),(#9548,#9549)),.UNSPECIFIED.,.F.,.F.,.F.,(3,1,3),(2,2),(0.,1.,2.),
(0.,4.25965914129288),.UNSPECIFIED.);
#530=B_SPLINE_SURFACE_WITH_KNOTS('',2,1,((#9558,#9559),(#9560,#9561),(#9562,
#9563)),.UNSPECIFIED.,.F.,.F.,.F.,(3,3),(2,2),(0.,1.),(0.,4.25965914129288),
 .UNSPECIFIED.);
#531=B_SPLINE_SURFACE_WITH_KNOTS('',2,1,((#9584,#9585),(#9586,#9587),(#9588,
#9589)),.UNSPECIFIED.,.F.,.F.,.F.,(3,3),(2,2),(0.,1.),(0.,4.25965914129288),
 .UNSPECIFIED.);
#532=B_SPLINE_SURFACE_WITH_KNOTS('',2,1,((#9595,#9596),(#9597,#9598),(#9599,
#9600),(#9601,#9602)),.UNSPECIFIED.,.F.,.F.,.F.,(3,1,3),(2,2),(0.,1.,2.),
(0.,4.25965914129288),.UNSPECIFIED.);
#533=B_SPLINE_SURFACE_WITH_KNOTS('',2,1,((#9611,#9612),(#9613,#9614),(#9615,
#9616)),.UNSPECIFIED.,.F.,.F.,.F.,(3,3),(2,2),(-1.,0.),(0.,4.25965914129288),
 .UNSPECIFIED.);
#534=B_SPLINE_SURFACE_WITH_KNOTS('',2,1,((#9618,#9619),(#9620,#9621),(#9622,
#9623),(#9624,#9625),(#9626,#9627)),.UNSPECIFIED.,.F.,.F.,.F.,(3,1,1,3),
(2,2),(-3.,-2.,-1.,0.),(0.,4.25965914129288),.UNSPECIFIED.);
#535=B_SPLINE_SURFACE_WITH_KNOTS('',2,1,((#9629,#9630),(#9631,#9632),(#9633,
#9634),(#9635,#9636),(#9637,#9638)),.UNSPECIFIED.,.F.,.F.,.F.,(3,1,1,3),
(2,2),(-3.,-2.,-1.,0.),(0.,4.25965914129288),.UNSPECIFIED.);
#536=B_SPLINE_SURFACE_WITH_KNOTS('',2,1,((#9731,#9732),(#9733,#9734),(#9735,
#9736),(#9737,#9738),(#9739,#9740)),.UNSPECIFIED.,.F.,.F.,.F.,(3,1,1,3),
(2,2),(-3.,-2.,-1.,0.),(0.,4.25965914129288),.UNSPECIFIED.);
#537=B_SPLINE_SURFACE_WITH_KNOTS('',2,1,((#9743,#9744),(#9745,#9746),(#9747,
#9748),(#9749,#9750)),.UNSPECIFIED.,.F.,.F.,.F.,(3,1,3),(2,2),(-2.,-1.,
0.),(0.,4.25965914129288),.UNSPECIFIED.);
#538=B_SPLINE_SURFACE_WITH_KNOTS('',2,1,((#9752,#9753),(#9754,#9755),(#9756,
#9757),(#9758,#9759)),.UNSPECIFIED.,.F.,.F.,.F.,(3,1,3),(2,2),(-2.,-1.,
0.),(0.,4.25965914129288),.UNSPECIFIED.);
#539=B_SPLINE_SURFACE_WITH_KNOTS('',2,1,((#9763,#9764),(#9765,#9766),(#9767,
#9768),(#9769,#9770)),.UNSPECIFIED.,.F.,.F.,.F.,(3,1,3),(2,2),(-2.,-1.,
0.),(0.,4.25965914129288),.UNSPECIFIED.);
#540=B_SPLINE_SURFACE_WITH_KNOTS('',2,1,((#9772,#9773),(#9774,#9775),(#9776,
#9777),(#9778,#9779),(#9780,#9781)),.UNSPECIFIED.,.F.,.F.,.F.,(3,1,1,3),
(2,2),(-3.,-2.,-1.,0.),(0.,4.25965914129288),.UNSPECIFIED.);
#541=B_SPLINE_SURFACE_WITH_KNOTS('',2,1,((#9783,#9784),(#9785,#9786),(#9787,
#9788),(#9789,#9790),(#9791,#9792)),.UNSPECIFIED.,.F.,.F.,.F.,(3,1,1,3),
(2,2),(-3.,-2.,-1.,0.),(0.,4.25965914129288),.UNSPECIFIED.);
#542=B_SPLINE_SURFACE_WITH_KNOTS('',2,1,((#9794,#9795),(#9796,#9797),(#9798,
#9799),(#9800,#9801)),.UNSPECIFIED.,.F.,.F.,.F.,(3,1,3),(2,2),(-2.,-1.,
0.),(0.,4.25965914129288),.UNSPECIFIED.);
#543=B_SPLINE_SURFACE_WITH_KNOTS('',2,1,((#9805,#9806),(#9807,#9808),(#9809,
#9810)),.UNSPECIFIED.,.F.,.F.,.F.,(3,3),(2,2),(-1.,0.),(0.,4.25965914129288),
 .UNSPECIFIED.);
#544=B_SPLINE_SURFACE_WITH_KNOTS('',2,1,((#9851,#9852),(#9853,#9854),(#9855,
#9856)),.UNSPECIFIED.,.F.,.F.,.F.,(3,3),(2,2),(-1.,0.),(0.,4.25965914129288),
 .UNSPECIFIED.);
#545=B_SPLINE_SURFACE_WITH_KNOTS('',2,1,((#9865,#9866),(#9867,#9868),(#9869,
#9870)),.UNSPECIFIED.,.F.,.F.,.F.,(3,3),(2,2),(-1.,0.),(0.,4.25965914129288),
 .UNSPECIFIED.);
#546=B_SPLINE_SURFACE_WITH_KNOTS('',2,1,((#9989,#9990),(#9991,#9992),(#9993,
#9994),(#9995,#9996)),.UNSPECIFIED.,.F.,.F.,.F.,(3,1,3),(2,2),(0.,1.,2.),
(0.,4.25965914129288),.UNSPECIFIED.);
#547=B_SPLINE_SURFACE_WITH_KNOTS('',2,1,((#10013,#10014),(#10015,#10016),
(#10017,#10018),(#10019,#10020),(#10021,#10022)),.UNSPECIFIED.,.F.,.F.,
 .F.,(3,1,1,3),(2,2),(-3.,-2.,-1.,0.),(0.,4.25965914129288),
 .UNSPECIFIED.);
#548=B_SPLINE_SURFACE_WITH_KNOTS('',2,1,((#10025,#10026),(#10027,#10028),
(#10029,#10030)),.UNSPECIFIED.,.F.,.F.,.F.,(3,3),(2,2),(-1.,0.),(0.,4.25965914129288),
 .UNSPECIFIED.);
#549=B_SPLINE_SURFACE_WITH_KNOTS('',2,1,((#10042,#10043),(#10044,#10045),
(#10046,#10047),(#10048,#10049),(#10050,#10051)),.UNSPECIFIED.,.F.,.F.,
 .F.,(3,1,1,3),(2,2),(0.,1.,2.,3.),(0.,4.25965914129288),.UNSPECIFIED.);
#550=B_SPLINE_SURFACE_WITH_KNOTS('',2,1,((#10061,#10062),(#10063,#10064),
(#10065,#10066),(#10067,#10068),(#10069,#10070)),.UNSPECIFIED.,.F.,.F.,
 .F.,(3,1,1,3),(2,2),(-3.,-2.,-1.,0.),(0.,4.25965914129288),
 .UNSPECIFIED.);
#551=B_SPLINE_SURFACE_WITH_KNOTS('',2,1,((#10072,#10073),(#10074,#10075),
(#10076,#10077),(#10078,#10079)),.UNSPECIFIED.,.F.,.F.,.F.,(3,1,3),(2,2),
(-2.,-1.,0.),(0.,4.25965914129288),.UNSPECIFIED.);
#552=B_SPLINE_SURFACE_WITH_KNOTS('',2,1,((#10081,#10082),(#10083,#10084),
(#10085,#10086)),.UNSPECIFIED.,.F.,.F.,.F.,(3,3),(2,2),(-1.,0.),(0.,4.25965914129288),
 .UNSPECIFIED.);
#553=B_SPLINE_SURFACE_WITH_KNOTS('',2,1,((#10088,#10089),(#10090,#10091),
(#10092,#10093)),.UNSPECIFIED.,.F.,.F.,.F.,(3,3),(2,2),(-1.,0.),(0.,4.25965914129288),
 .UNSPECIFIED.);
#554=B_SPLINE_SURFACE_WITH_KNOTS('',2,1,((#10100,#10101),(#10102,#10103),
(#10104,#10105),(#10106,#10107)),.UNSPECIFIED.,.F.,.F.,.F.,(3,1,3),(2,2),
(-2.,-1.,0.),(0.,4.25965914129288),.UNSPECIFIED.);
#555=B_SPLINE_SURFACE_WITH_KNOTS('',2,1,((#10123,#10124),(#10125,#10126),
(#10127,#10128),(#10129,#10130)),.UNSPECIFIED.,.F.,.F.,.F.,(3,1,3),(2,2),
(-2.,-1.,0.),(0.,4.25965914129288),.UNSPECIFIED.);
#556=B_SPLINE_SURFACE_WITH_KNOTS('',2,1,((#10140,#10141),(#10142,#10143),
(#10144,#10145),(#10146,#10147),(#10148,#10149)),.UNSPECIFIED.,.F.,.F.,
 .F.,(3,1,1,3),(2,2),(-3.,-2.,-1.,0.),(0.,4.25965914129288),
 .UNSPECIFIED.);
#557=B_SPLINE_SURFACE_WITH_KNOTS('',2,1,((#10162,#10163),(#10164,#10165),
(#10166,#10167),(#10168,#10169),(#10170,#10171)),.UNSPECIFIED.,.F.,.F.,
 .F.,(3,1,1,3),(2,2),(-3.,-2.,-1.,0.),(0.,4.25965914129288),
 .UNSPECIFIED.);
#558=B_SPLINE_SURFACE_WITH_KNOTS('',2,1,((#10184,#10185),(#10186,#10187),
(#10188,#10189),(#10190,#10191)),.UNSPECIFIED.,.F.,.F.,.F.,(3,1,3),(2,2),
(-2.,-1.,0.),(0.,4.25965914129288),.UNSPECIFIED.);
#559=B_SPLINE_SURFACE_WITH_KNOTS('',2,1,((#10205,#10206),(#10207,#10208),
(#10209,#10210),(#10211,#10212)),.UNSPECIFIED.,.F.,.F.,.F.,(3,1,3),(2,2),
(-2.,-1.,0.),(0.,4.25965914129288),.UNSPECIFIED.);
#560=B_SPLINE_SURFACE_WITH_KNOTS('',2,1,((#10222,#10223),(#10224,#10225),
(#10226,#10227),(#10228,#10229),(#10230,#10231)),.UNSPECIFIED.,.F.,.F.,
 .F.,(3,1,1,3),(2,2),(-3.,-2.,-1.,0.),(0.,4.25965914129288),
 .UNSPECIFIED.);
#561=B_SPLINE_SURFACE_WITH_KNOTS('',2,1,((#10244,#10245),(#10246,#10247),
(#10248,#10249),(#10250,#10251),(#10252,#10253)),.UNSPECIFIED.,.F.,.F.,
 .F.,(3,1,1,3),(2,2),(-3.,-2.,-1.,0.),(0.,4.25965914129288),
 .UNSPECIFIED.);
#562=B_SPLINE_SURFACE_WITH_KNOTS('',2,1,((#10382,#10383),(#10384,#10385),
(#10386,#10387)),.UNSPECIFIED.,.F.,.F.,.F.,(3,3),(2,2),(0.,1.),(0.,4.25965914129288),
 .UNSPECIFIED.);
#563=B_SPLINE_SURFACE_WITH_KNOTS('',2,1,((#10395,#10396),(#10397,#10398),
(#10399,#10400)),.UNSPECIFIED.,.F.,.F.,.F.,(3,3),(2,2),(0.,1.),(0.,4.25965914129288),
 .UNSPECIFIED.);
#564=FACE_OUTER_BOUND('',#898,.T.);
#565=FACE_OUTER_BOUND('',#899,.T.);
#566=FACE_OUTER_BOUND('',#900,.T.);
#567=FACE_OUTER_BOUND('',#901,.T.);
#568=FACE_OUTER_BOUND('',#902,.T.);
#569=FACE_OUTER_BOUND('',#903,.T.);
#570=FACE_OUTER_BOUND('',#904,.T.);
#571=FACE_OUTER_BOUND('',#905,.T.);
#572=FACE_OUTER_BOUND('',#906,.T.);
#573=FACE_OUTER_BOUND('',#907,.T.);
#574=FACE_OUTER_BOUND('',#908,.T.);
#575=FACE_OUTER_BOUND('',#909,.T.);
#576=FACE_OUTER_BOUND('',#910,.T.);
#577=FACE_OUTER_BOUND('',#911,.T.);
#578=FACE_OUTER_BOUND('',#912,.T.);
#579=FACE_OUTER_BOUND('',#913,.T.);
#580=FACE_OUTER_BOUND('',#914,.T.);
#581=FACE_OUTER_BOUND('',#915,.T.);
#582=FACE_OUTER_BOUND('',#916,.T.);
#583=FACE_OUTER_BOUND('',#917,.T.);
#584=FACE_OUTER_BOUND('',#918,.T.);
#585=FACE_OUTER_BOUND('',#919,.T.);
#586=FACE_OUTER_BOUND('',#920,.T.);
#587=FACE_OUTER_BOUND('',#922,.T.);
#588=FACE_OUTER_BOUND('',#923,.T.);
#589=FACE_OUTER_BOUND('',#945,.T.);
#590=FACE_OUTER_BOUND('',#946,.T.);
#591=FACE_OUTER_BOUND('',#947,.T.);
#592=FACE_OUTER_BOUND('',#948,.T.);
#593=FACE_OUTER_BOUND('',#949,.T.);
#594=FACE_OUTER_BOUND('',#950,.T.);
#595=FACE_OUTER_BOUND('',#951,.T.);
#596=FACE_OUTER_BOUND('',#952,.T.);
#597=FACE_OUTER_BOUND('',#953,.T.);
#598=FACE_OUTER_BOUND('',#954,.T.);
#599=FACE_OUTER_BOUND('',#955,.T.);
#600=FACE_OUTER_BOUND('',#956,.T.);
#601=FACE_OUTER_BOUND('',#957,.T.);
#602=FACE_OUTER_BOUND('',#958,.T.);
#603=FACE_OUTER_BOUND('',#959,.T.);
#604=FACE_OUTER_BOUND('',#960,.T.);
#605=FACE_OUTER_BOUND('',#961,.T.);
#606=FACE_OUTER_BOUND('',#962,.T.);
#607=FACE_OUTER_BOUND('',#963,.T.);
#608=FACE_OUTER_BOUND('',#964,.T.);
#609=FACE_OUTER_BOUND('',#965,.T.);
#610=FACE_OUTER_BOUND('',#966,.T.);
#611=FACE_OUTER_BOUND('',#967,.T.);
#612=FACE_OUTER_BOUND('',#968,.T.);
#613=FACE_OUTER_BOUND('',#969,.T.);
#614=FACE_OUTER_BOUND('',#970,.T.);
#615=FACE_OUTER_BOUND('',#971,.T.);
#616=FACE_OUTER_BOUND('',#972,.T.);
#617=FACE_OUTER_BOUND('',#973,.T.);
#618=FACE_OUTER_BOUND('',#975,.T.);
#619=FACE_OUTER_BOUND('',#976,.T.);
#620=FACE_OUTER_BOUND('',#977,.T.);
#621=FACE_OUTER_BOUND('',#978,.T.);
#622=FACE_OUTER_BOUND('',#979,.T.);
#623=FACE_OUTER_BOUND('',#980,.T.);
#624=FACE_OUTER_BOUND('',#981,.T.);
#625=FACE_OUTER_BOUND('',#982,.T.);
#626=FACE_OUTER_BOUND('',#983,.T.);
#627=FACE_OUTER_BOUND('',#984,.T.);
#628=FACE_OUTER_BOUND('',#985,.T.);
#629=FACE_OUTER_BOUND('',#986,.T.);
#630=FACE_OUTER_BOUND('',#987,.T.);
#631=FACE_OUTER_BOUND('',#988,.T.);
#632=FACE_OUTER_BOUND('',#989,.T.);
#633=FACE_OUTER_BOUND('',#990,.T.);
#634=FACE_OUTER_BOUND('',#991,.T.);
#635=FACE_OUTER_BOUND('',#992,.T.);
#636=FACE_OUTER_BOUND('',#993,.T.);
#637=FACE_OUTER_BOUND('',#994,.T.);
#638=FACE_OUTER_BOUND('',#995,.T.);
#639=FACE_OUTER_BOUND('',#996,.T.);
#640=FACE_OUTER_BOUND('',#997,.T.);
#641=FACE_OUTER_BOUND('',#998,.T.);
#642=FACE_OUTER_BOUND('',#999,.T.);
#643=FACE_OUTER_BOUND('',#1000,.T.);
#644=FACE_OUTER_BOUND('',#1001,.T.);
#645=FACE_OUTER_BOUND('',#1002,.T.);
#646=FACE_OUTER_BOUND('',#1003,.T.);
#647=FACE_OUTER_BOUND('',#1004,.T.);
#648=FACE_OUTER_BOUND('',#1005,.T.);
#649=FACE_OUTER_BOUND('',#1006,.T.);
#650=FACE_OUTER_BOUND('',#1007,.T.);
#651=FACE_OUTER_BOUND('',#1008,.T.);
#652=FACE_OUTER_BOUND('',#1009,.T.);
#653=FACE_OUTER_BOUND('',#1011,.T.);
#654=FACE_OUTER_BOUND('',#1012,.T.);
#655=FACE_OUTER_BOUND('',#1013,.T.);
#656=FACE_OUTER_BOUND('',#1014,.T.);
#657=FACE_OUTER_BOUND('',#1015,.T.);
#658=FACE_OUTER_BOUND('',#1016,.T.);
#659=FACE_OUTER_BOUND('',#1017,.T.);
#660=FACE_OUTER_BOUND('',#1018,.T.);
#661=FACE_OUTER_BOUND('',#1019,.T.);
#662=FACE_OUTER_BOUND('',#1020,.T.);
#663=FACE_OUTER_BOUND('',#1021,.T.);
#664=FACE_OUTER_BOUND('',#1022,.T.);
#665=FACE_OUTER_BOUND('',#1023,.T.);
#666=FACE_OUTER_BOUND('',#1024,.T.);
#667=FACE_OUTER_BOUND('',#1025,.T.);
#668=FACE_OUTER_BOUND('',#1026,.T.);
#669=FACE_OUTER_BOUND('',#1027,.T.);
#670=FACE_OUTER_BOUND('',#1028,.T.);
#671=FACE_OUTER_BOUND('',#1029,.T.);
#672=FACE_OUTER_BOUND('',#1030,.T.);
#673=FACE_OUTER_BOUND('',#1031,.T.);
#674=FACE_OUTER_BOUND('',#1033,.T.);
#675=FACE_OUTER_BOUND('',#1034,.T.);
#676=FACE_OUTER_BOUND('',#1035,.T.);
#677=FACE_OUTER_BOUND('',#1036,.T.);
#678=FACE_OUTER_BOUND('',#1037,.T.);
#679=FACE_OUTER_BOUND('',#1038,.T.);
#680=FACE_OUTER_BOUND('',#1039,.T.);
#681=FACE_OUTER_BOUND('',#1040,.T.);
#682=FACE_OUTER_BOUND('',#1041,.T.);
#683=FACE_OUTER_BOUND('',#1042,.T.);
#684=FACE_OUTER_BOUND('',#1043,.T.);
#685=FACE_OUTER_BOUND('',#1044,.T.);
#686=FACE_OUTER_BOUND('',#1045,.T.);
#687=FACE_OUTER_BOUND('',#1046,.T.);
#688=FACE_OUTER_BOUND('',#1047,.T.);
#689=FACE_OUTER_BOUND('',#1048,.T.);
#690=FACE_OUTER_BOUND('',#1049,.T.);
#691=FACE_OUTER_BOUND('',#1051,.T.);
#692=FACE_OUTER_BOUND('',#1052,.T.);
#693=FACE_OUTER_BOUND('',#1053,.T.);
#694=FACE_OUTER_BOUND('',#1054,.T.);
#695=FACE_OUTER_BOUND('',#1055,.T.);
#696=FACE_OUTER_BOUND('',#1056,.T.);
#697=FACE_OUTER_BOUND('',#1057,.T.);
#698=FACE_OUTER_BOUND('',#1058,.T.);
#699=FACE_OUTER_BOUND('',#1059,.T.);
#700=FACE_OUTER_BOUND('',#1060,.T.);
#701=FACE_OUTER_BOUND('',#1061,.T.);
#702=FACE_OUTER_BOUND('',#1062,.T.);
#703=FACE_OUTER_BOUND('',#1063,.T.);
#704=FACE_OUTER_BOUND('',#1064,.T.);
#705=FACE_OUTER_BOUND('',#1065,.T.);
#706=FACE_OUTER_BOUND('',#1066,.T.);
#707=FACE_OUTER_BOUND('',#1067,.T.);
#708=FACE_OUTER_BOUND('',#1068,.T.);
#709=FACE_OUTER_BOUND('',#1069,.T.);
#710=FACE_OUTER_BOUND('',#1070,.T.);
#711=FACE_OUTER_BOUND('',#1071,.T.);
#712=FACE_OUTER_BOUND('',#1072,.T.);
#713=FACE_OUTER_BOUND('',#1073,.T.);
#714=FACE_OUTER_BOUND('',#1074,.T.);
#715=FACE_OUTER_BOUND('',#1075,.T.);
#716=FACE_OUTER_BOUND('',#1076,.T.);
#717=FACE_OUTER_BOUND('',#1077,.T.);
#718=FACE_OUTER_BOUND('',#1078,.T.);
#719=FACE_OUTER_BOUND('',#1079,.T.);
#720=FACE_OUTER_BOUND('',#1080,.T.);
#721=FACE_OUTER_BOUND('',#1081,.T.);
#722=FACE_OUTER_BOUND('',#1082,.T.);
#723=FACE_OUTER_BOUND('',#1083,.T.);
#724=FACE_OUTER_BOUND('',#1084,.T.);
#725=FACE_OUTER_BOUND('',#1085,.T.);
#726=FACE_OUTER_BOUND('',#1086,.T.);
#727=FACE_OUTER_BOUND('',#1087,.T.);
#728=FACE_OUTER_BOUND('',#1088,.T.);
#729=FACE_OUTER_BOUND('',#1089,.T.);
#730=FACE_OUTER_BOUND('',#1090,.T.);
#731=FACE_OUTER_BOUND('',#1091,.T.);
#732=FACE_OUTER_BOUND('',#1092,.T.);
#733=FACE_OUTER_BOUND('',#1093,.T.);
#734=FACE_OUTER_BOUND('',#1094,.T.);
#735=FACE_OUTER_BOUND('',#1095,.T.);
#736=FACE_OUTER_BOUND('',#1096,.T.);
#737=FACE_OUTER_BOUND('',#1097,.T.);
#738=FACE_OUTER_BOUND('',#1098,.T.);
#739=FACE_OUTER_BOUND('',#1099,.T.);
#740=FACE_OUTER_BOUND('',#1100,.T.);
#741=FACE_OUTER_BOUND('',#1102,.T.);
#742=FACE_OUTER_BOUND('',#1103,.T.);
#743=FACE_OUTER_BOUND('',#1104,.T.);
#744=FACE_OUTER_BOUND('',#1105,.T.);
#745=FACE_OUTER_BOUND('',#1106,.T.);
#746=FACE_OUTER_BOUND('',#1107,.T.);
#747=FACE_OUTER_BOUND('',#1108,.T.);
#748=FACE_OUTER_BOUND('',#1109,.T.);
#749=FACE_OUTER_BOUND('',#1110,.T.);
#750=FACE_OUTER_BOUND('',#1111,.T.);
#751=FACE_OUTER_BOUND('',#1112,.T.);
#752=FACE_OUTER_BOUND('',#1113,.T.);
#753=FACE_OUTER_BOUND('',#1114,.T.);
#754=FACE_OUTER_BOUND('',#1115,.T.);
#755=FACE_OUTER_BOUND('',#1116,.T.);
#756=FACE_OUTER_BOUND('',#1117,.T.);
#757=FACE_OUTER_BOUND('',#1118,.T.);
#758=FACE_OUTER_BOUND('',#1119,.T.);
#759=FACE_OUTER_BOUND('',#1120,.T.);
#760=FACE_OUTER_BOUND('',#1121,.T.);
#761=FACE_OUTER_BOUND('',#1122,.T.);
#762=FACE_OUTER_BOUND('',#1123,.T.);
#763=FACE_OUTER_BOUND('',#1124,.T.);
#764=FACE_OUTER_BOUND('',#1125,.T.);
#765=FACE_OUTER_BOUND('',#1126,.T.);
#766=FACE_OUTER_BOUND('',#1127,.T.);
#767=FACE_OUTER_BOUND('',#1128,.T.);
#768=FACE_OUTER_BOUND('',#1129,.T.);
#769=FACE_OUTER_BOUND('',#1130,.T.);
#770=FACE_OUTER_BOUND('',#1131,.T.);
#771=FACE_OUTER_BOUND('',#1132,.T.);
#772=FACE_OUTER_BOUND('',#1133,.T.);
#773=FACE_OUTER_BOUND('',#1134,.T.);
#774=FACE_OUTER_BOUND('',#1135,.T.);
#775=FACE_OUTER_BOUND('',#1136,.T.);
#776=FACE_OUTER_BOUND('',#1137,.T.);
#777=FACE_OUTER_BOUND('',#1138,.T.);
#778=FACE_OUTER_BOUND('',#1139,.T.);
#779=FACE_OUTER_BOUND('',#1140,.T.);
#780=FACE_OUTER_BOUND('',#1141,.T.);
#781=FACE_OUTER_BOUND('',#1142,.T.);
#782=FACE_OUTER_BOUND('',#1143,.T.);
#783=FACE_OUTER_BOUND('',#1144,.T.);
#784=FACE_OUTER_BOUND('',#1145,.T.);
#785=FACE_OUTER_BOUND('',#1146,.T.);
#786=FACE_OUTER_BOUND('',#1147,.T.);
#787=FACE_OUTER_BOUND('',#1148,.T.);
#788=FACE_OUTER_BOUND('',#1149,.T.);
#789=FACE_OUTER_BOUND('',#1150,.T.);
#790=FACE_OUTER_BOUND('',#1151,.T.);
#791=FACE_OUTER_BOUND('',#1152,.T.);
#792=FACE_OUTER_BOUND('',#1153,.T.);
#793=FACE_OUTER_BOUND('',#1154,.T.);
#794=FACE_OUTER_BOUND('',#1156,.T.);
#795=FACE_OUTER_BOUND('',#1157,.T.);
#796=FACE_OUTER_BOUND('',#1158,.T.);
#797=FACE_OUTER_BOUND('',#1159,.T.);
#798=FACE_OUTER_BOUND('',#1160,.T.);
#799=FACE_OUTER_BOUND('',#1161,.T.);
#800=FACE_OUTER_BOUND('',#1162,.T.);
#801=FACE_OUTER_BOUND('',#1163,.T.);
#802=FACE_OUTER_BOUND('',#1164,.T.);
#803=FACE_OUTER_BOUND('',#1165,.T.);
#804=FACE_OUTER_BOUND('',#1166,.T.);
#805=FACE_OUTER_BOUND('',#1167,.T.);
#806=FACE_OUTER_BOUND('',#1168,.T.);
#807=FACE_OUTER_BOUND('',#1169,.T.);
#808=FACE_OUTER_BOUND('',#1170,.T.);
#809=FACE_OUTER_BOUND('',#1171,.T.);
#810=FACE_OUTER_BOUND('',#1172,.T.);
#811=FACE_OUTER_BOUND('',#1173,.T.);
#812=FACE_OUTER_BOUND('',#1174,.T.);
#813=FACE_OUTER_BOUND('',#1175,.T.);
#814=FACE_OUTER_BOUND('',#1176,.T.);
#815=FACE_OUTER_BOUND('',#1177,.T.);
#816=FACE_OUTER_BOUND('',#1178,.T.);
#817=FACE_OUTER_BOUND('',#1179,.T.);
#818=FACE_OUTER_BOUND('',#1180,.T.);
#819=FACE_OUTER_BOUND('',#1181,.T.);
#820=FACE_OUTER_BOUND('',#1182,.T.);
#821=FACE_OUTER_BOUND('',#1183,.T.);
#822=FACE_OUTER_BOUND('',#1185,.T.);
#823=FACE_OUTER_BOUND('',#1186,.T.);
#824=FACE_OUTER_BOUND('',#1187,.T.);
#825=FACE_OUTER_BOUND('',#1188,.T.);
#826=FACE_OUTER_BOUND('',#1189,.T.);
#827=FACE_OUTER_BOUND('',#1190,.T.);
#828=FACE_OUTER_BOUND('',#1191,.T.);
#829=FACE_OUTER_BOUND('',#1192,.T.);
#830=FACE_OUTER_BOUND('',#1193,.T.);
#831=FACE_OUTER_BOUND('',#1194,.T.);
#832=FACE_OUTER_BOUND('',#1195,.T.);
#833=FACE_OUTER_BOUND('',#1196,.T.);
#834=FACE_OUTER_BOUND('',#1197,.T.);
#835=FACE_OUTER_BOUND('',#1198,.T.);
#836=FACE_OUTER_BOUND('',#1199,.T.);
#837=FACE_OUTER_BOUND('',#1200,.T.);
#838=FACE_OUTER_BOUND('',#1201,.T.);
#839=FACE_OUTER_BOUND('',#1202,.T.);
#840=FACE_OUTER_BOUND('',#1203,.T.);
#841=FACE_OUTER_BOUND('',#1204,.T.);
#842=FACE_OUTER_BOUND('',#1205,.T.);
#843=FACE_OUTER_BOUND('',#1206,.T.);
#844=FACE_OUTER_BOUND('',#1207,.T.);
#845=FACE_OUTER_BOUND('',#1208,.T.);
#846=FACE_OUTER_BOUND('',#1209,.T.);
#847=FACE_OUTER_BOUND('',#1210,.T.);
#848=FACE_OUTER_BOUND('',#1211,.T.);
#849=FACE_OUTER_BOUND('',#1212,.T.);
#850=FACE_OUTER_BOUND('',#1213,.T.);
#851=FACE_OUTER_BOUND('',#1214,.T.);
#852=FACE_OUTER_BOUND('',#1215,.T.);
#853=FACE_OUTER_BOUND('',#1216,.T.);
#854=FACE_OUTER_BOUND('',#1217,.T.);
#855=FACE_OUTER_BOUND('',#1224,.T.);
#856=FACE_OUTER_BOUND('',#1225,.T.);
#857=FACE_OUTER_BOUND('',#1226,.T.);
#858=FACE_OUTER_BOUND('',#1227,.T.);
#859=FACE_OUTER_BOUND('',#1228,.T.);
#860=FACE_OUTER_BOUND('',#1229,.T.);
#861=FACE_OUTER_BOUND('',#1230,.T.);
#862=FACE_OUTER_BOUND('',#1231,.T.);
#863=FACE_OUTER_BOUND('',#1232,.T.);
#864=FACE_OUTER_BOUND('',#1233,.T.);
#865=FACE_OUTER_BOUND('',#1234,.T.);
#866=FACE_OUTER_BOUND('',#1235,.T.);
#867=FACE_OUTER_BOUND('',#1236,.T.);
#868=FACE_OUTER_BOUND('',#1237,.T.);
#869=FACE_OUTER_BOUND('',#1238,.T.);
#870=FACE_OUTER_BOUND('',#1239,.T.);
#871=FACE_OUTER_BOUND('',#1240,.T.);
#872=FACE_OUTER_BOUND('',#1241,.T.);
#873=FACE_OUTER_BOUND('',#1242,.T.);
#874=FACE_OUTER_BOUND('',#1243,.T.);
#875=FACE_OUTER_BOUND('',#1244,.T.);
#876=FACE_OUTER_BOUND('',#1245,.T.);
#877=FACE_OUTER_BOUND('',#1246,.T.);
#878=FACE_OUTER_BOUND('',#1247,.T.);
#879=FACE_OUTER_BOUND('',#1248,.T.);
#880=FACE_OUTER_BOUND('',#1249,.T.);
#881=FACE_OUTER_BOUND('',#1250,.T.);
#882=FACE_OUTER_BOUND('',#1251,.T.);
#883=FACE_OUTER_BOUND('',#1252,.T.);
#884=FACE_OUTER_BOUND('',#1253,.T.);
#885=FACE_OUTER_BOUND('',#1254,.T.);
#886=FACE_OUTER_BOUND('',#1255,.T.);
#887=FACE_OUTER_BOUND('',#1256,.T.);
#888=FACE_OUTER_BOUND('',#1257,.T.);
#889=FACE_OUTER_BOUND('',#1258,.T.);
#890=FACE_OUTER_BOUND('',#1259,.T.);
#891=FACE_OUTER_BOUND('',#1260,.T.);
#892=FACE_OUTER_BOUND('',#1261,.T.);
#893=FACE_OUTER_BOUND('',#1262,.T.);
#894=FACE_OUTER_BOUND('',#1263,.T.);
#895=FACE_OUTER_BOUND('',#1264,.T.);
#896=FACE_OUTER_BOUND('',#1265,.T.);
#897=FACE_OUTER_BOUND('',#1266,.T.);
#898=EDGE_LOOP('',(#4027,#4028,#4029,#4030,#4031));
#899=EDGE_LOOP('',(#4032,#4033,#4034,#4035));
#900=EDGE_LOOP('',(#4036,#4037,#4038,#4039));
#901=EDGE_LOOP('',(#4040,#4041,#4042,#4043,#4044,#4045));
#902=EDGE_LOOP('',(#4046,#4047,#4048,#4049));
#903=EDGE_LOOP('',(#4050,#4051,#4052,#4053,#4054));
#904=EDGE_LOOP('',(#4055,#4056,#4057,#4058,#4059,#4060));
#905=EDGE_LOOP('',(#4061,#4062,#4063,#4064));
#906=EDGE_LOOP('',(#4065,#4066,#4067,#4068,#4069,#4070));
#907=EDGE_LOOP('',(#4071,#4072,#4073));
#908=EDGE_LOOP('',(#4074,#4075,#4076,#4077,#4078,#4079,#4080,#4081));
#909=EDGE_LOOP('',(#4082,#4083,#4084,#4085));
#910=EDGE_LOOP('',(#4086,#4087,#4088,#4089));
#911=EDGE_LOOP('',(#4090,#4091,#4092,#4093));
#912=EDGE_LOOP('',(#4094,#4095,#4096,#4097));
#913=EDGE_LOOP('',(#4098,#4099,#4100,#4101));
#914=EDGE_LOOP('',(#4102,#4103,#4104,#4105));
#915=EDGE_LOOP('',(#4106,#4107,#4108,#4109));
#916=EDGE_LOOP('',(#4110,#4111,#4112,#4113));
#917=EDGE_LOOP('',(#4114,#4115,#4116,#4117));
#918=EDGE_LOOP('',(#4118,#4119,#4120,#4121));
#919=EDGE_LOOP('',(#4122,#4123,#4124,#4125,#4126));
#920=EDGE_LOOP('',(#4127,#4128,#4129,#4130,#4131,#4132));
#921=EDGE_LOOP('',(#4133));
#922=EDGE_LOOP('',(#4134,#4135,#4136,#4137));
#923=EDGE_LOOP('',(#4138,#4139,#4140,#4141,#4142,#4143,#4144,#4145,#4146,
#4147,#4148,#4149,#4150,#4151));
#924=EDGE_LOOP('',(#4152,#4153,#4154,#4155,#4156,#4157,#4158,#4159,#4160,
#4161,#4162));
#925=EDGE_LOOP('',(#4163,#4164,#4165,#4166));
#926=EDGE_LOOP('',(#4167,#4168,#4169,#4170,#4171,#4172,#4173));
#927=EDGE_LOOP('',(#4174,#4175,#4176,#4177));
#928=EDGE_LOOP('',(#4178,#4179,#4180,#4181,#4182,#4183,#4184,#4185));
#929=EDGE_LOOP('',(#4186,#4187,#4188,#4189));
#930=EDGE_LOOP('',(#4190,#4191,#4192,#4193,#4194,#4195,#4196,#4197,#4198,
#4199,#4200));
#931=EDGE_LOOP('',(#4201,#4202,#4203,#4204));
#932=EDGE_LOOP('',(#4205,#4206,#4207,#4208,#4209,#4210,#4211,#4212,#4213,
#4214));
#933=EDGE_LOOP('',(#4215,#4216,#4217,#4218,#4219,#4220));
#934=EDGE_LOOP('',(#4221,#4222,#4223,#4224));
#935=EDGE_LOOP('',(#4225,#4226,#4227,#4228,#4229,#4230,#4231,#4232,#4233,
#4234));
#936=EDGE_LOOP('',(#4235,#4236,#4237,#4238));
#937=EDGE_LOOP('',(#4239,#4240,#4241,#4242));
#938=EDGE_LOOP('',(#4243,#4244,#4245,#4246,#4247,#4248,#4249,#4250,#4251));
#939=EDGE_LOOP('',(#4252,#4253,#4254,#4255,#4256,#4257,#4258,#4259,#4260,
#4261,#4262,#4263,#4264,#4265));
#940=EDGE_LOOP('',(#4266,#4267,#4268,#4269,#4270,#4271,#4272,#4273,#4274,
#4275));
#941=EDGE_LOOP('',(#4276,#4277,#4278,#4279,#4280,#4281,#4282,#4283,#4284,
#4285,#4286,#4287));
#942=EDGE_LOOP('',(#4288,#4289,#4290,#4291,#4292,#4293,#4294,#4295));
#943=EDGE_LOOP('',(#4296,#4297,#4298,#4299,#4300,#4301,#4302,#4303));
#944=EDGE_LOOP('',(#4304,#4305,#4306,#4307,#4308,#4309));
#945=EDGE_LOOP('',(#4310,#4311,#4312,#4313));
#946=EDGE_LOOP('',(#4314,#4315,#4316,#4317,#4318));
#947=EDGE_LOOP('',(#4319,#4320,#4321,#4322));
#948=EDGE_LOOP('',(#4323));
#949=EDGE_LOOP('',(#4324,#4325,#4326,#4327));
#950=EDGE_LOOP('',(#4328,#4329,#4330));
#951=EDGE_LOOP('',(#4331,#4332,#4333,#4334));
#952=EDGE_LOOP('',(#4335,#4336,#4337,#4338));
#953=EDGE_LOOP('',(#4339,#4340,#4341));
#954=EDGE_LOOP('',(#4342,#4343,#4344,#4345));
#955=EDGE_LOOP('',(#4346,#4347,#4348));
#956=EDGE_LOOP('',(#4349,#4350,#4351,#4352));
#957=EDGE_LOOP('',(#4353,#4354,#4355,#4356));
#958=EDGE_LOOP('',(#4357,#4358,#4359,#4360,#4361,#4362,#4363,#4364,#4365,
#4366,#4367,#4368,#4369,#4370,#4371,#4372));
#959=EDGE_LOOP('',(#4373,#4374,#4375,#4376));
#960=EDGE_LOOP('',(#4377,#4378,#4379,#4380,#4381,#4382,#4383,#4384,#4385,
#4386));
#961=EDGE_LOOP('',(#4387,#4388,#4389,#4390,#4391,#4392,#4393,#4394,#4395,
#4396,#4397));
#962=EDGE_LOOP('',(#4398,#4399,#4400,#4401));
#963=EDGE_LOOP('',(#4402,#4403,#4404,#4405));
#964=EDGE_LOOP('',(#4406,#4407,#4408,#4409));
#965=EDGE_LOOP('',(#4410,#4411,#4412,#4413));
#966=EDGE_LOOP('',(#4414,#4415,#4416,#4417));
#967=EDGE_LOOP('',(#4418,#4419,#4420,#4421));
#968=EDGE_LOOP('',(#4422,#4423,#4424,#4425));
#969=EDGE_LOOP('',(#4426,#4427,#4428,#4429));
#970=EDGE_LOOP('',(#4430,#4431,#4432,#4433));
#971=EDGE_LOOP('',(#4434,#4435,#4436,#4437));
#972=EDGE_LOOP('',(#4438,#4439,#4440,#4441));
#973=EDGE_LOOP('',(#4442,#4443,#4444,#4445));
#974=EDGE_LOOP('',(#4446,#4447,#4448,#4449));
#975=EDGE_LOOP('',(#4450,#4451,#4452,#4453));
#976=EDGE_LOOP('',(#4454,#4455,#4456,#4457));
#977=EDGE_LOOP('',(#4458,#4459,#4460,#4461));
#978=EDGE_LOOP('',(#4462,#4463,#4464,#4465));
#979=EDGE_LOOP('',(#4466,#4467,#4468,#4469));
#980=EDGE_LOOP('',(#4470,#4471,#4472,#4473));
#981=EDGE_LOOP('',(#4474,#4475,#4476,#4477));
#982=EDGE_LOOP('',(#4478,#4479,#4480,#4481));
#983=EDGE_LOOP('',(#4482,#4483,#4484,#4485));
#984=EDGE_LOOP('',(#4486,#4487,#4488,#4489));
#985=EDGE_LOOP('',(#4490,#4491,#4492,#4493));
#986=EDGE_LOOP('',(#4494,#4495,#4496,#4497));
#987=EDGE_LOOP('',(#4498,#4499,#4500,#4501));
#988=EDGE_LOOP('',(#4502,#4503,#4504,#4505));
#989=EDGE_LOOP('',(#4506,#4507,#4508,#4509));
#990=EDGE_LOOP('',(#4510,#4511,#4512,#4513,#4514,#4515,#4516));
#991=EDGE_LOOP('',(#4517,#4518,#4519,#4520));
#992=EDGE_LOOP('',(#4521,#4522,#4523,#4524));
#993=EDGE_LOOP('',(#4525,#4526,#4527,#4528));
#994=EDGE_LOOP('',(#4529,#4530,#4531,#4532));
#995=EDGE_LOOP('',(#4533,#4534,#4535,#4536));
#996=EDGE_LOOP('',(#4537,#4538,#4539,#4540));
#997=EDGE_LOOP('',(#4541,#4542,#4543,#4544));
#998=EDGE_LOOP('',(#4545,#4546,#4547,#4548));
#999=EDGE_LOOP('',(#4549,#4550,#4551,#4552));
#1000=EDGE_LOOP('',(#4553,#4554,#4555,#4556));
#1001=EDGE_LOOP('',(#4557,#4558,#4559,#4560));
#1002=EDGE_LOOP('',(#4561,#4562,#4563,#4564));
#1003=EDGE_LOOP('',(#4565,#4566,#4567,#4568));
#1004=EDGE_LOOP('',(#4569,#4570,#4571,#4572));
#1005=EDGE_LOOP('',(#4573,#4574,#4575,#4576));
#1006=EDGE_LOOP('',(#4577,#4578,#4579,#4580));
#1007=EDGE_LOOP('',(#4581,#4582,#4583,#4584));
#1008=EDGE_LOOP('',(#4585,#4586,#4587,#4588));
#1009=EDGE_LOOP('',(#4589,#4590,#4591,#4592,#4593,#4594,#4595,#4596));
#1010=EDGE_LOOP('',(#4597,#4598,#4599,#4600,#4601));
#1011=EDGE_LOOP('',(#4602,#4603,#4604,#4605));
#1012=EDGE_LOOP('',(#4606,#4607,#4608,#4609));
#1013=EDGE_LOOP('',(#4610,#4611,#4612,#4613));
#1014=EDGE_LOOP('',(#4614,#4615,#4616,#4617));
#1015=EDGE_LOOP('',(#4618,#4619,#4620,#4621));
#1016=EDGE_LOOP('',(#4622,#4623,#4624,#4625));
#1017=EDGE_LOOP('',(#4626,#4627,#4628,#4629));
#1018=EDGE_LOOP('',(#4630,#4631,#4632,#4633));
#1019=EDGE_LOOP('',(#4634,#4635,#4636,#4637));
#1020=EDGE_LOOP('',(#4638,#4639,#4640,#4641));
#1021=EDGE_LOOP('',(#4642,#4643,#4644,#4645));
#1022=EDGE_LOOP('',(#4646,#4647,#4648,#4649));
#1023=EDGE_LOOP('',(#4650,#4651,#4652,#4653));
#1024=EDGE_LOOP('',(#4654,#4655,#4656,#4657));
#1025=EDGE_LOOP('',(#4658,#4659,#4660,#4661));
#1026=EDGE_LOOP('',(#4662,#4663,#4664,#4665));
#1027=EDGE_LOOP('',(#4666,#4667,#4668,#4669));
#1028=EDGE_LOOP('',(#4670,#4671,#4672,#4673));
#1029=EDGE_LOOP('',(#4674,#4675,#4676,#4677));
#1030=EDGE_LOOP('',(#4678,#4679,#4680,#4681));
#1031=EDGE_LOOP('',(#4682,#4683,#4684,#4685,#4686,#4687,#4688,#4689,#4690,
#4691,#4692));
#1032=EDGE_LOOP('',(#4693,#4694,#4695,#4696));
#1033=EDGE_LOOP('',(#4697,#4698,#4699,#4700));
#1034=EDGE_LOOP('',(#4701,#4702,#4703,#4704));
#1035=EDGE_LOOP('',(#4705,#4706,#4707,#4708));
#1036=EDGE_LOOP('',(#4709,#4710,#4711,#4712));
#1037=EDGE_LOOP('',(#4713,#4714,#4715,#4716));
#1038=EDGE_LOOP('',(#4717,#4718,#4719,#4720));
#1039=EDGE_LOOP('',(#4721,#4722,#4723,#4724));
#1040=EDGE_LOOP('',(#4725,#4726,#4727,#4728));
#1041=EDGE_LOOP('',(#4729,#4730,#4731,#4732));
#1042=EDGE_LOOP('',(#4733,#4734,#4735,#4736));
#1043=EDGE_LOOP('',(#4737,#4738,#4739,#4740));
#1044=EDGE_LOOP('',(#4741,#4742,#4743,#4744));
#1045=EDGE_LOOP('',(#4745,#4746,#4747,#4748));
#1046=EDGE_LOOP('',(#4749,#4750,#4751,#4752));
#1047=EDGE_LOOP('',(#4753,#4754,#4755,#4756));
#1048=EDGE_LOOP('',(#4757,#4758,#4759,#4760,#4761,#4762,#4763,#4764,#4765,
#4766));
#1049=EDGE_LOOP('',(#4767,#4768,#4769,#4770,#4771,#4772));
#1050=EDGE_LOOP('',(#4773,#4774,#4775,#4776,#4777,#4778,#4779));
#1051=EDGE_LOOP('',(#4780,#4781,#4782,#4783));
#1052=EDGE_LOOP('',(#4784,#4785,#4786,#4787));
#1053=EDGE_LOOP('',(#4788,#4789,#4790,#4791));
#1054=EDGE_LOOP('',(#4792,#4793,#4794,#4795));
#1055=EDGE_LOOP('',(#4796,#4797,#4798,#4799));
#1056=EDGE_LOOP('',(#4800,#4801,#4802,#4803));
#1057=EDGE_LOOP('',(#4804,#4805,#4806,#4807));
#1058=EDGE_LOOP('',(#4808,#4809,#4810,#4811));
#1059=EDGE_LOOP('',(#4812,#4813,#4814,#4815));
#1060=EDGE_LOOP('',(#4816,#4817,#4818,#4819));
#1061=EDGE_LOOP('',(#4820,#4821,#4822,#4823));
#1062=EDGE_LOOP('',(#4824,#4825,#4826,#4827));
#1063=EDGE_LOOP('',(#4828,#4829,#4830,#4831));
#1064=EDGE_LOOP('',(#4832,#4833,#4834,#4835));
#1065=EDGE_LOOP('',(#4836,#4837,#4838,#4839));
#1066=EDGE_LOOP('',(#4840,#4841,#4842,#4843));
#1067=EDGE_LOOP('',(#4844,#4845,#4846,#4847));
#1068=EDGE_LOOP('',(#4848,#4849,#4850,#4851));
#1069=EDGE_LOOP('',(#4852,#4853,#4854,#4855,#4856,#4857,#4858,#4859,#4860,
#4861));
#1070=EDGE_LOOP('',(#4862,#4863,#4864,#4865));
#1071=EDGE_LOOP('',(#4866,#4867,#4868,#4869));
#1072=EDGE_LOOP('',(#4870,#4871,#4872,#4873));
#1073=EDGE_LOOP('',(#4874,#4875,#4876,#4877));
#1074=EDGE_LOOP('',(#4878,#4879,#4880,#4881));
#1075=EDGE_LOOP('',(#4882,#4883,#4884,#4885));
#1076=EDGE_LOOP('',(#4886,#4887,#4888,#4889));
#1077=EDGE_LOOP('',(#4890,#4891,#4892,#4893));
#1078=EDGE_LOOP('',(#4894,#4895,#4896,#4897));
#1079=EDGE_LOOP('',(#4898,#4899,#4900,#4901));
#1080=EDGE_LOOP('',(#4902,#4903,#4904,#4905));
#1081=EDGE_LOOP('',(#4906,#4907,#4908,#4909));
#1082=EDGE_LOOP('',(#4910,#4911,#4912,#4913));
#1083=EDGE_LOOP('',(#4914,#4915,#4916,#4917));
#1084=EDGE_LOOP('',(#4918,#4919,#4920,#4921));
#1085=EDGE_LOOP('',(#4922,#4923,#4924,#4925));
#1086=EDGE_LOOP('',(#4926,#4927,#4928,#4929));
#1087=EDGE_LOOP('',(#4930,#4931,#4932,#4933));
#1088=EDGE_LOOP('',(#4934,#4935,#4936,#4937));
#1089=EDGE_LOOP('',(#4938,#4939,#4940,#4941));
#1090=EDGE_LOOP('',(#4942,#4943,#4944,#4945));
#1091=EDGE_LOOP('',(#4946,#4947,#4948,#4949));
#1092=EDGE_LOOP('',(#4950,#4951,#4952,#4953));
#1093=EDGE_LOOP('',(#4954,#4955,#4956,#4957));
#1094=EDGE_LOOP('',(#4958,#4959,#4960,#4961));
#1095=EDGE_LOOP('',(#4962,#4963,#4964,#4965));
#1096=EDGE_LOOP('',(#4966,#4967,#4968,#4969));
#1097=EDGE_LOOP('',(#4970,#4971,#4972,#4973));
#1098=EDGE_LOOP('',(#4974,#4975,#4976,#4977));
#1099=EDGE_LOOP('',(#4978,#4979,#4980,#4981,#4982,#4983,#4984,#4985,#4986));
#1100=EDGE_LOOP('',(#4987,#4988,#4989,#4990,#4991,#4992,#4993,#4994,#4995,
#4996,#4997,#4998,#4999,#5000));
#1101=EDGE_LOOP('',(#5001,#5002,#5003,#5004,#5005));
#1102=EDGE_LOOP('',(#5006,#5007,#5008,#5009));
#1103=EDGE_LOOP('',(#5010,#5011,#5012,#5013));
#1104=EDGE_LOOP('',(#5014,#5015,#5016,#5017));
#1105=EDGE_LOOP('',(#5018,#5019,#5020,#5021));
#1106=EDGE_LOOP('',(#5022,#5023,#5024,#5025));
#1107=EDGE_LOOP('',(#5026,#5027,#5028,#5029));
#1108=EDGE_LOOP('',(#5030,#5031,#5032,#5033));
#1109=EDGE_LOOP('',(#5034,#5035,#5036,#5037));
#1110=EDGE_LOOP('',(#5038,#5039,#5040,#5041));
#1111=EDGE_LOOP('',(#5042,#5043,#5044,#5045));
#1112=EDGE_LOOP('',(#5046,#5047,#5048,#5049));
#1113=EDGE_LOOP('',(#5050,#5051,#5052,#5053));
#1114=EDGE_LOOP('',(#5054,#5055,#5056,#5057));
#1115=EDGE_LOOP('',(#5058,#5059,#5060,#5061));
#1116=EDGE_LOOP('',(#5062,#5063,#5064,#5065));
#1117=EDGE_LOOP('',(#5066,#5067,#5068,#5069));
#1118=EDGE_LOOP('',(#5070,#5071,#5072,#5073));
#1119=EDGE_LOOP('',(#5074,#5075,#5076,#5077));
#1120=EDGE_LOOP('',(#5078,#5079,#5080,#5081));
#1121=EDGE_LOOP('',(#5082,#5083,#5084,#5085));
#1122=EDGE_LOOP('',(#5086,#5087,#5088,#5089));
#1123=EDGE_LOOP('',(#5090,#5091,#5092,#5093));
#1124=EDGE_LOOP('',(#5094,#5095,#5096,#5097));
#1125=EDGE_LOOP('',(#5098,#5099,#5100,#5101));
#1126=EDGE_LOOP('',(#5102,#5103,#5104,#5105));
#1127=EDGE_LOOP('',(#5106,#5107,#5108,#5109));
#1128=EDGE_LOOP('',(#5110,#5111,#5112,#5113));
#1129=EDGE_LOOP('',(#5114,#5115,#5116,#5117));
#1130=EDGE_LOOP('',(#5118,#5119,#5120,#5121));
#1131=EDGE_LOOP('',(#5122,#5123,#5124,#5125,#5126,#5127,#5128,#5129,#5130,
#5131));
#1132=EDGE_LOOP('',(#5132,#5133,#5134,#5135,#5136,#5137,#5138,#5139,#5140,
#5141,#5142,#5143));
#1133=EDGE_LOOP('',(#5144,#5145,#5146,#5147));
#1134=EDGE_LOOP('',(#5148,#5149,#5150,#5151));
#1135=EDGE_LOOP('',(#5152,#5153,#5154,#5155));
#1136=EDGE_LOOP('',(#5156,#5157,#5158,#5159));
#1137=EDGE_LOOP('',(#5160,#5161,#5162,#5163));
#1138=EDGE_LOOP('',(#5164,#5165,#5166,#5167));
#1139=EDGE_LOOP('',(#5168,#5169,#5170,#5171));
#1140=EDGE_LOOP('',(#5172,#5173,#5174,#5175));
#1141=EDGE_LOOP('',(#5176,#5177,#5178,#5179));
#1142=EDGE_LOOP('',(#5180,#5181,#5182,#5183));
#1143=EDGE_LOOP('',(#5184,#5185,#5186,#5187));
#1144=EDGE_LOOP('',(#5188,#5189,#5190,#5191));
#1145=EDGE_LOOP('',(#5192,#5193,#5194,#5195));
#1146=EDGE_LOOP('',(#5196,#5197,#5198,#5199));
#1147=EDGE_LOOP('',(#5200,#5201,#5202,#5203));
#1148=EDGE_LOOP('',(#5204,#5205,#5206,#5207));
#1149=EDGE_LOOP('',(#5208,#5209,#5210,#5211));
#1150=EDGE_LOOP('',(#5212,#5213,#5214,#5215));
#1151=EDGE_LOOP('',(#5216,#5217,#5218,#5219));
#1152=EDGE_LOOP('',(#5220,#5221,#5222,#5223));
#1153=EDGE_LOOP('',(#5224,#5225,#5226,#5227,#5228,#5229,#5230,#5231));
#1154=EDGE_LOOP('',(#5232,#5233,#5234,#5235,#5236,#5237,#5238,#5239));
#1155=EDGE_LOOP('',(#5240,#5241,#5242,#5243,#5244));
#1156=EDGE_LOOP('',(#5245,#5246,#5247,#5248));
#1157=EDGE_LOOP('',(#5249,#5250,#5251,#5252));
#1158=EDGE_LOOP('',(#5253,#5254,#5255,#5256));
#1159=EDGE_LOOP('',(#5257,#5258,#5259,#5260));
#1160=EDGE_LOOP('',(#5261,#5262,#5263,#5264));
#1161=EDGE_LOOP('',(#5265,#5266,#5267,#5268));
#1162=EDGE_LOOP('',(#5269,#5270,#5271,#5272));
#1163=EDGE_LOOP('',(#5273,#5274,#5275,#5276));
#1164=EDGE_LOOP('',(#5277,#5278,#5279,#5280));
#1165=EDGE_LOOP('',(#5281,#5282,#5283,#5284));
#1166=EDGE_LOOP('',(#5285,#5286,#5287,#5288));
#1167=EDGE_LOOP('',(#5289,#5290,#5291,#5292));
#1168=EDGE_LOOP('',(#5293,#5294,#5295,#5296));
#1169=EDGE_LOOP('',(#5297,#5298,#5299,#5300));
#1170=EDGE_LOOP('',(#5301,#5302,#5303,#5304));
#1171=EDGE_LOOP('',(#5305,#5306,#5307,#5308));
#1172=EDGE_LOOP('',(#5309,#5310,#5311,#5312));
#1173=EDGE_LOOP('',(#5313,#5314,#5315,#5316));
#1174=EDGE_LOOP('',(#5317,#5318,#5319,#5320));
#1175=EDGE_LOOP('',(#5321,#5322,#5323,#5324,#5325,#5326));
#1176=EDGE_LOOP('',(#5327,#5328,#5329,#5330,#5331));
#1177=EDGE_LOOP('',(#5332,#5333,#5334,#5335,#5336));
#1178=EDGE_LOOP('',(#5337,#5338,#5339,#5340));
#1179=EDGE_LOOP('',(#5341,#5342,#5343,#5344,#5345));
#1180=EDGE_LOOP('',(#5346,#5347,#5348,#5349,#5350,#5351,#5352));
#1181=EDGE_LOOP('',(#5353,#5354,#5355,#5356));
#1182=EDGE_LOOP('',(#5357));
#1183=EDGE_LOOP('',(#5358,#5359,#5360,#5361));
#1184=EDGE_LOOP('',(#5362));
#1185=EDGE_LOOP('',(#5363,#5364,#5365,#5366));
#1186=EDGE_LOOP('',(#5367,#5368,#5369,#5370));
#1187=EDGE_LOOP('',(#5371,#5372,#5373,#5374));
#1188=EDGE_LOOP('',(#5375,#5376,#5377,#5378));
#1189=EDGE_LOOP('',(#5379,#5380,#5381,#5382));
#1190=EDGE_LOOP('',(#5383,#5384,#5385,#5386));
#1191=EDGE_LOOP('',(#5387,#5388,#5389,#5390));
#1192=EDGE_LOOP('',(#5391,#5392,#5393,#5394));
#1193=EDGE_LOOP('',(#5395,#5396,#5397,#5398));
#1194=EDGE_LOOP('',(#5399,#5400,#5401,#5402));
#1195=EDGE_LOOP('',(#5403,#5404,#5405,#5406));
#1196=EDGE_LOOP('',(#5407,#5408,#5409,#5410));
#1197=EDGE_LOOP('',(#5411,#5412,#5413,#5414));
#1198=EDGE_LOOP('',(#5415,#5416,#5417,#5418));
#1199=EDGE_LOOP('',(#5419,#5420,#5421,#5422));
#1200=EDGE_LOOP('',(#5423,#5424,#5425,#5426));
#1201=EDGE_LOOP('',(#5427,#5428,#5429,#5430));
#1202=EDGE_LOOP('',(#5431,#5432,#5433,#5434));
#1203=EDGE_LOOP('',(#5435,#5436,#5437,#5438));
#1204=EDGE_LOOP('',(#5439,#5440,#5441,#5442));
#1205=EDGE_LOOP('',(#5443,#5444,#5445,#5446));
#1206=EDGE_LOOP('',(#5447,#5448,#5449,#5450));
#1207=EDGE_LOOP('',(#5451,#5452,#5453,#5454));
#1208=EDGE_LOOP('',(#5455,#5456,#5457,#5458));
#1209=EDGE_LOOP('',(#5459,#5460,#5461,#5462));
#1210=EDGE_LOOP('',(#5463,#5464,#5465,#5466));
#1211=EDGE_LOOP('',(#5467,#5468,#5469,#5470));
#1212=EDGE_LOOP('',(#5471,#5472,#5473,#5474));
#1213=EDGE_LOOP('',(#5475,#5476,#5477,#5478));
#1214=EDGE_LOOP('',(#5479,#5480,#5481,#5482));
#1215=EDGE_LOOP('',(#5483,#5484,#5485,#5486));
#1216=EDGE_LOOP('',(#5487,#5488,#5489,#5490));
#1217=EDGE_LOOP('',(#5491,#5492,#5493,#5494));
#1218=EDGE_LOOP('',(#5495,#5496,#5497,#5498));
#1219=EDGE_LOOP('',(#5499,#5500,#5501,#5502));
#1220=EDGE_LOOP('',(#5503,#5504,#5505,#5506));
#1221=EDGE_LOOP('',(#5507,#5508,#5509,#5510));
#1222=EDGE_LOOP('',(#5511,#5512,#5513,#5514));
#1223=EDGE_LOOP('',(#5515,#5516,#5517,#5518));
#1224=EDGE_LOOP('',(#5519,#5520,#5521,#5522));
#1225=EDGE_LOOP('',(#5523,#5524,#5525,#5526));
#1226=EDGE_LOOP('',(#5527,#5528,#5529,#5530));
#1227=EDGE_LOOP('',(#5531,#5532,#5533,#5534));
#1228=EDGE_LOOP('',(#5535,#5536,#5537,#5538));
#1229=EDGE_LOOP('',(#5539,#5540,#5541,#5542,#5543,#5544,#5545,#5546,#5547,
#5548,#5549,#5550));
#1230=EDGE_LOOP('',(#5551,#5552,#5553,#5554));
#1231=EDGE_LOOP('',(#5555,#5556,#5557,#5558));
#1232=EDGE_LOOP('',(#5559,#5560,#5561,#5562));
#1233=EDGE_LOOP('',(#5563,#5564,#5565,#5566));
#1234=EDGE_LOOP('',(#5567,#5568,#5569,#5570));
#1235=EDGE_LOOP('',(#5571,#5572,#5573,#5574,#5575,#5576,#5577,#5578,#5579,
#5580,#5581,#5582));
#1236=EDGE_LOOP('',(#5583,#5584,#5585,#5586));
#1237=EDGE_LOOP('',(#5587,#5588,#5589,#5590));
#1238=EDGE_LOOP('',(#5591,#5592,#5593,#5594));
#1239=EDGE_LOOP('',(#5595,#5596,#5597,#5598));
#1240=EDGE_LOOP('',(#5599,#5600,#5601,#5602));
#1241=EDGE_LOOP('',(#5603,#5604,#5605,#5606,#5607,#5608,#5609,#5610,#5611,
#5612));
#1242=EDGE_LOOP('',(#5613,#5614,#5615,#5616,#5617,#5618));
#1243=EDGE_LOOP('',(#5619,#5620,#5621,#5622));
#1244=EDGE_LOOP('',(#5623,#5624,#5625,#5626));
#1245=EDGE_LOOP('',(#5627,#5628,#5629,#5630));
#1246=EDGE_LOOP('',(#5631,#5632,#5633,#5634));
#1247=EDGE_LOOP('',(#5635,#5636,#5637,#5638));
#1248=EDGE_LOOP('',(#5639,#5640,#5641,#5642));
#1249=EDGE_LOOP('',(#5643,#5644,#5645,#5646,#5647,#5648));
#1250=EDGE_LOOP('',(#5649,#5650,#5651,#5652,#5653,#5654));
#1251=EDGE_LOOP('',(#5655,#5656,#5657,#5658));
#1252=EDGE_LOOP('',(#5659,#5660,#5661,#5662));
#1253=EDGE_LOOP('',(#5663,#5664,#5665,#5666));
#1254=EDGE_LOOP('',(#5667,#5668,#5669,#5670));
#1255=EDGE_LOOP('',(#5671,#5672,#5673,#5674));
#1256=EDGE_LOOP('',(#5675,#5676,#5677,#5678));
#1257=EDGE_LOOP('',(#5679,#5680,#5681,#5682,#5683,#5684));
#1258=EDGE_LOOP('',(#5685,#5686,#5687,#5688,#5689,#5690));
#1259=EDGE_LOOP('',(#5691,#5692,#5693,#5694));
#1260=EDGE_LOOP('',(#5695,#5696,#5697,#5698));
#1261=EDGE_LOOP('',(#5699,#5700,#5701,#5702));
#1262=EDGE_LOOP('',(#5703,#5704,#5705,#5706));
#1263=EDGE_LOOP('',(#5707,#5708,#5709,#5710));
#1264=EDGE_LOOP('',(#5711,#5712,#5713,#5714));
#1265=EDGE_LOOP('',(#5715,#5716,#5717,#5718,#5719,#5720));
#1266=EDGE_LOOP('',(#5721,#5722,#5723,#5724,#5725,#5726));
#1267=ELLIPSE('',#6198,0.14142135623731,0.1);
#1268=ELLIPSE('',#6201,0.14142135623731,0.1);
#1269=ELLIPSE('',#6223,0.14142135623731,0.1);
#1270=ELLIPSE('',#6226,0.14142135623731,0.1);
#1271=CIRCLE('',#6197,0.0999999999999998);
#1272=CIRCLE('',#6199,0.1);
#1273=CIRCLE('',#6202,0.1);
#1274=CIRCLE('',#6204,1.1);
#1275=CIRCLE('',#6205,1.);
#1276=CIRCLE('',#6206,0.0999999999999994);
#1277=CIRCLE('',#6207,1.1);
#1278=CIRCLE('',#6208,0.0999999999999998);
#1279=CIRCLE('',#6210,0.1);
#1280=CIRCLE('',#6212,1.);
#1281=CIRCLE('',#6214,0.2);
#1282=CIRCLE('',#6216,0.2);
#1283=CIRCLE('',#6217,0.2);
#1284=CIRCLE('',#6220,0.3);
#1285=CIRCLE('',#6222,0.0999999999999998);
#1286=CIRCLE('',#6225,0.1);
#1287=CIRCLE('',#6227,0.1);
#1288=CIRCLE('',#6228,0.2);
#1289=CIRCLE('',#6229,0.1);
#1290=CIRCLE('',#6231,0.1);
#1291=CIRCLE('',#6232,0.1);
#1292=CIRCLE('',#6234,0.1);
#1293=CIRCLE('',#6236,0.1);
#1294=CIRCLE('',#6237,0.2);
#1295=CIRCLE('',#6239,0.1);
#1296=CIRCLE('',#6240,0.1);
#1297=CIRCLE('',#6241,0.2);
#1298=CIRCLE('',#6242,0.1);
#1299=CIRCLE('',#6246,0.2);
#1300=CIRCLE('',#6247,0.5);
#1301=CIRCLE('',#6249,0.2);
#1302=CIRCLE('',#6254,0.3);
#1303=CIRCLE('',#6255,0.2);
#1304=CIRCLE('',#6258,0.2);
#1305=CIRCLE('',#6260,0.2);
#1306=CIRCLE('',#6261,0.2);
#1307=CIRCLE('',#6263,0.2);
#1308=CIRCLE('',#6266,0.2);
#1309=CIRCLE('',#6267,0.2);
#1310=CIRCLE('',#6269,0.2);
#1311=CIRCLE('',#6271,0.2);
#1312=CIRCLE('',#6272,0.2);
#1313=CIRCLE('',#6274,0.2);
#1314=CIRCLE('',#6423,0.35);
#1315=CIRCLE('',#6424,0.35);
#1316=CIRCLE('',#6483,0.508185255303684);
#1317=CIRCLE('',#6484,0.508185255303684);
#1318=CIRCLE('',#6494,0.482069914601888);
#1319=CIRCLE('',#6495,0.482069914601888);
#1320=CIRCLE('',#6505,0.29462477602218);
#1321=CIRCLE('',#6506,0.29462477602218);
#1322=LINE('',#7819,#1970);
#1323=LINE('',#7823,#1971);
#1324=LINE('',#7829,#1972);
#1325=LINE('',#7831,#1973);
#1326=LINE('',#7967,#1974);
#1327=LINE('',#7969,#1975);
#1328=LINE('',#7975,#1976);
#1329=LINE('',#7978,#1977);
#1330=LINE('',#7981,#1978);
#1331=LINE('',#7985,#1979);
#1332=LINE('',#7988,#1980);
#1333=LINE('',#7990,#1981);
#1334=LINE('',#7993,#1982);
#1335=LINE('',#7997,#1983);
#1336=LINE('',#7999,#1984);
#1337=LINE('',#8000,#1985);
#1338=LINE('',#8004,#1986);
#1339=LINE('',#8007,#1987);
#1340=LINE('',#8012,#1988);
#1341=LINE('',#8016,#1989);
#1342=LINE('',#8033,#1990);
#1343=LINE('',#8034,#1991);
#1344=LINE('',#8050,#1992);
#1345=LINE('',#8058,#1993);
#1346=LINE('',#8074,#1994);
#1347=LINE('',#8075,#1995);
#1348=LINE('',#8078,#1996);
#1349=LINE('',#8079,#1997);
#1350=LINE('',#8082,#1998);
#1351=LINE('',#8088,#1999);
#1352=LINE('',#8092,#2000);
#1353=LINE('',#8094,#2001);
#1354=LINE('',#8096,#2002);
#1355=LINE('',#8098,#2003);
#1356=LINE('',#8100,#2004);
#1357=LINE('',#8102,#2005);
#1358=LINE('',#8104,#2006);
#1359=LINE('',#8106,#2007);
#1360=LINE('',#8108,#2008);
#1361=LINE('',#8110,#2009);
#1362=LINE('',#8111,#2010);
#1363=LINE('',#8114,#2011);
#1364=LINE('',#8116,#2012);
#1365=LINE('',#8118,#2013);
#1366=LINE('',#8120,#2014);
#1367=LINE('',#8122,#2015);
#1368=LINE('',#8124,#2016);
#1369=LINE('',#8126,#2017);
#1370=LINE('',#8128,#2018);
#1371=LINE('',#8137,#2019);
#1372=LINE('',#8165,#2020);
#1373=LINE('',#8167,#2021);
#1374=LINE('',#8169,#2022);
#1375=LINE('',#8171,#2023);
#1376=LINE('',#8177,#2024);
#1377=LINE('',#8180,#2025);
#1378=LINE('',#8182,#2026);
#1379=LINE('',#8184,#2027);
#1380=LINE('',#8185,#2028);
#1381=LINE('',#8188,#2029);
#1382=LINE('',#8190,#2030);
#1383=LINE('',#8192,#2031);
#1384=LINE('',#8194,#2032);
#1385=LINE('',#8196,#2033);
#1386=LINE('',#8198,#2034);
#1387=LINE('',#8200,#2035);
#1388=LINE('',#8201,#2036);
#1389=LINE('',#8204,#2037);
#1390=LINE('',#8206,#2038);
#1391=LINE('',#8208,#2039);
#1392=LINE('',#8209,#2040);
#1393=LINE('',#8238,#2041);
#1394=LINE('',#8261,#2042);
#1395=LINE('',#8263,#2043);
#1396=LINE('',#8265,#2044);
#1397=LINE('',#8266,#2045);
#1398=LINE('',#8289,#2046);
#1399=LINE('',#8312,#2047);
#1400=LINE('',#8315,#2048);
#1401=LINE('',#8317,#2049);
#1402=LINE('',#8319,#2050);
#1403=LINE('',#8337,#2051);
#1404=LINE('',#8339,#2052);
#1405=LINE('',#8341,#2053);
#1406=LINE('',#8342,#2054);
#1407=LINE('',#8361,#2055);
#1408=LINE('',#8385,#2056);
#1409=LINE('',#8391,#2057);
#1410=LINE('',#8393,#2058);
#1411=LINE('',#8395,#2059);
#1412=LINE('',#8396,#2060);
#1413=LINE('',#8399,#2061);
#1414=LINE('',#8401,#2062);
#1415=LINE('',#8403,#2063);
#1416=LINE('',#8404,#2064);
#1417=LINE('',#8407,#2065);
#1418=LINE('',#8409,#2066);
#1419=LINE('',#8411,#2067);
#1420=LINE('',#8413,#2068);
#1421=LINE('',#8415,#2069);
#1422=LINE('',#8417,#2070);
#1423=LINE('',#8419,#2071);
#1424=LINE('',#8439,#2072);
#1425=LINE('',#8441,#2073);
#1426=LINE('',#8443,#2074);
#1427=LINE('',#8445,#2075);
#1428=LINE('',#8447,#2076);
#1429=LINE('',#8468,#2077);
#1430=LINE('',#8470,#2078);
#1431=LINE('',#8471,#2079);
#1432=LINE('',#8496,#2080);
#1433=LINE('',#8519,#2081);
#1434=LINE('',#8522,#2082);
#1435=LINE('',#8524,#2083);
#1436=LINE('',#8526,#2084);
#1437=LINE('',#8528,#2085);
#1438=LINE('',#8530,#2086);
#1439=LINE('',#8532,#2087);
#1440=LINE('',#8534,#2088);
#1441=LINE('',#8536,#2089);
#1442=LINE('',#8538,#2090);
#1443=LINE('',#8540,#2091);
#1444=LINE('',#8542,#2092);
#1445=LINE('',#8543,#2093);
#1446=LINE('',#8546,#2094);
#1447=LINE('',#8548,#2095);
#1448=LINE('',#8550,#2096);
#1449=LINE('',#8552,#2097);
#1450=LINE('',#8554,#2098);
#1451=LINE('',#8556,#2099);
#1452=LINE('',#8558,#2100);
#1453=LINE('',#8559,#2101);
#1454=LINE('',#8562,#2102);
#1455=LINE('',#8564,#2103);
#1456=LINE('',#8566,#2104);
#1457=LINE('',#8568,#2105);
#1458=LINE('',#8570,#2106);
#1459=LINE('',#8572,#2107);
#1460=LINE('',#8574,#2108);
#1461=LINE('',#8575,#2109);
#1462=LINE('',#8578,#2110);
#1463=LINE('',#8580,#2111);
#1464=LINE('',#8582,#2112);
#1465=LINE('',#8584,#2113);
#1466=LINE('',#8586,#2114);
#1467=LINE('',#8587,#2115);
#1468=LINE('',#8589,#2116);
#1469=LINE('',#8598,#2117);
#1470=LINE('',#8608,#2118);
#1471=LINE('',#8609,#2119);
#1472=LINE('',#8611,#2120);
#1473=LINE('',#8620,#2121);
#1474=LINE('',#8621,#2122);
#1475=LINE('',#8629,#2123);
#1476=LINE('',#8631,#2124);
#1477=LINE('',#8634,#2125);
#1478=LINE('',#8636,#2126);
#1479=LINE('',#8638,#2127);
#1480=LINE('',#8640,#2128);
#1481=LINE('',#8642,#2129);
#1482=LINE('',#8644,#2130);
#1483=LINE('',#8646,#2131);
#1484=LINE('',#8648,#2132);
#1485=LINE('',#8649,#2133);
#1486=LINE('',#8651,#2134);
#1487=LINE('',#8654,#2135);
#1488=LINE('',#8656,#2136);
#1489=LINE('',#8658,#2137);
#1490=LINE('',#8660,#2138);
#1491=LINE('',#8661,#2139);
#1492=LINE('',#8665,#2140);
#1493=LINE('',#8667,#2141);
#1494=LINE('',#8669,#2142);
#1495=LINE('',#8671,#2143);
#1496=LINE('',#8673,#2144);
#1497=LINE('',#8675,#2145);
#1498=LINE('',#8677,#2146);
#1499=LINE('',#8691,#2147);
#1500=LINE('',#8692,#2148);
#1501=LINE('',#8694,#2149);
#1502=LINE('',#8695,#2150);
#1503=LINE('',#8697,#2151);
#1504=LINE('',#8699,#2152);
#1505=LINE('',#8701,#2153);
#1506=LINE('',#8703,#2154);
#1507=LINE('',#8705,#2155);
#1508=LINE('',#8707,#2156);
#1509=LINE('',#8709,#2157);
#1510=LINE('',#8716,#2158);
#1511=LINE('',#8723,#2159);
#1512=LINE('',#8804,#2160);
#1513=LINE('',#8805,#2161);
#1514=LINE('',#8819,#2162);
#1515=LINE('',#8828,#2163);
#1516=LINE('',#8829,#2164);
#1517=LINE('',#8838,#2165);
#1518=LINE('',#8852,#2166);
#1519=LINE('',#8873,#2167);
#1520=LINE('',#8891,#2168);
#1521=LINE('',#8900,#2169);
#1522=LINE('',#8903,#2170);
#1523=LINE('',#8904,#2171);
#1524=LINE('',#8914,#2172);
#1525=LINE('',#8924,#2173);
#1526=LINE('',#8925,#2174);
#1527=LINE('',#8928,#2175);
#1528=LINE('',#8929,#2176);
#1529=LINE('',#8932,#2177);
#1530=LINE('',#8933,#2178);
#1531=LINE('',#8935,#2179);
#1532=LINE('',#8940,#2180);
#1533=LINE('',#8942,#2181);
#1534=LINE('',#8944,#2182);
#1535=LINE('',#8945,#2183);
#1536=LINE('',#8947,#2184);
#1537=LINE('',#8948,#2185);
#1538=LINE('',#8950,#2186);
#1539=LINE('',#8952,#2187);
#1540=LINE('',#8956,#2188);
#1541=LINE('',#8958,#2189);
#1542=LINE('',#8959,#2190);
#1543=LINE('',#8962,#2191);
#1544=LINE('',#8963,#2192);
#1545=LINE('',#8966,#2193);
#1546=LINE('',#8967,#2194);
#1547=LINE('',#8970,#2195);
#1548=LINE('',#8971,#2196);
#1549=LINE('',#8975,#2197);
#1550=LINE('',#8977,#2198);
#1551=LINE('',#8979,#2199);
#1552=LINE('',#8980,#2200);
#1553=LINE('',#8983,#2201);
#1554=LINE('',#8985,#2202);
#1555=LINE('',#8986,#2203);
#1556=LINE('',#8989,#2204);
#1557=LINE('',#8990,#2205);
#1558=LINE('',#8993,#2206);
#1559=LINE('',#8994,#2207);
#1560=LINE('',#8997,#2208);
#1561=LINE('',#8998,#2209);
#1562=LINE('',#9000,#2210);
#1563=LINE('',#9003,#2211);
#1564=LINE('',#9005,#2212);
#1565=LINE('',#9006,#2213);
#1566=LINE('',#9018,#2214);
#1567=LINE('',#9042,#2215);
#1568=LINE('',#9044,#2216);
#1569=LINE('',#9046,#2217);
#1570=LINE('',#9047,#2218);
#1571=LINE('',#9049,#2219);
#1572=LINE('',#9050,#2220);
#1573=LINE('',#9052,#2221);
#1574=LINE('',#9054,#2222);
#1575=LINE('',#9065,#2223);
#1576=LINE('',#9074,#2224);
#1577=LINE('',#9084,#2225);
#1578=LINE('',#9099,#2226);
#1579=LINE('',#9111,#2227);
#1580=LINE('',#9123,#2228);
#1581=LINE('',#9143,#2229);
#1582=LINE('',#9152,#2230);
#1583=LINE('',#9174,#2231);
#1584=LINE('',#9182,#2232);
#1585=LINE('',#9189,#2233);
#1586=LINE('',#9190,#2234);
#1587=LINE('',#9200,#2235);
#1588=LINE('',#9217,#2236);
#1589=LINE('',#9234,#2237);
#1590=LINE('',#9276,#2238);
#1591=LINE('',#9307,#2239);
#1592=LINE('',#9309,#2240);
#1593=LINE('',#9311,#2241);
#1594=LINE('',#9312,#2242);
#1595=LINE('',#9314,#2243);
#1596=LINE('',#9315,#2244);
#1597=LINE('',#9317,#2245);
#1598=LINE('',#9319,#2246);
#1599=LINE('',#9328,#2247);
#1600=LINE('',#9334,#2248);
#1601=LINE('',#9337,#2249);
#1602=LINE('',#9338,#2250);
#1603=LINE('',#9348,#2251);
#1604=LINE('',#9367,#2252);
#1605=LINE('',#9389,#2253);
#1606=LINE('',#9409,#2254);
#1607=LINE('',#9419,#2255);
#1608=LINE('',#9420,#2256);
#1609=LINE('',#9430,#2257);
#1610=LINE('',#9447,#2258);
#1611=LINE('',#9479,#2259);
#1612=LINE('',#9481,#2260);
#1613=LINE('',#9483,#2261);
#1614=LINE('',#9512,#2262);
#1615=LINE('',#9514,#2263);
#1616=LINE('',#9541,#2264);
#1617=LINE('',#9556,#2265);
#1618=LINE('',#9557,#2266);
#1619=LINE('',#9568,#2267);
#1620=LINE('',#9571,#2268);
#1621=LINE('',#9572,#2269);
#1622=LINE('',#9575,#2270);
#1623=LINE('',#9576,#2271);
#1624=LINE('',#9578,#2272);
#1625=LINE('',#9579,#2273);
#1626=LINE('',#9581,#2274);
#1627=LINE('',#9583,#2275);
#1628=LINE('',#9594,#2276);
#1629=LINE('',#9608,#2277);
#1630=LINE('',#9610,#2278);
#1631=LINE('',#9617,#2279);
#1632=LINE('',#9628,#2280);
#1633=LINE('',#9641,#2281);
#1634=LINE('',#9643,#2282);
#1635=LINE('',#9644,#2283);
#1636=LINE('',#9647,#2284);
#1637=LINE('',#9648,#2285);
#1638=LINE('',#9651,#2286);
#1639=LINE('',#9652,#2287);
#1640=LINE('',#9654,#2288);
#1641=LINE('',#9667,#2289);
#1642=LINE('',#9701,#2290);
#1643=LINE('',#9741,#2291);
#1644=LINE('',#9742,#2292);
#1645=LINE('',#9751,#2293);
#1646=LINE('',#9760,#2294);
#1647=LINE('',#9762,#2295);
#1648=LINE('',#9771,#2296);
#1649=LINE('',#9782,#2297);
#1650=LINE('',#9793,#2298);
#1651=LINE('',#9802,#2299);
#1652=LINE('',#9804,#2300);
#1653=LINE('',#9813,#2301);
#1654=LINE('',#9815,#2302);
#1655=LINE('',#9816,#2303);
#1656=LINE('',#9819,#2304);
#1657=LINE('',#9820,#2305);
#1658=LINE('',#9823,#2306);
#1659=LINE('',#9824,#2307);
#1660=LINE('',#9826,#2308);
#1661=LINE('',#9831,#2309);
#1662=LINE('',#9833,#2310);
#1663=LINE('',#9835,#2311);
#1664=LINE('',#9836,#2312);
#1665=LINE('',#9838,#2313);
#1666=LINE('',#9839,#2314);
#1667=LINE('',#9841,#2315);
#1668=LINE('',#9843,#2316);
#1669=LINE('',#9847,#2317);
#1670=LINE('',#9849,#2318);
#1671=LINE('',#9850,#2319);
#1672=LINE('',#9858,#2320);
#1673=LINE('',#9872,#2321);
#1674=LINE('',#9881,#2322);
#1675=LINE('',#9882,#2323);
#1676=LINE('',#9885,#2324);
#1677=LINE('',#9886,#2325);
#1678=LINE('',#9889,#2326);
#1679=LINE('',#9890,#2327);
#1680=LINE('',#9893,#2328);
#1681=LINE('',#9894,#2329);
#1682=LINE('',#9897,#2330);
#1683=LINE('',#9898,#2331);
#1684=LINE('',#9900,#2332);
#1685=LINE('',#9905,#2333);
#1686=LINE('',#9907,#2334);
#1687=LINE('',#9909,#2335);
#1688=LINE('',#9911,#2336);
#1689=LINE('',#9913,#2337);
#1690=LINE('',#9931,#2338);
#1691=LINE('',#9933,#2339);
#1692=LINE('',#9935,#2340);
#1693=LINE('',#9966,#2341);
#1694=LINE('',#9968,#2342);
#1695=LINE('',#9988,#2343);
#1696=LINE('',#10003,#2344);
#1697=LINE('',#10004,#2345);
#1698=LINE('',#10007,#2346);
#1699=LINE('',#10008,#2347);
#1700=LINE('',#10011,#2348);
#1701=LINE('',#10012,#2349);
#1702=LINE('',#10023,#2350);
#1703=LINE('',#10024,#2351);
#1704=LINE('',#10031,#2352);
#1705=LINE('',#10033,#2353);
#1706=LINE('',#10035,#2354);
#1707=LINE('',#10037,#2355);
#1708=LINE('',#10039,#2356);
#1709=LINE('',#10041,#2357);
#1710=LINE('',#10058,#2358);
#1711=LINE('',#10060,#2359);
#1712=LINE('',#10071,#2360);
#1713=LINE('',#10080,#2361);
#1714=LINE('',#10087,#2362);
#1715=LINE('',#10094,#2363);
#1716=LINE('',#10096,#2364);
#1717=LINE('',#10098,#2365);
#1718=LINE('',#10109,#2366);
#1719=LINE('',#10118,#2367);
#1720=LINE('',#10121,#2368);
#1721=LINE('',#10122,#2369);
#1722=LINE('',#10132,#2370);
#1723=LINE('',#10151,#2371);
#1724=LINE('',#10173,#2372);
#1725=LINE('',#10193,#2373);
#1726=LINE('',#10203,#2374);
#1727=LINE('',#10204,#2375);
#1728=LINE('',#10214,#2376);
#1729=LINE('',#10233,#2377);
#1730=LINE('',#10268,#2378);
#1731=LINE('',#10270,#2379);
#1732=LINE('',#10272,#2380);
#1733=LINE('',#10274,#2381);
#1734=LINE('',#10276,#2382);
#1735=LINE('',#10278,#2383);
#1736=LINE('',#10280,#2384);
#1737=LINE('',#10282,#2385);
#1738=LINE('',#10284,#2386);
#1739=LINE('',#10286,#2387);
#1740=LINE('',#10288,#2388);
#1741=LINE('',#10289,#2389);
#1742=LINE('',#10291,#2390);
#1743=LINE('',#10292,#2391);
#1744=LINE('',#10294,#2392);
#1745=LINE('',#10296,#2393);
#1746=LINE('',#10298,#2394);
#1747=LINE('',#10300,#2395);
#1748=LINE('',#10302,#2396);
#1749=LINE('',#10304,#2397);
#1750=LINE('',#10306,#2398);
#1751=LINE('',#10308,#2399);
#1752=LINE('',#10310,#2400);
#1753=LINE('',#10312,#2401);
#1754=LINE('',#10316,#2402);
#1755=LINE('',#10318,#2403);
#1756=LINE('',#10319,#2404);
#1757=LINE('',#10322,#2405);
#1758=LINE('',#10323,#2406);
#1759=LINE('',#10326,#2407);
#1760=LINE('',#10327,#2408);
#1761=LINE('',#10330,#2409);
#1762=LINE('',#10331,#2410);
#1763=LINE('',#10334,#2411);
#1764=LINE('',#10335,#2412);
#1765=LINE('',#10338,#2413);
#1766=LINE('',#10339,#2414);
#1767=LINE('',#10342,#2415);
#1768=LINE('',#10343,#2416);
#1769=LINE('',#10345,#2417);
#1770=LINE('',#10350,#2418);
#1771=LINE('',#10352,#2419);
#1772=LINE('',#10354,#2420);
#1773=LINE('',#10356,#2421);
#1774=LINE('',#10358,#2422);
#1775=LINE('',#10360,#2423);
#1776=LINE('',#10362,#2424);
#1777=LINE('',#10363,#2425);
#1778=LINE('',#10366,#2426);
#1779=LINE('',#10380,#2427);
#1780=LINE('',#10381,#2428);
#1781=LINE('',#10393,#2429);
#1782=LINE('',#10394,#2430);
#1783=LINE('',#10405,#2431);
#1784=LINE('',#10408,#2432);
#1785=LINE('',#10409,#2433);
#1786=LINE('',#10411,#2434);
#1787=LINE('',#10412,#2435);
#1788=LINE('',#10414,#2436);
#1789=LINE('',#10416,#2437);
#1790=LINE('',#10418,#2438);
#1791=LINE('',#10421,#2439);
#1792=LINE('',#10422,#2440);
#1793=LINE('',#10424,#2441);
#1794=LINE('',#10426,#2442);
#1795=LINE('',#10428,#2443);
#1796=LINE('',#10430,#2444);
#1797=LINE('',#10434,#2445);
#1798=LINE('',#10436,#2446);
#1799=LINE('',#10437,#2447);
#1800=LINE('',#10440,#2448);
#1801=LINE('',#10441,#2449);
#1802=LINE('',#10444,#2450);
#1803=LINE('',#10445,#2451);
#1804=LINE('',#10448,#2452);
#1805=LINE('',#10449,#2453);
#1806=LINE('',#10452,#2454);
#1807=LINE('',#10453,#2455);
#1808=LINE('',#10455,#2456);
#1809=LINE('',#10466,#2457);
#1810=LINE('',#10474,#2458);
#1811=LINE('',#10476,#2459);
#1812=LINE('',#10478,#2460);
#1813=LINE('',#10479,#2461);
#1814=LINE('',#10482,#2462);
#1815=LINE('',#10484,#2463);
#1816=LINE('',#10485,#2464);
#1817=LINE('',#10488,#2465);
#1818=LINE('',#10490,#2466);
#1819=LINE('',#10491,#2467);
#1820=LINE('',#10493,#2468);
#1821=LINE('',#10494,#2469);
#1822=LINE('',#10499,#2470);
#1823=LINE('',#10501,#2471);
#1824=LINE('',#10503,#2472);
#1825=LINE('',#10504,#2473);
#1826=LINE('',#10507,#2474);
#1827=LINE('',#10509,#2475);
#1828=LINE('',#10510,#2476);
#1829=LINE('',#10513,#2477);
#1830=LINE('',#10515,#2478);
#1831=LINE('',#10516,#2479);
#1832=LINE('',#10518,#2480);
#1833=LINE('',#10519,#2481);
#1834=LINE('',#10524,#2482);
#1835=LINE('',#10526,#2483);
#1836=LINE('',#10528,#2484);
#1837=LINE('',#10529,#2485);
#1838=LINE('',#10532,#2486);
#1839=LINE('',#10534,#2487);
#1840=LINE('',#10535,#2488);
#1841=LINE('',#10538,#2489);
#1842=LINE('',#10540,#2490);
#1843=LINE('',#10541,#2491);
#1844=LINE('',#10543,#2492);
#1845=LINE('',#10544,#2493);
#1846=LINE('',#10549,#2494);
#1847=LINE('',#10551,#2495);
#1848=LINE('',#10553,#2496);
#1849=LINE('',#10554,#2497);
#1850=LINE('',#10557,#2498);
#1851=LINE('',#10559,#2499);
#1852=LINE('',#10560,#2500);
#1853=LINE('',#10563,#2501);
#1854=LINE('',#10565,#2502);
#1855=LINE('',#10566,#2503);
#1856=LINE('',#10568,#2504);
#1857=LINE('',#10569,#2505);
#1858=LINE('',#10574,#2506);
#1859=LINE('',#10576,#2507);
#1860=LINE('',#10578,#2508);
#1861=LINE('',#10579,#2509);
#1862=LINE('',#10582,#2510);
#1863=LINE('',#10584,#2511);
#1864=LINE('',#10585,#2512);
#1865=LINE('',#10588,#2513);
#1866=LINE('',#10590,#2514);
#1867=LINE('',#10591,#2515);
#1868=LINE('',#10593,#2516);
#1869=LINE('',#10594,#2517);
#1870=LINE('',#10599,#2518);
#1871=LINE('',#10601,#2519);
#1872=LINE('',#10603,#2520);
#1873=LINE('',#10604,#2521);
#1874=LINE('',#10607,#2522);
#1875=LINE('',#10609,#2523);
#1876=LINE('',#10610,#2524);
#1877=LINE('',#10613,#2525);
#1878=LINE('',#10615,#2526);
#1879=LINE('',#10616,#2527);
#1880=LINE('',#10618,#2528);
#1881=LINE('',#10619,#2529);
#1882=LINE('',#10623,#2530);
#1883=LINE('',#10625,#2531);
#1884=LINE('',#10627,#2532);
#1885=LINE('',#10628,#2533);
#1886=LINE('',#10631,#2534);
#1887=LINE('',#10633,#2535);
#1888=LINE('',#10634,#2536);
#1889=LINE('',#10636,#2537);
#1890=LINE('',#10637,#2538);
#1891=LINE('',#10641,#2539);
#1892=LINE('',#10642,#2540);
#1893=LINE('',#10643,#2541);
#1894=LINE('',#10647,#2542);
#1895=LINE('',#10648,#2543);
#1896=LINE('',#10649,#2544);
#1897=LINE('',#10653,#2545);
#1898=LINE('',#10655,#2546);
#1899=LINE('',#10656,#2547);
#1900=LINE('',#10659,#2548);
#1901=LINE('',#10660,#2549);
#1902=LINE('',#10662,#2550);
#1903=LINE('',#10663,#2551);
#1904=LINE('',#10665,#2552);
#1905=LINE('',#10667,#2553);
#1906=LINE('',#10668,#2554);
#1907=LINE('',#10672,#2555);
#1908=LINE('',#10673,#2556);
#1909=LINE('',#10676,#2557);
#1910=LINE('',#10677,#2558);
#1911=LINE('',#10679,#2559);
#1912=LINE('',#10682,#2560);
#1913=LINE('',#10684,#2561);
#1914=LINE('',#10685,#2562);
#1915=LINE('',#10688,#2563);
#1916=LINE('',#10689,#2564);
#1917=LINE('',#10690,#2565);
#1918=LINE('',#10692,#2566);
#1919=LINE('',#10695,#2567);
#1920=LINE('',#10697,#2568);
#1921=LINE('',#10700,#2569);
#1922=LINE('',#10706,#2570);
#1923=LINE('',#10708,#2571);
#1924=LINE('',#10710,#2572);
#1925=LINE('',#10711,#2573);
#1926=LINE('',#10714,#2574);
#1927=LINE('',#10716,#2575);
#1928=LINE('',#10717,#2576);
#1929=LINE('',#10722,#2577);
#1930=LINE('',#10726,#2578);
#1931=LINE('',#10728,#2579);
#1932=LINE('',#10729,#2580);
#1933=LINE('',#10732,#2581);
#1934=LINE('',#10734,#2582);
#1935=LINE('',#10735,#2583);
#1936=LINE('',#10737,#2584);
#1937=LINE('',#10738,#2585);
#1938=LINE('',#10745,#2586);
#1939=LINE('',#10747,#2587);
#1940=LINE('',#10749,#2588);
#1941=LINE('',#10750,#2589);
#1942=LINE('',#10753,#2590);
#1943=LINE('',#10755,#2591);
#1944=LINE('',#10756,#2592);
#1945=LINE('',#10761,#2593);
#1946=LINE('',#10765,#2594);
#1947=LINE('',#10767,#2595);
#1948=LINE('',#10768,#2596);
#1949=LINE('',#10771,#2597);
#1950=LINE('',#10773,#2598);
#1951=LINE('',#10774,#2599);
#1952=LINE('',#10776,#2600);
#1953=LINE('',#10777,#2601);
#1954=LINE('',#10784,#2602);
#1955=LINE('',#10786,#2603);
#1956=LINE('',#10788,#2604);
#1957=LINE('',#10789,#2605);
#1958=LINE('',#10792,#2606);
#1959=LINE('',#10794,#2607);
#1960=LINE('',#10795,#2608);
#1961=LINE('',#10800,#2609);
#1962=LINE('',#10804,#2610);
#1963=LINE('',#10806,#2611);
#1964=LINE('',#10807,#2612);
#1965=LINE('',#10810,#2613);
#1966=LINE('',#10812,#2614);
#1967=LINE('',#10813,#2615);
#1968=LINE('',#10815,#2616);
#1969=LINE('',#10816,#2617);
#1970=VECTOR('',#6524,10.);
#1971=VECTOR('',#6527,10.);
#1972=VECTOR('',#6534,10.);
#1973=VECTOR('',#6535,10.);
#1974=VECTOR('',#6554,10.);
#1975=VECTOR('',#6555,10.);
#1976=VECTOR('',#6564,10.);
#1977=VECTOR('',#6567,10.);
#1978=VECTOR('',#6570,10.);
#1979=VECTOR('',#6573,10.);
#1980=VECTOR('',#6576,10.);
#1981=VECTOR('',#6579,10.);
#1982=VECTOR('',#6582,10.);
#1983=VECTOR('',#6585,10.);
#1984=VECTOR('',#6586,10.);
#1985=VECTOR('',#6587,10.);
#1986=VECTOR('',#6590,10.);
#1987=VECTOR('',#6593,10.);
#1988=VECTOR('',#6598,10.);
#1989=VECTOR('',#6601,10.);
#1990=VECTOR('',#6612,10.);
#1991=VECTOR('',#6613,10.);
#1992=VECTOR('',#6622,10.);
#1993=VECTOR('',#6633,10.);
#1994=VECTOR('',#6642,10.);
#1995=VECTOR('',#6643,10.);
#1996=VECTOR('',#6646,10.);
#1997=VECTOR('',#6647,10.);
#1998=VECTOR('',#6650,10.);
#1999=VECTOR('',#6657,10.);
#2000=VECTOR('',#6662,10.);
#2001=VECTOR('',#6663,10.);
#2002=VECTOR('',#6664,10.);
#2003=VECTOR('',#6665,10.);
#2004=VECTOR('',#6666,10.);
#2005=VECTOR('',#6667,10.);
#2006=VECTOR('',#6668,10.);
#2007=VECTOR('',#6669,10.);
#2008=VECTOR('',#6670,10.);
#2009=VECTOR('',#6671,10.);
#2010=VECTOR('',#6672,10.);
#2011=VECTOR('',#6673,10.);
#2012=VECTOR('',#6674,10.);
#2013=VECTOR('',#6675,10.);
#2014=VECTOR('',#6676,10.);
#2015=VECTOR('',#6677,10.);
#2016=VECTOR('',#6678,10.);
#2017=VECTOR('',#6679,10.);
#2018=VECTOR('',#6680,10.);
#2019=VECTOR('',#6681,10.);
#2020=VECTOR('',#6682,10.);
#2021=VECTOR('',#6683,10.);
#2022=VECTOR('',#6684,10.);
#2023=VECTOR('',#6685,10.);
#2024=VECTOR('',#6686,10.);
#2025=VECTOR('',#6687,10.);
#2026=VECTOR('',#6688,10.);
#2027=VECTOR('',#6689,10.);
#2028=VECTOR('',#6690,10.);
#2029=VECTOR('',#6691,10.);
#2030=VECTOR('',#6692,10.);
#2031=VECTOR('',#6693,10.);
#2032=VECTOR('',#6694,10.);
#2033=VECTOR('',#6695,10.);
#2034=VECTOR('',#6696,10.);
#2035=VECTOR('',#6697,10.);
#2036=VECTOR('',#6698,10.);
#2037=VECTOR('',#6699,10.);
#2038=VECTOR('',#6700,10.);
#2039=VECTOR('',#6701,10.);
#2040=VECTOR('',#6702,10.);
#2041=VECTOR('',#6703,10.);
#2042=VECTOR('',#6704,10.);
#2043=VECTOR('',#6705,10.);
#2044=VECTOR('',#6706,10.);
#2045=VECTOR('',#6707,10.);
#2046=VECTOR('',#6708,10.);
#2047=VECTOR('',#6709,10.);
#2048=VECTOR('',#6710,10.);
#2049=VECTOR('',#6711,10.);
#2050=VECTOR('',#6712,10.);
#2051=VECTOR('',#6713,10.);
#2052=VECTOR('',#6714,10.);
#2053=VECTOR('',#6715,10.);
#2054=VECTOR('',#6716,10.);
#2055=VECTOR('',#6717,10.);
#2056=VECTOR('',#6718,10.);
#2057=VECTOR('',#6719,10.);
#2058=VECTOR('',#6720,10.);
#2059=VECTOR('',#6721,10.);
#2060=VECTOR('',#6722,10.);
#2061=VECTOR('',#6723,10.);
#2062=VECTOR('',#6724,10.);
#2063=VECTOR('',#6725,10.);
#2064=VECTOR('',#6726,10.);
#2065=VECTOR('',#6727,10.);
#2066=VECTOR('',#6728,10.);
#2067=VECTOR('',#6729,10.);
#2068=VECTOR('',#6730,10.);
#2069=VECTOR('',#6731,10.);
#2070=VECTOR('',#6732,10.);
#2071=VECTOR('',#6733,10.);
#2072=VECTOR('',#6734,10.);
#2073=VECTOR('',#6735,10.);
#2074=VECTOR('',#6736,10.);
#2075=VECTOR('',#6737,10.);
#2076=VECTOR('',#6738,10.);
#2077=VECTOR('',#6739,10.);
#2078=VECTOR('',#6740,10.);
#2079=VECTOR('',#6741,10.);
#2080=VECTOR('',#6742,10.);
#2081=VECTOR('',#6743,10.);
#2082=VECTOR('',#6744,10.);
#2083=VECTOR('',#6745,10.);
#2084=VECTOR('',#6746,10.);
#2085=VECTOR('',#6747,10.);
#2086=VECTOR('',#6748,10.);
#2087=VECTOR('',#6749,10.);
#2088=VECTOR('',#6750,10.);
#2089=VECTOR('',#6751,10.);
#2090=VECTOR('',#6752,10.);
#2091=VECTOR('',#6753,10.);
#2092=VECTOR('',#6754,10.);
#2093=VECTOR('',#6755,10.);
#2094=VECTOR('',#6756,10.);
#2095=VECTOR('',#6757,10.);
#2096=VECTOR('',#6758,10.);
#2097=VECTOR('',#6759,10.);
#2098=VECTOR('',#6760,10.);
#2099=VECTOR('',#6761,10.);
#2100=VECTOR('',#6762,10.);
#2101=VECTOR('',#6763,10.);
#2102=VECTOR('',#6764,10.);
#2103=VECTOR('',#6765,10.);
#2104=VECTOR('',#6766,10.);
#2105=VECTOR('',#6767,10.);
#2106=VECTOR('',#6768,10.);
#2107=VECTOR('',#6769,10.);
#2108=VECTOR('',#6770,10.);
#2109=VECTOR('',#6771,10.);
#2110=VECTOR('',#6772,10.);
#2111=VECTOR('',#6773,10.);
#2112=VECTOR('',#6774,10.);
#2113=VECTOR('',#6775,10.);
#2114=VECTOR('',#6776,10.);
#2115=VECTOR('',#6777,10.);
#2116=VECTOR('',#6780,10.);
#2117=VECTOR('',#6793,10.);
#2118=VECTOR('',#6806,10.);
#2119=VECTOR('',#6807,10.);
#2120=VECTOR('',#6810,10.);
#2121=VECTOR('',#6821,10.);
#2122=VECTOR('',#6822,10.);
#2123=VECTOR('',#6833,10.);
#2124=VECTOR('',#6836,10.);
#2125=VECTOR('',#6839,10.);
#2126=VECTOR('',#6840,10.);
#2127=VECTOR('',#6841,10.);
#2128=VECTOR('',#6842,10.);
#2129=VECTOR('',#6843,10.);
#2130=VECTOR('',#6844,10.);
#2131=VECTOR('',#6845,10.);
#2132=VECTOR('',#6846,10.);
#2133=VECTOR('',#6847,10.);
#2134=VECTOR('',#6850,10.);
#2135=VECTOR('',#6853,10.);
#2136=VECTOR('',#6854,10.);
#2137=VECTOR('',#6855,10.);
#2138=VECTOR('',#6856,10.);
#2139=VECTOR('',#6857,10.);
#2140=VECTOR('',#6860,10.);
#2141=VECTOR('',#6861,10.);
#2142=VECTOR('',#6862,10.);
#2143=VECTOR('',#6863,10.);
#2144=VECTOR('',#6864,10.);
#2145=VECTOR('',#6865,10.);
#2146=VECTOR('',#6866,10.);
#2147=VECTOR('',#6867,10.);
#2148=VECTOR('',#6868,10.);
#2149=VECTOR('',#6871,10.);
#2150=VECTOR('',#6872,10.);
#2151=VECTOR('',#6875,10.);
#2152=VECTOR('',#6878,10.);
#2153=VECTOR('',#6881,10.);
#2154=VECTOR('',#6884,10.);
#2155=VECTOR('',#6887,10.);
#2156=VECTOR('',#6890,10.);
#2157=VECTOR('',#6893,10.);
#2158=VECTOR('',#6894,10.);
#2159=VECTOR('',#6895,10.);
#2160=VECTOR('',#6900,10.);
#2161=VECTOR('',#6901,10.);
#2162=VECTOR('',#6902,10.);
#2163=VECTOR('',#6903,10.);
#2164=VECTOR('',#6904,10.);
#2165=VECTOR('',#6905,10.);
#2166=VECTOR('',#6906,10.);
#2167=VECTOR('',#6907,10.);
#2168=VECTOR('',#6908,10.);
#2169=VECTOR('',#6909,10.);
#2170=VECTOR('',#6912,10.);
#2171=VECTOR('',#6913,10.);
#2172=VECTOR('',#6914,10.);
#2173=VECTOR('',#6917,10.);
#2174=VECTOR('',#6918,10.);
#2175=VECTOR('',#6921,10.);
#2176=VECTOR('',#6922,10.);
#2177=VECTOR('',#6925,10.);
#2178=VECTOR('',#6926,10.);
#2179=VECTOR('',#6929,10.);
#2180=VECTOR('',#6934,10.);
#2181=VECTOR('',#6935,10.);
#2182=VECTOR('',#6936,10.);
#2183=VECTOR('',#6937,10.);
#2184=VECTOR('',#6940,10.);
#2185=VECTOR('',#6941,10.);
#2186=VECTOR('',#6944,10.);
#2187=VECTOR('',#6947,10.);
#2188=VECTOR('',#6952,10.);
#2189=VECTOR('',#6953,10.);
#2190=VECTOR('',#6954,10.);
#2191=VECTOR('',#6957,10.);
#2192=VECTOR('',#6958,10.);
#2193=VECTOR('',#6961,10.);
#2194=VECTOR('',#6962,10.);
#2195=VECTOR('',#6965,10.);
#2196=VECTOR('',#6966,10.);
#2197=VECTOR('',#6969,10.);
#2198=VECTOR('',#6970,10.);
#2199=VECTOR('',#6971,10.);
#2200=VECTOR('',#6972,10.);
#2201=VECTOR('',#6975,10.);
#2202=VECTOR('',#6976,10.);
#2203=VECTOR('',#6977,10.);
#2204=VECTOR('',#6980,10.);
#2205=VECTOR('',#6981,10.);
#2206=VECTOR('',#6984,10.);
#2207=VECTOR('',#6985,10.);
#2208=VECTOR('',#6988,10.);
#2209=VECTOR('',#6989,10.);
#2210=VECTOR('',#6992,10.);
#2211=VECTOR('',#6995,10.);
#2212=VECTOR('',#6996,10.);
#2213=VECTOR('',#6997,10.);
#2214=VECTOR('',#6998,10.);
#2215=VECTOR('',#7003,10.);
#2216=VECTOR('',#7004,10.);
#2217=VECTOR('',#7005,10.);
#2218=VECTOR('',#7006,10.);
#2219=VECTOR('',#7009,10.);
#2220=VECTOR('',#7010,10.);
#2221=VECTOR('',#7013,10.);
#2222=VECTOR('',#7016,10.);
#2223=VECTOR('',#7019,10.);
#2224=VECTOR('',#7020,10.);
#2225=VECTOR('',#7021,10.);
#2226=VECTOR('',#7022,10.);
#2227=VECTOR('',#7023,10.);
#2228=VECTOR('',#7024,10.);
#2229=VECTOR('',#7025,10.);
#2230=VECTOR('',#7026,10.);
#2231=VECTOR('',#7027,10.);
#2232=VECTOR('',#7028,10.);
#2233=VECTOR('',#7031,10.);
#2234=VECTOR('',#7032,10.);
#2235=VECTOR('',#7033,10.);
#2236=VECTOR('',#7034,10.);
#2237=VECTOR('',#7035,10.);
#2238=VECTOR('',#7036,10.);
#2239=VECTOR('',#7041,10.);
#2240=VECTOR('',#7042,10.);
#2241=VECTOR('',#7043,10.);
#2242=VECTOR('',#7044,10.);
#2243=VECTOR('',#7047,10.);
#2244=VECTOR('',#7048,10.);
#2245=VECTOR('',#7051,10.);
#2246=VECTOR('',#7054,10.);
#2247=VECTOR('',#7057,10.);
#2248=VECTOR('',#7058,10.);
#2249=VECTOR('',#7061,10.);
#2250=VECTOR('',#7062,10.);
#2251=VECTOR('',#7063,10.);
#2252=VECTOR('',#7064,10.);
#2253=VECTOR('',#7065,10.);
#2254=VECTOR('',#7066,10.);
#2255=VECTOR('',#7069,10.);
#2256=VECTOR('',#7070,10.);
#2257=VECTOR('',#7071,10.);
#2258=VECTOR('',#7072,10.);
#2259=VECTOR('',#7077,10.);
#2260=VECTOR('',#7078,10.);
#2261=VECTOR('',#7079,10.);
#2262=VECTOR('',#7080,10.);
#2263=VECTOR('',#7081,10.);
#2264=VECTOR('',#7082,10.);
#2265=VECTOR('',#7083,10.);
#2266=VECTOR('',#7084,10.);
#2267=VECTOR('',#7085,10.);
#2268=VECTOR('',#7088,10.);
#2269=VECTOR('',#7089,10.);
#2270=VECTOR('',#7092,10.);
#2271=VECTOR('',#7093,10.);
#2272=VECTOR('',#7096,10.);
#2273=VECTOR('',#7097,10.);
#2274=VECTOR('',#7100,10.);
#2275=VECTOR('',#7103,10.);
#2276=VECTOR('',#7104,10.);
#2277=VECTOR('',#7105,10.);
#2278=VECTOR('',#7108,10.);
#2279=VECTOR('',#7109,10.);
#2280=VECTOR('',#7110,10.);
#2281=VECTOR('',#7113,10.);
#2282=VECTOR('',#7114,10.);
#2283=VECTOR('',#7115,10.);
#2284=VECTOR('',#7118,10.);
#2285=VECTOR('',#7119,10.);
#2286=VECTOR('',#7122,10.);
#2287=VECTOR('',#7123,10.);
#2288=VECTOR('',#7126,10.);
#2289=VECTOR('',#7131,10.);
#2290=VECTOR('',#7132,10.);
#2291=VECTOR('',#7133,10.);
#2292=VECTOR('',#7134,10.);
#2293=VECTOR('',#7135,10.);
#2294=VECTOR('',#7136,10.);
#2295=VECTOR('',#7139,10.);
#2296=VECTOR('',#7140,10.);
#2297=VECTOR('',#7141,10.);
#2298=VECTOR('',#7142,10.);
#2299=VECTOR('',#7143,10.);
#2300=VECTOR('',#7146,10.);
#2301=VECTOR('',#7149,10.);
#2302=VECTOR('',#7150,10.);
#2303=VECTOR('',#7151,10.);
#2304=VECTOR('',#7154,10.);
#2305=VECTOR('',#7155,10.);
#2306=VECTOR('',#7158,10.);
#2307=VECTOR('',#7159,10.);
#2308=VECTOR('',#7162,10.);
#2309=VECTOR('',#7167,10.);
#2310=VECTOR('',#7168,10.);
#2311=VECTOR('',#7169,10.);
#2312=VECTOR('',#7170,10.);
#2313=VECTOR('',#7173,10.);
#2314=VECTOR('',#7174,10.);
#2315=VECTOR('',#7177,10.);
#2316=VECTOR('',#7180,10.);
#2317=VECTOR('',#7185,10.);
#2318=VECTOR('',#7186,10.);
#2319=VECTOR('',#7187,10.);
#2320=VECTOR('',#7188,10.);
#2321=VECTOR('',#7189,10.);
#2322=VECTOR('',#7192,10.);
#2323=VECTOR('',#7193,10.);
#2324=VECTOR('',#7196,10.);
#2325=VECTOR('',#7197,10.);
#2326=VECTOR('',#7200,10.);
#2327=VECTOR('',#7201,10.);
#2328=VECTOR('',#7204,10.);
#2329=VECTOR('',#7205,10.);
#2330=VECTOR('',#7208,10.);
#2331=VECTOR('',#7209,10.);
#2332=VECTOR('',#7212,10.);
#2333=VECTOR('',#7217,10.);
#2334=VECTOR('',#7218,10.);
#2335=VECTOR('',#7219,10.);
#2336=VECTOR('',#7220,10.);
#2337=VECTOR('',#7221,10.);
#2338=VECTOR('',#7222,10.);
#2339=VECTOR('',#7223,10.);
#2340=VECTOR('',#7224,10.);
#2341=VECTOR('',#7225,10.);
#2342=VECTOR('',#7226,10.);
#2343=VECTOR('',#7227,10.);
#2344=VECTOR('',#7228,10.);
#2345=VECTOR('',#7229,10.);
#2346=VECTOR('',#7232,10.);
#2347=VECTOR('',#7233,10.);
#2348=VECTOR('',#7236,10.);
#2349=VECTOR('',#7237,10.);
#2350=VECTOR('',#7238,10.);
#2351=VECTOR('',#7239,10.);
#2352=VECTOR('',#7240,10.);
#2353=VECTOR('',#7243,10.);
#2354=VECTOR('',#7246,10.);
#2355=VECTOR('',#7249,10.);
#2356=VECTOR('',#7252,10.);
#2357=VECTOR('',#7255,10.);
#2358=VECTOR('',#7256,10.);
#2359=VECTOR('',#7259,10.);
#2360=VECTOR('',#7260,10.);
#2361=VECTOR('',#7261,10.);
#2362=VECTOR('',#7262,10.);
#2363=VECTOR('',#7263,10.);
#2364=VECTOR('',#7266,10.);
#2365=VECTOR('',#7269,10.);
#2366=VECTOR('',#7272,10.);
#2367=VECTOR('',#7273,10.);
#2368=VECTOR('',#7276,10.);
#2369=VECTOR('',#7277,10.);
#2370=VECTOR('',#7278,10.);
#2371=VECTOR('',#7279,10.);
#2372=VECTOR('',#7280,10.);
#2373=VECTOR('',#7281,10.);
#2374=VECTOR('',#7284,10.);
#2375=VECTOR('',#7285,10.);
#2376=VECTOR('',#7286,10.);
#2377=VECTOR('',#7287,10.);
#2378=VECTOR('',#7292,10.);
#2379=VECTOR('',#7293,10.);
#2380=VECTOR('',#7294,10.);
#2381=VECTOR('',#7295,10.);
#2382=VECTOR('',#7296,10.);
#2383=VECTOR('',#7297,10.);
#2384=VECTOR('',#7298,10.);
#2385=VECTOR('',#7299,10.);
#2386=VECTOR('',#7300,10.);
#2387=VECTOR('',#7301,10.);
#2388=VECTOR('',#7302,10.);
#2389=VECTOR('',#7303,10.);
#2390=VECTOR('',#7306,10.);
#2391=VECTOR('',#7307,10.);
#2392=VECTOR('',#7310,10.);
#2393=VECTOR('',#7313,10.);
#2394=VECTOR('',#7316,10.);
#2395=VECTOR('',#7319,10.);
#2396=VECTOR('',#7322,10.);
#2397=VECTOR('',#7325,10.);
#2398=VECTOR('',#7328,10.);
#2399=VECTOR('',#7331,10.);
#2400=VECTOR('',#7334,10.);
#2401=VECTOR('',#7337,10.);
#2402=VECTOR('',#7342,10.);
#2403=VECTOR('',#7343,10.);
#2404=VECTOR('',#7344,10.);
#2405=VECTOR('',#7347,10.);
#2406=VECTOR('',#7348,10.);
#2407=VECTOR('',#7351,10.);
#2408=VECTOR('',#7352,10.);
#2409=VECTOR('',#7355,10.);
#2410=VECTOR('',#7356,10.);
#2411=VECTOR('',#7359,10.);
#2412=VECTOR('',#7360,10.);
#2413=VECTOR('',#7363,10.);
#2414=VECTOR('',#7364,10.);
#2415=VECTOR('',#7367,10.);
#2416=VECTOR('',#7368,10.);
#2417=VECTOR('',#7371,10.);
#2418=VECTOR('',#7376,10.);
#2419=VECTOR('',#7377,10.);
#2420=VECTOR('',#7378,10.);
#2421=VECTOR('',#7379,10.);
#2422=VECTOR('',#7380,10.);
#2423=VECTOR('',#7381,10.);
#2424=VECTOR('',#7382,10.);
#2425=VECTOR('',#7383,10.);
#2426=VECTOR('',#7384,10.);
#2427=VECTOR('',#7385,10.);
#2428=VECTOR('',#7386,10.);
#2429=VECTOR('',#7387,10.);
#2430=VECTOR('',#7388,10.);
#2431=VECTOR('',#7389,10.);
#2432=VECTOR('',#7392,10.);
#2433=VECTOR('',#7393,10.);
#2434=VECTOR('',#7396,10.);
#2435=VECTOR('',#7397,10.);
#2436=VECTOR('',#7400,10.);
#2437=VECTOR('',#7403,10.);
#2438=VECTOR('',#7406,10.);
#2439=VECTOR('',#7409,10.);
#2440=VECTOR('',#7410,10.);
#2441=VECTOR('',#7413,10.);
#2442=VECTOR('',#7416,10.);
#2443=VECTOR('',#7419,10.);
#2444=VECTOR('',#7422,10.);
#2445=VECTOR('',#7427,10.);
#2446=VECTOR('',#7428,10.);
#2447=VECTOR('',#7429,10.);
#2448=VECTOR('',#7432,10.);
#2449=VECTOR('',#7433,10.);
#2450=VECTOR('',#7436,10.);
#2451=VECTOR('',#7437,10.);
#2452=VECTOR('',#7440,10.);
#2453=VECTOR('',#7441,10.);
#2454=VECTOR('',#7444,10.);
#2455=VECTOR('',#7445,10.);
#2456=VECTOR('',#7448,10.);
#2457=VECTOR('',#7465,0.35);
#2458=VECTOR('',#7476,10.);
#2459=VECTOR('',#7477,10.);
#2460=VECTOR('',#7478,10.);
#2461=VECTOR('',#7479,10.);
#2462=VECTOR('',#7482,10.);
#2463=VECTOR('',#7483,10.);
#2464=VECTOR('',#7484,10.);
#2465=VECTOR('',#7487,10.);
#2466=VECTOR('',#7488,10.);
#2467=VECTOR('',#7489,10.);
#2468=VECTOR('',#7492,10.);
#2469=VECTOR('',#7493,10.);
#2470=VECTOR('',#7498,10.);
#2471=VECTOR('',#7499,10.);
#2472=VECTOR('',#7500,10.);
#2473=VECTOR('',#7501,10.);
#2474=VECTOR('',#7504,10.);
#2475=VECTOR('',#7505,10.);
#2476=VECTOR('',#7506,10.);
#2477=VECTOR('',#7509,10.);
#2478=VECTOR('',#7510,10.);
#2479=VECTOR('',#7511,10.);
#2480=VECTOR('',#7514,10.);
#2481=VECTOR('',#7515,10.);
#2482=VECTOR('',#7520,10.);
#2483=VECTOR('',#7521,10.);
#2484=VECTOR('',#7522,10.);
#2485=VECTOR('',#7523,10.);
#2486=VECTOR('',#7526,10.);
#2487=VECTOR('',#7527,10.);
#2488=VECTOR('',#7528,10.);
#2489=VECTOR('',#7531,10.);
#2490=VECTOR('',#7532,10.);
#2491=VECTOR('',#7533,10.);
#2492=VECTOR('',#7536,10.);
#2493=VECTOR('',#7537,10.);
#2494=VECTOR('',#7542,10.);
#2495=VECTOR('',#7543,10.);
#2496=VECTOR('',#7544,10.);
#2497=VECTOR('',#7545,10.);
#2498=VECTOR('',#7548,10.);
#2499=VECTOR('',#7549,10.);
#2500=VECTOR('',#7550,10.);
#2501=VECTOR('',#7553,10.);
#2502=VECTOR('',#7554,10.);
#2503=VECTOR('',#7555,10.);
#2504=VECTOR('',#7558,10.);
#2505=VECTOR('',#7559,10.);
#2506=VECTOR('',#7564,10.);
#2507=VECTOR('',#7565,10.);
#2508=VECTOR('',#7566,10.);
#2509=VECTOR('',#7567,10.);
#2510=VECTOR('',#7570,10.);
#2511=VECTOR('',#7571,10.);
#2512=VECTOR('',#7572,10.);
#2513=VECTOR('',#7575,10.);
#2514=VECTOR('',#7576,10.);
#2515=VECTOR('',#7577,10.);
#2516=VECTOR('',#7580,10.);
#2517=VECTOR('',#7581,10.);
#2518=VECTOR('',#7586,10.);
#2519=VECTOR('',#7587,10.);
#2520=VECTOR('',#7588,10.);
#2521=VECTOR('',#7589,10.);
#2522=VECTOR('',#7592,10.);
#2523=VECTOR('',#7593,10.);
#2524=VECTOR('',#7594,10.);
#2525=VECTOR('',#7597,10.);
#2526=VECTOR('',#7598,10.);
#2527=VECTOR('',#7599,10.);
#2528=VECTOR('',#7602,10.);
#2529=VECTOR('',#7603,10.);
#2530=VECTOR('',#7606,10.);
#2531=VECTOR('',#7607,10.);
#2532=VECTOR('',#7608,10.);
#2533=VECTOR('',#7609,10.);
#2534=VECTOR('',#7612,10.);
#2535=VECTOR('',#7613,10.);
#2536=VECTOR('',#7614,10.);
#2537=VECTOR('',#7617,10.);
#2538=VECTOR('',#7618,10.);
#2539=VECTOR('',#7621,10.);
#2540=VECTOR('',#7622,10.);
#2541=VECTOR('',#7623,10.);
#2542=VECTOR('',#7626,10.);
#2543=VECTOR('',#7627,10.);
#2544=VECTOR('',#7628,10.);
#2545=VECTOR('',#7633,10.);
#2546=VECTOR('',#7634,10.);
#2547=VECTOR('',#7635,10.);
#2548=VECTOR('',#7638,10.);
#2549=VECTOR('',#7639,10.);
#2550=VECTOR('',#7642,10.);
#2551=VECTOR('',#7643,10.);
#2552=VECTOR('',#7644,10.);
#2553=VECTOR('',#7645,10.);
#2554=VECTOR('',#7646,10.);
#2555=VECTOR('',#7651,10.);
#2556=VECTOR('',#7652,10.);
#2557=VECTOR('',#7655,10.);
#2558=VECTOR('',#7656,10.);
#2559=VECTOR('',#7659,10.);
#2560=VECTOR('',#7662,10.);
#2561=VECTOR('',#7663,10.);
#2562=VECTOR('',#7664,10.);
#2563=VECTOR('',#7667,10.);
#2564=VECTOR('',#7668,10.);
#2565=VECTOR('',#7669,10.);
#2566=VECTOR('',#7672,10.);
#2567=VECTOR('',#7677,10.);
#2568=VECTOR('',#7680,10.);
#2569=VECTOR('',#7685,10.);
#2570=VECTOR('',#7692,10.);
#2571=VECTOR('',#7693,10.);
#2572=VECTOR('',#7694,10.);
#2573=VECTOR('',#7695,10.);
#2574=VECTOR('',#7698,10.);
#2575=VECTOR('',#7699,10.);
#2576=VECTOR('',#7700,10.);
#2577=VECTOR('',#7705,10.);
#2578=VECTOR('',#7710,10.);
#2579=VECTOR('',#7711,10.);
#2580=VECTOR('',#7712,10.);
#2581=VECTOR('',#7715,10.);
#2582=VECTOR('',#7716,10.);
#2583=VECTOR('',#7717,10.);
#2584=VECTOR('',#7720,10.);
#2585=VECTOR('',#7721,10.);
#2586=VECTOR('',#7730,10.);
#2587=VECTOR('',#7731,10.);
#2588=VECTOR('',#7732,10.);
#2589=VECTOR('',#7733,10.);
#2590=VECTOR('',#7736,10.);
#2591=VECTOR('',#7737,10.);
#2592=VECTOR('',#7738,10.);
#2593=VECTOR('',#7743,10.);
#2594=VECTOR('',#7748,10.);
#2595=VECTOR('',#7749,10.);
#2596=VECTOR('',#7750,10.);
#2597=VECTOR('',#7753,10.);
#2598=VECTOR('',#7754,10.);
#2599=VECTOR('',#7755,10.);
#2600=VECTOR('',#7758,10.);
#2601=VECTOR('',#7759,10.);
#2602=VECTOR('',#7768,10.);
#2603=VECTOR('',#7769,10.);
#2604=VECTOR('',#7770,10.);
#2605=VECTOR('',#7771,10.);
#2606=VECTOR('',#7774,10.);
#2607=VECTOR('',#7775,10.);
#2608=VECTOR('',#7776,10.);
#2609=VECTOR('',#7781,10.);
#2610=VECTOR('',#7786,10.);
#2611=VECTOR('',#7787,10.);
#2612=VECTOR('',#7788,10.);
#2613=VECTOR('',#7791,10.);
#2614=VECTOR('',#7792,10.);
#2615=VECTOR('',#7793,10.);
#2616=VECTOR('',#7796,10.);
#2617=VECTOR('',#7797,10.);
#2618=VERTEX_POINT('',#7817);
#2619=VERTEX_POINT('',#7818);
#2620=VERTEX_POINT('',#7820);
#2621=VERTEX_POINT('',#7822);
#2622=VERTEX_POINT('',#7824);
#2623=VERTEX_POINT('',#7828);
#2624=VERTEX_POINT('',#7830);
#2625=VERTEX_POINT('',#7875);
#2626=VERTEX_POINT('',#7876);
#2627=VERTEX_POINT('',#7891);
#2628=VERTEX_POINT('',#7892);
#2629=VERTEX_POINT('',#7904);
#2630=VERTEX_POINT('',#7906);
#2631=VERTEX_POINT('',#7951);
#2632=VERTEX_POINT('',#7952);
#2633=VERTEX_POINT('',#7968);
#2634=VERTEX_POINT('',#7974);
#2635=VERTEX_POINT('',#7976);
#2636=VERTEX_POINT('',#7980);
#2637=VERTEX_POINT('',#7982);
#2638=VERTEX_POINT('',#7984);
#2639=VERTEX_POINT('',#7986);
#2640=VERTEX_POINT('',#7992);
#2641=VERTEX_POINT('',#7994);
#2642=VERTEX_POINT('',#7996);
#2643=VERTEX_POINT('',#7998);
#2644=VERTEX_POINT('',#8002);
#2645=VERTEX_POINT('',#8003);
#2646=VERTEX_POINT('',#8006);
#2647=VERTEX_POINT('',#8010);
#2648=VERTEX_POINT('',#8011);
#2649=VERTEX_POINT('',#8013);
#2650=VERTEX_POINT('',#8015);
#2651=VERTEX_POINT('',#8027);
#2652=VERTEX_POINT('',#8028);
#2653=VERTEX_POINT('',#8044);
#2654=VERTEX_POINT('',#8048);
#2655=VERTEX_POINT('',#8052);
#2656=VERTEX_POINT('',#8056);
#2657=VERTEX_POINT('',#8068);
#2658=VERTEX_POINT('',#8069);
#2659=VERTEX_POINT('',#8077);
#2660=VERTEX_POINT('',#8081);
#2661=VERTEX_POINT('',#8084);
#2662=VERTEX_POINT('',#8087);
#2663=VERTEX_POINT('',#8091);
#2664=VERTEX_POINT('',#8093);
#2665=VERTEX_POINT('',#8095);
#2666=VERTEX_POINT('',#8097);
#2667=VERTEX_POINT('',#8099);
#2668=VERTEX_POINT('',#8101);
#2669=VERTEX_POINT('',#8103);
#2670=VERTEX_POINT('',#8105);
#2671=VERTEX_POINT('',#8107);
#2672=VERTEX_POINT('',#8109);
#2673=VERTEX_POINT('',#8112);
#2674=VERTEX_POINT('',#8113);
#2675=VERTEX_POINT('',#8115);
#2676=VERTEX_POINT('',#8117);
#2677=VERTEX_POINT('',#8119);
#2678=VERTEX_POINT('',#8121);
#2679=VERTEX_POINT('',#8123);
#2680=VERTEX_POINT('',#8125);
#2681=VERTEX_POINT('',#8127);
#2682=VERTEX_POINT('',#8129);
#2683=VERTEX_POINT('',#8133);
#2684=VERTEX_POINT('',#8138);
#2685=VERTEX_POINT('',#8139);
#2686=VERTEX_POINT('',#8144);
#2687=VERTEX_POINT('',#8149);
#2688=VERTEX_POINT('',#8158);
#2689=VERTEX_POINT('',#8159);
#2690=VERTEX_POINT('',#8164);
#2691=VERTEX_POINT('',#8166);
#2692=VERTEX_POINT('',#8168);
#2693=VERTEX_POINT('',#8170);
#2694=VERTEX_POINT('',#8172);
#2695=VERTEX_POINT('',#8178);
#2696=VERTEX_POINT('',#8179);
#2697=VERTEX_POINT('',#8181);
#2698=VERTEX_POINT('',#8183);
#2699=VERTEX_POINT('',#8186);
#2700=VERTEX_POINT('',#8187);
#2701=VERTEX_POINT('',#8189);
#2702=VERTEX_POINT('',#8191);
#2703=VERTEX_POINT('',#8193);
#2704=VERTEX_POINT('',#8195);
#2705=VERTEX_POINT('',#8197);
#2706=VERTEX_POINT('',#8199);
#2707=VERTEX_POINT('',#8202);
#2708=VERTEX_POINT('',#8203);
#2709=VERTEX_POINT('',#8205);
#2710=VERTEX_POINT('',#8207);
#2711=VERTEX_POINT('',#8210);
#2712=VERTEX_POINT('',#8211);
#2713=VERTEX_POINT('',#8216);
#2714=VERTEX_POINT('',#8222);
#2715=VERTEX_POINT('',#8227);
#2716=VERTEX_POINT('',#8232);
#2717=VERTEX_POINT('',#8237);
#2718=VERTEX_POINT('',#8239);
#2719=VERTEX_POINT('',#8243);
#2720=VERTEX_POINT('',#8247);
#2721=VERTEX_POINT('',#8251);
#2722=VERTEX_POINT('',#8259);
#2723=VERTEX_POINT('',#8260);
#2724=VERTEX_POINT('',#8262);
#2725=VERTEX_POINT('',#8264);
#2726=VERTEX_POINT('',#8267);
#2727=VERTEX_POINT('',#8268);
#2728=VERTEX_POINT('',#8272);
#2729=VERTEX_POINT('',#8278);
#2730=VERTEX_POINT('',#8283);
#2731=VERTEX_POINT('',#8288);
#2732=VERTEX_POINT('',#8290);
#2733=VERTEX_POINT('',#8295);
#2734=VERTEX_POINT('',#8301);
#2735=VERTEX_POINT('',#8307);
#2736=VERTEX_POINT('',#8313);
#2737=VERTEX_POINT('',#8314);
#2738=VERTEX_POINT('',#8316);
#2739=VERTEX_POINT('',#8318);
#2740=VERTEX_POINT('',#8320);
#2741=VERTEX_POINT('',#8324);
#2742=VERTEX_POINT('',#8335);
#2743=VERTEX_POINT('',#8336);
#2744=VERTEX_POINT('',#8338);
#2745=VERTEX_POINT('',#8340);
#2746=VERTEX_POINT('',#8343);
#2747=VERTEX_POINT('',#8344);
#2748=VERTEX_POINT('',#8350);
#2749=VERTEX_POINT('',#8355);
#2750=VERTEX_POINT('',#8360);
#2751=VERTEX_POINT('',#8362);
#2752=VERTEX_POINT('',#8367);
#2753=VERTEX_POINT('',#8373);
#2754=VERTEX_POINT('',#8379);
#2755=VERTEX_POINT('',#8384);
#2756=VERTEX_POINT('',#8389);
#2757=VERTEX_POINT('',#8390);
#2758=VERTEX_POINT('',#8392);
#2759=VERTEX_POINT('',#8394);
#2760=VERTEX_POINT('',#8397);
#2761=VERTEX_POINT('',#8398);
#2762=VERTEX_POINT('',#8400);
#2763=VERTEX_POINT('',#8402);
#2764=VERTEX_POINT('',#8405);
#2765=VERTEX_POINT('',#8406);
#2766=VERTEX_POINT('',#8408);
#2767=VERTEX_POINT('',#8410);
#2768=VERTEX_POINT('',#8412);
#2769=VERTEX_POINT('',#8414);
#2770=VERTEX_POINT('',#8416);
#2771=VERTEX_POINT('',#8418);
#2772=VERTEX_POINT('',#8420);
#2773=VERTEX_POINT('',#8427);
#2774=VERTEX_POINT('',#8428);
#2775=VERTEX_POINT('',#8434);
#2776=VERTEX_POINT('',#8438);
#2777=VERTEX_POINT('',#8440);
#2778=VERTEX_POINT('',#8442);
#2779=VERTEX_POINT('',#8444);
#2780=VERTEX_POINT('',#8446);
#2781=VERTEX_POINT('',#8448);
#2782=VERTEX_POINT('',#8454);
#2783=VERTEX_POINT('',#8459);
#2784=VERTEX_POINT('',#8463);
#2785=VERTEX_POINT('',#8467);
#2786=VERTEX_POINT('',#8469);
#2787=VERTEX_POINT('',#8472);
#2788=VERTEX_POINT('',#8473);
#2789=VERTEX_POINT('',#8478);
#2790=VERTEX_POINT('',#8484);
#2791=VERTEX_POINT('',#8490);
#2792=VERTEX_POINT('',#8495);
#2793=VERTEX_POINT('',#8497);
#2794=VERTEX_POINT('',#8502);
#2795=VERTEX_POINT('',#8508);
#2796=VERTEX_POINT('',#8514);
#2797=VERTEX_POINT('',#8520);
#2798=VERTEX_POINT('',#8521);
#2799=VERTEX_POINT('',#8523);
#2800=VERTEX_POINT('',#8525);
#2801=VERTEX_POINT('',#8527);
#2802=VERTEX_POINT('',#8529);
#2803=VERTEX_POINT('',#8531);
#2804=VERTEX_POINT('',#8533);
#2805=VERTEX_POINT('',#8535);
#2806=VERTEX_POINT('',#8537);
#2807=VERTEX_POINT('',#8539);
#2808=VERTEX_POINT('',#8541);
#2809=VERTEX_POINT('',#8544);
#2810=VERTEX_POINT('',#8545);
#2811=VERTEX_POINT('',#8547);
#2812=VERTEX_POINT('',#8549);
#2813=VERTEX_POINT('',#8551);
#2814=VERTEX_POINT('',#8553);
#2815=VERTEX_POINT('',#8555);
#2816=VERTEX_POINT('',#8557);
#2817=VERTEX_POINT('',#8560);
#2818=VERTEX_POINT('',#8561);
#2819=VERTEX_POINT('',#8563);
#2820=VERTEX_POINT('',#8565);
#2821=VERTEX_POINT('',#8567);
#2822=VERTEX_POINT('',#8569);
#2823=VERTEX_POINT('',#8571);
#2824=VERTEX_POINT('',#8573);
#2825=VERTEX_POINT('',#8576);
#2826=VERTEX_POINT('',#8577);
#2827=VERTEX_POINT('',#8579);
#2828=VERTEX_POINT('',#8581);
#2829=VERTEX_POINT('',#8583);
#2830=VERTEX_POINT('',#8585);
#2831=VERTEX_POINT('',#8592);
#2832=VERTEX_POINT('',#8597);
#2833=VERTEX_POINT('',#8601);
#2834=VERTEX_POINT('',#8605);
#2835=VERTEX_POINT('',#8606);
#2836=VERTEX_POINT('',#8613);
#2837=VERTEX_POINT('',#8617);
#2838=VERTEX_POINT('',#8618);
#2839=VERTEX_POINT('',#8623);
#2840=VERTEX_POINT('',#8627);
#2841=VERTEX_POINT('',#8633);
#2842=VERTEX_POINT('',#8635);
#2843=VERTEX_POINT('',#8637);
#2844=VERTEX_POINT('',#8639);
#2845=VERTEX_POINT('',#8641);
#2846=VERTEX_POINT('',#8643);
#2847=VERTEX_POINT('',#8645);
#2848=VERTEX_POINT('',#8647);
#2849=VERTEX_POINT('',#8653);
#2850=VERTEX_POINT('',#8655);
#2851=VERTEX_POINT('',#8657);
#2852=VERTEX_POINT('',#8659);
#2853=VERTEX_POINT('',#8663);
#2854=VERTEX_POINT('',#8664);
#2855=VERTEX_POINT('',#8666);
#2856=VERTEX_POINT('',#8668);
#2857=VERTEX_POINT('',#8670);
#2858=VERTEX_POINT('',#8672);
#2859=VERTEX_POINT('',#8674);
#2860=VERTEX_POINT('',#8676);
#2861=VERTEX_POINT('',#8678);
#2862=VERTEX_POINT('',#8683);
#2863=VERTEX_POINT('',#8690);
#2864=VERTEX_POINT('',#8726);
#2865=VERTEX_POINT('',#8727);
#2866=VERTEX_POINT('',#8735);
#2867=VERTEX_POINT('',#8743);
#2868=VERTEX_POINT('',#8758);
#2869=VERTEX_POINT('',#8759);
#2870=VERTEX_POINT('',#8767);
#2871=VERTEX_POINT('',#8775);
#2872=VERTEX_POINT('',#8798);
#2873=VERTEX_POINT('',#8799);
#2874=VERTEX_POINT('',#8814);
#2875=VERTEX_POINT('',#8847);
#2876=VERTEX_POINT('',#8890);
#2877=VERTEX_POINT('',#8892);
#2878=VERTEX_POINT('',#8902);
#2879=VERTEX_POINT('',#8913);
#2880=VERTEX_POINT('',#8923);
#2881=VERTEX_POINT('',#8927);
#2882=VERTEX_POINT('',#8931);
#2883=VERTEX_POINT('',#8938);
#2884=VERTEX_POINT('',#8939);
#2885=VERTEX_POINT('',#8941);
#2886=VERTEX_POINT('',#8943);
#2887=VERTEX_POINT('',#8955);
#2888=VERTEX_POINT('',#8957);
#2889=VERTEX_POINT('',#8961);
#2890=VERTEX_POINT('',#8965);
#2891=VERTEX_POINT('',#8969);
#2892=VERTEX_POINT('',#8973);
#2893=VERTEX_POINT('',#8974);
#2894=VERTEX_POINT('',#8976);
#2895=VERTEX_POINT('',#8978);
#2896=VERTEX_POINT('',#8982);
#2897=VERTEX_POINT('',#8984);
#2898=VERTEX_POINT('',#8988);
#2899=VERTEX_POINT('',#8992);
#2900=VERTEX_POINT('',#8996);
#2901=VERTEX_POINT('',#9002);
#2902=VERTEX_POINT('',#9004);
#2903=VERTEX_POINT('',#9013);
#2904=VERTEX_POINT('',#9017);
#2905=VERTEX_POINT('',#9040);
#2906=VERTEX_POINT('',#9041);
#2907=VERTEX_POINT('',#9043);
#2908=VERTEX_POINT('',#9045);
#2909=VERTEX_POINT('',#9064);
#2910=VERTEX_POINT('',#9066);
#2911=VERTEX_POINT('',#9083);
#2912=VERTEX_POINT('',#9098);
#2913=VERTEX_POINT('',#9110);
#2914=VERTEX_POINT('',#9122);
#2915=VERTEX_POINT('',#9136);
#2916=VERTEX_POINT('',#9137);
#2917=VERTEX_POINT('',#9142);
#2918=VERTEX_POINT('',#9144);
#2919=VERTEX_POINT('',#9161);
#2920=VERTEX_POINT('',#9166);
#2921=VERTEX_POINT('',#9181);
#2922=VERTEX_POINT('',#9188);
#2923=VERTEX_POINT('',#9199);
#2924=VERTEX_POINT('',#9216);
#2925=VERTEX_POINT('',#9233);
#2926=VERTEX_POINT('',#9270);
#2927=VERTEX_POINT('',#9275);
#2928=VERTEX_POINT('',#9305);
#2929=VERTEX_POINT('',#9306);
#2930=VERTEX_POINT('',#9308);
#2931=VERTEX_POINT('',#9310);
#2932=VERTEX_POINT('',#9327);
#2933=VERTEX_POINT('',#9329);
#2934=VERTEX_POINT('',#9336);
#2935=VERTEX_POINT('',#9347);
#2936=VERTEX_POINT('',#9366);
#2937=VERTEX_POINT('',#9388);
#2938=VERTEX_POINT('',#9408);
#2939=VERTEX_POINT('',#9418);
#2940=VERTEX_POINT('',#9429);
#2941=VERTEX_POINT('',#9446);
#2942=VERTEX_POINT('',#9477);
#2943=VERTEX_POINT('',#9478);
#2944=VERTEX_POINT('',#9480);
#2945=VERTEX_POINT('',#9482);
#2946=VERTEX_POINT('',#9484);
#2947=VERTEX_POINT('',#9495);
#2948=VERTEX_POINT('',#9510);
#2949=VERTEX_POINT('',#9511);
#2950=VERTEX_POINT('',#9513);
#2951=VERTEX_POINT('',#9515);
#2952=VERTEX_POINT('',#9520);
#2953=VERTEX_POINT('',#9528);
#2954=VERTEX_POINT('',#9533);
#2955=VERTEX_POINT('',#9550);
#2956=VERTEX_POINT('',#9551);
#2957=VERTEX_POINT('',#9564);
#2958=VERTEX_POINT('',#9570);
#2959=VERTEX_POINT('',#9574);
#2960=VERTEX_POINT('',#9590);
#2961=VERTEX_POINT('',#9603);
#2962=VERTEX_POINT('',#9640);
#2963=VERTEX_POINT('',#9642);
#2964=VERTEX_POINT('',#9646);
#2965=VERTEX_POINT('',#9650);
#2966=VERTEX_POINT('',#9657);
#2967=VERTEX_POINT('',#9658);
#2968=VERTEX_POINT('',#9666);
#2969=VERTEX_POINT('',#9668);
#2970=VERTEX_POINT('',#9676);
#2971=VERTEX_POINT('',#9684);
#2972=VERTEX_POINT('',#9695);
#2973=VERTEX_POINT('',#9700);
#2974=VERTEX_POINT('',#9702);
#2975=VERTEX_POINT('',#9710);
#2976=VERTEX_POINT('',#9812);
#2977=VERTEX_POINT('',#9814);
#2978=VERTEX_POINT('',#9818);
#2979=VERTEX_POINT('',#9822);
#2980=VERTEX_POINT('',#9829);
#2981=VERTEX_POINT('',#9830);
#2982=VERTEX_POINT('',#9832);
#2983=VERTEX_POINT('',#9834);
#2984=VERTEX_POINT('',#9846);
#2985=VERTEX_POINT('',#9848);
#2986=VERTEX_POINT('',#9857);
#2987=VERTEX_POINT('',#9871);
#2988=VERTEX_POINT('',#9880);
#2989=VERTEX_POINT('',#9884);
#2990=VERTEX_POINT('',#9888);
#2991=VERTEX_POINT('',#9892);
#2992=VERTEX_POINT('',#9896);
#2993=VERTEX_POINT('',#9903);
#2994=VERTEX_POINT('',#9904);
#2995=VERTEX_POINT('',#9906);
#2996=VERTEX_POINT('',#9908);
#2997=VERTEX_POINT('',#9910);
#2998=VERTEX_POINT('',#9912);
#2999=VERTEX_POINT('',#9914);
#3000=VERTEX_POINT('',#9919);
#3001=VERTEX_POINT('',#9930);
#3002=VERTEX_POINT('',#9932);
#3003=VERTEX_POINT('',#9934);
#3004=VERTEX_POINT('',#9936);
#3005=VERTEX_POINT('',#9941);
#3006=VERTEX_POINT('',#9946);
#3007=VERTEX_POINT('',#9964);
#3008=VERTEX_POINT('',#9965);
#3009=VERTEX_POINT('',#9967);
#3010=VERTEX_POINT('',#9969);
#3011=VERTEX_POINT('',#9977);
#3012=VERTEX_POINT('',#9997);
#3013=VERTEX_POINT('',#9998);
#3014=VERTEX_POINT('',#10006);
#3015=VERTEX_POINT('',#10010);
#3016=VERTEX_POINT('',#10052);
#3017=VERTEX_POINT('',#10108);
#3018=VERTEX_POINT('',#10110);
#3019=VERTEX_POINT('',#10120);
#3020=VERTEX_POINT('',#10131);
#3021=VERTEX_POINT('',#10150);
#3022=VERTEX_POINT('',#10172);
#3023=VERTEX_POINT('',#10192);
#3024=VERTEX_POINT('',#10202);
#3025=VERTEX_POINT('',#10213);
#3026=VERTEX_POINT('',#10232);
#3027=VERTEX_POINT('',#10266);
#3028=VERTEX_POINT('',#10267);
#3029=VERTEX_POINT('',#10269);
#3030=VERTEX_POINT('',#10271);
#3031=VERTEX_POINT('',#10273);
#3032=VERTEX_POINT('',#10275);
#3033=VERTEX_POINT('',#10277);
#3034=VERTEX_POINT('',#10279);
#3035=VERTEX_POINT('',#10281);
#3036=VERTEX_POINT('',#10283);
#3037=VERTEX_POINT('',#10285);
#3038=VERTEX_POINT('',#10287);
#3039=VERTEX_POINT('',#10315);
#3040=VERTEX_POINT('',#10317);
#3041=VERTEX_POINT('',#10321);
#3042=VERTEX_POINT('',#10325);
#3043=VERTEX_POINT('',#10329);
#3044=VERTEX_POINT('',#10333);
#3045=VERTEX_POINT('',#10337);
#3046=VERTEX_POINT('',#10341);
#3047=VERTEX_POINT('',#10348);
#3048=VERTEX_POINT('',#10349);
#3049=VERTEX_POINT('',#10351);
#3050=VERTEX_POINT('',#10353);
#3051=VERTEX_POINT('',#10355);
#3052=VERTEX_POINT('',#10357);
#3053=VERTEX_POINT('',#10359);
#3054=VERTEX_POINT('',#10361);
#3055=VERTEX_POINT('',#10364);
#3056=VERTEX_POINT('',#10365);
#3057=VERTEX_POINT('',#10367);
#3058=VERTEX_POINT('',#10374);
#3059=VERTEX_POINT('',#10379);
#3060=VERTEX_POINT('',#10388);
#3061=VERTEX_POINT('',#10389);
#3062=VERTEX_POINT('',#10401);
#3063=VERTEX_POINT('',#10407);
#3064=VERTEX_POINT('',#10420);
#3065=VERTEX_POINT('',#10433);
#3066=VERTEX_POINT('',#10435);
#3067=VERTEX_POINT('',#10439);
#3068=VERTEX_POINT('',#10443);
#3069=VERTEX_POINT('',#10447);
#3070=VERTEX_POINT('',#10451);
#3071=VERTEX_POINT('',#10463);
#3072=VERTEX_POINT('',#10465);
#3073=VERTEX_POINT('',#10472);
#3074=VERTEX_POINT('',#10473);
#3075=VERTEX_POINT('',#10475);
#3076=VERTEX_POINT('',#10477);
#3077=VERTEX_POINT('',#10481);
#3078=VERTEX_POINT('',#10483);
#3079=VERTEX_POINT('',#10487);
#3080=VERTEX_POINT('',#10489);
#3081=VERTEX_POINT('',#10497);
#3082=VERTEX_POINT('',#10498);
#3083=VERTEX_POINT('',#10500);
#3084=VERTEX_POINT('',#10502);
#3085=VERTEX_POINT('',#10506);
#3086=VERTEX_POINT('',#10508);
#3087=VERTEX_POINT('',#10512);
#3088=VERTEX_POINT('',#10514);
#3089=VERTEX_POINT('',#10522);
#3090=VERTEX_POINT('',#10523);
#3091=VERTEX_POINT('',#10525);
#3092=VERTEX_POINT('',#10527);
#3093=VERTEX_POINT('',#10531);
#3094=VERTEX_POINT('',#10533);
#3095=VERTEX_POINT('',#10537);
#3096=VERTEX_POINT('',#10539);
#3097=VERTEX_POINT('',#10547);
#3098=VERTEX_POINT('',#10548);
#3099=VERTEX_POINT('',#10550);
#3100=VERTEX_POINT('',#10552);
#3101=VERTEX_POINT('',#10556);
#3102=VERTEX_POINT('',#10558);
#3103=VERTEX_POINT('',#10562);
#3104=VERTEX_POINT('',#10564);
#3105=VERTEX_POINT('',#10572);
#3106=VERTEX_POINT('',#10573);
#3107=VERTEX_POINT('',#10575);
#3108=VERTEX_POINT('',#10577);
#3109=VERTEX_POINT('',#10581);
#3110=VERTEX_POINT('',#10583);
#3111=VERTEX_POINT('',#10587);
#3112=VERTEX_POINT('',#10589);
#3113=VERTEX_POINT('',#10597);
#3114=VERTEX_POINT('',#10598);
#3115=VERTEX_POINT('',#10600);
#3116=VERTEX_POINT('',#10602);
#3117=VERTEX_POINT('',#10606);
#3118=VERTEX_POINT('',#10608);
#3119=VERTEX_POINT('',#10612);
#3120=VERTEX_POINT('',#10614);
#3121=VERTEX_POINT('',#10621);
#3122=VERTEX_POINT('',#10622);
#3123=VERTEX_POINT('',#10624);
#3124=VERTEX_POINT('',#10626);
#3125=VERTEX_POINT('',#10630);
#3126=VERTEX_POINT('',#10632);
#3127=VERTEX_POINT('',#10639);
#3128=VERTEX_POINT('',#10640);
#3129=VERTEX_POINT('',#10645);
#3130=VERTEX_POINT('',#10646);
#3131=VERTEX_POINT('',#10652);
#3132=VERTEX_POINT('',#10654);
#3133=VERTEX_POINT('',#10658);
#3134=VERTEX_POINT('',#10664);
#3135=VERTEX_POINT('',#10666);
#3136=VERTEX_POINT('',#10671);
#3137=VERTEX_POINT('',#10675);
#3138=VERTEX_POINT('',#10681);
#3139=VERTEX_POINT('',#10683);
#3140=VERTEX_POINT('',#10687);
#3141=VERTEX_POINT('',#10704);
#3142=VERTEX_POINT('',#10705);
#3143=VERTEX_POINT('',#10707);
#3144=VERTEX_POINT('',#10709);
#3145=VERTEX_POINT('',#10713);
#3146=VERTEX_POINT('',#10715);
#3147=VERTEX_POINT('',#10719);
#3148=VERTEX_POINT('',#10721);
#3149=VERTEX_POINT('',#10725);
#3150=VERTEX_POINT('',#10727);
#3151=VERTEX_POINT('',#10731);
#3152=VERTEX_POINT('',#10733);
#3153=VERTEX_POINT('',#10743);
#3154=VERTEX_POINT('',#10744);
#3155=VERTEX_POINT('',#10746);
#3156=VERTEX_POINT('',#10748);
#3157=VERTEX_POINT('',#10752);
#3158=VERTEX_POINT('',#10754);
#3159=VERTEX_POINT('',#10758);
#3160=VERTEX_POINT('',#10760);
#3161=VERTEX_POINT('',#10764);
#3162=VERTEX_POINT('',#10766);
#3163=VERTEX_POINT('',#10770);
#3164=VERTEX_POINT('',#10772);
#3165=VERTEX_POINT('',#10782);
#3166=VERTEX_POINT('',#10783);
#3167=VERTEX_POINT('',#10785);
#3168=VERTEX_POINT('',#10787);
#3169=VERTEX_POINT('',#10791);
#3170=VERTEX_POINT('',#10793);
#3171=VERTEX_POINT('',#10797);
#3172=VERTEX_POINT('',#10799);
#3173=VERTEX_POINT('',#10803);
#3174=VERTEX_POINT('',#10805);
#3175=VERTEX_POINT('',#10809);
#3176=VERTEX_POINT('',#10811);
#3177=EDGE_CURVE('',#2618,#2619,#1322,.T.);
#3178=EDGE_CURVE('',#2619,#2620,#1271,.T.);
#3179=EDGE_CURVE('',#2620,#2621,#1323,.T.);
#3180=EDGE_CURVE('',#2621,#2622,#1267,.T.);
#3181=EDGE_CURVE('',#2622,#2618,#1272,.T.);
#3182=EDGE_CURVE('',#2623,#2622,#1324,.T.);
#3183=EDGE_CURVE('',#2621,#2624,#1325,.T.);
#3184=EDGE_CURVE('',#2623,#2624,#1268,.T.);
#3185=EDGE_CURVE('',#2625,#2626,#1273,.T.);
#3186=EDGE_CURVE('',#2626,#2620,#344,.T.);
#3187=EDGE_CURVE('',#2619,#2625,#345,.T.);
#3188=EDGE_CURVE('',#2627,#2628,#346,.T.);
#3189=EDGE_CURVE('',#2628,#2626,#1274,.T.);
#3190=EDGE_CURVE('',#2625,#2629,#1275,.T.);
#3191=EDGE_CURVE('',#2629,#2630,#1276,.T.);
#3192=EDGE_CURVE('',#2630,#2627,#1277,.T.);
#3193=EDGE_CURVE('',#2631,#2632,#1278,.T.);
#3194=EDGE_CURVE('',#2632,#2630,#347,.T.);
#3195=EDGE_CURVE('',#2629,#2631,#348,.T.);
#3196=EDGE_CURVE('',#2624,#2632,#1326,.T.);
#3197=EDGE_CURVE('',#2631,#2633,#1327,.T.);
#3198=EDGE_CURVE('',#2633,#2623,#1279,.T.);
#3199=EDGE_CURVE('',#2618,#2633,#1280,.T.);
#3200=EDGE_CURVE('',#2626,#2634,#1328,.T.);
#3201=EDGE_CURVE('',#2634,#2635,#1281,.F.);
#3202=EDGE_CURVE('',#2635,#2620,#1329,.T.);
#3203=EDGE_CURVE('',#2627,#2636,#1330,.T.);
#3204=EDGE_CURVE('',#2636,#2637,#1282,.F.);
#3205=EDGE_CURVE('',#2637,#2638,#1331,.T.);
#3206=EDGE_CURVE('',#2639,#2638,#1283,.T.);
#3207=EDGE_CURVE('',#2639,#2628,#1332,.T.);
#3208=EDGE_CURVE('',#2636,#2630,#1333,.T.);
#3209=EDGE_CURVE('',#2640,#2639,#1334,.T.);
#3210=EDGE_CURVE('',#2641,#2640,#1284,.T.);
#3211=EDGE_CURVE('',#2642,#2641,#1335,.T.);
#3212=EDGE_CURVE('',#2643,#2642,#1336,.T.);
#3213=EDGE_CURVE('',#2634,#2643,#1337,.T.);
#3214=EDGE_CURVE('',#2644,#2645,#1338,.T.);
#3215=EDGE_CURVE('',#2645,#2638,#1285,.T.);
#3216=EDGE_CURVE('',#2638,#2646,#1339,.T.);
#3217=EDGE_CURVE('',#2646,#2644,#1269,.T.);
#3218=EDGE_CURVE('',#2647,#2648,#1340,.T.);
#3219=EDGE_CURVE('',#2648,#2649,#1286,.T.);
#3220=EDGE_CURVE('',#2649,#2650,#1341,.T.);
#3221=EDGE_CURVE('',#2647,#2650,#1270,.T.);
#3222=EDGE_CURVE('',#2651,#2652,#1287,.T.);
#3223=EDGE_CURVE('',#2652,#2649,#1288,.T.);
#3224=EDGE_CURVE('',#2648,#2651,#1289,.T.);
#3225=EDGE_CURVE('',#2646,#2652,#1342,.T.);
#3226=EDGE_CURVE('',#2651,#2644,#1343,.T.);
#3227=EDGE_CURVE('',#2653,#2639,#1290,.T.);
#3228=EDGE_CURVE('',#2645,#2653,#1291,.T.);
#3229=EDGE_CURVE('',#2654,#2640,#1292,.T.);
#3230=EDGE_CURVE('',#2653,#2654,#1344,.T.);
#3231=EDGE_CURVE('',#2655,#2641,#1293,.T.);
#3232=EDGE_CURVE('',#2654,#2655,#1294,.T.);
#3233=EDGE_CURVE('',#2656,#2642,#1295,.T.);
#3234=EDGE_CURVE('',#2655,#2656,#1345,.T.);
#3235=EDGE_CURVE('',#2657,#2658,#1296,.T.);
#3236=EDGE_CURVE('',#2658,#2642,#1297,.T.);
#3237=EDGE_CURVE('',#2656,#2657,#1298,.T.);
#3238=EDGE_CURVE('',#2650,#2658,#1346,.T.);
#3239=EDGE_CURVE('',#2657,#2647,#1347,.T.);
#3240=EDGE_CURVE('',#2644,#2659,#1348,.T.);
#3241=EDGE_CURVE('',#2654,#2659,#1349,.T.);
#3242=EDGE_CURVE('',#2660,#2647,#1350,.T.);
#3243=EDGE_CURVE('',#2660,#2659,#1299,.T.);
#3244=EDGE_CURVE('',#2661,#2661,#1300,.T.);
#3245=EDGE_CURVE('',#2658,#2662,#1351,.T.);
#3246=EDGE_CURVE('',#2662,#2643,#1301,.F.);
#3247=EDGE_CURVE('',#2663,#2649,#1352,.T.);
#3248=EDGE_CURVE('',#2663,#2664,#1353,.T.);
#3249=EDGE_CURVE('',#2664,#2665,#1354,.T.);
#3250=EDGE_CURVE('',#2666,#2665,#1355,.T.);
#3251=EDGE_CURVE('',#2667,#2666,#1356,.T.);
#3252=EDGE_CURVE('',#2667,#2668,#1357,.T.);
#3253=EDGE_CURVE('',#2668,#2669,#1358,.T.);
#3254=EDGE_CURVE('',#2670,#2669,#1359,.T.);
#3255=EDGE_CURVE('',#2671,#2670,#1360,.T.);
#3256=EDGE_CURVE('',#2671,#2672,#1361,.T.);
#3257=EDGE_CURVE('',#2662,#2672,#1362,.T.);
#3258=EDGE_CURVE('',#2673,#2674,#1363,.T.);
#3259=EDGE_CURVE('',#2674,#2675,#1364,.T.);
#3260=EDGE_CURVE('',#2675,#2676,#1365,.T.);
#3261=EDGE_CURVE('',#2676,#2677,#1366,.T.);
#3262=EDGE_CURVE('',#2677,#2678,#1367,.T.);
#3263=EDGE_CURVE('',#2678,#2679,#1368,.T.);
#3264=EDGE_CURVE('',#2679,#2680,#1369,.T.);
#3265=EDGE_CURVE('',#2680,#2681,#1370,.T.);
#3266=EDGE_CURVE('',#2681,#2682,#349,.T.);
#3267=EDGE_CURVE('',#2682,#2683,#350,.T.);
#3268=EDGE_CURVE('',#2683,#2673,#1371,.T.);
#3269=EDGE_CURVE('',#2684,#2685,#351,.T.);
#3270=EDGE_CURVE('',#2685,#2686,#352,.T.);
#3271=EDGE_CURVE('',#2686,#2687,#353,.T.);
#3272=EDGE_CURVE('',#2687,#2684,#354,.T.);
#3273=EDGE_CURVE('',#2688,#2689,#355,.T.);
#3274=EDGE_CURVE('',#2689,#2690,#1372,.T.);
#3275=EDGE_CURVE('',#2690,#2691,#1373,.T.);
#3276=EDGE_CURVE('',#2691,#2692,#1374,.T.);
#3277=EDGE_CURVE('',#2692,#2693,#1375,.T.);
#3278=EDGE_CURVE('',#2693,#2694,#356,.T.);
#3279=EDGE_CURVE('',#2694,#2688,#1376,.T.);
#3280=EDGE_CURVE('',#2695,#2696,#1377,.T.);
#3281=EDGE_CURVE('',#2696,#2697,#1378,.T.);
#3282=EDGE_CURVE('',#2697,#2698,#1379,.T.);
#3283=EDGE_CURVE('',#2698,#2695,#1380,.T.);
#3284=EDGE_CURVE('',#2699,#2700,#1381,.T.);
#3285=EDGE_CURVE('',#2700,#2701,#1382,.T.);
#3286=EDGE_CURVE('',#2701,#2702,#1383,.T.);
#3287=EDGE_CURVE('',#2702,#2703,#1384,.T.);
#3288=EDGE_CURVE('',#2703,#2704,#1385,.T.);
#3289=EDGE_CURVE('',#2704,#2705,#1386,.T.);
#3290=EDGE_CURVE('',#2705,#2706,#1387,.T.);
#3291=EDGE_CURVE('',#2706,#2699,#1388,.T.);
#3292=EDGE_CURVE('',#2707,#2708,#1389,.T.);
#3293=EDGE_CURVE('',#2708,#2709,#1390,.T.);
#3294=EDGE_CURVE('',#2709,#2710,#1391,.T.);
#3295=EDGE_CURVE('',#2710,#2707,#1392,.T.);
#3296=EDGE_CURVE('',#2711,#2712,#357,.T.);
#3297=EDGE_CURVE('',#2712,#2713,#358,.T.);
#3298=EDGE_CURVE('',#2713,#2714,#359,.T.);
#3299=EDGE_CURVE('',#2714,#2715,#360,.T.);
#3300=EDGE_CURVE('',#2715,#2716,#361,.T.);
#3301=EDGE_CURVE('',#2716,#2717,#1393,.T.);
#3302=EDGE_CURVE('',#2717,#2718,#362,.T.);
#3303=EDGE_CURVE('',#2718,#2719,#363,.T.);
#3304=EDGE_CURVE('',#2719,#2720,#364,.T.);
#3305=EDGE_CURVE('',#2720,#2721,#365,.T.);
#3306=EDGE_CURVE('',#2721,#2711,#366,.T.);
#3307=EDGE_CURVE('',#2722,#2723,#1394,.T.);
#3308=EDGE_CURVE('',#2723,#2724,#1395,.T.);
#3309=EDGE_CURVE('',#2724,#2725,#1396,.T.);
#3310=EDGE_CURVE('',#2725,#2722,#1397,.T.);
#3311=EDGE_CURVE('',#2726,#2727,#367,.T.);
#3312=EDGE_CURVE('',#2727,#2728,#368,.T.);
#3313=EDGE_CURVE('',#2728,#2729,#369,.T.);
#3314=EDGE_CURVE('',#2729,#2730,#370,.T.);
#3315=EDGE_CURVE('',#2730,#2731,#1398,.T.);
#3316=EDGE_CURVE('',#2731,#2732,#371,.T.);
#3317=EDGE_CURVE('',#2732,#2733,#372,.T.);
#3318=EDGE_CURVE('',#2733,#2734,#373,.T.);
#3319=EDGE_CURVE('',#2734,#2735,#374,.T.);
#3320=EDGE_CURVE('',#2735,#2726,#1399,.T.);
#3321=EDGE_CURVE('',#2736,#2737,#1400,.T.);
#3322=EDGE_CURVE('',#2737,#2738,#1401,.T.);
#3323=EDGE_CURVE('',#2738,#2739,#1402,.T.);
#3324=EDGE_CURVE('',#2739,#2740,#375,.T.);
#3325=EDGE_CURVE('',#2740,#2741,#376,.T.);
#3326=EDGE_CURVE('',#2741,#2736,#377,.T.);
#3327=EDGE_CURVE('',#2742,#2743,#1403,.T.);
#3328=EDGE_CURVE('',#2743,#2744,#1404,.T.);
#3329=EDGE_CURVE('',#2744,#2745,#1405,.T.);
#3330=EDGE_CURVE('',#2745,#2742,#1406,.T.);
#3331=EDGE_CURVE('',#2746,#2747,#378,.T.);
#3332=EDGE_CURVE('',#2747,#2748,#379,.T.);
#3333=EDGE_CURVE('',#2748,#2749,#380,.T.);
#3334=EDGE_CURVE('',#2749,#2750,#1407,.T.);
#3335=EDGE_CURVE('',#2750,#2751,#381,.T.);
#3336=EDGE_CURVE('',#2751,#2752,#382,.T.);
#3337=EDGE_CURVE('',#2752,#2753,#383,.T.);
#3338=EDGE_CURVE('',#2753,#2754,#384,.T.);
#3339=EDGE_CURVE('',#2754,#2755,#1408,.T.);
#3340=EDGE_CURVE('',#2755,#2746,#385,.T.);
#3341=EDGE_CURVE('',#2756,#2757,#1409,.T.);
#3342=EDGE_CURVE('',#2757,#2758,#1410,.T.);
#3343=EDGE_CURVE('',#2758,#2759,#1411,.T.);
#3344=EDGE_CURVE('',#2759,#2756,#1412,.T.);
#3345=EDGE_CURVE('',#2760,#2761,#1413,.T.);
#3346=EDGE_CURVE('',#2761,#2762,#1414,.T.);
#3347=EDGE_CURVE('',#2762,#2763,#1415,.T.);
#3348=EDGE_CURVE('',#2763,#2760,#1416,.T.);
#3349=EDGE_CURVE('',#2764,#2765,#1417,.T.);
#3350=EDGE_CURVE('',#2765,#2766,#1418,.T.);
#3351=EDGE_CURVE('',#2766,#2767,#1419,.T.);
#3352=EDGE_CURVE('',#2767,#2768,#1420,.T.);
#3353=EDGE_CURVE('',#2768,#2769,#1421,.T.);
#3354=EDGE_CURVE('',#2769,#2770,#1422,.T.);
#3355=EDGE_CURVE('',#2770,#2771,#1423,.T.);
#3356=EDGE_CURVE('',#2771,#2772,#386,.T.);
#3357=EDGE_CURVE('',#2772,#2764,#387,.T.);
#3358=EDGE_CURVE('',#2773,#2774,#388,.T.);
#3359=EDGE_CURVE('',#2774,#2775,#389,.T.);
#3360=EDGE_CURVE('',#2775,#2776,#1424,.T.);
#3361=EDGE_CURVE('',#2776,#2777,#1425,.T.);
#3362=EDGE_CURVE('',#2777,#2778,#1426,.T.);
#3363=EDGE_CURVE('',#2778,#2779,#1427,.T.);
#3364=EDGE_CURVE('',#2779,#2780,#1428,.T.);
#3365=EDGE_CURVE('',#2780,#2781,#390,.T.);
#3366=EDGE_CURVE('',#2781,#2782,#391,.T.);
#3367=EDGE_CURVE('',#2782,#2783,#392,.T.);
#3368=EDGE_CURVE('',#2783,#2784,#393,.T.);
#3369=EDGE_CURVE('',#2784,#2785,#1429,.T.);
#3370=EDGE_CURVE('',#2785,#2786,#1430,.T.);
#3371=EDGE_CURVE('',#2786,#2773,#1431,.T.);
#3372=EDGE_CURVE('',#2787,#2788,#394,.T.);
#3373=EDGE_CURVE('',#2788,#2789,#395,.T.);
#3374=EDGE_CURVE('',#2789,#2790,#396,.T.);
#3375=EDGE_CURVE('',#2790,#2791,#397,.T.);
#3376=EDGE_CURVE('',#2791,#2792,#1432,.T.);
#3377=EDGE_CURVE('',#2792,#2793,#398,.T.);
#3378=EDGE_CURVE('',#2793,#2794,#399,.T.);
#3379=EDGE_CURVE('',#2794,#2795,#400,.T.);
#3380=EDGE_CURVE('',#2795,#2796,#401,.T.);
#3381=EDGE_CURVE('',#2796,#2787,#1433,.T.);
#3382=EDGE_CURVE('',#2797,#2798,#1434,.T.);
#3383=EDGE_CURVE('',#2798,#2799,#1435,.T.);
#3384=EDGE_CURVE('',#2799,#2800,#1436,.T.);
#3385=EDGE_CURVE('',#2800,#2801,#1437,.T.);
#3386=EDGE_CURVE('',#2801,#2802,#1438,.T.);
#3387=EDGE_CURVE('',#2802,#2803,#1439,.T.);
#3388=EDGE_CURVE('',#2803,#2804,#1440,.T.);
#3389=EDGE_CURVE('',#2804,#2805,#1441,.T.);
#3390=EDGE_CURVE('',#2805,#2806,#1442,.T.);
#3391=EDGE_CURVE('',#2806,#2807,#1443,.T.);
#3392=EDGE_CURVE('',#2807,#2808,#1444,.T.);
#3393=EDGE_CURVE('',#2808,#2797,#1445,.T.);
#3394=EDGE_CURVE('',#2809,#2810,#1446,.T.);
#3395=EDGE_CURVE('',#2810,#2811,#1447,.T.);
#3396=EDGE_CURVE('',#2811,#2812,#1448,.T.);
#3397=EDGE_CURVE('',#2812,#2813,#1449,.T.);
#3398=EDGE_CURVE('',#2813,#2814,#1450,.T.);
#3399=EDGE_CURVE('',#2814,#2815,#1451,.T.);
#3400=EDGE_CURVE('',#2815,#2816,#1452,.T.);
#3401=EDGE_CURVE('',#2816,#2809,#1453,.T.);
#3402=EDGE_CURVE('',#2817,#2818,#1454,.T.);
#3403=EDGE_CURVE('',#2818,#2819,#1455,.T.);
#3404=EDGE_CURVE('',#2819,#2820,#1456,.T.);
#3405=EDGE_CURVE('',#2820,#2821,#1457,.T.);
#3406=EDGE_CURVE('',#2821,#2822,#1458,.T.);
#3407=EDGE_CURVE('',#2822,#2823,#1459,.T.);
#3408=EDGE_CURVE('',#2823,#2824,#1460,.T.);
#3409=EDGE_CURVE('',#2824,#2817,#1461,.T.);
#3410=EDGE_CURVE('',#2825,#2826,#1462,.T.);
#3411=EDGE_CURVE('',#2826,#2827,#1463,.T.);
#3412=EDGE_CURVE('',#2827,#2828,#1464,.T.);
#3413=EDGE_CURVE('',#2828,#2829,#1465,.T.);
#3414=EDGE_CURVE('',#2829,#2830,#1466,.T.);
#3415=EDGE_CURVE('',#2830,#2825,#1467,.T.);
#3416=EDGE_CURVE('',#2660,#2655,#1468,.T.);
#3417=EDGE_CURVE('',#2831,#2831,#1302,.T.);
#3418=EDGE_CURVE('',#2831,#2661,#1303,.T.);
#3419=EDGE_CURVE('',#2652,#2832,#1469,.T.);
#3420=EDGE_CURVE('',#2832,#2663,#1304,.T.);
#3421=EDGE_CURVE('',#2833,#2636,#1305,.F.);
#3422=EDGE_CURVE('',#2637,#2833,#1306,.F.);
#3423=EDGE_CURVE('',#2834,#2835,#1307,.T.);
#3424=EDGE_CURVE('',#2835,#2637,#1470,.T.);
#3425=EDGE_CURVE('',#2833,#2834,#1471,.T.);
#3426=EDGE_CURVE('',#2632,#2833,#1472,.T.);
#3427=EDGE_CURVE('',#2836,#2634,#1308,.F.);
#3428=EDGE_CURVE('',#2635,#2836,#1309,.F.);
#3429=EDGE_CURVE('',#2837,#2838,#1310,.T.);
#3430=EDGE_CURVE('',#2838,#2635,#1473,.T.);
#3431=EDGE_CURVE('',#2836,#2837,#1474,.T.);
#3432=EDGE_CURVE('',#2839,#2662,#1311,.F.);
#3433=EDGE_CURVE('',#2643,#2839,#1312,.F.);
#3434=EDGE_CURVE('',#2672,#2840,#1313,.T.);
#3435=EDGE_CURVE('',#2840,#2839,#1475,.T.);
#3436=EDGE_CURVE('',#2839,#2836,#1476,.T.);
#3437=EDGE_CURVE('',#2838,#2841,#1477,.T.);
#3438=EDGE_CURVE('',#2841,#2842,#1478,.T.);
#3439=EDGE_CURVE('',#2843,#2842,#1479,.T.);
#3440=EDGE_CURVE('',#2844,#2843,#1480,.T.);
#3441=EDGE_CURVE('',#2844,#2845,#1481,.T.);
#3442=EDGE_CURVE('',#2845,#2846,#1482,.T.);
#3443=EDGE_CURVE('',#2847,#2846,#1483,.T.);
#3444=EDGE_CURVE('',#2848,#2847,#1484,.T.);
#3445=EDGE_CURVE('',#2848,#2834,#1485,.T.);
#3446=EDGE_CURVE('',#2840,#2837,#1486,.T.);
#3447=EDGE_CURVE('',#2671,#2849,#1487,.T.);
#3448=EDGE_CURVE('',#2849,#2850,#1488,.T.);
#3449=EDGE_CURVE('',#2850,#2851,#1489,.T.);
#3450=EDGE_CURVE('',#2851,#2852,#1490,.T.);
#3451=EDGE_CURVE('',#2852,#2841,#1491,.T.);
#3452=EDGE_CURVE('',#2853,#2854,#1492,.T.);
#3453=EDGE_CURVE('',#2855,#2853,#1493,.T.);
#3454=EDGE_CURVE('',#2856,#2855,#1494,.T.);
#3455=EDGE_CURVE('',#2857,#2856,#1495,.T.);
#3456=EDGE_CURVE('',#2858,#2857,#1496,.T.);
#3457=EDGE_CURVE('',#2859,#2858,#1497,.T.);
#3458=EDGE_CURVE('',#2860,#2859,#1498,.T.);
#3459=EDGE_CURVE('',#2861,#2860,#402,.T.);
#3460=EDGE_CURVE('',#2862,#2861,#403,.T.);
#3461=EDGE_CURVE('',#2863,#2862,#1499,.T.);
#3462=EDGE_CURVE('',#2854,#2863,#1500,.T.);
#3463=EDGE_CURVE('',#2859,#2673,#1501,.T.);
#3464=EDGE_CURVE('',#2858,#2674,#1502,.T.);
#3465=EDGE_CURVE('',#2857,#2675,#1503,.T.);
#3466=EDGE_CURVE('',#2856,#2676,#1504,.T.);
#3467=EDGE_CURVE('',#2855,#2677,#1505,.T.);
#3468=EDGE_CURVE('',#2853,#2678,#1506,.T.);
#3469=EDGE_CURVE('',#2854,#2679,#1507,.T.);
#3470=EDGE_CURVE('',#2863,#2680,#1508,.T.);
#3471=EDGE_CURVE('',#2862,#2681,#1509,.T.);
#3472=EDGE_CURVE('',#2861,#2682,#1510,.T.);
#3473=EDGE_CURVE('',#2860,#2683,#1511,.T.);
#3474=EDGE_CURVE('',#2864,#2865,#404,.T.);
#3475=EDGE_CURVE('',#2866,#2864,#405,.T.);
#3476=EDGE_CURVE('',#2867,#2866,#406,.T.);
#3477=EDGE_CURVE('',#2865,#2867,#407,.T.);
#3478=EDGE_CURVE('',#2868,#2869,#408,.T.);
#3479=EDGE_CURVE('',#2870,#2868,#409,.T.);
#3480=EDGE_CURVE('',#2871,#2870,#410,.T.);
#3481=EDGE_CURVE('',#2869,#2871,#411,.T.);
#3482=EDGE_CURVE('',#2872,#2873,#412,.T.);
#3483=EDGE_CURVE('',#2870,#2872,#1512,.T.);
#3484=EDGE_CURVE('',#2868,#2873,#1513,.T.);
#3485=EDGE_CURVE('',#2873,#2874,#413,.T.);
#3486=EDGE_CURVE('',#2869,#2874,#1514,.T.);
#3487=EDGE_CURVE('',#2866,#2684,#1515,.T.);
#3488=EDGE_CURVE('',#2864,#2685,#1516,.T.);
#3489=EDGE_CURVE('',#2865,#2686,#1517,.T.);
#3490=EDGE_CURVE('',#2875,#2872,#414,.T.);
#3491=EDGE_CURVE('',#2871,#2875,#1518,.T.);
#3492=EDGE_CURVE('',#2874,#2875,#415,.T.);
#3493=EDGE_CURVE('',#2867,#2687,#1519,.T.);
#3494=EDGE_CURVE('',#2876,#2688,#1520,.T.);
#3495=EDGE_CURVE('',#2876,#2877,#416,.T.);
#3496=EDGE_CURVE('',#2877,#2689,#1521,.T.);
#3497=EDGE_CURVE('',#2878,#2694,#1522,.T.);
#3498=EDGE_CURVE('',#2878,#2876,#1523,.T.);
#3499=EDGE_CURVE('',#2879,#2693,#1524,.T.);
#3500=EDGE_CURVE('',#2879,#2878,#417,.T.);
#3501=EDGE_CURVE('',#2880,#2692,#1525,.T.);
#3502=EDGE_CURVE('',#2880,#2879,#1526,.T.);
#3503=EDGE_CURVE('',#2881,#2691,#1527,.T.);
#3504=EDGE_CURVE('',#2881,#2880,#1528,.T.);
#3505=EDGE_CURVE('',#2882,#2690,#1529,.T.);
#3506=EDGE_CURVE('',#2882,#2881,#1530,.T.);
#3507=EDGE_CURVE('',#2877,#2882,#1531,.T.);
#3508=EDGE_CURVE('',#2883,#2884,#1532,.T.);
#3509=EDGE_CURVE('',#2885,#2883,#1533,.T.);
#3510=EDGE_CURVE('',#2886,#2885,#1534,.T.);
#3511=EDGE_CURVE('',#2884,#2886,#1535,.T.);
#3512=EDGE_CURVE('',#2885,#2695,#1536,.T.);
#3513=EDGE_CURVE('',#2883,#2696,#1537,.T.);
#3514=EDGE_CURVE('',#2884,#2697,#1538,.T.);
#3515=EDGE_CURVE('',#2886,#2698,#1539,.T.);
#3516=EDGE_CURVE('',#2887,#2699,#1540,.T.);
#3517=EDGE_CURVE('',#2887,#2888,#1541,.T.);
#3518=EDGE_CURVE('',#2888,#2700,#1542,.T.);
#3519=EDGE_CURVE('',#2889,#2706,#1543,.T.);
#3520=EDGE_CURVE('',#2889,#2887,#1544,.T.);
#3521=EDGE_CURVE('',#2890,#2705,#1545,.T.);
#3522=EDGE_CURVE('',#2890,#2889,#1546,.T.);
#3523=EDGE_CURVE('',#2891,#2704,#1547,.T.);
#3524=EDGE_CURVE('',#2891,#2890,#1548,.T.);
#3525=EDGE_CURVE('',#2892,#2893,#1549,.T.);
#3526=EDGE_CURVE('',#2894,#2892,#1550,.T.);
#3527=EDGE_CURVE('',#2894,#2895,#1551,.T.);
#3528=EDGE_CURVE('',#2895,#2893,#1552,.T.);
#3529=EDGE_CURVE('',#2893,#2896,#1553,.T.);
#3530=EDGE_CURVE('',#2895,#2897,#1554,.T.);
#3531=EDGE_CURVE('',#2897,#2896,#1555,.T.);
#3532=EDGE_CURVE('',#2898,#2703,#1556,.T.);
#3533=EDGE_CURVE('',#2898,#2891,#1557,.T.);
#3534=EDGE_CURVE('',#2899,#2702,#1558,.T.);
#3535=EDGE_CURVE('',#2899,#2898,#1559,.T.);
#3536=EDGE_CURVE('',#2900,#2701,#1560,.T.);
#3537=EDGE_CURVE('',#2900,#2899,#1561,.T.);
#3538=EDGE_CURVE('',#2888,#2900,#1562,.T.);
#3539=EDGE_CURVE('',#2901,#2892,#1563,.T.);
#3540=EDGE_CURVE('',#2902,#2901,#1564,.T.);
#3541=EDGE_CURVE('',#2902,#2894,#1565,.T.);
#3542=EDGE_CURVE('',#2903,#2901,#418,.T.);
#3543=EDGE_CURVE('',#2904,#2903,#1566,.T.);
#3544=EDGE_CURVE('',#2904,#2902,#419,.T.);
#3545=EDGE_CURVE('',#2896,#2903,#420,.T.);
#3546=EDGE_CURVE('',#2897,#2904,#421,.T.);
#3547=EDGE_CURVE('',#2905,#2906,#1567,.T.);
#3548=EDGE_CURVE('',#2907,#2905,#1568,.T.);
#3549=EDGE_CURVE('',#2908,#2907,#1569,.T.);
#3550=EDGE_CURVE('',#2906,#2908,#1570,.T.);
#3551=EDGE_CURVE('',#2907,#2707,#1571,.T.);
#3552=EDGE_CURVE('',#2905,#2708,#1572,.T.);
#3553=EDGE_CURVE('',#2906,#2709,#1573,.T.);
#3554=EDGE_CURVE('',#2908,#2710,#1574,.T.);
#3555=EDGE_CURVE('',#2909,#2711,#1575,.T.);
#3556=EDGE_CURVE('',#2909,#2910,#422,.T.);
#3557=EDGE_CURVE('',#2910,#2712,#1576,.T.);
#3558=EDGE_CURVE('',#2911,#2721,#1577,.T.);
#3559=EDGE_CURVE('',#2911,#2909,#423,.T.);
#3560=EDGE_CURVE('',#2912,#2720,#1578,.T.);
#3561=EDGE_CURVE('',#2912,#2911,#424,.T.);
#3562=EDGE_CURVE('',#2913,#2719,#1579,.T.);
#3563=EDGE_CURVE('',#2913,#2912,#425,.T.);
#3564=EDGE_CURVE('',#2914,#2718,#1580,.T.);
#3565=EDGE_CURVE('',#2914,#2913,#426,.T.);
#3566=EDGE_CURVE('',#2915,#2916,#427,.T.);
#3567=EDGE_CURVE('',#2917,#2915,#1581,.T.);
#3568=EDGE_CURVE('',#2917,#2918,#428,.T.);
#3569=EDGE_CURVE('',#2918,#2916,#1582,.T.);
#3570=EDGE_CURVE('',#2916,#2919,#429,.T.);
#3571=EDGE_CURVE('',#2918,#2920,#430,.T.);
#3572=EDGE_CURVE('',#2920,#2919,#1583,.T.);
#3573=EDGE_CURVE('',#2921,#2717,#1584,.T.);
#3574=EDGE_CURVE('',#2921,#2914,#431,.T.);
#3575=EDGE_CURVE('',#2922,#2716,#1585,.T.);
#3576=EDGE_CURVE('',#2922,#2921,#1586,.T.);
#3577=EDGE_CURVE('',#2923,#2715,#1587,.T.);
#3578=EDGE_CURVE('',#2923,#2922,#432,.T.);
#3579=EDGE_CURVE('',#2924,#2714,#1588,.T.);
#3580=EDGE_CURVE('',#2924,#2923,#433,.T.);
#3581=EDGE_CURVE('',#2925,#2713,#1589,.T.);
#3582=EDGE_CURVE('',#2925,#2924,#434,.T.);
#3583=EDGE_CURVE('',#2910,#2925,#435,.T.);
#3584=EDGE_CURVE('',#2926,#2915,#436,.T.);
#3585=EDGE_CURVE('',#2927,#2926,#1590,.T.);
#3586=EDGE_CURVE('',#2927,#2917,#437,.T.);
#3587=EDGE_CURVE('',#2919,#2926,#438,.T.);
#3588=EDGE_CURVE('',#2920,#2927,#439,.T.);
#3589=EDGE_CURVE('',#2928,#2929,#1591,.T.);
#3590=EDGE_CURVE('',#2930,#2928,#1592,.T.);
#3591=EDGE_CURVE('',#2931,#2930,#1593,.T.);
#3592=EDGE_CURVE('',#2929,#2931,#1594,.T.);
#3593=EDGE_CURVE('',#2930,#2722,#1595,.T.);
#3594=EDGE_CURVE('',#2928,#2723,#1596,.T.);
#3595=EDGE_CURVE('',#2929,#2724,#1597,.T.);
#3596=EDGE_CURVE('',#2931,#2725,#1598,.T.);
#3597=EDGE_CURVE('',#2932,#2726,#1599,.T.);
#3598=EDGE_CURVE('',#2932,#2933,#440,.T.);
#3599=EDGE_CURVE('',#2933,#2727,#1600,.T.);
#3600=EDGE_CURVE('',#2934,#2735,#1601,.T.);
#3601=EDGE_CURVE('',#2934,#2932,#1602,.T.);
#3602=EDGE_CURVE('',#2935,#2734,#1603,.T.);
#3603=EDGE_CURVE('',#2935,#2934,#441,.T.);
#3604=EDGE_CURVE('',#2936,#2733,#1604,.T.);
#3605=EDGE_CURVE('',#2936,#2935,#442,.T.);
#3606=EDGE_CURVE('',#2937,#2732,#1605,.T.);
#3607=EDGE_CURVE('',#2937,#2936,#443,.T.);
#3608=EDGE_CURVE('',#2938,#2731,#1606,.T.);
#3609=EDGE_CURVE('',#2938,#2937,#444,.T.);
#3610=EDGE_CURVE('',#2939,#2730,#1607,.T.);
#3611=EDGE_CURVE('',#2939,#2938,#1608,.T.);
#3612=EDGE_CURVE('',#2940,#2729,#1609,.T.);
#3613=EDGE_CURVE('',#2940,#2939,#445,.T.);
#3614=EDGE_CURVE('',#2941,#2728,#1610,.T.);
#3615=EDGE_CURVE('',#2941,#2940,#446,.T.);
#3616=EDGE_CURVE('',#2933,#2941,#447,.T.);
#3617=EDGE_CURVE('',#2942,#2943,#1611,.T.);
#3618=EDGE_CURVE('',#2944,#2942,#1612,.T.);
#3619=EDGE_CURVE('',#2945,#2944,#1613,.T.);
#3620=EDGE_CURVE('',#2946,#2945,#448,.T.);
#3621=EDGE_CURVE('',#2947,#2946,#449,.T.);
#3622=EDGE_CURVE('',#2943,#2947,#450,.T.);
#3623=EDGE_CURVE('',#2948,#2949,#1614,.T.);
#3624=EDGE_CURVE('',#2950,#2948,#1615,.T.);
#3625=EDGE_CURVE('',#2951,#2950,#451,.T.);
#3626=EDGE_CURVE('',#2952,#2951,#452,.T.);
#3627=EDGE_CURVE('',#2953,#2952,#453,.T.);
#3628=EDGE_CURVE('',#2954,#2953,#454,.T.);
#3629=EDGE_CURVE('',#2949,#2954,#1616,.T.);
#3630=EDGE_CURVE('',#2955,#2956,#455,.T.);
#3631=EDGE_CURVE('',#2952,#2955,#1617,.T.);
#3632=EDGE_CURVE('',#2951,#2956,#1618,.T.);
#3633=EDGE_CURVE('',#2956,#2957,#456,.T.);
#3634=EDGE_CURVE('',#2950,#2957,#1619,.T.);
#3635=EDGE_CURVE('',#2957,#2958,#1620,.T.);
#3636=EDGE_CURVE('',#2948,#2958,#1621,.T.);
#3637=EDGE_CURVE('',#2958,#2959,#1622,.T.);
#3638=EDGE_CURVE('',#2949,#2959,#1623,.T.);
#3639=EDGE_CURVE('',#2945,#2736,#1624,.T.);
#3640=EDGE_CURVE('',#2944,#2737,#1625,.T.);
#3641=EDGE_CURVE('',#2942,#2738,#1626,.T.);
#3642=EDGE_CURVE('',#2943,#2739,#1627,.T.);
#3643=EDGE_CURVE('',#2960,#2955,#457,.T.);
#3644=EDGE_CURVE('',#2953,#2960,#1628,.T.);
#3645=EDGE_CURVE('',#2961,#2960,#458,.T.);
#3646=EDGE_CURVE('',#2954,#2961,#1629,.T.);
#3647=EDGE_CURVE('',#2959,#2961,#1630,.T.);
#3648=EDGE_CURVE('',#2947,#2740,#1631,.T.);
#3649=EDGE_CURVE('',#2946,#2741,#1632,.T.);
#3650=EDGE_CURVE('',#2962,#2742,#1633,.T.);
#3651=EDGE_CURVE('',#2962,#2963,#1634,.T.);
#3652=EDGE_CURVE('',#2963,#2743,#1635,.T.);
#3653=EDGE_CURVE('',#2964,#2745,#1636,.T.);
#3654=EDGE_CURVE('',#2964,#2962,#1637,.T.);
#3655=EDGE_CURVE('',#2965,#2744,#1638,.T.);
#3656=EDGE_CURVE('',#2965,#2964,#1639,.T.);
#3657=EDGE_CURVE('',#2963,#2965,#1640,.T.);
#3658=EDGE_CURVE('',#2966,#2967,#459,.T.);
#3659=EDGE_CURVE('',#2968,#2966,#1641,.T.);
#3660=EDGE_CURVE('',#2969,#2968,#460,.T.);
#3661=EDGE_CURVE('',#2970,#2969,#461,.T.);
#3662=EDGE_CURVE('',#2971,#2970,#462,.T.);
#3663=EDGE_CURVE('',#2972,#2971,#463,.T.);
#3664=EDGE_CURVE('',#2973,#2972,#1642,.T.);
#3665=EDGE_CURVE('',#2974,#2973,#464,.T.);
#3666=EDGE_CURVE('',#2975,#2974,#465,.T.);
#3667=EDGE_CURVE('',#2967,#2975,#466,.T.);
#3668=EDGE_CURVE('',#2971,#2746,#1643,.T.);
#3669=EDGE_CURVE('',#2970,#2747,#1644,.T.);
#3670=EDGE_CURVE('',#2969,#2748,#1645,.T.);
#3671=EDGE_CURVE('',#2968,#2749,#1646,.T.);
#3672=EDGE_CURVE('',#2966,#2750,#1647,.T.);
#3673=EDGE_CURVE('',#2967,#2751,#1648,.T.);
#3674=EDGE_CURVE('',#2975,#2752,#1649,.T.);
#3675=EDGE_CURVE('',#2974,#2753,#1650,.T.);
#3676=EDGE_CURVE('',#2973,#2754,#1651,.T.);
#3677=EDGE_CURVE('',#2972,#2755,#1652,.T.);
#3678=EDGE_CURVE('',#2976,#2756,#1653,.T.);
#3679=EDGE_CURVE('',#2976,#2977,#1654,.T.);
#3680=EDGE_CURVE('',#2977,#2757,#1655,.T.);
#3681=EDGE_CURVE('',#2978,#2759,#1656,.T.);
#3682=EDGE_CURVE('',#2978,#2976,#1657,.T.);
#3683=EDGE_CURVE('',#2979,#2758,#1658,.T.);
#3684=EDGE_CURVE('',#2979,#2978,#1659,.T.);
#3685=EDGE_CURVE('',#2977,#2979,#1660,.T.);
#3686=EDGE_CURVE('',#2980,#2981,#1661,.T.);
#3687=EDGE_CURVE('',#2982,#2980,#1662,.T.);
#3688=EDGE_CURVE('',#2983,#2982,#1663,.T.);
#3689=EDGE_CURVE('',#2981,#2983,#1664,.T.);
#3690=EDGE_CURVE('',#2982,#2760,#1665,.T.);
#3691=EDGE_CURVE('',#2980,#2761,#1666,.T.);
#3692=EDGE_CURVE('',#2981,#2762,#1667,.T.);
#3693=EDGE_CURVE('',#2983,#2763,#1668,.T.);
#3694=EDGE_CURVE('',#2984,#2764,#1669,.T.);
#3695=EDGE_CURVE('',#2984,#2985,#1670,.T.);
#3696=EDGE_CURVE('',#2985,#2765,#1671,.T.);
#3697=EDGE_CURVE('',#2986,#2772,#1672,.T.);
#3698=EDGE_CURVE('',#2986,#2984,#467,.T.);
#3699=EDGE_CURVE('',#2987,#2771,#1673,.T.);
#3700=EDGE_CURVE('',#2987,#2986,#468,.T.);
#3701=EDGE_CURVE('',#2988,#2770,#1674,.T.);
#3702=EDGE_CURVE('',#2988,#2987,#1675,.T.);
#3703=EDGE_CURVE('',#2989,#2769,#1676,.T.);
#3704=EDGE_CURVE('',#2989,#2988,#1677,.T.);
#3705=EDGE_CURVE('',#2990,#2768,#1678,.T.);
#3706=EDGE_CURVE('',#2990,#2989,#1679,.T.);
#3707=EDGE_CURVE('',#2991,#2767,#1680,.T.);
#3708=EDGE_CURVE('',#2991,#2990,#1681,.T.);
#3709=EDGE_CURVE('',#2992,#2766,#1682,.T.);
#3710=EDGE_CURVE('',#2992,#2991,#1683,.T.);
#3711=EDGE_CURVE('',#2985,#2992,#1684,.T.);
#3712=EDGE_CURVE('',#2993,#2994,#1685,.T.);
#3713=EDGE_CURVE('',#2995,#2993,#1686,.T.);
#3714=EDGE_CURVE('',#2996,#2995,#1687,.T.);
#3715=EDGE_CURVE('',#2997,#2996,#1688,.T.);
#3716=EDGE_CURVE('',#2998,#2997,#1689,.T.);
#3717=EDGE_CURVE('',#2999,#2998,#469,.T.);
#3718=EDGE_CURVE('',#3000,#2999,#470,.T.);
#3719=EDGE_CURVE('',#3001,#3000,#1690,.T.);
#3720=EDGE_CURVE('',#3002,#3001,#1691,.T.);
#3721=EDGE_CURVE('',#3003,#3002,#1692,.T.);
#3722=EDGE_CURVE('',#3004,#3003,#471,.T.);
#3723=EDGE_CURVE('',#3005,#3004,#472,.T.);
#3724=EDGE_CURVE('',#3006,#3005,#473,.T.);
#3725=EDGE_CURVE('',#2994,#3006,#474,.T.);
#3726=EDGE_CURVE('',#3007,#3008,#1693,.T.);
#3727=EDGE_CURVE('',#3009,#3007,#1694,.T.);
#3728=EDGE_CURVE('',#3010,#3009,#475,.T.);
#3729=EDGE_CURVE('',#3011,#3010,#476,.T.);
#3730=EDGE_CURVE('',#3008,#3011,#1695,.T.);
#3731=EDGE_CURVE('',#3012,#3013,#477,.T.);
#3732=EDGE_CURVE('',#3010,#3012,#1696,.T.);
#3733=EDGE_CURVE('',#3009,#3013,#1697,.T.);
#3734=EDGE_CURVE('',#3013,#3014,#1698,.T.);
#3735=EDGE_CURVE('',#3007,#3014,#1699,.T.);
#3736=EDGE_CURVE('',#3014,#3015,#1700,.T.);
#3737=EDGE_CURVE('',#3008,#3015,#1701,.T.);
#3738=EDGE_CURVE('',#3000,#2773,#1702,.T.);
#3739=EDGE_CURVE('',#2999,#2774,#1703,.T.);
#3740=EDGE_CURVE('',#2998,#2775,#1704,.T.);
#3741=EDGE_CURVE('',#2997,#2776,#1705,.T.);
#3742=EDGE_CURVE('',#2996,#2777,#1706,.T.);
#3743=EDGE_CURVE('',#2995,#2778,#1707,.T.);
#3744=EDGE_CURVE('',#2993,#2779,#1708,.T.);
#3745=EDGE_CURVE('',#2994,#2780,#1709,.T.);
#3746=EDGE_CURVE('',#3016,#3012,#478,.T.);
#3747=EDGE_CURVE('',#3011,#3016,#1710,.T.);
#3748=EDGE_CURVE('',#3015,#3016,#1711,.T.);
#3749=EDGE_CURVE('',#3006,#2781,#1712,.T.);
#3750=EDGE_CURVE('',#3005,#2782,#1713,.T.);
#3751=EDGE_CURVE('',#3004,#2783,#1714,.T.);
#3752=EDGE_CURVE('',#3003,#2784,#1715,.T.);
#3753=EDGE_CURVE('',#3002,#2785,#1716,.T.);
#3754=EDGE_CURVE('',#3001,#2786,#1717,.T.);
#3755=EDGE_CURVE('',#3017,#2787,#1718,.T.);
#3756=EDGE_CURVE('',#3017,#3018,#479,.T.);
#3757=EDGE_CURVE('',#3018,#2788,#1719,.T.);
#3758=EDGE_CURVE('',#3019,#2796,#1720,.T.);
#3759=EDGE_CURVE('',#3019,#3017,#1721,.T.);
#3760=EDGE_CURVE('',#3020,#2795,#1722,.T.);
#3761=EDGE_CURVE('',#3020,#3019,#480,.T.);
#3762=EDGE_CURVE('',#3021,#2794,#1723,.T.);
#3763=EDGE_CURVE('',#3021,#3020,#481,.T.);
#3764=EDGE_CURVE('',#3022,#2793,#1724,.T.);
#3765=EDGE_CURVE('',#3022,#3021,#482,.T.);
#3766=EDGE_CURVE('',#3023,#2792,#1725,.T.);
#3767=EDGE_CURVE('',#3023,#3022,#483,.T.);
#3768=EDGE_CURVE('',#3024,#2791,#1726,.T.);
#3769=EDGE_CURVE('',#3024,#3023,#1727,.T.);
#3770=EDGE_CURVE('',#3025,#2790,#1728,.T.);
#3771=EDGE_CURVE('',#3025,#3024,#484,.T.);
#3772=EDGE_CURVE('',#3026,#2789,#1729,.T.);
#3773=EDGE_CURVE('',#3026,#3025,#485,.T.);
#3774=EDGE_CURVE('',#3018,#3026,#486,.T.);
#3775=EDGE_CURVE('',#3027,#3028,#1730,.T.);
#3776=EDGE_CURVE('',#3029,#3027,#1731,.T.);
#3777=EDGE_CURVE('',#3030,#3029,#1732,.T.);
#3778=EDGE_CURVE('',#3031,#3030,#1733,.T.);
#3779=EDGE_CURVE('',#3032,#3031,#1734,.T.);
#3780=EDGE_CURVE('',#3033,#3032,#1735,.T.);
#3781=EDGE_CURVE('',#3034,#3033,#1736,.T.);
#3782=EDGE_CURVE('',#3035,#3034,#1737,.T.);
#3783=EDGE_CURVE('',#3036,#3035,#1738,.T.);
#3784=EDGE_CURVE('',#3037,#3036,#1739,.T.);
#3785=EDGE_CURVE('',#3038,#3037,#1740,.T.);
#3786=EDGE_CURVE('',#3028,#3038,#1741,.T.);
#3787=EDGE_CURVE('',#3033,#2797,#1742,.T.);
#3788=EDGE_CURVE('',#3032,#2798,#1743,.T.);
#3789=EDGE_CURVE('',#3031,#2799,#1744,.T.);
#3790=EDGE_CURVE('',#3030,#2800,#1745,.T.);
#3791=EDGE_CURVE('',#3029,#2801,#1746,.T.);
#3792=EDGE_CURVE('',#3027,#2802,#1747,.T.);
#3793=EDGE_CURVE('',#3028,#2803,#1748,.T.);
#3794=EDGE_CURVE('',#3038,#2804,#1749,.T.);
#3795=EDGE_CURVE('',#3037,#2805,#1750,.T.);
#3796=EDGE_CURVE('',#3036,#2806,#1751,.T.);
#3797=EDGE_CURVE('',#3035,#2807,#1752,.T.);
#3798=EDGE_CURVE('',#3034,#2808,#1753,.T.);
#3799=EDGE_CURVE('',#3039,#2809,#1754,.T.);
#3800=EDGE_CURVE('',#3039,#3040,#1755,.T.);
#3801=EDGE_CURVE('',#3040,#2810,#1756,.T.);
#3802=EDGE_CURVE('',#3041,#2816,#1757,.T.);
#3803=EDGE_CURVE('',#3041,#3039,#1758,.T.);
#3804=EDGE_CURVE('',#3042,#2815,#1759,.T.);
#3805=EDGE_CURVE('',#3042,#3041,#1760,.T.);
#3806=EDGE_CURVE('',#3043,#2814,#1761,.T.);
#3807=EDGE_CURVE('',#3043,#3042,#1762,.T.);
#3808=EDGE_CURVE('',#3044,#2813,#1763,.T.);
#3809=EDGE_CURVE('',#3044,#3043,#1764,.T.);
#3810=EDGE_CURVE('',#3045,#2812,#1765,.T.);
#3811=EDGE_CURVE('',#3045,#3044,#1766,.T.);
#3812=EDGE_CURVE('',#3046,#2811,#1767,.T.);
#3813=EDGE_CURVE('',#3046,#3045,#1768,.T.);
#3814=EDGE_CURVE('',#3040,#3046,#1769,.T.);
#3815=EDGE_CURVE('',#3047,#3048,#1770,.T.);
#3816=EDGE_CURVE('',#3049,#3047,#1771,.T.);
#3817=EDGE_CURVE('',#3050,#3049,#1772,.T.);
#3818=EDGE_CURVE('',#3051,#3050,#1773,.T.);
#3819=EDGE_CURVE('',#3052,#3051,#1774,.T.);
#3820=EDGE_CURVE('',#3053,#3052,#1775,.T.);
#3821=EDGE_CURVE('',#3054,#3053,#1776,.T.);
#3822=EDGE_CURVE('',#3048,#3054,#1777,.T.);
#3823=EDGE_CURVE('',#3055,#3056,#1778,.T.);
#3824=EDGE_CURVE('',#3057,#3055,#487,.T.);
#3825=EDGE_CURVE('',#3058,#3057,#488,.T.);
#3826=EDGE_CURVE('',#3059,#3058,#1779,.T.);
#3827=EDGE_CURVE('',#3056,#3059,#1780,.T.);
#3828=EDGE_CURVE('',#3060,#3061,#489,.T.);
#3829=EDGE_CURVE('',#3058,#3060,#1781,.T.);
#3830=EDGE_CURVE('',#3057,#3061,#1782,.T.);
#3831=EDGE_CURVE('',#3061,#3062,#490,.T.);
#3832=EDGE_CURVE('',#3055,#3062,#1783,.T.);
#3833=EDGE_CURVE('',#3062,#3063,#1784,.T.);
#3834=EDGE_CURVE('',#3056,#3063,#1785,.T.);
#3835=EDGE_CURVE('',#3051,#2817,#1786,.T.);
#3836=EDGE_CURVE('',#3050,#2818,#1787,.T.);
#3837=EDGE_CURVE('',#3049,#2819,#1788,.T.);
#3838=EDGE_CURVE('',#3047,#2820,#1789,.T.);
#3839=EDGE_CURVE('',#3048,#2821,#1790,.T.);
#3840=EDGE_CURVE('',#3064,#3060,#1791,.T.);
#3841=EDGE_CURVE('',#3059,#3064,#1792,.T.);
#3842=EDGE_CURVE('',#3063,#3064,#1793,.T.);
#3843=EDGE_CURVE('',#3054,#2822,#1794,.T.);
#3844=EDGE_CURVE('',#3053,#2823,#1795,.T.);
#3845=EDGE_CURVE('',#3052,#2824,#1796,.T.);
#3846=EDGE_CURVE('',#3065,#2825,#1797,.T.);
#3847=EDGE_CURVE('',#3065,#3066,#1798,.T.);
#3848=EDGE_CURVE('',#3066,#2826,#1799,.T.);
#3849=EDGE_CURVE('',#3067,#2830,#1800,.T.);
#3850=EDGE_CURVE('',#3067,#3065,#1801,.T.);
#3851=EDGE_CURVE('',#3068,#2829,#1802,.T.);
#3852=EDGE_CURVE('',#3068,#3067,#1803,.T.);
#3853=EDGE_CURVE('',#3069,#2828,#1804,.T.);
#3854=EDGE_CURVE('',#3069,#3068,#1805,.T.);
#3855=EDGE_CURVE('',#3070,#2827,#1806,.T.);
#3856=EDGE_CURVE('',#3070,#3069,#1807,.T.);
#3857=EDGE_CURVE('',#3066,#3070,#1808,.T.);
#3858=EDGE_CURVE('',#3071,#3071,#1314,.T.);
#3859=EDGE_CURVE('',#3071,#3072,#1809,.T.);
#3860=EDGE_CURVE('',#3072,#3072,#1315,.T.);
#3861=EDGE_CURVE('',#3073,#3074,#1810,.T.);
#3862=EDGE_CURVE('',#3073,#3075,#1811,.T.);
#3863=EDGE_CURVE('',#3075,#3076,#1812,.T.);
#3864=EDGE_CURVE('',#3074,#3076,#1813,.T.);
#3865=EDGE_CURVE('',#3074,#3077,#1814,.T.);
#3866=EDGE_CURVE('',#3076,#3078,#1815,.T.);
#3867=EDGE_CURVE('',#3077,#3078,#1816,.T.);
#3868=EDGE_CURVE('',#3077,#3079,#1817,.T.);
#3869=EDGE_CURVE('',#3078,#3080,#1818,.T.);
#3870=EDGE_CURVE('',#3079,#3080,#1819,.T.);
#3871=EDGE_CURVE('',#3079,#3073,#1820,.T.);
#3872=EDGE_CURVE('',#3080,#3075,#1821,.T.);
#3873=EDGE_CURVE('',#3081,#3082,#1822,.T.);
#3874=EDGE_CURVE('',#3081,#3083,#1823,.T.);
#3875=EDGE_CURVE('',#3083,#3084,#1824,.T.);
#3876=EDGE_CURVE('',#3082,#3084,#1825,.T.);
#3877=EDGE_CURVE('',#3082,#3085,#1826,.T.);
#3878=EDGE_CURVE('',#3084,#3086,#1827,.T.);
#3879=EDGE_CURVE('',#3085,#3086,#1828,.T.);
#3880=EDGE_CURVE('',#3085,#3087,#1829,.T.);
#3881=EDGE_CURVE('',#3086,#3088,#1830,.T.);
#3882=EDGE_CURVE('',#3087,#3088,#1831,.T.);
#3883=EDGE_CURVE('',#3087,#3081,#1832,.T.);
#3884=EDGE_CURVE('',#3088,#3083,#1833,.T.);
#3885=EDGE_CURVE('',#3089,#3090,#1834,.T.);
#3886=EDGE_CURVE('',#3089,#3091,#1835,.T.);
#3887=EDGE_CURVE('',#3091,#3092,#1836,.T.);
#3888=EDGE_CURVE('',#3090,#3092,#1837,.T.);
#3889=EDGE_CURVE('',#3090,#3093,#1838,.T.);
#3890=EDGE_CURVE('',#3092,#3094,#1839,.T.);
#3891=EDGE_CURVE('',#3093,#3094,#1840,.T.);
#3892=EDGE_CURVE('',#3093,#3095,#1841,.T.);
#3893=EDGE_CURVE('',#3094,#3096,#1842,.T.);
#3894=EDGE_CURVE('',#3095,#3096,#1843,.T.);
#3895=EDGE_CURVE('',#3095,#3089,#1844,.T.);
#3896=EDGE_CURVE('',#3096,#3091,#1845,.T.);
#3897=EDGE_CURVE('',#3097,#3098,#1846,.T.);
#3898=EDGE_CURVE('',#3097,#3099,#1847,.T.);
#3899=EDGE_CURVE('',#3099,#3100,#1848,.T.);
#3900=EDGE_CURVE('',#3098,#3100,#1849,.T.);
#3901=EDGE_CURVE('',#3098,#3101,#1850,.T.);
#3902=EDGE_CURVE('',#3100,#3102,#1851,.T.);
#3903=EDGE_CURVE('',#3101,#3102,#1852,.T.);
#3904=EDGE_CURVE('',#3101,#3103,#1853,.T.);
#3905=EDGE_CURVE('',#3102,#3104,#1854,.T.);
#3906=EDGE_CURVE('',#3103,#3104,#1855,.T.);
#3907=EDGE_CURVE('',#3103,#3097,#1856,.T.);
#3908=EDGE_CURVE('',#3104,#3099,#1857,.T.);
#3909=EDGE_CURVE('',#3105,#3106,#1858,.T.);
#3910=EDGE_CURVE('',#3105,#3107,#1859,.T.);
#3911=EDGE_CURVE('',#3107,#3108,#1860,.T.);
#3912=EDGE_CURVE('',#3106,#3108,#1861,.T.);
#3913=EDGE_CURVE('',#3106,#3109,#1862,.T.);
#3914=EDGE_CURVE('',#3108,#3110,#1863,.T.);
#3915=EDGE_CURVE('',#3109,#3110,#1864,.T.);
#3916=EDGE_CURVE('',#3109,#3111,#1865,.T.);
#3917=EDGE_CURVE('',#3110,#3112,#1866,.T.);
#3918=EDGE_CURVE('',#3111,#3112,#1867,.T.);
#3919=EDGE_CURVE('',#3111,#3105,#1868,.T.);
#3920=EDGE_CURVE('',#3112,#3107,#1869,.T.);
#3921=EDGE_CURVE('',#3113,#3114,#1870,.T.);
#3922=EDGE_CURVE('',#3113,#3115,#1871,.T.);
#3923=EDGE_CURVE('',#3115,#3116,#1872,.T.);
#3924=EDGE_CURVE('',#3114,#3116,#1873,.T.);
#3925=EDGE_CURVE('',#3114,#3117,#1874,.T.);
#3926=EDGE_CURVE('',#3116,#3118,#1875,.T.);
#3927=EDGE_CURVE('',#3117,#3118,#1876,.T.);
#3928=EDGE_CURVE('',#3117,#3119,#1877,.T.);
#3929=EDGE_CURVE('',#3118,#3120,#1878,.T.);
#3930=EDGE_CURVE('',#3119,#3120,#1879,.T.);
#3931=EDGE_CURVE('',#3119,#3113,#1880,.T.);
#3932=EDGE_CURVE('',#3120,#3115,#1881,.T.);
#3933=EDGE_CURVE('',#3121,#3122,#1882,.T.);
#3934=EDGE_CURVE('',#3121,#3123,#1883,.T.);
#3935=EDGE_CURVE('',#3123,#3124,#1884,.T.);
#3936=EDGE_CURVE('',#3122,#3124,#1885,.T.);
#3937=EDGE_CURVE('',#2850,#3125,#1886,.T.);
#3938=EDGE_CURVE('',#3125,#3126,#1887,.T.);
#3939=EDGE_CURVE('',#2851,#3126,#1888,.T.);
#3940=EDGE_CURVE('',#3124,#3125,#1889,.T.);
#3941=EDGE_CURVE('',#3126,#3123,#1890,.T.);
#3942=EDGE_CURVE('',#3127,#3128,#1891,.T.);
#3943=EDGE_CURVE('',#3128,#2668,#1892,.T.);
#3944=EDGE_CURVE('',#2667,#3127,#1893,.T.);
#3945=EDGE_CURVE('',#3129,#3130,#1894,.T.);
#3946=EDGE_CURVE('',#3130,#2845,#1895,.T.);
#3947=EDGE_CURVE('',#2844,#3129,#1896,.T.);
#3948=EDGE_CURVE('',#3131,#2664,#1897,.T.);
#3949=EDGE_CURVE('',#3131,#3132,#1898,.T.);
#3950=EDGE_CURVE('',#2665,#3132,#1899,.T.);
#3951=EDGE_CURVE('',#3133,#2666,#1900,.T.);
#3952=EDGE_CURVE('',#3127,#3133,#1901,.T.);
#3953=EDGE_CURVE('',#3132,#3133,#1902,.T.);
#3954=EDGE_CURVE('',#3122,#3131,#1903,.T.);
#3955=EDGE_CURVE('',#2849,#3134,#1904,.T.);
#3956=EDGE_CURVE('',#3135,#3134,#1905,.T.);
#3957=EDGE_CURVE('',#3128,#3135,#1906,.T.);
#3958=EDGE_CURVE('',#3136,#2843,#1907,.T.);
#3959=EDGE_CURVE('',#3129,#3136,#1908,.T.);
#3960=EDGE_CURVE('',#2852,#3137,#1909,.T.);
#3961=EDGE_CURVE('',#2842,#3137,#1910,.T.);
#3962=EDGE_CURVE('',#3137,#3136,#1911,.T.);
#3963=EDGE_CURVE('',#2848,#3138,#1912,.T.);
#3964=EDGE_CURVE('',#3139,#2847,#1913,.T.);
#3965=EDGE_CURVE('',#3138,#3139,#1914,.T.);
#3966=EDGE_CURVE('',#3140,#3139,#1915,.T.);
#3967=EDGE_CURVE('',#3130,#3140,#1916,.T.);
#3968=EDGE_CURVE('',#3138,#3121,#1917,.T.);
#3969=EDGE_CURVE('',#2846,#3140,#1918,.T.);
#3970=EDGE_CURVE('',#2669,#3135,#1919,.T.);
#3971=EDGE_CURVE('',#3134,#2670,#1920,.T.);
#3972=EDGE_CURVE('',#2835,#2832,#1921,.T.);
#3973=EDGE_CURVE('',#3141,#3142,#1922,.T.);
#3974=EDGE_CURVE('',#3143,#3142,#1923,.T.);
#3975=EDGE_CURVE('',#3144,#3143,#1924,.T.);
#3976=EDGE_CURVE('',#3144,#3141,#1925,.T.);
#3977=EDGE_CURVE('',#3142,#3145,#1926,.T.);
#3978=EDGE_CURVE('',#3146,#3145,#1927,.T.);
#3979=EDGE_CURVE('',#3143,#3146,#1928,.T.);
#3980=EDGE_CURVE('',#3145,#3147,#1316,.T.);
#3981=EDGE_CURVE('',#3148,#3147,#1929,.T.);
#3982=EDGE_CURVE('',#3146,#3148,#1317,.T.);
#3983=EDGE_CURVE('',#3147,#3149,#1930,.T.);
#3984=EDGE_CURVE('',#3150,#3149,#1931,.T.);
#3985=EDGE_CURVE('',#3148,#3150,#1932,.T.);
#3986=EDGE_CURVE('',#3149,#3151,#1933,.T.);
#3987=EDGE_CURVE('',#3152,#3151,#1934,.T.);
#3988=EDGE_CURVE('',#3150,#3152,#1935,.T.);
#3989=EDGE_CURVE('',#3151,#3141,#1936,.T.);
#3990=EDGE_CURVE('',#3152,#3144,#1937,.T.);
#3991=EDGE_CURVE('',#3153,#3154,#1938,.T.);
#3992=EDGE_CURVE('',#3155,#3154,#1939,.T.);
#3993=EDGE_CURVE('',#3156,#3155,#1940,.T.);
#3994=EDGE_CURVE('',#3156,#3153,#1941,.T.);
#3995=EDGE_CURVE('',#3154,#3157,#1942,.T.);
#3996=EDGE_CURVE('',#3158,#3157,#1943,.T.);
#3997=EDGE_CURVE('',#3155,#3158,#1944,.T.);
#3998=EDGE_CURVE('',#3157,#3159,#1318,.T.);
#3999=EDGE_CURVE('',#3160,#3159,#1945,.T.);
#4000=EDGE_CURVE('',#3158,#3160,#1319,.T.);
#4001=EDGE_CURVE('',#3159,#3161,#1946,.T.);
#4002=EDGE_CURVE('',#3162,#3161,#1947,.T.);
#4003=EDGE_CURVE('',#3160,#3162,#1948,.T.);
#4004=EDGE_CURVE('',#3161,#3163,#1949,.T.);
#4005=EDGE_CURVE('',#3164,#3163,#1950,.T.);
#4006=EDGE_CURVE('',#3162,#3164,#1951,.T.);
#4007=EDGE_CURVE('',#3163,#3153,#1952,.T.);
#4008=EDGE_CURVE('',#3164,#3156,#1953,.T.);
#4009=EDGE_CURVE('',#3165,#3166,#1954,.T.);
#4010=EDGE_CURVE('',#3167,#3166,#1955,.T.);
#4011=EDGE_CURVE('',#3168,#3167,#1956,.T.);
#4012=EDGE_CURVE('',#3168,#3165,#1957,.T.);
#4013=EDGE_CURVE('',#3166,#3169,#1958,.T.);
#4014=EDGE_CURVE('',#3170,#3169,#1959,.T.);
#4015=EDGE_CURVE('',#3167,#3170,#1960,.T.);
#4016=EDGE_CURVE('',#3169,#3171,#1320,.T.);
#4017=EDGE_CURVE('',#3172,#3171,#1961,.T.);
#4018=EDGE_CURVE('',#3170,#3172,#1321,.T.);
#4019=EDGE_CURVE('',#3171,#3173,#1962,.T.);
#4020=EDGE_CURVE('',#3174,#3173,#1963,.T.);
#4021=EDGE_CURVE('',#3172,#3174,#1964,.T.);
#4022=EDGE_CURVE('',#3173,#3175,#1965,.T.);
#4023=EDGE_CURVE('',#3176,#3175,#1966,.T.);
#4024=EDGE_CURVE('',#3174,#3176,#1967,.T.);
#4025=EDGE_CURVE('',#3175,#3165,#1968,.T.);
#4026=EDGE_CURVE('',#3176,#3168,#1969,.T.);
#4027=ORIENTED_EDGE('',*,*,#3177,.T.);
#4028=ORIENTED_EDGE('',*,*,#3178,.T.);
#4029=ORIENTED_EDGE('',*,*,#3179,.T.);
#4030=ORIENTED_EDGE('',*,*,#3180,.T.);
#4031=ORIENTED_EDGE('',*,*,#3181,.T.);
#4032=ORIENTED_EDGE('',*,*,#3182,.T.);
#4033=ORIENTED_EDGE('',*,*,#3180,.F.);
#4034=ORIENTED_EDGE('',*,*,#3183,.T.);
#4035=ORIENTED_EDGE('',*,*,#3184,.F.);
#4036=ORIENTED_EDGE('',*,*,#3185,.T.);
#4037=ORIENTED_EDGE('',*,*,#3186,.T.);
#4038=ORIENTED_EDGE('',*,*,#3178,.F.);
#4039=ORIENTED_EDGE('',*,*,#3187,.T.);
#4040=ORIENTED_EDGE('',*,*,#3188,.T.);
#4041=ORIENTED_EDGE('',*,*,#3189,.T.);
#4042=ORIENTED_EDGE('',*,*,#3185,.F.);
#4043=ORIENTED_EDGE('',*,*,#3190,.T.);
#4044=ORIENTED_EDGE('',*,*,#3191,.T.);
#4045=ORIENTED_EDGE('',*,*,#3192,.T.);
#4046=ORIENTED_EDGE('',*,*,#3193,.T.);
#4047=ORIENTED_EDGE('',*,*,#3194,.T.);
#4048=ORIENTED_EDGE('',*,*,#3191,.F.);
#4049=ORIENTED_EDGE('',*,*,#3195,.T.);
#4050=ORIENTED_EDGE('',*,*,#3196,.T.);
#4051=ORIENTED_EDGE('',*,*,#3193,.F.);
#4052=ORIENTED_EDGE('',*,*,#3197,.T.);
#4053=ORIENTED_EDGE('',*,*,#3198,.T.);
#4054=ORIENTED_EDGE('',*,*,#3184,.T.);
#4055=ORIENTED_EDGE('',*,*,#3197,.F.);
#4056=ORIENTED_EDGE('',*,*,#3195,.F.);
#4057=ORIENTED_EDGE('',*,*,#3190,.F.);
#4058=ORIENTED_EDGE('',*,*,#3187,.F.);
#4059=ORIENTED_EDGE('',*,*,#3177,.F.);
#4060=ORIENTED_EDGE('',*,*,#3199,.T.);
#4061=ORIENTED_EDGE('',*,*,#3186,.F.);
#4062=ORIENTED_EDGE('',*,*,#3200,.T.);
#4063=ORIENTED_EDGE('',*,*,#3201,.T.);
#4064=ORIENTED_EDGE('',*,*,#3202,.T.);
#4065=ORIENTED_EDGE('',*,*,#3188,.F.);
#4066=ORIENTED_EDGE('',*,*,#3203,.T.);
#4067=ORIENTED_EDGE('',*,*,#3204,.T.);
#4068=ORIENTED_EDGE('',*,*,#3205,.T.);
#4069=ORIENTED_EDGE('',*,*,#3206,.F.);
#4070=ORIENTED_EDGE('',*,*,#3207,.T.);
#4071=ORIENTED_EDGE('',*,*,#3192,.F.);
#4072=ORIENTED_EDGE('',*,*,#3208,.F.);
#4073=ORIENTED_EDGE('',*,*,#3203,.F.);
#4074=ORIENTED_EDGE('',*,*,#3189,.F.);
#4075=ORIENTED_EDGE('',*,*,#3207,.F.);
#4076=ORIENTED_EDGE('',*,*,#3209,.F.);
#4077=ORIENTED_EDGE('',*,*,#3210,.F.);
#4078=ORIENTED_EDGE('',*,*,#3211,.F.);
#4079=ORIENTED_EDGE('',*,*,#3212,.F.);
#4080=ORIENTED_EDGE('',*,*,#3213,.F.);
#4081=ORIENTED_EDGE('',*,*,#3200,.F.);
#4082=ORIENTED_EDGE('',*,*,#3214,.T.);
#4083=ORIENTED_EDGE('',*,*,#3215,.T.);
#4084=ORIENTED_EDGE('',*,*,#3216,.T.);
#4085=ORIENTED_EDGE('',*,*,#3217,.T.);
#4086=ORIENTED_EDGE('',*,*,#3218,.T.);
#4087=ORIENTED_EDGE('',*,*,#3219,.T.);
#4088=ORIENTED_EDGE('',*,*,#3220,.T.);
#4089=ORIENTED_EDGE('',*,*,#3221,.F.);
#4090=ORIENTED_EDGE('',*,*,#3222,.T.);
#4091=ORIENTED_EDGE('',*,*,#3223,.T.);
#4092=ORIENTED_EDGE('',*,*,#3219,.F.);
#4093=ORIENTED_EDGE('',*,*,#3224,.T.);
#4094=ORIENTED_EDGE('',*,*,#3225,.T.);
#4095=ORIENTED_EDGE('',*,*,#3222,.F.);
#4096=ORIENTED_EDGE('',*,*,#3226,.T.);
#4097=ORIENTED_EDGE('',*,*,#3217,.F.);
#4098=ORIENTED_EDGE('',*,*,#3227,.T.);
#4099=ORIENTED_EDGE('',*,*,#3206,.T.);
#4100=ORIENTED_EDGE('',*,*,#3215,.F.);
#4101=ORIENTED_EDGE('',*,*,#3228,.T.);
#4102=ORIENTED_EDGE('',*,*,#3229,.T.);
#4103=ORIENTED_EDGE('',*,*,#3209,.T.);
#4104=ORIENTED_EDGE('',*,*,#3227,.F.);
#4105=ORIENTED_EDGE('',*,*,#3230,.T.);
#4106=ORIENTED_EDGE('',*,*,#3231,.T.);
#4107=ORIENTED_EDGE('',*,*,#3210,.T.);
#4108=ORIENTED_EDGE('',*,*,#3229,.F.);
#4109=ORIENTED_EDGE('',*,*,#3232,.T.);
#4110=ORIENTED_EDGE('',*,*,#3233,.T.);
#4111=ORIENTED_EDGE('',*,*,#3211,.T.);
#4112=ORIENTED_EDGE('',*,*,#3231,.F.);
#4113=ORIENTED_EDGE('',*,*,#3234,.T.);
#4114=ORIENTED_EDGE('',*,*,#3235,.T.);
#4115=ORIENTED_EDGE('',*,*,#3236,.T.);
#4116=ORIENTED_EDGE('',*,*,#3233,.F.);
#4117=ORIENTED_EDGE('',*,*,#3237,.T.);
#4118=ORIENTED_EDGE('',*,*,#3238,.T.);
#4119=ORIENTED_EDGE('',*,*,#3235,.F.);
#4120=ORIENTED_EDGE('',*,*,#3239,.T.);
#4121=ORIENTED_EDGE('',*,*,#3221,.T.);
#4122=ORIENTED_EDGE('',*,*,#3230,.F.);
#4123=ORIENTED_EDGE('',*,*,#3228,.F.);
#4124=ORIENTED_EDGE('',*,*,#3214,.F.);
#4125=ORIENTED_EDGE('',*,*,#3240,.T.);
#4126=ORIENTED_EDGE('',*,*,#3241,.F.);
#4127=ORIENTED_EDGE('',*,*,#3226,.F.);
#4128=ORIENTED_EDGE('',*,*,#3224,.F.);
#4129=ORIENTED_EDGE('',*,*,#3218,.F.);
#4130=ORIENTED_EDGE('',*,*,#3242,.F.);
#4131=ORIENTED_EDGE('',*,*,#3243,.T.);
#4132=ORIENTED_EDGE('',*,*,#3240,.F.);
#4133=ORIENTED_EDGE('',*,*,#3244,.T.);
#4134=ORIENTED_EDGE('',*,*,#3236,.F.);
#4135=ORIENTED_EDGE('',*,*,#3245,.T.);
#4136=ORIENTED_EDGE('',*,*,#3246,.T.);
#4137=ORIENTED_EDGE('',*,*,#3212,.T.);
#4138=ORIENTED_EDGE('',*,*,#3238,.F.);
#4139=ORIENTED_EDGE('',*,*,#3220,.F.);
#4140=ORIENTED_EDGE('',*,*,#3247,.F.);
#4141=ORIENTED_EDGE('',*,*,#3248,.T.);
#4142=ORIENTED_EDGE('',*,*,#3249,.T.);
#4143=ORIENTED_EDGE('',*,*,#3250,.F.);
#4144=ORIENTED_EDGE('',*,*,#3251,.F.);
#4145=ORIENTED_EDGE('',*,*,#3252,.T.);
#4146=ORIENTED_EDGE('',*,*,#3253,.T.);
#4147=ORIENTED_EDGE('',*,*,#3254,.F.);
#4148=ORIENTED_EDGE('',*,*,#3255,.F.);
#4149=ORIENTED_EDGE('',*,*,#3256,.T.);
#4150=ORIENTED_EDGE('',*,*,#3257,.F.);
#4151=ORIENTED_EDGE('',*,*,#3245,.F.);
#4152=ORIENTED_EDGE('',*,*,#3258,.T.);
#4153=ORIENTED_EDGE('',*,*,#3259,.T.);
#4154=ORIENTED_EDGE('',*,*,#3260,.T.);
#4155=ORIENTED_EDGE('',*,*,#3261,.T.);
#4156=ORIENTED_EDGE('',*,*,#3262,.T.);
#4157=ORIENTED_EDGE('',*,*,#3263,.T.);
#4158=ORIENTED_EDGE('',*,*,#3264,.T.);
#4159=ORIENTED_EDGE('',*,*,#3265,.T.);
#4160=ORIENTED_EDGE('',*,*,#3266,.T.);
#4161=ORIENTED_EDGE('',*,*,#3267,.T.);
#4162=ORIENTED_EDGE('',*,*,#3268,.T.);
#4163=ORIENTED_EDGE('',*,*,#3269,.T.);
#4164=ORIENTED_EDGE('',*,*,#3270,.T.);
#4165=ORIENTED_EDGE('',*,*,#3271,.T.);
#4166=ORIENTED_EDGE('',*,*,#3272,.T.);
#4167=ORIENTED_EDGE('',*,*,#3273,.T.);
#4168=ORIENTED_EDGE('',*,*,#3274,.T.);
#4169=ORIENTED_EDGE('',*,*,#3275,.T.);
#4170=ORIENTED_EDGE('',*,*,#3276,.T.);
#4171=ORIENTED_EDGE('',*,*,#3277,.T.);
#4172=ORIENTED_EDGE('',*,*,#3278,.T.);
#4173=ORIENTED_EDGE('',*,*,#3279,.T.);
#4174=ORIENTED_EDGE('',*,*,#3280,.T.);
#4175=ORIENTED_EDGE('',*,*,#3281,.T.);
#4176=ORIENTED_EDGE('',*,*,#3282,.T.);
#4177=ORIENTED_EDGE('',*,*,#3283,.T.);
#4178=ORIENTED_EDGE('',*,*,#3284,.T.);
#4179=ORIENTED_EDGE('',*,*,#3285,.T.);
#4180=ORIENTED_EDGE('',*,*,#3286,.T.);
#4181=ORIENTED_EDGE('',*,*,#3287,.T.);
#4182=ORIENTED_EDGE('',*,*,#3288,.T.);
#4183=ORIENTED_EDGE('',*,*,#3289,.T.);
#4184=ORIENTED_EDGE('',*,*,#3290,.T.);
#4185=ORIENTED_EDGE('',*,*,#3291,.T.);
#4186=ORIENTED_EDGE('',*,*,#3292,.T.);
#4187=ORIENTED_EDGE('',*,*,#3293,.T.);
#4188=ORIENTED_EDGE('',*,*,#3294,.T.);
#4189=ORIENTED_EDGE('',*,*,#3295,.T.);
#4190=ORIENTED_EDGE('',*,*,#3296,.T.);
#4191=ORIENTED_EDGE('',*,*,#3297,.T.);
#4192=ORIENTED_EDGE('',*,*,#3298,.T.);
#4193=ORIENTED_EDGE('',*,*,#3299,.T.);
#4194=ORIENTED_EDGE('',*,*,#3300,.T.);
#4195=ORIENTED_EDGE('',*,*,#3301,.T.);
#4196=ORIENTED_EDGE('',*,*,#3302,.T.);
#4197=ORIENTED_EDGE('',*,*,#3303,.T.);
#4198=ORIENTED_EDGE('',*,*,#3304,.T.);
#4199=ORIENTED_EDGE('',*,*,#3305,.T.);
#4200=ORIENTED_EDGE('',*,*,#3306,.T.);
#4201=ORIENTED_EDGE('',*,*,#3307,.T.);
#4202=ORIENTED_EDGE('',*,*,#3308,.T.);
#4203=ORIENTED_EDGE('',*,*,#3309,.T.);
#4204=ORIENTED_EDGE('',*,*,#3310,.T.);
#4205=ORIENTED_EDGE('',*,*,#3311,.T.);
#4206=ORIENTED_EDGE('',*,*,#3312,.T.);
#4207=ORIENTED_EDGE('',*,*,#3313,.T.);
#4208=ORIENTED_EDGE('',*,*,#3314,.T.);
#4209=ORIENTED_EDGE('',*,*,#3315,.T.);
#4210=ORIENTED_EDGE('',*,*,#3316,.T.);
#4211=ORIENTED_EDGE('',*,*,#3317,.T.);
#4212=ORIENTED_EDGE('',*,*,#3318,.T.);
#4213=ORIENTED_EDGE('',*,*,#3319,.T.);
#4214=ORIENTED_EDGE('',*,*,#3320,.T.);
#4215=ORIENTED_EDGE('',*,*,#3321,.T.);
#4216=ORIENTED_EDGE('',*,*,#3322,.T.);
#4217=ORIENTED_EDGE('',*,*,#3323,.T.);
#4218=ORIENTED_EDGE('',*,*,#3324,.T.);
#4219=ORIENTED_EDGE('',*,*,#3325,.T.);
#4220=ORIENTED_EDGE('',*,*,#3326,.T.);
#4221=ORIENTED_EDGE('',*,*,#3327,.T.);
#4222=ORIENTED_EDGE('',*,*,#3328,.T.);
#4223=ORIENTED_EDGE('',*,*,#3329,.T.);
#4224=ORIENTED_EDGE('',*,*,#3330,.T.);
#4225=ORIENTED_EDGE('',*,*,#3331,.T.);
#4226=ORIENTED_EDGE('',*,*,#3332,.T.);
#4227=ORIENTED_EDGE('',*,*,#3333,.T.);
#4228=ORIENTED_EDGE('',*,*,#3334,.T.);
#4229=ORIENTED_EDGE('',*,*,#3335,.T.);
#4230=ORIENTED_EDGE('',*,*,#3336,.T.);
#4231=ORIENTED_EDGE('',*,*,#3337,.T.);
#4232=ORIENTED_EDGE('',*,*,#3338,.T.);
#4233=ORIENTED_EDGE('',*,*,#3339,.T.);
#4234=ORIENTED_EDGE('',*,*,#3340,.T.);
#4235=ORIENTED_EDGE('',*,*,#3341,.T.);
#4236=ORIENTED_EDGE('',*,*,#3342,.T.);
#4237=ORIENTED_EDGE('',*,*,#3343,.T.);
#4238=ORIENTED_EDGE('',*,*,#3344,.T.);
#4239=ORIENTED_EDGE('',*,*,#3345,.T.);
#4240=ORIENTED_EDGE('',*,*,#3346,.T.);
#4241=ORIENTED_EDGE('',*,*,#3347,.T.);
#4242=ORIENTED_EDGE('',*,*,#3348,.T.);
#4243=ORIENTED_EDGE('',*,*,#3349,.T.);
#4244=ORIENTED_EDGE('',*,*,#3350,.T.);
#4245=ORIENTED_EDGE('',*,*,#3351,.T.);
#4246=ORIENTED_EDGE('',*,*,#3352,.T.);
#4247=ORIENTED_EDGE('',*,*,#3353,.T.);
#4248=ORIENTED_EDGE('',*,*,#3354,.T.);
#4249=ORIENTED_EDGE('',*,*,#3355,.T.);
#4250=ORIENTED_EDGE('',*,*,#3356,.T.);
#4251=ORIENTED_EDGE('',*,*,#3357,.T.);
#4252=ORIENTED_EDGE('',*,*,#3358,.T.);
#4253=ORIENTED_EDGE('',*,*,#3359,.T.);
#4254=ORIENTED_EDGE('',*,*,#3360,.T.);
#4255=ORIENTED_EDGE('',*,*,#3361,.T.);
#4256=ORIENTED_EDGE('',*,*,#3362,.T.);
#4257=ORIENTED_EDGE('',*,*,#3363,.T.);
#4258=ORIENTED_EDGE('',*,*,#3364,.T.);
#4259=ORIENTED_EDGE('',*,*,#3365,.T.);
#4260=ORIENTED_EDGE('',*,*,#3366,.T.);
#4261=ORIENTED_EDGE('',*,*,#3367,.T.);
#4262=ORIENTED_EDGE('',*,*,#3368,.T.);
#4263=ORIENTED_EDGE('',*,*,#3369,.T.);
#4264=ORIENTED_EDGE('',*,*,#3370,.T.);
#4265=ORIENTED_EDGE('',*,*,#3371,.T.);
#4266=ORIENTED_EDGE('',*,*,#3372,.T.);
#4267=ORIENTED_EDGE('',*,*,#3373,.T.);
#4268=ORIENTED_EDGE('',*,*,#3374,.T.);
#4269=ORIENTED_EDGE('',*,*,#3375,.T.);
#4270=ORIENTED_EDGE('',*,*,#3376,.T.);
#4271=ORIENTED_EDGE('',*,*,#3377,.T.);
#4272=ORIENTED_EDGE('',*,*,#3378,.T.);
#4273=ORIENTED_EDGE('',*,*,#3379,.T.);
#4274=ORIENTED_EDGE('',*,*,#3380,.T.);
#4275=ORIENTED_EDGE('',*,*,#3381,.T.);
#4276=ORIENTED_EDGE('',*,*,#3382,.T.);
#4277=ORIENTED_EDGE('',*,*,#3383,.T.);
#4278=ORIENTED_EDGE('',*,*,#3384,.T.);
#4279=ORIENTED_EDGE('',*,*,#3385,.T.);
#4280=ORIENTED_EDGE('',*,*,#3386,.T.);
#4281=ORIENTED_EDGE('',*,*,#3387,.T.);
#4282=ORIENTED_EDGE('',*,*,#3388,.T.);
#4283=ORIENTED_EDGE('',*,*,#3389,.T.);
#4284=ORIENTED_EDGE('',*,*,#3390,.T.);
#4285=ORIENTED_EDGE('',*,*,#3391,.T.);
#4286=ORIENTED_EDGE('',*,*,#3392,.T.);
#4287=ORIENTED_EDGE('',*,*,#3393,.T.);
#4288=ORIENTED_EDGE('',*,*,#3394,.T.);
#4289=ORIENTED_EDGE('',*,*,#3395,.T.);
#4290=ORIENTED_EDGE('',*,*,#3396,.T.);
#4291=ORIENTED_EDGE('',*,*,#3397,.T.);
#4292=ORIENTED_EDGE('',*,*,#3398,.T.);
#4293=ORIENTED_EDGE('',*,*,#3399,.T.);
#4294=ORIENTED_EDGE('',*,*,#3400,.T.);
#4295=ORIENTED_EDGE('',*,*,#3401,.T.);
#4296=ORIENTED_EDGE('',*,*,#3402,.T.);
#4297=ORIENTED_EDGE('',*,*,#3403,.T.);
#4298=ORIENTED_EDGE('',*,*,#3404,.T.);
#4299=ORIENTED_EDGE('',*,*,#3405,.T.);
#4300=ORIENTED_EDGE('',*,*,#3406,.T.);
#4301=ORIENTED_EDGE('',*,*,#3407,.T.);
#4302=ORIENTED_EDGE('',*,*,#3408,.T.);
#4303=ORIENTED_EDGE('',*,*,#3409,.T.);
#4304=ORIENTED_EDGE('',*,*,#3410,.T.);
#4305=ORIENTED_EDGE('',*,*,#3411,.T.);
#4306=ORIENTED_EDGE('',*,*,#3412,.T.);
#4307=ORIENTED_EDGE('',*,*,#3413,.T.);
#4308=ORIENTED_EDGE('',*,*,#3414,.T.);
#4309=ORIENTED_EDGE('',*,*,#3415,.T.);
#4310=ORIENTED_EDGE('',*,*,#3232,.F.);
#4311=ORIENTED_EDGE('',*,*,#3241,.T.);
#4312=ORIENTED_EDGE('',*,*,#3243,.F.);
#4313=ORIENTED_EDGE('',*,*,#3416,.T.);
#4314=ORIENTED_EDGE('',*,*,#3234,.F.);
#4315=ORIENTED_EDGE('',*,*,#3416,.F.);
#4316=ORIENTED_EDGE('',*,*,#3242,.T.);
#4317=ORIENTED_EDGE('',*,*,#3239,.F.);
#4318=ORIENTED_EDGE('',*,*,#3237,.F.);
#4319=ORIENTED_EDGE('',*,*,#3417,.T.);
#4320=ORIENTED_EDGE('',*,*,#3418,.T.);
#4321=ORIENTED_EDGE('',*,*,#3244,.F.);
#4322=ORIENTED_EDGE('',*,*,#3418,.F.);
#4323=ORIENTED_EDGE('',*,*,#3417,.F.);
#4324=ORIENTED_EDGE('',*,*,#3223,.F.);
#4325=ORIENTED_EDGE('',*,*,#3419,.T.);
#4326=ORIENTED_EDGE('',*,*,#3420,.T.);
#4327=ORIENTED_EDGE('',*,*,#3247,.T.);
#4328=ORIENTED_EDGE('',*,*,#3421,.F.);
#4329=ORIENTED_EDGE('',*,*,#3422,.F.);
#4330=ORIENTED_EDGE('',*,*,#3204,.F.);
#4331=ORIENTED_EDGE('',*,*,#3423,.T.);
#4332=ORIENTED_EDGE('',*,*,#3424,.T.);
#4333=ORIENTED_EDGE('',*,*,#3422,.T.);
#4334=ORIENTED_EDGE('',*,*,#3425,.T.);
#4335=ORIENTED_EDGE('',*,*,#3194,.F.);
#4336=ORIENTED_EDGE('',*,*,#3426,.T.);
#4337=ORIENTED_EDGE('',*,*,#3421,.T.);
#4338=ORIENTED_EDGE('',*,*,#3208,.T.);
#4339=ORIENTED_EDGE('',*,*,#3427,.F.);
#4340=ORIENTED_EDGE('',*,*,#3428,.F.);
#4341=ORIENTED_EDGE('',*,*,#3201,.F.);
#4342=ORIENTED_EDGE('',*,*,#3429,.T.);
#4343=ORIENTED_EDGE('',*,*,#3430,.T.);
#4344=ORIENTED_EDGE('',*,*,#3428,.T.);
#4345=ORIENTED_EDGE('',*,*,#3431,.T.);
#4346=ORIENTED_EDGE('',*,*,#3246,.F.);
#4347=ORIENTED_EDGE('',*,*,#3432,.F.);
#4348=ORIENTED_EDGE('',*,*,#3433,.F.);
#4349=ORIENTED_EDGE('',*,*,#3434,.T.);
#4350=ORIENTED_EDGE('',*,*,#3435,.T.);
#4351=ORIENTED_EDGE('',*,*,#3432,.T.);
#4352=ORIENTED_EDGE('',*,*,#3257,.T.);
#4353=ORIENTED_EDGE('',*,*,#3427,.T.);
#4354=ORIENTED_EDGE('',*,*,#3213,.T.);
#4355=ORIENTED_EDGE('',*,*,#3433,.T.);
#4356=ORIENTED_EDGE('',*,*,#3436,.T.);
#4357=ORIENTED_EDGE('',*,*,#3179,.F.);
#4358=ORIENTED_EDGE('',*,*,#3202,.F.);
#4359=ORIENTED_EDGE('',*,*,#3430,.F.);
#4360=ORIENTED_EDGE('',*,*,#3437,.T.);
#4361=ORIENTED_EDGE('',*,*,#3438,.T.);
#4362=ORIENTED_EDGE('',*,*,#3439,.F.);
#4363=ORIENTED_EDGE('',*,*,#3440,.F.);
#4364=ORIENTED_EDGE('',*,*,#3441,.T.);
#4365=ORIENTED_EDGE('',*,*,#3442,.T.);
#4366=ORIENTED_EDGE('',*,*,#3443,.F.);
#4367=ORIENTED_EDGE('',*,*,#3444,.F.);
#4368=ORIENTED_EDGE('',*,*,#3445,.T.);
#4369=ORIENTED_EDGE('',*,*,#3425,.F.);
#4370=ORIENTED_EDGE('',*,*,#3426,.F.);
#4371=ORIENTED_EDGE('',*,*,#3196,.F.);
#4372=ORIENTED_EDGE('',*,*,#3183,.F.);
#4373=ORIENTED_EDGE('',*,*,#3431,.F.);
#4374=ORIENTED_EDGE('',*,*,#3436,.F.);
#4375=ORIENTED_EDGE('',*,*,#3435,.F.);
#4376=ORIENTED_EDGE('',*,*,#3446,.T.);
#4377=ORIENTED_EDGE('',*,*,#3429,.F.);
#4378=ORIENTED_EDGE('',*,*,#3446,.F.);
#4379=ORIENTED_EDGE('',*,*,#3434,.F.);
#4380=ORIENTED_EDGE('',*,*,#3256,.F.);
#4381=ORIENTED_EDGE('',*,*,#3447,.T.);
#4382=ORIENTED_EDGE('',*,*,#3448,.T.);
#4383=ORIENTED_EDGE('',*,*,#3449,.T.);
#4384=ORIENTED_EDGE('',*,*,#3450,.T.);
#4385=ORIENTED_EDGE('',*,*,#3451,.T.);
#4386=ORIENTED_EDGE('',*,*,#3437,.F.);
#4387=ORIENTED_EDGE('',*,*,#3452,.F.);
#4388=ORIENTED_EDGE('',*,*,#3453,.F.);
#4389=ORIENTED_EDGE('',*,*,#3454,.F.);
#4390=ORIENTED_EDGE('',*,*,#3455,.F.);
#4391=ORIENTED_EDGE('',*,*,#3456,.F.);
#4392=ORIENTED_EDGE('',*,*,#3457,.F.);
#4393=ORIENTED_EDGE('',*,*,#3458,.F.);
#4394=ORIENTED_EDGE('',*,*,#3459,.F.);
#4395=ORIENTED_EDGE('',*,*,#3460,.F.);
#4396=ORIENTED_EDGE('',*,*,#3461,.F.);
#4397=ORIENTED_EDGE('',*,*,#3462,.F.);
#4398=ORIENTED_EDGE('',*,*,#3258,.F.);
#4399=ORIENTED_EDGE('',*,*,#3463,.F.);
#4400=ORIENTED_EDGE('',*,*,#3457,.T.);
#4401=ORIENTED_EDGE('',*,*,#3464,.T.);
#4402=ORIENTED_EDGE('',*,*,#3259,.F.);
#4403=ORIENTED_EDGE('',*,*,#3464,.F.);
#4404=ORIENTED_EDGE('',*,*,#3456,.T.);
#4405=ORIENTED_EDGE('',*,*,#3465,.T.);
#4406=ORIENTED_EDGE('',*,*,#3260,.F.);
#4407=ORIENTED_EDGE('',*,*,#3465,.F.);
#4408=ORIENTED_EDGE('',*,*,#3455,.T.);
#4409=ORIENTED_EDGE('',*,*,#3466,.T.);
#4410=ORIENTED_EDGE('',*,*,#3261,.F.);
#4411=ORIENTED_EDGE('',*,*,#3466,.F.);
#4412=ORIENTED_EDGE('',*,*,#3454,.T.);
#4413=ORIENTED_EDGE('',*,*,#3467,.T.);
#4414=ORIENTED_EDGE('',*,*,#3262,.F.);
#4415=ORIENTED_EDGE('',*,*,#3467,.F.);
#4416=ORIENTED_EDGE('',*,*,#3453,.T.);
#4417=ORIENTED_EDGE('',*,*,#3468,.T.);
#4418=ORIENTED_EDGE('',*,*,#3263,.F.);
#4419=ORIENTED_EDGE('',*,*,#3468,.F.);
#4420=ORIENTED_EDGE('',*,*,#3452,.T.);
#4421=ORIENTED_EDGE('',*,*,#3469,.T.);
#4422=ORIENTED_EDGE('',*,*,#3264,.F.);
#4423=ORIENTED_EDGE('',*,*,#3469,.F.);
#4424=ORIENTED_EDGE('',*,*,#3462,.T.);
#4425=ORIENTED_EDGE('',*,*,#3470,.T.);
#4426=ORIENTED_EDGE('',*,*,#3265,.F.);
#4427=ORIENTED_EDGE('',*,*,#3470,.F.);
#4428=ORIENTED_EDGE('',*,*,#3461,.T.);
#4429=ORIENTED_EDGE('',*,*,#3471,.T.);
#4430=ORIENTED_EDGE('',*,*,#3266,.F.);
#4431=ORIENTED_EDGE('',*,*,#3471,.F.);
#4432=ORIENTED_EDGE('',*,*,#3460,.T.);
#4433=ORIENTED_EDGE('',*,*,#3472,.T.);
#4434=ORIENTED_EDGE('',*,*,#3267,.F.);
#4435=ORIENTED_EDGE('',*,*,#3472,.F.);
#4436=ORIENTED_EDGE('',*,*,#3459,.T.);
#4437=ORIENTED_EDGE('',*,*,#3473,.T.);
#4438=ORIENTED_EDGE('',*,*,#3268,.F.);
#4439=ORIENTED_EDGE('',*,*,#3473,.F.);
#4440=ORIENTED_EDGE('',*,*,#3458,.T.);
#4441=ORIENTED_EDGE('',*,*,#3463,.T.);
#4442=ORIENTED_EDGE('',*,*,#3474,.F.);
#4443=ORIENTED_EDGE('',*,*,#3475,.F.);
#4444=ORIENTED_EDGE('',*,*,#3476,.F.);
#4445=ORIENTED_EDGE('',*,*,#3477,.F.);
#4446=ORIENTED_EDGE('',*,*,#3478,.F.);
#4447=ORIENTED_EDGE('',*,*,#3479,.F.);
#4448=ORIENTED_EDGE('',*,*,#3480,.F.);
#4449=ORIENTED_EDGE('',*,*,#3481,.F.);
#4450=ORIENTED_EDGE('',*,*,#3482,.F.);
#4451=ORIENTED_EDGE('',*,*,#3483,.F.);
#4452=ORIENTED_EDGE('',*,*,#3479,.T.);
#4453=ORIENTED_EDGE('',*,*,#3484,.T.);
#4454=ORIENTED_EDGE('',*,*,#3485,.F.);
#4455=ORIENTED_EDGE('',*,*,#3484,.F.);
#4456=ORIENTED_EDGE('',*,*,#3478,.T.);
#4457=ORIENTED_EDGE('',*,*,#3486,.T.);
#4458=ORIENTED_EDGE('',*,*,#3269,.F.);
#4459=ORIENTED_EDGE('',*,*,#3487,.F.);
#4460=ORIENTED_EDGE('',*,*,#3475,.T.);
#4461=ORIENTED_EDGE('',*,*,#3488,.T.);
#4462=ORIENTED_EDGE('',*,*,#3270,.F.);
#4463=ORIENTED_EDGE('',*,*,#3488,.F.);
#4464=ORIENTED_EDGE('',*,*,#3474,.T.);
#4465=ORIENTED_EDGE('',*,*,#3489,.T.);
#4466=ORIENTED_EDGE('',*,*,#3490,.F.);
#4467=ORIENTED_EDGE('',*,*,#3491,.F.);
#4468=ORIENTED_EDGE('',*,*,#3480,.T.);
#4469=ORIENTED_EDGE('',*,*,#3483,.T.);
#4470=ORIENTED_EDGE('',*,*,#3492,.F.);
#4471=ORIENTED_EDGE('',*,*,#3486,.F.);
#4472=ORIENTED_EDGE('',*,*,#3481,.T.);
#4473=ORIENTED_EDGE('',*,*,#3491,.T.);
#4474=ORIENTED_EDGE('',*,*,#3271,.F.);
#4475=ORIENTED_EDGE('',*,*,#3489,.F.);
#4476=ORIENTED_EDGE('',*,*,#3477,.T.);
#4477=ORIENTED_EDGE('',*,*,#3493,.T.);
#4478=ORIENTED_EDGE('',*,*,#3272,.F.);
#4479=ORIENTED_EDGE('',*,*,#3493,.F.);
#4480=ORIENTED_EDGE('',*,*,#3476,.T.);
#4481=ORIENTED_EDGE('',*,*,#3487,.T.);
#4482=ORIENTED_EDGE('',*,*,#3273,.F.);
#4483=ORIENTED_EDGE('',*,*,#3494,.F.);
#4484=ORIENTED_EDGE('',*,*,#3495,.T.);
#4485=ORIENTED_EDGE('',*,*,#3496,.T.);
#4486=ORIENTED_EDGE('',*,*,#3279,.F.);
#4487=ORIENTED_EDGE('',*,*,#3497,.F.);
#4488=ORIENTED_EDGE('',*,*,#3498,.T.);
#4489=ORIENTED_EDGE('',*,*,#3494,.T.);
#4490=ORIENTED_EDGE('',*,*,#3278,.F.);
#4491=ORIENTED_EDGE('',*,*,#3499,.F.);
#4492=ORIENTED_EDGE('',*,*,#3500,.T.);
#4493=ORIENTED_EDGE('',*,*,#3497,.T.);
#4494=ORIENTED_EDGE('',*,*,#3277,.F.);
#4495=ORIENTED_EDGE('',*,*,#3501,.F.);
#4496=ORIENTED_EDGE('',*,*,#3502,.T.);
#4497=ORIENTED_EDGE('',*,*,#3499,.T.);
#4498=ORIENTED_EDGE('',*,*,#3276,.F.);
#4499=ORIENTED_EDGE('',*,*,#3503,.F.);
#4500=ORIENTED_EDGE('',*,*,#3504,.T.);
#4501=ORIENTED_EDGE('',*,*,#3501,.T.);
#4502=ORIENTED_EDGE('',*,*,#3275,.F.);
#4503=ORIENTED_EDGE('',*,*,#3505,.F.);
#4504=ORIENTED_EDGE('',*,*,#3506,.T.);
#4505=ORIENTED_EDGE('',*,*,#3503,.T.);
#4506=ORIENTED_EDGE('',*,*,#3274,.F.);
#4507=ORIENTED_EDGE('',*,*,#3496,.F.);
#4508=ORIENTED_EDGE('',*,*,#3507,.T.);
#4509=ORIENTED_EDGE('',*,*,#3505,.T.);
#4510=ORIENTED_EDGE('',*,*,#3502,.F.);
#4511=ORIENTED_EDGE('',*,*,#3504,.F.);
#4512=ORIENTED_EDGE('',*,*,#3506,.F.);
#4513=ORIENTED_EDGE('',*,*,#3507,.F.);
#4514=ORIENTED_EDGE('',*,*,#3495,.F.);
#4515=ORIENTED_EDGE('',*,*,#3498,.F.);
#4516=ORIENTED_EDGE('',*,*,#3500,.F.);
#4517=ORIENTED_EDGE('',*,*,#3508,.F.);
#4518=ORIENTED_EDGE('',*,*,#3509,.F.);
#4519=ORIENTED_EDGE('',*,*,#3510,.F.);
#4520=ORIENTED_EDGE('',*,*,#3511,.F.);
#4521=ORIENTED_EDGE('',*,*,#3280,.F.);
#4522=ORIENTED_EDGE('',*,*,#3512,.F.);
#4523=ORIENTED_EDGE('',*,*,#3509,.T.);
#4524=ORIENTED_EDGE('',*,*,#3513,.T.);
#4525=ORIENTED_EDGE('',*,*,#3281,.F.);
#4526=ORIENTED_EDGE('',*,*,#3513,.F.);
#4527=ORIENTED_EDGE('',*,*,#3508,.T.);
#4528=ORIENTED_EDGE('',*,*,#3514,.T.);
#4529=ORIENTED_EDGE('',*,*,#3282,.F.);
#4530=ORIENTED_EDGE('',*,*,#3514,.F.);
#4531=ORIENTED_EDGE('',*,*,#3511,.T.);
#4532=ORIENTED_EDGE('',*,*,#3515,.T.);
#4533=ORIENTED_EDGE('',*,*,#3283,.F.);
#4534=ORIENTED_EDGE('',*,*,#3515,.F.);
#4535=ORIENTED_EDGE('',*,*,#3510,.T.);
#4536=ORIENTED_EDGE('',*,*,#3512,.T.);
#4537=ORIENTED_EDGE('',*,*,#3284,.F.);
#4538=ORIENTED_EDGE('',*,*,#3516,.F.);
#4539=ORIENTED_EDGE('',*,*,#3517,.T.);
#4540=ORIENTED_EDGE('',*,*,#3518,.T.);
#4541=ORIENTED_EDGE('',*,*,#3291,.F.);
#4542=ORIENTED_EDGE('',*,*,#3519,.F.);
#4543=ORIENTED_EDGE('',*,*,#3520,.T.);
#4544=ORIENTED_EDGE('',*,*,#3516,.T.);
#4545=ORIENTED_EDGE('',*,*,#3290,.F.);
#4546=ORIENTED_EDGE('',*,*,#3521,.F.);
#4547=ORIENTED_EDGE('',*,*,#3522,.T.);
#4548=ORIENTED_EDGE('',*,*,#3519,.T.);
#4549=ORIENTED_EDGE('',*,*,#3289,.F.);
#4550=ORIENTED_EDGE('',*,*,#3523,.F.);
#4551=ORIENTED_EDGE('',*,*,#3524,.T.);
#4552=ORIENTED_EDGE('',*,*,#3521,.T.);
#4553=ORIENTED_EDGE('',*,*,#3525,.F.);
#4554=ORIENTED_EDGE('',*,*,#3526,.F.);
#4555=ORIENTED_EDGE('',*,*,#3527,.T.);
#4556=ORIENTED_EDGE('',*,*,#3528,.T.);
#4557=ORIENTED_EDGE('',*,*,#3529,.F.);
#4558=ORIENTED_EDGE('',*,*,#3528,.F.);
#4559=ORIENTED_EDGE('',*,*,#3530,.T.);
#4560=ORIENTED_EDGE('',*,*,#3531,.T.);
#4561=ORIENTED_EDGE('',*,*,#3288,.F.);
#4562=ORIENTED_EDGE('',*,*,#3532,.F.);
#4563=ORIENTED_EDGE('',*,*,#3533,.T.);
#4564=ORIENTED_EDGE('',*,*,#3523,.T.);
#4565=ORIENTED_EDGE('',*,*,#3287,.F.);
#4566=ORIENTED_EDGE('',*,*,#3534,.F.);
#4567=ORIENTED_EDGE('',*,*,#3535,.T.);
#4568=ORIENTED_EDGE('',*,*,#3532,.T.);
#4569=ORIENTED_EDGE('',*,*,#3286,.F.);
#4570=ORIENTED_EDGE('',*,*,#3536,.F.);
#4571=ORIENTED_EDGE('',*,*,#3537,.T.);
#4572=ORIENTED_EDGE('',*,*,#3534,.T.);
#4573=ORIENTED_EDGE('',*,*,#3285,.F.);
#4574=ORIENTED_EDGE('',*,*,#3518,.F.);
#4575=ORIENTED_EDGE('',*,*,#3538,.T.);
#4576=ORIENTED_EDGE('',*,*,#3536,.T.);
#4577=ORIENTED_EDGE('',*,*,#3539,.F.);
#4578=ORIENTED_EDGE('',*,*,#3540,.F.);
#4579=ORIENTED_EDGE('',*,*,#3541,.T.);
#4580=ORIENTED_EDGE('',*,*,#3526,.T.);
#4581=ORIENTED_EDGE('',*,*,#3542,.F.);
#4582=ORIENTED_EDGE('',*,*,#3543,.F.);
#4583=ORIENTED_EDGE('',*,*,#3544,.T.);
#4584=ORIENTED_EDGE('',*,*,#3540,.T.);
#4585=ORIENTED_EDGE('',*,*,#3545,.F.);
#4586=ORIENTED_EDGE('',*,*,#3531,.F.);
#4587=ORIENTED_EDGE('',*,*,#3546,.T.);
#4588=ORIENTED_EDGE('',*,*,#3543,.T.);
#4589=ORIENTED_EDGE('',*,*,#3533,.F.);
#4590=ORIENTED_EDGE('',*,*,#3535,.F.);
#4591=ORIENTED_EDGE('',*,*,#3537,.F.);
#4592=ORIENTED_EDGE('',*,*,#3538,.F.);
#4593=ORIENTED_EDGE('',*,*,#3517,.F.);
#4594=ORIENTED_EDGE('',*,*,#3520,.F.);
#4595=ORIENTED_EDGE('',*,*,#3522,.F.);
#4596=ORIENTED_EDGE('',*,*,#3524,.F.);
#4597=ORIENTED_EDGE('',*,*,#3541,.F.);
#4598=ORIENTED_EDGE('',*,*,#3544,.F.);
#4599=ORIENTED_EDGE('',*,*,#3546,.F.);
#4600=ORIENTED_EDGE('',*,*,#3530,.F.);
#4601=ORIENTED_EDGE('',*,*,#3527,.F.);
#4602=ORIENTED_EDGE('',*,*,#3547,.F.);
#4603=ORIENTED_EDGE('',*,*,#3548,.F.);
#4604=ORIENTED_EDGE('',*,*,#3549,.F.);
#4605=ORIENTED_EDGE('',*,*,#3550,.F.);
#4606=ORIENTED_EDGE('',*,*,#3292,.F.);
#4607=ORIENTED_EDGE('',*,*,#3551,.F.);
#4608=ORIENTED_EDGE('',*,*,#3548,.T.);
#4609=ORIENTED_EDGE('',*,*,#3552,.T.);
#4610=ORIENTED_EDGE('',*,*,#3293,.F.);
#4611=ORIENTED_EDGE('',*,*,#3552,.F.);
#4612=ORIENTED_EDGE('',*,*,#3547,.T.);
#4613=ORIENTED_EDGE('',*,*,#3553,.T.);
#4614=ORIENTED_EDGE('',*,*,#3294,.F.);
#4615=ORIENTED_EDGE('',*,*,#3553,.F.);
#4616=ORIENTED_EDGE('',*,*,#3550,.T.);
#4617=ORIENTED_EDGE('',*,*,#3554,.T.);
#4618=ORIENTED_EDGE('',*,*,#3295,.F.);
#4619=ORIENTED_EDGE('',*,*,#3554,.F.);
#4620=ORIENTED_EDGE('',*,*,#3549,.T.);
#4621=ORIENTED_EDGE('',*,*,#3551,.T.);
#4622=ORIENTED_EDGE('',*,*,#3296,.F.);
#4623=ORIENTED_EDGE('',*,*,#3555,.F.);
#4624=ORIENTED_EDGE('',*,*,#3556,.T.);
#4625=ORIENTED_EDGE('',*,*,#3557,.T.);
#4626=ORIENTED_EDGE('',*,*,#3306,.F.);
#4627=ORIENTED_EDGE('',*,*,#3558,.F.);
#4628=ORIENTED_EDGE('',*,*,#3559,.T.);
#4629=ORIENTED_EDGE('',*,*,#3555,.T.);
#4630=ORIENTED_EDGE('',*,*,#3305,.F.);
#4631=ORIENTED_EDGE('',*,*,#3560,.F.);
#4632=ORIENTED_EDGE('',*,*,#3561,.T.);
#4633=ORIENTED_EDGE('',*,*,#3558,.T.);
#4634=ORIENTED_EDGE('',*,*,#3304,.F.);
#4635=ORIENTED_EDGE('',*,*,#3562,.F.);
#4636=ORIENTED_EDGE('',*,*,#3563,.T.);
#4637=ORIENTED_EDGE('',*,*,#3560,.T.);
#4638=ORIENTED_EDGE('',*,*,#3303,.F.);
#4639=ORIENTED_EDGE('',*,*,#3564,.F.);
#4640=ORIENTED_EDGE('',*,*,#3565,.T.);
#4641=ORIENTED_EDGE('',*,*,#3562,.T.);
#4642=ORIENTED_EDGE('',*,*,#3566,.F.);
#4643=ORIENTED_EDGE('',*,*,#3567,.F.);
#4644=ORIENTED_EDGE('',*,*,#3568,.T.);
#4645=ORIENTED_EDGE('',*,*,#3569,.T.);
#4646=ORIENTED_EDGE('',*,*,#3570,.F.);
#4647=ORIENTED_EDGE('',*,*,#3569,.F.);
#4648=ORIENTED_EDGE('',*,*,#3571,.T.);
#4649=ORIENTED_EDGE('',*,*,#3572,.T.);
#4650=ORIENTED_EDGE('',*,*,#3302,.F.);
#4651=ORIENTED_EDGE('',*,*,#3573,.F.);
#4652=ORIENTED_EDGE('',*,*,#3574,.T.);
#4653=ORIENTED_EDGE('',*,*,#3564,.T.);
#4654=ORIENTED_EDGE('',*,*,#3301,.F.);
#4655=ORIENTED_EDGE('',*,*,#3575,.F.);
#4656=ORIENTED_EDGE('',*,*,#3576,.T.);
#4657=ORIENTED_EDGE('',*,*,#3573,.T.);
#4658=ORIENTED_EDGE('',*,*,#3300,.F.);
#4659=ORIENTED_EDGE('',*,*,#3577,.F.);
#4660=ORIENTED_EDGE('',*,*,#3578,.T.);
#4661=ORIENTED_EDGE('',*,*,#3575,.T.);
#4662=ORIENTED_EDGE('',*,*,#3299,.F.);
#4663=ORIENTED_EDGE('',*,*,#3579,.F.);
#4664=ORIENTED_EDGE('',*,*,#3580,.T.);
#4665=ORIENTED_EDGE('',*,*,#3577,.T.);
#4666=ORIENTED_EDGE('',*,*,#3298,.F.);
#4667=ORIENTED_EDGE('',*,*,#3581,.F.);
#4668=ORIENTED_EDGE('',*,*,#3582,.T.);
#4669=ORIENTED_EDGE('',*,*,#3579,.T.);
#4670=ORIENTED_EDGE('',*,*,#3297,.F.);
#4671=ORIENTED_EDGE('',*,*,#3557,.F.);
#4672=ORIENTED_EDGE('',*,*,#3583,.T.);
#4673=ORIENTED_EDGE('',*,*,#3581,.T.);
#4674=ORIENTED_EDGE('',*,*,#3584,.F.);
#4675=ORIENTED_EDGE('',*,*,#3585,.F.);
#4676=ORIENTED_EDGE('',*,*,#3586,.T.);
#4677=ORIENTED_EDGE('',*,*,#3567,.T.);
#4678=ORIENTED_EDGE('',*,*,#3587,.F.);
#4679=ORIENTED_EDGE('',*,*,#3572,.F.);
#4680=ORIENTED_EDGE('',*,*,#3588,.T.);
#4681=ORIENTED_EDGE('',*,*,#3585,.T.);
#4682=ORIENTED_EDGE('',*,*,#3574,.F.);
#4683=ORIENTED_EDGE('',*,*,#3576,.F.);
#4684=ORIENTED_EDGE('',*,*,#3578,.F.);
#4685=ORIENTED_EDGE('',*,*,#3580,.F.);
#4686=ORIENTED_EDGE('',*,*,#3582,.F.);
#4687=ORIENTED_EDGE('',*,*,#3583,.F.);
#4688=ORIENTED_EDGE('',*,*,#3556,.F.);
#4689=ORIENTED_EDGE('',*,*,#3559,.F.);
#4690=ORIENTED_EDGE('',*,*,#3561,.F.);
#4691=ORIENTED_EDGE('',*,*,#3563,.F.);
#4692=ORIENTED_EDGE('',*,*,#3565,.F.);
#4693=ORIENTED_EDGE('',*,*,#3586,.F.);
#4694=ORIENTED_EDGE('',*,*,#3588,.F.);
#4695=ORIENTED_EDGE('',*,*,#3571,.F.);
#4696=ORIENTED_EDGE('',*,*,#3568,.F.);
#4697=ORIENTED_EDGE('',*,*,#3589,.F.);
#4698=ORIENTED_EDGE('',*,*,#3590,.F.);
#4699=ORIENTED_EDGE('',*,*,#3591,.F.);
#4700=ORIENTED_EDGE('',*,*,#3592,.F.);
#4701=ORIENTED_EDGE('',*,*,#3307,.F.);
#4702=ORIENTED_EDGE('',*,*,#3593,.F.);
#4703=ORIENTED_EDGE('',*,*,#3590,.T.);
#4704=ORIENTED_EDGE('',*,*,#3594,.T.);
#4705=ORIENTED_EDGE('',*,*,#3308,.F.);
#4706=ORIENTED_EDGE('',*,*,#3594,.F.);
#4707=ORIENTED_EDGE('',*,*,#3589,.T.);
#4708=ORIENTED_EDGE('',*,*,#3595,.T.);
#4709=ORIENTED_EDGE('',*,*,#3309,.F.);
#4710=ORIENTED_EDGE('',*,*,#3595,.F.);
#4711=ORIENTED_EDGE('',*,*,#3592,.T.);
#4712=ORIENTED_EDGE('',*,*,#3596,.T.);
#4713=ORIENTED_EDGE('',*,*,#3310,.F.);
#4714=ORIENTED_EDGE('',*,*,#3596,.F.);
#4715=ORIENTED_EDGE('',*,*,#3591,.T.);
#4716=ORIENTED_EDGE('',*,*,#3593,.T.);
#4717=ORIENTED_EDGE('',*,*,#3311,.F.);
#4718=ORIENTED_EDGE('',*,*,#3597,.F.);
#4719=ORIENTED_EDGE('',*,*,#3598,.T.);
#4720=ORIENTED_EDGE('',*,*,#3599,.T.);
#4721=ORIENTED_EDGE('',*,*,#3320,.F.);
#4722=ORIENTED_EDGE('',*,*,#3600,.F.);
#4723=ORIENTED_EDGE('',*,*,#3601,.T.);
#4724=ORIENTED_EDGE('',*,*,#3597,.T.);
#4725=ORIENTED_EDGE('',*,*,#3319,.F.);
#4726=ORIENTED_EDGE('',*,*,#3602,.F.);
#4727=ORIENTED_EDGE('',*,*,#3603,.T.);
#4728=ORIENTED_EDGE('',*,*,#3600,.T.);
#4729=ORIENTED_EDGE('',*,*,#3318,.F.);
#4730=ORIENTED_EDGE('',*,*,#3604,.F.);
#4731=ORIENTED_EDGE('',*,*,#3605,.T.);
#4732=ORIENTED_EDGE('',*,*,#3602,.T.);
#4733=ORIENTED_EDGE('',*,*,#3317,.F.);
#4734=ORIENTED_EDGE('',*,*,#3606,.F.);
#4735=ORIENTED_EDGE('',*,*,#3607,.T.);
#4736=ORIENTED_EDGE('',*,*,#3604,.T.);
#4737=ORIENTED_EDGE('',*,*,#3316,.F.);
#4738=ORIENTED_EDGE('',*,*,#3608,.F.);
#4739=ORIENTED_EDGE('',*,*,#3609,.T.);
#4740=ORIENTED_EDGE('',*,*,#3606,.T.);
#4741=ORIENTED_EDGE('',*,*,#3315,.F.);
#4742=ORIENTED_EDGE('',*,*,#3610,.F.);
#4743=ORIENTED_EDGE('',*,*,#3611,.T.);
#4744=ORIENTED_EDGE('',*,*,#3608,.T.);
#4745=ORIENTED_EDGE('',*,*,#3314,.F.);
#4746=ORIENTED_EDGE('',*,*,#3612,.F.);
#4747=ORIENTED_EDGE('',*,*,#3613,.T.);
#4748=ORIENTED_EDGE('',*,*,#3610,.T.);
#4749=ORIENTED_EDGE('',*,*,#3313,.F.);
#4750=ORIENTED_EDGE('',*,*,#3614,.F.);
#4751=ORIENTED_EDGE('',*,*,#3615,.T.);
#4752=ORIENTED_EDGE('',*,*,#3612,.T.);
#4753=ORIENTED_EDGE('',*,*,#3312,.F.);
#4754=ORIENTED_EDGE('',*,*,#3599,.F.);
#4755=ORIENTED_EDGE('',*,*,#3616,.T.);
#4756=ORIENTED_EDGE('',*,*,#3614,.T.);
#4757=ORIENTED_EDGE('',*,*,#3609,.F.);
#4758=ORIENTED_EDGE('',*,*,#3611,.F.);
#4759=ORIENTED_EDGE('',*,*,#3613,.F.);
#4760=ORIENTED_EDGE('',*,*,#3615,.F.);
#4761=ORIENTED_EDGE('',*,*,#3616,.F.);
#4762=ORIENTED_EDGE('',*,*,#3598,.F.);
#4763=ORIENTED_EDGE('',*,*,#3601,.F.);
#4764=ORIENTED_EDGE('',*,*,#3603,.F.);
#4765=ORIENTED_EDGE('',*,*,#3605,.F.);
#4766=ORIENTED_EDGE('',*,*,#3607,.F.);
#4767=ORIENTED_EDGE('',*,*,#3617,.F.);
#4768=ORIENTED_EDGE('',*,*,#3618,.F.);
#4769=ORIENTED_EDGE('',*,*,#3619,.F.);
#4770=ORIENTED_EDGE('',*,*,#3620,.F.);
#4771=ORIENTED_EDGE('',*,*,#3621,.F.);
#4772=ORIENTED_EDGE('',*,*,#3622,.F.);
#4773=ORIENTED_EDGE('',*,*,#3623,.F.);
#4774=ORIENTED_EDGE('',*,*,#3624,.F.);
#4775=ORIENTED_EDGE('',*,*,#3625,.F.);
#4776=ORIENTED_EDGE('',*,*,#3626,.F.);
#4777=ORIENTED_EDGE('',*,*,#3627,.F.);
#4778=ORIENTED_EDGE('',*,*,#3628,.F.);
#4779=ORIENTED_EDGE('',*,*,#3629,.F.);
#4780=ORIENTED_EDGE('',*,*,#3630,.F.);
#4781=ORIENTED_EDGE('',*,*,#3631,.F.);
#4782=ORIENTED_EDGE('',*,*,#3626,.T.);
#4783=ORIENTED_EDGE('',*,*,#3632,.T.);
#4784=ORIENTED_EDGE('',*,*,#3633,.F.);
#4785=ORIENTED_EDGE('',*,*,#3632,.F.);
#4786=ORIENTED_EDGE('',*,*,#3625,.T.);
#4787=ORIENTED_EDGE('',*,*,#3634,.T.);
#4788=ORIENTED_EDGE('',*,*,#3635,.F.);
#4789=ORIENTED_EDGE('',*,*,#3634,.F.);
#4790=ORIENTED_EDGE('',*,*,#3624,.T.);
#4791=ORIENTED_EDGE('',*,*,#3636,.T.);
#4792=ORIENTED_EDGE('',*,*,#3637,.F.);
#4793=ORIENTED_EDGE('',*,*,#3636,.F.);
#4794=ORIENTED_EDGE('',*,*,#3623,.T.);
#4795=ORIENTED_EDGE('',*,*,#3638,.T.);
#4796=ORIENTED_EDGE('',*,*,#3321,.F.);
#4797=ORIENTED_EDGE('',*,*,#3639,.F.);
#4798=ORIENTED_EDGE('',*,*,#3619,.T.);
#4799=ORIENTED_EDGE('',*,*,#3640,.T.);
#4800=ORIENTED_EDGE('',*,*,#3322,.F.);
#4801=ORIENTED_EDGE('',*,*,#3640,.F.);
#4802=ORIENTED_EDGE('',*,*,#3618,.T.);
#4803=ORIENTED_EDGE('',*,*,#3641,.T.);
#4804=ORIENTED_EDGE('',*,*,#3323,.F.);
#4805=ORIENTED_EDGE('',*,*,#3641,.F.);
#4806=ORIENTED_EDGE('',*,*,#3617,.T.);
#4807=ORIENTED_EDGE('',*,*,#3642,.T.);
#4808=ORIENTED_EDGE('',*,*,#3643,.F.);
#4809=ORIENTED_EDGE('',*,*,#3644,.F.);
#4810=ORIENTED_EDGE('',*,*,#3627,.T.);
#4811=ORIENTED_EDGE('',*,*,#3631,.T.);
#4812=ORIENTED_EDGE('',*,*,#3645,.F.);
#4813=ORIENTED_EDGE('',*,*,#3646,.F.);
#4814=ORIENTED_EDGE('',*,*,#3628,.T.);
#4815=ORIENTED_EDGE('',*,*,#3644,.T.);
#4816=ORIENTED_EDGE('',*,*,#3647,.F.);
#4817=ORIENTED_EDGE('',*,*,#3638,.F.);
#4818=ORIENTED_EDGE('',*,*,#3629,.T.);
#4819=ORIENTED_EDGE('',*,*,#3646,.T.);
#4820=ORIENTED_EDGE('',*,*,#3324,.F.);
#4821=ORIENTED_EDGE('',*,*,#3642,.F.);
#4822=ORIENTED_EDGE('',*,*,#3622,.T.);
#4823=ORIENTED_EDGE('',*,*,#3648,.T.);
#4824=ORIENTED_EDGE('',*,*,#3325,.F.);
#4825=ORIENTED_EDGE('',*,*,#3648,.F.);
#4826=ORIENTED_EDGE('',*,*,#3621,.T.);
#4827=ORIENTED_EDGE('',*,*,#3649,.T.);
#4828=ORIENTED_EDGE('',*,*,#3326,.F.);
#4829=ORIENTED_EDGE('',*,*,#3649,.F.);
#4830=ORIENTED_EDGE('',*,*,#3620,.T.);
#4831=ORIENTED_EDGE('',*,*,#3639,.T.);
#4832=ORIENTED_EDGE('',*,*,#3327,.F.);
#4833=ORIENTED_EDGE('',*,*,#3650,.F.);
#4834=ORIENTED_EDGE('',*,*,#3651,.T.);
#4835=ORIENTED_EDGE('',*,*,#3652,.T.);
#4836=ORIENTED_EDGE('',*,*,#3330,.F.);
#4837=ORIENTED_EDGE('',*,*,#3653,.F.);
#4838=ORIENTED_EDGE('',*,*,#3654,.T.);
#4839=ORIENTED_EDGE('',*,*,#3650,.T.);
#4840=ORIENTED_EDGE('',*,*,#3329,.F.);
#4841=ORIENTED_EDGE('',*,*,#3655,.F.);
#4842=ORIENTED_EDGE('',*,*,#3656,.T.);
#4843=ORIENTED_EDGE('',*,*,#3653,.T.);
#4844=ORIENTED_EDGE('',*,*,#3328,.F.);
#4845=ORIENTED_EDGE('',*,*,#3652,.F.);
#4846=ORIENTED_EDGE('',*,*,#3657,.T.);
#4847=ORIENTED_EDGE('',*,*,#3655,.T.);
#4848=ORIENTED_EDGE('',*,*,#3656,.F.);
#4849=ORIENTED_EDGE('',*,*,#3657,.F.);
#4850=ORIENTED_EDGE('',*,*,#3651,.F.);
#4851=ORIENTED_EDGE('',*,*,#3654,.F.);
#4852=ORIENTED_EDGE('',*,*,#3658,.F.);
#4853=ORIENTED_EDGE('',*,*,#3659,.F.);
#4854=ORIENTED_EDGE('',*,*,#3660,.F.);
#4855=ORIENTED_EDGE('',*,*,#3661,.F.);
#4856=ORIENTED_EDGE('',*,*,#3662,.F.);
#4857=ORIENTED_EDGE('',*,*,#3663,.F.);
#4858=ORIENTED_EDGE('',*,*,#3664,.F.);
#4859=ORIENTED_EDGE('',*,*,#3665,.F.);
#4860=ORIENTED_EDGE('',*,*,#3666,.F.);
#4861=ORIENTED_EDGE('',*,*,#3667,.F.);
#4862=ORIENTED_EDGE('',*,*,#3331,.F.);
#4863=ORIENTED_EDGE('',*,*,#3668,.F.);
#4864=ORIENTED_EDGE('',*,*,#3662,.T.);
#4865=ORIENTED_EDGE('',*,*,#3669,.T.);
#4866=ORIENTED_EDGE('',*,*,#3332,.F.);
#4867=ORIENTED_EDGE('',*,*,#3669,.F.);
#4868=ORIENTED_EDGE('',*,*,#3661,.T.);
#4869=ORIENTED_EDGE('',*,*,#3670,.T.);
#4870=ORIENTED_EDGE('',*,*,#3333,.F.);
#4871=ORIENTED_EDGE('',*,*,#3670,.F.);
#4872=ORIENTED_EDGE('',*,*,#3660,.T.);
#4873=ORIENTED_EDGE('',*,*,#3671,.T.);
#4874=ORIENTED_EDGE('',*,*,#3334,.F.);
#4875=ORIENTED_EDGE('',*,*,#3671,.F.);
#4876=ORIENTED_EDGE('',*,*,#3659,.T.);
#4877=ORIENTED_EDGE('',*,*,#3672,.T.);
#4878=ORIENTED_EDGE('',*,*,#3335,.F.);
#4879=ORIENTED_EDGE('',*,*,#3672,.F.);
#4880=ORIENTED_EDGE('',*,*,#3658,.T.);
#4881=ORIENTED_EDGE('',*,*,#3673,.T.);
#4882=ORIENTED_EDGE('',*,*,#3336,.F.);
#4883=ORIENTED_EDGE('',*,*,#3673,.F.);
#4884=ORIENTED_EDGE('',*,*,#3667,.T.);
#4885=ORIENTED_EDGE('',*,*,#3674,.T.);
#4886=ORIENTED_EDGE('',*,*,#3337,.F.);
#4887=ORIENTED_EDGE('',*,*,#3674,.F.);
#4888=ORIENTED_EDGE('',*,*,#3666,.T.);
#4889=ORIENTED_EDGE('',*,*,#3675,.T.);
#4890=ORIENTED_EDGE('',*,*,#3338,.F.);
#4891=ORIENTED_EDGE('',*,*,#3675,.F.);
#4892=ORIENTED_EDGE('',*,*,#3665,.T.);
#4893=ORIENTED_EDGE('',*,*,#3676,.T.);
#4894=ORIENTED_EDGE('',*,*,#3339,.F.);
#4895=ORIENTED_EDGE('',*,*,#3676,.F.);
#4896=ORIENTED_EDGE('',*,*,#3664,.T.);
#4897=ORIENTED_EDGE('',*,*,#3677,.T.);
#4898=ORIENTED_EDGE('',*,*,#3340,.F.);
#4899=ORIENTED_EDGE('',*,*,#3677,.F.);
#4900=ORIENTED_EDGE('',*,*,#3663,.T.);
#4901=ORIENTED_EDGE('',*,*,#3668,.T.);
#4902=ORIENTED_EDGE('',*,*,#3341,.F.);
#4903=ORIENTED_EDGE('',*,*,#3678,.F.);
#4904=ORIENTED_EDGE('',*,*,#3679,.T.);
#4905=ORIENTED_EDGE('',*,*,#3680,.T.);
#4906=ORIENTED_EDGE('',*,*,#3344,.F.);
#4907=ORIENTED_EDGE('',*,*,#3681,.F.);
#4908=ORIENTED_EDGE('',*,*,#3682,.T.);
#4909=ORIENTED_EDGE('',*,*,#3678,.T.);
#4910=ORIENTED_EDGE('',*,*,#3343,.F.);
#4911=ORIENTED_EDGE('',*,*,#3683,.F.);
#4912=ORIENTED_EDGE('',*,*,#3684,.T.);
#4913=ORIENTED_EDGE('',*,*,#3681,.T.);
#4914=ORIENTED_EDGE('',*,*,#3342,.F.);
#4915=ORIENTED_EDGE('',*,*,#3680,.F.);
#4916=ORIENTED_EDGE('',*,*,#3685,.T.);
#4917=ORIENTED_EDGE('',*,*,#3683,.T.);
#4918=ORIENTED_EDGE('',*,*,#3684,.F.);
#4919=ORIENTED_EDGE('',*,*,#3685,.F.);
#4920=ORIENTED_EDGE('',*,*,#3679,.F.);
#4921=ORIENTED_EDGE('',*,*,#3682,.F.);
#4922=ORIENTED_EDGE('',*,*,#3686,.F.);
#4923=ORIENTED_EDGE('',*,*,#3687,.F.);
#4924=ORIENTED_EDGE('',*,*,#3688,.F.);
#4925=ORIENTED_EDGE('',*,*,#3689,.F.);
#4926=ORIENTED_EDGE('',*,*,#3345,.F.);
#4927=ORIENTED_EDGE('',*,*,#3690,.F.);
#4928=ORIENTED_EDGE('',*,*,#3687,.T.);
#4929=ORIENTED_EDGE('',*,*,#3691,.T.);
#4930=ORIENTED_EDGE('',*,*,#3346,.F.);
#4931=ORIENTED_EDGE('',*,*,#3691,.F.);
#4932=ORIENTED_EDGE('',*,*,#3686,.T.);
#4933=ORIENTED_EDGE('',*,*,#3692,.T.);
#4934=ORIENTED_EDGE('',*,*,#3347,.F.);
#4935=ORIENTED_EDGE('',*,*,#3692,.F.);
#4936=ORIENTED_EDGE('',*,*,#3689,.T.);
#4937=ORIENTED_EDGE('',*,*,#3693,.T.);
#4938=ORIENTED_EDGE('',*,*,#3348,.F.);
#4939=ORIENTED_EDGE('',*,*,#3693,.F.);
#4940=ORIENTED_EDGE('',*,*,#3688,.T.);
#4941=ORIENTED_EDGE('',*,*,#3690,.T.);
#4942=ORIENTED_EDGE('',*,*,#3349,.F.);
#4943=ORIENTED_EDGE('',*,*,#3694,.F.);
#4944=ORIENTED_EDGE('',*,*,#3695,.T.);
#4945=ORIENTED_EDGE('',*,*,#3696,.T.);
#4946=ORIENTED_EDGE('',*,*,#3357,.F.);
#4947=ORIENTED_EDGE('',*,*,#3697,.F.);
#4948=ORIENTED_EDGE('',*,*,#3698,.T.);
#4949=ORIENTED_EDGE('',*,*,#3694,.T.);
#4950=ORIENTED_EDGE('',*,*,#3356,.F.);
#4951=ORIENTED_EDGE('',*,*,#3699,.F.);
#4952=ORIENTED_EDGE('',*,*,#3700,.T.);
#4953=ORIENTED_EDGE('',*,*,#3697,.T.);
#4954=ORIENTED_EDGE('',*,*,#3355,.F.);
#4955=ORIENTED_EDGE('',*,*,#3701,.F.);
#4956=ORIENTED_EDGE('',*,*,#3702,.T.);
#4957=ORIENTED_EDGE('',*,*,#3699,.T.);
#4958=ORIENTED_EDGE('',*,*,#3354,.F.);
#4959=ORIENTED_EDGE('',*,*,#3703,.F.);
#4960=ORIENTED_EDGE('',*,*,#3704,.T.);
#4961=ORIENTED_EDGE('',*,*,#3701,.T.);
#4962=ORIENTED_EDGE('',*,*,#3353,.F.);
#4963=ORIENTED_EDGE('',*,*,#3705,.F.);
#4964=ORIENTED_EDGE('',*,*,#3706,.T.);
#4965=ORIENTED_EDGE('',*,*,#3703,.T.);
#4966=ORIENTED_EDGE('',*,*,#3352,.F.);
#4967=ORIENTED_EDGE('',*,*,#3707,.F.);
#4968=ORIENTED_EDGE('',*,*,#3708,.T.);
#4969=ORIENTED_EDGE('',*,*,#3705,.T.);
#4970=ORIENTED_EDGE('',*,*,#3351,.F.);
#4971=ORIENTED_EDGE('',*,*,#3709,.F.);
#4972=ORIENTED_EDGE('',*,*,#3710,.T.);
#4973=ORIENTED_EDGE('',*,*,#3707,.T.);
#4974=ORIENTED_EDGE('',*,*,#3350,.F.);
#4975=ORIENTED_EDGE('',*,*,#3696,.F.);
#4976=ORIENTED_EDGE('',*,*,#3711,.T.);
#4977=ORIENTED_EDGE('',*,*,#3709,.T.);
#4978=ORIENTED_EDGE('',*,*,#3704,.F.);
#4979=ORIENTED_EDGE('',*,*,#3706,.F.);
#4980=ORIENTED_EDGE('',*,*,#3708,.F.);
#4981=ORIENTED_EDGE('',*,*,#3710,.F.);
#4982=ORIENTED_EDGE('',*,*,#3711,.F.);
#4983=ORIENTED_EDGE('',*,*,#3695,.F.);
#4984=ORIENTED_EDGE('',*,*,#3698,.F.);
#4985=ORIENTED_EDGE('',*,*,#3700,.F.);
#4986=ORIENTED_EDGE('',*,*,#3702,.F.);
#4987=ORIENTED_EDGE('',*,*,#3712,.F.);
#4988=ORIENTED_EDGE('',*,*,#3713,.F.);
#4989=ORIENTED_EDGE('',*,*,#3714,.F.);
#4990=ORIENTED_EDGE('',*,*,#3715,.F.);
#4991=ORIENTED_EDGE('',*,*,#3716,.F.);
#4992=ORIENTED_EDGE('',*,*,#3717,.F.);
#4993=ORIENTED_EDGE('',*,*,#3718,.F.);
#4994=ORIENTED_EDGE('',*,*,#3719,.F.);
#4995=ORIENTED_EDGE('',*,*,#3720,.F.);
#4996=ORIENTED_EDGE('',*,*,#3721,.F.);
#4997=ORIENTED_EDGE('',*,*,#3722,.F.);
#4998=ORIENTED_EDGE('',*,*,#3723,.F.);
#4999=ORIENTED_EDGE('',*,*,#3724,.F.);
#5000=ORIENTED_EDGE('',*,*,#3725,.F.);
#5001=ORIENTED_EDGE('',*,*,#3726,.F.);
#5002=ORIENTED_EDGE('',*,*,#3727,.F.);
#5003=ORIENTED_EDGE('',*,*,#3728,.F.);
#5004=ORIENTED_EDGE('',*,*,#3729,.F.);
#5005=ORIENTED_EDGE('',*,*,#3730,.F.);
#5006=ORIENTED_EDGE('',*,*,#3731,.F.);
#5007=ORIENTED_EDGE('',*,*,#3732,.F.);
#5008=ORIENTED_EDGE('',*,*,#3728,.T.);
#5009=ORIENTED_EDGE('',*,*,#3733,.T.);
#5010=ORIENTED_EDGE('',*,*,#3734,.F.);
#5011=ORIENTED_EDGE('',*,*,#3733,.F.);
#5012=ORIENTED_EDGE('',*,*,#3727,.T.);
#5013=ORIENTED_EDGE('',*,*,#3735,.T.);
#5014=ORIENTED_EDGE('',*,*,#3736,.F.);
#5015=ORIENTED_EDGE('',*,*,#3735,.F.);
#5016=ORIENTED_EDGE('',*,*,#3726,.T.);
#5017=ORIENTED_EDGE('',*,*,#3737,.T.);
#5018=ORIENTED_EDGE('',*,*,#3358,.F.);
#5019=ORIENTED_EDGE('',*,*,#3738,.F.);
#5020=ORIENTED_EDGE('',*,*,#3718,.T.);
#5021=ORIENTED_EDGE('',*,*,#3739,.T.);
#5022=ORIENTED_EDGE('',*,*,#3359,.F.);
#5023=ORIENTED_EDGE('',*,*,#3739,.F.);
#5024=ORIENTED_EDGE('',*,*,#3717,.T.);
#5025=ORIENTED_EDGE('',*,*,#3740,.T.);
#5026=ORIENTED_EDGE('',*,*,#3360,.F.);
#5027=ORIENTED_EDGE('',*,*,#3740,.F.);
#5028=ORIENTED_EDGE('',*,*,#3716,.T.);
#5029=ORIENTED_EDGE('',*,*,#3741,.T.);
#5030=ORIENTED_EDGE('',*,*,#3361,.F.);
#5031=ORIENTED_EDGE('',*,*,#3741,.F.);
#5032=ORIENTED_EDGE('',*,*,#3715,.T.);
#5033=ORIENTED_EDGE('',*,*,#3742,.T.);
#5034=ORIENTED_EDGE('',*,*,#3362,.F.);
#5035=ORIENTED_EDGE('',*,*,#3742,.F.);
#5036=ORIENTED_EDGE('',*,*,#3714,.T.);
#5037=ORIENTED_EDGE('',*,*,#3743,.T.);
#5038=ORIENTED_EDGE('',*,*,#3363,.F.);
#5039=ORIENTED_EDGE('',*,*,#3743,.F.);
#5040=ORIENTED_EDGE('',*,*,#3713,.T.);
#5041=ORIENTED_EDGE('',*,*,#3744,.T.);
#5042=ORIENTED_EDGE('',*,*,#3364,.F.);
#5043=ORIENTED_EDGE('',*,*,#3744,.F.);
#5044=ORIENTED_EDGE('',*,*,#3712,.T.);
#5045=ORIENTED_EDGE('',*,*,#3745,.T.);
#5046=ORIENTED_EDGE('',*,*,#3746,.F.);
#5047=ORIENTED_EDGE('',*,*,#3747,.F.);
#5048=ORIENTED_EDGE('',*,*,#3729,.T.);
#5049=ORIENTED_EDGE('',*,*,#3732,.T.);
#5050=ORIENTED_EDGE('',*,*,#3748,.F.);
#5051=ORIENTED_EDGE('',*,*,#3737,.F.);
#5052=ORIENTED_EDGE('',*,*,#3730,.T.);
#5053=ORIENTED_EDGE('',*,*,#3747,.T.);
#5054=ORIENTED_EDGE('',*,*,#3365,.F.);
#5055=ORIENTED_EDGE('',*,*,#3745,.F.);
#5056=ORIENTED_EDGE('',*,*,#3725,.T.);
#5057=ORIENTED_EDGE('',*,*,#3749,.T.);
#5058=ORIENTED_EDGE('',*,*,#3366,.F.);
#5059=ORIENTED_EDGE('',*,*,#3749,.F.);
#5060=ORIENTED_EDGE('',*,*,#3724,.T.);
#5061=ORIENTED_EDGE('',*,*,#3750,.T.);
#5062=ORIENTED_EDGE('',*,*,#3367,.F.);
#5063=ORIENTED_EDGE('',*,*,#3750,.F.);
#5064=ORIENTED_EDGE('',*,*,#3723,.T.);
#5065=ORIENTED_EDGE('',*,*,#3751,.T.);
#5066=ORIENTED_EDGE('',*,*,#3368,.F.);
#5067=ORIENTED_EDGE('',*,*,#3751,.F.);
#5068=ORIENTED_EDGE('',*,*,#3722,.T.);
#5069=ORIENTED_EDGE('',*,*,#3752,.T.);
#5070=ORIENTED_EDGE('',*,*,#3369,.F.);
#5071=ORIENTED_EDGE('',*,*,#3752,.F.);
#5072=ORIENTED_EDGE('',*,*,#3721,.T.);
#5073=ORIENTED_EDGE('',*,*,#3753,.T.);
#5074=ORIENTED_EDGE('',*,*,#3370,.F.);
#5075=ORIENTED_EDGE('',*,*,#3753,.F.);
#5076=ORIENTED_EDGE('',*,*,#3720,.T.);
#5077=ORIENTED_EDGE('',*,*,#3754,.T.);
#5078=ORIENTED_EDGE('',*,*,#3371,.F.);
#5079=ORIENTED_EDGE('',*,*,#3754,.F.);
#5080=ORIENTED_EDGE('',*,*,#3719,.T.);
#5081=ORIENTED_EDGE('',*,*,#3738,.T.);
#5082=ORIENTED_EDGE('',*,*,#3372,.F.);
#5083=ORIENTED_EDGE('',*,*,#3755,.F.);
#5084=ORIENTED_EDGE('',*,*,#3756,.T.);
#5085=ORIENTED_EDGE('',*,*,#3757,.T.);
#5086=ORIENTED_EDGE('',*,*,#3381,.F.);
#5087=ORIENTED_EDGE('',*,*,#3758,.F.);
#5088=ORIENTED_EDGE('',*,*,#3759,.T.);
#5089=ORIENTED_EDGE('',*,*,#3755,.T.);
#5090=ORIENTED_EDGE('',*,*,#3380,.F.);
#5091=ORIENTED_EDGE('',*,*,#3760,.F.);
#5092=ORIENTED_EDGE('',*,*,#3761,.T.);
#5093=ORIENTED_EDGE('',*,*,#3758,.T.);
#5094=ORIENTED_EDGE('',*,*,#3379,.F.);
#5095=ORIENTED_EDGE('',*,*,#3762,.F.);
#5096=ORIENTED_EDGE('',*,*,#3763,.T.);
#5097=ORIENTED_EDGE('',*,*,#3760,.T.);
#5098=ORIENTED_EDGE('',*,*,#3378,.F.);
#5099=ORIENTED_EDGE('',*,*,#3764,.F.);
#5100=ORIENTED_EDGE('',*,*,#3765,.T.);
#5101=ORIENTED_EDGE('',*,*,#3762,.T.);
#5102=ORIENTED_EDGE('',*,*,#3377,.F.);
#5103=ORIENTED_EDGE('',*,*,#3766,.F.);
#5104=ORIENTED_EDGE('',*,*,#3767,.T.);
#5105=ORIENTED_EDGE('',*,*,#3764,.T.);
#5106=ORIENTED_EDGE('',*,*,#3376,.F.);
#5107=ORIENTED_EDGE('',*,*,#3768,.F.);
#5108=ORIENTED_EDGE('',*,*,#3769,.T.);
#5109=ORIENTED_EDGE('',*,*,#3766,.T.);
#5110=ORIENTED_EDGE('',*,*,#3375,.F.);
#5111=ORIENTED_EDGE('',*,*,#3770,.F.);
#5112=ORIENTED_EDGE('',*,*,#3771,.T.);
#5113=ORIENTED_EDGE('',*,*,#3768,.T.);
#5114=ORIENTED_EDGE('',*,*,#3374,.F.);
#5115=ORIENTED_EDGE('',*,*,#3772,.F.);
#5116=ORIENTED_EDGE('',*,*,#3773,.T.);
#5117=ORIENTED_EDGE('',*,*,#3770,.T.);
#5118=ORIENTED_EDGE('',*,*,#3373,.F.);
#5119=ORIENTED_EDGE('',*,*,#3757,.F.);
#5120=ORIENTED_EDGE('',*,*,#3774,.T.);
#5121=ORIENTED_EDGE('',*,*,#3772,.T.);
#5122=ORIENTED_EDGE('',*,*,#3767,.F.);
#5123=ORIENTED_EDGE('',*,*,#3769,.F.);
#5124=ORIENTED_EDGE('',*,*,#3771,.F.);
#5125=ORIENTED_EDGE('',*,*,#3773,.F.);
#5126=ORIENTED_EDGE('',*,*,#3774,.F.);
#5127=ORIENTED_EDGE('',*,*,#3756,.F.);
#5128=ORIENTED_EDGE('',*,*,#3759,.F.);
#5129=ORIENTED_EDGE('',*,*,#3761,.F.);
#5130=ORIENTED_EDGE('',*,*,#3763,.F.);
#5131=ORIENTED_EDGE('',*,*,#3765,.F.);
#5132=ORIENTED_EDGE('',*,*,#3775,.F.);
#5133=ORIENTED_EDGE('',*,*,#3776,.F.);
#5134=ORIENTED_EDGE('',*,*,#3777,.F.);
#5135=ORIENTED_EDGE('',*,*,#3778,.F.);
#5136=ORIENTED_EDGE('',*,*,#3779,.F.);
#5137=ORIENTED_EDGE('',*,*,#3780,.F.);
#5138=ORIENTED_EDGE('',*,*,#3781,.F.);
#5139=ORIENTED_EDGE('',*,*,#3782,.F.);
#5140=ORIENTED_EDGE('',*,*,#3783,.F.);
#5141=ORIENTED_EDGE('',*,*,#3784,.F.);
#5142=ORIENTED_EDGE('',*,*,#3785,.F.);
#5143=ORIENTED_EDGE('',*,*,#3786,.F.);
#5144=ORIENTED_EDGE('',*,*,#3382,.F.);
#5145=ORIENTED_EDGE('',*,*,#3787,.F.);
#5146=ORIENTED_EDGE('',*,*,#3780,.T.);
#5147=ORIENTED_EDGE('',*,*,#3788,.T.);
#5148=ORIENTED_EDGE('',*,*,#3383,.F.);
#5149=ORIENTED_EDGE('',*,*,#3788,.F.);
#5150=ORIENTED_EDGE('',*,*,#3779,.T.);
#5151=ORIENTED_EDGE('',*,*,#3789,.T.);
#5152=ORIENTED_EDGE('',*,*,#3384,.F.);
#5153=ORIENTED_EDGE('',*,*,#3789,.F.);
#5154=ORIENTED_EDGE('',*,*,#3778,.T.);
#5155=ORIENTED_EDGE('',*,*,#3790,.T.);
#5156=ORIENTED_EDGE('',*,*,#3385,.F.);
#5157=ORIENTED_EDGE('',*,*,#3790,.F.);
#5158=ORIENTED_EDGE('',*,*,#3777,.T.);
#5159=ORIENTED_EDGE('',*,*,#3791,.T.);
#5160=ORIENTED_EDGE('',*,*,#3386,.F.);
#5161=ORIENTED_EDGE('',*,*,#3791,.F.);
#5162=ORIENTED_EDGE('',*,*,#3776,.T.);
#5163=ORIENTED_EDGE('',*,*,#3792,.T.);
#5164=ORIENTED_EDGE('',*,*,#3387,.F.);
#5165=ORIENTED_EDGE('',*,*,#3792,.F.);
#5166=ORIENTED_EDGE('',*,*,#3775,.T.);
#5167=ORIENTED_EDGE('',*,*,#3793,.T.);
#5168=ORIENTED_EDGE('',*,*,#3388,.F.);
#5169=ORIENTED_EDGE('',*,*,#3793,.F.);
#5170=ORIENTED_EDGE('',*,*,#3786,.T.);
#5171=ORIENTED_EDGE('',*,*,#3794,.T.);
#5172=ORIENTED_EDGE('',*,*,#3389,.F.);
#5173=ORIENTED_EDGE('',*,*,#3794,.F.);
#5174=ORIENTED_EDGE('',*,*,#3785,.T.);
#5175=ORIENTED_EDGE('',*,*,#3795,.T.);
#5176=ORIENTED_EDGE('',*,*,#3390,.F.);
#5177=ORIENTED_EDGE('',*,*,#3795,.F.);
#5178=ORIENTED_EDGE('',*,*,#3784,.T.);
#5179=ORIENTED_EDGE('',*,*,#3796,.T.);
#5180=ORIENTED_EDGE('',*,*,#3391,.F.);
#5181=ORIENTED_EDGE('',*,*,#3796,.F.);
#5182=ORIENTED_EDGE('',*,*,#3783,.T.);
#5183=ORIENTED_EDGE('',*,*,#3797,.T.);
#5184=ORIENTED_EDGE('',*,*,#3392,.F.);
#5185=ORIENTED_EDGE('',*,*,#3797,.F.);
#5186=ORIENTED_EDGE('',*,*,#3782,.T.);
#5187=ORIENTED_EDGE('',*,*,#3798,.T.);
#5188=ORIENTED_EDGE('',*,*,#3393,.F.);
#5189=ORIENTED_EDGE('',*,*,#3798,.F.);
#5190=ORIENTED_EDGE('',*,*,#3781,.T.);
#5191=ORIENTED_EDGE('',*,*,#3787,.T.);
#5192=ORIENTED_EDGE('',*,*,#3394,.F.);
#5193=ORIENTED_EDGE('',*,*,#3799,.F.);
#5194=ORIENTED_EDGE('',*,*,#3800,.T.);
#5195=ORIENTED_EDGE('',*,*,#3801,.T.);
#5196=ORIENTED_EDGE('',*,*,#3401,.F.);
#5197=ORIENTED_EDGE('',*,*,#3802,.F.);
#5198=ORIENTED_EDGE('',*,*,#3803,.T.);
#5199=ORIENTED_EDGE('',*,*,#3799,.T.);
#5200=ORIENTED_EDGE('',*,*,#3400,.F.);
#5201=ORIENTED_EDGE('',*,*,#3804,.F.);
#5202=ORIENTED_EDGE('',*,*,#3805,.T.);
#5203=ORIENTED_EDGE('',*,*,#3802,.T.);
#5204=ORIENTED_EDGE('',*,*,#3399,.F.);
#5205=ORIENTED_EDGE('',*,*,#3806,.F.);
#5206=ORIENTED_EDGE('',*,*,#3807,.T.);
#5207=ORIENTED_EDGE('',*,*,#3804,.T.);
#5208=ORIENTED_EDGE('',*,*,#3398,.F.);
#5209=ORIENTED_EDGE('',*,*,#3808,.F.);
#5210=ORIENTED_EDGE('',*,*,#3809,.T.);
#5211=ORIENTED_EDGE('',*,*,#3806,.T.);
#5212=ORIENTED_EDGE('',*,*,#3397,.F.);
#5213=ORIENTED_EDGE('',*,*,#3810,.F.);
#5214=ORIENTED_EDGE('',*,*,#3811,.T.);
#5215=ORIENTED_EDGE('',*,*,#3808,.T.);
#5216=ORIENTED_EDGE('',*,*,#3396,.F.);
#5217=ORIENTED_EDGE('',*,*,#3812,.F.);
#5218=ORIENTED_EDGE('',*,*,#3813,.T.);
#5219=ORIENTED_EDGE('',*,*,#3810,.T.);
#5220=ORIENTED_EDGE('',*,*,#3395,.F.);
#5221=ORIENTED_EDGE('',*,*,#3801,.F.);
#5222=ORIENTED_EDGE('',*,*,#3814,.T.);
#5223=ORIENTED_EDGE('',*,*,#3812,.T.);
#5224=ORIENTED_EDGE('',*,*,#3809,.F.);
#5225=ORIENTED_EDGE('',*,*,#3811,.F.);
#5226=ORIENTED_EDGE('',*,*,#3813,.F.);
#5227=ORIENTED_EDGE('',*,*,#3814,.F.);
#5228=ORIENTED_EDGE('',*,*,#3800,.F.);
#5229=ORIENTED_EDGE('',*,*,#3803,.F.);
#5230=ORIENTED_EDGE('',*,*,#3805,.F.);
#5231=ORIENTED_EDGE('',*,*,#3807,.F.);
#5232=ORIENTED_EDGE('',*,*,#3815,.F.);
#5233=ORIENTED_EDGE('',*,*,#3816,.F.);
#5234=ORIENTED_EDGE('',*,*,#3817,.F.);
#5235=ORIENTED_EDGE('',*,*,#3818,.F.);
#5236=ORIENTED_EDGE('',*,*,#3819,.F.);
#5237=ORIENTED_EDGE('',*,*,#3820,.F.);
#5238=ORIENTED_EDGE('',*,*,#3821,.F.);
#5239=ORIENTED_EDGE('',*,*,#3822,.F.);
#5240=ORIENTED_EDGE('',*,*,#3823,.F.);
#5241=ORIENTED_EDGE('',*,*,#3824,.F.);
#5242=ORIENTED_EDGE('',*,*,#3825,.F.);
#5243=ORIENTED_EDGE('',*,*,#3826,.F.);
#5244=ORIENTED_EDGE('',*,*,#3827,.F.);
#5245=ORIENTED_EDGE('',*,*,#3828,.F.);
#5246=ORIENTED_EDGE('',*,*,#3829,.F.);
#5247=ORIENTED_EDGE('',*,*,#3825,.T.);
#5248=ORIENTED_EDGE('',*,*,#3830,.T.);
#5249=ORIENTED_EDGE('',*,*,#3831,.F.);
#5250=ORIENTED_EDGE('',*,*,#3830,.F.);
#5251=ORIENTED_EDGE('',*,*,#3824,.T.);
#5252=ORIENTED_EDGE('',*,*,#3832,.T.);
#5253=ORIENTED_EDGE('',*,*,#3833,.F.);
#5254=ORIENTED_EDGE('',*,*,#3832,.F.);
#5255=ORIENTED_EDGE('',*,*,#3823,.T.);
#5256=ORIENTED_EDGE('',*,*,#3834,.T.);
#5257=ORIENTED_EDGE('',*,*,#3402,.F.);
#5258=ORIENTED_EDGE('',*,*,#3835,.F.);
#5259=ORIENTED_EDGE('',*,*,#3818,.T.);
#5260=ORIENTED_EDGE('',*,*,#3836,.T.);
#5261=ORIENTED_EDGE('',*,*,#3403,.F.);
#5262=ORIENTED_EDGE('',*,*,#3836,.F.);
#5263=ORIENTED_EDGE('',*,*,#3817,.T.);
#5264=ORIENTED_EDGE('',*,*,#3837,.T.);
#5265=ORIENTED_EDGE('',*,*,#3404,.F.);
#5266=ORIENTED_EDGE('',*,*,#3837,.F.);
#5267=ORIENTED_EDGE('',*,*,#3816,.T.);
#5268=ORIENTED_EDGE('',*,*,#3838,.T.);
#5269=ORIENTED_EDGE('',*,*,#3405,.F.);
#5270=ORIENTED_EDGE('',*,*,#3838,.F.);
#5271=ORIENTED_EDGE('',*,*,#3815,.T.);
#5272=ORIENTED_EDGE('',*,*,#3839,.T.);
#5273=ORIENTED_EDGE('',*,*,#3840,.F.);
#5274=ORIENTED_EDGE('',*,*,#3841,.F.);
#5275=ORIENTED_EDGE('',*,*,#3826,.T.);
#5276=ORIENTED_EDGE('',*,*,#3829,.T.);
#5277=ORIENTED_EDGE('',*,*,#3842,.F.);
#5278=ORIENTED_EDGE('',*,*,#3834,.F.);
#5279=ORIENTED_EDGE('',*,*,#3827,.T.);
#5280=ORIENTED_EDGE('',*,*,#3841,.T.);
#5281=ORIENTED_EDGE('',*,*,#3406,.F.);
#5282=ORIENTED_EDGE('',*,*,#3839,.F.);
#5283=ORIENTED_EDGE('',*,*,#3822,.T.);
#5284=ORIENTED_EDGE('',*,*,#3843,.T.);
#5285=ORIENTED_EDGE('',*,*,#3407,.F.);
#5286=ORIENTED_EDGE('',*,*,#3843,.F.);
#5287=ORIENTED_EDGE('',*,*,#3821,.T.);
#5288=ORIENTED_EDGE('',*,*,#3844,.T.);
#5289=ORIENTED_EDGE('',*,*,#3408,.F.);
#5290=ORIENTED_EDGE('',*,*,#3844,.F.);
#5291=ORIENTED_EDGE('',*,*,#3820,.T.);
#5292=ORIENTED_EDGE('',*,*,#3845,.T.);
#5293=ORIENTED_EDGE('',*,*,#3409,.F.);
#5294=ORIENTED_EDGE('',*,*,#3845,.F.);
#5295=ORIENTED_EDGE('',*,*,#3819,.T.);
#5296=ORIENTED_EDGE('',*,*,#3835,.T.);
#5297=ORIENTED_EDGE('',*,*,#3410,.F.);
#5298=ORIENTED_EDGE('',*,*,#3846,.F.);
#5299=ORIENTED_EDGE('',*,*,#3847,.T.);
#5300=ORIENTED_EDGE('',*,*,#3848,.T.);
#5301=ORIENTED_EDGE('',*,*,#3415,.F.);
#5302=ORIENTED_EDGE('',*,*,#3849,.F.);
#5303=ORIENTED_EDGE('',*,*,#3850,.T.);
#5304=ORIENTED_EDGE('',*,*,#3846,.T.);
#5305=ORIENTED_EDGE('',*,*,#3414,.F.);
#5306=ORIENTED_EDGE('',*,*,#3851,.F.);
#5307=ORIENTED_EDGE('',*,*,#3852,.T.);
#5308=ORIENTED_EDGE('',*,*,#3849,.T.);
#5309=ORIENTED_EDGE('',*,*,#3413,.F.);
#5310=ORIENTED_EDGE('',*,*,#3853,.F.);
#5311=ORIENTED_EDGE('',*,*,#3854,.T.);
#5312=ORIENTED_EDGE('',*,*,#3851,.T.);
#5313=ORIENTED_EDGE('',*,*,#3412,.F.);
#5314=ORIENTED_EDGE('',*,*,#3855,.F.);
#5315=ORIENTED_EDGE('',*,*,#3856,.T.);
#5316=ORIENTED_EDGE('',*,*,#3853,.T.);
#5317=ORIENTED_EDGE('',*,*,#3411,.F.);
#5318=ORIENTED_EDGE('',*,*,#3848,.F.);
#5319=ORIENTED_EDGE('',*,*,#3857,.T.);
#5320=ORIENTED_EDGE('',*,*,#3855,.T.);
#5321=ORIENTED_EDGE('',*,*,#3854,.F.);
#5322=ORIENTED_EDGE('',*,*,#3856,.F.);
#5323=ORIENTED_EDGE('',*,*,#3857,.F.);
#5324=ORIENTED_EDGE('',*,*,#3847,.F.);
#5325=ORIENTED_EDGE('',*,*,#3850,.F.);
#5326=ORIENTED_EDGE('',*,*,#3852,.F.);
#5327=ORIENTED_EDGE('',*,*,#3828,.T.);
#5328=ORIENTED_EDGE('',*,*,#3831,.T.);
#5329=ORIENTED_EDGE('',*,*,#3833,.T.);
#5330=ORIENTED_EDGE('',*,*,#3842,.T.);
#5331=ORIENTED_EDGE('',*,*,#3840,.T.);
#5332=ORIENTED_EDGE('',*,*,#3731,.T.);
#5333=ORIENTED_EDGE('',*,*,#3734,.T.);
#5334=ORIENTED_EDGE('',*,*,#3736,.T.);
#5335=ORIENTED_EDGE('',*,*,#3748,.T.);
#5336=ORIENTED_EDGE('',*,*,#3746,.T.);
#5337=ORIENTED_EDGE('',*,*,#3566,.T.);
#5338=ORIENTED_EDGE('',*,*,#3570,.T.);
#5339=ORIENTED_EDGE('',*,*,#3587,.T.);
#5340=ORIENTED_EDGE('',*,*,#3584,.T.);
#5341=ORIENTED_EDGE('',*,*,#3525,.T.);
#5342=ORIENTED_EDGE('',*,*,#3529,.T.);
#5343=ORIENTED_EDGE('',*,*,#3545,.T.);
#5344=ORIENTED_EDGE('',*,*,#3542,.T.);
#5345=ORIENTED_EDGE('',*,*,#3539,.T.);
#5346=ORIENTED_EDGE('',*,*,#3630,.T.);
#5347=ORIENTED_EDGE('',*,*,#3633,.T.);
#5348=ORIENTED_EDGE('',*,*,#3635,.T.);
#5349=ORIENTED_EDGE('',*,*,#3637,.T.);
#5350=ORIENTED_EDGE('',*,*,#3647,.T.);
#5351=ORIENTED_EDGE('',*,*,#3645,.T.);
#5352=ORIENTED_EDGE('',*,*,#3643,.T.);
#5353=ORIENTED_EDGE('',*,*,#3858,.F.);
#5354=ORIENTED_EDGE('',*,*,#3859,.T.);
#5355=ORIENTED_EDGE('',*,*,#3860,.F.);
#5356=ORIENTED_EDGE('',*,*,#3859,.F.);
#5357=ORIENTED_EDGE('',*,*,#3858,.T.);
#5358=ORIENTED_EDGE('',*,*,#3182,.F.);
#5359=ORIENTED_EDGE('',*,*,#3198,.F.);
#5360=ORIENTED_EDGE('',*,*,#3199,.F.);
#5361=ORIENTED_EDGE('',*,*,#3181,.F.);
#5362=ORIENTED_EDGE('',*,*,#3860,.T.);
#5363=ORIENTED_EDGE('',*,*,#3482,.T.);
#5364=ORIENTED_EDGE('',*,*,#3485,.T.);
#5365=ORIENTED_EDGE('',*,*,#3492,.T.);
#5366=ORIENTED_EDGE('',*,*,#3490,.T.);
#5367=ORIENTED_EDGE('',*,*,#3861,.F.);
#5368=ORIENTED_EDGE('',*,*,#3862,.T.);
#5369=ORIENTED_EDGE('',*,*,#3863,.T.);
#5370=ORIENTED_EDGE('',*,*,#3864,.F.);
#5371=ORIENTED_EDGE('',*,*,#3865,.F.);
#5372=ORIENTED_EDGE('',*,*,#3864,.T.);
#5373=ORIENTED_EDGE('',*,*,#3866,.T.);
#5374=ORIENTED_EDGE('',*,*,#3867,.F.);
#5375=ORIENTED_EDGE('',*,*,#3868,.F.);
#5376=ORIENTED_EDGE('',*,*,#3867,.T.);
#5377=ORIENTED_EDGE('',*,*,#3869,.T.);
#5378=ORIENTED_EDGE('',*,*,#3870,.F.);
#5379=ORIENTED_EDGE('',*,*,#3871,.F.);
#5380=ORIENTED_EDGE('',*,*,#3870,.T.);
#5381=ORIENTED_EDGE('',*,*,#3872,.T.);
#5382=ORIENTED_EDGE('',*,*,#3862,.F.);
#5383=ORIENTED_EDGE('',*,*,#3872,.F.);
#5384=ORIENTED_EDGE('',*,*,#3869,.F.);
#5385=ORIENTED_EDGE('',*,*,#3866,.F.);
#5386=ORIENTED_EDGE('',*,*,#3863,.F.);
#5387=ORIENTED_EDGE('',*,*,#3873,.F.);
#5388=ORIENTED_EDGE('',*,*,#3874,.T.);
#5389=ORIENTED_EDGE('',*,*,#3875,.T.);
#5390=ORIENTED_EDGE('',*,*,#3876,.F.);
#5391=ORIENTED_EDGE('',*,*,#3877,.F.);
#5392=ORIENTED_EDGE('',*,*,#3876,.T.);
#5393=ORIENTED_EDGE('',*,*,#3878,.T.);
#5394=ORIENTED_EDGE('',*,*,#3879,.F.);
#5395=ORIENTED_EDGE('',*,*,#3880,.F.);
#5396=ORIENTED_EDGE('',*,*,#3879,.T.);
#5397=ORIENTED_EDGE('',*,*,#3881,.T.);
#5398=ORIENTED_EDGE('',*,*,#3882,.F.);
#5399=ORIENTED_EDGE('',*,*,#3883,.F.);
#5400=ORIENTED_EDGE('',*,*,#3882,.T.);
#5401=ORIENTED_EDGE('',*,*,#3884,.T.);
#5402=ORIENTED_EDGE('',*,*,#3874,.F.);
#5403=ORIENTED_EDGE('',*,*,#3884,.F.);
#5404=ORIENTED_EDGE('',*,*,#3881,.F.);
#5405=ORIENTED_EDGE('',*,*,#3878,.F.);
#5406=ORIENTED_EDGE('',*,*,#3875,.F.);
#5407=ORIENTED_EDGE('',*,*,#3885,.F.);
#5408=ORIENTED_EDGE('',*,*,#3886,.T.);
#5409=ORIENTED_EDGE('',*,*,#3887,.T.);
#5410=ORIENTED_EDGE('',*,*,#3888,.F.);
#5411=ORIENTED_EDGE('',*,*,#3889,.F.);
#5412=ORIENTED_EDGE('',*,*,#3888,.T.);
#5413=ORIENTED_EDGE('',*,*,#3890,.T.);
#5414=ORIENTED_EDGE('',*,*,#3891,.F.);
#5415=ORIENTED_EDGE('',*,*,#3892,.F.);
#5416=ORIENTED_EDGE('',*,*,#3891,.T.);
#5417=ORIENTED_EDGE('',*,*,#3893,.T.);
#5418=ORIENTED_EDGE('',*,*,#3894,.F.);
#5419=ORIENTED_EDGE('',*,*,#3895,.F.);
#5420=ORIENTED_EDGE('',*,*,#3894,.T.);
#5421=ORIENTED_EDGE('',*,*,#3896,.T.);
#5422=ORIENTED_EDGE('',*,*,#3886,.F.);
#5423=ORIENTED_EDGE('',*,*,#3896,.F.);
#5424=ORIENTED_EDGE('',*,*,#3893,.F.);
#5425=ORIENTED_EDGE('',*,*,#3890,.F.);
#5426=ORIENTED_EDGE('',*,*,#3887,.F.);
#5427=ORIENTED_EDGE('',*,*,#3897,.F.);
#5428=ORIENTED_EDGE('',*,*,#3898,.T.);
#5429=ORIENTED_EDGE('',*,*,#3899,.T.);
#5430=ORIENTED_EDGE('',*,*,#3900,.F.);
#5431=ORIENTED_EDGE('',*,*,#3901,.F.);
#5432=ORIENTED_EDGE('',*,*,#3900,.T.);
#5433=ORIENTED_EDGE('',*,*,#3902,.T.);
#5434=ORIENTED_EDGE('',*,*,#3903,.F.);
#5435=ORIENTED_EDGE('',*,*,#3904,.F.);
#5436=ORIENTED_EDGE('',*,*,#3903,.T.);
#5437=ORIENTED_EDGE('',*,*,#3905,.T.);
#5438=ORIENTED_EDGE('',*,*,#3906,.F.);
#5439=ORIENTED_EDGE('',*,*,#3907,.F.);
#5440=ORIENTED_EDGE('',*,*,#3906,.T.);
#5441=ORIENTED_EDGE('',*,*,#3908,.T.);
#5442=ORIENTED_EDGE('',*,*,#3898,.F.);
#5443=ORIENTED_EDGE('',*,*,#3908,.F.);
#5444=ORIENTED_EDGE('',*,*,#3905,.F.);
#5445=ORIENTED_EDGE('',*,*,#3902,.F.);
#5446=ORIENTED_EDGE('',*,*,#3899,.F.);
#5447=ORIENTED_EDGE('',*,*,#3909,.F.);
#5448=ORIENTED_EDGE('',*,*,#3910,.T.);
#5449=ORIENTED_EDGE('',*,*,#3911,.T.);
#5450=ORIENTED_EDGE('',*,*,#3912,.F.);
#5451=ORIENTED_EDGE('',*,*,#3913,.F.);
#5452=ORIENTED_EDGE('',*,*,#3912,.T.);
#5453=ORIENTED_EDGE('',*,*,#3914,.T.);
#5454=ORIENTED_EDGE('',*,*,#3915,.F.);
#5455=ORIENTED_EDGE('',*,*,#3916,.F.);
#5456=ORIENTED_EDGE('',*,*,#3915,.T.);
#5457=ORIENTED_EDGE('',*,*,#3917,.T.);
#5458=ORIENTED_EDGE('',*,*,#3918,.F.);
#5459=ORIENTED_EDGE('',*,*,#3919,.F.);
#5460=ORIENTED_EDGE('',*,*,#3918,.T.);
#5461=ORIENTED_EDGE('',*,*,#3920,.T.);
#5462=ORIENTED_EDGE('',*,*,#3910,.F.);
#5463=ORIENTED_EDGE('',*,*,#3920,.F.);
#5464=ORIENTED_EDGE('',*,*,#3917,.F.);
#5465=ORIENTED_EDGE('',*,*,#3914,.F.);
#5466=ORIENTED_EDGE('',*,*,#3911,.F.);
#5467=ORIENTED_EDGE('',*,*,#3921,.F.);
#5468=ORIENTED_EDGE('',*,*,#3922,.T.);
#5469=ORIENTED_EDGE('',*,*,#3923,.T.);
#5470=ORIENTED_EDGE('',*,*,#3924,.F.);
#5471=ORIENTED_EDGE('',*,*,#3925,.F.);
#5472=ORIENTED_EDGE('',*,*,#3924,.T.);
#5473=ORIENTED_EDGE('',*,*,#3926,.T.);
#5474=ORIENTED_EDGE('',*,*,#3927,.F.);
#5475=ORIENTED_EDGE('',*,*,#3928,.F.);
#5476=ORIENTED_EDGE('',*,*,#3927,.T.);
#5477=ORIENTED_EDGE('',*,*,#3929,.T.);
#5478=ORIENTED_EDGE('',*,*,#3930,.F.);
#5479=ORIENTED_EDGE('',*,*,#3931,.F.);
#5480=ORIENTED_EDGE('',*,*,#3930,.T.);
#5481=ORIENTED_EDGE('',*,*,#3932,.T.);
#5482=ORIENTED_EDGE('',*,*,#3922,.F.);
#5483=ORIENTED_EDGE('',*,*,#3933,.F.);
#5484=ORIENTED_EDGE('',*,*,#3934,.T.);
#5485=ORIENTED_EDGE('',*,*,#3935,.T.);
#5486=ORIENTED_EDGE('',*,*,#3936,.F.);
#5487=ORIENTED_EDGE('',*,*,#3449,.F.);
#5488=ORIENTED_EDGE('',*,*,#3937,.T.);
#5489=ORIENTED_EDGE('',*,*,#3938,.T.);
#5490=ORIENTED_EDGE('',*,*,#3939,.F.);
#5491=ORIENTED_EDGE('',*,*,#3940,.F.);
#5492=ORIENTED_EDGE('',*,*,#3935,.F.);
#5493=ORIENTED_EDGE('',*,*,#3941,.F.);
#5494=ORIENTED_EDGE('',*,*,#3938,.F.);
#5495=ORIENTED_EDGE('',*,*,#3868,.T.);
#5496=ORIENTED_EDGE('',*,*,#3871,.T.);
#5497=ORIENTED_EDGE('',*,*,#3861,.T.);
#5498=ORIENTED_EDGE('',*,*,#3865,.T.);
#5499=ORIENTED_EDGE('',*,*,#3880,.T.);
#5500=ORIENTED_EDGE('',*,*,#3883,.T.);
#5501=ORIENTED_EDGE('',*,*,#3873,.T.);
#5502=ORIENTED_EDGE('',*,*,#3877,.T.);
#5503=ORIENTED_EDGE('',*,*,#3892,.T.);
#5504=ORIENTED_EDGE('',*,*,#3895,.T.);
#5505=ORIENTED_EDGE('',*,*,#3885,.T.);
#5506=ORIENTED_EDGE('',*,*,#3889,.T.);
#5507=ORIENTED_EDGE('',*,*,#3904,.T.);
#5508=ORIENTED_EDGE('',*,*,#3907,.T.);
#5509=ORIENTED_EDGE('',*,*,#3897,.T.);
#5510=ORIENTED_EDGE('',*,*,#3901,.T.);
#5511=ORIENTED_EDGE('',*,*,#3916,.T.);
#5512=ORIENTED_EDGE('',*,*,#3919,.T.);
#5513=ORIENTED_EDGE('',*,*,#3909,.T.);
#5514=ORIENTED_EDGE('',*,*,#3913,.T.);
#5515=ORIENTED_EDGE('',*,*,#3923,.F.);
#5516=ORIENTED_EDGE('',*,*,#3932,.F.);
#5517=ORIENTED_EDGE('',*,*,#3929,.F.);
#5518=ORIENTED_EDGE('',*,*,#3926,.F.);
#5519=ORIENTED_EDGE('',*,*,#3942,.T.);
#5520=ORIENTED_EDGE('',*,*,#3943,.T.);
#5521=ORIENTED_EDGE('',*,*,#3252,.F.);
#5522=ORIENTED_EDGE('',*,*,#3944,.T.);
#5523=ORIENTED_EDGE('',*,*,#3945,.T.);
#5524=ORIENTED_EDGE('',*,*,#3946,.T.);
#5525=ORIENTED_EDGE('',*,*,#3441,.F.);
#5526=ORIENTED_EDGE('',*,*,#3947,.T.);
#5527=ORIENTED_EDGE('',*,*,#3921,.T.);
#5528=ORIENTED_EDGE('',*,*,#3925,.T.);
#5529=ORIENTED_EDGE('',*,*,#3928,.T.);
#5530=ORIENTED_EDGE('',*,*,#3931,.T.);
#5531=ORIENTED_EDGE('',*,*,#3948,.F.);
#5532=ORIENTED_EDGE('',*,*,#3949,.T.);
#5533=ORIENTED_EDGE('',*,*,#3950,.F.);
#5534=ORIENTED_EDGE('',*,*,#3249,.F.);
#5535=ORIENTED_EDGE('',*,*,#3944,.F.);
#5536=ORIENTED_EDGE('',*,*,#3251,.T.);
#5537=ORIENTED_EDGE('',*,*,#3951,.F.);
#5538=ORIENTED_EDGE('',*,*,#3952,.F.);
#5539=ORIENTED_EDGE('',*,*,#3952,.T.);
#5540=ORIENTED_EDGE('',*,*,#3953,.F.);
#5541=ORIENTED_EDGE('',*,*,#3949,.F.);
#5542=ORIENTED_EDGE('',*,*,#3954,.F.);
#5543=ORIENTED_EDGE('',*,*,#3936,.T.);
#5544=ORIENTED_EDGE('',*,*,#3940,.T.);
#5545=ORIENTED_EDGE('',*,*,#3937,.F.);
#5546=ORIENTED_EDGE('',*,*,#3448,.F.);
#5547=ORIENTED_EDGE('',*,*,#3955,.T.);
#5548=ORIENTED_EDGE('',*,*,#3956,.F.);
#5549=ORIENTED_EDGE('',*,*,#3957,.F.);
#5550=ORIENTED_EDGE('',*,*,#3942,.F.);
#5551=ORIENTED_EDGE('',*,*,#3953,.T.);
#5552=ORIENTED_EDGE('',*,*,#3951,.T.);
#5553=ORIENTED_EDGE('',*,*,#3250,.T.);
#5554=ORIENTED_EDGE('',*,*,#3950,.T.);
#5555=ORIENTED_EDGE('',*,*,#3947,.F.);
#5556=ORIENTED_EDGE('',*,*,#3440,.T.);
#5557=ORIENTED_EDGE('',*,*,#3958,.F.);
#5558=ORIENTED_EDGE('',*,*,#3959,.F.);
#5559=ORIENTED_EDGE('',*,*,#3451,.F.);
#5560=ORIENTED_EDGE('',*,*,#3960,.T.);
#5561=ORIENTED_EDGE('',*,*,#3961,.F.);
#5562=ORIENTED_EDGE('',*,*,#3438,.F.);
#5563=ORIENTED_EDGE('',*,*,#3439,.T.);
#5564=ORIENTED_EDGE('',*,*,#3961,.T.);
#5565=ORIENTED_EDGE('',*,*,#3962,.T.);
#5566=ORIENTED_EDGE('',*,*,#3958,.T.);
#5567=ORIENTED_EDGE('',*,*,#3963,.F.);
#5568=ORIENTED_EDGE('',*,*,#3444,.T.);
#5569=ORIENTED_EDGE('',*,*,#3964,.F.);
#5570=ORIENTED_EDGE('',*,*,#3965,.F.);
#5571=ORIENTED_EDGE('',*,*,#3965,.T.);
#5572=ORIENTED_EDGE('',*,*,#3966,.F.);
#5573=ORIENTED_EDGE('',*,*,#3967,.F.);
#5574=ORIENTED_EDGE('',*,*,#3945,.F.);
#5575=ORIENTED_EDGE('',*,*,#3959,.T.);
#5576=ORIENTED_EDGE('',*,*,#3962,.F.);
#5577=ORIENTED_EDGE('',*,*,#3960,.F.);
#5578=ORIENTED_EDGE('',*,*,#3450,.F.);
#5579=ORIENTED_EDGE('',*,*,#3939,.T.);
#5580=ORIENTED_EDGE('',*,*,#3941,.T.);
#5581=ORIENTED_EDGE('',*,*,#3934,.F.);
#5582=ORIENTED_EDGE('',*,*,#3968,.F.);
#5583=ORIENTED_EDGE('',*,*,#3946,.F.);
#5584=ORIENTED_EDGE('',*,*,#3967,.T.);
#5585=ORIENTED_EDGE('',*,*,#3969,.F.);
#5586=ORIENTED_EDGE('',*,*,#3442,.F.);
#5587=ORIENTED_EDGE('',*,*,#3443,.T.);
#5588=ORIENTED_EDGE('',*,*,#3969,.T.);
#5589=ORIENTED_EDGE('',*,*,#3966,.T.);
#5590=ORIENTED_EDGE('',*,*,#3964,.T.);
#5591=ORIENTED_EDGE('',*,*,#3943,.F.);
#5592=ORIENTED_EDGE('',*,*,#3957,.T.);
#5593=ORIENTED_EDGE('',*,*,#3970,.F.);
#5594=ORIENTED_EDGE('',*,*,#3253,.F.);
#5595=ORIENTED_EDGE('',*,*,#3447,.F.);
#5596=ORIENTED_EDGE('',*,*,#3255,.T.);
#5597=ORIENTED_EDGE('',*,*,#3971,.F.);
#5598=ORIENTED_EDGE('',*,*,#3955,.F.);
#5599=ORIENTED_EDGE('',*,*,#3956,.T.);
#5600=ORIENTED_EDGE('',*,*,#3971,.T.);
#5601=ORIENTED_EDGE('',*,*,#3254,.T.);
#5602=ORIENTED_EDGE('',*,*,#3970,.T.);
#5603=ORIENTED_EDGE('',*,*,#3420,.F.);
#5604=ORIENTED_EDGE('',*,*,#3972,.F.);
#5605=ORIENTED_EDGE('',*,*,#3423,.F.);
#5606=ORIENTED_EDGE('',*,*,#3445,.F.);
#5607=ORIENTED_EDGE('',*,*,#3963,.T.);
#5608=ORIENTED_EDGE('',*,*,#3968,.T.);
#5609=ORIENTED_EDGE('',*,*,#3933,.T.);
#5610=ORIENTED_EDGE('',*,*,#3954,.T.);
#5611=ORIENTED_EDGE('',*,*,#3948,.T.);
#5612=ORIENTED_EDGE('',*,*,#3248,.F.);
#5613=ORIENTED_EDGE('',*,*,#3216,.F.);
#5614=ORIENTED_EDGE('',*,*,#3205,.F.);
#5615=ORIENTED_EDGE('',*,*,#3424,.F.);
#5616=ORIENTED_EDGE('',*,*,#3972,.T.);
#5617=ORIENTED_EDGE('',*,*,#3419,.F.);
#5618=ORIENTED_EDGE('',*,*,#3225,.F.);
#5619=ORIENTED_EDGE('',*,*,#3973,.T.);
#5620=ORIENTED_EDGE('',*,*,#3974,.F.);
#5621=ORIENTED_EDGE('',*,*,#3975,.F.);
#5622=ORIENTED_EDGE('',*,*,#3976,.T.);
#5623=ORIENTED_EDGE('',*,*,#3977,.T.);
#5624=ORIENTED_EDGE('',*,*,#3978,.F.);
#5625=ORIENTED_EDGE('',*,*,#3979,.F.);
#5626=ORIENTED_EDGE('',*,*,#3974,.T.);
#5627=ORIENTED_EDGE('',*,*,#3980,.T.);
#5628=ORIENTED_EDGE('',*,*,#3981,.F.);
#5629=ORIENTED_EDGE('',*,*,#3982,.F.);
#5630=ORIENTED_EDGE('',*,*,#3978,.T.);
#5631=ORIENTED_EDGE('',*,*,#3983,.T.);
#5632=ORIENTED_EDGE('',*,*,#3984,.F.);
#5633=ORIENTED_EDGE('',*,*,#3985,.F.);
#5634=ORIENTED_EDGE('',*,*,#3981,.T.);
#5635=ORIENTED_EDGE('',*,*,#3986,.T.);
#5636=ORIENTED_EDGE('',*,*,#3987,.F.);
#5637=ORIENTED_EDGE('',*,*,#3988,.F.);
#5638=ORIENTED_EDGE('',*,*,#3984,.T.);
#5639=ORIENTED_EDGE('',*,*,#3989,.T.);
#5640=ORIENTED_EDGE('',*,*,#3976,.F.);
#5641=ORIENTED_EDGE('',*,*,#3990,.F.);
#5642=ORIENTED_EDGE('',*,*,#3987,.T.);
#5643=ORIENTED_EDGE('',*,*,#3973,.F.);
#5644=ORIENTED_EDGE('',*,*,#3989,.F.);
#5645=ORIENTED_EDGE('',*,*,#3986,.F.);
#5646=ORIENTED_EDGE('',*,*,#3983,.F.);
#5647=ORIENTED_EDGE('',*,*,#3980,.F.);
#5648=ORIENTED_EDGE('',*,*,#3977,.F.);
#5649=ORIENTED_EDGE('',*,*,#3990,.T.);
#5650=ORIENTED_EDGE('',*,*,#3975,.T.);
#5651=ORIENTED_EDGE('',*,*,#3979,.T.);
#5652=ORIENTED_EDGE('',*,*,#3982,.T.);
#5653=ORIENTED_EDGE('',*,*,#3985,.T.);
#5654=ORIENTED_EDGE('',*,*,#3988,.T.);
#5655=ORIENTED_EDGE('',*,*,#3991,.T.);
#5656=ORIENTED_EDGE('',*,*,#3992,.F.);
#5657=ORIENTED_EDGE('',*,*,#3993,.F.);
#5658=ORIENTED_EDGE('',*,*,#3994,.T.);
#5659=ORIENTED_EDGE('',*,*,#3995,.T.);
#5660=ORIENTED_EDGE('',*,*,#3996,.F.);
#5661=ORIENTED_EDGE('',*,*,#3997,.F.);
#5662=ORIENTED_EDGE('',*,*,#3992,.T.);
#5663=ORIENTED_EDGE('',*,*,#3998,.T.);
#5664=ORIENTED_EDGE('',*,*,#3999,.F.);
#5665=ORIENTED_EDGE('',*,*,#4000,.F.);
#5666=ORIENTED_EDGE('',*,*,#3996,.T.);
#5667=ORIENTED_EDGE('',*,*,#4001,.T.);
#5668=ORIENTED_EDGE('',*,*,#4002,.F.);
#5669=ORIENTED_EDGE('',*,*,#4003,.F.);
#5670=ORIENTED_EDGE('',*,*,#3999,.T.);
#5671=ORIENTED_EDGE('',*,*,#4004,.T.);
#5672=ORIENTED_EDGE('',*,*,#4005,.F.);
#5673=ORIENTED_EDGE('',*,*,#4006,.F.);
#5674=ORIENTED_EDGE('',*,*,#4002,.T.);
#5675=ORIENTED_EDGE('',*,*,#4007,.T.);
#5676=ORIENTED_EDGE('',*,*,#3994,.F.);
#5677=ORIENTED_EDGE('',*,*,#4008,.F.);
#5678=ORIENTED_EDGE('',*,*,#4005,.T.);
#5679=ORIENTED_EDGE('',*,*,#3991,.F.);
#5680=ORIENTED_EDGE('',*,*,#4007,.F.);
#5681=ORIENTED_EDGE('',*,*,#4004,.F.);
#5682=ORIENTED_EDGE('',*,*,#4001,.F.);
#5683=ORIENTED_EDGE('',*,*,#3998,.F.);
#5684=ORIENTED_EDGE('',*,*,#3995,.F.);
#5685=ORIENTED_EDGE('',*,*,#4008,.T.);
#5686=ORIENTED_EDGE('',*,*,#3993,.T.);
#5687=ORIENTED_EDGE('',*,*,#3997,.T.);
#5688=ORIENTED_EDGE('',*,*,#4000,.T.);
#5689=ORIENTED_EDGE('',*,*,#4003,.T.);
#5690=ORIENTED_EDGE('',*,*,#4006,.T.);
#5691=ORIENTED_EDGE('',*,*,#4009,.T.);
#5692=ORIENTED_EDGE('',*,*,#4010,.F.);
#5693=ORIENTED_EDGE('',*,*,#4011,.F.);
#5694=ORIENTED_EDGE('',*,*,#4012,.T.);
#5695=ORIENTED_EDGE('',*,*,#4013,.T.);
#5696=ORIENTED_EDGE('',*,*,#4014,.F.);
#5697=ORIENTED_EDGE('',*,*,#4015,.F.);
#5698=ORIENTED_EDGE('',*,*,#4010,.T.);
#5699=ORIENTED_EDGE('',*,*,#4016,.T.);
#5700=ORIENTED_EDGE('',*,*,#4017,.F.);
#5701=ORIENTED_EDGE('',*,*,#4018,.F.);
#5702=ORIENTED_EDGE('',*,*,#4014,.T.);
#5703=ORIENTED_EDGE('',*,*,#4019,.T.);
#5704=ORIENTED_EDGE('',*,*,#4020,.F.);
#5705=ORIENTED_EDGE('',*,*,#4021,.F.);
#5706=ORIENTED_EDGE('',*,*,#4017,.T.);
#5707=ORIENTED_EDGE('',*,*,#4022,.T.);
#5708=ORIENTED_EDGE('',*,*,#4023,.F.);
#5709=ORIENTED_EDGE('',*,*,#4024,.F.);
#5710=ORIENTED_EDGE('',*,*,#4020,.T.);
#5711=ORIENTED_EDGE('',*,*,#4025,.T.);
#5712=ORIENTED_EDGE('',*,*,#4012,.F.);
#5713=ORIENTED_EDGE('',*,*,#4026,.F.);
#5714=ORIENTED_EDGE('',*,*,#4023,.T.);
#5715=ORIENTED_EDGE('',*,*,#4009,.F.);
#5716=ORIENTED_EDGE('',*,*,#4025,.F.);
#5717=ORIENTED_EDGE('',*,*,#4022,.F.);
#5718=ORIENTED_EDGE('',*,*,#4019,.F.);
#5719=ORIENTED_EDGE('',*,*,#4016,.F.);
#5720=ORIENTED_EDGE('',*,*,#4013,.F.);
#5721=ORIENTED_EDGE('',*,*,#4026,.T.);
#5722=ORIENTED_EDGE('',*,*,#4011,.T.);
#5723=ORIENTED_EDGE('',*,*,#4015,.T.);
#5724=ORIENTED_EDGE('',*,*,#4018,.T.);
#5725=ORIENTED_EDGE('',*,*,#4021,.T.);
#5726=ORIENTED_EDGE('',*,*,#4024,.T.);
#5727=CYLINDRICAL_SURFACE('',#6196,0.1);
#5728=CYLINDRICAL_SURFACE('',#6200,0.1);
#5729=CYLINDRICAL_SURFACE('',#6209,0.1);
#5730=CYLINDRICAL_SURFACE('',#6211,1.);
#5731=CYLINDRICAL_SURFACE('',#6213,0.2);
#5732=CYLINDRICAL_SURFACE('',#6215,0.2);
#5733=CYLINDRICAL_SURFACE('',#6221,0.1);
#5734=CYLINDRICAL_SURFACE('',#6224,0.1);
#5735=CYLINDRICAL_SURFACE('',#6230,0.1);
#5736=CYLINDRICAL_SURFACE('',#6233,0.1);
#5737=CYLINDRICAL_SURFACE('',#6238,0.1);
#5738=CYLINDRICAL_SURFACE('',#6243,0.1);
#5739=CYLINDRICAL_SURFACE('',#6248,0.2);
#5740=CYLINDRICAL_SURFACE('',#6251,0.2);
#5741=CYLINDRICAL_SURFACE('',#6257,0.2);
#5742=CYLINDRICAL_SURFACE('',#6262,0.2);
#5743=CYLINDRICAL_SURFACE('',#6264,0.2);
#5744=CYLINDRICAL_SURFACE('',#6268,0.2);
#5745=CYLINDRICAL_SURFACE('',#6273,0.2);
#5746=CYLINDRICAL_SURFACE('',#6275,0.2);
#5747=CYLINDRICAL_SURFACE('',#6422,0.35);
#5748=CYLINDRICAL_SURFACE('',#6482,0.508185255303684);
#5749=CYLINDRICAL_SURFACE('',#6493,0.482069914601888);
#5750=CYLINDRICAL_SURFACE('',#6504,0.29462477602218);
#5751=ADVANCED_FACE('',(#564),#5727,.T.);
#5752=ADVANCED_FACE('',(#565),#5728,.T.);
#5753=ADVANCED_FACE('',(#566),#491,.F.);
#5754=ADVANCED_FACE('',(#567),#341,.T.);
#5755=ADVANCED_FACE('',(#568),#492,.F.);
#5756=ADVANCED_FACE('',(#569),#5729,.T.);
#5757=ADVANCED_FACE('',(#570),#5730,.F.);
#5758=ADVANCED_FACE('',(#571),#5731,.T.);
#5759=ADVANCED_FACE('',(#572),#5732,.T.);
#5760=ADVANCED_FACE('',(#573),#113,.T.);
#5761=ADVANCED_FACE('',(#574),#114,.T.);
#5762=ADVANCED_FACE('',(#575),#5733,.T.);
#5763=ADVANCED_FACE('',(#576),#5734,.T.);
#5764=ADVANCED_FACE('',(#577),#110,.F.);
#5765=ADVANCED_FACE('',(#578),#5735,.T.);
#5766=ADVANCED_FACE('',(#579),#111,.F.);
#5767=ADVANCED_FACE('',(#580),#5736,.T.);
#5768=ADVANCED_FACE('',(#581),#342,.T.);
#5769=ADVANCED_FACE('',(#582),#5737,.T.);
#5770=ADVANCED_FACE('',(#583),#112,.F.);
#5771=ADVANCED_FACE('',(#584),#5738,.T.);
#5772=ADVANCED_FACE('',(#585),#115,.F.);
#5773=ADVANCED_FACE('',(#586,#75),#116,.F.);
#5774=ADVANCED_FACE('',(#587),#5739,.T.);
#5775=ADVANCED_FACE('',(#588,#76,#77,#78,#79,#80,#81,#82,#83,#84,#85,#86,
#87,#88,#89,#90,#91,#92,#93,#94,#95,#96),#117,.T.);
#5776=ADVANCED_FACE('',(#589),#5740,.F.);
#5777=ADVANCED_FACE('',(#590),#118,.F.);
#5778=ADVANCED_FACE('',(#591),#343,.F.);
#5779=ADVANCED_FACE('',(#592),#119,.T.);
#5780=ADVANCED_FACE('',(#593),#5741,.T.);
#5781=ADVANCED_FACE('',(#594),#72,.T.);
#5782=ADVANCED_FACE('',(#595),#5742,.T.);
#5783=ADVANCED_FACE('',(#596),#5743,.T.);
#5784=ADVANCED_FACE('',(#597),#73,.T.);
#5785=ADVANCED_FACE('',(#598),#5744,.T.);
#5786=ADVANCED_FACE('',(#599),#74,.T.);
#5787=ADVANCED_FACE('',(#600),#5745,.T.);
#5788=ADVANCED_FACE('',(#601),#5746,.T.);
#5789=ADVANCED_FACE('',(#602),#120,.T.);
#5790=ADVANCED_FACE('',(#603),#121,.T.);
#5791=ADVANCED_FACE('',(#604),#122,.F.);
#5792=ADVANCED_FACE('',(#605),#123,.T.);
#5793=ADVANCED_FACE('',(#606),#124,.F.);
#5794=ADVANCED_FACE('',(#607),#125,.F.);
#5795=ADVANCED_FACE('',(#608),#126,.F.);
#5796=ADVANCED_FACE('',(#609),#127,.F.);
#5797=ADVANCED_FACE('',(#610),#128,.F.);
#5798=ADVANCED_FACE('',(#611),#129,.F.);
#5799=ADVANCED_FACE('',(#612),#130,.F.);
#5800=ADVANCED_FACE('',(#613),#131,.F.);
#5801=ADVANCED_FACE('',(#614),#493,.F.);
#5802=ADVANCED_FACE('',(#615),#494,.F.);
#5803=ADVANCED_FACE('',(#616),#132,.F.);
#5804=ADVANCED_FACE('',(#617,#97),#133,.T.);
#5805=ADVANCED_FACE('',(#618),#495,.T.);
#5806=ADVANCED_FACE('',(#619),#496,.T.);
#5807=ADVANCED_FACE('',(#620),#497,.F.);
#5808=ADVANCED_FACE('',(#621),#498,.F.);
#5809=ADVANCED_FACE('',(#622),#499,.T.);
#5810=ADVANCED_FACE('',(#623),#500,.T.);
#5811=ADVANCED_FACE('',(#624),#501,.F.);
#5812=ADVANCED_FACE('',(#625),#502,.F.);
#5813=ADVANCED_FACE('',(#626),#503,.F.);
#5814=ADVANCED_FACE('',(#627),#134,.F.);
#5815=ADVANCED_FACE('',(#628),#504,.F.);
#5816=ADVANCED_FACE('',(#629),#135,.F.);
#5817=ADVANCED_FACE('',(#630),#136,.F.);
#5818=ADVANCED_FACE('',(#631),#137,.F.);
#5819=ADVANCED_FACE('',(#632),#138,.F.);
#5820=ADVANCED_FACE('',(#633),#139,.T.);
#5821=ADVANCED_FACE('',(#634),#140,.T.);
#5822=ADVANCED_FACE('',(#635),#141,.F.);
#5823=ADVANCED_FACE('',(#636),#142,.F.);
#5824=ADVANCED_FACE('',(#637),#143,.F.);
#5825=ADVANCED_FACE('',(#638),#144,.F.);
#5826=ADVANCED_FACE('',(#639),#145,.F.);
#5827=ADVANCED_FACE('',(#640),#146,.F.);
#5828=ADVANCED_FACE('',(#641),#147,.F.);
#5829=ADVANCED_FACE('',(#642),#148,.F.);
#5830=ADVANCED_FACE('',(#643),#149,.T.);
#5831=ADVANCED_FACE('',(#644),#150,.T.);
#5832=ADVANCED_FACE('',(#645),#151,.F.);
#5833=ADVANCED_FACE('',(#646),#152,.F.);
#5834=ADVANCED_FACE('',(#647),#153,.F.);
#5835=ADVANCED_FACE('',(#648),#154,.F.);
#5836=ADVANCED_FACE('',(#649),#155,.T.);
#5837=ADVANCED_FACE('',(#650),#505,.T.);
#5838=ADVANCED_FACE('',(#651),#506,.T.);
#5839=ADVANCED_FACE('',(#652,#98),#156,.T.);
#5840=ADVANCED_FACE('',(#653),#157,.T.);
#5841=ADVANCED_FACE('',(#654),#158,.F.);
#5842=ADVANCED_FACE('',(#655),#159,.F.);
#5843=ADVANCED_FACE('',(#656),#160,.F.);
#5844=ADVANCED_FACE('',(#657),#161,.F.);
#5845=ADVANCED_FACE('',(#658),#507,.F.);
#5846=ADVANCED_FACE('',(#659),#508,.F.);
#5847=ADVANCED_FACE('',(#660),#509,.F.);
#5848=ADVANCED_FACE('',(#661),#510,.F.);
#5849=ADVANCED_FACE('',(#662),#511,.F.);
#5850=ADVANCED_FACE('',(#663),#512,.T.);
#5851=ADVANCED_FACE('',(#664),#513,.T.);
#5852=ADVANCED_FACE('',(#665),#514,.F.);
#5853=ADVANCED_FACE('',(#666),#162,.F.);
#5854=ADVANCED_FACE('',(#667),#515,.F.);
#5855=ADVANCED_FACE('',(#668),#516,.F.);
#5856=ADVANCED_FACE('',(#669),#517,.F.);
#5857=ADVANCED_FACE('',(#670),#518,.F.);
#5858=ADVANCED_FACE('',(#671),#519,.T.);
#5859=ADVANCED_FACE('',(#672),#520,.T.);
#5860=ADVANCED_FACE('',(#673,#99),#163,.T.);
#5861=ADVANCED_FACE('',(#674),#164,.T.);
#5862=ADVANCED_FACE('',(#675),#165,.F.);
#5863=ADVANCED_FACE('',(#676),#166,.F.);
#5864=ADVANCED_FACE('',(#677),#167,.F.);
#5865=ADVANCED_FACE('',(#678),#168,.F.);
#5866=ADVANCED_FACE('',(#679),#521,.F.);
#5867=ADVANCED_FACE('',(#680),#169,.F.);
#5868=ADVANCED_FACE('',(#681),#522,.F.);
#5869=ADVANCED_FACE('',(#682),#523,.F.);
#5870=ADVANCED_FACE('',(#683),#524,.F.);
#5871=ADVANCED_FACE('',(#684),#525,.F.);
#5872=ADVANCED_FACE('',(#685),#170,.F.);
#5873=ADVANCED_FACE('',(#686),#526,.F.);
#5874=ADVANCED_FACE('',(#687),#527,.F.);
#5875=ADVANCED_FACE('',(#688),#528,.F.);
#5876=ADVANCED_FACE('',(#689),#171,.T.);
#5877=ADVANCED_FACE('',(#690,#100),#172,.T.);
#5878=ADVANCED_FACE('',(#691),#529,.T.);
#5879=ADVANCED_FACE('',(#692),#530,.T.);
#5880=ADVANCED_FACE('',(#693),#173,.T.);
#5881=ADVANCED_FACE('',(#694),#174,.T.);
#5882=ADVANCED_FACE('',(#695),#175,.F.);
#5883=ADVANCED_FACE('',(#696),#176,.F.);
#5884=ADVANCED_FACE('',(#697),#177,.F.);
#5885=ADVANCED_FACE('',(#698),#531,.T.);
#5886=ADVANCED_FACE('',(#699),#532,.T.);
#5887=ADVANCED_FACE('',(#700),#178,.T.);
#5888=ADVANCED_FACE('',(#701),#533,.F.);
#5889=ADVANCED_FACE('',(#702),#534,.F.);
#5890=ADVANCED_FACE('',(#703),#535,.F.);
#5891=ADVANCED_FACE('',(#704),#179,.F.);
#5892=ADVANCED_FACE('',(#705),#180,.F.);
#5893=ADVANCED_FACE('',(#706),#181,.F.);
#5894=ADVANCED_FACE('',(#707),#182,.F.);
#5895=ADVANCED_FACE('',(#708),#183,.T.);
#5896=ADVANCED_FACE('',(#709),#184,.T.);
#5897=ADVANCED_FACE('',(#710),#536,.F.);
#5898=ADVANCED_FACE('',(#711),#537,.F.);
#5899=ADVANCED_FACE('',(#712),#538,.F.);
#5900=ADVANCED_FACE('',(#713),#185,.F.);
#5901=ADVANCED_FACE('',(#714),#539,.F.);
#5902=ADVANCED_FACE('',(#715),#540,.F.);
#5903=ADVANCED_FACE('',(#716),#541,.F.);
#5904=ADVANCED_FACE('',(#717),#542,.F.);
#5905=ADVANCED_FACE('',(#718),#186,.F.);
#5906=ADVANCED_FACE('',(#719),#543,.F.);
#5907=ADVANCED_FACE('',(#720),#187,.F.);
#5908=ADVANCED_FACE('',(#721),#188,.F.);
#5909=ADVANCED_FACE('',(#722),#189,.F.);
#5910=ADVANCED_FACE('',(#723),#190,.F.);
#5911=ADVANCED_FACE('',(#724),#191,.T.);
#5912=ADVANCED_FACE('',(#725),#192,.T.);
#5913=ADVANCED_FACE('',(#726),#193,.F.);
#5914=ADVANCED_FACE('',(#727),#194,.F.);
#5915=ADVANCED_FACE('',(#728),#195,.F.);
#5916=ADVANCED_FACE('',(#729),#196,.F.);
#5917=ADVANCED_FACE('',(#730),#197,.F.);
#5918=ADVANCED_FACE('',(#731),#544,.F.);
#5919=ADVANCED_FACE('',(#732),#545,.F.);
#5920=ADVANCED_FACE('',(#733),#198,.F.);
#5921=ADVANCED_FACE('',(#734),#199,.F.);
#5922=ADVANCED_FACE('',(#735),#200,.F.);
#5923=ADVANCED_FACE('',(#736),#201,.F.);
#5924=ADVANCED_FACE('',(#737),#202,.F.);
#5925=ADVANCED_FACE('',(#738),#203,.F.);
#5926=ADVANCED_FACE('',(#739),#204,.T.);
#5927=ADVANCED_FACE('',(#740,#101),#205,.T.);
#5928=ADVANCED_FACE('',(#741),#546,.T.);
#5929=ADVANCED_FACE('',(#742),#206,.T.);
#5930=ADVANCED_FACE('',(#743),#207,.T.);
#5931=ADVANCED_FACE('',(#744),#547,.F.);
#5932=ADVANCED_FACE('',(#745),#548,.F.);
#5933=ADVANCED_FACE('',(#746),#208,.F.);
#5934=ADVANCED_FACE('',(#747),#209,.F.);
#5935=ADVANCED_FACE('',(#748),#210,.F.);
#5936=ADVANCED_FACE('',(#749),#211,.F.);
#5937=ADVANCED_FACE('',(#750),#212,.F.);
#5938=ADVANCED_FACE('',(#751),#549,.T.);
#5939=ADVANCED_FACE('',(#752),#213,.T.);
#5940=ADVANCED_FACE('',(#753),#550,.F.);
#5941=ADVANCED_FACE('',(#754),#551,.F.);
#5942=ADVANCED_FACE('',(#755),#552,.F.);
#5943=ADVANCED_FACE('',(#756),#553,.F.);
#5944=ADVANCED_FACE('',(#757),#214,.F.);
#5945=ADVANCED_FACE('',(#758),#215,.F.);
#5946=ADVANCED_FACE('',(#759),#216,.F.);
#5947=ADVANCED_FACE('',(#760),#554,.F.);
#5948=ADVANCED_FACE('',(#761),#217,.F.);
#5949=ADVANCED_FACE('',(#762),#555,.F.);
#5950=ADVANCED_FACE('',(#763),#556,.F.);
#5951=ADVANCED_FACE('',(#764),#557,.F.);
#5952=ADVANCED_FACE('',(#765),#558,.F.);
#5953=ADVANCED_FACE('',(#766),#218,.F.);
#5954=ADVANCED_FACE('',(#767),#559,.F.);
#5955=ADVANCED_FACE('',(#768),#560,.F.);
#5956=ADVANCED_FACE('',(#769),#561,.F.);
#5957=ADVANCED_FACE('',(#770),#219,.T.);
#5958=ADVANCED_FACE('',(#771),#220,.T.);
#5959=ADVANCED_FACE('',(#772),#221,.F.);
#5960=ADVANCED_FACE('',(#773),#222,.F.);
#5961=ADVANCED_FACE('',(#774),#223,.F.);
#5962=ADVANCED_FACE('',(#775),#224,.F.);
#5963=ADVANCED_FACE('',(#776),#225,.F.);
#5964=ADVANCED_FACE('',(#777),#226,.F.);
#5965=ADVANCED_FACE('',(#778),#227,.F.);
#5966=ADVANCED_FACE('',(#779),#228,.F.);
#5967=ADVANCED_FACE('',(#780),#229,.F.);
#5968=ADVANCED_FACE('',(#781),#230,.F.);
#5969=ADVANCED_FACE('',(#782),#231,.F.);
#5970=ADVANCED_FACE('',(#783),#232,.F.);
#5971=ADVANCED_FACE('',(#784),#233,.F.);
#5972=ADVANCED_FACE('',(#785),#234,.F.);
#5973=ADVANCED_FACE('',(#786),#235,.F.);
#5974=ADVANCED_FACE('',(#787),#236,.F.);
#5975=ADVANCED_FACE('',(#788),#237,.F.);
#5976=ADVANCED_FACE('',(#789),#238,.F.);
#5977=ADVANCED_FACE('',(#790),#239,.F.);
#5978=ADVANCED_FACE('',(#791),#240,.F.);
#5979=ADVANCED_FACE('',(#792),#241,.T.);
#5980=ADVANCED_FACE('',(#793,#102),#242,.T.);
#5981=ADVANCED_FACE('',(#794),#562,.T.);
#5982=ADVANCED_FACE('',(#795),#563,.T.);
#5983=ADVANCED_FACE('',(#796),#243,.T.);
#5984=ADVANCED_FACE('',(#797),#244,.F.);
#5985=ADVANCED_FACE('',(#798),#245,.F.);
#5986=ADVANCED_FACE('',(#799),#246,.F.);
#5987=ADVANCED_FACE('',(#800),#247,.F.);
#5988=ADVANCED_FACE('',(#801),#248,.T.);
#5989=ADVANCED_FACE('',(#802),#249,.T.);
#5990=ADVANCED_FACE('',(#803),#250,.F.);
#5991=ADVANCED_FACE('',(#804),#251,.F.);
#5992=ADVANCED_FACE('',(#805),#252,.F.);
#5993=ADVANCED_FACE('',(#806),#253,.F.);
#5994=ADVANCED_FACE('',(#807),#254,.F.);
#5995=ADVANCED_FACE('',(#808),#255,.F.);
#5996=ADVANCED_FACE('',(#809),#256,.F.);
#5997=ADVANCED_FACE('',(#810),#257,.F.);
#5998=ADVANCED_FACE('',(#811),#258,.F.);
#5999=ADVANCED_FACE('',(#812),#259,.F.);
#6000=ADVANCED_FACE('',(#813),#260,.T.);
#6001=ADVANCED_FACE('',(#814),#261,.T.);
#6002=ADVANCED_FACE('',(#815),#262,.T.);
#6003=ADVANCED_FACE('',(#816),#263,.T.);
#6004=ADVANCED_FACE('',(#817),#264,.T.);
#6005=ADVANCED_FACE('',(#818),#265,.T.);
#6006=ADVANCED_FACE('',(#819),#5747,.T.);
#6007=ADVANCED_FACE('',(#820),#266,.T.);
#6008=ADVANCED_FACE('',(#821,#103),#267,.T.);
#6009=ADVANCED_FACE('',(#822),#268,.T.);
#6010=ADVANCED_FACE('',(#823),#269,.F.);
#6011=ADVANCED_FACE('',(#824),#270,.F.);
#6012=ADVANCED_FACE('',(#825),#271,.F.);
#6013=ADVANCED_FACE('',(#826),#272,.F.);
#6014=ADVANCED_FACE('',(#827),#273,.F.);
#6015=ADVANCED_FACE('',(#828),#274,.F.);
#6016=ADVANCED_FACE('',(#829),#275,.F.);
#6017=ADVANCED_FACE('',(#830),#276,.F.);
#6018=ADVANCED_FACE('',(#831),#277,.F.);
#6019=ADVANCED_FACE('',(#832),#278,.F.);
#6020=ADVANCED_FACE('',(#833),#279,.F.);
#6021=ADVANCED_FACE('',(#834),#280,.F.);
#6022=ADVANCED_FACE('',(#835),#281,.F.);
#6023=ADVANCED_FACE('',(#836),#282,.F.);
#6024=ADVANCED_FACE('',(#837),#283,.F.);
#6025=ADVANCED_FACE('',(#838),#284,.F.);
#6026=ADVANCED_FACE('',(#839),#285,.F.);
#6027=ADVANCED_FACE('',(#840),#286,.F.);
#6028=ADVANCED_FACE('',(#841),#287,.F.);
#6029=ADVANCED_FACE('',(#842),#288,.F.);
#6030=ADVANCED_FACE('',(#843),#289,.F.);
#6031=ADVANCED_FACE('',(#844),#290,.F.);
#6032=ADVANCED_FACE('',(#845),#291,.F.);
#6033=ADVANCED_FACE('',(#846),#292,.F.);
#6034=ADVANCED_FACE('',(#847),#293,.F.);
#6035=ADVANCED_FACE('',(#848),#294,.T.);
#6036=ADVANCED_FACE('',(#849),#295,.T.);
#6037=ADVANCED_FACE('',(#850),#296,.T.);
#6038=ADVANCED_FACE('',(#851),#297,.T.);
#6039=ADVANCED_FACE('',(#852),#298,.F.);
#6040=ADVANCED_FACE('',(#853),#299,.F.);
#6041=ADVANCED_FACE('',(#854,#104,#105,#106,#107,#108,#109),#300,.F.);
#6042=ADVANCED_FACE('',(#855),#301,.F.);
#6043=ADVANCED_FACE('',(#856),#302,.F.);
#6044=ADVANCED_FACE('',(#857),#303,.F.);
#6045=ADVANCED_FACE('',(#858),#304,.T.);
#6046=ADVANCED_FACE('',(#859),#305,.T.);
#6047=ADVANCED_FACE('',(#860),#306,.T.);
#6048=ADVANCED_FACE('',(#861),#307,.T.);
#6049=ADVANCED_FACE('',(#862),#308,.T.);
#6050=ADVANCED_FACE('',(#863),#309,.T.);
#6051=ADVANCED_FACE('',(#864),#310,.T.);
#6052=ADVANCED_FACE('',(#865),#311,.T.);
#6053=ADVANCED_FACE('',(#866),#312,.T.);
#6054=ADVANCED_FACE('',(#867),#313,.T.);
#6055=ADVANCED_FACE('',(#868),#314,.T.);
#6056=ADVANCED_FACE('',(#869),#315,.T.);
#6057=ADVANCED_FACE('',(#870),#316,.T.);
#6058=ADVANCED_FACE('',(#871),#317,.T.);
#6059=ADVANCED_FACE('',(#872),#318,.F.);
#6060=ADVANCED_FACE('',(#873),#319,.T.);
#6061=ADVANCED_FACE('',(#874),#320,.T.);
#6062=ADVANCED_FACE('',(#875),#321,.T.);
#6063=ADVANCED_FACE('',(#876),#5748,.T.);
#6064=ADVANCED_FACE('',(#877),#322,.T.);
#6065=ADVANCED_FACE('',(#878),#323,.T.);
#6066=ADVANCED_FACE('',(#879),#324,.T.);
#6067=ADVANCED_FACE('',(#880),#325,.T.);
#6068=ADVANCED_FACE('',(#881),#326,.F.);
#6069=ADVANCED_FACE('',(#882),#327,.T.);
#6070=ADVANCED_FACE('',(#883),#328,.T.);
#6071=ADVANCED_FACE('',(#884),#5749,.T.);
#6072=ADVANCED_FACE('',(#885),#329,.T.);
#6073=ADVANCED_FACE('',(#886),#330,.T.);
#6074=ADVANCED_FACE('',(#887),#331,.T.);
#6075=ADVANCED_FACE('',(#888),#332,.T.);
#6076=ADVANCED_FACE('',(#889),#333,.F.);
#6077=ADVANCED_FACE('',(#890),#334,.T.);
#6078=ADVANCED_FACE('',(#891),#335,.T.);
#6079=ADVANCED_FACE('',(#892),#5750,.T.);
#6080=ADVANCED_FACE('',(#893),#336,.T.);
#6081=ADVANCED_FACE('',(#894),#337,.T.);
#6082=ADVANCED_FACE('',(#895),#338,.T.);
#6083=ADVANCED_FACE('',(#896),#339,.T.);
#6084=ADVANCED_FACE('',(#897),#340,.F.);
#6085=CLOSED_SHELL('',(#5751,#5752,#5753,#5754,#5755,#5756,#5757,#5758,
#5759,#5760,#5761,#5762,#5763,#5764,#5765,#5766,#5767,#5768,#5769,#5770,
#5771,#5772,#5773,#5774,#5775,#5776,#5777,#5778,#5779,#5780,#5781,#5782,
#5783,#5784,#5785,#5786,#5787,#5788,#5789,#5790,#5791,#5792,#5793,#5794,
#5795,#5796,#5797,#5798,#5799,#5800,#5801,#5802,#5803,#5804,#5805,#5806,
#5807,#5808,#5809,#5810,#5811,#5812,#5813,#5814,#5815,#5816,#5817,#5818,
#5819,#5820,#5821,#5822,#5823,#5824,#5825,#5826,#5827,#5828,#5829,#5830,
#5831,#5832,#5833,#5834,#5835,#5836,#5837,#5838,#5839,#5840,#5841,#5842,
#5843,#5844,#5845,#5846,#5847,#5848,#5849,#5850,#5851,#5852,#5853,#5854,
#5855,#5856,#5857,#5858,#5859,#5860,#5861,#5862,#5863,#5864,#5865,#5866,
#5867,#5868,#5869,#5870,#5871,#5872,#5873,#5874,#5875,#5876,#5877,#5878,
#5879,#5880,#5881,#5882,#5883,#5884,#5885,#5886,#5887,#5888,#5889,#5890,
#5891,#5892,#5893,#5894,#5895,#5896,#5897,#5898,#5899,#5900,#5901,#5902,
#5903,#5904,#5905,#5906,#5907,#5908,#5909,#5910,#5911,#5912,#5913,#5914,
#5915,#5916,#5917,#5918,#5919,#5920,#5921,#5922,#5923,#5924,#5925,#5926,
#5927,#5928,#5929,#5930,#5931,#5932,#5933,#5934,#5935,#5936,#5937,#5938,
#5939,#5940,#5941,#5942,#5943,#5944,#5945,#5946,#5947,#5948,#5949,#5950,
#5951,#5952,#5953,#5954,#5955,#5956,#5957,#5958,#5959,#5960,#5961,#5962,
#5963,#5964,#5965,#5966,#5967,#5968,#5969,#5970,#5971,#5972,#5973,#5974,
#5975,#5976,#5977,#5978,#5979,#5980,#5981,#5982,#5983,#5984,#5985,#5986,
#5987,#5988,#5989,#5990,#5991,#5992,#5993,#5994,#5995,#5996,#5997,#5998,
#5999,#6000,#6001,#6002,#6003,#6004,#6005,#6006,#6007,#6008,#6009,#6010,
#6011,#6012,#6013,#6014,#6015,#6016,#6017,#6018,#6019,#6020,#6021,#6022,
#6023,#6024,#6025,#6026,#6027,#6028,#6029,#6030,#6031,#6032,#6033,#6034,
#6035,#6036,#6037,#6038,#6039,#6040,#6041,#6042,#6043,#6044,#6045,#6046,
#6047,#6048,#6049,#6050,#6051,#6052,#6053,#6054,#6055,#6056,#6057,#6058,
#6059,#6060));
#6086=CLOSED_SHELL('',(#6061,#6062,#6063,#6064,#6065,#6066,#6067,#6068));
#6087=CLOSED_SHELL('',(#6069,#6070,#6071,#6072,#6073,#6074,#6075,#6076));
#6088=CLOSED_SHELL('',(#6077,#6078,#6079,#6080,#6081,#6082,#6083,#6084));
#6089=DERIVED_UNIT_ELEMENT(#6098,1.);
#6090=DERIVED_UNIT_ELEMENT(#10838,-3.);
#6091=DERIVED_UNIT_ELEMENT(#6098,1.);
#6092=DERIVED_UNIT_ELEMENT(#10838,-3.);
#6093=DERIVED_UNIT_ELEMENT(#6098,1.);
#6094=DERIVED_UNIT_ELEMENT(#10838,-3.);
#6095=DERIVED_UNIT_ELEMENT(#6098,1.);
#6096=DERIVED_UNIT_ELEMENT(#10838,-3.);
#6097=DIMENSIONAL_EXPONENTS(1.,0.,0.,0.,0.,0.,0.);
#6098=(
CONVERSION_BASED_UNIT('gram',#6100)
MASS_UNIT()
NAMED_UNIT(#6097)
);
#6099=(
MASS_UNIT()
NAMED_UNIT(*)
SI_UNIT(.KILO.,.GRAM.)
);
#6100=MASS_MEASURE_WITH_UNIT(MASS_MEASURE(0.001),#6099);
#6101=DERIVED_UNIT((#6089,#6090));
#6102=DERIVED_UNIT((#6091,#6092));
#6103=DERIVED_UNIT((#6093,#6094));
#6104=DERIVED_UNIT((#6095,#6096));
#6105=MEASURE_REPRESENTATION_ITEM('density measure',
POSITIVE_RATIO_MEASURE(1.),#6101);
#6106=MEASURE_REPRESENTATION_ITEM('density measure',
POSITIVE_RATIO_MEASURE(1.),#6102);
#6107=MEASURE_REPRESENTATION_ITEM('density measure',
POSITIVE_RATIO_MEASURE(1.),#6103);
#6108=MEASURE_REPRESENTATION_ITEM('density measure',
POSITIVE_RATIO_MEASURE(1.),#6104);
#6109=PROPERTY_DEFINITION_REPRESENTATION(#6129,#6117);
#6110=PROPERTY_DEFINITION_REPRESENTATION(#6130,#6118);
#6111=PROPERTY_DEFINITION_REPRESENTATION(#6131,#6119);
#6112=PROPERTY_DEFINITION_REPRESENTATION(#6132,#6120);
#6113=PROPERTY_DEFINITION_REPRESENTATION(#6133,#6121);
#6114=PROPERTY_DEFINITION_REPRESENTATION(#6134,#6122);
#6115=PROPERTY_DEFINITION_REPRESENTATION(#6135,#6123);
#6116=PROPERTY_DEFINITION_REPRESENTATION(#6136,#6124);
#6117=REPRESENTATION('material name',(#6125),#10832);
#6118=REPRESENTATION('density',(#6105),#10832);
#6119=REPRESENTATION('material name',(#6126),#10833);
#6120=REPRESENTATION('density',(#6106),#10833);
#6121=REPRESENTATION('material name',(#6127),#10834);
#6122=REPRESENTATION('density',(#6107),#10834);
#6123=REPRESENTATION('material name',(#6128),#10835);
#6124=REPRESENTATION('density',(#6108),#10835);
#6125=DESCRIPTIVE_REPRESENTATION_ITEM('Generic','Generic');
#6126=DESCRIPTIVE_REPRESENTATION_ITEM('Generic','Generic');
#6127=DESCRIPTIVE_REPRESENTATION_ITEM('Generic','Generic');
#6128=DESCRIPTIVE_REPRESENTATION_ITEM('Generic','Generic');
#6129=PROPERTY_DEFINITION('material property','material name',#10864);
#6130=PROPERTY_DEFINITION('material property','density of part',#10864);
#6131=PROPERTY_DEFINITION('material property','material name',#10865);
#6132=PROPERTY_DEFINITION('material property','density of part',#10865);
#6133=PROPERTY_DEFINITION('material property','material name',#10866);
#6134=PROPERTY_DEFINITION('material property','density of part',#10866);
#6135=PROPERTY_DEFINITION('material property','material name',#10867);
#6136=PROPERTY_DEFINITION('material property','density of part',#10867);
#6137=PRESENTATION_STYLE_ASSIGNMENT((#6140));
#6138=PRESENTATION_STYLE_ASSIGNMENT((#6141));
#6139=PRESENTATION_STYLE_ASSIGNMENT((#6142));
#6140=SURFACE_STYLE_USAGE(.BOTH.,#6149);
#6141=SURFACE_STYLE_USAGE(.BOTH.,#6150);
#6142=SURFACE_STYLE_USAGE(.BOTH.,#6151);
#6143=SURFACE_STYLE_RENDERING_WITH_PROPERTIES($,#6161,(#6146));
#6144=SURFACE_STYLE_RENDERING_WITH_PROPERTIES($,#6162,(#6147));
#6145=SURFACE_STYLE_RENDERING_WITH_PROPERTIES($,#6163,(#6148));
#6146=SURFACE_STYLE_TRANSPARENT(0.);
#6147=SURFACE_STYLE_TRANSPARENT(0.);
#6148=SURFACE_STYLE_TRANSPARENT(0.);
#6149=SURFACE_SIDE_STYLE('',(#6152,#6143));
#6150=SURFACE_SIDE_STYLE('',(#6153,#6144));
#6151=SURFACE_SIDE_STYLE('',(#6154,#6145));
#6152=SURFACE_STYLE_FILL_AREA(#6155);
#6153=SURFACE_STYLE_FILL_AREA(#6156);
#6154=SURFACE_STYLE_FILL_AREA(#6157);
#6155=FILL_AREA_STYLE('',(#6158));
#6156=FILL_AREA_STYLE('',(#6159));
#6157=FILL_AREA_STYLE('',(#6160));
#6158=FILL_AREA_STYLE_COLOUR('',#6161);
#6159=FILL_AREA_STYLE_COLOUR('',#6162);
#6160=FILL_AREA_STYLE_COLOUR('',#6163);
#6161=COLOUR_RGB('',0.270588235294118,0.270588235294118,0.270588235294118);
#6162=COLOUR_RGB('',1.,1.,1.);
#6163=COLOUR_RGB('',0.749019607843137,0.749019607843137,0.749019607843137);
#6164=DATE_TIME_ROLE('creation_date');
#6165=DATE_TIME_ROLE('creation_date');
#6166=DATE_TIME_ROLE('creation_date');
#6167=DATE_TIME_ROLE('creation_date');
#6168=DATE_TIME_ROLE('creation_date');
#6169=APPLIED_DATE_AND_TIME_ASSIGNMENT(#6174,#6164,(#10863));
#6170=APPLIED_DATE_AND_TIME_ASSIGNMENT(#6175,#6165,(#10864));
#6171=APPLIED_DATE_AND_TIME_ASSIGNMENT(#6176,#6166,(#10865));
#6172=APPLIED_DATE_AND_TIME_ASSIGNMENT(#6177,#6167,(#10866));
#6173=APPLIED_DATE_AND_TIME_ASSIGNMENT(#6178,#6168,(#10867));
#6174=DATE_AND_TIME(#6179,#6184);
#6175=DATE_AND_TIME(#6180,#6185);
#6176=DATE_AND_TIME(#6181,#6186);
#6177=DATE_AND_TIME(#6182,#6187);
#6178=DATE_AND_TIME(#6183,#6188);
#6179=CALENDAR_DATE(2022,13,5);
#6180=CALENDAR_DATE(2017,21,6);
#6181=CALENDAR_DATE(2017,7,6);
#6182=CALENDAR_DATE(2017,7,6);
#6183=CALENDAR_DATE(2017,7,6);
#6184=LOCAL_TIME(0,0,0.,#6189);
#6185=LOCAL_TIME(0,0,0.,#6190);
#6186=LOCAL_TIME(0,0,0.,#6191);
#6187=LOCAL_TIME(0,0,0.,#6192);
#6188=LOCAL_TIME(0,0,0.,#6193);
#6189=COORDINATED_UNIVERSAL_TIME_OFFSET(0,0,.BEHIND.);
#6190=COORDINATED_UNIVERSAL_TIME_OFFSET(0,0,.BEHIND.);
#6191=COORDINATED_UNIVERSAL_TIME_OFFSET(0,0,.BEHIND.);
#6192=COORDINATED_UNIVERSAL_TIME_OFFSET(0,0,.BEHIND.);
#6193=COORDINATED_UNIVERSAL_TIME_OFFSET(0,0,.BEHIND.);
#6194=AXIS2_PLACEMENT_3D('placement',#7814,#6518,#6519);
#6195=AXIS2_PLACEMENT_3D('placement',#7815,#6520,#6521);
#6196=AXIS2_PLACEMENT_3D('',#7816,#6522,#6523);
#6197=AXIS2_PLACEMENT_3D('',#7821,#6525,#6526);
#6198=AXIS2_PLACEMENT_3D('',#7825,#6528,#6529);
#6199=AXIS2_PLACEMENT_3D('',#7826,#6530,#6531);
#6200=AXIS2_PLACEMENT_3D('',#7827,#6532,#6533);
#6201=AXIS2_PLACEMENT_3D('',#7832,#6536,#6537);
#6202=AXIS2_PLACEMENT_3D('',#7877,#6538,#6539);
#6203=AXIS2_PLACEMENT_3D('',#7890,#6540,#6541);
#6204=AXIS2_PLACEMENT_3D('',#7903,#6542,#6543);
#6205=AXIS2_PLACEMENT_3D('',#7905,#6544,#6545);
#6206=AXIS2_PLACEMENT_3D('',#7907,#6546,#6547);
#6207=AXIS2_PLACEMENT_3D('',#7908,#6548,#6549);
#6208=AXIS2_PLACEMENT_3D('',#7953,#6550,#6551);
#6209=AXIS2_PLACEMENT_3D('',#7966,#6552,#6553);
#6210=AXIS2_PLACEMENT_3D('',#7970,#6556,#6557);
#6211=AXIS2_PLACEMENT_3D('',#7971,#6558,#6559);
#6212=AXIS2_PLACEMENT_3D('',#7972,#6560,#6561);
#6213=AXIS2_PLACEMENT_3D('',#7973,#6562,#6563);
#6214=AXIS2_PLACEMENT_3D('',#7977,#6565,#6566);
#6215=AXIS2_PLACEMENT_3D('',#7979,#6568,#6569);
#6216=AXIS2_PLACEMENT_3D('',#7983,#6571,#6572);
#6217=AXIS2_PLACEMENT_3D('',#7987,#6574,#6575);
#6218=AXIS2_PLACEMENT_3D('',#7989,#6577,#6578);
#6219=AXIS2_PLACEMENT_3D('',#7991,#6580,#6581);
#6220=AXIS2_PLACEMENT_3D('',#7995,#6583,#6584);
#6221=AXIS2_PLACEMENT_3D('',#8001,#6588,#6589);
#6222=AXIS2_PLACEMENT_3D('',#8005,#6591,#6592);
#6223=AXIS2_PLACEMENT_3D('',#8008,#6594,#6595);
#6224=AXIS2_PLACEMENT_3D('',#8009,#6596,#6597);
#6225=AXIS2_PLACEMENT_3D('',#8014,#6599,#6600);
#6226=AXIS2_PLACEMENT_3D('',#8017,#6602,#6603);
#6227=AXIS2_PLACEMENT_3D('',#8029,#6604,#6605);
#6228=AXIS2_PLACEMENT_3D('',#8030,#6606,#6607);
#6229=AXIS2_PLACEMENT_3D('',#8031,#6608,#6609);
#6230=AXIS2_PLACEMENT_3D('',#8032,#6610,#6611);
#6231=AXIS2_PLACEMENT_3D('',#8045,#6614,#6615);
#6232=AXIS2_PLACEMENT_3D('',#8046,#6616,#6617);
#6233=AXIS2_PLACEMENT_3D('',#8047,#6618,#6619);
#6234=AXIS2_PLACEMENT_3D('',#8049,#6620,#6621);
#6235=AXIS2_PLACEMENT_3D('',#8051,#6623,#6624);
#6236=AXIS2_PLACEMENT_3D('',#8053,#6625,#6626);
#6237=AXIS2_PLACEMENT_3D('',#8054,#6627,#6628);
#6238=AXIS2_PLACEMENT_3D('',#8055,#6629,#6630);
#6239=AXIS2_PLACEMENT_3D('',#8057,#6631,#6632);
#6240=AXIS2_PLACEMENT_3D('',#8070,#6634,#6635);
#6241=AXIS2_PLACEMENT_3D('',#8071,#6636,#6637);
#6242=AXIS2_PLACEMENT_3D('',#8072,#6638,#6639);
#6243=AXIS2_PLACEMENT_3D('',#8073,#6640,#6641);
#6244=AXIS2_PLACEMENT_3D('',#8076,#6644,#6645);
#6245=AXIS2_PLACEMENT_3D('',#8080,#6648,#6649);
#6246=AXIS2_PLACEMENT_3D('',#8083,#6651,#6652);
#6247=AXIS2_PLACEMENT_3D('',#8085,#6653,#6654);
#6248=AXIS2_PLACEMENT_3D('',#8086,#6655,#6656);
#6249=AXIS2_PLACEMENT_3D('',#8089,#6658,#6659);
#6250=AXIS2_PLACEMENT_3D('',#8090,#6660,#6661);
#6251=AXIS2_PLACEMENT_3D('',#8588,#6778,#6779);
#6252=AXIS2_PLACEMENT_3D('',#8590,#6781,#6782);
#6253=AXIS2_PLACEMENT_3D('',#8591,#6783,#6784);
#6254=AXIS2_PLACEMENT_3D('',#8593,#6785,#6786);
#6255=AXIS2_PLACEMENT_3D('',#8594,#6787,#6788);
#6256=AXIS2_PLACEMENT_3D('',#8595,#6789,#6790);
#6257=AXIS2_PLACEMENT_3D('',#8596,#6791,#6792);
#6258=AXIS2_PLACEMENT_3D('',#8599,#6794,#6795);
#6259=AXIS2_PLACEMENT_3D('',#8600,#6796,#6797);
#6260=AXIS2_PLACEMENT_3D('',#8602,#6798,#6799);
#6261=AXIS2_PLACEMENT_3D('',#8603,#6800,#6801);
#6262=AXIS2_PLACEMENT_3D('',#8604,#6802,#6803);
#6263=AXIS2_PLACEMENT_3D('',#8607,#6804,#6805);
#6264=AXIS2_PLACEMENT_3D('',#8610,#6808,#6809);
#6265=AXIS2_PLACEMENT_3D('',#8612,#6811,#6812);
#6266=AXIS2_PLACEMENT_3D('',#8614,#6813,#6814);
#6267=AXIS2_PLACEMENT_3D('',#8615,#6815,#6816);
#6268=AXIS2_PLACEMENT_3D('',#8616,#6817,#6818);
#6269=AXIS2_PLACEMENT_3D('',#8619,#6819,#6820);
#6270=AXIS2_PLACEMENT_3D('',#8622,#6823,#6824);
#6271=AXIS2_PLACEMENT_3D('',#8624,#6825,#6826);
#6272=AXIS2_PLACEMENT_3D('',#8625,#6827,#6828);
#6273=AXIS2_PLACEMENT_3D('',#8626,#6829,#6830);
#6274=AXIS2_PLACEMENT_3D('',#8628,#6831,#6832);
#6275=AXIS2_PLACEMENT_3D('',#8630,#6834,#6835);
#6276=AXIS2_PLACEMENT_3D('',#8632,#6837,#6838);
#6277=AXIS2_PLACEMENT_3D('',#8650,#6848,#6849);
#6278=AXIS2_PLACEMENT_3D('',#8652,#6851,#6852);
#6279=AXIS2_PLACEMENT_3D('',#8662,#6858,#6859);
#6280=AXIS2_PLACEMENT_3D('',#8693,#6869,#6870);
#6281=AXIS2_PLACEMENT_3D('',#8696,#6873,#6874);
#6282=AXIS2_PLACEMENT_3D('',#8698,#6876,#6877);
#6283=AXIS2_PLACEMENT_3D('',#8700,#6879,#6880);
#6284=AXIS2_PLACEMENT_3D('',#8702,#6882,#6883);
#6285=AXIS2_PLACEMENT_3D('',#8704,#6885,#6886);
#6286=AXIS2_PLACEMENT_3D('',#8706,#6888,#6889);
#6287=AXIS2_PLACEMENT_3D('',#8708,#6891,#6892);
#6288=AXIS2_PLACEMENT_3D('',#8724,#6896,#6897);
#6289=AXIS2_PLACEMENT_3D('',#8725,#6898,#6899);
#6290=AXIS2_PLACEMENT_3D('',#8901,#6910,#6911);
#6291=AXIS2_PLACEMENT_3D('',#8922,#6915,#6916);
#6292=AXIS2_PLACEMENT_3D('',#8926,#6919,#6920);
#6293=AXIS2_PLACEMENT_3D('',#8930,#6923,#6924);
#6294=AXIS2_PLACEMENT_3D('',#8934,#6927,#6928);
#6295=AXIS2_PLACEMENT_3D('',#8936,#6930,#6931);
#6296=AXIS2_PLACEMENT_3D('',#8937,#6932,#6933);
#6297=AXIS2_PLACEMENT_3D('',#8946,#6938,#6939);
#6298=AXIS2_PLACEMENT_3D('',#8949,#6942,#6943);
#6299=AXIS2_PLACEMENT_3D('',#8951,#6945,#6946);
#6300=AXIS2_PLACEMENT_3D('',#8953,#6948,#6949);
#6301=AXIS2_PLACEMENT_3D('',#8954,#6950,#6951);
#6302=AXIS2_PLACEMENT_3D('',#8960,#6955,#6956);
#6303=AXIS2_PLACEMENT_3D('',#8964,#6959,#6960);
#6304=AXIS2_PLACEMENT_3D('',#8968,#6963,#6964);
#6305=AXIS2_PLACEMENT_3D('',#8972,#6967,#6968);
#6306=AXIS2_PLACEMENT_3D('',#8981,#6973,#6974);
#6307=AXIS2_PLACEMENT_3D('',#8987,#6978,#6979);
#6308=AXIS2_PLACEMENT_3D('',#8991,#6982,#6983);
#6309=AXIS2_PLACEMENT_3D('',#8995,#6986,#6987);
#6310=AXIS2_PLACEMENT_3D('',#8999,#6990,#6991);
#6311=AXIS2_PLACEMENT_3D('',#9001,#6993,#6994);
#6312=AXIS2_PLACEMENT_3D('',#9038,#6999,#7000);
#6313=AXIS2_PLACEMENT_3D('',#9039,#7001,#7002);
#6314=AXIS2_PLACEMENT_3D('',#9048,#7007,#7008);
#6315=AXIS2_PLACEMENT_3D('',#9051,#7011,#7012);
#6316=AXIS2_PLACEMENT_3D('',#9053,#7014,#7015);
#6317=AXIS2_PLACEMENT_3D('',#9055,#7017,#7018);
#6318=AXIS2_PLACEMENT_3D('',#9187,#7029,#7030);
#6319=AXIS2_PLACEMENT_3D('',#9303,#7037,#7038);
#6320=AXIS2_PLACEMENT_3D('',#9304,#7039,#7040);
#6321=AXIS2_PLACEMENT_3D('',#9313,#7045,#7046);
#6322=AXIS2_PLACEMENT_3D('',#9316,#7049,#7050);
#6323=AXIS2_PLACEMENT_3D('',#9318,#7052,#7053);
#6324=AXIS2_PLACEMENT_3D('',#9320,#7055,#7056);
#6325=AXIS2_PLACEMENT_3D('',#9335,#7059,#7060);
#6326=AXIS2_PLACEMENT_3D('',#9417,#7067,#7068);
#6327=AXIS2_PLACEMENT_3D('',#9475,#7073,#7074);
#6328=AXIS2_PLACEMENT_3D('',#9476,#7075,#7076);
#6329=AXIS2_PLACEMENT_3D('',#9569,#7086,#7087);
#6330=AXIS2_PLACEMENT_3D('',#9573,#7090,#7091);
#6331=AXIS2_PLACEMENT_3D('',#9577,#7094,#7095);
#6332=AXIS2_PLACEMENT_3D('',#9580,#7098,#7099);
#6333=AXIS2_PLACEMENT_3D('',#9582,#7101,#7102);
#6334=AXIS2_PLACEMENT_3D('',#9609,#7106,#7107);
#6335=AXIS2_PLACEMENT_3D('',#9639,#7111,#7112);
#6336=AXIS2_PLACEMENT_3D('',#9645,#7116,#7117);
#6337=AXIS2_PLACEMENT_3D('',#9649,#7120,#7121);
#6338=AXIS2_PLACEMENT_3D('',#9653,#7124,#7125);
#6339=AXIS2_PLACEMENT_3D('',#9655,#7127,#7128);
#6340=AXIS2_PLACEMENT_3D('',#9656,#7129,#7130);
#6341=AXIS2_PLACEMENT_3D('',#9761,#7137,#7138);
#6342=AXIS2_PLACEMENT_3D('',#9803,#7144,#7145);
#6343=AXIS2_PLACEMENT_3D('',#9811,#7147,#7148);
#6344=AXIS2_PLACEMENT_3D('',#9817,#7152,#7153);
#6345=AXIS2_PLACEMENT_3D('',#9821,#7156,#7157);
#6346=AXIS2_PLACEMENT_3D('',#9825,#7160,#7161);
#6347=AXIS2_PLACEMENT_3D('',#9827,#7163,#7164);
#6348=AXIS2_PLACEMENT_3D('',#9828,#7165,#7166);
#6349=AXIS2_PLACEMENT_3D('',#9837,#7171,#7172);
#6350=AXIS2_PLACEMENT_3D('',#9840,#7175,#7176);
#6351=AXIS2_PLACEMENT_3D('',#9842,#7178,#7179);
#6352=AXIS2_PLACEMENT_3D('',#9844,#7181,#7182);
#6353=AXIS2_PLACEMENT_3D('',#9845,#7183,#7184);
#6354=AXIS2_PLACEMENT_3D('',#9879,#7190,#7191);
#6355=AXIS2_PLACEMENT_3D('',#9883,#7194,#7195);
#6356=AXIS2_PLACEMENT_3D('',#9887,#7198,#7199);
#6357=AXIS2_PLACEMENT_3D('',#9891,#7202,#7203);
#6358=AXIS2_PLACEMENT_3D('',#9895,#7206,#7207);
#6359=AXIS2_PLACEMENT_3D('',#9899,#7210,#7211);
#6360=AXIS2_PLACEMENT_3D('',#9901,#7213,#7214);
#6361=AXIS2_PLACEMENT_3D('',#9902,#7215,#7216);
#6362=AXIS2_PLACEMENT_3D('',#10005,#7230,#7231);
#6363=AXIS2_PLACEMENT_3D('',#10009,#7234,#7235);
#6364=AXIS2_PLACEMENT_3D('',#10032,#7241,#7242);
#6365=AXIS2_PLACEMENT_3D('',#10034,#7244,#7245);
#6366=AXIS2_PLACEMENT_3D('',#10036,#7247,#7248);
#6367=AXIS2_PLACEMENT_3D('',#10038,#7250,#7251);
#6368=AXIS2_PLACEMENT_3D('',#10040,#7253,#7254);
#6369=AXIS2_PLACEMENT_3D('',#10059,#7257,#7258);
#6370=AXIS2_PLACEMENT_3D('',#10095,#7264,#7265);
#6371=AXIS2_PLACEMENT_3D('',#10097,#7267,#7268);
#6372=AXIS2_PLACEMENT_3D('',#10099,#7270,#7271);
#6373=AXIS2_PLACEMENT_3D('',#10119,#7274,#7275);
#6374=AXIS2_PLACEMENT_3D('',#10201,#7282,#7283);
#6375=AXIS2_PLACEMENT_3D('',#10264,#7288,#7289);
#6376=AXIS2_PLACEMENT_3D('',#10265,#7290,#7291);
#6377=AXIS2_PLACEMENT_3D('',#10290,#7304,#7305);
#6378=AXIS2_PLACEMENT_3D('',#10293,#7308,#7309);
#6379=AXIS2_PLACEMENT_3D('',#10295,#7311,#7312);
#6380=AXIS2_PLACEMENT_3D('',#10297,#7314,#7315);
#6381=AXIS2_PLACEMENT_3D('',#10299,#7317,#7318);
#6382=AXIS2_PLACEMENT_3D('',#10301,#7320,#7321);
#6383=AXIS2_PLACEMENT_3D('',#10303,#7323,#7324);
#6384=AXIS2_PLACEMENT_3D('',#10305,#7326,#7327);
#6385=AXIS2_PLACEMENT_3D('',#10307,#7329,#7330);
#6386=AXIS2_PLACEMENT_3D('',#10309,#7332,#7333);
#6387=AXIS2_PLACEMENT_3D('',#10311,#7335,#7336);
#6388=AXIS2_PLACEMENT_3D('',#10313,#7338,#7339);
#6389=AXIS2_PLACEMENT_3D('',#10314,#7340,#7341);
#6390=AXIS2_PLACEMENT_3D('',#10320,#7345,#7346);
#6391=AXIS2_PLACEMENT_3D('',#10324,#7349,#7350);
#6392=AXIS2_PLACEMENT_3D('',#10328,#7353,#7354);
#6393=AXIS2_PLACEMENT_3D('',#10332,#7357,#7358);
#6394=AXIS2_PLACEMENT_3D('',#10336,#7361,#7362);
#6395=AXIS2_PLACEMENT_3D('',#10340,#7365,#7366);
#6396=AXIS2_PLACEMENT_3D('',#10344,#7369,#7370);
#6397=AXIS2_PLACEMENT_3D('',#10346,#7372,#7373);
#6398=AXIS2_PLACEMENT_3D('',#10347,#7374,#7375);
#6399=AXIS2_PLACEMENT_3D('',#10406,#7390,#7391);
#6400=AXIS2_PLACEMENT_3D('',#10410,#7394,#7395);
#6401=AXIS2_PLACEMENT_3D('',#10413,#7398,#7399);
#6402=AXIS2_PLACEMENT_3D('',#10415,#7401,#7402);
#6403=AXIS2_PLACEMENT_3D('',#10417,#7404,#7405);
#6404=AXIS2_PLACEMENT_3D('',#10419,#7407,#7408);
#6405=AXIS2_PLACEMENT_3D('',#10423,#7411,#7412);
#6406=AXIS2_PLACEMENT_3D('',#10425,#7414,#7415);
#6407=AXIS2_PLACEMENT_3D('',#10427,#7417,#7418);
#6408=AXIS2_PLACEMENT_3D('',#10429,#7420,#7421);
#6409=AXIS2_PLACEMENT_3D('',#10431,#7423,#7424);
#6410=AXIS2_PLACEMENT_3D('',#10432,#7425,#7426);
#6411=AXIS2_PLACEMENT_3D('',#10438,#7430,#7431);
#6412=AXIS2_PLACEMENT_3D('',#10442,#7434,#7435);
#6413=AXIS2_PLACEMENT_3D('',#10446,#7438,#7439);
#6414=AXIS2_PLACEMENT_3D('',#10450,#7442,#7443);
#6415=AXIS2_PLACEMENT_3D('',#10454,#7446,#7447);
#6416=AXIS2_PLACEMENT_3D('',#10456,#7449,#7450);
#6417=AXIS2_PLACEMENT_3D('',#10457,#7451,#7452);
#6418=AXIS2_PLACEMENT_3D('',#10458,#7453,#7454);
#6419=AXIS2_PLACEMENT_3D('',#10459,#7455,#7456);
#6420=AXIS2_PLACEMENT_3D('',#10460,#7457,#7458);
#6421=AXIS2_PLACEMENT_3D('',#10461,#7459,#7460);
#6422=AXIS2_PLACEMENT_3D('',#10462,#7461,#7462);
#6423=AXIS2_PLACEMENT_3D('',#10464,#7463,#7464);
#6424=AXIS2_PLACEMENT_3D('',#10467,#7466,#7467);
#6425=AXIS2_PLACEMENT_3D('',#10468,#7468,#7469);
#6426=AXIS2_PLACEMENT_3D('',#10469,#7470,#7471);
#6427=AXIS2_PLACEMENT_3D('',#10470,#7472,#7473);
#6428=AXIS2_PLACEMENT_3D('',#10471,#7474,#7475);
#6429=AXIS2_PLACEMENT_3D('',#10480,#7480,#7481);
#6430=AXIS2_PLACEMENT_3D('',#10486,#7485,#7486);
#6431=AXIS2_PLACEMENT_3D('',#10492,#7490,#7491);
#6432=AXIS2_PLACEMENT_3D('',#10495,#7494,#7495);
#6433=AXIS2_PLACEMENT_3D('',#10496,#7496,#7497);
#6434=AXIS2_PLACEMENT_3D('',#10505,#7502,#7503);
#6435=AXIS2_PLACEMENT_3D('',#10511,#7507,#7508);
#6436=AXIS2_PLACEMENT_3D('',#10517,#7512,#7513);
#6437=AXIS2_PLACEMENT_3D('',#10520,#7516,#7517);
#6438=AXIS2_PLACEMENT_3D('',#10521,#7518,#7519);
#6439=AXIS2_PLACEMENT_3D('',#10530,#7524,#7525);
#6440=AXIS2_PLACEMENT_3D('',#10536,#7529,#7530);
#6441=AXIS2_PLACEMENT_3D('',#10542,#7534,#7535);
#6442=AXIS2_PLACEMENT_3D('',#10545,#7538,#7539);
#6443=AXIS2_PLACEMENT_3D('',#10546,#7540,#7541);
#6444=AXIS2_PLACEMENT_3D('',#10555,#7546,#7547);
#6445=AXIS2_PLACEMENT_3D('',#10561,#7551,#7552);
#6446=AXIS2_PLACEMENT_3D('',#10567,#7556,#7557);
#6447=AXIS2_PLACEMENT_3D('',#10570,#7560,#7561);
#6448=AXIS2_PLACEMENT_3D('',#10571,#7562,#7563);
#6449=AXIS2_PLACEMENT_3D('',#10580,#7568,#7569);
#6450=AXIS2_PLACEMENT_3D('',#10586,#7573,#7574);
#6451=AXIS2_PLACEMENT_3D('',#10592,#7578,#7579);
#6452=AXIS2_PLACEMENT_3D('',#10595,#7582,#7583);
#6453=AXIS2_PLACEMENT_3D('',#10596,#7584,#7585);
#6454=AXIS2_PLACEMENT_3D('',#10605,#7590,#7591);
#6455=AXIS2_PLACEMENT_3D('',#10611,#7595,#7596);
#6456=AXIS2_PLACEMENT_3D('',#10617,#7600,#7601);
#6457=AXIS2_PLACEMENT_3D('',#10620,#7604,#7605);
#6458=AXIS2_PLACEMENT_3D('',#10629,#7610,#7611);
#6459=AXIS2_PLACEMENT_3D('',#10635,#7615,#7616);
#6460=AXIS2_PLACEMENT_3D('',#10638,#7619,#7620);
#6461=AXIS2_PLACEMENT_3D('',#10644,#7624,#7625);
#6462=AXIS2_PLACEMENT_3D('',#10650,#7629,#7630);
#6463=AXIS2_PLACEMENT_3D('',#10651,#7631,#7632);
#6464=AXIS2_PLACEMENT_3D('',#10657,#7636,#7637);
#6465=AXIS2_PLACEMENT_3D('',#10661,#7640,#7641);
#6466=AXIS2_PLACEMENT_3D('',#10669,#7647,#7648);
#6467=AXIS2_PLACEMENT_3D('',#10670,#7649,#7650);
#6468=AXIS2_PLACEMENT_3D('',#10674,#7653,#7654);
#6469=AXIS2_PLACEMENT_3D('',#10678,#7657,#7658);
#6470=AXIS2_PLACEMENT_3D('',#10680,#7660,#7661);
#6471=AXIS2_PLACEMENT_3D('',#10686,#7665,#7666);
#6472=AXIS2_PLACEMENT_3D('',#10691,#7670,#7671);
#6473=AXIS2_PLACEMENT_3D('',#10693,#7673,#7674);
#6474=AXIS2_PLACEMENT_3D('',#10694,#7675,#7676);
#6475=AXIS2_PLACEMENT_3D('',#10696,#7678,#7679);
#6476=AXIS2_PLACEMENT_3D('',#10698,#7681,#7682);
#6477=AXIS2_PLACEMENT_3D('',#10699,#7683,#7684);
#6478=AXIS2_PLACEMENT_3D('',#10701,#7686,#7687);
#6479=AXIS2_PLACEMENT_3D('placement',#10702,#7688,#7689);
#6480=AXIS2_PLACEMENT_3D('',#10703,#7690,#7691);
#6481=AXIS2_PLACEMENT_3D('',#10712,#7696,#7697);
#6482=AXIS2_PLACEMENT_3D('',#10718,#7701,#7702);
#6483=AXIS2_PLACEMENT_3D('',#10720,#7703,#7704);
#6484=AXIS2_PLACEMENT_3D('',#10723,#7706,#7707);
#6485=AXIS2_PLACEMENT_3D('',#10724,#7708,#7709);
#6486=AXIS2_PLACEMENT_3D('',#10730,#7713,#7714);
#6487=AXIS2_PLACEMENT_3D('',#10736,#7718,#7719);
#6488=AXIS2_PLACEMENT_3D('',#10739,#7722,#7723);
#6489=AXIS2_PLACEMENT_3D('',#10740,#7724,#7725);
#6490=AXIS2_PLACEMENT_3D('placement',#10741,#7726,#7727);
#6491=AXIS2_PLACEMENT_3D('',#10742,#7728,#7729);
#6492=AXIS2_PLACEMENT_3D('',#10751,#7734,#7735);
#6493=AXIS2_PLACEMENT_3D('',#10757,#7739,#7740);
#6494=AXIS2_PLACEMENT_3D('',#10759,#7741,#7742);
#6495=AXIS2_PLACEMENT_3D('',#10762,#7744,#7745);
#6496=AXIS2_PLACEMENT_3D('',#10763,#7746,#7747);
#6497=AXIS2_PLACEMENT_3D('',#10769,#7751,#7752);
#6498=AXIS2_PLACEMENT_3D('',#10775,#7756,#7757);
#6499=AXIS2_PLACEMENT_3D('',#10778,#7760,#7761);
#6500=AXIS2_PLACEMENT_3D('',#10779,#7762,#7763);
#6501=AXIS2_PLACEMENT_3D('placement',#10780,#7764,#7765);
#6502=AXIS2_PLACEMENT_3D('',#10781,#7766,#7767);
#6503=AXIS2_PLACEMENT_3D('',#10790,#7772,#7773);
#6504=AXIS2_PLACEMENT_3D('',#10796,#7777,#7778);
#6505=AXIS2_PLACEMENT_3D('',#10798,#7779,#7780);
#6506=AXIS2_PLACEMENT_3D('',#10801,#7782,#7783);
#6507=AXIS2_PLACEMENT_3D('',#10802,#7784,#7785);
#6508=AXIS2_PLACEMENT_3D('',#10808,#7789,#7790);
#6509=AXIS2_PLACEMENT_3D('',#10814,#7794,#7795);
#6510=AXIS2_PLACEMENT_3D('',#10817,#7798,#7799);
#6511=AXIS2_PLACEMENT_3D('',#10818,#7800,#7801);
#6512=AXIS2_PLACEMENT_3D('',#10819,#7802,#7803);
#6513=AXIS2_PLACEMENT_3D('',#10820,#7804,#7805);
#6514=AXIS2_PLACEMENT_3D('',#10821,#7806,#7807);
#6515=AXIS2_PLACEMENT_3D('',#10822,#7808,#7809);
#6516=AXIS2_PLACEMENT_3D('',#10823,#7810,#7811);
#6517=AXIS2_PLACEMENT_3D('',#10824,#7812,#7813);
#6518=DIRECTION('axis',(0.,0.,1.));
#6519=DIRECTION('refdir',(1.,0.,0.));
#6520=DIRECTION('axis',(0.,0.,1.));
#6521=DIRECTION('refdir',(1.,0.,0.));
#6522=DIRECTION('center_axis',(0.,1.,0.));
#6523=DIRECTION('ref_axis',(-0.879049072991528,0.,-0.476731294622804));
#6524=DIRECTION('',(0.,1.,0.));
#6525=DIRECTION('center_axis',(0.,-1.,0.));
#6526=DIRECTION('ref_axis',(-0.838140405208445,0.,0.545454545454545));
#6527=DIRECTION('',(0.,-1.,0.));
#6528=DIRECTION('center_axis',(0.707106781186548,0.707106781186548,0.));
#6529=DIRECTION('ref_axis',(0.707106781186548,-0.707106781186548,0.));
#6530=DIRECTION('center_axis',(0.,1.,0.));
#6531=DIRECTION('ref_axis',(-0.879049072991528,0.,-0.476731294622804));
#6532=DIRECTION('center_axis',(1.,0.,-2.32913921250033E-16));
#6533=DIRECTION('ref_axis',(0.,0.707106781186555,-0.70710678118654));
#6534=DIRECTION('',(1.,0.,-2.32913921250033E-16));
#6535=DIRECTION('',(-1.,0.,2.32913921250033E-16));
#6536=DIRECTION('center_axis',(-0.707106781186548,0.707106781186548,0.));
#6537=DIRECTION('ref_axis',(0.707106781186548,0.707106781186548,0.));
#6538=DIRECTION('center_axis',(-0.454545454546695,2.4212747822434E-15,-0.890723542829613));
#6539=DIRECTION('ref_axis',(-0.890723542829613,0.,0.454545454546695));
#6540=DIRECTION('center_axis',(0.,-1.,0.));
#6541=DIRECTION('ref_axis',(6.94999613415348E-13,0.,1.));
#6542=DIRECTION('center_axis',(0.,1.,0.));
#6543=DIRECTION('ref_axis',(0.,0.,1.));
#6544=DIRECTION('center_axis',(0.,-1.,0.));
#6545=DIRECTION('ref_axis',(0.,0.,1.));
#6546=DIRECTION('center_axis',(-0.454545454545455,0.,0.890723542830246));
#6547=DIRECTION('ref_axis',(0.890723542830246,0.,0.454545454545455));
#6548=DIRECTION('center_axis',(0.,1.,0.));
#6549=DIRECTION('ref_axis',(0.,0.,1.));
#6550=DIRECTION('center_axis',(1.44504713407649E-14,1.,-2.22044604925031E-14));
#6551=DIRECTION('ref_axis',(0.838140405208445,0.,0.545454545454545));
#6552=DIRECTION('center_axis',(0.,-1.,0.));
#6553=DIRECTION('ref_axis',(0.879049072991528,0.,-0.476731294622804));
#6554=DIRECTION('',(0.,1.,0.));
#6555=DIRECTION('',(0.,-1.,0.));
#6556=DIRECTION('center_axis',(0.,1.,0.));
#6557=DIRECTION('ref_axis',(0.879049072991528,0.,-0.476731294622804));
#6558=DIRECTION('center_axis',(0.,-1.,0.));
#6559=DIRECTION('ref_axis',(-6.12323399573677E-17,0.,1.));
#6560=DIRECTION('center_axis',(0.,-1.,0.));
#6561=DIRECTION('ref_axis',(-1.,0.,0.));
#6562=DIRECTION('center_axis',(-1.,0.,2.32913921250033E-16));
#6563=DIRECTION('ref_axis',(0.,0.707106781186548,-0.707106781186548));
#6564=DIRECTION('',(1.,0.,-2.32913921250033E-16));
#6565=DIRECTION('center_axis',(1.,0.,0.));
#6566=DIRECTION('ref_axis',(0.,1.,0.));
#6567=DIRECTION('',(-1.,0.,2.32913921250033E-16));
#6568=DIRECTION('center_axis',(1.46660901535688E-16,0.,1.));
#6569=DIRECTION('ref_axis',(-0.707106781186548,0.707106781186548,0.));
#6570=DIRECTION('',(-1.46660901535688E-16,0.,-1.));
#6571=DIRECTION('center_axis',(0.,0.,-1.));
#6572=DIRECTION('ref_axis',(0.,1.,0.));
#6573=DIRECTION('',(1.46660901535688E-16,0.,1.));
#6574=DIRECTION('center_axis',(1.02798428206033E-16,0.,1.));
#6575=DIRECTION('ref_axis',(-0.707106781186545,0.70710678118655,8.67361737988403E-17));
#6576=DIRECTION('',(-1.46660901535688E-16,0.,-1.));
#6577=DIRECTION('center_axis',(0.,1.,0.));
#6578=DIRECTION('ref_axis',(0.,0.,1.));
#6579=DIRECTION('',(1.,0.,-2.32913921250033E-16));
#6580=DIRECTION('center_axis',(0.,1.,0.));
#6581=DIRECTION('ref_axis',(0.,0.,1.));
#6582=DIRECTION('',(-1.,0.,1.02798428206033E-16));
#6583=DIRECTION('center_axis',(0.,1.,0.));
#6584=DIRECTION('ref_axis',(0.707106781186547,0.,-0.707106781186547));
#6585=DIRECTION('',(0.,0.,-1.));
#6586=DIRECTION('',(-1.,0.,7.76379737500109E-17));
#6587=DIRECTION('',(0.,0.,1.));
#6588=DIRECTION('center_axis',(0.,1.,0.));
#6589=DIRECTION('ref_axis',(-0.707106781186548,0.,0.707106781186548));
#6590=DIRECTION('',(0.,1.,0.));
#6591=DIRECTION('center_axis',(0.,-1.,0.));
#6592=DIRECTION('ref_axis',(0.,0.,1.));
#6593=DIRECTION('',(0.,-1.,0.));
#6594=DIRECTION('center_axis',(0.,0.707106781186547,-0.707106781186548));
#6595=DIRECTION('ref_axis',(0.,-0.707106781186548,-0.707106781186547));
#6596=DIRECTION('center_axis',(-1.,0.,7.76379737500109E-17));
#6597=DIRECTION('ref_axis',(0.,0.70710678118654,0.707106781186555));
#6598=DIRECTION('',(-1.,0.,7.76379737500109E-17));
#6599=DIRECTION('center_axis',(1.,0.,0.));
#6600=DIRECTION('ref_axis',(0.,1.,0.));
#6601=DIRECTION('',(1.,0.,-7.76379737500109E-17));
#6602=DIRECTION('center_axis',(0.707106781186548,0.707106781186548,0.));
#6603=DIRECTION('ref_axis',(-0.707106781186548,0.707106781186548,0.));
#6604=DIRECTION('center_axis',(0.,0.,1.));
#6605=DIRECTION('ref_axis',(0.,1.,0.));
#6606=DIRECTION('center_axis',(0.,1.,0.));
#6607=DIRECTION('ref_axis',(-0.707106781186546,0.,0.707106781186549));
#6608=DIRECTION('center_axis',(0.,-1.,0.));
#6609=DIRECTION('ref_axis',(-0.707106781186546,0.,0.707106781186549));
#6610=DIRECTION('center_axis',(-1.46660901535688E-16,0.,-1.));
#6611=DIRECTION('ref_axis',(-0.707106781186555,0.70710678118654,0.));
#6612=DIRECTION('',(1.46660901535688E-16,0.,1.));
#6613=DIRECTION('',(-1.46660901535688E-16,0.,-1.));
#6614=DIRECTION('center_axis',(-1.,0.,0.));
#6615=DIRECTION('ref_axis',(0.,0.,1.));
#6616=DIRECTION('center_axis',(-1.02798428206033E-16,0.,-1.));
#6617=DIRECTION('ref_axis',(-0.707106781186545,0.70710678118655,7.26894656798041E-17));
#6618=DIRECTION('center_axis',(1.,0.,-1.02798428206033E-16));
#6619=DIRECTION('ref_axis',(0.,0.70710678118654,0.707106781186555));
#6620=DIRECTION('center_axis',(-1.,0.,0.));
#6621=DIRECTION('ref_axis',(0.,0.,1.));
#6622=DIRECTION('',(1.,0.,-1.02798428206033E-16));
#6623=DIRECTION('center_axis',(0.,1.,0.));
#6624=DIRECTION('ref_axis',(0.,0.,1.));
#6625=DIRECTION('center_axis',(0.,0.,-1.));
#6626=DIRECTION('ref_axis',(-1.,0.,0.));
#6627=DIRECTION('center_axis',(0.,-1.,0.));
#6628=DIRECTION('ref_axis',(0.707106781186548,0.,-0.707106781186548));
#6629=DIRECTION('center_axis',(0.,0.,1.));
#6630=DIRECTION('ref_axis',(-0.707106781186555,0.70710678118654,0.));
#6631=DIRECTION('center_axis',(0.,0.,-1.));
#6632=DIRECTION('ref_axis',(-1.,0.,0.));
#6633=DIRECTION('',(0.,0.,1.));
#6634=DIRECTION('center_axis',(0.,1.,0.));
#6635=DIRECTION('ref_axis',(-1.,0.,0.));
#6636=DIRECTION('center_axis',(-1.,0.,0.));
#6637=DIRECTION('ref_axis',(0.,0.707106781186549,0.707106781186546));
#6638=DIRECTION('center_axis',(1.,0.,0.));
#6639=DIRECTION('ref_axis',(0.,0.707106781186549,0.707106781186546));
#6640=DIRECTION('center_axis',(0.,-1.,0.));
#6641=DIRECTION('ref_axis',(-0.707106781186544,0.,0.707106781186551));
#6642=DIRECTION('',(0.,1.,0.));
#6643=DIRECTION('',(0.,-1.,0.));
#6644=DIRECTION('center_axis',(-1.02798428206033E-16,0.,-1.));
#6645=DIRECTION('ref_axis',(1.,0.,-1.02798428206033E-16));
#6646=DIRECTION('',(1.,0.,-1.02798428206033E-16));
#6647=DIRECTION('',(0.,-1.,0.));
#6648=DIRECTION('center_axis',(0.,-1.,0.));
#6649=DIRECTION('ref_axis',(0.,0.,-1.));
#6650=DIRECTION('',(0.,0.,1.));
#6651=DIRECTION('center_axis',(0.,1.,0.));
#6652=DIRECTION('ref_axis',(0.707106781186548,0.,-0.707106781186547));
#6653=DIRECTION('center_axis',(0.,-1.,0.));
#6654=DIRECTION('ref_axis',(-1.,0.,0.));
#6655=DIRECTION('center_axis',(1.,0.,-7.76379737500109E-17));
#6656=DIRECTION('ref_axis',(0.,0.707106781186548,0.707106781186548));
#6657=DIRECTION('',(1.,0.,-7.76379737500109E-17));
#6658=DIRECTION('center_axis',(1.,0.,0.));
#6659=DIRECTION('ref_axis',(0.,0.,1.));
#6660=DIRECTION('center_axis',(7.76379737500109E-17,0.,1.));
#6661=DIRECTION('ref_axis',(1.,0.,-7.76379737500109E-17));
#6662=DIRECTION('',(0.,1.,0.));
#6663=DIRECTION('',(1.,0.,-7.76379737500109E-17));
#6664=DIRECTION('',(0.,-1.,0.));
#6665=DIRECTION('',(-1.,0.,-3.70074341541719E-16));
#6666=DIRECTION('',(0.,-1.,0.));
#6667=DIRECTION('',(1.,0.,-7.76379737500109E-17));
#6668=DIRECTION('',(0.,-1.,0.));
#6669=DIRECTION('',(-1.,0.,3.70074341541719E-16));
#6670=DIRECTION('',(0.,-1.,0.));
#6671=DIRECTION('',(1.,0.,-7.76379737500109E-17));
#6672=DIRECTION('',(0.,-1.,0.));
#6673=DIRECTION('',(1.,0.,-7.76379737500109E-17));
#6674=DIRECTION('',(-0.569662143582177,-0.821878970511692,4.4227414549808E-17));
#6675=DIRECTION('',(0.,-1.,0.));
#6676=DIRECTION('',(-1.,0.,7.76379737500109E-17));
#6677=DIRECTION('',(0.,1.,0.));
#6678=DIRECTION('',(-0.55622130882723,0.83103420844543,4.31838953739252E-17));
#6679=DIRECTION('',(1.,0.,-7.76379737500109E-17));
#6680=DIRECTION('',(0.547363239079834,-0.836895145465687,-4.24961727874011E-17));
#6681=DIRECTION('',(0.551203524618781,0.834370825501367,-4.27943247752665E-17));
#6682=DIRECTION('',(1.,0.,-7.76379737500109E-17));
#6683=DIRECTION('',(0.,-1.,0.));
#6684=DIRECTION('',(-1.,0.,7.76379737500109E-17));
#6685=DIRECTION('',(0.,1.,0.));
#6686=DIRECTION('',(0.,1.,0.));
#6687=DIRECTION('',(0.,1.,0.));
#6688=DIRECTION('',(1.,0.,-7.76379737500109E-17));
#6689=DIRECTION('',(0.,-1.,0.));
#6690=DIRECTION('',(-1.,0.,7.76379737500109E-17));
#6691=DIRECTION('',(-1.,0.,7.76379737500109E-17));
#6692=DIRECTION('',(-0.281503620082672,-0.959560165847015,2.18553706665116E-17));
#6693=DIRECTION('',(-1.,0.,7.76379737500109E-17));
#6694=DIRECTION('',(0.300496825098192,0.95378281495627,-2.3329964618935E-17));
#6695=DIRECTION('',(1.,0.,-7.76379737500109E-17));
#6696=DIRECTION('',(0.317764922889088,-0.948169527975505,-2.46706247419373E-17));
#6697=DIRECTION('',(-1.,0.,7.76379737500109E-17));
#6698=DIRECTION('',(-0.299383523520524,0.954132855447519,2.32435301402722E-17));
#6699=DIRECTION('',(0.,1.,0.));
#6700=DIRECTION('',(1.,0.,-7.76379737500109E-17));
#6701=DIRECTION('',(0.,-1.,0.));
#6702=DIRECTION('',(-1.,0.,7.76379737500109E-17));
#6703=DIRECTION('',(-0.995766679017971,-0.0919169242170404,7.73093072867328E-17));
#6704=DIRECTION('',(0.,1.,0.));
#6705=DIRECTION('',(1.,0.,-7.76379737500109E-17));
#6706=DIRECTION('',(0.,-1.,0.));
#6707=DIRECTION('',(-1.,0.,7.76379737500109E-17));
#6708=DIRECTION('',(0.956509415693421,-0.291701453012888,-7.42614529072441E-17));
#6709=DIRECTION('',(-0.960466366084607,-0.278396048140467,7.45686625178451E-17));
#6710=DIRECTION('',(-1.,0.,7.76379737500109E-17));
#6711=DIRECTION('',(0.,1.,0.));
#6712=DIRECTION('',(1.,0.,-7.76379737500109E-17));
#6713=DIRECTION('',(-1.,0.,7.76379737500109E-17));
#6714=DIRECTION('',(0.,1.,0.));
#6715=DIRECTION('',(1.,0.,-7.76379737500109E-17));
#6716=DIRECTION('',(0.,-1.,0.));
#6717=DIRECTION('',(0.956509415693422,-0.291701453012885,-7.42614529072442E-17));
#6718=DIRECTION('',(-0.960466366084607,-0.278396048140467,7.45686625178451E-17));
#6719=DIRECTION('',(-1.,0.,7.76379737500109E-17));
#6720=DIRECTION('',(0.,1.,0.));
#6721=DIRECTION('',(1.,0.,-7.76379737500109E-17));
#6722=DIRECTION('',(0.,-1.,0.));
#6723=DIRECTION('',(0.,1.,0.));
#6724=DIRECTION('',(1.,0.,-7.76379737500109E-17));
#6725=DIRECTION('',(0.,-1.,0.));
#6726=DIRECTION('',(-1.,0.,7.76379737500109E-17));
#6727=DIRECTION('',(0.291727835365702,0.956501369613678,-2.26491580242699E-17));
#6728=DIRECTION('',(1.,0.,-7.76379737500109E-17));
#6729=DIRECTION('',(-0.30450883248921,-0.952509512254895,2.36414487434437E-17));
#6730=DIRECTION('',(-1.,0.,7.76379737500109E-17));
#6731=DIRECTION('',(-0.303173284018465,0.952935443698816,2.35377594663302E-17));
#6732=DIRECTION('',(1.,0.,-7.76379737500109E-17));
#6733=DIRECTION('',(0.282387088692891,-0.95930054317693,-2.19239613792807E-17));
#6734=DIRECTION('',(-1.,0.,7.76379737500109E-17));
#6735=DIRECTION('',(0.,-1.,0.));
#6736=DIRECTION('',(-1.,0.,7.76379737500109E-17));
#6737=DIRECTION('',(0.,1.,0.));
#6738=DIRECTION('',(1.,0.,-7.76379737500109E-17));
#6739=DIRECTION('',(0.536569560807066,-0.84385609342785,-4.16581734769939E-17));
#6740=DIRECTION('',(-1.,0.,7.76379737500109E-17));
#6741=DIRECTION('',(-0.537474973705175,0.843279700123643,4.17284678998102E-17));
#6742=DIRECTION('',(0.969483457617157,-0.245156736408938,-7.52687312335507E-17));
#6743=DIRECTION('',(-0.972438897956097,-0.233157864422223,7.5498185633005E-17));
#6744=DIRECTION('',(0.,-1.,0.));
#6745=DIRECTION('',(1.,0.,-7.76379737500109E-17));
#6746=DIRECTION('',(0.,-1.,0.));
#6747=DIRECTION('',(-1.,0.,7.76379737500109E-17));
#6748=DIRECTION('',(0.,1.,0.));
#6749=DIRECTION('',(1.,0.,-7.76379737500109E-17));
#6750=DIRECTION('',(0.,-1.,0.));
#6751=DIRECTION('',(-1.,0.,7.76379737500109E-17));
#6752=DIRECTION('',(0.,-1.,0.));
#6753=DIRECTION('',(1.,0.,-7.76379737500109E-17));
#6754=DIRECTION('',(0.,-1.,0.));
#6755=DIRECTION('',(-1.,0.,7.76379737500109E-17));
#6756=DIRECTION('',(-1.,0.,7.76379737500109E-17));
#6757=DIRECTION('',(0.,-1.,0.));
#6758=DIRECTION('',(-1.,0.,7.76379737500109E-17));
#6759=DIRECTION('',(0.,1.,0.));
#6760=DIRECTION('',(-1.,0.,7.76379737500109E-17));
#6761=DIRECTION('',(0.,1.,0.));
#6762=DIRECTION('',(1.,0.,-7.76379737500109E-17));
#6763=DIRECTION('',(0.,-1.,0.));
#6764=DIRECTION('',(-0.340982446951353,-0.94006966277562,2.64731862656237E-17));
#6765=DIRECTION('',(-1.,0.,7.76379737500109E-17));
#6766=DIRECTION('',(0.358597624924272,0.933492229961595,-2.78407929906869E-17));
#6767=DIRECTION('',(1.,0.,-7.76379737500109E-17));
#6768=DIRECTION('',(0.378193217714337,-0.925726682166435,-2.93621551093378E-17));
#6769=DIRECTION('',(-1.,0.,7.76379737500109E-17));
#6770=DIRECTION('',(-0.357559968316411,0.933890180405366,2.77602314342042E-17));
#6771=DIRECTION('',(-1.,0.,7.76379737500109E-17));
#6772=DIRECTION('',(0.,-1.,0.));
#6773=DIRECTION('',(-1.,0.,7.76379737500109E-17));
#6774=DIRECTION('',(0.,1.,0.));
#6775=DIRECTION('',(1.,0.,-7.76379737500109E-17));
#6776=DIRECTION('',(0.,-1.,0.));
#6777=DIRECTION('',(1.,0.,-7.76379737500109E-17));
#6778=DIRECTION('center_axis',(0.,-1.,0.));
#6779=DIRECTION('ref_axis',(0.707106781186548,0.,-0.707106781186547));
#6780=DIRECTION('',(0.,1.,0.));
#6781=DIRECTION('center_axis',(1.,0.,0.));
#6782=DIRECTION('ref_axis',(0.,0.,1.));
#6783=DIRECTION('center_axis',(0.,-1.,0.));
#6784=DIRECTION('ref_axis',(0.,0.,-1.));
#6785=DIRECTION('center_axis',(0.,-1.,0.));
#6786=DIRECTION('ref_axis',(-1.,0.,0.));
#6787=DIRECTION('center_axis',(-1.,0.,0.));
#6788=DIRECTION('ref_axis',(0.,0.,1.));
#6789=DIRECTION('center_axis',(0.,1.,0.));
#6790=DIRECTION('ref_axis',(0.,0.,1.));
#6791=DIRECTION('center_axis',(0.,1.,0.));
#6792=DIRECTION('ref_axis',(-0.707106781186548,0.,0.707106781186548));
#6793=DIRECTION('',(0.,-1.,0.));
#6794=DIRECTION('center_axis',(0.,1.,0.));
#6795=DIRECTION('ref_axis',(-0.707106781186548,0.,0.707106781186548));
#6796=DIRECTION('center_axis',(0.408248290463864,-0.408248290463859,-0.816496580927728));
#6797=DIRECTION('ref_axis',(-0.577350269189628,0.577350269189624,-0.577350269189626));
#6798=DIRECTION('center_axis',(-1.,0.,0.));
#6799=DIRECTION('ref_axis',(0.,0.,-1.));
#6800=DIRECTION('center_axis',(0.,1.,0.));
#6801=DIRECTION('ref_axis',(-1.,0.,0.));
#6802=DIRECTION('center_axis',(0.,1.,0.));
#6803=DIRECTION('ref_axis',(-0.707106781186548,0.,-0.707106781186548));
#6804=DIRECTION('center_axis',(0.,1.,0.));
#6805=DIRECTION('ref_axis',(-0.707106781186548,0.,-0.707106781186548));
#6806=DIRECTION('',(0.,1.,0.));
#6807=DIRECTION('',(0.,-1.,0.));
#6808=DIRECTION('center_axis',(-1.,0.,2.32913921250033E-16));
#6809=DIRECTION('ref_axis',(0.,0.707106781186548,-0.707106781186548));
#6810=DIRECTION('',(-1.,0.,2.32913921250033E-16));
#6811=DIRECTION('center_axis',(-0.816496580927725,0.408248290463867,-0.408248290463862));
#6812=DIRECTION('ref_axis',(0.577350269189625,0.57735026918963,-0.577350269189623));
#6813=DIRECTION('center_axis',(0.,5.55111512312578E-15,-1.));
#6814=DIRECTION('ref_axis',(1.,0.,0.));
#6815=DIRECTION('center_axis',(0.,1.,0.));
#6816=DIRECTION('ref_axis',(0.,0.,-1.));
#6817=DIRECTION('center_axis',(0.,1.,0.));
#6818=DIRECTION('ref_axis',(0.707106781186548,0.,-0.707106781186548));
#6819=DIRECTION('center_axis',(0.,1.,0.));
#6820=DIRECTION('ref_axis',(0.707106781186548,0.,-0.707106781186548));
#6821=DIRECTION('',(0.,1.,0.));
#6822=DIRECTION('',(0.,-1.,0.));
#6823=DIRECTION('center_axis',(0.408248290463863,-0.816496580927726,0.408248290463863));
#6824=DIRECTION('ref_axis',(0.577350269189627,0.577350269189623,0.577350269189627));
#6825=DIRECTION('center_axis',(0.,1.,0.));
#6826=DIRECTION('ref_axis',(1.,0.,0.));
#6827=DIRECTION('center_axis',(0.,0.,1.));
#6828=DIRECTION('ref_axis',(0.,1.,0.));
#6829=DIRECTION('center_axis',(0.,1.,0.));
#6830=DIRECTION('ref_axis',(0.707106781186548,0.,0.707106781186548));
#6831=DIRECTION('center_axis',(0.,1.,0.));
#6832=DIRECTION('ref_axis',(0.707106781186548,0.,0.707106781186548));
#6833=DIRECTION('',(0.,1.,0.));
#6834=DIRECTION('center_axis',(0.,0.,-1.));
#6835=DIRECTION('ref_axis',(0.707106781186548,0.707106781186548,0.));
#6836=DIRECTION('',(0.,0.,-1.));
#6837=DIRECTION('center_axis',(-2.32913921250033E-16,0.,-1.));
#6838=DIRECTION('ref_axis',(-1.,0.,2.32913921250033E-16));
#6839=DIRECTION('',(-1.,0.,2.32913921250033E-16));
#6840=DIRECTION('',(0.,-1.,0.));
#6841=DIRECTION('',(1.,0.,-1.11022302462516E-15));
#6842=DIRECTION('',(0.,-1.,0.));
#6843=DIRECTION('',(-1.,0.,2.32913921250033E-16));
#6844=DIRECTION('',(0.,-1.,0.));
#6845=DIRECTION('',(1.,0.,1.11022302462516E-15));
#6846=DIRECTION('',(0.,-1.,0.));
#6847=DIRECTION('',(-1.,0.,2.32913921250033E-16));
#6848=DIRECTION('center_axis',(1.,0.,0.));
#6849=DIRECTION('ref_axis',(0.,0.,-1.));
#6850=DIRECTION('',(0.,0.,-1.));
#6851=DIRECTION('center_axis',(0.,1.,0.));
#6852=DIRECTION('ref_axis',(0.,0.,1.));
#6853=DIRECTION('',(0.,0.,-1.));
#6854=DIRECTION('',(1.,0.,-3.38999396832109E-16));
#6855=DIRECTION('',(-3.37967435197917E-16,0.,-1.));
#6856=DIRECTION('',(-1.,0.,3.38999396832109E-16));
#6857=DIRECTION('',(0.,0.,-1.));
#6858=DIRECTION('center_axis',(7.76379737500109E-17,0.,1.));
#6859=DIRECTION('ref_axis',(1.,0.,-7.76379737500109E-17));
#6860=DIRECTION('',(-0.55622130882723,0.83103420844543,4.31838953739252E-17));
#6861=DIRECTION('',(0.,1.,0.));
#6862=DIRECTION('',(-1.,0.,7.76379737500109E-17));
#6863=DIRECTION('',(0.,-1.,0.));
#6864=DIRECTION('',(-0.569662143582177,-0.821878970511692,4.4227414549808E-17));
#6865=DIRECTION('',(1.,0.,-7.76379737500109E-17));
#6866=DIRECTION('',(0.551203524618781,0.834370825501367,-4.27943247752665E-17));
#6867=DIRECTION('',(0.547363239079834,-0.836895145465687,-4.24961727874011E-17));
#6868=DIRECTION('',(1.,0.,-7.76379737500109E-17));
#6869=DIRECTION('center_axis',(0.,1.,0.));
#6870=DIRECTION('ref_axis',(0.,0.,1.));
#6871=DIRECTION('',(7.8190976399688E-17,0.,1.));
#6872=DIRECTION('',(7.8190976399688E-17,0.,1.));
#6873=DIRECTION('center_axis',(0.821878970511692,-0.569662143582177,-6.42635191866796E-17));
#6874=DIRECTION('ref_axis',(-7.8190976399688E-17,0.,-1.));
#6875=DIRECTION('',(7.8190976399688E-17,0.,1.));
#6876=DIRECTION('center_axis',(1.,0.,-7.8190976399688E-17));
#6877=DIRECTION('ref_axis',(-7.8190976399688E-17,0.,-1.));
#6878=DIRECTION('',(7.8190976399688E-17,0.,1.));
#6879=DIRECTION('center_axis',(0.,-1.,0.));
#6880=DIRECTION('ref_axis',(0.,0.,-1.));
#6881=DIRECTION('',(7.8190976399688E-17,0.,1.));
#6882=DIRECTION('center_axis',(-1.,0.,7.8190976399688E-17));
#6883=DIRECTION('ref_axis',(7.8190976399688E-17,0.,1.));
#6884=DIRECTION('',(7.8190976399688E-17,0.,1.));
#6885=DIRECTION('center_axis',(-0.83103420844543,-0.55622130882723,6.497937617989E-17));
#6886=DIRECTION('ref_axis',(7.8190976399688E-17,0.,1.));
#6887=DIRECTION('',(7.8190976399688E-17,0.,1.));
#6888=DIRECTION('center_axis',(0.,1.,0.));
#6889=DIRECTION('ref_axis',(0.,0.,1.));
#6890=DIRECTION('',(7.8190976399688E-17,0.,1.));
#6891=DIRECTION('center_axis',(0.836895145465687,0.547363239079834,-6.5437648568121E-17));
#6892=DIRECTION('ref_axis',(-7.8190976399688E-17,0.,-1.));
#6893=DIRECTION('',(7.8190976399688E-17,0.,1.));
#6894=DIRECTION('',(7.8190976399688E-17,0.,1.));
#6895=DIRECTION('',(7.8190976399688E-17,0.,1.));
#6896=DIRECTION('center_axis',(-0.834370825501367,0.551203524618781,6.52402695253656E-17));
#6897=DIRECTION('ref_axis',(7.8190976399688E-17,0.,1.));
#6898=DIRECTION('center_axis',(7.76379737500109E-17,0.,1.));
#6899=DIRECTION('ref_axis',(1.,0.,-7.76379737500109E-17));
#6900=DIRECTION('',(7.8190976399688E-17,0.,1.));
#6901=DIRECTION('',(7.8190976399688E-17,0.,1.));
#6902=DIRECTION('',(7.8190976399688E-17,0.,1.));
#6903=DIRECTION('',(7.8190976399688E-17,0.,1.));
#6904=DIRECTION('',(7.8190976399688E-17,0.,1.));
#6905=DIRECTION('',(7.8190976399688E-17,0.,1.));
#6906=DIRECTION('',(7.8190976399688E-17,0.,1.));
#6907=DIRECTION('',(7.8190976399688E-17,0.,1.));
#6908=DIRECTION('',(7.8190976399688E-17,0.,1.));
#6909=DIRECTION('',(7.8190976399688E-17,0.,1.));
#6910=DIRECTION('center_axis',(-1.,0.,7.8190976399688E-17));
#6911=DIRECTION('ref_axis',(7.8190976399688E-17,0.,1.));
#6912=DIRECTION('',(7.8190976399688E-17,0.,1.));
#6913=DIRECTION('',(0.,1.,0.));
#6914=DIRECTION('',(7.8190976399688E-17,0.,1.));
#6915=DIRECTION('center_axis',(-1.,0.,7.8190976399688E-17));
#6916=DIRECTION('ref_axis',(7.8190976399688E-17,0.,1.));
#6917=DIRECTION('',(7.8190976399688E-17,0.,1.));
#6918=DIRECTION('',(0.,1.,0.));
#6919=DIRECTION('center_axis',(0.,-1.,0.));
#6920=DIRECTION('ref_axis',(0.,0.,-1.));
#6921=DIRECTION('',(7.8190976399688E-17,0.,1.));
#6922=DIRECTION('',(-1.,0.,7.76379737500109E-17));
#6923=DIRECTION('center_axis',(1.,0.,-7.8190976399688E-17));
#6924=DIRECTION('ref_axis',(-7.8190976399688E-17,0.,-1.));
#6925=DIRECTION('',(7.8190976399688E-17,0.,1.));
#6926=DIRECTION('',(0.,-1.,0.));
#6927=DIRECTION('center_axis',(0.,1.,0.));
#6928=DIRECTION('ref_axis',(0.,0.,1.));
#6929=DIRECTION('',(1.,0.,-7.76379737500109E-17));
#6930=DIRECTION('center_axis',(7.76379737500109E-17,0.,1.));
#6931=DIRECTION('ref_axis',(1.,0.,-7.76379737500109E-17));
#6932=DIRECTION('center_axis',(7.76379737500109E-17,0.,1.));
#6933=DIRECTION('ref_axis',(1.,0.,-7.76379737500109E-17));
#6934=DIRECTION('',(1.,0.,-7.76379737500109E-17));
#6935=DIRECTION('',(0.,1.,0.));
#6936=DIRECTION('',(-1.,0.,7.76379737500109E-17));
#6937=DIRECTION('',(0.,-1.,0.));
#6938=DIRECTION('center_axis',(-1.,0.,7.8190976399688E-17));
#6939=DIRECTION('ref_axis',(7.8190976399688E-17,0.,1.));
#6940=DIRECTION('',(7.8190976399688E-17,0.,1.));
#6941=DIRECTION('',(7.8190976399688E-17,0.,1.));
#6942=DIRECTION('center_axis',(0.,1.,0.));
#6943=DIRECTION('ref_axis',(0.,0.,1.));
#6944=DIRECTION('',(7.8190976399688E-17,0.,1.));
#6945=DIRECTION('center_axis',(1.,0.,-7.8190976399688E-17));
#6946=DIRECTION('ref_axis',(-7.8190976399688E-17,0.,-1.));
#6947=DIRECTION('',(7.8190976399688E-17,0.,1.));
#6948=DIRECTION('center_axis',(0.,-1.,0.));
#6949=DIRECTION('ref_axis',(0.,0.,-1.));
#6950=DIRECTION('center_axis',(0.,-1.,0.));
#6951=DIRECTION('ref_axis',(0.,0.,-1.));
#6952=DIRECTION('',(7.8190976399688E-17,0.,1.));
#6953=DIRECTION('',(-1.,0.,7.76379737500109E-17));
#6954=DIRECTION('',(7.8190976399688E-17,0.,1.));
#6955=DIRECTION('center_axis',(-0.954132855447519,-0.299383523520524,7.46045795824639E-17));
#6956=DIRECTION('ref_axis',(7.8190976399688E-17,0.,1.));
#6957=DIRECTION('',(7.8190976399688E-17,0.,1.));
#6958=DIRECTION('',(-0.299383523520524,0.954132855447519,2.32435301402722E-17));
#6959=DIRECTION('center_axis',(0.,-1.,0.));
#6960=DIRECTION('ref_axis',(0.,0.,-1.));
#6961=DIRECTION('',(7.8190976399688E-17,0.,1.));
#6962=DIRECTION('',(-1.,0.,7.76379737500109E-17));
#6963=DIRECTION('center_axis',(0.948169527975505,0.317764922889088,-7.4138301184836E-17));
#6964=DIRECTION('ref_axis',(-7.8190976399688E-17,0.,-1.));
#6965=DIRECTION('',(7.8190976399688E-17,0.,1.));
#6966=DIRECTION('',(0.317764922889088,-0.948169527975505,-2.46706247419373E-17));
#6967=DIRECTION('center_axis',(0.,-1.,0.));
#6968=DIRECTION('ref_axis',(0.,0.,-1.));
#6969=DIRECTION('',(1.,0.,-7.76379737500109E-17));
#6970=DIRECTION('',(7.8190976399688E-17,0.,1.));
#6971=DIRECTION('',(1.,0.,-7.76379737500109E-17));
#6972=DIRECTION('',(7.8190976399688E-17,0.,1.));
#6973=DIRECTION('center_axis',(0.956123857980768,0.29296274199968,-7.47602580145529E-17));
#6974=DIRECTION('ref_axis',(-7.8190976399688E-17,0.,-1.));
#6975=DIRECTION('',(-0.29296274199968,0.956123857980768,2.27450336731024E-17));
#6976=DIRECTION('',(-0.29296274199968,0.956123857980768,2.27450336731024E-17));
#6977=DIRECTION('',(7.8190976399688E-17,0.,1.));
#6978=DIRECTION('center_axis',(0.,1.,0.));
#6979=DIRECTION('ref_axis',(0.,0.,1.));
#6980=DIRECTION('',(7.8190976399688E-17,0.,1.));
#6981=DIRECTION('',(1.,0.,-7.76379737500109E-17));
#6982=DIRECTION('center_axis',(-0.95378281495627,0.300496825098192,7.45772095746737E-17));
#6983=DIRECTION('ref_axis',(7.8190976399688E-17,0.,1.));
#6984=DIRECTION('',(7.8190976399688E-17,0.,1.));
#6985=DIRECTION('',(0.300496825098192,0.95378281495627,-2.3329964618935E-17));
#6986=DIRECTION('center_axis',(0.,-1.,0.));
#6987=DIRECTION('ref_axis',(0.,0.,-1.));
#6988=DIRECTION('',(7.8190976399688E-17,0.,1.));
#6989=DIRECTION('',(-1.,0.,7.76379737500109E-17));
#6990=DIRECTION('center_axis',(0.959560165847015,-0.281503620082672,-7.50289462818246E-17));
#6991=DIRECTION('ref_axis',(-7.8190976399688E-17,0.,-1.));
#6992=DIRECTION('',(-0.281503620082672,-0.959560165847015,2.18553706665116E-17));
#6993=DIRECTION('center_axis',(-0.955015059132157,0.296557307835777,7.46735599499491E-17));
#6994=DIRECTION('ref_axis',(7.8190976399688E-17,0.,1.));
#6995=DIRECTION('',(-0.296557307835777,-0.955015059132156,2.30241084811279E-17));
#6996=DIRECTION('',(7.8190976399688E-17,0.,1.));
#6997=DIRECTION('',(-0.296557307835777,-0.955015059132156,2.30241084811279E-17));
#6998=DIRECTION('',(7.8190976399688E-17,0.,1.));
#6999=DIRECTION('center_axis',(7.76379737500109E-17,0.,1.));
#7000=DIRECTION('ref_axis',(1.,0.,-7.76379737500109E-17));
#7001=DIRECTION('center_axis',(7.76379737500109E-17,0.,1.));
#7002=DIRECTION('ref_axis',(1.,0.,-7.76379737500109E-17));
#7003=DIRECTION('',(1.,0.,-7.76379737500109E-17));
#7004=DIRECTION('',(0.,1.,0.));
#7005=DIRECTION('',(-1.,0.,7.76379737500109E-17));
#7006=DIRECTION('',(0.,-1.,0.));
#7007=DIRECTION('center_axis',(-1.,0.,7.8190976399688E-17));
#7008=DIRECTION('ref_axis',(7.8190976399688E-17,0.,1.));
#7009=DIRECTION('',(7.8190976399688E-17,0.,1.));
#7010=DIRECTION('',(7.8190976399688E-17,0.,1.));
#7011=DIRECTION('center_axis',(0.,1.,0.));
#7012=DIRECTION('ref_axis',(0.,0.,1.));
#7013=DIRECTION('',(7.8190976399688E-17,0.,1.));
#7014=DIRECTION('center_axis',(1.,0.,-7.8190976399688E-17));
#7015=DIRECTION('ref_axis',(-7.8190976399688E-17,0.,-1.));
#7016=DIRECTION('',(7.8190976399688E-17,0.,1.));
#7017=DIRECTION('center_axis',(0.,-1.,0.));
#7018=DIRECTION('ref_axis',(0.,0.,-1.));
#7019=DIRECTION('',(7.8190976399688E-17,0.,1.));
#7020=DIRECTION('',(7.8190976399688E-17,0.,1.));
#7021=DIRECTION('',(7.8190976399688E-17,0.,1.));
#7022=DIRECTION('',(7.8190976399688E-17,0.,1.));
#7023=DIRECTION('',(7.8190976399688E-17,0.,1.));
#7024=DIRECTION('',(7.8190976399688E-17,0.,1.));
#7025=DIRECTION('',(7.8190976399688E-17,0.,1.));
#7026=DIRECTION('',(7.8190976399688E-17,0.,1.));
#7027=DIRECTION('',(7.8190976399688E-17,0.,1.));
#7028=DIRECTION('',(7.8190976399688E-17,0.,1.));
#7029=DIRECTION('center_axis',(0.0919169242170404,-0.995766679017971,-7.18707405218652E-18));
#7030=DIRECTION('ref_axis',(0.,7.21762859074019E-18,-1.));
#7031=DIRECTION('',(7.8190976399688E-17,0.,1.));
#7032=DIRECTION('',(-0.995766679017971,-0.0919169242170404,7.73093072867328E-17));
#7033=DIRECTION('',(7.8190976399688E-17,0.,1.));
#7034=DIRECTION('',(7.8190976399688E-17,0.,1.));
#7035=DIRECTION('',(7.8190976399688E-17,0.,1.));
#7036=DIRECTION('',(7.8190976399688E-17,0.,1.));
#7037=DIRECTION('center_axis',(7.76379737500109E-17,0.,1.));
#7038=DIRECTION('ref_axis',(1.,0.,-7.76379737500109E-17));
#7039=DIRECTION('center_axis',(7.76379737500109E-17,0.,1.));
#7040=DIRECTION('ref_axis',(1.,0.,-7.76379737500109E-17));
#7041=DIRECTION('',(1.,0.,-7.76379737500109E-17));
#7042=DIRECTION('',(0.,1.,0.));
#7043=DIRECTION('',(-1.,0.,7.76379737500109E-17));
#7044=DIRECTION('',(0.,-1.,0.));
#7045=DIRECTION('center_axis',(-1.,0.,7.8190976399688E-17));
#7046=DIRECTION('ref_axis',(7.8190976399688E-17,0.,1.));
#7047=DIRECTION('',(7.8190976399688E-17,0.,1.));
#7048=DIRECTION('',(7.8190976399688E-17,0.,1.));
#7049=DIRECTION('center_axis',(0.,1.,0.));
#7050=DIRECTION('ref_axis',(0.,0.,1.));
#7051=DIRECTION('',(7.8190976399688E-17,0.,1.));
#7052=DIRECTION('center_axis',(1.,0.,-7.8190976399688E-17));
#7053=DIRECTION('ref_axis',(-7.8190976399688E-17,0.,-1.));
#7054=DIRECTION('',(7.8190976399688E-17,0.,1.));
#7055=DIRECTION('center_axis',(0.,-1.,0.));
#7056=DIRECTION('ref_axis',(0.,0.,-1.));
#7057=DIRECTION('',(7.8190976399688E-17,0.,1.));
#7058=DIRECTION('',(7.8190976399688E-17,0.,1.));
#7059=DIRECTION('center_axis',(0.278396048140467,-0.960466366084607,-2.17680588299177E-17));
#7060=DIRECTION('ref_axis',(0.,2.26640511303445E-17,-1.));
#7061=DIRECTION('',(7.8190976399688E-17,0.,1.));
#7062=DIRECTION('',(-0.960466366084607,-0.278396048140467,7.45686625178451E-17));
#7063=DIRECTION('',(7.8190976399688E-17,0.,1.));
#7064=DIRECTION('',(7.8190976399688E-17,0.,1.));
#7065=DIRECTION('',(7.8190976399688E-17,0.,1.));
#7066=DIRECTION('',(7.8190976399688E-17,0.,1.));
#7067=DIRECTION('center_axis',(0.291701453012888,0.956509415693421,-2.28084214282854E-17));
#7068=DIRECTION('ref_axis',(0.,2.38454750722453E-17,1.));
#7069=DIRECTION('',(7.8190976399688E-17,0.,1.));
#7070=DIRECTION('',(0.956509415693421,-0.291701453012888,-7.42614529072441E-17));
#7071=DIRECTION('',(7.8190976399688E-17,0.,1.));
#7072=DIRECTION('',(7.8190976399688E-17,0.,1.));
#7073=DIRECTION('center_axis',(7.76379737500109E-17,0.,1.));
#7074=DIRECTION('ref_axis',(1.,0.,-7.76379737500109E-17));
#7075=DIRECTION('center_axis',(7.76379737500109E-17,0.,1.));
#7076=DIRECTION('ref_axis',(1.,0.,-7.76379737500109E-17));
#7077=DIRECTION('',(1.,0.,-7.76379737500109E-17));
#7078=DIRECTION('',(0.,1.,0.));
#7079=DIRECTION('',(-1.,0.,7.76379737500109E-17));
#7080=DIRECTION('',(0.,-1.,0.));
#7081=DIRECTION('',(-1.,0.,7.76379737500109E-17));
#7082=DIRECTION('',(1.,0.,-7.76379737500109E-17));
#7083=DIRECTION('',(7.8190976399688E-17,0.,1.));
#7084=DIRECTION('',(7.8190976399688E-17,0.,1.));
#7085=DIRECTION('',(7.8190976399688E-17,0.,1.));
#7086=DIRECTION('center_axis',(0.,1.,0.));
#7087=DIRECTION('ref_axis',(0.,0.,1.));
#7088=DIRECTION('',(-1.,0.,7.76379737500109E-17));
#7089=DIRECTION('',(7.8190976399688E-17,0.,1.));
#7090=DIRECTION('center_axis',(-1.,0.,7.8190976399688E-17));
#7091=DIRECTION('ref_axis',(7.8190976399688E-17,0.,1.));
#7092=DIRECTION('',(0.,-1.,0.));
#7093=DIRECTION('',(7.8190976399688E-17,0.,1.));
#7094=DIRECTION('center_axis',(0.,-1.,0.));
#7095=DIRECTION('ref_axis',(0.,0.,-1.));
#7096=DIRECTION('',(7.8190976399688E-17,0.,1.));
#7097=DIRECTION('',(7.8190976399688E-17,0.,1.));
#7098=DIRECTION('center_axis',(-1.,0.,7.8190976399688E-17));
#7099=DIRECTION('ref_axis',(7.8190976399688E-17,0.,1.));
#7100=DIRECTION('',(7.8190976399688E-17,0.,1.));
#7101=DIRECTION('center_axis',(0.,1.,0.));
#7102=DIRECTION('ref_axis',(0.,0.,1.));
#7103=DIRECTION('',(7.8190976399688E-17,0.,1.));
#7104=DIRECTION('',(7.8190976399688E-17,0.,1.));
#7105=DIRECTION('',(7.8190976399688E-17,0.,1.));
#7106=DIRECTION('center_axis',(0.,-1.,0.));
#7107=DIRECTION('ref_axis',(0.,0.,-1.));
#7108=DIRECTION('',(1.,0.,-7.76379737500109E-17));
#7109=DIRECTION('',(7.8190976399688E-17,0.,1.));
#7110=DIRECTION('',(7.8190976399688E-17,0.,1.));
#7111=DIRECTION('center_axis',(0.,-1.,0.));
#7112=DIRECTION('ref_axis',(0.,0.,-1.));
#7113=DIRECTION('',(7.8190976399688E-17,0.,1.));
#7114=DIRECTION('',(-1.,0.,7.76379737500109E-17));
#7115=DIRECTION('',(7.8190976399688E-17,0.,1.));
#7116=DIRECTION('center_axis',(1.,0.,-7.8190976399688E-17));
#7117=DIRECTION('ref_axis',(-7.8190976399688E-17,0.,-1.));
#7118=DIRECTION('',(7.8190976399688E-17,0.,1.));
#7119=DIRECTION('',(0.,-1.,0.));
#7120=DIRECTION('center_axis',(0.,1.,0.));
#7121=DIRECTION('ref_axis',(0.,0.,1.));
#7122=DIRECTION('',(7.8190976399688E-17,0.,1.));
#7123=DIRECTION('',(1.,0.,-7.76379737500109E-17));
#7124=DIRECTION('center_axis',(-1.,0.,7.8190976399688E-17));
#7125=DIRECTION('ref_axis',(7.8190976399688E-17,0.,1.));
#7126=DIRECTION('',(0.,1.,0.));
#7127=DIRECTION('center_axis',(7.76379737500109E-17,0.,1.));
#7128=DIRECTION('ref_axis',(1.,0.,-7.76379737500109E-17));
#7129=DIRECTION('center_axis',(7.76379737500109E-17,0.,1.));
#7130=DIRECTION('ref_axis',(1.,0.,-7.76379737500109E-17));
#7131=DIRECTION('',(0.956509415693422,-0.291701453012885,-7.42614529072442E-17));
#7132=DIRECTION('',(-0.960466366084607,-0.278396048140467,7.45686625178451E-17));
#7133=DIRECTION('',(7.8190976399688E-17,0.,1.));
#7134=DIRECTION('',(7.8190976399688E-17,0.,1.));
#7135=DIRECTION('',(7.8190976399688E-17,0.,1.));
#7136=DIRECTION('',(7.8190976399688E-17,0.,1.));
#7137=DIRECTION('center_axis',(0.291701453012885,0.956509415693422,-2.28084214282852E-17));
#7138=DIRECTION('ref_axis',(0.,2.38454750722451E-17,1.));
#7139=DIRECTION('',(7.8190976399688E-17,0.,1.));
#7140=DIRECTION('',(7.8190976399688E-17,0.,1.));
#7141=DIRECTION('',(7.8190976399688E-17,0.,1.));
#7142=DIRECTION('',(7.8190976399688E-17,0.,1.));
#7143=DIRECTION('',(7.8190976399688E-17,0.,1.));
#7144=DIRECTION('center_axis',(0.278396048140467,-0.960466366084607,-2.17680588299177E-17));
#7145=DIRECTION('ref_axis',(0.,2.26640511303445E-17,-1.));
#7146=DIRECTION('',(7.8190976399688E-17,0.,1.));
#7147=DIRECTION('center_axis',(0.,-1.,0.));
#7148=DIRECTION('ref_axis',(0.,0.,-1.));
#7149=DIRECTION('',(7.8190976399688E-17,0.,1.));
#7150=DIRECTION('',(-1.,0.,7.76379737500109E-17));
#7151=DIRECTION('',(7.8190976399688E-17,0.,1.));
#7152=DIRECTION('center_axis',(1.,0.,-7.8190976399688E-17));
#7153=DIRECTION('ref_axis',(-7.8190976399688E-17,0.,-1.));
#7154=DIRECTION('',(7.8190976399688E-17,0.,1.));
#7155=DIRECTION('',(0.,-1.,0.));
#7156=DIRECTION('center_axis',(0.,1.,0.));
#7157=DIRECTION('ref_axis',(0.,0.,1.));
#7158=DIRECTION('',(7.8190976399688E-17,0.,1.));
#7159=DIRECTION('',(1.,0.,-7.76379737500109E-17));
#7160=DIRECTION('center_axis',(-1.,0.,7.8190976399688E-17));
#7161=DIRECTION('ref_axis',(7.8190976399688E-17,0.,1.));
#7162=DIRECTION('',(0.,1.,0.));
#7163=DIRECTION('center_axis',(7.76379737500109E-17,0.,1.));
#7164=DIRECTION('ref_axis',(1.,0.,-7.76379737500109E-17));
#7165=DIRECTION('center_axis',(7.76379737500109E-17,0.,1.));
#7166=DIRECTION('ref_axis',(1.,0.,-7.76379737500109E-17));
#7167=DIRECTION('',(1.,0.,-7.76379737500109E-17));
#7168=DIRECTION('',(0.,1.,0.));
#7169=DIRECTION('',(-1.,0.,7.76379737500109E-17));
#7170=DIRECTION('',(0.,-1.,0.));
#7171=DIRECTION('center_axis',(-1.,0.,7.75801093965654E-17));
#7172=DIRECTION('ref_axis',(7.75801093965654E-17,0.,1.));
#7173=DIRECTION('',(7.75801093965654E-17,0.,1.));
#7174=DIRECTION('',(7.75801093965654E-17,0.,1.));
#7175=DIRECTION('center_axis',(0.,1.,0.));
#7176=DIRECTION('ref_axis',(0.,0.,1.));
#7177=DIRECTION('',(7.75801093965654E-17,0.,1.));
#7178=DIRECTION('center_axis',(1.,0.,-7.75801093965654E-17));
#7179=DIRECTION('ref_axis',(-7.75801093965654E-17,0.,-1.));
#7180=DIRECTION('',(7.75801093965654E-17,0.,1.));
#7181=DIRECTION('center_axis',(0.,-1.,0.));
#7182=DIRECTION('ref_axis',(0.,0.,-1.));
#7183=DIRECTION('center_axis',(-0.956501369613678,0.291727835365702,7.47897760177324E-17));
#7184=DIRECTION('ref_axis',(7.8190976399688E-17,0.,1.));
#7185=DIRECTION('',(7.8190976399688E-17,0.,1.));
#7186=DIRECTION('',(0.291727835365702,0.956501369613678,-2.26491580242699E-17));
#7187=DIRECTION('',(7.8190976399688E-17,0.,1.));
#7188=DIRECTION('',(7.8190976399688E-17,0.,1.));
#7189=DIRECTION('',(7.8190976399688E-17,0.,1.));
#7190=DIRECTION('center_axis',(0.95930054317693,0.282387088692891,-7.50086461317552E-17));
#7191=DIRECTION('ref_axis',(-7.8190976399688E-17,0.,-1.));
#7192=DIRECTION('',(7.8190976399688E-17,0.,1.));
#7193=DIRECTION('',(0.282387088692891,-0.95930054317693,-2.19239613792807E-17));
#7194=DIRECTION('center_axis',(0.,1.,0.));
#7195=DIRECTION('ref_axis',(0.,0.,1.));
#7196=DIRECTION('',(7.8190976399688E-17,0.,1.));
#7197=DIRECTION('',(1.,0.,-7.76379737500109E-17));
#7198=DIRECTION('center_axis',(-0.952935443698816,-0.303173284018465,7.45109527886803E-17));
#7199=DIRECTION('ref_axis',(7.8190976399688E-17,0.,1.));
#7200=DIRECTION('',(7.8190976399688E-17,0.,1.));
#7201=DIRECTION('',(-0.303173284018465,0.952935443698816,2.35377594663302E-17));
#7202=DIRECTION('center_axis',(0.,-1.,0.));
#7203=DIRECTION('ref_axis',(0.,0.,-1.));
#7204=DIRECTION('',(7.8190976399688E-17,0.,1.));
#7205=DIRECTION('',(-1.,0.,7.76379737500109E-17));
#7206=DIRECTION('center_axis',(0.952509512254895,-0.30450883248921,-7.44776487932009E-17));
#7207=DIRECTION('ref_axis',(-7.8190976399688E-17,0.,-1.));
#7208=DIRECTION('',(7.8190976399688E-17,0.,1.));
#7209=DIRECTION('',(-0.30450883248921,-0.952509512254895,2.36414487434437E-17));
#7210=DIRECTION('center_axis',(0.,1.,0.));
#7211=DIRECTION('ref_axis',(0.,0.,1.));
#7212=DIRECTION('',(1.,0.,-7.76379737500109E-17));
#7213=DIRECTION('center_axis',(7.76379737500109E-17,0.,1.));
#7214=DIRECTION('ref_axis',(1.,0.,-7.76379737500109E-17));
#7215=DIRECTION('center_axis',(7.76379737500109E-17,0.,1.));
#7216=DIRECTION('ref_axis',(1.,0.,-7.76379737500109E-17));
#7217=DIRECTION('',(1.,0.,-7.76379737500109E-17));
#7218=DIRECTION('',(0.,1.,0.));
#7219=DIRECTION('',(-1.,0.,7.76379737500109E-17));
#7220=DIRECTION('',(0.,-1.,0.));
#7221=DIRECTION('',(-1.,0.,7.76379737500109E-17));
#7222=DIRECTION('',(-0.537474973705175,0.843279700123643,4.17284678998102E-17));
#7223=DIRECTION('',(-1.,0.,7.76379737500109E-17));
#7224=DIRECTION('',(0.536569560807066,-0.84385609342785,-4.16581734769939E-17));
#7225=DIRECTION('',(0.,-1.,0.));
#7226=DIRECTION('',(-1.,0.,7.76379737500109E-17));
#7227=DIRECTION('',(1.,0.,-7.76379737500109E-17));
#7228=DIRECTION('',(7.8190976399688E-17,0.,1.));
#7229=DIRECTION('',(7.8190976399688E-17,0.,1.));
#7230=DIRECTION('center_axis',(0.,1.,0.));
#7231=DIRECTION('ref_axis',(0.,0.,1.));
#7232=DIRECTION('',(-1.,0.,7.76379737500109E-17));
#7233=DIRECTION('',(7.8190976399688E-17,0.,1.));
#7234=DIRECTION('center_axis',(-1.,0.,7.8190976399688E-17));
#7235=DIRECTION('ref_axis',(7.8190976399688E-17,0.,1.));
#7236=DIRECTION('',(0.,-1.,0.));
#7237=DIRECTION('',(7.8190976399688E-17,0.,1.));
#7238=DIRECTION('',(7.8190976399688E-17,0.,1.));
#7239=DIRECTION('',(7.8190976399688E-17,0.,1.));
#7240=DIRECTION('',(7.8190976399688E-17,0.,1.));
#7241=DIRECTION('center_axis',(0.,-1.,0.));
#7242=DIRECTION('ref_axis',(0.,0.,-1.));
#7243=DIRECTION('',(7.8190976399688E-17,0.,1.));
#7244=DIRECTION('center_axis',(1.,0.,-7.8190976399688E-17));
#7245=DIRECTION('ref_axis',(-7.8190976399688E-17,0.,-1.));
#7246=DIRECTION('',(7.8190976399688E-17,0.,1.));
#7247=DIRECTION('center_axis',(0.,-1.,0.));
#7248=DIRECTION('ref_axis',(0.,0.,-1.));
#7249=DIRECTION('',(7.8190976399688E-17,0.,1.));
#7250=DIRECTION('center_axis',(-1.,0.,7.8190976399688E-17));
#7251=DIRECTION('ref_axis',(7.8190976399688E-17,0.,1.));
#7252=DIRECTION('',(7.8190976399688E-17,0.,1.));
#7253=DIRECTION('center_axis',(0.,1.,0.));
#7254=DIRECTION('ref_axis',(0.,0.,1.));
#7255=DIRECTION('',(7.8190976399688E-17,0.,1.));
#7256=DIRECTION('',(7.8190976399688E-17,0.,1.));
#7257=DIRECTION('center_axis',(0.,-1.,0.));
#7258=DIRECTION('ref_axis',(0.,0.,-1.));
#7259=DIRECTION('',(1.,0.,-7.76379737500109E-17));
#7260=DIRECTION('',(7.8190976399688E-17,0.,1.));
#7261=DIRECTION('',(7.8190976399688E-17,0.,1.));
#7262=DIRECTION('',(7.8190976399688E-17,0.,1.));
#7263=DIRECTION('',(7.8190976399688E-17,0.,1.));
#7264=DIRECTION('center_axis',(0.84385609342785,0.536569560807066,-6.598193188595E-17));
#7265=DIRECTION('ref_axis',(-7.8190976399688E-17,0.,-1.));
#7266=DIRECTION('',(7.8190976399688E-17,0.,1.));
#7267=DIRECTION('center_axis',(0.,-1.,0.));
#7268=DIRECTION('ref_axis',(0.,0.,-1.));
#7269=DIRECTION('',(7.8190976399688E-17,0.,1.));
#7270=DIRECTION('center_axis',(-0.843279700123643,-0.537474973705175,6.59368631307038E-17));
#7271=DIRECTION('ref_axis',(7.8190976399688E-17,0.,1.));
#7272=DIRECTION('',(7.8190976399688E-17,0.,1.));
#7273=DIRECTION('',(7.8190976399688E-17,0.,1.));
#7274=DIRECTION('center_axis',(0.233157864422223,-0.972438897956097,-1.82308410744397E-17));
#7275=DIRECTION('ref_axis',(0.,1.87475440490481E-17,-1.));
#7276=DIRECTION('',(7.8190976399688E-17,0.,1.));
#7277=DIRECTION('',(-0.972438897956097,-0.233157864422223,7.5498185633005E-17));
#7278=DIRECTION('',(7.8190976399688E-17,0.,1.));
#7279=DIRECTION('',(7.8190976399688E-17,0.,1.));
#7280=DIRECTION('',(7.8190976399688E-17,0.,1.));
#7281=DIRECTION('',(7.8190976399688E-17,0.,1.));
#7282=DIRECTION('center_axis',(0.245156736408938,0.969483457617157,-1.91690445907758E-17));
#7283=DIRECTION('ref_axis',(0.,1.97724308137143E-17,1.));
#7284=DIRECTION('',(7.8190976399688E-17,0.,1.));
#7285=DIRECTION('',(0.969483457617157,-0.245156736408938,-7.52687312335507E-17));
#7286=DIRECTION('',(7.8190976399688E-17,0.,1.));
#7287=DIRECTION('',(7.8190976399688E-17,0.,1.));
#7288=DIRECTION('center_axis',(7.76379737500109E-17,0.,1.));
#7289=DIRECTION('ref_axis',(1.,0.,-7.76379737500109E-17));
#7290=DIRECTION('center_axis',(7.76379737500109E-17,0.,1.));
#7291=DIRECTION('ref_axis',(1.,0.,-7.76379737500109E-17));
#7292=DIRECTION('',(1.,0.,-7.76379737500109E-17));
#7293=DIRECTION('',(0.,1.,0.));
#7294=DIRECTION('',(-1.,0.,7.76379737500109E-17));
#7295=DIRECTION('',(0.,-1.,0.));
#7296=DIRECTION('',(1.,0.,-7.76379737500109E-17));
#7297=DIRECTION('',(0.,-1.,0.));
#7298=DIRECTION('',(-1.,0.,7.76379737500109E-17));
#7299=DIRECTION('',(0.,-1.,0.));
#7300=DIRECTION('',(1.,0.,-7.76379737500109E-17));
#7301=DIRECTION('',(0.,-1.,0.));
#7302=DIRECTION('',(-1.,0.,7.76379737500109E-17));
#7303=DIRECTION('',(0.,-1.,0.));
#7304=DIRECTION('center_axis',(1.,0.,-7.8190976399688E-17));
#7305=DIRECTION('ref_axis',(-7.8190976399688E-17,0.,-1.));
#7306=DIRECTION('',(7.8190976399688E-17,0.,1.));
#7307=DIRECTION('',(7.8190976399688E-17,0.,1.));
#7308=DIRECTION('center_axis',(0.,1.,0.));
#7309=DIRECTION('ref_axis',(0.,0.,1.));
#7310=DIRECTION('',(7.8190976399688E-17,0.,1.));
#7311=DIRECTION('center_axis',(1.,0.,-7.8190976399688E-17));
#7312=DIRECTION('ref_axis',(-7.8190976399688E-17,0.,-1.));
#7313=DIRECTION('',(7.8190976399688E-17,0.,1.));
#7314=DIRECTION('center_axis',(0.,-1.,0.));
#7315=DIRECTION('ref_axis',(0.,0.,-1.));
#7316=DIRECTION('',(7.8190976399688E-17,0.,1.));
#7317=DIRECTION('center_axis',(-1.,0.,7.8190976399688E-17));
#7318=DIRECTION('ref_axis',(7.8190976399688E-17,0.,1.));
#7319=DIRECTION('',(7.8190976399688E-17,0.,1.));
#7320=DIRECTION('center_axis',(0.,1.,0.));
#7321=DIRECTION('ref_axis',(0.,0.,1.));
#7322=DIRECTION('',(7.8190976399688E-17,0.,1.));
#7323=DIRECTION('center_axis',(1.,0.,-7.8190976399688E-17));
#7324=DIRECTION('ref_axis',(-7.8190976399688E-17,0.,-1.));
#7325=DIRECTION('',(7.8190976399688E-17,0.,1.));
#7326=DIRECTION('center_axis',(0.,-1.,0.));
#7327=DIRECTION('ref_axis',(0.,0.,-1.));
#7328=DIRECTION('',(7.8190976399688E-17,0.,1.));
#7329=DIRECTION('center_axis',(1.,0.,-7.8190976399688E-17));
#7330=DIRECTION('ref_axis',(-7.8190976399688E-17,0.,-1.));
#7331=DIRECTION('',(7.8190976399688E-17,0.,1.));
#7332=DIRECTION('center_axis',(0.,1.,0.));
#7333=DIRECTION('ref_axis',(0.,0.,1.));
#7334=DIRECTION('',(7.8190976399688E-17,0.,1.));
#7335=DIRECTION('center_axis',(1.,0.,-7.8190976399688E-17));
#7336=DIRECTION('ref_axis',(-7.8190976399688E-17,0.,-1.));
#7337=DIRECTION('',(7.8190976399688E-17,0.,1.));
#7338=DIRECTION('center_axis',(0.,-1.,0.));
#7339=DIRECTION('ref_axis',(0.,0.,-1.));
#7340=DIRECTION('center_axis',(0.,-1.,0.));
#7341=DIRECTION('ref_axis',(0.,0.,-1.));
#7342=DIRECTION('',(7.8190976399688E-17,0.,1.));
#7343=DIRECTION('',(-1.,0.,7.76379737500109E-17));
#7344=DIRECTION('',(7.8190976399688E-17,0.,1.));
#7345=DIRECTION('center_axis',(1.,0.,-7.8190976399688E-17));
#7346=DIRECTION('ref_axis',(-7.8190976399688E-17,0.,-1.));
#7347=DIRECTION('',(7.8190976399688E-17,0.,1.));
#7348=DIRECTION('',(0.,-1.,0.));
#7349=DIRECTION('center_axis',(0.,1.,0.));
#7350=DIRECTION('ref_axis',(0.,0.,1.));
#7351=DIRECTION('',(7.8190976399688E-17,0.,1.));
#7352=DIRECTION('',(1.,0.,-7.76379737500109E-17));
#7353=DIRECTION('center_axis',(-1.,0.,7.8190976399688E-17));
#7354=DIRECTION('ref_axis',(7.8190976399688E-17,0.,1.));
#7355=DIRECTION('',(7.8190976399688E-17,0.,1.));
#7356=DIRECTION('',(0.,1.,0.));
#7357=DIRECTION('center_axis',(0.,-1.,0.));
#7358=DIRECTION('ref_axis',(0.,0.,-1.));
#7359=DIRECTION('',(7.8190976399688E-17,0.,1.));
#7360=DIRECTION('',(-1.,0.,7.76379737500109E-17));
#7361=DIRECTION('center_axis',(-1.,0.,7.8190976399688E-17));
#7362=DIRECTION('ref_axis',(7.8190976399688E-17,0.,1.));
#7363=DIRECTION('',(7.8190976399688E-17,0.,1.));
#7364=DIRECTION('',(0.,1.,0.));
#7365=DIRECTION('center_axis',(0.,-1.,0.));
#7366=DIRECTION('ref_axis',(0.,0.,-1.));
#7367=DIRECTION('',(7.8190976399688E-17,0.,1.));
#7368=DIRECTION('',(-1.,0.,7.76379737500109E-17));
#7369=DIRECTION('center_axis',(1.,0.,-7.8190976399688E-17));
#7370=DIRECTION('ref_axis',(-7.8190976399688E-17,0.,-1.));
#7371=DIRECTION('',(0.,-1.,0.));
#7372=DIRECTION('center_axis',(7.76379737500109E-17,0.,1.));
#7373=DIRECTION('ref_axis',(1.,0.,-7.76379737500109E-17));
#7374=DIRECTION('center_axis',(7.76379737500109E-17,0.,1.));
#7375=DIRECTION('ref_axis',(1.,0.,-7.76379737500109E-17));
#7376=DIRECTION('',(1.,0.,-7.76379737500109E-17));
#7377=DIRECTION('',(0.358597624924272,0.933492229961595,-2.78407929906869E-17));
#7378=DIRECTION('',(-1.,0.,7.76379737500109E-17));
#7379=DIRECTION('',(-0.340982446951353,-0.94006966277562,2.64731862656237E-17));
#7380=DIRECTION('',(-1.,0.,7.76379737500109E-17));
#7381=DIRECTION('',(-0.357559968316411,0.933890180405366,2.77602314342042E-17));
#7382=DIRECTION('',(-1.,0.,7.76379737500109E-17));
#7383=DIRECTION('',(0.378193217714337,-0.925726682166435,-2.93621551093378E-17));
#7384=DIRECTION('',(-0.352454989950372,-0.935828766419949,2.73638912578273E-17));
#7385=DIRECTION('',(-0.354499351416073,0.935056260256881,2.7522611339637E-17));
#7386=DIRECTION('',(1.,0.,-7.76379737500109E-17));
#7387=DIRECTION('',(7.8190976399688E-17,0.,1.));
#7388=DIRECTION('',(7.8190976399688E-17,0.,1.));
#7389=DIRECTION('',(7.8190976399688E-17,0.,1.));
#7390=DIRECTION('center_axis',(-0.935828766419949,0.352454989950372,7.31733649892914E-17));
#7391=DIRECTION('ref_axis',(7.8190976399688E-17,0.,1.));
#7392=DIRECTION('',(-0.352454989950372,-0.935828766419949,2.73638912578273E-17));
#7393=DIRECTION('',(7.8190976399688E-17,0.,1.));
#7394=DIRECTION('center_axis',(0.94006966277562,-0.340982446951353,-7.35049648161512E-17));
#7395=DIRECTION('ref_axis',(-7.8190976399688E-17,0.,-1.));
#7396=DIRECTION('',(7.8190976399688E-17,0.,1.));
#7397=DIRECTION('',(7.8190976399688E-17,0.,1.));
#7398=DIRECTION('center_axis',(0.,-1.,0.));
#7399=DIRECTION('ref_axis',(0.,0.,-1.));
#7400=DIRECTION('',(7.8190976399688E-17,0.,1.));
#7401=DIRECTION('center_axis',(-0.933492229961595,0.358597624924272,7.29906689222192E-17));
#7402=DIRECTION('ref_axis',(7.8190976399688E-17,0.,1.));
#7403=DIRECTION('',(7.8190976399688E-17,0.,1.));
#7404=DIRECTION('center_axis',(0.,1.,0.));
#7405=DIRECTION('ref_axis',(0.,0.,1.));
#7406=DIRECTION('',(7.8190976399688E-17,0.,1.));
#7407=DIRECTION('center_axis',(0.935056260256881,0.354499351416073,-7.31129619781263E-17));
#7408=DIRECTION('ref_axis',(-7.8190976399688E-17,0.,-1.));
#7409=DIRECTION('',(-0.354499351416073,0.935056260256881,2.7522611339637E-17));
#7410=DIRECTION('',(7.8190976399688E-17,0.,1.));
#7411=DIRECTION('center_axis',(0.,-1.,0.));
#7412=DIRECTION('ref_axis',(0.,0.,-1.));
#7413=DIRECTION('',(1.,0.,-7.76379737500109E-17));
#7414=DIRECTION('center_axis',(0.925726682166435,0.378193217714337,-7.23834731578372E-17));
#7415=DIRECTION('ref_axis',(-7.8190976399688E-17,0.,-1.));
#7416=DIRECTION('',(7.8190976399688E-17,0.,1.));
#7417=DIRECTION('center_axis',(0.,-1.,0.));
#7418=DIRECTION('ref_axis',(0.,0.,-1.));
#7419=DIRECTION('',(7.8190976399688E-17,0.,1.));
#7420=DIRECTION('center_axis',(-0.933890180405366,-0.357559968316411,7.30217850559764E-17));
#7421=DIRECTION('ref_axis',(7.8190976399688E-17,0.,1.));
#7422=DIRECTION('',(7.8190976399688E-17,0.,1.));
#7423=DIRECTION('center_axis',(0.,-1.,0.));
#7424=DIRECTION('ref_axis',(0.,0.,-1.));
#7425=DIRECTION('center_axis',(1.,0.,-7.8190976399688E-17));
#7426=DIRECTION('ref_axis',(-7.8190976399688E-17,0.,-1.));
#7427=DIRECTION('',(7.8190976399688E-17,0.,1.));
#7428=DIRECTION('',(0.,-1.,0.));
#7429=DIRECTION('',(7.8190976399688E-17,0.,1.));
#7430=DIRECTION('center_axis',(0.,1.,0.));
#7431=DIRECTION('ref_axis',(0.,0.,1.));
#7432=DIRECTION('',(7.8190976399688E-17,0.,1.));
#7433=DIRECTION('',(1.,0.,-7.76379737500109E-17));
#7434=DIRECTION('center_axis',(1.,0.,-7.8190976399688E-17));
#7435=DIRECTION('ref_axis',(-7.8190976399688E-17,0.,-1.));
#7436=DIRECTION('',(7.8190976399688E-17,0.,1.));
#7437=DIRECTION('',(0.,-1.,0.));
#7438=DIRECTION('center_axis',(0.,1.,0.));
#7439=DIRECTION('ref_axis',(0.,0.,1.));
#7440=DIRECTION('',(7.8190976399688E-17,0.,1.));
#7441=DIRECTION('',(1.,0.,-7.76379737500109E-17));
#7442=DIRECTION('center_axis',(-1.,0.,7.8190976399688E-17));
#7443=DIRECTION('ref_axis',(7.8190976399688E-17,0.,1.));
#7444=DIRECTION('',(7.8190976399688E-17,0.,1.));
#7445=DIRECTION('',(0.,1.,0.));
#7446=DIRECTION('center_axis',(0.,-1.,0.));
#7447=DIRECTION('ref_axis',(0.,0.,-1.));
#7448=DIRECTION('',(-1.,0.,7.76379737500109E-17));
#7449=DIRECTION('center_axis',(7.76379737500109E-17,0.,1.));
#7450=DIRECTION('ref_axis',(1.,0.,-7.76379737500109E-17));
#7451=DIRECTION('center_axis',(7.76379737500109E-17,0.,1.));
#7452=DIRECTION('ref_axis',(1.,0.,-7.76379737500109E-17));
#7453=DIRECTION('center_axis',(7.76379737500109E-17,0.,1.));
#7454=DIRECTION('ref_axis',(1.,0.,-7.76379737500109E-17));
#7455=DIRECTION('center_axis',(7.76379737500109E-17,0.,1.));
#7456=DIRECTION('ref_axis',(1.,0.,-7.76379737500109E-17));
#7457=DIRECTION('center_axis',(7.76379737500109E-17,0.,1.));
#7458=DIRECTION('ref_axis',(1.,0.,-7.76379737500109E-17));
#7459=DIRECTION('center_axis',(7.76379737500109E-17,0.,1.));
#7460=DIRECTION('ref_axis',(1.,0.,-7.76379737500109E-17));
#7461=DIRECTION('center_axis',(0.,1.,0.));
#7462=DIRECTION('ref_axis',(-1.,0.,0.));
#7463=DIRECTION('center_axis',(0.,1.,0.));
#7464=DIRECTION('ref_axis',(-1.,0.,0.));
#7465=DIRECTION('',(0.,-1.,0.));
#7466=DIRECTION('center_axis',(0.,-1.,0.));
#7467=DIRECTION('ref_axis',(-1.,0.,0.));
#7468=DIRECTION('center_axis',(0.,1.,0.));
#7469=DIRECTION('ref_axis',(0.,0.,1.));
#7470=DIRECTION('center_axis',(0.,1.,0.));
#7471=DIRECTION('ref_axis',(0.,0.,1.));
#7472=DIRECTION('center_axis',(7.76379737500109E-17,0.,1.));
#7473=DIRECTION('ref_axis',(1.,0.,-7.76379737500109E-17));
#7474=DIRECTION('center_axis',(1.,0.,0.));
#7475=DIRECTION('ref_axis',(0.,0.,-1.));
#7476=DIRECTION('',(0.,0.,-1.));
#7477=DIRECTION('',(0.,1.,0.));
#7478=DIRECTION('',(0.,0.,-1.));
#7479=DIRECTION('',(0.,1.,0.));
#7480=DIRECTION('center_axis',(0.,0.,-1.));
#7481=DIRECTION('ref_axis',(-1.,0.,0.));
#7482=DIRECTION('',(-1.,0.,0.));
#7483=DIRECTION('',(-1.,0.,0.));
#7484=DIRECTION('',(0.,1.,0.));
#7485=DIRECTION('center_axis',(-1.,0.,0.));
#7486=DIRECTION('ref_axis',(0.,0.,1.));
#7487=DIRECTION('',(0.,0.,1.));
#7488=DIRECTION('',(0.,0.,1.));
#7489=DIRECTION('',(0.,1.,0.));
#7490=DIRECTION('center_axis',(0.,0.,1.));
#7491=DIRECTION('ref_axis',(1.,0.,0.));
#7492=DIRECTION('',(1.,0.,0.));
#7493=DIRECTION('',(1.,0.,0.));
#7494=DIRECTION('center_axis',(0.,1.,0.));
#7495=DIRECTION('ref_axis',(0.,0.,1.));
#7496=DIRECTION('center_axis',(1.,0.,-4.62592926927149E-16));
#7497=DIRECTION('ref_axis',(-4.62592926927149E-16,0.,-1.));
#7498=DIRECTION('',(-4.62592926927149E-16,0.,-1.));
#7499=DIRECTION('',(0.,1.,0.));
#7500=DIRECTION('',(-4.62592926927149E-16,0.,-1.));
#7501=DIRECTION('',(0.,1.,0.));
#7502=DIRECTION('center_axis',(3.1720657846433E-15,0.,-1.));
#7503=DIRECTION('ref_axis',(-1.,0.,-3.1720657846433E-15));
#7504=DIRECTION('',(-1.,0.,-3.1720657846433E-15));
#7505=DIRECTION('',(-1.,0.,-3.1720657846433E-15));
#7506=DIRECTION('',(0.,1.,0.));
#7507=DIRECTION('center_axis',(-1.,0.,0.));
#7508=DIRECTION('ref_axis',(0.,0.,1.));
#7509=DIRECTION('',(0.,0.,1.));
#7510=DIRECTION('',(0.,0.,1.));
#7511=DIRECTION('',(0.,1.,0.));
#7512=DIRECTION('center_axis',(-1.58603289232165E-15,0.,1.));
#7513=DIRECTION('ref_axis',(1.,0.,1.58603289232165E-15));
#7514=DIRECTION('',(1.,0.,1.58603289232165E-15));
#7515=DIRECTION('',(1.,0.,1.58603289232165E-15));
#7516=DIRECTION('center_axis',(0.,1.,0.));
#7517=DIRECTION('ref_axis',(0.,0.,1.));
#7518=DIRECTION('center_axis',(1.,0.,0.));
#7519=DIRECTION('ref_axis',(0.,0.,-1.));
#7520=DIRECTION('',(0.,0.,-1.));
#7521=DIRECTION('',(0.,1.,0.));
#7522=DIRECTION('',(0.,0.,-1.));
#7523=DIRECTION('',(0.,1.,0.));
#7524=DIRECTION('center_axis',(-3.17206578464329E-15,0.,-1.));
#7525=DIRECTION('ref_axis',(-1.,0.,3.17206578464329E-15));
#7526=DIRECTION('',(-1.,0.,3.17206578464329E-15));
#7527=DIRECTION('',(-1.,0.,3.17206578464329E-15));
#7528=DIRECTION('',(0.,1.,0.));
#7529=DIRECTION('center_axis',(-1.,0.,0.));
#7530=DIRECTION('ref_axis',(0.,0.,1.));
#7531=DIRECTION('',(0.,0.,1.));
#7532=DIRECTION('',(0.,0.,1.));
#7533=DIRECTION('',(0.,1.,0.));
#7534=DIRECTION('center_axis',(3.17206578464329E-15,0.,1.));
#7535=DIRECTION('ref_axis',(1.,0.,-3.17206578464329E-15));
#7536=DIRECTION('',(1.,0.,-3.17206578464329E-15));
#7537=DIRECTION('',(1.,0.,-3.17206578464329E-15));
#7538=DIRECTION('center_axis',(0.,1.,0.));
#7539=DIRECTION('ref_axis',(0.,0.,1.));
#7540=DIRECTION('center_axis',(1.,0.,9.65411325761006E-16));
#7541=DIRECTION('ref_axis',(9.65411325761006E-16,0.,-1.));
#7542=DIRECTION('',(9.65411325761006E-16,0.,-1.));
#7543=DIRECTION('',(0.,1.,0.));
#7544=DIRECTION('',(9.65411325761006E-16,0.,-1.));
#7545=DIRECTION('',(0.,1.,0.));
#7546=DIRECTION('center_axis',(-2.31296463463574E-16,0.,-1.));
#7547=DIRECTION('ref_axis',(-1.,0.,2.31296463463574E-16));
#7548=DIRECTION('',(-1.,0.,2.31296463463574E-16));
#7549=DIRECTION('',(-1.,0.,2.31296463463574E-16));
#7550=DIRECTION('',(0.,1.,0.));
#7551=DIRECTION('center_axis',(-1.,0.,0.));
#7552=DIRECTION('ref_axis',(0.,0.,1.));
#7553=DIRECTION('',(0.,0.,1.));
#7554=DIRECTION('',(0.,0.,1.));
#7555=DIRECTION('',(0.,1.,0.));
#7556=DIRECTION('center_axis',(2.31296463463575E-16,0.,1.));
#7557=DIRECTION('ref_axis',(1.,0.,-2.31296463463575E-16));
#7558=DIRECTION('',(1.,0.,-2.31296463463575E-16));
#7559=DIRECTION('',(1.,0.,-2.31296463463575E-16));
#7560=DIRECTION('center_axis',(0.,1.,0.));
#7561=DIRECTION('ref_axis',(0.,0.,1.));
#7562=DIRECTION('center_axis',(1.,0.,0.));
#7563=DIRECTION('ref_axis',(0.,0.,-1.));
#7564=DIRECTION('',(0.,0.,-1.));
#7565=DIRECTION('',(0.,1.,0.));
#7566=DIRECTION('',(0.,0.,-1.));
#7567=DIRECTION('',(0.,1.,0.));
#7568=DIRECTION('center_axis',(0.,0.,-1.));
#7569=DIRECTION('ref_axis',(-1.,0.,0.));
#7570=DIRECTION('',(-1.,0.,0.));
#7571=DIRECTION('',(-1.,0.,0.));
#7572=DIRECTION('',(0.,1.,0.));
#7573=DIRECTION('center_axis',(-1.,0.,0.));
#7574=DIRECTION('ref_axis',(0.,0.,1.));
#7575=DIRECTION('',(0.,0.,1.));
#7576=DIRECTION('',(0.,0.,1.));
#7577=DIRECTION('',(0.,1.,0.));
#7578=DIRECTION('center_axis',(0.,0.,1.));
#7579=DIRECTION('ref_axis',(1.,0.,0.));
#7580=DIRECTION('',(1.,0.,0.));
#7581=DIRECTION('',(1.,0.,0.));
#7582=DIRECTION('center_axis',(0.,1.,0.));
#7583=DIRECTION('ref_axis',(0.,0.,1.));
#7584=DIRECTION('center_axis',(-1.,0.,0.));
#7585=DIRECTION('ref_axis',(0.,0.,1.));
#7586=DIRECTION('',(0.,0.,-1.));
#7587=DIRECTION('',(0.,1.,0.));
#7588=DIRECTION('',(0.,0.,-1.));
#7589=DIRECTION('',(0.,1.,0.));
#7590=DIRECTION('center_axis',(3.63157064129724E-16,0.,-1.));
#7591=DIRECTION('ref_axis',(-1.,0.,-3.63157064129724E-16));
#7592=DIRECTION('',(1.,0.,3.63157064129724E-16));
#7593=DIRECTION('',(1.,0.,3.63157064129724E-16));
#7594=DIRECTION('',(0.,1.,0.));
#7595=DIRECTION('center_axis',(1.,0.,6.93889390390723E-16));
#7596=DIRECTION('ref_axis',(6.93889390390723E-16,0.,-1.));
#7597=DIRECTION('',(-6.93889390390723E-16,0.,1.));
#7598=DIRECTION('',(-6.93889390390723E-16,0.,1.));
#7599=DIRECTION('',(0.,1.,0.));
#7600=DIRECTION('center_axis',(-2.59397902949803E-16,0.,1.));
#7601=DIRECTION('ref_axis',(1.,0.,2.59397902949803E-16));
#7602=DIRECTION('',(-1.,0.,-2.59397902949803E-16));
#7603=DIRECTION('',(-1.,0.,-2.59397902949803E-16));
#7604=DIRECTION('center_axis',(-1.,0.,3.37967435197917E-16));
#7605=DIRECTION('ref_axis',(3.37967435197917E-16,0.,1.));
#7606=DIRECTION('',(3.37967435197917E-16,0.,1.));
#7607=DIRECTION('',(0.,1.,0.));
#7608=DIRECTION('',(3.37967435197917E-16,0.,1.));
#7609=DIRECTION('',(0.,1.,0.));
#7610=DIRECTION('center_axis',(1.,0.,-3.37967435197917E-16));
#7611=DIRECTION('ref_axis',(-3.37967435197917E-16,0.,-1.));
#7612=DIRECTION('',(0.,1.,0.));
#7613=DIRECTION('',(-3.37967435197917E-16,0.,-1.));
#7614=DIRECTION('',(0.,1.,0.));
#7615=DIRECTION('center_axis',(0.,1.,0.));
#7616=DIRECTION('ref_axis',(0.,0.,1.));
#7617=DIRECTION('',(1.,0.,-3.38999396832109E-16));
#7618=DIRECTION('',(-1.,0.,3.38999396832109E-16));
#7619=DIRECTION('center_axis',(0.,1.,0.));
#7620=DIRECTION('ref_axis',(0.,0.,1.));
#7621=DIRECTION('',(1.,0.,-3.38999396832109E-16));
#7622=DIRECTION('',(1.11022302462516E-15,0.,1.));
#7623=DIRECTION('',(-1.11022302462516E-15,0.,-1.));
#7624=DIRECTION('center_axis',(0.,1.,0.));
#7625=DIRECTION('ref_axis',(0.,0.,1.));
#7626=DIRECTION('',(-1.,0.,3.38999396832109E-16));
#7627=DIRECTION('',(0.,0.,-1.));
#7628=DIRECTION('',(0.,0.,1.));
#7629=DIRECTION('center_axis',(0.,1.,0.));
#7630=DIRECTION('ref_axis',(0.,0.,1.));
#7631=DIRECTION('center_axis',(-1.,0.,0.));
#7632=DIRECTION('ref_axis',(0.,0.,-1.));
#7633=DIRECTION('',(0.,0.,1.));
#7634=DIRECTION('',(0.,-1.,0.));
#7635=DIRECTION('',(0.,0.,-1.));
#7636=DIRECTION('center_axis',(1.,0.,-1.11022302462516E-15));
#7637=DIRECTION('ref_axis',(1.11022302462516E-15,0.,1.));
#7638=DIRECTION('',(1.11022302462516E-15,0.,1.));
#7639=DIRECTION('',(0.,-1.,0.));
#7640=DIRECTION('center_axis',(0.,0.,-1.));
#7641=DIRECTION('ref_axis',(1.,0.,0.));
#7642=DIRECTION('',(1.,0.,0.));
#7643=DIRECTION('',(1.,0.,-3.38999396832109E-16));
#7644=DIRECTION('',(0.,-1.,0.));
#7645=DIRECTION('',(1.,0.,0.));
#7646=DIRECTION('',(0.,-1.,0.));
#7647=DIRECTION('center_axis',(0.,-1.,0.));
#7648=DIRECTION('ref_axis',(0.,0.,-1.));
#7649=DIRECTION('center_axis',(-1.,0.,0.));
#7650=DIRECTION('ref_axis',(0.,0.,-1.));
#7651=DIRECTION('',(0.,0.,-1.));
#7652=DIRECTION('',(0.,-1.,0.));
#7653=DIRECTION('center_axis',(1.,0.,0.));
#7654=DIRECTION('ref_axis',(0.,0.,1.));
#7655=DIRECTION('',(0.,-1.,0.));
#7656=DIRECTION('',(0.,0.,1.));
#7657=DIRECTION('center_axis',(0.,-1.,0.));
#7658=DIRECTION('ref_axis',(0.,0.,-1.));
#7659=DIRECTION('',(-1.,0.,0.));
#7660=DIRECTION('center_axis',(-1.,0.,0.));
#7661=DIRECTION('ref_axis',(0.,0.,-1.));
#7662=DIRECTION('',(0.,0.,1.));
#7663=DIRECTION('',(0.,0.,-1.));
#7664=DIRECTION('',(0.,-1.,0.));
#7665=DIRECTION('center_axis',(3.70074341541719E-16,0.,1.));
#7666=DIRECTION('ref_axis',(-1.,0.,3.70074341541719E-16));
#7667=DIRECTION('',(-1.,0.,3.70074341541719E-16));
#7668=DIRECTION('',(0.,-1.,0.));
#7669=DIRECTION('',(-1.,0.,3.38999396832109E-16));
#7670=DIRECTION('center_axis',(1.,0.,0.));
#7671=DIRECTION('ref_axis',(0.,0.,1.));
#7672=DIRECTION('',(0.,0.,1.));
#7673=DIRECTION('center_axis',(0.,-1.,0.));
#7674=DIRECTION('ref_axis',(0.,0.,-1.));
#7675=DIRECTION('center_axis',(-1.,0.,1.11022302462516E-15));
#7676=DIRECTION('ref_axis',(-1.11022302462516E-15,0.,-1.));
#7677=DIRECTION('',(-1.11022302462516E-15,0.,-1.));
#7678=DIRECTION('center_axis',(1.,0.,0.));
#7679=DIRECTION('ref_axis',(0.,0.,1.));
#7680=DIRECTION('',(0.,0.,1.));
#7681=DIRECTION('center_axis',(0.,-1.,0.));
#7682=DIRECTION('ref_axis',(0.,0.,-1.));
#7683=DIRECTION('center_axis',(0.,1.,0.));
#7684=DIRECTION('ref_axis',(0.,0.,1.));
#7685=DIRECTION('',(1.46660901535688E-16,0.,1.));
#7686=DIRECTION('center_axis',(-1.,0.,1.46660901535688E-16));
#7687=DIRECTION('ref_axis',(1.46660901535688E-16,0.,1.));
#7688=DIRECTION('axis',(0.,0.,1.));
#7689=DIRECTION('refdir',(1.,0.,0.));
#7690=DIRECTION('center_axis',(1.,6.93889390390723E-17,0.));
#7691=DIRECTION('ref_axis',(0.,0.,-1.));
#7692=DIRECTION('',(6.93889390390723E-17,-1.,0.));
#7693=DIRECTION('',(0.,0.,1.));
#7694=DIRECTION('',(6.93889390390723E-17,-1.,0.));
#7695=DIRECTION('',(0.,0.,1.));
#7696=DIRECTION('center_axis',(0.999048221581858,-0.0436193873653361,0.));
#7697=DIRECTION('ref_axis',(0.,0.,-1.));
#7698=DIRECTION('',(-0.0436193873653361,-0.999048221581858,0.));
#7699=DIRECTION('',(0.,0.,1.));
#7700=DIRECTION('',(-0.0436193873653361,-0.999048221581858,0.));
#7701=DIRECTION('center_axis',(0.,0.,1.));
#7702=DIRECTION('ref_axis',(0.999048221581858,0.0436193873653362,0.));
#7703=DIRECTION('center_axis',(0.,0.,-1.));
#7704=DIRECTION('ref_axis',(0.999048221581858,0.0436193873653362,0.));
#7705=DIRECTION('',(0.,0.,1.));
#7706=DIRECTION('center_axis',(0.,0.,-1.));
#7707=DIRECTION('ref_axis',(0.999048221581858,0.0436193873653362,0.));
#7708=DIRECTION('center_axis',(-0.999048221581858,-0.0436193873653364,0.));
#7709=DIRECTION('ref_axis',(0.,0.,1.));
#7710=DIRECTION('',(-0.0436193873653364,0.999048221581858,0.));
#7711=DIRECTION('',(0.,0.,1.));
#7712=DIRECTION('',(-0.0436193873653364,0.999048221581858,0.));
#7713=DIRECTION('center_axis',(-1.,-2.08166817117217E-16,0.));
#7714=DIRECTION('ref_axis',(0.,0.,1.));
#7715=DIRECTION('',(-2.08166817117217E-16,1.,0.));
#7716=DIRECTION('',(0.,0.,1.));
#7717=DIRECTION('',(-2.08166817117217E-16,1.,0.));
#7718=DIRECTION('center_axis',(-1.22464679914735E-16,1.,0.));
#7719=DIRECTION('ref_axis',(0.,0.,1.));
#7720=DIRECTION('',(1.,1.22464679914735E-16,0.));
#7721=DIRECTION('',(1.,1.22464679914735E-16,0.));
#7722=DIRECTION('center_axis',(0.,0.,1.));
#7723=DIRECTION('ref_axis',(1.,0.,0.));
#7724=DIRECTION('center_axis',(0.,0.,1.));
#7725=DIRECTION('ref_axis',(1.,0.,0.));
#7726=DIRECTION('axis',(0.,0.,1.));
#7727=DIRECTION('refdir',(1.,0.,0.));
#7728=DIRECTION('center_axis',(1.,6.93889390390723E-17,0.));
#7729=DIRECTION('ref_axis',(0.,0.,-1.));
#7730=DIRECTION('',(6.93889390390723E-17,-1.,0.));
#7731=DIRECTION('',(0.,0.,1.));
#7732=DIRECTION('',(6.93889390390723E-17,-1.,0.));
#7733=DIRECTION('',(0.,0.,1.));
#7734=DIRECTION('center_axis',(0.999048221581858,-0.043619387365336,0.));
#7735=DIRECTION('ref_axis',(0.,0.,-1.));
#7736=DIRECTION('',(-0.043619387365336,-0.999048221581858,0.));
#7737=DIRECTION('',(0.,0.,1.));
#7738=DIRECTION('',(-0.043619387365336,-0.999048221581858,0.));
#7739=DIRECTION('center_axis',(0.,0.,1.));
#7740=DIRECTION('ref_axis',(0.999048221581858,0.0436193873653366,0.));
#7741=DIRECTION('center_axis',(0.,0.,-1.));
#7742=DIRECTION('ref_axis',(0.999048221581858,0.0436193873653366,0.));
#7743=DIRECTION('',(0.,0.,1.));
#7744=DIRECTION('center_axis',(0.,0.,-1.));
#7745=DIRECTION('ref_axis',(0.999048221581858,0.0436193873653366,0.));
#7746=DIRECTION('center_axis',(-0.999048221581858,-0.0436193873653363,0.));
#7747=DIRECTION('ref_axis',(0.,0.,1.));
#7748=DIRECTION('',(-0.0436193873653363,0.999048221581858,0.));
#7749=DIRECTION('',(0.,0.,1.));
#7750=DIRECTION('',(-0.0436193873653363,0.999048221581858,0.));
#7751=DIRECTION('center_axis',(-1.,-2.08166817117217E-16,0.));
#7752=DIRECTION('ref_axis',(0.,0.,1.));
#7753=DIRECTION('',(-2.08166817117217E-16,1.,0.));
#7754=DIRECTION('',(0.,0.,1.));
#7755=DIRECTION('',(-2.08166817117217E-16,1.,0.));
#7756=DIRECTION('center_axis',(-1.22464679914735E-16,1.,0.));
#7757=DIRECTION('ref_axis',(0.,0.,1.));
#7758=DIRECTION('',(1.,1.22464679914735E-16,0.));
#7759=DIRECTION('',(1.,1.22464679914735E-16,0.));
#7760=DIRECTION('center_axis',(0.,0.,1.));
#7761=DIRECTION('ref_axis',(1.,0.,0.));
#7762=DIRECTION('center_axis',(0.,0.,1.));
#7763=DIRECTION('ref_axis',(1.,0.,0.));
#7764=DIRECTION('axis',(0.,0.,1.));
#7765=DIRECTION('refdir',(1.,0.,0.));
#7766=DIRECTION('center_axis',(1.,5.20417042793042E-17,0.));
#7767=DIRECTION('ref_axis',(0.,0.,-1.));
#7768=DIRECTION('',(5.20417042793042E-17,-1.,0.));
#7769=DIRECTION('',(0.,0.,1.));
#7770=DIRECTION('',(5.20417042793042E-17,-1.,0.));
#7771=DIRECTION('',(0.,0.,1.));
#7772=DIRECTION('center_axis',(0.999847695156391,-0.0174524064372829,0.));
#7773=DIRECTION('ref_axis',(0.,0.,-1.));
#7774=DIRECTION('',(-0.0174524064372829,-0.999847695156391,0.));
#7775=DIRECTION('',(0.,0.,1.));
#7776=DIRECTION('',(-0.0174524064372829,-0.999847695156391,0.));
#7777=DIRECTION('center_axis',(0.,0.,1.));
#7778=DIRECTION('ref_axis',(0.999847695156391,0.0174524064372856,0.));
#7779=DIRECTION('center_axis',(0.,0.,-1.));
#7780=DIRECTION('ref_axis',(0.999847695156391,0.0174524064372856,0.));
#7781=DIRECTION('',(0.,0.,1.));
#7782=DIRECTION('center_axis',(0.,0.,-1.));
#7783=DIRECTION('ref_axis',(0.999847695156391,0.0174524064372856,0.));
#7784=DIRECTION('center_axis',(-0.999847695156391,-0.0174524064372831,0.));
#7785=DIRECTION('ref_axis',(0.,0.,1.));
#7786=DIRECTION('',(-0.0174524064372831,0.999847695156391,0.));
#7787=DIRECTION('',(0.,0.,1.));
#7788=DIRECTION('',(-0.0174524064372831,0.999847695156391,0.));
#7789=DIRECTION('center_axis',(-1.,-1.90819582357449E-16,0.));
#7790=DIRECTION('ref_axis',(0.,0.,1.));
#7791=DIRECTION('',(-1.90819582357449E-16,1.,0.));
#7792=DIRECTION('',(0.,0.,1.));
#7793=DIRECTION('',(-1.90819582357449E-16,1.,0.));
#7794=DIRECTION('center_axis',(-1.22464679914735E-16,1.,0.));
#7795=DIRECTION('ref_axis',(0.,0.,1.));
#7796=DIRECTION('',(1.,1.22464679914735E-16,0.));
#7797=DIRECTION('',(1.,1.22464679914735E-16,0.));
#7798=DIRECTION('center_axis',(0.,0.,1.));
#7799=DIRECTION('ref_axis',(1.,0.,0.));
#7800=DIRECTION('center_axis',(0.,0.,1.));
#7801=DIRECTION('ref_axis',(1.,0.,0.));
#7802=DIRECTION('',(0.,0.,1.));
#7803=DIRECTION('',(1.,0.,0.));
#7804=DIRECTION('',(-1.,0.,0.));
#7805=DIRECTION('',(0.,-1.22464679914735E-16,1.));
#7806=DIRECTION('',(-1.,0.,0.));
#7807=DIRECTION('',(0.,-1.22464679914735E-16,1.));
#7808=DIRECTION('',(-1.,0.,0.));
#7809=DIRECTION('',(0.,-6.93889390390723E-17,1.));
#7810=DIRECTION('',(-1.,0.,0.));
#7811=DIRECTION('',(0.,-1.22464679914735E-16,1.));
#7812=DIRECTION('',(1.,0.,-3.17206578464329E-15));
#7813=DIRECTION('',(-3.17206578464329E-15,-1.22464679914735E-16,-1.));
#7814=CARTESIAN_POINT('',(0.,0.,0.));
#7815=CARTESIAN_POINT('',(0.,0.,0.));
#7816=CARTESIAN_POINT('Origin',(-4.97804555427071,13.65,-3.685));
#7817=CARTESIAN_POINT('',(-5.06185959479156,13.15,-3.63045454545454));
#7818=CARTESIAN_POINT('',(-5.06185959479156,13.45,-3.63045454545454));
#7819=CARTESIAN_POINT('',(-5.06185959479156,13.65,-3.63045454545454));
#7820=CARTESIAN_POINT('',(-4.97804555427071,13.45,-3.785));
#7821=CARTESIAN_POINT('Origin',(-4.97804555427071,13.45,-3.685));
#7822=CARTESIAN_POINT('',(-4.97804555427071,13.05,-3.785));
#7823=CARTESIAN_POINT('',(-4.97804555427071,13.65,-3.785));
#7824=CARTESIAN_POINT('',(-5.07804555427071,13.15,-3.685));
#7825=CARTESIAN_POINT('Origin',(-4.97804555427071,13.05,-3.685));
#7826=CARTESIAN_POINT('Origin',(-4.97804555427071,13.15,-3.685));
#7827=CARTESIAN_POINT('Origin',(0.624999999999999,13.05,-3.685));
#7828=CARTESIAN_POINT('',(-6.72195444572929,13.15,-3.685));
#7829=CARTESIAN_POINT('',(0.624999999999999,13.15,-3.685));
#7830=CARTESIAN_POINT('',(-6.82195444572929,13.05,-3.785));
#7831=CARTESIAN_POINT('',(0.624999999999999,13.05,-3.785));
#7832=CARTESIAN_POINT('Origin',(-6.82195444572929,13.05,-3.685));
#7833=CARTESIAN_POINT('Ctrl Pts',(-5.06185959479156,13.45,-3.63045454545454));
#7834=CARTESIAN_POINT('Ctrl Pts',(-5.06185959479156,13.4620817637319,-3.63045454545454));
#7835=CARTESIAN_POINT('Ctrl Pts',(-5.05872653823841,13.4902785159224,-3.62564177794078));
#7836=CARTESIAN_POINT('Ctrl Pts',(-5.04085643569371,13.535169394153,-3.59751597657669));
#7837=CARTESIAN_POINT('Ctrl Pts',(-5.02092554065845,13.5499999999997,-3.56237290296009));
#7838=CARTESIAN_POINT('Ctrl Pts',(-5.00927645717039,13.55,-3.53954545454669));
#7839=CARTESIAN_POINT('Ctrl Pts',(-5.07301662165925,13.45,-3.64759832965753));
#7840=CARTESIAN_POINT('Ctrl Pts',(-5.07301662165925,13.4650360345451,-3.64759832965753));
#7841=CARTESIAN_POINT('Ctrl Pts',(-5.06863738517647,13.5000962406542,-3.6410914745249));
#7842=CARTESIAN_POINT('Ctrl Pts',(-5.045560513297,13.5517545002491,-3.6057855516621));
#7843=CARTESIAN_POINT('Ctrl Pts',(-5.02245424052158,13.5660502034234,-3.56535076572508));
#7844=CARTESIAN_POINT('Ctrl Pts',(-5.00927645717047,13.5649599650172,-3.53954545454685));
#7845=CARTESIAN_POINT('Ctrl Pts',(-5.08293502852453,13.45,-3.68370423932277));
#7846=CARTESIAN_POINT('Ctrl Pts',(-5.08293502852453,13.4701739570501,-3.68370423932277));
#7847=CARTESIAN_POINT('Ctrl Pts',(-5.07669630688603,13.5171791226332,-3.67395604907257));
#7848=CARTESIAN_POINT('Ctrl Pts',(-5.04635633261899,13.5806712982057,-3.62465142755503));
#7849=CARTESIAN_POINT('Ctrl Pts',(-5.01904579967607,13.5940927784426,-3.57382865998785));
#7850=CARTESIAN_POINT('Ctrl Pts',(-5.00393737671663,13.5911122682526,-3.54227004263213));
#7851=CARTESIAN_POINT('Ctrl Pts',(-5.06774378818156,13.45,-3.73950564405671));
#7852=CARTESIAN_POINT('Ctrl Pts',(-5.06774378818156,13.4757180886033,-3.73950564405671));
#7853=CARTESIAN_POINT('Ctrl Pts',(-5.06069395139603,13.5356396329604,-3.72618538220074));
#7854=CARTESIAN_POINT('Ctrl Pts',(-5.02728175081148,13.6146905895217,-3.65977558810292));
#7855=CARTESIAN_POINT('Ctrl Pts',(-4.99832086947278,13.6296125442116,-3.59364893610808));
#7856=CARTESIAN_POINT('Ctrl Pts',(-4.98243489864643,13.625166015403,-3.55324298002375));
#7857=CARTESIAN_POINT('Ctrl Pts',(-5.02924089158573,13.45,-3.77667065381096));
#7858=CARTESIAN_POINT('Ctrl Pts',(-5.02924089158573,13.4771863713554,-3.77667065381096));
#7859=CARTESIAN_POINT('Ctrl Pts',(-5.02343200601729,13.5405680876514,-3.76287925550717));
#7860=CARTESIAN_POINT('Ctrl Pts',(-4.99480174862699,13.6290000018805,-3.6909830284988));
#7861=CARTESIAN_POINT('Ctrl Pts',(-4.96833270236646,13.6491969259792,-3.61501227996949));
#7862=CARTESIAN_POINT('Ctrl Pts',(-4.95352902978092,13.6455718799758,-3.56799394445998));
#7863=CARTESIAN_POINT('Ctrl Pts',(-4.99338646621379,13.45,-3.785));
#7864=CARTESIAN_POINT('Ctrl Pts',(-4.99338646621379,13.4753595665597,-3.785));
#7865=CARTESIAN_POINT('Ctrl Pts',(-4.9892251256148,13.5345320104906,-3.77320988951262));
#7866=CARTESIAN_POINT('Ctrl Pts',(-4.96691173166132,13.6246275921389,-3.70722575372009));
#7867=CARTESIAN_POINT('Ctrl Pts',(-4.94360335691821,13.6512750532935,-3.62949224723508));
#7868=CARTESIAN_POINT('Ctrl Pts',(-4.93019799766794,13.6500000000001,-3.57990001192868));
#7869=CARTESIAN_POINT('Ctrl Pts',(-4.97804555427071,13.45,-3.785));
#7870=CARTESIAN_POINT('Ctrl Pts',(-4.97804555427071,13.4741635274638,-3.785));
#7871=CARTESIAN_POINT('Ctrl Pts',(-4.97459919206225,13.5305570318448,-3.77441191146971));
#7872=CARTESIAN_POINT('Ctrl Pts',(-4.95494207926308,13.620338788306,-3.71253514846872));
#7873=CARTESIAN_POINT('Ctrl Pts',(-4.9330180947243,13.6499999999993,-3.6352203865122));
#7874=CARTESIAN_POINT('Ctrl Pts',(-4.92020410288743,13.65,-3.58500000000272));
#7875=CARTESIAN_POINT('',(-5.00927645717039,13.55,-3.53954545454669));
#7876=CARTESIAN_POINT('',(-4.92020410288743,13.65,-3.58500000000136));
#7877=CARTESIAN_POINT('Origin',(-4.92020410288743,13.55,-3.58500000000136));
#7878=CARTESIAN_POINT('Ctrl Pts',(-4.92020410288743,13.65,-3.58500000000272));
#7879=CARTESIAN_POINT('Ctrl Pts',(-4.9330180947243,13.6499999999993,-3.6352203865122));
#7880=CARTESIAN_POINT('Ctrl Pts',(-4.95494207926308,13.620338788306,-3.71253514846872));
#7881=CARTESIAN_POINT('Ctrl Pts',(-4.97459919206225,13.5305570318448,-3.77441191146971));
#7882=CARTESIAN_POINT('Ctrl Pts',(-4.97804555427071,13.4741635274638,-3.785));
#7883=CARTESIAN_POINT('Ctrl Pts',(-4.97804555427071,13.45,-3.785));
#7884=CARTESIAN_POINT('Ctrl Pts',(-5.06185959479156,13.45,-3.63045454545454));
#7885=CARTESIAN_POINT('Ctrl Pts',(-5.06185959479156,13.4620817637319,-3.63045454545454));
#7886=CARTESIAN_POINT('Ctrl Pts',(-5.05872653823841,13.4902785159224,-3.62564177794078));
#7887=CARTESIAN_POINT('Ctrl Pts',(-5.04085643569371,13.535169394153,-3.59751597657669));
#7888=CARTESIAN_POINT('Ctrl Pts',(-5.02092554065845,13.5499999999997,-3.56237290296009));
#7889=CARTESIAN_POINT('Ctrl Pts',(-5.00927645717039,13.55,-3.53954545454669));
#7890=CARTESIAN_POINT('Origin',(-5.9,13.55,-3.085));
#7891=CARTESIAN_POINT('',(-6.95,13.65,-3.4128719262151));
#7892=CARTESIAN_POINT('',(-6.95,13.65,-2.75712807378489));
#7893=CARTESIAN_POINT('Ctrl Pts',(-6.95,13.65,-3.4128719262151));
#7894=CARTESIAN_POINT('Ctrl Pts',(-6.95031368014713,13.65,-3.41112322495792));
#7895=CARTESIAN_POINT('Ctrl Pts',(-6.95062489136346,13.6499992620774,-3.40937407231266));
#7896=CARTESIAN_POINT('Ctrl Pts',(-6.96957894171442,13.6499107808998,-3.3019635296145));
#7897=CARTESIAN_POINT('Ctrl Pts',(-6.9793223563717,13.6478388218142,-3.19472222472588));
#7898=CARTESIAN_POINT('Ctrl Pts',(-6.9793223563717,13.6478388218142,-2.97527777527451));
#7899=CARTESIAN_POINT('Ctrl Pts',(-6.96957894171449,13.6499107808998,-2.86803647038591));
#7900=CARTESIAN_POINT('Ctrl Pts',(-6.95062489136349,13.6499992620774,-2.76062592768752));
#7901=CARTESIAN_POINT('Ctrl Pts',(-6.9503136801471,13.65,-2.7588767750419));
#7902=CARTESIAN_POINT('Ctrl Pts',(-6.95,13.65,-2.7571280737849));
#7903=CARTESIAN_POINT('Origin',(-5.9,13.65,-3.085));
#7904=CARTESIAN_POINT('',(-6.79072354283025,13.55,-3.53954545454545));
#7905=CARTESIAN_POINT('Origin',(-5.9,13.55,-3.085));
#7906=CARTESIAN_POINT('',(-6.87979589711327,13.65,-3.585));
#7907=CARTESIAN_POINT('Origin',(-6.87979589711327,13.55,-3.585));
#7908=CARTESIAN_POINT('Origin',(-5.9,13.65,-3.085));
#7909=CARTESIAN_POINT('Ctrl Pts',(-6.79072354283025,13.55,-3.53954545454545));
#7910=CARTESIAN_POINT('Ctrl Pts',(-6.77907437630986,13.55,-3.56237306566839));
#7911=CARTESIAN_POINT('Ctrl Pts',(-6.75914145913128,13.5351639116995,-3.59751936341285));
#7912=CARTESIAN_POINT('Ctrl Pts',(-6.74127427679526,13.4902774007108,-3.62564033352927));
#7913=CARTESIAN_POINT('Ctrl Pts',(-6.73814040520845,13.4620818498483,-3.63045454545454));
#7914=CARTESIAN_POINT('Ctrl Pts',(-6.73814040520845,13.45,-3.63045454545454));
#7915=CARTESIAN_POINT('Ctrl Pts',(-6.79072354283025,13.5649599650171,-3.53954545454545));
#7916=CARTESIAN_POINT('Ctrl Pts',(-6.77754566555056,13.5660502111947,-3.56535094965881));
#7917=CARTESIAN_POINT('Ctrl Pts',(-6.7544368351571,13.5517481497998,-3.60578971023167));
#7918=CARTESIAN_POINT('Ctrl Pts',(-6.73136355098722,13.5000946494026,-3.64108982603717));
#7919=CARTESIAN_POINT('Ctrl Pts',(-6.72698337834075,13.465036141719,-3.64759832965753));
#7920=CARTESIAN_POINT('Ctrl Pts',(-6.72698337834075,13.45,-3.64759832965753));
#7921=CARTESIAN_POINT('Ctrl Pts',(-6.79606290438054,13.5911121673054,-3.54227018607679));
#7922=CARTESIAN_POINT('Ctrl Pts',(-6.78095437373134,13.5940926987403,-3.57382902837605));
#7923=CARTESIAN_POINT('Ctrl Pts',(-6.75364103425595,13.5806633944325,-3.6246572944641));
#7924=CARTESIAN_POINT('Ctrl Pts',(-6.72330556884194,13.5171766715107,-3.67395419918486));
#7925=CARTESIAN_POINT('Ctrl Pts',(-6.71706599759819,13.4701741008461,-3.68370446797045));
#7926=CARTESIAN_POINT('Ctrl Pts',(-6.71706599759819,13.45,-3.68370446797045));
#7927=CARTESIAN_POINT('Ctrl Pts',(-6.81756520732997,13.6251659933756,-3.55324303410197));
#7928=CARTESIAN_POINT('Ctrl Pts',(-6.80167912327165,13.6296125538788,-3.59364927819188));
#7929=CARTESIAN_POINT('Ctrl Pts',(-6.77271479547646,13.6146807726555,-3.65978329490085));
#7930=CARTESIAN_POINT('Ctrl Pts',(-6.73930746920931,13.5356364382535,-3.72618285290468));
#7931=CARTESIAN_POINT('Ctrl Pts',(-6.73225656248181,13.4757182719167,-3.73950581289132));
#7932=CARTESIAN_POINT('Ctrl Pts',(-6.73225656248181,13.45,-3.73950581289132));
#7933=CARTESIAN_POINT('Ctrl Pts',(-6.84647100810556,13.6455718956843,-3.56799396379087));
#7934=CARTESIAN_POINT('Ctrl Pts',(-6.83166723000245,13.649196967527,-3.61501263443771));
#7935=CARTESIAN_POINT('Ctrl Pts',(-6.80519504365107,13.6289891069762,-3.69099149826407));
#7936=CARTESIAN_POINT('Ctrl Pts',(-6.77656907591821,13.5405649455044,-3.76287633420519));
#7937=CARTESIAN_POINT('Ctrl Pts',(-6.7707591243299,13.4771865651344,-3.77667087922169));
#7938=CARTESIAN_POINT('Ctrl Pts',(-6.7707591243299,13.45,-3.77667087922168));
#7939=CARTESIAN_POINT('Ctrl Pts',(-6.86980200233279,13.65,-3.57990001192598));
#7940=CARTESIAN_POINT('Ctrl Pts',(-6.85639654753183,13.6512750623825,-3.629492600716));
#7941=CARTESIAN_POINT('Ctrl Pts',(-6.83308568117644,13.6246165596154,-3.70723358337541));
#7942=CARTESIAN_POINT('Ctrl Pts',(-6.81077581918696,13.5345294525751,-3.77320670989505));
#7943=CARTESIAN_POINT('Ctrl Pts',(-6.80661353378621,13.4753597473177,-3.785));
#7944=CARTESIAN_POINT('Ctrl Pts',(-6.80661353378621,13.45,-3.785));
#7945=CARTESIAN_POINT('Ctrl Pts',(-6.87979589711328,13.65,-3.58499999999999));
#7946=CARTESIAN_POINT('Ctrl Pts',(-6.86698181394084,13.65,-3.63522074447046));
#7947=CARTESIAN_POINT('Ctrl Pts',(-6.8450556050444,13.6203278233991,-3.71254259950826));
#7948=CARTESIAN_POINT('Ctrl Pts',(-6.82540170447479,13.5305548014216,-3.77440873376441));
#7949=CARTESIAN_POINT('Ctrl Pts',(-6.82195444572929,13.4741636996966,-3.785));
#7950=CARTESIAN_POINT('Ctrl Pts',(-6.82195444572929,13.45,-3.785));
#7951=CARTESIAN_POINT('',(-6.73814040520845,13.45,-3.63045454545454));
#7952=CARTESIAN_POINT('',(-6.82195444572929,13.45,-3.785));
#7953=CARTESIAN_POINT('Origin',(-6.82195444572929,13.45,-3.685));
#7954=CARTESIAN_POINT('Ctrl Pts',(-6.82195444572929,13.45,-3.785));
#7955=CARTESIAN_POINT('Ctrl Pts',(-6.82195444572929,13.4741636996966,-3.785));
#7956=CARTESIAN_POINT('Ctrl Pts',(-6.82540170447479,13.5305548014216,-3.77440873376441));
#7957=CARTESIAN_POINT('Ctrl Pts',(-6.8450556050444,13.6203278233991,-3.71254259950826));
#7958=CARTESIAN_POINT('Ctrl Pts',(-6.86698181394084,13.65,-3.63522074447046));
#7959=CARTESIAN_POINT('Ctrl Pts',(-6.87979589711328,13.65,-3.58499999999999));
#7960=CARTESIAN_POINT('Ctrl Pts',(-6.79072354283025,13.55,-3.53954545454545));
#7961=CARTESIAN_POINT('Ctrl Pts',(-6.77907437630986,13.55,-3.56237306566839));
#7962=CARTESIAN_POINT('Ctrl Pts',(-6.75914145913128,13.5351639116995,-3.59751936341285));
#7963=CARTESIAN_POINT('Ctrl Pts',(-6.74127427679526,13.4902774007108,-3.62564033352927));
#7964=CARTESIAN_POINT('Ctrl Pts',(-6.73814040520845,13.4620818498483,-3.63045454545454));
#7965=CARTESIAN_POINT('Ctrl Pts',(-6.73814040520845,13.45,-3.63045454545454));
#7966=CARTESIAN_POINT('Origin',(-6.82195444572929,13.65,-3.685));
#7967=CARTESIAN_POINT('',(-6.82195444572929,13.65,-3.785));
#7968=CARTESIAN_POINT('',(-6.73814040520845,13.15,-3.63045454545454));
#7969=CARTESIAN_POINT('',(-6.73814040520845,13.65,-3.63045454545454));
#7970=CARTESIAN_POINT('Origin',(-6.82195444572929,13.15,-3.685));
#7971=CARTESIAN_POINT('Origin',(-5.9,13.65,-3.085));
#7972=CARTESIAN_POINT('Origin',(-5.9,13.15,-3.085));
#7973=CARTESIAN_POINT('Origin',(3.575,13.45,-3.585));
#7974=CARTESIAN_POINT('',(6.95,13.65,-3.585));
#7975=CARTESIAN_POINT('',(3.575,13.65,-3.585));
#7976=CARTESIAN_POINT('',(6.95,13.45,-3.785));
#7977=CARTESIAN_POINT('Origin',(6.95,13.45,-3.585));
#7978=CARTESIAN_POINT('',(3.575,13.45,-3.785));
#7979=CARTESIAN_POINT('Origin',(-6.95,13.45,-1.8925));
#7980=CARTESIAN_POINT('',(-6.95,13.65,-3.585));
#7981=CARTESIAN_POINT('',(-6.95,13.65,-1.8925));
#7982=CARTESIAN_POINT('',(-7.15,13.45,-3.585));
#7983=CARTESIAN_POINT('Origin',(-6.95,13.45,-3.585));
#7984=CARTESIAN_POINT('',(-7.15,13.45,1.915));
#7985=CARTESIAN_POINT('',(-7.15,13.45,-1.8925));
#7986=CARTESIAN_POINT('',(-6.95,13.65,1.915));
#7987=CARTESIAN_POINT('Origin',(-6.95,13.45,1.915));
#7988=CARTESIAN_POINT('',(-6.95,13.65,-1.8925));
#7989=CARTESIAN_POINT('Origin',(1.11022302462516E-15,13.65,0.));
#7990=CARTESIAN_POINT('',(3.575,13.65,-3.585));
#7991=CARTESIAN_POINT('Origin',(1.11022302462516E-15,13.65,0.));
#7992=CARTESIAN_POINT('',(-4.65,13.65,1.915));
#7993=CARTESIAN_POINT('',(-3.575,13.65,1.915));
#7994=CARTESIAN_POINT('',(-4.35,13.65,2.215));
#7995=CARTESIAN_POINT('Origin',(-4.65,13.65,2.215));
#7996=CARTESIAN_POINT('',(-4.35,13.65,3.585));
#7997=CARTESIAN_POINT('',(-4.35,13.65,1.0075));
#7998=CARTESIAN_POINT('',(6.95,13.65,3.585));
#7999=CARTESIAN_POINT('',(-3.575,13.65,3.585));
#8000=CARTESIAN_POINT('',(6.95,13.65,1.8925));
#8001=CARTESIAN_POINT('Origin',(-7.05,6.825,1.915));
#8002=CARTESIAN_POINT('',(-7.05,13.15,2.015));
#8003=CARTESIAN_POINT('',(-7.05,13.45,2.015));
#8004=CARTESIAN_POINT('',(-7.05,6.825,2.015));
#8005=CARTESIAN_POINT('Origin',(-7.05,13.45,1.915));
#8006=CARTESIAN_POINT('',(-7.15,13.05,1.915));
#8007=CARTESIAN_POINT('',(-7.15,6.825,1.915));
#8008=CARTESIAN_POINT('Origin',(-7.05,13.05,1.915));
#8009=CARTESIAN_POINT('Origin',(-6.475,13.05,3.685));
#8010=CARTESIAN_POINT('',(-4.45,13.15,3.685));
#8011=CARTESIAN_POINT('',(-6.95,13.15,3.685));
#8012=CARTESIAN_POINT('',(-6.475,13.15,3.685));
#8013=CARTESIAN_POINT('',(-6.95,13.05,3.785));
#8014=CARTESIAN_POINT('Origin',(-6.95,13.05,3.685));
#8015=CARTESIAN_POINT('',(-4.35,13.05,3.785));
#8016=CARTESIAN_POINT('',(-6.475,13.05,3.785));
#8017=CARTESIAN_POINT('Origin',(-4.35,13.05,3.685));
#8018=CARTESIAN_POINT('Ctrl Pts',(-6.95,13.15,3.685));
#8019=CARTESIAN_POINT('Ctrl Pts',(-7.05,13.15,3.685));
#8020=CARTESIAN_POINT('Ctrl Pts',(-7.05,13.15,3.585));
#8021=CARTESIAN_POINT('Ctrl Pts',(-6.95,13.15,3.785));
#8022=CARTESIAN_POINT('Ctrl Pts',(-7.15,13.15,3.785));
#8023=CARTESIAN_POINT('Ctrl Pts',(-7.15,13.15,3.585));
#8024=CARTESIAN_POINT('Ctrl Pts',(-6.95,13.05,3.785));
#8025=CARTESIAN_POINT('Ctrl Pts',(-7.15,13.05,3.785));
#8026=CARTESIAN_POINT('Ctrl Pts',(-7.15,13.05,3.585));
#8027=CARTESIAN_POINT('',(-7.05,13.15,3.585));
#8028=CARTESIAN_POINT('',(-7.15,13.05,3.585));
#8029=CARTESIAN_POINT('Origin',(-7.05,13.05,3.585));
#8030=CARTESIAN_POINT('Origin',(-6.95,13.05,3.585));
#8031=CARTESIAN_POINT('Origin',(-6.95,13.15,3.585));
#8032=CARTESIAN_POINT('Origin',(-7.05,13.05,-0.442499999999999));
#8033=CARTESIAN_POINT('',(-7.15,13.05,-0.442499999999999));
#8034=CARTESIAN_POINT('',(-7.05,13.15,-0.442499999999999));
#8035=CARTESIAN_POINT('Ctrl Pts',(-7.05,13.45,2.015));
#8036=CARTESIAN_POINT('Ctrl Pts',(-7.05,13.55,2.015));
#8037=CARTESIAN_POINT('Ctrl Pts',(-6.95,13.55,2.015));
#8038=CARTESIAN_POINT('Ctrl Pts',(-7.15,13.45,2.015));
#8039=CARTESIAN_POINT('Ctrl Pts',(-7.15,13.65,2.015));
#8040=CARTESIAN_POINT('Ctrl Pts',(-6.95,13.65,2.015));
#8041=CARTESIAN_POINT('Ctrl Pts',(-7.15,13.45,1.915));
#8042=CARTESIAN_POINT('Ctrl Pts',(-7.15,13.65,1.915));
#8043=CARTESIAN_POINT('Ctrl Pts',(-6.95,13.65,1.915));
#8044=CARTESIAN_POINT('',(-6.95,13.55,2.015));
#8045=CARTESIAN_POINT('Origin',(-6.95,13.55,1.915));
#8046=CARTESIAN_POINT('Origin',(-6.95,13.45,2.015));
#8047=CARTESIAN_POINT('Origin',(-3.575,13.55,1.915));
#8048=CARTESIAN_POINT('',(-4.65,13.55,2.015));
#8049=CARTESIAN_POINT('Origin',(-4.65,13.55,1.915));
#8050=CARTESIAN_POINT('',(-3.575,13.55,2.015));
#8051=CARTESIAN_POINT('Origin',(-4.65,13.55,2.215));
#8052=CARTESIAN_POINT('',(-4.45,13.55,2.215));
#8053=CARTESIAN_POINT('Origin',(-4.35,13.55,2.215));
#8054=CARTESIAN_POINT('Origin',(-4.65,13.55,2.215));
#8055=CARTESIAN_POINT('Origin',(-4.35,13.55,1.0075));
#8056=CARTESIAN_POINT('',(-4.45,13.55,3.585));
#8057=CARTESIAN_POINT('Origin',(-4.35,13.55,3.585));
#8058=CARTESIAN_POINT('',(-4.45,13.55,1.0075));
#8059=CARTESIAN_POINT('Ctrl Pts',(-4.45,13.55,3.585));
#8060=CARTESIAN_POINT('Ctrl Pts',(-4.45,13.55,3.685));
#8061=CARTESIAN_POINT('Ctrl Pts',(-4.45,13.45,3.685));
#8062=CARTESIAN_POINT('Ctrl Pts',(-4.45,13.65,3.585));
#8063=CARTESIAN_POINT('Ctrl Pts',(-4.45,13.65,3.785));
#8064=CARTESIAN_POINT('Ctrl Pts',(-4.45,13.45,3.785));
#8065=CARTESIAN_POINT('Ctrl Pts',(-4.35,13.65,3.585));
#8066=CARTESIAN_POINT('Ctrl Pts',(-4.35,13.65,3.785));
#8067=CARTESIAN_POINT('Ctrl Pts',(-4.35,13.45,3.785));
#8068=CARTESIAN_POINT('',(-4.45,13.45,3.685));
#8069=CARTESIAN_POINT('',(-4.35,13.45,3.785));
#8070=CARTESIAN_POINT('Origin',(-4.35,13.45,3.685));
#8071=CARTESIAN_POINT('Origin',(-4.35,13.45,3.585));
#8072=CARTESIAN_POINT('Origin',(-4.45,13.45,3.585));
#8073=CARTESIAN_POINT('Origin',(-4.35,6.825,3.685));
#8074=CARTESIAN_POINT('',(-4.35,6.825,3.785));
#8075=CARTESIAN_POINT('',(-4.45,6.825,3.685));
#8076=CARTESIAN_POINT('Origin',(-7.15,13.65,2.015));
#8077=CARTESIAN_POINT('',(-4.65,13.15,2.015));
#8078=CARTESIAN_POINT('',(-4.45,13.15,2.015));
#8079=CARTESIAN_POINT('',(-4.65,13.65,2.015));
#8080=CARTESIAN_POINT('Origin',(-5.8,13.15,2.9));
#8081=CARTESIAN_POINT('',(-4.45,13.15,2.215));
#8082=CARTESIAN_POINT('',(-4.45,13.15,3.785));
#8083=CARTESIAN_POINT('Origin',(-4.65,13.15,2.215));
#8084=CARTESIAN_POINT('',(-5.8,13.15,3.4));
#8085=CARTESIAN_POINT('Origin',(-5.8,13.15,2.9));
#8086=CARTESIAN_POINT('Origin',(-3.575,13.45,3.585));
#8087=CARTESIAN_POINT('',(6.95,13.45,3.785));
#8088=CARTESIAN_POINT('',(-3.575,13.45,3.785));
#8089=CARTESIAN_POINT('Origin',(6.95,13.45,3.585));
#8090=CARTESIAN_POINT('Origin',(-7.15,0.,3.785));
#8091=CARTESIAN_POINT('',(-6.95,0.,3.785));
#8092=CARTESIAN_POINT('',(-6.95,0.,3.785));
#8093=CARTESIAN_POINT('',(-5.15,0.,3.785));
#8094=CARTESIAN_POINT('',(-7.15,0.,3.785));
#8095=CARTESIAN_POINT('',(-5.15,-0.2,3.785));
#8096=CARTESIAN_POINT('',(-5.15,0.,3.785));
#8097=CARTESIAN_POINT('',(-3.65,-0.2,3.785));
#8098=CARTESIAN_POINT('',(-5.15,-0.2,3.785));
#8099=CARTESIAN_POINT('',(-3.65,0.,3.785));
#8100=CARTESIAN_POINT('',(-3.65,0.,3.785));
#8101=CARTESIAN_POINT('',(3.65,0.,3.785));
#8102=CARTESIAN_POINT('',(-7.15,0.,3.785));
#8103=CARTESIAN_POINT('',(3.65,-0.2,3.785));
#8104=CARTESIAN_POINT('',(3.65,0.,3.785));
#8105=CARTESIAN_POINT('',(5.15,-0.2,3.785));
#8106=CARTESIAN_POINT('',(3.65,-0.2,3.785));
#8107=CARTESIAN_POINT('',(5.15,0.,3.785));
#8108=CARTESIAN_POINT('',(5.15,0.,3.785));
#8109=CARTESIAN_POINT('',(6.95,0.,3.785));
#8110=CARTESIAN_POINT('',(-7.15,0.,3.785));
#8111=CARTESIAN_POINT('',(6.95,0.,3.785));
#8112=CARTESIAN_POINT('',(5.87112381282926,3.02865289100461,3.785));
#8113=CARTESIAN_POINT('',(6.02508722975764,3.02865289100461,3.785));
#8114=CARTESIAN_POINT('',(-0.639438093585371,3.02865289100461,3.785));
#8115=CARTESIAN_POINT('',(5.62569697990382,2.45243337022315,3.785));
#8116=CARTESIAN_POINT('',(3.17833324089325,-1.07849599369288,3.785));
#8117=CARTESIAN_POINT('',(5.62569697990382,2.02865287610345,3.785));
#8118=CARTESIAN_POINT('',(5.62569697990382,1.22621668511157,3.785));
#8119=CARTESIAN_POINT('',(5.49307502670809,2.02865287610345,3.785));
#8120=CARTESIAN_POINT('',(-0.76215151004809,2.02865287610345,3.785));
#8121=CARTESIAN_POINT('',(5.49307502670809,2.45243337022315,3.785));
#8122=CARTESIAN_POINT('',(5.49307502670809,1.01432643805172,3.785));
#8123=CARTESIAN_POINT('',(5.10740428925383,3.02865289100461,3.785));
#8124=CARTESIAN_POINT('',(4.10410928969274,4.52764700102079,3.785));
#8125=CARTESIAN_POINT('',(5.26822746238199,3.02865289100461,3.785));
#8126=CARTESIAN_POINT('',(-1.02129785537309,3.02865289100461,3.785));
#8127=CARTESIAN_POINT('',(5.46563600190897,2.72682361821432,3.785));
#8128=CARTESIAN_POINT('',(4.10162772837247,4.81233433759829,3.785));
#8129=CARTESIAN_POINT('',(5.56777014977235,2.55761629861977,3.785));
#8130=CARTESIAN_POINT('Ctrl Pts',(5.46563600190897,2.72682361821432,3.785));
#8131=CARTESIAN_POINT('Ctrl Pts',(5.52127624664051,2.64298215355035,3.785));
#8132=CARTESIAN_POINT('Ctrl Pts',(5.56777014977235,2.55761629861976,3.785));
#8133=CARTESIAN_POINT('',(5.67676405383551,2.73444556954741,3.785));
#8134=CARTESIAN_POINT('Ctrl Pts',(5.56777014977235,2.55761629861976,3.785));
#8135=CARTESIAN_POINT('Ctrl Pts',(5.61273966263757,2.63612239735057,3.785));
#8136=CARTESIAN_POINT('Ctrl Pts',(5.67676405383551,2.73444556954741,3.785));
#8137=CARTESIAN_POINT('',(3.09941928390356,-1.16694690572211,3.785));
#8138=CARTESIAN_POINT('',(-5.18445745097537,6.09604680059637,3.785));
#8139=CARTESIAN_POINT('',(-4.90569296805698,6.47442518461303,3.785));
#8140=CARTESIAN_POINT('Ctrl Pts',(-5.18445745097537,6.09604680059637,3.78500000000001));
#8141=CARTESIAN_POINT('Ctrl Pts',(-5.18445745097537,6.28369159103729,3.78500000000001));
#8142=CARTESIAN_POINT('Ctrl Pts',(-5.02692849109905,6.47442518461303,3.78500000000001));
#8143=CARTESIAN_POINT('Ctrl Pts',(-4.90569296805698,6.47442518461303,3.78500000000001));
#8144=CARTESIAN_POINT('',(-4.6277006859223,6.10299660764974,3.785));
#8145=CARTESIAN_POINT('Ctrl Pts',(-4.90569296805698,6.47442518461303,3.78500000000001));
#8146=CARTESIAN_POINT('Ctrl Pts',(-4.78754624814974,6.47442518461303,3.78500000000001));
#8147=CARTESIAN_POINT('Ctrl Pts',(-4.6277006859223,6.28369159103729,3.78500000000001));
#8148=CARTESIAN_POINT('Ctrl Pts',(-4.6277006859223,6.10299660764974,3.78500000000001));
#8149=CARTESIAN_POINT('',(-4.90569296805698,5.71689621579601,3.785));
#8150=CARTESIAN_POINT('Ctrl Pts',(-4.6277006859223,6.10299660764974,3.78500000000001));
#8151=CARTESIAN_POINT('Ctrl Pts',(-4.6277006859223,5.90762980937175,3.78500000000001));
#8152=CARTESIAN_POINT('Ctrl Pts',(-4.78445744501491,5.71689621579601,3.78500000000001));
#8153=CARTESIAN_POINT('Ctrl Pts',(-4.90569296805698,5.71689621579601,3.78500000000001));
#8154=CARTESIAN_POINT('Ctrl Pts',(-4.90569296805698,5.71689621579601,3.78500000000001));
#8155=CARTESIAN_POINT('Ctrl Pts',(-5.02538408953164,5.71689621579601,3.78500000000001));
#8156=CARTESIAN_POINT('Ctrl Pts',(-5.18445745097537,5.90840201015546,3.78500000000001));
#8157=CARTESIAN_POINT('Ctrl Pts',(-5.18445745097537,6.09604680059637,3.78500000000001));
#8158=CARTESIAN_POINT('',(-5.16206362824786,11.1201198060014,3.785));
#8159=CARTESIAN_POINT('',(-4.92499798764967,11.3710850607064,3.785));
#8160=CARTESIAN_POINT('Ctrl Pts',(-5.16206362824786,11.1201198060014,3.785));
#8161=CARTESIAN_POINT('Ctrl Pts',(-5.07866594360745,11.1679962545913,3.785));
#8162=CARTESIAN_POINT('Ctrl Pts',(-4.95125281429572,11.3054479940912,3.785));
#8163=CARTESIAN_POINT('Ctrl Pts',(-4.92499798764967,11.3710850607064,3.785));
#8164=CARTESIAN_POINT('',(-4.85936092103454,11.3710850607064,3.785));
#8165=CARTESIAN_POINT('',(-6.03749899382484,11.3710850607064,3.785));
#8166=CARTESIAN_POINT('',(-4.85936092103454,10.3672240418867,3.785));
#8167=CARTESIAN_POINT('',(-4.85936092103454,5.68554253035318,3.785));
#8168=CARTESIAN_POINT('',(-4.96051922370021,10.3672240418867,3.785));
#8169=CARTESIAN_POINT('',(-6.00468046051727,10.3672240418867,3.785));
#8170=CARTESIAN_POINT('',(-4.96051922370021,11.1494634357823,3.785));
#8171=CARTESIAN_POINT('',(-4.96051922370021,5.18361202094333,3.785));
#8172=CARTESIAN_POINT('',(-5.16206362824786,11.0012008853105,3.785));
#8173=CARTESIAN_POINT('Ctrl Pts',(-4.96051922370021,11.1494634357823,3.785));
#8174=CARTESIAN_POINT('Ctrl Pts',(-4.99526825896705,11.1085367942458,3.785));
#8175=CARTESIAN_POINT('Ctrl Pts',(-5.11264277809058,11.0228225072543,3.785));
#8176=CARTESIAN_POINT('Ctrl Pts',(-5.16206362824786,11.0012008853105,3.785));
#8177=CARTESIAN_POINT('',(-5.16206362824786,5.50060044265524,3.785));
#8178=CARTESIAN_POINT('',(-4.50955396601505,5.73388463303758,3.785));
#8179=CARTESIAN_POINT('',(-4.50955396601505,6.45820896815517,3.785));
#8180=CARTESIAN_POINT('',(-4.50955396601505,2.86694231651879,3.785));
#8181=CARTESIAN_POINT('',(-4.40916786413309,6.45820896815517,3.785));
#8182=CARTESIAN_POINT('',(-5.82977698300753,6.45820896815517,3.785));
#8183=CARTESIAN_POINT('',(-4.40916786413309,5.73388463303758,3.785));
#8184=CARTESIAN_POINT('',(-4.40916786413308,3.22910448407759,3.785));
#8185=CARTESIAN_POINT('',(-5.77958393206654,5.73388463303758,3.785));
#8186=CARTESIAN_POINT('',(-5.50105977229544,10.6699267491,3.785));
#8187=CARTESIAN_POINT('',(-5.84546132182896,10.6699267491,3.785));
#8188=CARTESIAN_POINT('',(-6.32552988614772,10.6699267491,3.785));
#8189=CARTESIAN_POINT('',(-5.93426441195532,10.3672240418867,3.785));
#8190=CARTESIAN_POINT('',(-7.33822843610325,5.58153797696506,3.785));
#8191=CARTESIAN_POINT('',(-6.04932232872773,10.3672240418867,3.785));
#8192=CARTESIAN_POINT('',(-6.54213220597766,10.3672240418867,3.785));
#8193=CARTESIAN_POINT('',(-5.73426440897509,11.3672240567878,3.785));
#8194=CARTESIAN_POINT('',(-7.58468535574929,5.49395168896283,3.785));
#8195=CARTESIAN_POINT('',(-5.61688988985155,11.3672240567878,3.785));
#8196=CARTESIAN_POINT('',(-6.44213220448754,11.3672240567878,3.785));
#8197=CARTESIAN_POINT('',(-5.28175474972252,10.3672240418867,3.785));
#8198=CARTESIAN_POINT('',(-3.98184845629741,6.48847139215045,3.785));
#8199=CARTESIAN_POINT('',(-5.40607907589942,10.3672240418867,3.785));
#8200=CARTESIAN_POINT('',(-6.21587737486126,10.3672240418867,3.785));
#8201=CARTESIAN_POINT('',(-4.00352596426892,5.89729867799113,3.785));
#8202=CARTESIAN_POINT('',(-4.25858871131013,5.73388463303758,3.785));
#8203=CARTESIAN_POINT('',(-4.25858871131013,6.73388464793874,3.785));
#8204=CARTESIAN_POINT('',(-4.25858871131013,2.86694231651879,3.785));
#8205=CARTESIAN_POINT('',(-4.15820260942816,6.73388464793874,3.785));
#8206=CARTESIAN_POINT('',(-5.70429435565507,6.73388464793874,3.785));
#8207=CARTESIAN_POINT('',(-4.15820260942816,5.73388463303758,3.785));
#8208=CARTESIAN_POINT('',(-4.15820260942816,3.36694232396937,3.785));
#8209=CARTESIAN_POINT('',(-5.65410130471408,5.73388463303758,3.785));
#8210=CARTESIAN_POINT('',(-4.3072373606837,11.0158727002009,3.785));
#8211=CARTESIAN_POINT('',(-4.06476631459956,10.6915483710438,3.785));
#8212=CARTESIAN_POINT('Ctrl Pts',(-4.3072373606837,11.0158727002009,3.78500000000001));
#8213=CARTESIAN_POINT('Ctrl Pts',(-4.20994006193656,11.0158727002009,3.78500000000001));
#8214=CARTESIAN_POINT('Ctrl Pts',(-4.06476631459956,10.8390387207319,3.78500000000001));
#8215=CARTESIAN_POINT('Ctrl Pts',(-4.06476631459956,10.6915483710438,3.78500000000001));
#8216=CARTESIAN_POINT('',(-4.32113697479044,10.3502356246451,3.785));
#8217=CARTESIAN_POINT('Ctrl Pts',(-4.06476631459956,10.6915483710438,3.78500000000001));
#8218=CARTESIAN_POINT('Ctrl Pts',(-4.06476631459956,10.5911622691618,3.78500000000001));
#8219=CARTESIAN_POINT('Ctrl Pts',(-4.13735318826806,10.4282279037995,3.78500000000001));
#8220=CARTESIAN_POINT('Ctrl Pts',(-4.25241110504047,10.3502356246451,3.78500000000001));
#8221=CARTESIAN_POINT('Ctrl Pts',(-4.32113697479044,10.3502356246451,3.78500000000001));
#8222=CARTESIAN_POINT('',(-4.60607906397849,10.8351777168134,3.785));
#8223=CARTESIAN_POINT('Ctrl Pts',(-4.32113697479044,10.3502356246451,3.78500000000001));
#8224=CARTESIAN_POINT('Ctrl Pts',(-4.44546130096734,10.3502356246451,3.78500000000001));
#8225=CARTESIAN_POINT('Ctrl Pts',(-4.60607906397849,10.5741738519203,3.78500000000001));
#8226=CARTESIAN_POINT('Ctrl Pts',(-4.60607906397849,10.8351777168134,3.78500000000001));
#8227=CARTESIAN_POINT('',(-4.31264276616965,11.3710850607064,3.785));
#8228=CARTESIAN_POINT('Ctrl Pts',(-4.60607906397849,10.8351777168134,3.78500000000001));
#8229=CARTESIAN_POINT('Ctrl Pts',(-4.60607906397849,11.1247530107037,3.78500000000001));
#8230=CARTESIAN_POINT('Ctrl Pts',(-4.44082809626509,11.3710850607064,3.78500000000001));
#8231=CARTESIAN_POINT('Ctrl Pts',(-4.31264276616965,11.3710850607064,3.78500000000001));
#8232=CARTESIAN_POINT('',(-4.07943812949,11.1224364083526,3.785));
#8233=CARTESIAN_POINT('Ctrl Pts',(-4.31264276616965,11.3710850607064,3.78500000000001));
#8234=CARTESIAN_POINT('Ctrl Pts',(-4.21920647134105,11.3710850607064,3.78500000000001));
#8235=CARTESIAN_POINT('Ctrl Pts',(-4.09333774359674,11.2436719313946,3.78500000000001));
#8236=CARTESIAN_POINT('Ctrl Pts',(-4.07943812949,11.1224364083526,3.78500000000001));
#8237=CARTESIAN_POINT('',(-4.17982423137197,11.1131699989481,3.785));
#8238=CARTESIAN_POINT('',(-6.11075402976718,10.9349303252501,3.785));
#8239=CARTESIAN_POINT('',(-4.22229527447588,11.2220503094508,3.785));
#8240=CARTESIAN_POINT('Ctrl Pts',(-4.17982423137197,11.1131699989481,3.78500000000001));
#8241=CARTESIAN_POINT('Ctrl Pts',(-4.19449604626241,11.1896178765351,3.78500000000001));
#8242=CARTESIAN_POINT('Ctrl Pts',(-4.22229527447588,11.2220503094508,3.78500000000001));
#8243=CARTESIAN_POINT('',(-4.31882037243931,11.2699267580407,3.785));
#8244=CARTESIAN_POINT('Ctrl Pts',(-4.22229527447588,11.2220503094508,3.78500000000001));
#8245=CARTESIAN_POINT('Ctrl Pts',(-4.26244971522867,11.2699267580407,3.78500000000001));
#8246=CARTESIAN_POINT('Ctrl Pts',(-4.31882037243931,11.2699267580407,3.78500000000001));
#8247=CARTESIAN_POINT('',(-4.45936091507407,11.1610464475379,3.785));
#8248=CARTESIAN_POINT('Ctrl Pts',(-4.31882037243931,11.2699267580407,3.78500000000001));
#8249=CARTESIAN_POINT('Ctrl Pts',(-4.40685126178196,11.2699267580407,3.78500000000001));
#8250=CARTESIAN_POINT('Ctrl Pts',(-4.45936091507407,11.1610464475379,3.78500000000001));
#8251=CARTESIAN_POINT('',(-4.50569296209652,10.8830541654032,3.785));
#8252=CARTESIAN_POINT('Ctrl Pts',(-4.45936091507407,11.1610464475379,3.785));
#8253=CARTESIAN_POINT('Ctrl Pts',(-4.50492076131281,11.0668379519256,3.785));
#8254=CARTESIAN_POINT('Ctrl Pts',(-4.50569296209652,10.8830541654032,3.785));
#8255=CARTESIAN_POINT('Ctrl Pts',(-4.50569296209652,10.8830541654032,3.78500000000001));
#8256=CARTESIAN_POINT('Ctrl Pts',(-4.47094392682968,10.9486912320184,3.78500000000001));
#8257=CARTESIAN_POINT('Ctrl Pts',(-4.36592462024547,11.0158727002009,3.78500000000001));
#8258=CARTESIAN_POINT('Ctrl Pts',(-4.3072373606837,11.0158727002009,3.78500000000001));
#8259=CARTESIAN_POINT('',(-3.96978561820354,6.31844062630412,3.785));
#8260=CARTESIAN_POINT('',(-3.96978561820354,6.45820896815517,3.785));
#8261=CARTESIAN_POINT('',(-3.96978561820354,3.15922031315206,3.785));
#8262=CARTESIAN_POINT('',(-3.85549990221484,6.45820896815517,3.785));
#8263=CARTESIAN_POINT('',(-5.55989280910177,6.45820896815517,3.785));
#8264=CARTESIAN_POINT('',(-3.85549990221484,6.31844062630412,3.785));
#8265=CARTESIAN_POINT('',(-3.85549990221484,3.22910448407759,3.785));
#8266=CARTESIAN_POINT('',(-5.50274995110742,6.31844062630412,3.785));
#8267=CARTESIAN_POINT('',(-5.38831845787414,6.4304097399417,3.785));
#8268=CARTESIAN_POINT('',(-5.60762348044706,6.63813175075901,3.785));
#8269=CARTESIAN_POINT('Ctrl Pts',(-5.38831845787414,6.4304097399417,3.78500000000001));
#8270=CARTESIAN_POINT('Ctrl Pts',(-5.44314471351737,6.63813175075901,3.78500000000001));
#8271=CARTESIAN_POINT('Ctrl Pts',(-5.60762348044706,6.63813175075901,3.78500000000001));
#8272=CARTESIAN_POINT('',(-5.88175475866321,6.24122054793338,3.785));
#8273=CARTESIAN_POINT('Ctrl Pts',(-5.60762348044706,6.63813175075901,3.78500000000001));
#8274=CARTESIAN_POINT('Ctrl Pts',(-5.68947676352005,6.63813175075901,3.78500000000001));
#8275=CARTESIAN_POINT('Ctrl Pts',(-5.80994008577842,6.5539618653349,3.78500000000001));
#8276=CARTESIAN_POINT('Ctrl Pts',(-5.88175475866321,6.37712788586589,3.78500000000001));
#8277=CARTESIAN_POINT('Ctrl Pts',(-5.88175475866321,6.24122054793338,3.78500000000001));
#8278=CARTESIAN_POINT('',(-5.61688988985155,5.83040973100101,3.785));
#8279=CARTESIAN_POINT('Ctrl Pts',(-5.88175475866321,6.24122054793338,3.78500000000001));
#8280=CARTESIAN_POINT('Ctrl Pts',(-5.88175475866321,6.03581513946719,3.78500000000001));
#8281=CARTESIAN_POINT('Ctrl Pts',(-5.73658101132621,5.83040973100101,3.78500000000001));
#8282=CARTESIAN_POINT('Ctrl Pts',(-5.61688988985155,5.83040973100101,3.78500000000001));
#8283=CARTESIAN_POINT('',(-5.37673544611853,6.08446378884076,3.785));
#8284=CARTESIAN_POINT('Ctrl Pts',(-5.61688988985155,5.83040973100101,3.78500000000001));
#8285=CARTESIAN_POINT('Ctrl Pts',(-5.52808679972519,5.83040973100101,3.78500000000001));
#8286=CARTESIAN_POINT('Ctrl Pts',(-5.39835706806234,5.95627845874532,3.78500000000001));
#8287=CARTESIAN_POINT('Ctrl Pts',(-5.37673544611853,6.08446378884076,3.78500000000001));
#8288=CARTESIAN_POINT('',(-5.26785513561578,6.05125915514134,3.785));
#8289=CARTESIAN_POINT('',(-5.33909551615939,6.07298494495251,3.785));
#8290=CARTESIAN_POINT('',(-5.61457328750043,5.71689621579601,3.785));
#8291=CARTESIAN_POINT('Ctrl Pts',(-5.26785513561578,6.05125915514134,3.78500000000001));
#8292=CARTESIAN_POINT('Ctrl Pts',(-5.30414857245003,5.88291938429311,3.78500000000001));
#8293=CARTESIAN_POINT('Ctrl Pts',(-5.48484355583758,5.71689621579601,3.78500000000001));
#8294=CARTESIAN_POINT('Ctrl Pts',(-5.61457328750043,5.71689621579601,3.78500000000001));
#8295=CARTESIAN_POINT('',(-5.99295167151709,6.24122054793338,3.785));
#8296=CARTESIAN_POINT('Ctrl Pts',(-5.61457328750043,5.71689621579601,3.78500000000001));
#8297=CARTESIAN_POINT('Ctrl Pts',(-5.72808680270543,5.71689621579601,3.78500000000001));
#8298=CARTESIAN_POINT('Ctrl Pts',(-5.89024896728399,5.82809312864988,3.78500000000001));
#8299=CARTESIAN_POINT('Ctrl Pts',(-5.99295167151709,6.07365297786886,3.78500000000001));
#8300=CARTESIAN_POINT('Ctrl Pts',(-5.99295167151709,6.24122054793338,3.78500000000001));
#8301=CARTESIAN_POINT('',(-5.60530687809594,6.75164526596401,3.785));
#8302=CARTESIAN_POINT('Ctrl Pts',(-5.99295167151709,6.24122054793338,3.78500000000001));
#8303=CARTESIAN_POINT('Ctrl Pts',(-5.99295167151709,6.40647151564677,3.78500000000001));
#8304=CARTESIAN_POINT('Ctrl Pts',(-5.89024896728399,6.63504294762418,3.78500000000001));
#8305=CARTESIAN_POINT('Ctrl Pts',(-5.71341498781498,6.75164526596401,3.78500000000001));
#8306=CARTESIAN_POINT('Ctrl Pts',(-5.60530687809594,6.75164526596401,3.78500000000001));
#8307=CARTESIAN_POINT('',(-5.28175474972252,6.46129777129,3.785));
#8308=CARTESIAN_POINT('Ctrl Pts',(-5.60530687809594,6.75164526596401,3.78500000000001));
#8309=CARTESIAN_POINT('Ctrl Pts',(-5.48638795740499,6.75164526596401,3.78500000000001));
#8310=CARTESIAN_POINT('Ctrl Pts',(-5.31573158420564,6.60415491627588,3.78500000000001));
#8311=CARTESIAN_POINT('Ctrl Pts',(-5.28175474972251,6.46129777129,3.78500000000001));
#8312=CARTESIAN_POINT('',(-7.00732213598015,5.96113331150518,3.785));
#8313=CARTESIAN_POINT('',(-1.65472766864858,5.73388463303758,3.785));
#8314=CARTESIAN_POINT('',(-1.95048056880853,5.73388463303758,3.785));
#8315=CARTESIAN_POINT('',(-4.40236383432429,5.73388463303758,3.785));
#8316=CARTESIAN_POINT('',(-1.95048056880853,6.73388464793874,3.785));
#8317=CARTESIAN_POINT('',(-1.95048056880853,2.86694231651879,3.785));
#8318=CARTESIAN_POINT('',(-1.66708288118789,6.73388464793874,3.785));
#8319=CARTESIAN_POINT('',(-4.55024028440427,6.73388464793874,3.785));
#8320=CARTESIAN_POINT('',(-1.50800951974416,6.71535182912976,3.785));
#8321=CARTESIAN_POINT('Ctrl Pts',(-1.66708288118789,6.73388464793874,3.78500000000001));
#8322=CARTESIAN_POINT('Ctrl Pts',(-1.56206357460368,6.73388464793874,3.78500000000001));
#8323=CARTESIAN_POINT('Ctrl Pts',(-1.50800951974416,6.71535182912976,3.78500000000001));
#8324=CARTESIAN_POINT('',(-1.27248828071338,6.23967614636596,3.785));
#8325=CARTESIAN_POINT('Ctrl Pts',(-1.50800951974416,6.71535182912976,3.785));
#8326=CARTESIAN_POINT('Ctrl Pts',(-1.43619484685936,6.69141360483483,3.785));
#8327=CARTESIAN_POINT('Ctrl Pts',(-1.33117554027515,6.5647726763068,3.785));
#8328=CARTESIAN_POINT('Ctrl Pts',(-1.27248828071338,6.37172248037994,3.785));
#8329=CARTESIAN_POINT('Ctrl Pts',(-1.27248828071338,6.23967614636596,3.785));
#8330=CARTESIAN_POINT('Ctrl Pts',(-1.27248828071338,6.23967614636596,3.78500000000001));
#8331=CARTESIAN_POINT('Ctrl Pts',(-1.27248828071338,6.06979197395032,3.78500000000001));
#8332=CARTESIAN_POINT('Ctrl Pts',(-1.37210218181165,5.83272633335213,3.78500000000001));
#8333=CARTESIAN_POINT('Ctrl Pts',(-1.52808674012055,5.73388463303758,3.78500000000001));
#8334=CARTESIAN_POINT('Ctrl Pts',(-1.65472766864858,5.73388463303758,3.78500000000001));
#8335=CARTESIAN_POINT('',(-4.40916786413309,6.59257190452027,3.785));
#8336=CARTESIAN_POINT('',(-4.50955396601505,6.59257190452027,3.785));
#8337=CARTESIAN_POINT('',(-5.77958393206654,6.59257190452027,3.785));
#8338=CARTESIAN_POINT('',(-4.50955396601505,6.73388464793874,3.785));
#8339=CARTESIAN_POINT('',(-4.50955396601505,3.29628595226013,3.785));
#8340=CARTESIAN_POINT('',(-4.40916786413309,6.73388464793874,3.785));
#8341=CARTESIAN_POINT('',(-5.82977698300753,6.73388464793874,3.785));
#8342=CARTESIAN_POINT('',(-4.40916786413308,3.36694232396937,3.785));
#8343=CARTESIAN_POINT('',(-0.769013369736119,6.63813175075901,3.785));
#8344=CARTESIAN_POINT('',(-1.04314464795227,6.24122054793338,3.785));
#8345=CARTESIAN_POINT('Ctrl Pts',(-0.769013369736119,6.63813175075901,3.78500000000001));
#8346=CARTESIAN_POINT('Ctrl Pts',(-0.85086665280911,6.63813175075901,3.78500000000001));
#8347=CARTESIAN_POINT('Ctrl Pts',(-0.971329975067473,6.5539618653349,3.78500000000001));
#8348=CARTESIAN_POINT('Ctrl Pts',(-1.04314464795227,6.37712788586589,3.78500000000001));
#8349=CARTESIAN_POINT('Ctrl Pts',(-1.04314464795227,6.24122054793338,3.78500000000001));
#8350=CARTESIAN_POINT('',(-0.778279779140608,5.83040973100101,3.785));
#8351=CARTESIAN_POINT('Ctrl Pts',(-1.04314464795227,6.24122054793338,3.78500000000001));
#8352=CARTESIAN_POINT('Ctrl Pts',(-1.04314464795227,6.03581513946719,3.78500000000001));
#8353=CARTESIAN_POINT('Ctrl Pts',(-0.897970900615265,5.83040973100101,3.78500000000001));
#8354=CARTESIAN_POINT('Ctrl Pts',(-0.778279779140608,5.83040973100101,3.78500000000001));
#8355=CARTESIAN_POINT('',(-0.538125335407589,6.08446378884076,3.785));
#8356=CARTESIAN_POINT('Ctrl Pts',(-0.778279779140608,5.83040973100101,3.785));
#8357=CARTESIAN_POINT('Ctrl Pts',(-0.68947668901425,5.83040973100101,3.785));
#8358=CARTESIAN_POINT('Ctrl Pts',(-0.559746957351397,5.95627845874532,3.785));
#8359=CARTESIAN_POINT('Ctrl Pts',(-0.538125335407589,6.08446378884076,3.785));
#8360=CARTESIAN_POINT('',(-0.429245024904836,6.05125915514134,3.785));
#8361=CARTESIAN_POINT('',(-2.71393242825206,6.74800779587843,3.785));
#8362=CARTESIAN_POINT('',(-0.775963176789486,5.71689621579601,3.785));
#8363=CARTESIAN_POINT('Ctrl Pts',(-0.429245024904836,6.05125915514134,3.78500000000001));
#8364=CARTESIAN_POINT('Ctrl Pts',(-0.465538461739087,5.88291938429311,3.78500000000001));
#8365=CARTESIAN_POINT('Ctrl Pts',(-0.646233445126633,5.71689621579601,3.78500000000001));
#8366=CARTESIAN_POINT('Ctrl Pts',(-0.775963176789486,5.71689621579601,3.78500000000001));
#8367=CARTESIAN_POINT('',(-1.15434156080614,6.24122054793338,3.785));
#8368=CARTESIAN_POINT('Ctrl Pts',(-0.775963176789486,5.71689621579601,3.78500000000001));
#8369=CARTESIAN_POINT('Ctrl Pts',(-0.889476691994483,5.71689621579601,3.78500000000001));
#8370=CARTESIAN_POINT('Ctrl Pts',(-1.05163885657305,5.82809312864988,3.78500000000001));
#8371=CARTESIAN_POINT('Ctrl Pts',(-1.15434156080614,6.07365297786886,3.78500000000001));
#8372=CARTESIAN_POINT('Ctrl Pts',(-1.15434156080614,6.24122054793338,3.78500000000001));
#8373=CARTESIAN_POINT('',(-0.766696767384997,6.75164526596401,3.785));
#8374=CARTESIAN_POINT('Ctrl Pts',(-1.15434156080614,6.24122054793338,3.78500000000001));
#8375=CARTESIAN_POINT('Ctrl Pts',(-1.15434156080614,6.40647151564677,3.78500000000001));
#8376=CARTESIAN_POINT('Ctrl Pts',(-1.05163885657305,6.63504294762418,3.78500000000001));
#8377=CARTESIAN_POINT('Ctrl Pts',(-0.874804877104041,6.75164526596401,3.78500000000001));
#8378=CARTESIAN_POINT('Ctrl Pts',(-0.766696767384997,6.75164526596401,3.78500000000001));
#8379=CARTESIAN_POINT('',(-0.443144639011571,6.46129777129,3.785));
#8380=CARTESIAN_POINT('Ctrl Pts',(-0.766696767384997,6.75164526596401,3.785));
#8381=CARTESIAN_POINT('Ctrl Pts',(-0.647777846694048,6.75164526596401,3.785));
#8382=CARTESIAN_POINT('Ctrl Pts',(-0.477121473494699,6.60415491627588,3.785));
#8383=CARTESIAN_POINT('Ctrl Pts',(-0.443144639011571,6.46129777129,3.785));
#8384=CARTESIAN_POINT('',(-0.5497083471632,6.4304097399417,3.785));
#8385=CARTESIAN_POINT('',(-4.40051039158337,5.31423523431266,3.785));
#8386=CARTESIAN_POINT('Ctrl Pts',(-0.5497083471632,6.4304097399417,3.78500000000001));
#8387=CARTESIAN_POINT('Ctrl Pts',(-0.60453460280643,6.63813175075901,3.78500000000001));
#8388=CARTESIAN_POINT('Ctrl Pts',(-0.769013369736119,6.63813175075901,3.78500000000001));
#8389=CARTESIAN_POINT('',(-3.85549990221484,5.73388463303758,3.785));
#8390=CARTESIAN_POINT('',(-3.96978561820354,5.73388463303758,3.785));
#8391=CARTESIAN_POINT('',(-5.50274995110742,5.73388463303758,3.785));
#8392=CARTESIAN_POINT('',(-3.96978561820354,5.87365297488862,3.785));
#8393=CARTESIAN_POINT('',(-3.96978561820354,2.86694231651879,3.785));
#8394=CARTESIAN_POINT('',(-3.85549990221484,5.87365297488862,3.785));
#8395=CARTESIAN_POINT('',(-5.55989280910177,5.87365297488862,3.785));
#8396=CARTESIAN_POINT('',(-3.85549990221484,2.93682648744431,3.785));
#8397=CARTESIAN_POINT('',(-0.0457970070470515,2.02865287610345,3.785));
#8398=CARTESIAN_POINT('',(-0.0457970070470515,3.02865289100461,3.785));
#8399=CARTESIAN_POINT('',(-0.0457970070470512,1.01432643805172,3.785));
#8400=CARTESIAN_POINT('',(0.0868249461486825,3.02865289100461,3.785));
#8401=CARTESIAN_POINT('',(-3.59789850352353,3.02865289100461,3.785));
#8402=CARTESIAN_POINT('',(0.0868249461486825,2.02865287610345,3.785));
#8403=CARTESIAN_POINT('',(0.0868249461486828,1.51432644550231,3.785));
#8404=CARTESIAN_POINT('',(-3.53158752692566,2.02865287610345,3.785));
#8405=CARTESIAN_POINT('',(-2.37673540141505,6.00724371047002,3.785));
#8406=CARTESIAN_POINT('',(-2.15511377649101,6.73388464793874,3.785));
#8407=CARTESIAN_POINT('',(-3.41797491108925,2.59328420314102,3.785));
#8408=CARTESIAN_POINT('',(-2.04468906442084,6.73388464793874,3.785));
#8409=CARTESIAN_POINT('',(-4.6525568882455,6.73388464793874,3.785));
#8410=CARTESIAN_POINT('',(-2.36438018887573,5.73388463303758,3.785));
#8411=CARTESIAN_POINT('',(-3.25795905253879,2.93875268027512,3.785));
#8412=CARTESIAN_POINT('',(-2.47634930251331,5.73388463303758,3.785));
#8413=CARTESIAN_POINT('',(-4.75719009443787,5.73388463303758,3.785));
#8414=CARTESIAN_POINT('',(-2.79449602540079,6.73388464793874,3.785));
#8415=CARTESIAN_POINT('',(-1.8628636302076,3.80557408537764,3.785));
#8416=CARTESIAN_POINT('',(-2.67712150627725,6.73388464793874,3.785));
#8417=CARTESIAN_POINT('',(-4.97224801270039,6.73388464793874,3.785));
#8418=CARTESIAN_POINT('',(-2.46322188919029,6.00724371047002,3.785));
#8419=CARTESIAN_POINT('',(-1.94337592229199,4.24126878320903,3.785));
#8420=CARTESIAN_POINT('',(-2.41997864530267,5.84353714432403,3.785));
#8421=CARTESIAN_POINT('Ctrl Pts',(-2.46322188919029,6.00724371047002,3.785));
#8422=CARTESIAN_POINT('Ctrl Pts',(-2.43851146411165,5.9230738250459,3.785));
#8423=CARTESIAN_POINT('Ctrl Pts',(-2.41997864530267,5.84353714432403,3.785));
#8424=CARTESIAN_POINT('Ctrl Pts',(-2.41997864530267,5.84353714432403,3.785));
#8425=CARTESIAN_POINT('Ctrl Pts',(-2.40144582649369,5.92616262818073,3.785));
#8426=CARTESIAN_POINT('Ctrl Pts',(-2.37673540141505,6.00724371047002,3.785));
#8427=CARTESIAN_POINT('',(2.14551400121578,2.23673214749676,3.785));
#8428=CARTESIAN_POINT('',(1.92295302228961,2.46843946802263,3.785));
#8429=CARTESIAN_POINT('Ctrl Pts',(2.14551400121578,2.23673214749676,3.78500000000001));
#8430=CARTESIAN_POINT('Ctrl Pts',(2.08758717108431,2.32667117322719,3.78500000000001));
#8431=CARTESIAN_POINT('Ctrl Pts',(2.01289204802005,2.4219455648908,3.78500000000001));
#8432=CARTESIAN_POINT('Ctrl Pts',(1.95344082762196,2.46081751668955,3.78500000000001));
#8433=CARTESIAN_POINT('Ctrl Pts',(1.92295302228961,2.46843946802263,3.78500000000001));
#8434=CARTESIAN_POINT('',(1.84902009435866,2.47301263882249,3.785));
#8435=CARTESIAN_POINT('Ctrl Pts',(1.92295302228961,2.46843946802263,3.78500000000001));
#8436=CARTESIAN_POINT('Ctrl Pts',(1.90008716829035,2.47301263882249,3.78500000000001));
#8437=CARTESIAN_POINT('Ctrl Pts',(1.84902009435866,2.47301263882249,3.78500000000001));
#8438=CARTESIAN_POINT('',(1.69581887256358,2.47301263882249,3.785));
#8439=CARTESIAN_POINT('',(-2.65048995282067,2.47301263882249,3.785));
#8440=CARTESIAN_POINT('',(1.69581887256358,2.02865287610345,3.785));
#8441=CARTESIAN_POINT('',(1.69581887256358,1.23650631941124,3.785));
#8442=CARTESIAN_POINT('',(1.56319691936785,2.02865287610345,3.785));
#8443=CARTESIAN_POINT('',(-2.72709056371821,2.02865287610345,3.785));
#8444=CARTESIAN_POINT('',(1.56319691936785,3.02865289100461,3.785));
#8445=CARTESIAN_POINT('',(1.56319691936785,1.01432643805172,3.785));
#8446=CARTESIAN_POINT('',(2.00679448695358,3.02865289100461,3.785));
#8447=CARTESIAN_POINT('',(-2.79340154031607,3.02865289100461,3.785));
#8448=CARTESIAN_POINT('',(2.36273961420879,2.75578703328006,3.785));
#8449=CARTESIAN_POINT('Ctrl Pts',(2.00679448695358,3.02865289100461,3.785));
#8450=CARTESIAN_POINT('Ctrl Pts',(2.14017863528262,3.02865289100461,3.785));
#8451=CARTESIAN_POINT('Ctrl Pts',(2.27966034467813,2.97453703653968,3.785));
#8452=CARTESIAN_POINT('Ctrl Pts',(2.36273961420879,2.83810410767741,3.785));
#8453=CARTESIAN_POINT('Ctrl Pts',(2.36273961420879,2.75578703328005,3.785));
#8454=CARTESIAN_POINT('',(2.08148961001784,2.48368337068881,3.785));
#8455=CARTESIAN_POINT('Ctrl Pts',(2.36273961420879,2.75578703328005,3.78500000000001));
#8456=CARTESIAN_POINT('Ctrl Pts',(2.36273961420879,2.64907971461682,3.78500000000001));
#8457=CARTESIAN_POINT('Ctrl Pts',(2.2247822950799,2.50350044415484,3.78500000000001));
#8458=CARTESIAN_POINT('Ctrl Pts',(2.08148961001784,2.48368337068881,3.78500000000001));
#8459=CARTESIAN_POINT('',(2.16075790388196,2.43414068702374,3.785));
#8460=CARTESIAN_POINT('Ctrl Pts',(2.08148961001784,2.48368337068881,3.785));
#8461=CARTESIAN_POINT('Ctrl Pts',(2.13331887908284,2.45853093128962,3.785));
#8462=CARTESIAN_POINT('Ctrl Pts',(2.16075790388196,2.43414068702374,3.785));
#8463=CARTESIAN_POINT('',(2.27051400307843,2.30075653869469,3.785));
#8464=CARTESIAN_POINT('Ctrl Pts',(2.16075790388196,2.43414068702374,3.78500000000001));
#8465=CARTESIAN_POINT('Ctrl Pts',(2.21868473401343,2.38078702769212,3.78500000000001));
#8466=CARTESIAN_POINT('Ctrl Pts',(2.27051400307843,2.30075653869469,3.78500000000001));
#8467=CARTESIAN_POINT('',(2.44353229833953,2.02865287610345,3.785));
#8468=CARTESIAN_POINT('',(1.43527543485957,3.61432556448382,3.785));
#8469=CARTESIAN_POINT('',(2.27813595441152,2.02865287610345,3.785));
#8470=CARTESIAN_POINT('',(-2.35323385083024,2.02865287610345,3.785));
#8471=CARTESIAN_POINT('',(1.37607414803255,3.44395674473252,3.785));
#8472=CARTESIAN_POINT('',(-0.378876280303002,2.72377483768109,3.785));
#8473=CARTESIAN_POINT('',(-0.646406772094396,2.9326163042077,3.785));
#8474=CARTESIAN_POINT('Ctrl Pts',(-0.378876280303002,2.72377483768109,3.78500000000001));
#8475=CARTESIAN_POINT('Ctrl Pts',(-0.413937256435207,2.83276874174425,3.78500000000001));
#8476=CARTESIAN_POINT('Ctrl Pts',(-0.545797014497632,2.9326163042077,3.78500000000001));
#8477=CARTESIAN_POINT('Ctrl Pts',(-0.646406772094396,2.9326163042077,3.78500000000001));
#8478=CARTESIAN_POINT('',(-0.979486045350346,2.53703703002043,3.785));
#8479=CARTESIAN_POINT('Ctrl Pts',(-0.646406772094396,2.9326163042077,3.78500000000001));
#8480=CARTESIAN_POINT('Ctrl Pts',(-0.761498237224025,2.9326163042077,3.78500000000001));
#8481=CARTESIAN_POINT('Ctrl Pts',(-0.916986044419024,2.82209800987792,3.78500000000001));
#8482=CARTESIAN_POINT('Ctrl Pts',(-0.979486045350346,2.63612239735057,3.78500000000001));
#8483=CARTESIAN_POINT('Ctrl Pts',(-0.979486045350346,2.53703703002043,3.78500000000001));
#8484=CARTESIAN_POINT('',(-0.657077503960718,2.12545165803367,3.785));
#8485=CARTESIAN_POINT('Ctrl Pts',(-0.979486045350346,2.53703703002043,3.78500000000001));
#8486=CARTESIAN_POINT('Ctrl Pts',(-0.979486045350346,2.40975044275786,3.78500000000001));
#8487=CARTESIAN_POINT('Ctrl Pts',(-0.904790922286083,2.21920165943065,3.78500000000001));
#8488=CARTESIAN_POINT('Ctrl Pts',(-0.748540919957776,2.12545165803367,3.78500000000001));
#8489=CARTESIAN_POINT('Ctrl Pts',(-0.657077503960718,2.12545165803367,3.78500000000001));
#8490=CARTESIAN_POINT('',(-0.364394572770135,2.38002483255881,3.785));
#8491=CARTESIAN_POINT('Ctrl Pts',(-0.657077503960718,2.12545165803367,3.78500000000001));
#8492=CARTESIAN_POINT('Ctrl Pts',(-0.545797014497632,2.12545165803367,3.78500000000001));
#8493=CARTESIAN_POINT('Ctrl Pts',(-0.391833597569252,2.25350044042955,3.78500000000001));
#8494=CARTESIAN_POINT('Ctrl Pts',(-0.364394572770135,2.38002483255881,3.78500000000001));
#8495=CARTESIAN_POINT('',(-0.231772619574402,2.34648824669322,3.785));
#8496=CARTESIAN_POINT('',(-3.27044697244636,3.1148886577643,3.785));
#8497=CARTESIAN_POINT('',(-0.645644576961086,2.01188458317066,3.785));
#8498=CARTESIAN_POINT('Ctrl Pts',(-0.231772619574402,2.34648824669322,3.785));
#8499=CARTESIAN_POINT('Ctrl Pts',(-0.273693351906387,2.18337848816514,3.785));
#8500=CARTESIAN_POINT('Ctrl Pts',(-0.48939457463278,2.01188458317066,3.785));
#8501=CARTESIAN_POINT('Ctrl Pts',(-0.645644576961086,2.01188458317066,3.785));
#8502=CARTESIAN_POINT('',(-1.11591897421262,2.53627483488712,3.785));
#8503=CARTESIAN_POINT('Ctrl Pts',(-0.645644576961086,2.01188458317066,3.78500000000001));
#8504=CARTESIAN_POINT('Ctrl Pts',(-0.807229945222554,2.01188458317066,3.78500000000001));
#8505=CARTESIAN_POINT('Ctrl Pts',(-1.0099738506827,2.14374434123308,3.78500000000001));
#8506=CARTESIAN_POINT('Ctrl Pts',(-1.11591897421262,2.39298214982506,3.78500000000001));
#8507=CARTESIAN_POINT('Ctrl Pts',(-1.11591897421262,2.53627483488712,3.78500000000001));
#8508=CARTESIAN_POINT('',(-0.64335799156116,3.04618337907071,3.785));
#8509=CARTESIAN_POINT('Ctrl Pts',(-1.11591897421262,2.53627483488712,3.78500000000001));
#8510=CARTESIAN_POINT('Ctrl Pts',(-1.11591897421262,2.69252483721542,3.78500000000001));
#8511=CARTESIAN_POINT('Ctrl Pts',(-0.99625433828314,2.92575654800792,3.78500000000001));
#8512=CARTESIAN_POINT('Ctrl Pts',(-0.775979944756893,3.04618337907071,3.78500000000001));
#8513=CARTESIAN_POINT('Ctrl Pts',(-0.64335799156116,3.04618337907071,3.78500000000001));
#8514=CARTESIAN_POINT('',(-0.248540912507196,2.75502483814675,3.785));
#8515=CARTESIAN_POINT('Ctrl Pts',(-0.64335799156116,3.04618337907071,3.78500000000001));
#8516=CARTESIAN_POINT('Ctrl Pts',(-0.493205550299324,3.04618337907071,3.78500000000001));
#8517=CARTESIAN_POINT('Ctrl Pts',(-0.288937254572562,2.89298215727564,3.78500000000001));
#8518=CARTESIAN_POINT('Ctrl Pts',(-0.248540912507196,2.75502483814675,3.78500000000001));
#8519=CARTESIAN_POINT('',(-3.82400569999869,1.89774965518095,3.785));
#8520=CARTESIAN_POINT('',(2.70572742419776,2.48673215122205,3.785));
#8521=CARTESIAN_POINT('',(2.70572742419776,2.14679312176631,3.785));
#8522=CARTESIAN_POINT('',(2.70572742419776,1.24336607561102,3.785));
#8523=CARTESIAN_POINT('',(3.32005670164466,2.14679312176631,3.785));
#8524=CARTESIAN_POINT('',(-2.22213628790112,2.14679312176631,3.785));
#8525=CARTESIAN_POINT('',(3.32005670164466,2.02865287610345,3.785));
#8526=CARTESIAN_POINT('',(3.32005670164466,1.07339656088316,3.785));
#8527=CARTESIAN_POINT('',(2.57310547100203,2.02865287610345,3.785));
#8528=CARTESIAN_POINT('',(-1.91497164917767,2.02865287610345,3.785));
#8529=CARTESIAN_POINT('',(2.57310547100203,3.02865289100461,3.785));
#8530=CARTESIAN_POINT('',(2.57310547100203,1.01432643805172,3.785));
#8531=CARTESIAN_POINT('',(3.2971908476454,3.02865289100461,3.785));
#8532=CARTESIAN_POINT('',(-2.28844726449899,3.02865289100461,3.785));
#8533=CARTESIAN_POINT('',(3.2971908476454,2.91051264534175,3.785));
#8534=CARTESIAN_POINT('',(3.2971908476454,1.51432644550231,3.785));
#8535=CARTESIAN_POINT('',(2.70572742419776,2.91051264534175,3.785));
#8536=CARTESIAN_POINT('',(-1.9264045761773,2.91051264534175,3.785));
#8537=CARTESIAN_POINT('',(2.70572742419776,2.60487239688491,3.785));
#8538=CARTESIAN_POINT('',(2.70572742419776,1.45525632267087,3.785));
#8539=CARTESIAN_POINT('',(3.25984328611327,2.60487239688491,3.785));
#8540=CARTESIAN_POINT('',(-2.22213628790112,2.60487239688491,3.785));
#8541=CARTESIAN_POINT('',(3.25984328611327,2.48673215122205,3.785));
#8542=CARTESIAN_POINT('',(3.25984328611327,1.30243619844246,3.785));
#8543=CARTESIAN_POINT('',(-1.94507835694337,2.48673215122205,3.785));
#8544=CARTESIAN_POINT('',(1.03728227738477,2.91051264534175,3.785));
#8545=CARTESIAN_POINT('',(0.706489589528747,2.91051264534175,3.785));
#8546=CARTESIAN_POINT('',(-3.05635886130761,2.91051264534175,3.785));
#8547=CARTESIAN_POINT('',(0.706489589528747,2.02865287610345,3.785));
#8548=CARTESIAN_POINT('',(0.706489589528748,1.45525632267087,3.785));
#8549=CARTESIAN_POINT('',(0.573867636333013,2.02865287610345,3.785));
#8550=CARTESIAN_POINT('',(-3.22175520523563,2.02865287610345,3.785));
#8551=CARTESIAN_POINT('',(0.573867636333013,2.91051264534175,3.785));
#8552=CARTESIAN_POINT('',(0.573867636333013,1.01432643805172,3.785));
#8553=CARTESIAN_POINT('',(0.244599338743606,2.91051264534175,3.785));
#8554=CARTESIAN_POINT('',(-3.28806618183349,2.91051264534175,3.785));
#8555=CARTESIAN_POINT('',(0.244599338743606,3.02865289100461,3.785));
#8556=CARTESIAN_POINT('',(0.244599338743606,1.45525632267087,3.785));
#8557=CARTESIAN_POINT('',(1.03728227738477,3.02865289100461,3.785));
#8558=CARTESIAN_POINT('',(-3.4527003306282,3.02865289100461,3.785));
#8559=CARTESIAN_POINT('',(1.03728227738477,1.51432644550231,3.785));
#8560=CARTESIAN_POINT('',(4.41990427900928,2.33124434402705,3.785));
#8561=CARTESIAN_POINT('',(4.31014817981281,2.02865287610345,3.785));
#8562=CARTESIAN_POINT('',(3.3736565238469,-0.553202592080372,3.785));
#8563=CARTESIAN_POINT('',(4.16990427528399,2.02865287610345,3.785));
#8564=CARTESIAN_POINT('',(-1.41992591009359,2.02865287610345,3.785));
#8565=CARTESIAN_POINT('',(4.55405062247163,3.02865289100461,3.785));
#8566=CARTESIAN_POINT('',(3.10253441323145,-0.749897240985691,3.785));
#8567=CARTESIAN_POINT('',(4.69734330753369,3.02865289100461,3.785));
#8568=CARTESIAN_POINT('',(-1.29797468876419,3.02865289100461,3.785));
#8569=CARTESIAN_POINT('',(5.10587989898721,2.02865287610345,3.785));
#8570=CARTESIAN_POINT('',(4.38025096818113,3.80481921419595,3.785));
#8571=CARTESIAN_POINT('',(4.95496526259207,2.02865287610345,3.785));
#8572=CARTESIAN_POINT('',(-1.02206005050639,2.02865287610345,3.785));
#8573=CARTESIAN_POINT('',(4.83911160232913,2.33124434402705,3.785));
#8574=CARTESIAN_POINT('',(4.5198662706232,3.16506274328529,3.785));
#8575=CARTESIAN_POINT('',(-1.15544419883544,2.33124434402705,3.785));
#8576=CARTESIAN_POINT('',(4.12188598188553,2.14679312176631,3.785));
#8577=CARTESIAN_POINT('',(4.12188598188553,2.02865287610345,3.785));
#8578=CARTESIAN_POINT('',(4.12188598188553,1.07339656088316,3.785));
#8579=CARTESIAN_POINT('',(3.49688597257231,2.02865287610345,3.785));
#8580=CARTESIAN_POINT('',(-1.51405700905723,2.02865287610345,3.785));
#8581=CARTESIAN_POINT('',(3.49688597257231,3.02865289100461,3.785));
#8582=CARTESIAN_POINT('',(3.49688597257231,1.01432643805172,3.785));
#8583=CARTESIAN_POINT('',(3.62950792576804,3.02865289100461,3.785));
#8584=CARTESIAN_POINT('',(-1.82655701371385,3.02865289100461,3.785));
#8585=CARTESIAN_POINT('',(3.62950792576804,2.14679312176631,3.785));
#8586=CARTESIAN_POINT('',(3.62950792576804,1.51432644550231,3.785));
#8587=CARTESIAN_POINT('',(-1.76024603711598,2.14679312176631,3.785));
#8588=CARTESIAN_POINT('Origin',(-4.65,13.65,2.215));
#8589=CARTESIAN_POINT('',(-4.45,13.65,2.215));
#8590=CARTESIAN_POINT('Origin',(-4.45,13.65,2.015));
#8591=CARTESIAN_POINT('Origin',(-5.8,13.15,2.9));
#8592=CARTESIAN_POINT('',(-5.8,12.95,3.2));
#8593=CARTESIAN_POINT('Origin',(-5.8,12.95,2.9));
#8594=CARTESIAN_POINT('Origin',(-5.8,13.15,3.2));
#8595=CARTESIAN_POINT('Origin',(-5.8,12.95,2.9));
#8596=CARTESIAN_POINT('Origin',(-6.95,0.,3.585));
#8597=CARTESIAN_POINT('',(-7.15,0.,3.585));
#8598=CARTESIAN_POINT('',(-7.15,0.,3.585));
#8599=CARTESIAN_POINT('Origin',(-6.95,0.,3.585));
#8600=CARTESIAN_POINT('Origin',(-6.95,13.45,-3.585));
#8601=CARTESIAN_POINT('',(-6.95,13.45,-3.785));
#8602=CARTESIAN_POINT('Origin',(-6.95,13.45,-3.585));
#8603=CARTESIAN_POINT('Origin',(-6.95,13.45,-3.585));
#8604=CARTESIAN_POINT('Origin',(-6.95,0.,-3.585));
#8605=CARTESIAN_POINT('',(-6.95,0.,-3.785));
#8606=CARTESIAN_POINT('',(-7.15,0.,-3.585));
#8607=CARTESIAN_POINT('Origin',(-6.95,0.,-3.585));
#8608=CARTESIAN_POINT('',(-7.15,0.,-3.585));
#8609=CARTESIAN_POINT('',(-6.95,0.,-3.785));
#8610=CARTESIAN_POINT('Origin',(3.575,13.45,-3.585));
#8611=CARTESIAN_POINT('',(3.575,13.45,-3.785));
#8612=CARTESIAN_POINT('Origin',(6.95,13.45,-3.585));
#8613=CARTESIAN_POINT('',(7.15,13.45,-3.585));
#8614=CARTESIAN_POINT('Origin',(6.95,13.45,-3.585));
#8615=CARTESIAN_POINT('Origin',(6.95,13.45,-3.585));
#8616=CARTESIAN_POINT('Origin',(6.95,0.,-3.585));
#8617=CARTESIAN_POINT('',(7.15,0.,-3.585));
#8618=CARTESIAN_POINT('',(6.95,0.,-3.785));
#8619=CARTESIAN_POINT('Origin',(6.95,0.,-3.585));
#8620=CARTESIAN_POINT('',(6.95,0.,-3.785));
#8621=CARTESIAN_POINT('',(7.15,0.,-3.585));
#8622=CARTESIAN_POINT('Origin',(6.95,13.45,3.585));
#8623=CARTESIAN_POINT('',(7.15,13.45,3.585));
#8624=CARTESIAN_POINT('Origin',(6.95,13.45,3.585));
#8625=CARTESIAN_POINT('Origin',(6.95,13.45,3.585));
#8626=CARTESIAN_POINT('Origin',(6.95,0.,3.585));
#8627=CARTESIAN_POINT('',(7.15,0.,3.585));
#8628=CARTESIAN_POINT('Origin',(6.95,0.,3.585));
#8629=CARTESIAN_POINT('',(7.15,0.,3.585));
#8630=CARTESIAN_POINT('Origin',(6.95,13.45,1.8925));
#8631=CARTESIAN_POINT('',(7.15,13.45,1.8925));
#8632=CARTESIAN_POINT('Origin',(7.15,0.,-3.785));
#8633=CARTESIAN_POINT('',(5.15,0.,-3.785));
#8634=CARTESIAN_POINT('',(7.15,0.,-3.785));
#8635=CARTESIAN_POINT('',(5.15,-0.2,-3.785));
#8636=CARTESIAN_POINT('',(5.15,0.,-3.785));
#8637=CARTESIAN_POINT('',(3.65,-0.2,-3.785));
#8638=CARTESIAN_POINT('',(5.15,-0.2,-3.785));
#8639=CARTESIAN_POINT('',(3.65,0.,-3.785));
#8640=CARTESIAN_POINT('',(3.65,0.,-3.785));
#8641=CARTESIAN_POINT('',(-3.65,0.,-3.785));
#8642=CARTESIAN_POINT('',(7.15,0.,-3.785));
#8643=CARTESIAN_POINT('',(-3.65,-0.2,-3.785));
#8644=CARTESIAN_POINT('',(-3.65,0.,-3.785));
#8645=CARTESIAN_POINT('',(-5.15,-0.2,-3.785));
#8646=CARTESIAN_POINT('',(-3.65,-0.2,-3.785));
#8647=CARTESIAN_POINT('',(-5.15,0.,-3.785));
#8648=CARTESIAN_POINT('',(-5.15,0.,-3.785));
#8649=CARTESIAN_POINT('',(7.15,0.,-3.785));
#8650=CARTESIAN_POINT('Origin',(7.15,0.,3.785));
#8651=CARTESIAN_POINT('',(7.15,0.,3.785));
#8652=CARTESIAN_POINT('Origin',(7.61469838563207E-16,0.,1.77676295664746E-18));
#8653=CARTESIAN_POINT('',(5.15,0.,3.285));
#8654=CARTESIAN_POINT('',(5.15,0.,1.6425));
#8655=CARTESIAN_POINT('',(6.55,0.,3.285));
#8656=CARTESIAN_POINT('',(-3.275,0.,3.285));
#8657=CARTESIAN_POINT('',(6.55,0.,-3.285));
#8658=CARTESIAN_POINT('',(6.55,0.,1.6425));
#8659=CARTESIAN_POINT('',(5.15,0.,-3.285));
#8660=CARTESIAN_POINT('',(3.275,0.,-3.285));
#8661=CARTESIAN_POINT('',(5.15,0.,-1.8925));
#8662=CARTESIAN_POINT('Origin',(-7.15,0.,3.784));
#8663=CARTESIAN_POINT('',(5.49307502670809,2.45243337022315,3.784));
#8664=CARTESIAN_POINT('',(5.10740428925383,3.02865289100461,3.784));
#8665=CARTESIAN_POINT('',(4.10410928969274,4.52764700102079,3.784));
#8666=CARTESIAN_POINT('',(5.49307502670809,2.02865287610345,3.784));
#8667=CARTESIAN_POINT('',(5.49307502670809,1.01432643805172,3.784));
#8668=CARTESIAN_POINT('',(5.62569697990382,2.02865287610345,3.784));
#8669=CARTESIAN_POINT('',(-0.76215151004809,2.02865287610345,3.784));
#8670=CARTESIAN_POINT('',(5.62569697990382,2.45243337022315,3.784));
#8671=CARTESIAN_POINT('',(5.62569697990382,1.22621668511157,3.784));
#8672=CARTESIAN_POINT('',(6.02508722975764,3.02865289100461,3.784));
#8673=CARTESIAN_POINT('',(3.17833324089325,-1.07849599369288,3.784));
#8674=CARTESIAN_POINT('',(5.87112381282926,3.02865289100461,3.784));
#8675=CARTESIAN_POINT('',(-0.639438093585371,3.02865289100461,3.784));
#8676=CARTESIAN_POINT('',(5.67676405383551,2.73444556954741,3.784));
#8677=CARTESIAN_POINT('',(3.09941928390356,-1.16694690572211,3.784));
#8678=CARTESIAN_POINT('',(5.56777014977235,2.55761629861977,3.784));
#8679=CARTESIAN_POINT('Ctrl Pts',(5.56777014977235,2.55761629861976,3.784));
#8680=CARTESIAN_POINT('Ctrl Pts',(5.59774982501583,2.60995369777364,3.784));
#8681=CARTESIAN_POINT('Ctrl Pts',(5.63408112637022,2.66889678808285,3.784));
#8682=CARTESIAN_POINT('Ctrl Pts',(5.67676405383551,2.73444556954741,3.784));
#8683=CARTESIAN_POINT('',(5.46563600190897,2.72682361821432,3.784));
#8684=CARTESIAN_POINT('Ctrl Pts',(5.46563600190897,2.72682361821432,3.784));
#8685=CARTESIAN_POINT('Ctrl Pts',(5.48401470267334,2.69912968555569,3.784));
#8686=CARTESIAN_POINT('Ctrl Pts',(5.50181376664961,2.67105664254487,3.784));
#8687=CARTESIAN_POINT('Ctrl Pts',(5.53587147376843,2.61463268000474,3.784));
#8688=CARTESIAN_POINT('Ctrl Pts',(5.55214475102125,2.58630555534309,3.784));
#8689=CARTESIAN_POINT('Ctrl Pts',(5.56777014977235,2.55761629861976,3.784));
#8690=CARTESIAN_POINT('',(5.26822746238199,3.02865289100461,3.784));
#8691=CARTESIAN_POINT('',(4.10162772837247,4.81233433759829,3.784));
#8692=CARTESIAN_POINT('',(-1.02129785537309,3.02865289100461,3.784));
#8693=CARTESIAN_POINT('Origin',(5.87112381282926,3.02865289100461,-17.5132957064644));
#8694=CARTESIAN_POINT('',(5.87112381282926,3.02865289100461,-17.5132957064644));
#8695=CARTESIAN_POINT('',(6.02508722975764,3.02865289100461,-17.5132957064644));
#8696=CARTESIAN_POINT('Origin',(6.02508722975764,3.02865289100461,-17.5132957064644));
#8697=CARTESIAN_POINT('',(5.62569697990382,2.45243337022315,-17.5132957064644));
#8698=CARTESIAN_POINT('Origin',(5.62569697990382,2.45243337022315,-17.5132957064644));
#8699=CARTESIAN_POINT('',(5.62569697990382,2.02865287610345,-17.5132957064644));
#8700=CARTESIAN_POINT('Origin',(5.62569697990382,2.02865287610345,-17.5132957064644));
#8701=CARTESIAN_POINT('',(5.49307502670809,2.02865287610345,-17.5132957064644));
#8702=CARTESIAN_POINT('Origin',(5.49307502670809,2.02865287610345,-17.5132957064644));
#8703=CARTESIAN_POINT('',(5.49307502670809,2.45243337022315,-17.5132957064644));
#8704=CARTESIAN_POINT('Origin',(5.49307502670809,2.45243337022315,-17.5132957064644));
#8705=CARTESIAN_POINT('',(5.10740428925383,3.02865289100461,-17.5132957064644));
#8706=CARTESIAN_POINT('Origin',(5.10740428925383,3.02865289100461,-17.5132957064644));
#8707=CARTESIAN_POINT('',(5.26822746238198,3.02865289100461,-17.5132957064644));
#8708=CARTESIAN_POINT('Origin',(5.26822746238198,3.02865289100461,-17.5132957064644));
#8709=CARTESIAN_POINT('',(5.46563600190897,2.72682361821432,-17.5132957064644));
#8710=CARTESIAN_POINT('Ctrl Pts',(5.56777014977235,2.55761629861976,-17.5132957064644));
#8711=CARTESIAN_POINT('Ctrl Pts',(5.56777014977235,2.55761629861976,25.0832957064644));
#8712=CARTESIAN_POINT('Ctrl Pts',(5.52127624664051,2.64298215355035,-17.5132957064644));
#8713=CARTESIAN_POINT('Ctrl Pts',(5.52127624664052,2.64298215355035,25.0832957064644));
#8714=CARTESIAN_POINT('Ctrl Pts',(5.46563600190897,2.72682361821432,-17.5132957064644));
#8715=CARTESIAN_POINT('Ctrl Pts',(5.46563600190897,2.72682361821432,25.0832957064644));
#8716=CARTESIAN_POINT('',(5.56777014977235,2.55761629861977,-17.5132957064644));
#8717=CARTESIAN_POINT('Ctrl Pts',(5.67676405383551,2.73444556954741,-17.5132957064644));
#8718=CARTESIAN_POINT('Ctrl Pts',(5.67676405383551,2.73444556954741,25.0832957064644));
#8719=CARTESIAN_POINT('Ctrl Pts',(5.61273966263757,2.63612239735057,-17.5132957064644));
#8720=CARTESIAN_POINT('Ctrl Pts',(5.61273966263757,2.63612239735057,25.0832957064644));
#8721=CARTESIAN_POINT('Ctrl Pts',(5.56777014977235,2.55761629861976,-17.5132957064644));
#8722=CARTESIAN_POINT('Ctrl Pts',(5.56777014977235,2.55761629861976,25.0832957064644));
#8723=CARTESIAN_POINT('',(5.67676405383551,2.73444556954741,-17.5132957064644));
#8724=CARTESIAN_POINT('Origin',(5.67676405383551,2.73444556954741,-17.5132957064644));
#8725=CARTESIAN_POINT('Origin',(-7.15,0.,3.784));
#8726=CARTESIAN_POINT('',(-4.90569296805698,6.47442518461303,3.784));
#8727=CARTESIAN_POINT('',(-4.6277006859223,6.10299660764974,3.784));
#8728=CARTESIAN_POINT('Ctrl Pts',(-4.90569296805698,6.47442518461303,3.784));
#8729=CARTESIAN_POINT('Ctrl Pts',(-4.82692848811882,6.47442518461303,3.784));
#8730=CARTESIAN_POINT('Ctrl Pts',(-4.76090532111183,6.44263625235041,3.784));
#8731=CARTESIAN_POINT('Ctrl Pts',(-4.70762346703602,6.37905838782516,3.784));
#8732=CARTESIAN_POINT('Ctrl Pts',(-4.6543416129602,6.31548052329991,3.784));
#8733=CARTESIAN_POINT('Ctrl Pts',(-4.6277006859223,6.22345992990811,3.784));
#8734=CARTESIAN_POINT('Ctrl Pts',(-4.6277006859223,6.10299660764974,3.784));
#8735=CARTESIAN_POINT('',(-5.18445745097537,6.09604680059637,3.784));
#8736=CARTESIAN_POINT('Ctrl Pts',(-5.18445745097537,6.09604680059637,3.784));
#8737=CARTESIAN_POINT('Ctrl Pts',(-5.18445745097537,6.22114332755698,3.784));
#8738=CARTESIAN_POINT('Ctrl Pts',(-5.15820262432932,6.31548052329991,3.784));
#8739=CARTESIAN_POINT('Ctrl Pts',(-5.10569297103721,6.37905838782516,3.784));
#8740=CARTESIAN_POINT('Ctrl Pts',(-5.05318331774511,6.44263625235041,3.784));
#8741=CARTESIAN_POINT('Ctrl Pts',(-4.98651665008503,6.47442518461303,3.784));
#8742=CARTESIAN_POINT('Ctrl Pts',(-4.90569296805698,6.47442518461303,3.784));
#8743=CARTESIAN_POINT('',(-4.90569296805698,5.71689621579601,3.784));
#8744=CARTESIAN_POINT('Ctrl Pts',(-4.90569296805698,5.71689621579601,3.784));
#8745=CARTESIAN_POINT('Ctrl Pts',(-4.98548704904009,5.71689621579601,3.784));
#8746=CARTESIAN_POINT('Ctrl Pts',(-5.05189631643893,5.74881384818925,3.784));
#8747=CARTESIAN_POINT('Ctrl Pts',(-5.10492077025351,5.81264911297574,3.784));
#8748=CARTESIAN_POINT('Ctrl Pts',(-5.15794522406809,5.87648437776222,3.784));
#8749=CARTESIAN_POINT('Ctrl Pts',(-5.18445745097537,5.97095027363577,3.784));
#8750=CARTESIAN_POINT('Ctrl Pts',(-5.18445745097537,6.09604680059637,3.784));
#8751=CARTESIAN_POINT('Ctrl Pts',(-4.6277006859223,6.10299660764974,3.784));
#8752=CARTESIAN_POINT('Ctrl Pts',(-4.6277006859223,5.97275207546442,3.784));
#8753=CARTESIAN_POINT('Ctrl Pts',(-4.65382681243773,5.87584087710913,3.784));
#8754=CARTESIAN_POINT('Ctrl Pts',(-4.7060790654686,5.81226301258388,3.784));
#8755=CARTESIAN_POINT('Ctrl Pts',(-4.75833131849947,5.74868514805863,3.784));
#8756=CARTESIAN_POINT('Ctrl Pts',(-4.82486928602893,5.71689621579601,3.784));
#8757=CARTESIAN_POINT('Ctrl Pts',(-4.90569296805698,5.71689621579601,3.784));
#8758=CARTESIAN_POINT('',(-4.90878177119181,6.37326688194735,3.784));
#8759=CARTESIAN_POINT('',(-5.08098254595858,6.09604680059637,3.784));
#8760=CARTESIAN_POINT('Ctrl Pts',(-4.90878177119181,6.37326688194735,3.784));
#8761=CARTESIAN_POINT('Ctrl Pts',(-4.95665821978167,6.37326688194735,3.784));
#8762=CARTESIAN_POINT('Ctrl Pts',(-4.99732746105693,6.35022955856675,3.784));
#8763=CARTESIAN_POINT('Ctrl Pts',(-5.03078949501759,6.30415491180553,3.784));
#8764=CARTESIAN_POINT('Ctrl Pts',(-5.06425152897825,6.25808026504432,3.784));
#8765=CARTESIAN_POINT('Ctrl Pts',(-5.08098254595858,6.18871089464127,3.784));
#8766=CARTESIAN_POINT('Ctrl Pts',(-5.08098254595858,6.09604680059637,3.784));
#8767=CARTESIAN_POINT('',(-4.7311755909391,6.09604680059637,3.784));
#8768=CARTESIAN_POINT('Ctrl Pts',(-4.7311755909391,6.09604680059637,3.784));
#8769=CARTESIAN_POINT('Ctrl Pts',(-4.7311755909391,6.18922569516374,3.784));
#8770=CARTESIAN_POINT('Ctrl Pts',(-4.74816400818066,6.25872376569741,3.784));
#8771=CARTESIAN_POINT('Ctrl Pts',(-4.78214084266379,6.30454101219739,3.784));
#8772=CARTESIAN_POINT('Ctrl Pts',(-4.81611767714692,6.35035825869736,3.784));
#8773=CARTESIAN_POINT('Ctrl Pts',(-4.85833131998959,6.37326688194735,3.784));
#8774=CARTESIAN_POINT('Ctrl Pts',(-4.90878177119181,6.37326688194735,3.784));
#8775=CARTESIAN_POINT('',(-4.90337636570586,5.81805451846169,3.784));
#8776=CARTESIAN_POINT('Ctrl Pts',(-4.90337636570586,5.81805451846169,3.784));
#8777=CARTESIAN_POINT('Ctrl Pts',(-4.85601471763847,5.81805451846169,3.784));
#8778=CARTESIAN_POINT('Ctrl Pts',(-4.81547417649383,5.84122054197291,3.784));
#8779=CARTESIAN_POINT('Ctrl Pts',(-4.78175474227193,5.88755258899536,3.784));
#8780=CARTESIAN_POINT('Ctrl Pts',(-4.74803530805004,5.93388463601781,3.784));
#8781=CARTESIAN_POINT('Ctrl Pts',(-4.7311755909391,6.00338270655148,3.784));
#8782=CARTESIAN_POINT('Ctrl Pts',(-4.7311755909391,6.09604680059637,3.784));
#8783=CARTESIAN_POINT('Ctrl Pts',(-5.08098254595858,6.09604680059637,3.784));
#8784=CARTESIAN_POINT('Ctrl Pts',(-5.08098254595858,6.00235310550653,3.784));
#8785=CARTESIAN_POINT('Ctrl Pts',(-5.06399412871701,5.93259763471163,3.784));
#8786=CARTESIAN_POINT('Ctrl Pts',(-5.03001729423388,5.88678038821165,3.784));
#8787=CARTESIAN_POINT('Ctrl Pts',(-4.99604045975076,5.84096314171168,3.784));
#8788=CARTESIAN_POINT('Ctrl Pts',(-4.95382681690808,5.81805451846169,3.784));
#8789=CARTESIAN_POINT('Ctrl Pts',(-4.90337636570586,5.81805451846169,3.784));
#8790=CARTESIAN_POINT('Ctrl Pts',(-4.7311755909391,6.09604680059637,-17.5132957064644));
#8791=CARTESIAN_POINT('Ctrl Pts',(-4.73117559093909,6.09604680059637,25.0832957064644));
#8792=CARTESIAN_POINT('Ctrl Pts',(-4.7311755909391,6.23581514244742,-17.5132957064644));
#8793=CARTESIAN_POINT('Ctrl Pts',(-4.73117559093909,6.23581514244742,25.0832957064644));
#8794=CARTESIAN_POINT('Ctrl Pts',(-4.83310609438848,6.37326688194735,-17.5132957064644));
#8795=CARTESIAN_POINT('Ctrl Pts',(-4.83310609438848,6.37326688194735,25.0832957064644));
#8796=CARTESIAN_POINT('Ctrl Pts',(-4.90878177119181,6.37326688194735,-17.5132957064644));
#8797=CARTESIAN_POINT('Ctrl Pts',(-4.90878177119181,6.37326688194735,25.0832957064644));
#8798=CARTESIAN_POINT('',(-4.7311755909391,6.09604680059637,3.785));
#8799=CARTESIAN_POINT('',(-4.90878177119181,6.37326688194735,3.785));
#8800=CARTESIAN_POINT('Ctrl Pts',(-4.7311755909391,6.09604680059637,3.78500000000001));
#8801=CARTESIAN_POINT('Ctrl Pts',(-4.7311755909391,6.23581514244742,3.78500000000001));
#8802=CARTESIAN_POINT('Ctrl Pts',(-4.83310609438848,6.37326688194735,3.78500000000001));
#8803=CARTESIAN_POINT('Ctrl Pts',(-4.90878177119181,6.37326688194735,3.78500000000001));
#8804=CARTESIAN_POINT('',(-4.7311755909391,6.09604680059637,-17.5132957064644));
#8805=CARTESIAN_POINT('',(-4.90878177119181,6.37326688194735,-17.5132957064644));
#8806=CARTESIAN_POINT('Ctrl Pts',(-4.90878177119181,6.37326688194735,-17.5132957064644));
#8807=CARTESIAN_POINT('Ctrl Pts',(-4.90878177119181,6.37326688194735,25.0832957064644));
#8808=CARTESIAN_POINT('Ctrl Pts',(-4.98059644407661,6.37326688194735,-17.5132957064644));
#8809=CARTESIAN_POINT('Ctrl Pts',(-4.9805964440766,6.37326688194735,25.0832957064644));
#8810=CARTESIAN_POINT('Ctrl Pts',(-5.08098254595858,6.23504294166372,-17.5132957064644));
#8811=CARTESIAN_POINT('Ctrl Pts',(-5.08098254595857,6.23504294166372,25.0832957064644));
#8812=CARTESIAN_POINT('Ctrl Pts',(-5.08098254595858,6.09604680059637,-17.5132957064644));
#8813=CARTESIAN_POINT('Ctrl Pts',(-5.08098254595857,6.09604680059637,25.0832957064644));
#8814=CARTESIAN_POINT('',(-5.08098254595857,6.09604680059637,3.785));
#8815=CARTESIAN_POINT('Ctrl Pts',(-4.90878177119181,6.37326688194735,3.78500000000001));
#8816=CARTESIAN_POINT('Ctrl Pts',(-4.98059644407661,6.37326688194735,3.78500000000001));
#8817=CARTESIAN_POINT('Ctrl Pts',(-5.08098254595857,6.23504294166372,3.78500000000001));
#8818=CARTESIAN_POINT('Ctrl Pts',(-5.08098254595857,6.09604680059637,3.78500000000001));
#8819=CARTESIAN_POINT('',(-5.08098254595858,6.09604680059637,-17.5132957064644));
#8820=CARTESIAN_POINT('Ctrl Pts',(-4.90569296805698,6.47442518461303,-17.5132957064644));
#8821=CARTESIAN_POINT('Ctrl Pts',(-4.90569296805698,6.47442518461303,25.0832957064644));
#8822=CARTESIAN_POINT('Ctrl Pts',(-5.02692849109905,6.47442518461303,-17.5132957064644));
#8823=CARTESIAN_POINT('Ctrl Pts',(-5.02692849109905,6.47442518461303,25.0832957064644));
#8824=CARTESIAN_POINT('Ctrl Pts',(-5.18445745097538,6.28369159103729,-17.5132957064644));
#8825=CARTESIAN_POINT('Ctrl Pts',(-5.18445745097537,6.28369159103729,25.0832957064644));
#8826=CARTESIAN_POINT('Ctrl Pts',(-5.18445745097538,6.09604680059637,-17.5132957064644));
#8827=CARTESIAN_POINT('Ctrl Pts',(-5.18445745097537,6.09604680059637,25.0832957064644));
#8828=CARTESIAN_POINT('',(-5.18445745097538,6.09604680059637,-17.5132957064644));
#8829=CARTESIAN_POINT('',(-4.90569296805698,6.47442518461303,-17.5132957064644));
#8830=CARTESIAN_POINT('Ctrl Pts',(-4.6277006859223,6.10299660764974,-17.5132957064644));
#8831=CARTESIAN_POINT('Ctrl Pts',(-4.62770068592229,6.10299660764974,25.0832957064644));
#8832=CARTESIAN_POINT('Ctrl Pts',(-4.6277006859223,6.28369159103729,-17.5132957064644));
#8833=CARTESIAN_POINT('Ctrl Pts',(-4.62770068592229,6.28369159103729,25.0832957064644));
#8834=CARTESIAN_POINT('Ctrl Pts',(-4.78754624814974,6.47442518461303,-17.5132957064644));
#8835=CARTESIAN_POINT('Ctrl Pts',(-4.78754624814974,6.47442518461303,25.0832957064644));
#8836=CARTESIAN_POINT('Ctrl Pts',(-4.90569296805698,6.47442518461303,-17.5132957064644));
#8837=CARTESIAN_POINT('Ctrl Pts',(-4.90569296805698,6.47442518461303,25.0832957064644));
#8838=CARTESIAN_POINT('',(-4.6277006859223,6.10299660764974,-17.5132957064644));
#8839=CARTESIAN_POINT('Ctrl Pts',(-4.90337636570586,5.81805451846169,-17.5132957064644));
#8840=CARTESIAN_POINT('Ctrl Pts',(-4.90337636570586,5.81805451846169,25.0832957064644));
#8841=CARTESIAN_POINT('Ctrl Pts',(-4.83233389360478,5.81805451846169,-17.5132957064644));
#8842=CARTESIAN_POINT('Ctrl Pts',(-4.83233389360477,5.81805451846169,25.0832957064644));
#8843=CARTESIAN_POINT('Ctrl Pts',(-4.7311755909391,5.95705065952903,-17.5132957064644));
#8844=CARTESIAN_POINT('Ctrl Pts',(-4.73117559093909,5.95705065952903,25.0832957064644));
#8845=CARTESIAN_POINT('Ctrl Pts',(-4.7311755909391,6.09604680059637,-17.5132957064644));
#8846=CARTESIAN_POINT('Ctrl Pts',(-4.73117559093909,6.09604680059637,25.0832957064644));
#8847=CARTESIAN_POINT('',(-4.90337636570586,5.81805451846169,3.785));
#8848=CARTESIAN_POINT('Ctrl Pts',(-4.90337636570586,5.81805451846169,3.78500000000001));
#8849=CARTESIAN_POINT('Ctrl Pts',(-4.83233389360477,5.81805451846169,3.78500000000001));
#8850=CARTESIAN_POINT('Ctrl Pts',(-4.7311755909391,5.95705065952903,3.78500000000001));
#8851=CARTESIAN_POINT('Ctrl Pts',(-4.7311755909391,6.09604680059637,3.78500000000001));
#8852=CARTESIAN_POINT('',(-4.90337636570586,5.81805451846169,-17.5132957064644));
#8853=CARTESIAN_POINT('Ctrl Pts',(-5.08098254595858,6.09604680059637,-17.5132957064644));
#8854=CARTESIAN_POINT('Ctrl Pts',(-5.08098254595857,6.09604680059637,25.0832957064644));
#8855=CARTESIAN_POINT('Ctrl Pts',(-5.08098254595858,5.95550625796162,-17.5132957064644));
#8856=CARTESIAN_POINT('Ctrl Pts',(-5.08098254595857,5.95550625796162,25.0832957064644));
#8857=CARTESIAN_POINT('Ctrl Pts',(-4.97905204250919,5.81805451846169,-17.5132957064644));
#8858=CARTESIAN_POINT('Ctrl Pts',(-4.97905204250919,5.81805451846169,25.0832957064644));
#8859=CARTESIAN_POINT('Ctrl Pts',(-4.90337636570586,5.81805451846169,-17.5132957064644));
#8860=CARTESIAN_POINT('Ctrl Pts',(-4.90337636570586,5.81805451846169,25.0832957064644));
#8861=CARTESIAN_POINT('Ctrl Pts',(-5.08098254595857,6.09604680059637,3.78500000000001));
#8862=CARTESIAN_POINT('Ctrl Pts',(-5.08098254595857,5.95550625796162,3.78500000000001));
#8863=CARTESIAN_POINT('Ctrl Pts',(-4.97905204250919,5.81805451846169,3.78500000000001));
#8864=CARTESIAN_POINT('Ctrl Pts',(-4.90337636570586,5.81805451846169,3.78500000000001));
#8865=CARTESIAN_POINT('Ctrl Pts',(-4.90569296805698,5.71689621579601,-17.5132957064644));
#8866=CARTESIAN_POINT('Ctrl Pts',(-4.90569296805698,5.71689621579601,25.0832957064644));
#8867=CARTESIAN_POINT('Ctrl Pts',(-4.78445744501491,5.71689621579601,-17.5132957064644));
#8868=CARTESIAN_POINT('Ctrl Pts',(-4.78445744501491,5.71689621579601,25.0832957064644));
#8869=CARTESIAN_POINT('Ctrl Pts',(-4.6277006859223,5.90762980937175,-17.5132957064644));
#8870=CARTESIAN_POINT('Ctrl Pts',(-4.62770068592229,5.90762980937175,25.0832957064644));
#8871=CARTESIAN_POINT('Ctrl Pts',(-4.6277006859223,6.10299660764974,-17.5132957064644));
#8872=CARTESIAN_POINT('Ctrl Pts',(-4.62770068592229,6.10299660764974,25.0832957064644));
#8873=CARTESIAN_POINT('',(-4.90569296805698,5.71689621579601,-17.5132957064644));
#8874=CARTESIAN_POINT('Ctrl Pts',(-5.18445745097538,6.09604680059637,-17.5132957064644));
#8875=CARTESIAN_POINT('Ctrl Pts',(-5.18445745097537,6.09604680059637,25.0832957064644));
#8876=CARTESIAN_POINT('Ctrl Pts',(-5.18445745097538,5.90840201015546,-17.5132957064644));
#8877=CARTESIAN_POINT('Ctrl Pts',(-5.18445745097537,5.90840201015546,25.0832957064644));
#8878=CARTESIAN_POINT('Ctrl Pts',(-5.02538408953164,5.71689621579601,-17.5132957064644));
#8879=CARTESIAN_POINT('Ctrl Pts',(-5.02538408953164,5.71689621579601,25.0832957064644));
#8880=CARTESIAN_POINT('Ctrl Pts',(-4.90569296805698,5.71689621579601,-17.5132957064644));
#8881=CARTESIAN_POINT('Ctrl Pts',(-4.90569296805698,5.71689621579601,25.0832957064644));
#8882=CARTESIAN_POINT('Ctrl Pts',(-4.92499798764967,11.3710850607064,-17.5132957064644));
#8883=CARTESIAN_POINT('Ctrl Pts',(-4.92499798764967,11.3710850607064,25.0832957064644));
#8884=CARTESIAN_POINT('Ctrl Pts',(-4.95125281429573,11.3054479940912,-17.5132957064644));
#8885=CARTESIAN_POINT('Ctrl Pts',(-4.95125281429572,11.3054479940912,25.0832957064644));
#8886=CARTESIAN_POINT('Ctrl Pts',(-5.07866594360746,11.1679962545913,-17.5132957064644));
#8887=CARTESIAN_POINT('Ctrl Pts',(-5.07866594360745,11.1679962545913,25.0832957064644));
#8888=CARTESIAN_POINT('Ctrl Pts',(-5.16206362824786,11.1201198060014,-17.5132957064644));
#8889=CARTESIAN_POINT('Ctrl Pts',(-5.16206362824786,11.1201198060014,25.0832957064644));
#8890=CARTESIAN_POINT('',(-5.16206362824786,11.1201198060014,3.784));
#8891=CARTESIAN_POINT('',(-5.16206362824786,11.1201198060014,-17.5132957064644));
#8892=CARTESIAN_POINT('',(-4.92499798764967,11.3710850607064,3.784));
#8893=CARTESIAN_POINT('Ctrl Pts',(-5.16206362824786,11.1201198060014,3.784));
#8894=CARTESIAN_POINT('Ctrl Pts',(-5.10646517182092,11.1520374383947,3.784));
#8895=CARTESIAN_POINT('Ctrl Pts',(-5.0574304220555,11.1909048778413,3.784));
#8896=CARTESIAN_POINT('Ctrl Pts',(-5.01495937895159,11.2367221243413,3.784));
#8897=CARTESIAN_POINT('Ctrl Pts',(-4.97248833584768,11.2825393708412,3.784));
#8898=CARTESIAN_POINT('Ctrl Pts',(-4.94250120541371,11.3273270162963,3.784));
#8899=CARTESIAN_POINT('Ctrl Pts',(-4.92499798764967,11.3710850607064,3.784));
#8900=CARTESIAN_POINT('',(-4.92499798764967,11.3710850607064,-17.5132957064644));
#8901=CARTESIAN_POINT('Origin',(-5.16206362824786,11.0012008853105,-17.5132957064644));
#8902=CARTESIAN_POINT('',(-5.16206362824786,11.0012008853105,3.784));
#8903=CARTESIAN_POINT('',(-5.16206362824786,11.0012008853105,-17.5132957064644));
#8904=CARTESIAN_POINT('',(-5.16206362824786,5.50060044265524,3.784));
#8905=CARTESIAN_POINT('Ctrl Pts',(-5.16206362824786,11.0012008853105,-17.5132957064644));
#8906=CARTESIAN_POINT('Ctrl Pts',(-5.16206362824786,11.0012008853105,25.0832957064644));
#8907=CARTESIAN_POINT('Ctrl Pts',(-5.11264277809058,11.0228225072543,-17.5132957064644));
#8908=CARTESIAN_POINT('Ctrl Pts',(-5.11264277809058,11.0228225072543,25.0832957064644));
#8909=CARTESIAN_POINT('Ctrl Pts',(-4.99526825896705,11.1085367942458,-17.5132957064644));
#8910=CARTESIAN_POINT('Ctrl Pts',(-4.99526825896705,11.1085367942458,25.0832957064644));
#8911=CARTESIAN_POINT('Ctrl Pts',(-4.96051922370022,11.1494634357823,-17.5132957064644));
#8912=CARTESIAN_POINT('Ctrl Pts',(-4.96051922370021,11.1494634357823,25.0832957064644));
#8913=CARTESIAN_POINT('',(-4.96051922370021,11.1494634357823,3.784));
#8914=CARTESIAN_POINT('',(-4.96051922370022,11.1494634357823,-17.5132957064644));
#8915=CARTESIAN_POINT('Ctrl Pts',(-4.96051922370021,11.1494634357823,3.784));
#8916=CARTESIAN_POINT('Ctrl Pts',(-4.98368524721144,11.1221790080913,3.784));
#8917=CARTESIAN_POINT('Ctrl Pts',(-5.01483067882097,11.0942510797472,3.784));
#8918=CARTESIAN_POINT('Ctrl Pts',(-5.05395551852882,11.0656796507501,3.784));
#8919=CARTESIAN_POINT('Ctrl Pts',(-5.09308035823666,11.0371082217529,3.784));
#8920=CARTESIAN_POINT('Ctrl Pts',(-5.12911639480968,11.0156152999397,3.784));
#8921=CARTESIAN_POINT('Ctrl Pts',(-5.16206362824786,11.0012008853105,3.784));
#8922=CARTESIAN_POINT('Origin',(-4.96051922370022,10.3672240418867,-17.5132957064644));
#8923=CARTESIAN_POINT('',(-4.96051922370021,10.3672240418867,3.784));
#8924=CARTESIAN_POINT('',(-4.96051922370022,10.3672240418867,-17.5132957064644));
#8925=CARTESIAN_POINT('',(-4.96051922370021,5.18361202094333,3.784));
#8926=CARTESIAN_POINT('Origin',(-4.85936092103454,10.3672240418867,-17.5132957064644));
#8927=CARTESIAN_POINT('',(-4.85936092103454,10.3672240418867,3.784));
#8928=CARTESIAN_POINT('',(-4.85936092103454,10.3672240418867,-17.5132957064644));
#8929=CARTESIAN_POINT('',(-6.00468046051727,10.3672240418867,3.784));
#8930=CARTESIAN_POINT('Origin',(-4.85936092103454,11.3710850607064,-17.5132957064644));
#8931=CARTESIAN_POINT('',(-4.85936092103454,11.3710850607064,3.784));
#8932=CARTESIAN_POINT('',(-4.85936092103454,11.3710850607064,-17.5132957064644));
#8933=CARTESIAN_POINT('',(-4.85936092103454,5.68554253035318,3.784));
#8934=CARTESIAN_POINT('Origin',(-4.92499798764967,11.3710850607064,-17.5132957064644));
#8935=CARTESIAN_POINT('',(-6.03749899382484,11.3710850607064,3.784));
#8936=CARTESIAN_POINT('Origin',(-7.15,0.,3.784));
#8937=CARTESIAN_POINT('Origin',(-7.15,0.,3.784));
#8938=CARTESIAN_POINT('',(-4.50955396601505,6.45820896815517,3.784));
#8939=CARTESIAN_POINT('',(-4.40916786413309,6.45820896815517,3.784));
#8940=CARTESIAN_POINT('',(-5.82977698300753,6.45820896815517,3.784));
#8941=CARTESIAN_POINT('',(-4.50955396601505,5.73388463303758,3.784));
#8942=CARTESIAN_POINT('',(-4.50955396601505,2.86694231651879,3.784));
#8943=CARTESIAN_POINT('',(-4.40916786413309,5.73388463303758,3.784));
#8944=CARTESIAN_POINT('',(-5.77958393206654,5.73388463303758,3.784));
#8945=CARTESIAN_POINT('',(-4.40916786413309,3.22910448407759,3.784));
#8946=CARTESIAN_POINT('Origin',(-4.50955396601506,5.73388463303758,-17.5132957064644));
#8947=CARTESIAN_POINT('',(-4.50955396601506,5.73388463303758,-17.5132957064644));
#8948=CARTESIAN_POINT('',(-4.50955396601506,6.45820896815517,-17.5132957064644));
#8949=CARTESIAN_POINT('Origin',(-4.50955396601506,6.45820896815517,-17.5132957064644));
#8950=CARTESIAN_POINT('',(-4.40916786413309,6.45820896815517,-17.5132957064644));
#8951=CARTESIAN_POINT('Origin',(-4.40916786413309,6.45820896815517,-17.5132957064644));
#8952=CARTESIAN_POINT('',(-4.40916786413309,5.73388463303758,-17.5132957064644));
#8953=CARTESIAN_POINT('Origin',(-4.40916786413309,5.73388463303758,-17.5132957064644));
#8954=CARTESIAN_POINT('Origin',(-5.50105977229544,10.6699267491,-17.5132957064644));
#8955=CARTESIAN_POINT('',(-5.50105977229544,10.6699267491,3.784));
#8956=CARTESIAN_POINT('',(-5.50105977229544,10.6699267491,-17.5132957064644));
#8957=CARTESIAN_POINT('',(-5.84546132182896,10.6699267491,3.784));
#8958=CARTESIAN_POINT('',(-6.32552988614772,10.6699267491,3.784));
#8959=CARTESIAN_POINT('',(-5.84546132182896,10.6699267491,-17.5132957064644));
#8960=CARTESIAN_POINT('Origin',(-5.40607907589942,10.3672240418867,-17.5132957064644));
#8961=CARTESIAN_POINT('',(-5.40607907589942,10.3672240418867,3.784));
#8962=CARTESIAN_POINT('',(-5.40607907589942,10.3672240418867,-17.5132957064644));
#8963=CARTESIAN_POINT('',(-4.00352596426892,5.89729867799113,3.784));
#8964=CARTESIAN_POINT('Origin',(-5.28175474972252,10.3672240418867,-17.5132957064644));
#8965=CARTESIAN_POINT('',(-5.28175474972252,10.3672240418867,3.784));
#8966=CARTESIAN_POINT('',(-5.28175474972252,10.3672240418867,-17.5132957064644));
#8967=CARTESIAN_POINT('',(-6.21587737486126,10.3672240418867,3.784));
#8968=CARTESIAN_POINT('Origin',(-5.61688988985156,11.3672240567878,-17.5132957064644));
#8969=CARTESIAN_POINT('',(-5.61688988985155,11.3672240567878,3.784));
#8970=CARTESIAN_POINT('',(-5.61688988985156,11.3672240567878,-17.5132957064644));
#8971=CARTESIAN_POINT('',(-3.98184845629741,6.48847139215045,3.784));
#8972=CARTESIAN_POINT('Origin',(-5.53503660677857,10.778034858819,-17.5132957064644));
#8973=CARTESIAN_POINT('',(-5.81380108969696,10.778034858819,3.785));
#8974=CARTESIAN_POINT('',(-5.53503660677856,10.778034858819,3.785));
#8975=CARTESIAN_POINT('',(-6.34251830338928,10.778034858819,3.785));
#8976=CARTESIAN_POINT('',(-5.81380108969696,10.778034858819,3.784));
#8977=CARTESIAN_POINT('',(-5.81380108969696,10.778034858819,-17.5132957064644));
#8978=CARTESIAN_POINT('',(-5.53503660677856,10.778034858819,3.784));
#8979=CARTESIAN_POINT('',(-6.34251830338928,10.778034858819,3.784));
#8980=CARTESIAN_POINT('',(-5.53503660677857,10.778034858819,-17.5132957064644));
#8981=CARTESIAN_POINT('Origin',(-5.61997869298639,11.05525494017,-17.5132957064644));
#8982=CARTESIAN_POINT('',(-5.61997869298638,11.05525494017,3.785));
#8983=CARTESIAN_POINT('',(-4.13730102800865,6.21633419719726,3.785));
#8984=CARTESIAN_POINT('',(-5.61997869298638,11.05525494017,3.784));
#8985=CARTESIAN_POINT('',(-4.13730102800865,6.21633419719726,3.784));
#8986=CARTESIAN_POINT('',(-5.61997869298639,11.05525494017,-17.5132957064644));
#8987=CARTESIAN_POINT('Origin',(-5.73426440897509,11.3672240567878,-17.5132957064644));
#8988=CARTESIAN_POINT('',(-5.73426440897509,11.3672240567878,3.784));
#8989=CARTESIAN_POINT('',(-5.73426440897509,11.3672240567878,-17.5132957064644));
#8990=CARTESIAN_POINT('',(-6.44213220448754,11.3672240567878,3.784));
#8991=CARTESIAN_POINT('Origin',(-6.04932232872773,10.3672240418867,-17.5132957064644));
#8992=CARTESIAN_POINT('',(-6.04932232872773,10.3672240418867,3.784));
#8993=CARTESIAN_POINT('',(-6.04932232872773,10.3672240418867,-17.5132957064644));
#8994=CARTESIAN_POINT('',(-7.58468535574929,5.49395168896283,3.784));
#8995=CARTESIAN_POINT('Origin',(-5.93426441195532,10.3672240418867,-17.5132957064644));
#8996=CARTESIAN_POINT('',(-5.93426441195532,10.3672240418867,3.784));
#8997=CARTESIAN_POINT('',(-5.93426441195532,10.3672240418867,-17.5132957064644));
#8998=CARTESIAN_POINT('',(-6.54213220597766,10.3672240418867,3.784));
#8999=CARTESIAN_POINT('Origin',(-5.84546132182896,10.6699267491,-17.5132957064644));
#9000=CARTESIAN_POINT('',(-7.33822843610325,5.58153797696506,3.784));
#9001=CARTESIAN_POINT('Origin',(-5.81380108969696,10.778034858819,-17.5132957064644));
#9002=CARTESIAN_POINT('',(-5.72268139721948,11.0714711566279,3.785));
#9003=CARTESIAN_POINT('',(-7.39881762760816,5.67374431300331,3.785));
#9004=CARTESIAN_POINT('',(-5.72268139721948,11.0714711566279,3.784));
#9005=CARTESIAN_POINT('',(-5.72268139721948,11.0714711566279,-17.5132957064644));
#9006=CARTESIAN_POINT('',(-7.39881762760816,5.67374431300331,3.784));
#9007=CARTESIAN_POINT('Ctrl Pts',(-5.67789375176445,11.2622047502036,-17.5132957064644));
#9008=CARTESIAN_POINT('Ctrl Pts',(-5.67789375176444,11.2622047502036,25.0832957064644));
#9009=CARTESIAN_POINT('Ctrl Pts',(-5.6941099682223,11.1656796522402,-17.5132957064644));
#9010=CARTESIAN_POINT('Ctrl Pts',(-5.6941099682223,11.1656796522402,25.0832957064644));
#9011=CARTESIAN_POINT('Ctrl Pts',(-5.72268139721948,11.0714711566279,-17.5132957064644));
#9012=CARTESIAN_POINT('Ctrl Pts',(-5.72268139721947,11.0714711566279,25.0832957064644));
#9013=CARTESIAN_POINT('',(-5.67789375176444,11.2622047502036,3.785));
#9014=CARTESIAN_POINT('Ctrl Pts',(-5.67789375176444,11.2622047502036,3.785));
#9015=CARTESIAN_POINT('Ctrl Pts',(-5.6941099682223,11.1656796522402,3.785));
#9016=CARTESIAN_POINT('Ctrl Pts',(-5.72268139721948,11.0714711566279,3.785));
#9017=CARTESIAN_POINT('',(-5.67789375176444,11.2622047502036,3.784));
#9018=CARTESIAN_POINT('',(-5.67789375176445,11.2622047502036,-17.5132957064644));
#9019=CARTESIAN_POINT('Ctrl Pts',(-5.67789375176444,11.2622047502036,3.784));
#9020=CARTESIAN_POINT('Ctrl Pts',(-5.68330144713161,11.2300160873038,3.784));
#9021=CARTESIAN_POINT('Ctrl Pts',(-5.68973732666829,11.1980342655546,3.784));
#9022=CARTESIAN_POINT('Ctrl Pts',(-5.70468180057608,11.1343914197748,3.784));
#9023=CARTESIAN_POINT('Ctrl Pts',(-5.71318112010293,11.1027963946878,3.784));
#9024=CARTESIAN_POINT('Ctrl Pts',(-5.72268139721948,11.0714711566279,3.784));
#9025=CARTESIAN_POINT('Ctrl Pts',(-5.61997869298639,11.05525494017,-17.5132957064644));
#9026=CARTESIAN_POINT('Ctrl Pts',(-5.61997869298638,11.05525494017,25.0832957064644));
#9027=CARTESIAN_POINT('Ctrl Pts',(-5.66013313373917,11.1826680694817,-17.5132957064644));
#9028=CARTESIAN_POINT('Ctrl Pts',(-5.66013313373917,11.1826680694817,25.0832957064644));
#9029=CARTESIAN_POINT('Ctrl Pts',(-5.67789375176445,11.2622047502036,-17.5132957064644));
#9030=CARTESIAN_POINT('Ctrl Pts',(-5.67789375176444,11.2622047502036,25.0832957064644));
#9031=CARTESIAN_POINT('Ctrl Pts',(-5.61997869298638,11.05525494017,3.785));
#9032=CARTESIAN_POINT('Ctrl Pts',(-5.66013313373917,11.1826680694817,3.785));
#9033=CARTESIAN_POINT('Ctrl Pts',(-5.67789375176444,11.2622047502036,3.785));
#9034=CARTESIAN_POINT('Ctrl Pts',(-5.61997869298638,11.05525494017,3.784));
#9035=CARTESIAN_POINT('Ctrl Pts',(-5.64674832015491,11.1401970263778,3.784));
#9036=CARTESIAN_POINT('Ctrl Pts',(-5.6660533397476,11.209180296389,3.784));
#9037=CARTESIAN_POINT('Ctrl Pts',(-5.67789375176444,11.2622047502036,3.784));
#9038=CARTESIAN_POINT('Origin',(-7.15,0.,3.784));
#9039=CARTESIAN_POINT('Origin',(-7.15,0.,3.784));
#9040=CARTESIAN_POINT('',(-4.25858871131013,6.73388464793874,3.784));
#9041=CARTESIAN_POINT('',(-4.15820260942816,6.73388464793874,3.784));
#9042=CARTESIAN_POINT('',(-5.70429435565507,6.73388464793874,3.784));
#9043=CARTESIAN_POINT('',(-4.25858871131013,5.73388463303758,3.784));
#9044=CARTESIAN_POINT('',(-4.25858871131013,2.86694231651879,3.784));
#9045=CARTESIAN_POINT('',(-4.15820260942816,5.73388463303758,3.784));
#9046=CARTESIAN_POINT('',(-5.65410130471408,5.73388463303758,3.784));
#9047=CARTESIAN_POINT('',(-4.15820260942816,3.36694232396937,3.784));
#9048=CARTESIAN_POINT('Origin',(-4.25858871131013,5.73388463303758,-17.5132957064644));
#9049=CARTESIAN_POINT('',(-4.25858871131013,5.73388463303758,-17.5132957064644));
#9050=CARTESIAN_POINT('',(-4.25858871131013,6.73388464793874,-17.5132957064644));
#9051=CARTESIAN_POINT('Origin',(-4.25858871131013,6.73388464793874,-17.5132957064644));
#9052=CARTESIAN_POINT('',(-4.15820260942816,6.73388464793874,-17.5132957064644));
#9053=CARTESIAN_POINT('Origin',(-4.15820260942816,6.73388464793874,-17.5132957064644));
#9054=CARTESIAN_POINT('',(-4.15820260942816,5.73388463303758,-17.5132957064644));
#9055=CARTESIAN_POINT('Origin',(-4.15820260942816,5.73388463303758,-17.5132957064644));
#9056=CARTESIAN_POINT('Ctrl Pts',(-4.06476631459956,10.6915483710438,-17.5132957064644));
#9057=CARTESIAN_POINT('Ctrl Pts',(-4.06476631459956,10.6915483710438,25.0832957064644));
#9058=CARTESIAN_POINT('Ctrl Pts',(-4.06476631459956,10.8390387207319,-17.5132957064644));
#9059=CARTESIAN_POINT('Ctrl Pts',(-4.06476631459956,10.8390387207319,25.0832957064644));
#9060=CARTESIAN_POINT('Ctrl Pts',(-4.20994006193656,11.0158727002009,-17.5132957064644));
#9061=CARTESIAN_POINT('Ctrl Pts',(-4.20994006193656,11.0158727002009,25.0832957064644));
#9062=CARTESIAN_POINT('Ctrl Pts',(-4.3072373606837,11.0158727002009,-17.5132957064644));
#9063=CARTESIAN_POINT('Ctrl Pts',(-4.3072373606837,11.0158727002009,25.0832957064644));
#9064=CARTESIAN_POINT('',(-4.3072373606837,11.0158727002009,3.784));
#9065=CARTESIAN_POINT('',(-4.3072373606837,11.0158727002009,-17.5132957064644));
#9066=CARTESIAN_POINT('',(-4.06476631459956,10.6915483710438,3.784));
#9067=CARTESIAN_POINT('Ctrl Pts',(-4.3072373606837,11.0158727002009,3.784));
#9068=CARTESIAN_POINT('Ctrl Pts',(-4.24237249485228,11.0158727002009,3.784));
#9069=CARTESIAN_POINT('Ctrl Pts',(-4.18574443738039,10.9864003702894,3.784));
#9070=CARTESIAN_POINT('Ctrl Pts',(-4.13735318826806,10.9274557104664,3.784));
#9071=CARTESIAN_POINT('Ctrl Pts',(-4.08896193915573,10.8685110506434,3.784));
#9072=CARTESIAN_POINT('Ctrl Pts',(-4.06476631459956,10.7898752708359,3.784));
#9073=CARTESIAN_POINT('Ctrl Pts',(-4.06476631459956,10.6915483710438,3.784));
#9074=CARTESIAN_POINT('',(-4.06476631459956,10.6915483710438,-17.5132957064644));
#9075=CARTESIAN_POINT('Ctrl Pts',(-4.3072373606837,11.0158727002009,-17.5132957064644));
#9076=CARTESIAN_POINT('Ctrl Pts',(-4.3072373606837,11.0158727002009,25.0832957064644));
#9077=CARTESIAN_POINT('Ctrl Pts',(-4.36592462024547,11.0158727002009,-17.5132957064644));
#9078=CARTESIAN_POINT('Ctrl Pts',(-4.36592462024547,11.0158727002009,25.0832957064644));
#9079=CARTESIAN_POINT('Ctrl Pts',(-4.47094392682969,10.9486912320184,-17.5132957064644));
#9080=CARTESIAN_POINT('Ctrl Pts',(-4.47094392682968,10.9486912320184,25.0832957064644));
#9081=CARTESIAN_POINT('Ctrl Pts',(-4.50569296209652,10.8830541654032,-17.5132957064644));
#9082=CARTESIAN_POINT('Ctrl Pts',(-4.50569296209652,10.8830541654032,25.0832957064644));
#9083=CARTESIAN_POINT('',(-4.50569296209652,10.8830541654032,3.784));
#9084=CARTESIAN_POINT('',(-4.50569296209652,10.8830541654032,-17.5132957064644));
#9085=CARTESIAN_POINT('Ctrl Pts',(-4.50569296209652,10.8830541654032,3.784));
#9086=CARTESIAN_POINT('Ctrl Pts',(-4.4825269385853,10.9268122098133,3.784));
#9087=CARTESIAN_POINT('Ctrl Pts',(-4.45344070906565,10.9598881433821,3.784));
#9088=CARTESIAN_POINT('Ctrl Pts',(-4.41843427353758,10.9822819661096,3.784));
#9089=CARTESIAN_POINT('Ctrl Pts',(-4.3834278380095,11.0046757888372,3.784));
#9090=CARTESIAN_POINT('Ctrl Pts',(-4.34636220039155,11.0158727002009,3.784));
#9091=CARTESIAN_POINT('Ctrl Pts',(-4.3072373606837,11.0158727002009,3.784));
#9092=CARTESIAN_POINT('Ctrl Pts',(-4.50569296209652,10.8830541654032,-17.5132957064644));
#9093=CARTESIAN_POINT('Ctrl Pts',(-4.50569296209652,10.8830541654032,25.0832957064644));
#9094=CARTESIAN_POINT('Ctrl Pts',(-4.50492076131281,11.0668379519256,-17.5132957064644));
#9095=CARTESIAN_POINT('Ctrl Pts',(-4.50492076131281,11.0668379519256,25.0832957064644));
#9096=CARTESIAN_POINT('Ctrl Pts',(-4.45936091507407,11.1610464475379,-17.5132957064644));
#9097=CARTESIAN_POINT('Ctrl Pts',(-4.45936091507407,11.1610464475379,25.0832957064644));
#9098=CARTESIAN_POINT('',(-4.45936091507407,11.1610464475379,3.784));
#9099=CARTESIAN_POINT('',(-4.45936091507407,11.1610464475379,-17.5132957064644));
#9100=CARTESIAN_POINT('Ctrl Pts',(-4.45936091507407,11.1610464475379,3.784));
#9101=CARTESIAN_POINT('Ctrl Pts',(-4.4897341458999,11.0982407837964,3.784));
#9102=CARTESIAN_POINT('Ctrl Pts',(-4.50517816157405,11.0055766897515,3.784));
#9103=CARTESIAN_POINT('Ctrl Pts',(-4.50569296209652,10.8830541654032,3.784));
#9104=CARTESIAN_POINT('Ctrl Pts',(-4.45936091507407,11.1610464475379,-17.5132957064644));
#9105=CARTESIAN_POINT('Ctrl Pts',(-4.45936091507407,11.1610464475379,25.0832957064644));
#9106=CARTESIAN_POINT('Ctrl Pts',(-4.40685126178197,11.2699267580407,-17.5132957064644));
#9107=CARTESIAN_POINT('Ctrl Pts',(-4.40685126178196,11.2699267580407,25.0832957064644));
#9108=CARTESIAN_POINT('Ctrl Pts',(-4.31882037243932,11.2699267580407,-17.5132957064644));
#9109=CARTESIAN_POINT('Ctrl Pts',(-4.31882037243931,11.2699267580407,25.0832957064644));
#9110=CARTESIAN_POINT('',(-4.31882037243931,11.2699267580407,3.784));
#9111=CARTESIAN_POINT('',(-4.31882037243932,11.2699267580407,-17.5132957064644));
#9112=CARTESIAN_POINT('Ctrl Pts',(-4.31882037243931,11.2699267580407,3.784));
#9113=CARTESIAN_POINT('Ctrl Pts',(-4.37750763200108,11.2699267580407,3.784));
#9114=CARTESIAN_POINT('Ctrl Pts',(-4.424354479546,11.2336333212064,3.784));
#9115=CARTESIAN_POINT('Ctrl Pts',(-4.45936091507407,11.1610464475379,3.784));
#9116=CARTESIAN_POINT('Ctrl Pts',(-4.31882037243932,11.2699267580407,-17.5132957064644));
#9117=CARTESIAN_POINT('Ctrl Pts',(-4.31882037243931,11.2699267580407,25.0832957064644));
#9118=CARTESIAN_POINT('Ctrl Pts',(-4.26244971522867,11.2699267580407,-17.5132957064644));
#9119=CARTESIAN_POINT('Ctrl Pts',(-4.26244971522867,11.2699267580407,25.0832957064644));
#9120=CARTESIAN_POINT('Ctrl Pts',(-4.22229527447588,11.2220503094508,-17.5132957064644));
#9121=CARTESIAN_POINT('Ctrl Pts',(-4.22229527447588,11.2220503094508,25.0832957064644));
#9122=CARTESIAN_POINT('',(-4.22229527447588,11.2220503094508,3.784));
#9123=CARTESIAN_POINT('',(-4.22229527447588,11.2220503094508,-17.5132957064644));
#9124=CARTESIAN_POINT('Ctrl Pts',(-4.22229527447588,11.2220503094508,3.784));
#9125=CARTESIAN_POINT('Ctrl Pts',(-4.24906490164441,11.2539679418441,3.784));
#9126=CARTESIAN_POINT('Ctrl Pts',(-4.28123993429888,11.2699267580407,3.784));
#9127=CARTESIAN_POINT('Ctrl Pts',(-4.31882037243931,11.2699267580407,3.784));
#9128=CARTESIAN_POINT('Ctrl Pts',(-4.49024894642237,10.6915483710438,-17.5132957064644));
#9129=CARTESIAN_POINT('Ctrl Pts',(-4.49024894642237,10.6915483710438,25.0832957064644));
#9130=CARTESIAN_POINT('Ctrl Pts',(-4.49024894642237,10.5834402613247,-17.5132957064644));
#9131=CARTESIAN_POINT('Ctrl Pts',(-4.49024894642237,10.5834402613247,25.0832957064644));
#9132=CARTESIAN_POINT('Ctrl Pts',(-4.38831844297299,10.4513939273108,-17.5132957064644));
#9133=CARTESIAN_POINT('Ctrl Pts',(-4.38831844297298,10.4513939273108,25.0832957064644));
#9134=CARTESIAN_POINT('Ctrl Pts',(-4.32036477400673,10.4513939273108,-17.5132957064644));
#9135=CARTESIAN_POINT('Ctrl Pts',(-4.32036477400673,10.4513939273108,25.0832957064644));
#9136=CARTESIAN_POINT('',(-4.49024894642237,10.6915483710438,3.785));
#9137=CARTESIAN_POINT('',(-4.32036477400673,10.4513939273108,3.785));
#9138=CARTESIAN_POINT('Ctrl Pts',(-4.49024894642237,10.6915483710438,3.78500000000001));
#9139=CARTESIAN_POINT('Ctrl Pts',(-4.49024894642237,10.5834402613247,3.78500000000001));
#9140=CARTESIAN_POINT('Ctrl Pts',(-4.38831844297298,10.4513939273108,3.78500000000001));
#9141=CARTESIAN_POINT('Ctrl Pts',(-4.32036477400673,10.4513939273108,3.78500000000001));
#9142=CARTESIAN_POINT('',(-4.49024894642237,10.6915483710438,3.784));
#9143=CARTESIAN_POINT('',(-4.49024894642237,10.6915483710438,-17.5132957064644));
#9144=CARTESIAN_POINT('',(-4.32036477400673,10.4513939273108,3.784));
#9145=CARTESIAN_POINT('Ctrl Pts',(-4.49024894642237,10.6915483710438,3.784));
#9146=CARTESIAN_POINT('Ctrl Pts',(-4.49024894642237,10.6194762978978,3.784));
#9147=CARTESIAN_POINT('Ctrl Pts',(-4.47326052918081,10.5614325389891,3.784));
#9148=CARTESIAN_POINT('Ctrl Pts',(-4.43928369469768,10.5174170943178,3.784));
#9149=CARTESIAN_POINT('Ctrl Pts',(-4.40530686021455,10.4734016496464,3.784));
#9150=CARTESIAN_POINT('Ctrl Pts',(-4.36566721998423,10.4513939273108,3.784));
#9151=CARTESIAN_POINT('Ctrl Pts',(-4.32036477400673,10.4513939273108,3.784));
#9152=CARTESIAN_POINT('',(-4.32036477400673,10.4513939273108,-17.5132957064644));
#9153=CARTESIAN_POINT('Ctrl Pts',(-4.32036477400673,10.4513939273108,-17.5132957064644));
#9154=CARTESIAN_POINT('Ctrl Pts',(-4.32036477400673,10.4513939273108,25.0832957064644));
#9155=CARTESIAN_POINT('Ctrl Pts',(-4.26167751444496,10.4513939273108,-17.5132957064644));
#9156=CARTESIAN_POINT('Ctrl Pts',(-4.26167751444496,10.4513939273108,25.0832957064644));
#9157=CARTESIAN_POINT('Ctrl Pts',(-4.16824121961636,10.5757182534877,-17.5132957064644));
#9158=CARTESIAN_POINT('Ctrl Pts',(-4.16824121961636,10.5757182534877,25.0832957064644));
#9159=CARTESIAN_POINT('Ctrl Pts',(-4.16824121961636,10.6838263632067,-17.5132957064644));
#9160=CARTESIAN_POINT('Ctrl Pts',(-4.16824121961636,10.6838263632067,25.0832957064644));
#9161=CARTESIAN_POINT('',(-4.16824121961636,10.6838263632067,3.785));
#9162=CARTESIAN_POINT('Ctrl Pts',(-4.32036477400673,10.4513939273108,3.78500000000001));
#9163=CARTESIAN_POINT('Ctrl Pts',(-4.26167751444496,10.4513939273108,3.78500000000001));
#9164=CARTESIAN_POINT('Ctrl Pts',(-4.16824121961636,10.5757182534877,3.78500000000001));
#9165=CARTESIAN_POINT('Ctrl Pts',(-4.16824121961636,10.6838263632067,3.78500000000001));
#9166=CARTESIAN_POINT('',(-4.16824121961636,10.6838263632067,3.784));
#9167=CARTESIAN_POINT('Ctrl Pts',(-4.32036477400673,10.4513939273108,3.784));
#9168=CARTESIAN_POINT('Ctrl Pts',(-4.28123993429888,10.4513939273108,3.784));
#9169=CARTESIAN_POINT('Ctrl Pts',(-4.24610479864019,10.4721146483403,3.784));
#9170=CARTESIAN_POINT('Ctrl Pts',(-4.21495936703066,10.5135560903992,3.784));
#9171=CARTESIAN_POINT('Ctrl Pts',(-4.18381393542113,10.5549975324582,3.784));
#9172=CARTESIAN_POINT('Ctrl Pts',(-4.16824121961636,10.6117542900607,3.784));
#9173=CARTESIAN_POINT('Ctrl Pts',(-4.16824121961636,10.6838263632067,3.784));
#9174=CARTESIAN_POINT('',(-4.16824121961636,10.6838263632067,-17.5132957064644));
#9175=CARTESIAN_POINT('Ctrl Pts',(-4.22229527447588,11.2220503094508,-17.5132957064644));
#9176=CARTESIAN_POINT('Ctrl Pts',(-4.22229527447588,11.2220503094508,25.0832957064644));
#9177=CARTESIAN_POINT('Ctrl Pts',(-4.19449604626241,11.1896178765351,-17.5132957064644));
#9178=CARTESIAN_POINT('Ctrl Pts',(-4.19449604626241,11.1896178765351,25.0832957064644));
#9179=CARTESIAN_POINT('Ctrl Pts',(-4.17982423137197,11.1131699989481,-17.5132957064644));
#9180=CARTESIAN_POINT('Ctrl Pts',(-4.17982423137197,11.1131699989481,25.0832957064644));
#9181=CARTESIAN_POINT('',(-4.17982423137197,11.1131699989481,3.784));
#9182=CARTESIAN_POINT('',(-4.17982423137197,11.1131699989481,-17.5132957064644));
#9183=CARTESIAN_POINT('Ctrl Pts',(-4.17982423137197,11.1131699989481,3.784));
#9184=CARTESIAN_POINT('Ctrl Pts',(-4.18960544129893,11.1641352506728,3.784));
#9185=CARTESIAN_POINT('Ctrl Pts',(-4.2037624556669,11.200428687507,3.784));
#9186=CARTESIAN_POINT('Ctrl Pts',(-4.22229527447588,11.2220503094508,3.784));
#9187=CARTESIAN_POINT('Origin',(-4.07943812949,11.1224364083526,-17.5132957064644));
#9188=CARTESIAN_POINT('',(-4.07943812949,11.1224364083526,3.784));
#9189=CARTESIAN_POINT('',(-4.07943812949,11.1224364083526,-17.5132957064644));
#9190=CARTESIAN_POINT('',(-6.11075402976718,10.9349303252501,3.784));
#9191=CARTESIAN_POINT('Ctrl Pts',(-4.07943812949,11.1224364083526,-17.5132957064644));
#9192=CARTESIAN_POINT('Ctrl Pts',(-4.07943812949,11.1224364083526,25.0832957064644));
#9193=CARTESIAN_POINT('Ctrl Pts',(-4.09333774359674,11.2436719313946,-17.5132957064644));
#9194=CARTESIAN_POINT('Ctrl Pts',(-4.09333774359673,11.2436719313946,25.0832957064644));
#9195=CARTESIAN_POINT('Ctrl Pts',(-4.21920647134105,11.3710850607064,-17.5132957064644));
#9196=CARTESIAN_POINT('Ctrl Pts',(-4.21920647134105,11.3710850607064,25.0832957064644));
#9197=CARTESIAN_POINT('Ctrl Pts',(-4.31264276616966,11.3710850607064,-17.5132957064644));
#9198=CARTESIAN_POINT('Ctrl Pts',(-4.31264276616965,11.3710850607064,25.0832957064644));
#9199=CARTESIAN_POINT('',(-4.31264276616965,11.3710850607064,3.784));
#9200=CARTESIAN_POINT('',(-4.31264276616966,11.3710850607064,-17.5132957064644));
#9201=CARTESIAN_POINT('Ctrl Pts',(-4.31264276616965,11.3710850607064,3.784));
#9202=CARTESIAN_POINT('Ctrl Pts',(-4.25035190295059,11.3710850607064,3.784));
#9203=CARTESIAN_POINT('Ctrl Pts',(-4.19822835005033,11.3498495391544,3.784));
#9204=CARTESIAN_POINT('Ctrl Pts',(-4.15627210746889,11.3073784960505,3.784));
#9205=CARTESIAN_POINT('Ctrl Pts',(-4.11431586488746,11.2649074529466,3.784));
#9206=CARTESIAN_POINT('Ctrl Pts',(-4.08870453889449,11.2032600903806,3.784));
#9207=CARTESIAN_POINT('Ctrl Pts',(-4.07943812949,11.1224364083526,3.784));
#9208=CARTESIAN_POINT('Ctrl Pts',(-4.31264276616966,11.3710850607064,-17.5132957064644));
#9209=CARTESIAN_POINT('Ctrl Pts',(-4.31264276616965,11.3710850607064,25.0832957064644));
#9210=CARTESIAN_POINT('Ctrl Pts',(-4.44082809626509,11.3710850607064,-17.5132957064644));
#9211=CARTESIAN_POINT('Ctrl Pts',(-4.44082809626509,11.3710850607064,25.0832957064644));
#9212=CARTESIAN_POINT('Ctrl Pts',(-4.60607906397849,11.1247530107037,-17.5132957064644));
#9213=CARTESIAN_POINT('Ctrl Pts',(-4.60607906397849,11.1247530107037,25.0832957064644));
#9214=CARTESIAN_POINT('Ctrl Pts',(-4.60607906397849,10.8351777168134,-17.5132957064644));
#9215=CARTESIAN_POINT('Ctrl Pts',(-4.60607906397849,10.8351777168134,25.0832957064644));
#9216=CARTESIAN_POINT('',(-4.60607906397849,10.8351777168134,3.784));
#9217=CARTESIAN_POINT('',(-4.60607906397849,10.8351777168134,-17.5132957064644));
#9218=CARTESIAN_POINT('Ctrl Pts',(-4.60607906397849,10.8351777168134,3.784));
#9219=CARTESIAN_POINT('Ctrl Pts',(-4.60607906397849,11.0282279127402,3.784));
#9220=CARTESIAN_POINT('Ctrl Pts',(-4.57853723602626,11.1658083523708,3.784));
#9221=CARTESIAN_POINT('Ctrl Pts',(-4.52345358012179,11.247919035705,3.784));
#9222=CARTESIAN_POINT('Ctrl Pts',(-4.46836992421732,11.3300297190392,3.784));
#9223=CARTESIAN_POINT('Ctrl Pts',(-4.39809965289995,11.3710850607064,3.784));
#9224=CARTESIAN_POINT('Ctrl Pts',(-4.31264276616965,11.3710850607064,3.784));
#9225=CARTESIAN_POINT('Ctrl Pts',(-4.60607906397849,10.8351777168134,-17.5132957064644));
#9226=CARTESIAN_POINT('Ctrl Pts',(-4.60607906397849,10.8351777168134,25.0832957064644));
#9227=CARTESIAN_POINT('Ctrl Pts',(-4.60607906397849,10.5741738519203,-17.5132957064644));
#9228=CARTESIAN_POINT('Ctrl Pts',(-4.60607906397849,10.5741738519203,25.0832957064644));
#9229=CARTESIAN_POINT('Ctrl Pts',(-4.44546130096734,10.3502356246451,-17.5132957064644));
#9230=CARTESIAN_POINT('Ctrl Pts',(-4.44546130096734,10.3502356246451,25.0832957064644));
#9231=CARTESIAN_POINT('Ctrl Pts',(-4.32113697479044,10.3502356246451,-17.5132957064644));
#9232=CARTESIAN_POINT('Ctrl Pts',(-4.32113697479043,10.3502356246451,25.0832957064644));
#9233=CARTESIAN_POINT('',(-4.32113697479044,10.3502356246451,3.784));
#9234=CARTESIAN_POINT('',(-4.32113697479044,10.3502356246451,-17.5132957064644));
#9235=CARTESIAN_POINT('Ctrl Pts',(-4.32113697479044,10.3502356246451,3.784));
#9236=CARTESIAN_POINT('Ctrl Pts',(-4.40401985890837,10.3502356246451,3.784));
#9237=CARTESIAN_POINT('Ctrl Pts',(-4.47223092813586,10.3875586625243,3.784));
#9238=CARTESIAN_POINT('Ctrl Pts',(-4.52577018247291,10.4622047382827,3.784));
#9239=CARTESIAN_POINT('Ctrl Pts',(-4.57930943680996,10.5368508140411,3.784));
#9240=CARTESIAN_POINT('Ctrl Pts',(-4.60607906397849,10.661175140218,3.784));
#9241=CARTESIAN_POINT('Ctrl Pts',(-4.60607906397849,10.8351777168134,3.784));
#9242=CARTESIAN_POINT('Ctrl Pts',(-4.32113697479044,10.3502356246451,-17.5132957064644));
#9243=CARTESIAN_POINT('Ctrl Pts',(-4.32113697479043,10.3502356246451,25.0832957064644));
#9244=CARTESIAN_POINT('Ctrl Pts',(-4.25241110504047,10.3502356246451,-17.5132957064644));
#9245=CARTESIAN_POINT('Ctrl Pts',(-4.25241110504047,10.3502356246451,25.0832957064644));
#9246=CARTESIAN_POINT('Ctrl Pts',(-4.13735318826806,10.4282279037995,-17.5132957064644));
#9247=CARTESIAN_POINT('Ctrl Pts',(-4.13735318826806,10.4282279037995,25.0832957064644));
#9248=CARTESIAN_POINT('Ctrl Pts',(-4.06476631459956,10.5911622691618,-17.5132957064644));
#9249=CARTESIAN_POINT('Ctrl Pts',(-4.06476631459956,10.5911622691618,25.0832957064644));
#9250=CARTESIAN_POINT('Ctrl Pts',(-4.06476631459956,10.6915483710438,-17.5132957064644));
#9251=CARTESIAN_POINT('Ctrl Pts',(-4.06476631459956,10.6915483710438,25.0832957064644));
#9252=CARTESIAN_POINT('Ctrl Pts',(-4.06476631459956,10.6915483710438,3.784));
#9253=CARTESIAN_POINT('Ctrl Pts',(-4.06476631459956,10.6246243031225,3.784));
#9254=CARTESIAN_POINT('Ctrl Pts',(-4.07686412687764,10.5640065416014,3.784));
#9255=CARTESIAN_POINT('Ctrl Pts',(-4.10105975143381,10.5096950864807,3.784));
#9256=CARTESIAN_POINT('Ctrl Pts',(-4.12525537598998,10.4553836313599,3.784));
#9257=CARTESIAN_POINT('Ctrl Pts',(-4.15652950773013,10.4152291906071,3.784));
#9258=CARTESIAN_POINT('Ctrl Pts',(-4.19488214665427,10.3892317642223,3.784));
#9259=CARTESIAN_POINT('Ctrl Pts',(-4.2332347855784,10.3632343378375,3.784));
#9260=CARTESIAN_POINT('Ctrl Pts',(-4.27531972829046,10.3502356246451,3.784));
#9261=CARTESIAN_POINT('Ctrl Pts',(-4.32113697479044,10.3502356246451,3.784));
#9262=CARTESIAN_POINT('Ctrl Pts',(-4.3273145810601,10.9077645904819,-17.5132957064644));
#9263=CARTESIAN_POINT('Ctrl Pts',(-4.32731458106009,10.9077645904819,25.0832957064644));
#9264=CARTESIAN_POINT('Ctrl Pts',(-4.39295164767523,10.9077645904819,-17.5132957064644));
#9265=CARTESIAN_POINT('Ctrl Pts',(-4.39295164767523,10.9077645904819,25.0832957064644));
#9266=CARTESIAN_POINT('Ctrl Pts',(-4.49024894642237,10.7911622721421,-17.5132957064644));
#9267=CARTESIAN_POINT('Ctrl Pts',(-4.49024894642237,10.7911622721421,25.0832957064644));
#9268=CARTESIAN_POINT('Ctrl Pts',(-4.49024894642237,10.6915483710438,-17.5132957064644));
#9269=CARTESIAN_POINT('Ctrl Pts',(-4.49024894642237,10.6915483710438,25.0832957064644));
#9270=CARTESIAN_POINT('',(-4.3273145810601,10.9077645904819,3.785));
#9271=CARTESIAN_POINT('Ctrl Pts',(-4.3273145810601,10.9077645904819,3.78500000000001));
#9272=CARTESIAN_POINT('Ctrl Pts',(-4.39295164767523,10.9077645904819,3.78500000000001));
#9273=CARTESIAN_POINT('Ctrl Pts',(-4.49024894642237,10.7911622721421,3.78500000000001));
#9274=CARTESIAN_POINT('Ctrl Pts',(-4.49024894642237,10.6915483710438,3.78500000000001));
#9275=CARTESIAN_POINT('',(-4.3273145810601,10.9077645904819,3.784));
#9276=CARTESIAN_POINT('',(-4.3273145810601,10.9077645904819,-17.5132957064644));
#9277=CARTESIAN_POINT('Ctrl Pts',(-4.3273145810601,10.9077645904819,3.784));
#9278=CARTESIAN_POINT('Ctrl Pts',(-4.37107262547019,10.9077645904819,3.784));
#9279=CARTESIAN_POINT('Ctrl Pts',(-4.40916786413309,10.8883308707586,3.784));
#9280=CARTESIAN_POINT('Ctrl Pts',(-4.4416002970488,10.849463431312,3.784));
#9281=CARTESIAN_POINT('Ctrl Pts',(-4.47403272996451,10.8105959918654,3.784));
#9282=CARTESIAN_POINT('Ctrl Pts',(-4.49024894642237,10.7579576384426,3.784));
#9283=CARTESIAN_POINT('Ctrl Pts',(-4.49024894642237,10.6915483710438,3.784));
#9284=CARTESIAN_POINT('Ctrl Pts',(-4.16824121961636,10.6838263632067,-17.5132957064644));
#9285=CARTESIAN_POINT('Ctrl Pts',(-4.16824121961636,10.6838263632067,25.0832957064644));
#9286=CARTESIAN_POINT('Ctrl Pts',(-4.16824121961636,10.7903900713583,-17.5132957064644));
#9287=CARTESIAN_POINT('Ctrl Pts',(-4.16824121961636,10.7903900713583,25.0832957064644));
#9288=CARTESIAN_POINT('Ctrl Pts',(-4.26090531366126,10.9077645904819,-17.5132957064644));
#9289=CARTESIAN_POINT('Ctrl Pts',(-4.26090531366125,10.9077645904819,25.0832957064644));
#9290=CARTESIAN_POINT('Ctrl Pts',(-4.3273145810601,10.9077645904819,-17.5132957064644));
#9291=CARTESIAN_POINT('Ctrl Pts',(-4.32731458106009,10.9077645904819,25.0832957064644));
#9292=CARTESIAN_POINT('Ctrl Pts',(-4.16824121961636,10.6838263632067,3.78500000000001));
#9293=CARTESIAN_POINT('Ctrl Pts',(-4.16824121961636,10.7903900713583,3.78500000000001));
#9294=CARTESIAN_POINT('Ctrl Pts',(-4.26090531366125,10.9077645904819,3.78500000000001));
#9295=CARTESIAN_POINT('Ctrl Pts',(-4.3273145810601,10.9077645904819,3.78500000000001));
#9296=CARTESIAN_POINT('Ctrl Pts',(-4.16824121961636,10.6838263632067,3.784));
#9297=CARTESIAN_POINT('Ctrl Pts',(-4.16824121961636,10.7548688353078,3.784));
#9298=CARTESIAN_POINT('Ctrl Pts',(-4.18368523529051,10.8099524912123,3.784));
#9299=CARTESIAN_POINT('Ctrl Pts',(-4.21457326663881,10.8490773309201,3.784));
#9300=CARTESIAN_POINT('Ctrl Pts',(-4.2454612979871,10.888202170628,3.784));
#9301=CARTESIAN_POINT('Ctrl Pts',(-4.28304173612753,10.9077645904819,3.784));
#9302=CARTESIAN_POINT('Ctrl Pts',(-4.3273145810601,10.9077645904819,3.784));
#9303=CARTESIAN_POINT('Origin',(-7.15,0.,3.784));
#9304=CARTESIAN_POINT('Origin',(-7.15,0.,3.784));
#9305=CARTESIAN_POINT('',(-3.96978561820354,6.45820896815517,3.784));
#9306=CARTESIAN_POINT('',(-3.85549990221484,6.45820896815517,3.784));
#9307=CARTESIAN_POINT('',(-5.55989280910177,6.45820896815517,3.784));
#9308=CARTESIAN_POINT('',(-3.96978561820354,6.31844062630412,3.784));
#9309=CARTESIAN_POINT('',(-3.96978561820354,3.15922031315206,3.784));
#9310=CARTESIAN_POINT('',(-3.85549990221484,6.31844062630412,3.784));
#9311=CARTESIAN_POINT('',(-5.50274995110742,6.31844062630412,3.784));
#9312=CARTESIAN_POINT('',(-3.85549990221484,3.22910448407759,3.784));
#9313=CARTESIAN_POINT('Origin',(-3.96978561820354,6.31844062630412,-17.5132957064644));
#9314=CARTESIAN_POINT('',(-3.96978561820354,6.31844062630412,-17.5132957064644));
#9315=CARTESIAN_POINT('',(-3.96978561820354,6.45820896815517,-17.5132957064644));
#9316=CARTESIAN_POINT('Origin',(-3.96978561820354,6.45820896815517,-17.5132957064644));
#9317=CARTESIAN_POINT('',(-3.85549990221484,6.45820896815517,-17.5132957064644));
#9318=CARTESIAN_POINT('Origin',(-3.85549990221484,6.45820896815517,-17.5132957064644));
#9319=CARTESIAN_POINT('',(-3.85549990221484,6.31844062630412,-17.5132957064644));
#9320=CARTESIAN_POINT('Origin',(-3.85549990221484,6.31844062630412,-17.5132957064644));
#9321=CARTESIAN_POINT('Ctrl Pts',(-5.60762348044706,6.63813175075901,-17.5132957064644));
#9322=CARTESIAN_POINT('Ctrl Pts',(-5.60762348044706,6.63813175075901,25.0832957064644));
#9323=CARTESIAN_POINT('Ctrl Pts',(-5.44314471351738,6.63813175075901,-17.5132957064644));
#9324=CARTESIAN_POINT('Ctrl Pts',(-5.44314471351737,6.63813175075901,25.0832957064644));
#9325=CARTESIAN_POINT('Ctrl Pts',(-5.38831845787415,6.4304097399417,-17.5132957064644));
#9326=CARTESIAN_POINT('Ctrl Pts',(-5.38831845787414,6.4304097399417,25.0832957064644));
#9327=CARTESIAN_POINT('',(-5.38831845787414,6.4304097399417,3.784));
#9328=CARTESIAN_POINT('',(-5.38831845787415,6.4304097399417,-17.5132957064644));
#9329=CARTESIAN_POINT('',(-5.60762348044706,6.63813175075901,3.784));
#9330=CARTESIAN_POINT('Ctrl Pts',(-5.38831845787414,6.4304097399417,3.784));
#9331=CARTESIAN_POINT('Ctrl Pts',(-5.42486929496963,6.56889108048658,3.784));
#9332=CARTESIAN_POINT('Ctrl Pts',(-5.4979709691606,6.63813175075901,3.784));
#9333=CARTESIAN_POINT('Ctrl Pts',(-5.60762348044706,6.63813175075901,3.784));
#9334=CARTESIAN_POINT('',(-5.60762348044706,6.63813175075901,-17.5132957064644));
#9335=CARTESIAN_POINT('Origin',(-5.28175474972252,6.46129777129,-17.5132957064644));
#9336=CARTESIAN_POINT('',(-5.28175474972252,6.46129777129,3.784));
#9337=CARTESIAN_POINT('',(-5.28175474972252,6.46129777129,-17.5132957064644));
#9338=CARTESIAN_POINT('',(-7.00732213598015,5.96113331150518,3.784));
#9339=CARTESIAN_POINT('Ctrl Pts',(-5.28175474972252,6.46129777129,-17.5132957064644));
#9340=CARTESIAN_POINT('Ctrl Pts',(-5.28175474972251,6.46129777129,25.0832957064644));
#9341=CARTESIAN_POINT('Ctrl Pts',(-5.31573158420564,6.60415491627588,-17.5132957064644));
#9342=CARTESIAN_POINT('Ctrl Pts',(-5.31573158420564,6.60415491627588,25.0832957064644));
#9343=CARTESIAN_POINT('Ctrl Pts',(-5.48638795740499,6.75164526596401,-17.5132957064644));
#9344=CARTESIAN_POINT('Ctrl Pts',(-5.48638795740499,6.75164526596401,25.0832957064644));
#9345=CARTESIAN_POINT('Ctrl Pts',(-5.60530687809594,6.75164526596401,-17.5132957064644));
#9346=CARTESIAN_POINT('Ctrl Pts',(-5.60530687809594,6.75164526596401,25.0832957064644));
#9347=CARTESIAN_POINT('',(-5.60530687809594,6.75164526596401,3.784));
#9348=CARTESIAN_POINT('',(-5.60530687809594,6.75164526596401,-17.5132957064644));
#9349=CARTESIAN_POINT('Ctrl Pts',(-5.60530687809594,6.75164526596401,3.784));
#9350=CARTESIAN_POINT('Ctrl Pts',(-5.52602759763531,6.75164526596401,3.784));
#9351=CARTESIAN_POINT('Ctrl Pts',(-5.45794522853843,6.72706354101599,3.784));
#9352=CARTESIAN_POINT('Ctrl Pts',(-5.40105977080532,6.67790009111995,3.784));
#9353=CARTESIAN_POINT('Ctrl Pts',(-5.3441743130722,6.6287366412239,3.784));
#9354=CARTESIAN_POINT('Ctrl Pts',(-5.30440597271127,6.55653586794726,3.784));
#9355=CARTESIAN_POINT('Ctrl Pts',(-5.28175474972252,6.46129777129,3.784));
#9356=CARTESIAN_POINT('Ctrl Pts',(-5.60530687809594,6.75164526596401,-17.5132957064644));
#9357=CARTESIAN_POINT('Ctrl Pts',(-5.60530687809594,6.75164526596401,25.0832957064644));
#9358=CARTESIAN_POINT('Ctrl Pts',(-5.71341498781499,6.75164526596401,-17.5132957064644));
#9359=CARTESIAN_POINT('Ctrl Pts',(-5.71341498781498,6.75164526596401,25.0832957064644));
#9360=CARTESIAN_POINT('Ctrl Pts',(-5.89024896728399,6.63504294762418,-17.5132957064644));
#9361=CARTESIAN_POINT('Ctrl Pts',(-5.89024896728399,6.63504294762418,25.0832957064644));
#9362=CARTESIAN_POINT('Ctrl Pts',(-5.99295167151709,6.40647151564677,-17.5132957064644));
#9363=CARTESIAN_POINT('Ctrl Pts',(-5.99295167151708,6.40647151564677,25.0832957064644));
#9364=CARTESIAN_POINT('Ctrl Pts',(-5.99295167151709,6.24122054793338,-17.5132957064644));
#9365=CARTESIAN_POINT('Ctrl Pts',(-5.99295167151708,6.24122054793338,25.0832957064644));
#9366=CARTESIAN_POINT('',(-5.99295167151709,6.24122054793338,3.784));
#9367=CARTESIAN_POINT('',(-5.99295167151709,6.24122054793338,-17.5132957064644));
#9368=CARTESIAN_POINT('Ctrl Pts',(-5.99295167151709,6.24122054793338,3.784));
#9369=CARTESIAN_POINT('Ctrl Pts',(-5.99295167151709,6.35138785974231,3.784));
#9370=CARTESIAN_POINT('Ctrl Pts',(-5.9758345541449,6.44456675430967,3.784));
#9371=CARTESIAN_POINT('Ctrl Pts',(-5.94160031940054,6.52075723163548,3.784));
#9372=CARTESIAN_POINT('Ctrl Pts',(-5.90736608465618,6.59694770896128,3.784));
#9373=CARTESIAN_POINT('Ctrl Pts',(-5.86077663737249,6.65447666734749,3.784));
#9374=CARTESIAN_POINT('Ctrl Pts',(-5.80183197754949,6.6933441067941,3.784));
#9375=CARTESIAN_POINT('Ctrl Pts',(-5.74288731772649,6.7322115462407,3.784));
#9376=CARTESIAN_POINT('Ctrl Pts',(-5.67737895124197,6.75164526596401,3.784));
#9377=CARTESIAN_POINT('Ctrl Pts',(-5.60530687809594,6.75164526596401,3.784));
#9378=CARTESIAN_POINT('Ctrl Pts',(-5.99295167151709,6.24122054793338,-17.5132957064644));
#9379=CARTESIAN_POINT('Ctrl Pts',(-5.99295167151708,6.24122054793338,25.0832957064644));
#9380=CARTESIAN_POINT('Ctrl Pts',(-5.99295167151709,6.07365297786886,-17.5132957064644));
#9381=CARTESIAN_POINT('Ctrl Pts',(-5.99295167151708,6.07365297786886,25.0832957064644));
#9382=CARTESIAN_POINT('Ctrl Pts',(-5.89024896728399,5.82809312864988,-17.5132957064644));
#9383=CARTESIAN_POINT('Ctrl Pts',(-5.89024896728399,5.82809312864988,25.0832957064644));
#9384=CARTESIAN_POINT('Ctrl Pts',(-5.72808680270543,5.71689621579601,-17.5132957064644));
#9385=CARTESIAN_POINT('Ctrl Pts',(-5.72808680270543,5.71689621579601,25.0832957064644));
#9386=CARTESIAN_POINT('Ctrl Pts',(-5.61457328750043,5.71689621579601,-17.5132957064644));
#9387=CARTESIAN_POINT('Ctrl Pts',(-5.61457328750043,5.71689621579601,25.0832957064644));
#9388=CARTESIAN_POINT('',(-5.61457328750043,5.71689621579601,3.784));
#9389=CARTESIAN_POINT('',(-5.61457328750043,5.71689621579601,-17.5132957064644));
#9390=CARTESIAN_POINT('Ctrl Pts',(-5.61457328750043,5.71689621579601,3.784));
#9391=CARTESIAN_POINT('Ctrl Pts',(-5.69024896430376,5.71689621579601,3.784));
#9392=CARTESIAN_POINT('Ctrl Pts',(-5.75511383013519,5.73542903460499,3.784));
#9393=CARTESIAN_POINT('Ctrl Pts',(-5.80916788499471,5.77249467222295,3.784));
#9394=CARTESIAN_POINT('Ctrl Pts',(-5.86322193985423,5.80956030984091,3.784));
#9395=CARTESIAN_POINT('Ctrl Pts',(-5.90736608465618,5.86901977018638,3.784));
#9396=CARTESIAN_POINT('Ctrl Pts',(-5.94160031940054,5.95087305325937,3.784));
#9397=CARTESIAN_POINT('Ctrl Pts',(-5.9758345541449,6.03272633633236,3.784));
#9398=CARTESIAN_POINT('Ctrl Pts',(-5.99295167151709,6.12950883455703,3.784));
#9399=CARTESIAN_POINT('Ctrl Pts',(-5.99295167151709,6.24122054793338,3.784));
#9400=CARTESIAN_POINT('Ctrl Pts',(-5.61457328750043,5.71689621579601,-17.5132957064644));
#9401=CARTESIAN_POINT('Ctrl Pts',(-5.61457328750043,5.71689621579601,25.0832957064644));
#9402=CARTESIAN_POINT('Ctrl Pts',(-5.48484355583758,5.71689621579601,-17.5132957064644));
#9403=CARTESIAN_POINT('Ctrl Pts',(-5.48484355583757,5.71689621579601,25.0832957064644));
#9404=CARTESIAN_POINT('Ctrl Pts',(-5.30414857245003,5.88291938429311,-17.5132957064644));
#9405=CARTESIAN_POINT('Ctrl Pts',(-5.30414857245003,5.88291938429311,25.0832957064644));
#9406=CARTESIAN_POINT('Ctrl Pts',(-5.26785513561578,6.05125915514134,-17.5132957064644));
#9407=CARTESIAN_POINT('Ctrl Pts',(-5.26785513561578,6.05125915514134,25.0832957064644));
#9408=CARTESIAN_POINT('',(-5.26785513561578,6.05125915514134,3.784));
#9409=CARTESIAN_POINT('',(-5.26785513561578,6.05125915514134,-17.5132957064644));
#9410=CARTESIAN_POINT('Ctrl Pts',(-5.26785513561578,6.05125915514134,3.784));
#9411=CARTESIAN_POINT('Ctrl Pts',(-5.29205076017195,5.93903264124252,3.784));
#9412=CARTESIAN_POINT('Ctrl Pts',(-5.33426440301462,5.85524885621026,3.784));
#9413=CARTESIAN_POINT('Ctrl Pts',(-5.3944960641438,5.79990780004456,3.784));
#9414=CARTESIAN_POINT('Ctrl Pts',(-5.45472772527299,5.74456674387886,3.784));
#9415=CARTESIAN_POINT('Ctrl Pts',(-5.52808679972519,5.71689621579601,3.784));
#9416=CARTESIAN_POINT('Ctrl Pts',(-5.61457328750043,5.71689621579601,3.784));
#9417=CARTESIAN_POINT('Origin',(-5.37673544611853,6.08446378884076,-17.5132957064644));
#9418=CARTESIAN_POINT('',(-5.37673544611853,6.08446378884076,3.784));
#9419=CARTESIAN_POINT('',(-5.37673544611853,6.08446378884076,-17.5132957064644));
#9420=CARTESIAN_POINT('',(-5.33909551615939,6.07298494495251,3.784));
#9421=CARTESIAN_POINT('Ctrl Pts',(-5.37673544611853,6.08446378884076,-17.5132957064644));
#9422=CARTESIAN_POINT('Ctrl Pts',(-5.37673544611853,6.08446378884076,25.0832957064644));
#9423=CARTESIAN_POINT('Ctrl Pts',(-5.39835706806234,5.95627845874532,-17.5132957064644));
#9424=CARTESIAN_POINT('Ctrl Pts',(-5.39835706806234,5.95627845874532,25.0832957064644));
#9425=CARTESIAN_POINT('Ctrl Pts',(-5.5280867997252,5.83040973100101,-17.5132957064644));
#9426=CARTESIAN_POINT('Ctrl Pts',(-5.52808679972519,5.83040973100101,25.0832957064644));
#9427=CARTESIAN_POINT('Ctrl Pts',(-5.61688988985155,5.83040973100101,-17.5132957064644));
#9428=CARTESIAN_POINT('Ctrl Pts',(-5.61688988985155,5.83040973100101,25.0832957064644));
#9429=CARTESIAN_POINT('',(-5.61688988985155,5.83040973100101,3.784));
#9430=CARTESIAN_POINT('',(-5.61688988985155,5.83040973100101,-17.5132957064644));
#9431=CARTESIAN_POINT('Ctrl Pts',(-5.61688988985155,5.83040973100101,3.784));
#9432=CARTESIAN_POINT('Ctrl Pts',(-5.55768782976731,5.83040973100101,3.784));
#9433=CARTESIAN_POINT('Ctrl Pts',(-5.50646517778139,5.85138785229173,3.784));
#9434=CARTESIAN_POINT('Ctrl Pts',(-5.46322193389377,5.89334409487317,3.784));
#9435=CARTESIAN_POINT('Ctrl Pts',(-5.41997869000615,5.9353003374546,3.784));
#9436=CARTESIAN_POINT('Ctrl Pts',(-5.39114986074774,5.99900690211047,3.784));
#9437=CARTESIAN_POINT('Ctrl Pts',(-5.37673544611853,6.08446378884076,3.784));
#9438=CARTESIAN_POINT('Ctrl Pts',(-5.61688988985155,5.83040973100101,-17.5132957064644));
#9439=CARTESIAN_POINT('Ctrl Pts',(-5.61688988985155,5.83040973100101,25.0832957064644));
#9440=CARTESIAN_POINT('Ctrl Pts',(-5.73658101132621,5.83040973100101,-17.5132957064644));
#9441=CARTESIAN_POINT('Ctrl Pts',(-5.73658101132621,5.83040973100101,25.0832957064644));
#9442=CARTESIAN_POINT('Ctrl Pts',(-5.88175475866321,6.03581513946719,-17.5132957064644));
#9443=CARTESIAN_POINT('Ctrl Pts',(-5.88175475866321,6.03581513946719,25.0832957064644));
#9444=CARTESIAN_POINT('Ctrl Pts',(-5.88175475866321,6.24122054793338,-17.5132957064644));
#9445=CARTESIAN_POINT('Ctrl Pts',(-5.88175475866321,6.24122054793338,25.0832957064644));
#9446=CARTESIAN_POINT('',(-5.88175475866321,6.24122054793338,3.784));
#9447=CARTESIAN_POINT('',(-5.88175475866321,6.24122054793338,-17.5132957064644));
#9448=CARTESIAN_POINT('Ctrl Pts',(-5.88175475866321,6.24122054793338,3.784));
#9449=CARTESIAN_POINT('Ctrl Pts',(-5.88175475866321,6.10428360895592,3.784));
#9450=CARTESIAN_POINT('Ctrl Pts',(-5.85755913410704,6.00158090472283,3.784));
#9451=CARTESIAN_POINT('Ctrl Pts',(-5.80916788499471,5.9331124352341,3.784));
#9452=CARTESIAN_POINT('Ctrl Pts',(-5.76077663588238,5.86464396574537,3.784));
#9453=CARTESIAN_POINT('Ctrl Pts',(-5.69668397083466,5.83040973100101,3.784));
#9454=CARTESIAN_POINT('Ctrl Pts',(-5.61688988985155,5.83040973100101,3.784));
#9455=CARTESIAN_POINT('Ctrl Pts',(-5.88175475866321,6.24122054793338,-17.5132957064644));
#9456=CARTESIAN_POINT('Ctrl Pts',(-5.88175475866321,6.24122054793338,25.0832957064644));
#9457=CARTESIAN_POINT('Ctrl Pts',(-5.88175475866321,6.37712788586589,-17.5132957064644));
#9458=CARTESIAN_POINT('Ctrl Pts',(-5.88175475866321,6.37712788586589,25.0832957064644));
#9459=CARTESIAN_POINT('Ctrl Pts',(-5.80994008577842,6.5539618653349,-17.5132957064644));
#9460=CARTESIAN_POINT('Ctrl Pts',(-5.80994008577842,6.5539618653349,25.0832957064644));
#9461=CARTESIAN_POINT('Ctrl Pts',(-5.68947676352006,6.63813175075901,-17.5132957064644));
#9462=CARTESIAN_POINT('Ctrl Pts',(-5.68947676352005,6.63813175075901,25.0832957064644));
#9463=CARTESIAN_POINT('Ctrl Pts',(-5.60762348044706,6.63813175075901,-17.5132957064644));
#9464=CARTESIAN_POINT('Ctrl Pts',(-5.60762348044706,6.63813175075901,25.0832957064644));
#9465=CARTESIAN_POINT('Ctrl Pts',(-5.60762348044706,6.63813175075901,3.784));
#9466=CARTESIAN_POINT('Ctrl Pts',(-5.66219233582906,6.63813175075901,3.784));
#9467=CARTESIAN_POINT('Ctrl Pts',(-5.70955398389645,6.62410343652166,3.784));
#9468=CARTESIAN_POINT('Ctrl Pts',(-5.74970842464924,6.59604680804695,3.784));
#9469=CARTESIAN_POINT('Ctrl Pts',(-5.78986286540202,6.56799017957225,3.784));
#9470=CARTESIAN_POINT('Ctrl Pts',(-5.82190919792588,6.5244895354234,3.784));
#9471=CARTESIAN_POINT('Ctrl Pts',(-5.84584742222081,6.46554487560039,3.784));
#9472=CARTESIAN_POINT('Ctrl Pts',(-5.86978564651575,6.40660021577739,3.784));
#9473=CARTESIAN_POINT('Ctrl Pts',(-5.88175475866321,6.33182543988839,3.784));
#9474=CARTESIAN_POINT('Ctrl Pts',(-5.88175475866321,6.24122054793338,3.784));
#9475=CARTESIAN_POINT('Origin',(-7.15,0.,3.784));
#9476=CARTESIAN_POINT('Origin',(-7.15,0.,3.784));
#9477=CARTESIAN_POINT('',(-1.95048056880853,6.73388464793874,3.784));
#9478=CARTESIAN_POINT('',(-1.66708288118789,6.73388464793874,3.784));
#9479=CARTESIAN_POINT('',(-4.55024028440427,6.73388464793874,3.784));
#9480=CARTESIAN_POINT('',(-1.95048056880853,5.73388463303758,3.784));
#9481=CARTESIAN_POINT('',(-1.95048056880853,2.86694231651879,3.784));
#9482=CARTESIAN_POINT('',(-1.65472766864858,5.73388463303758,3.784));
#9483=CARTESIAN_POINT('',(-4.40236383432429,5.73388463303758,3.784));
#9484=CARTESIAN_POINT('',(-1.27248828071338,6.23967614636596,3.784));
#9485=CARTESIAN_POINT('Ctrl Pts',(-1.27248828071338,6.23967614636596,3.784));
#9486=CARTESIAN_POINT('Ctrl Pts',(-1.27248828071338,6.1264200314222,3.784));
#9487=CARTESIAN_POINT('Ctrl Pts',(-1.28909059756309,6.03028103385062,3.784));
#9488=CARTESIAN_POINT('Ctrl Pts',(-1.32229523126251,5.95125915365123,3.784));
#9489=CARTESIAN_POINT('Ctrl Pts',(-1.35549986496193,5.87223727345183,3.784));
#9490=CARTESIAN_POINT('Ctrl Pts',(-1.39809960819646,5.81625271663304,3.784));
#9491=CARTESIAN_POINT('Ctrl Pts',(-1.4500944609661,5.78330548319485,3.784));
#9492=CARTESIAN_POINT('Ctrl Pts',(-1.50208931373573,5.75035824975667,3.784));
#9493=CARTESIAN_POINT('Ctrl Pts',(-1.57030038296323,5.73388463303758,3.784));
#9494=CARTESIAN_POINT('Ctrl Pts',(-1.65472766864858,5.73388463303758,3.784));
#9495=CARTESIAN_POINT('',(-1.50800951974416,6.71535182912976,3.784));
#9496=CARTESIAN_POINT('Ctrl Pts',(-1.50800951974416,6.71535182912976,3.784));
#9497=CARTESIAN_POINT('Ctrl Pts',(-1.4601330711543,6.69939301293314,3.784));
#9498=CARTESIAN_POINT('Ctrl Pts',(-1.41869162909533,6.67030678341349,3.784));
#9499=CARTESIAN_POINT('Ctrl Pts',(-1.38368519356726,6.62809314057081,3.784));
#9500=CARTESIAN_POINT('Ctrl Pts',(-1.34867875803919,6.58587949772814,3.784));
#9501=CARTESIAN_POINT('Ctrl Pts',(-1.32139433034819,6.53259764365233,3.784));
#9502=CARTESIAN_POINT('Ctrl Pts',(-1.30183191049427,6.46824757834337,3.784));
#9503=CARTESIAN_POINT('Ctrl Pts',(-1.28226949064034,6.40389751303441,3.784));
#9504=CARTESIAN_POINT('Ctrl Pts',(-1.27248828071338,6.32770703570861,3.784));
#9505=CARTESIAN_POINT('Ctrl Pts',(-1.27248828071338,6.23967614636596,3.784));
#9506=CARTESIAN_POINT('Ctrl Pts',(-1.66708288118789,6.73388464793874,3.784));
#9507=CARTESIAN_POINT('Ctrl Pts',(-1.59707001013175,6.73388464793874,3.784));
#9508=CARTESIAN_POINT('Ctrl Pts',(-1.54404555631717,6.72770704166908,3.784));
#9509=CARTESIAN_POINT('Ctrl Pts',(-1.50800951974416,6.71535182912976,3.784));
#9510=CARTESIAN_POINT('',(-1.84237245908949,6.61573792803149,3.784));
#9511=CARTESIAN_POINT('',(-1.84237245908949,5.85203135294482,3.784));
#9512=CARTESIAN_POINT('',(-1.84237245908949,2.92601567647241,3.784));
#9513=CARTESIAN_POINT('',(-1.67017168432272,6.61573792803149,3.784));
#9514=CARTESIAN_POINT('',(-4.49618622954474,6.61573792803149,3.784));
#9515=CARTESIAN_POINT('',(-1.53117554325538,6.5956607076551,3.784));
#9516=CARTESIAN_POINT('Ctrl Pts',(-1.53117554325538,6.5956607076551,3.784));
#9517=CARTESIAN_POINT('Ctrl Pts',(-1.56051917303627,6.60904552123936,3.784));
#9518=CARTESIAN_POINT('Ctrl Pts',(-1.60685122005871,6.61573792803149,3.784));
#9519=CARTESIAN_POINT('Ctrl Pts',(-1.67017168432272,6.61573792803149,3.784));
#9520=CARTESIAN_POINT('',(-1.38368519356726,6.24044834714967,3.784));
#9521=CARTESIAN_POINT('Ctrl Pts',(-1.38368519356726,6.24044834714967,3.784));
#9522=CARTESIAN_POINT('Ctrl Pts',(-1.38368519356726,6.34186405007658,3.784));
#9523=CARTESIAN_POINT('Ctrl Pts',(-1.39745610754337,6.42152943092907,3.784));
#9524=CARTESIAN_POINT('Ctrl Pts',(-1.42499793549561,6.47944448970713,3.784));
#9525=CARTESIAN_POINT('Ctrl Pts',(-1.45253976344784,6.53735954848519,3.784));
#9526=CARTESIAN_POINT('Ctrl Pts',(-1.48793229936776,6.57609828780118,3.784));
#9527=CARTESIAN_POINT('Ctrl Pts',(-1.53117554325538,6.5956607076551,3.784));
#9528=CARTESIAN_POINT('',(-1.42229523275263,5.99720510028182,3.784));
#9529=CARTESIAN_POINT('Ctrl Pts',(-1.42229523275263,5.99720510028182,3.784));
#9530=CARTESIAN_POINT('Ctrl Pts',(-1.39655520662905,6.06515876924808,3.784));
#9531=CARTESIAN_POINT('Ctrl Pts',(-1.38368519356726,6.14623985153736,3.784));
#9532=CARTESIAN_POINT('Ctrl Pts',(-1.38368519356726,6.24044834714967,3.784));
#9533=CARTESIAN_POINT('',(-1.66708288118789,5.85203135294482,3.784));
#9534=CARTESIAN_POINT('Ctrl Pts',(-1.66708288118789,5.85203135294482,3.784));
#9535=CARTESIAN_POINT('Ctrl Pts',(-1.59655520960928,5.85203135294482,3.784));
#9536=CARTESIAN_POINT('Ctrl Pts',(-1.54314465540285,5.86348566456981,3.784));
#9537=CARTESIAN_POINT('Ctrl Pts',(-1.5068512185686,5.8863942878198,3.784));
#9538=CARTESIAN_POINT('Ctrl Pts',(-1.47055778173435,5.90930291106979,3.784));
#9539=CARTESIAN_POINT('Ctrl Pts',(-1.44237245312902,5.94623984855713,3.784));
#9540=CARTESIAN_POINT('Ctrl Pts',(-1.42229523275263,5.99720510028182,3.784));
#9541=CARTESIAN_POINT('',(-4.40854144059395,5.85203135294482,3.784));
#9542=CARTESIAN_POINT('Ctrl Pts',(-1.38368519356726,6.24044834714967,-17.5132957064644));
#9543=CARTESIAN_POINT('Ctrl Pts',(-1.38368519356725,6.24044834714967,25.0832957064644));
#9544=CARTESIAN_POINT('Ctrl Pts',(-1.38368519356726,6.39257190154004,-17.5132957064644));
#9545=CARTESIAN_POINT('Ctrl Pts',(-1.38368519356725,6.39257190154004,25.0832957064644));
#9546=CARTESIAN_POINT('Ctrl Pts',(-1.46631067742396,6.56631707787422,-17.5132957064644));
#9547=CARTESIAN_POINT('Ctrl Pts',(-1.46631067742395,6.56631707787422,25.0832957064644));
#9548=CARTESIAN_POINT('Ctrl Pts',(-1.53117554325538,6.5956607076551,-17.5132957064644));
#9549=CARTESIAN_POINT('Ctrl Pts',(-1.53117554325538,6.5956607076551,25.0832957064644));
#9550=CARTESIAN_POINT('',(-1.38368519356726,6.24044834714967,3.785));
#9551=CARTESIAN_POINT('',(-1.53117554325538,6.5956607076551,3.785));
#9552=CARTESIAN_POINT('Ctrl Pts',(-1.38368519356726,6.24044834714967,3.78500000000001));
#9553=CARTESIAN_POINT('Ctrl Pts',(-1.38368519356726,6.39257190154004,3.78500000000001));
#9554=CARTESIAN_POINT('Ctrl Pts',(-1.46631067742396,6.56631707787422,3.78500000000001));
#9555=CARTESIAN_POINT('Ctrl Pts',(-1.53117554325538,6.5956607076551,3.78500000000001));
#9556=CARTESIAN_POINT('',(-1.38368519356726,6.24044834714967,-17.5132957064644));
#9557=CARTESIAN_POINT('',(-1.53117554325538,6.5956607076551,-17.5132957064644));
#9558=CARTESIAN_POINT('Ctrl Pts',(-1.53117554325538,6.5956607076551,-17.5132957064644));
#9559=CARTESIAN_POINT('Ctrl Pts',(-1.53117554325538,6.5956607076551,25.0832957064644));
#9560=CARTESIAN_POINT('Ctrl Pts',(-1.57519098792671,6.61573792803149,-17.5132957064644));
#9561=CARTESIAN_POINT('Ctrl Pts',(-1.5751909879267,6.61573792803149,25.0832957064644));
#9562=CARTESIAN_POINT('Ctrl Pts',(-1.67017168432273,6.61573792803149,-17.5132957064644));
#9563=CARTESIAN_POINT('Ctrl Pts',(-1.67017168432272,6.61573792803149,25.0832957064644));
#9564=CARTESIAN_POINT('',(-1.67017168432272,6.61573792803149,3.785));
#9565=CARTESIAN_POINT('Ctrl Pts',(-1.53117554325538,6.5956607076551,3.78500000000001));
#9566=CARTESIAN_POINT('Ctrl Pts',(-1.57519098792671,6.61573792803149,3.78500000000001));
#9567=CARTESIAN_POINT('Ctrl Pts',(-1.67017168432272,6.61573792803149,3.78500000000001));
#9568=CARTESIAN_POINT('',(-1.67017168432273,6.61573792803149,-17.5132957064644));
#9569=CARTESIAN_POINT('Origin',(-1.84237245908949,6.61573792803149,-17.5132957064644));
#9570=CARTESIAN_POINT('',(-1.84237245908949,6.61573792803149,3.785));
#9571=CARTESIAN_POINT('',(-4.49618622954474,6.61573792803149,3.785));
#9572=CARTESIAN_POINT('',(-1.84237245908949,6.61573792803149,-17.5132957064644));
#9573=CARTESIAN_POINT('Origin',(-1.84237245908949,5.85203135294482,-17.5132957064644));
#9574=CARTESIAN_POINT('',(-1.84237245908949,5.85203135294482,3.785));
#9575=CARTESIAN_POINT('',(-1.84237245908949,2.92601567647241,3.785));
#9576=CARTESIAN_POINT('',(-1.84237245908949,5.85203135294482,-17.5132957064644));
#9577=CARTESIAN_POINT('Origin',(-1.65472766864858,5.73388463303758,-17.5132957064644));
#9578=CARTESIAN_POINT('',(-1.65472766864858,5.73388463303758,-17.5132957064644));
#9579=CARTESIAN_POINT('',(-1.95048056880853,5.73388463303758,-17.5132957064644));
#9580=CARTESIAN_POINT('Origin',(-1.95048056880853,5.73388463303758,-17.5132957064644));
#9581=CARTESIAN_POINT('',(-1.95048056880853,6.73388464793874,-17.5132957064644));
#9582=CARTESIAN_POINT('Origin',(-1.95048056880853,6.73388464793874,-17.5132957064644));
#9583=CARTESIAN_POINT('',(-1.6670828811879,6.73388464793874,-17.5132957064644));
#9584=CARTESIAN_POINT('Ctrl Pts',(-1.42229523275263,5.99720510028182,-17.5132957064644));
#9585=CARTESIAN_POINT('Ctrl Pts',(-1.42229523275263,5.99720510028182,25.0832957064644));
#9586=CARTESIAN_POINT('Ctrl Pts',(-1.38368519356726,6.0991356037312,-17.5132957064644));
#9587=CARTESIAN_POINT('Ctrl Pts',(-1.38368519356725,6.0991356037312,25.0832957064644));
#9588=CARTESIAN_POINT('Ctrl Pts',(-1.38368519356726,6.24044834714967,-17.5132957064644));
#9589=CARTESIAN_POINT('Ctrl Pts',(-1.38368519356725,6.24044834714967,25.0832957064644));
#9590=CARTESIAN_POINT('',(-1.42229523275263,5.99720510028182,3.785));
#9591=CARTESIAN_POINT('Ctrl Pts',(-1.42229523275263,5.99720510028182,3.785));
#9592=CARTESIAN_POINT('Ctrl Pts',(-1.38368519356726,6.0991356037312,3.785));
#9593=CARTESIAN_POINT('Ctrl Pts',(-1.38368519356726,6.24044834714967,3.785));
#9594=CARTESIAN_POINT('',(-1.42229523275263,5.99720510028182,-17.5132957064644));
#9595=CARTESIAN_POINT('Ctrl Pts',(-1.6670828811879,5.85203135294482,-17.5132957064644));
#9596=CARTESIAN_POINT('Ctrl Pts',(-1.66708288118789,5.85203135294482,25.0832957064644));
#9597=CARTESIAN_POINT('Ctrl Pts',(-1.56129137381997,5.85203135294482,-17.5132957064644));
#9598=CARTESIAN_POINT('Ctrl Pts',(-1.56129137381997,5.85203135294482,25.0832957064644));
#9599=CARTESIAN_POINT('Ctrl Pts',(-1.45241106331722,5.92075722269478,-17.5132957064644));
#9600=CARTESIAN_POINT('Ctrl Pts',(-1.45241106331722,5.92075722269478,25.0832957064644));
#9601=CARTESIAN_POINT('Ctrl Pts',(-1.42229523275263,5.99720510028182,-17.5132957064644));
#9602=CARTESIAN_POINT('Ctrl Pts',(-1.42229523275263,5.99720510028182,25.0832957064644));
#9603=CARTESIAN_POINT('',(-1.66708288118789,5.85203135294482,3.785));
#9604=CARTESIAN_POINT('Ctrl Pts',(-1.66708288118789,5.85203135294482,3.78500000000001));
#9605=CARTESIAN_POINT('Ctrl Pts',(-1.56129137381997,5.85203135294482,3.78500000000001));
#9606=CARTESIAN_POINT('Ctrl Pts',(-1.45241106331722,5.92075722269478,3.78500000000001));
#9607=CARTESIAN_POINT('Ctrl Pts',(-1.42229523275263,5.99720510028182,3.78500000000001));
#9608=CARTESIAN_POINT('',(-1.6670828811879,5.85203135294482,-17.5132957064644));
#9609=CARTESIAN_POINT('Origin',(-1.6670828811879,5.85203135294482,-17.5132957064644));
#9610=CARTESIAN_POINT('',(-4.40854144059395,5.85203135294482,3.785));
#9611=CARTESIAN_POINT('Ctrl Pts',(-1.50800951974416,6.71535182912976,-17.5132957064644));
#9612=CARTESIAN_POINT('Ctrl Pts',(-1.50800951974416,6.71535182912976,25.0832957064644));
#9613=CARTESIAN_POINT('Ctrl Pts',(-1.56206357460368,6.73388464793874,-17.5132957064644));
#9614=CARTESIAN_POINT('Ctrl Pts',(-1.56206357460368,6.73388464793874,25.0832957064644));
#9615=CARTESIAN_POINT('Ctrl Pts',(-1.6670828811879,6.73388464793874,-17.5132957064644));
#9616=CARTESIAN_POINT('Ctrl Pts',(-1.66708288118789,6.73388464793874,25.0832957064644));
#9617=CARTESIAN_POINT('',(-1.50800951974416,6.71535182912976,-17.5132957064644));
#9618=CARTESIAN_POINT('Ctrl Pts',(-1.27248828071338,6.23967614636596,-17.5132957064644));
#9619=CARTESIAN_POINT('Ctrl Pts',(-1.27248828071338,6.23967614636596,25.0832957064644));
#9620=CARTESIAN_POINT('Ctrl Pts',(-1.27248828071338,6.37172248037994,-17.5132957064644));
#9621=CARTESIAN_POINT('Ctrl Pts',(-1.27248828071338,6.37172248037994,25.0832957064644));
#9622=CARTESIAN_POINT('Ctrl Pts',(-1.33117554027515,6.5647726763068,-17.5132957064644));
#9623=CARTESIAN_POINT('Ctrl Pts',(-1.33117554027515,6.5647726763068,25.0832957064644));
#9624=CARTESIAN_POINT('Ctrl Pts',(-1.43619484685937,6.69141360483483,-17.5132957064644));
#9625=CARTESIAN_POINT('Ctrl Pts',(-1.43619484685936,6.69141360483483,25.0832957064644));
#9626=CARTESIAN_POINT('Ctrl Pts',(-1.50800951974416,6.71535182912976,-17.5132957064644));
#9627=CARTESIAN_POINT('Ctrl Pts',(-1.50800951974416,6.71535182912976,25.0832957064644));
#9628=CARTESIAN_POINT('',(-1.27248828071338,6.23967614636596,-17.5132957064644));
#9629=CARTESIAN_POINT('Ctrl Pts',(-1.65472766864858,5.73388463303758,-17.5132957064644));
#9630=CARTESIAN_POINT('Ctrl Pts',(-1.65472766864857,5.73388463303758,25.0832957064644));
#9631=CARTESIAN_POINT('Ctrl Pts',(-1.52808674012055,5.73388463303758,-17.5132957064644));
#9632=CARTESIAN_POINT('Ctrl Pts',(-1.52808674012055,5.73388463303758,25.0832957064644));
#9633=CARTESIAN_POINT('Ctrl Pts',(-1.37210218181165,5.83272633335213,-17.5132957064644));
#9634=CARTESIAN_POINT('Ctrl Pts',(-1.37210218181164,5.83272633335213,25.0832957064644));
#9635=CARTESIAN_POINT('Ctrl Pts',(-1.27248828071338,6.06979197395032,-17.5132957064644));
#9636=CARTESIAN_POINT('Ctrl Pts',(-1.27248828071338,6.06979197395032,25.0832957064644));
#9637=CARTESIAN_POINT('Ctrl Pts',(-1.27248828071338,6.23967614636596,-17.5132957064644));
#9638=CARTESIAN_POINT('Ctrl Pts',(-1.27248828071338,6.23967614636596,25.0832957064644));
#9639=CARTESIAN_POINT('Origin',(-4.40916786413309,6.59257190452027,-17.5132957064644));
#9640=CARTESIAN_POINT('',(-4.40916786413309,6.59257190452027,3.784));
#9641=CARTESIAN_POINT('',(-4.40916786413309,6.59257190452027,-17.5132957064644));
#9642=CARTESIAN_POINT('',(-4.50955396601505,6.59257190452027,3.784));
#9643=CARTESIAN_POINT('',(-5.77958393206654,6.59257190452027,3.784));
#9644=CARTESIAN_POINT('',(-4.50955396601506,6.59257190452027,-17.5132957064644));
#9645=CARTESIAN_POINT('Origin',(-4.40916786413309,6.73388464793874,-17.5132957064644));
#9646=CARTESIAN_POINT('',(-4.40916786413309,6.73388464793874,3.784));
#9647=CARTESIAN_POINT('',(-4.40916786413309,6.73388464793874,-17.5132957064644));
#9648=CARTESIAN_POINT('',(-4.40916786413309,3.36694232396937,3.784));
#9649=CARTESIAN_POINT('Origin',(-4.50955396601506,6.73388464793874,-17.5132957064644));
#9650=CARTESIAN_POINT('',(-4.50955396601505,6.73388464793874,3.784));
#9651=CARTESIAN_POINT('',(-4.50955396601506,6.73388464793874,-17.5132957064644));
#9652=CARTESIAN_POINT('',(-5.82977698300753,6.73388464793874,3.784));
#9653=CARTESIAN_POINT('Origin',(-4.50955396601506,6.59257190452027,-17.5132957064644));
#9654=CARTESIAN_POINT('',(-4.50955396601505,3.29628595226013,3.784));
#9655=CARTESIAN_POINT('Origin',(-7.15,0.,3.784));
#9656=CARTESIAN_POINT('Origin',(-7.15,0.,3.784));
#9657=CARTESIAN_POINT('',(-0.429245024904836,6.05125915514134,3.784));
#9658=CARTESIAN_POINT('',(-0.775963176789486,5.71689621579601,3.784));
#9659=CARTESIAN_POINT('Ctrl Pts',(-0.429245024904836,6.05125915514134,3.784));
#9660=CARTESIAN_POINT('Ctrl Pts',(-0.453440649461003,5.93903264124252,3.784));
#9661=CARTESIAN_POINT('Ctrl Pts',(-0.495654292303678,5.85524885621026,3.784));
#9662=CARTESIAN_POINT('Ctrl Pts',(-0.55588595343286,5.79990780004456,3.784));
#9663=CARTESIAN_POINT('Ctrl Pts',(-0.616117614562042,5.74456674387886,3.784));
#9664=CARTESIAN_POINT('Ctrl Pts',(-0.689476689014251,5.71689621579601,3.784));
#9665=CARTESIAN_POINT('Ctrl Pts',(-0.775963176789486,5.71689621579601,3.784));
#9666=CARTESIAN_POINT('',(-0.538125335407589,6.08446378884076,3.784));
#9667=CARTESIAN_POINT('',(-2.71393242825206,6.74800779587843,3.784));
#9668=CARTESIAN_POINT('',(-0.778279779140608,5.83040973100101,3.784));
#9669=CARTESIAN_POINT('Ctrl Pts',(-0.778279779140608,5.83040973100101,3.784));
#9670=CARTESIAN_POINT('Ctrl Pts',(-0.71907771905637,5.83040973100101,3.784));
#9671=CARTESIAN_POINT('Ctrl Pts',(-0.667855067070441,5.85138785229173,3.784));
#9672=CARTESIAN_POINT('Ctrl Pts',(-0.624611823182823,5.89334409487317,3.784));
#9673=CARTESIAN_POINT('Ctrl Pts',(-0.581368579295206,5.9353003374546,3.784));
#9674=CARTESIAN_POINT('Ctrl Pts',(-0.552539750036794,5.99900690211047,3.784));
#9675=CARTESIAN_POINT('Ctrl Pts',(-0.538125335407589,6.08446378884076,3.784));
#9676=CARTESIAN_POINT('',(-1.04314464795227,6.24122054793338,3.784));
#9677=CARTESIAN_POINT('Ctrl Pts',(-1.04314464795227,6.24122054793338,3.784));
#9678=CARTESIAN_POINT('Ctrl Pts',(-1.04314464795227,6.10428360895592,3.784));
#9679=CARTESIAN_POINT('Ctrl Pts',(-1.0189490233961,6.00158090472283,3.784));
#9680=CARTESIAN_POINT('Ctrl Pts',(-0.970557774283766,5.9331124352341,3.784));
#9681=CARTESIAN_POINT('Ctrl Pts',(-0.922166525171432,5.86464396574537,3.784));
#9682=CARTESIAN_POINT('Ctrl Pts',(-0.858073860123713,5.83040973100101,3.784));
#9683=CARTESIAN_POINT('Ctrl Pts',(-0.778279779140608,5.83040973100101,3.784));
#9684=CARTESIAN_POINT('',(-0.769013369736119,6.63813175075901,3.784));
#9685=CARTESIAN_POINT('Ctrl Pts',(-0.769013369736119,6.63813175075901,3.784));
#9686=CARTESIAN_POINT('Ctrl Pts',(-0.823582225118113,6.63813175075901,3.784));
#9687=CARTESIAN_POINT('Ctrl Pts',(-0.870943873185504,6.62410343652166,3.784));
#9688=CARTESIAN_POINT('Ctrl Pts',(-0.911098313938292,6.59604680804695,3.784));
#9689=CARTESIAN_POINT('Ctrl Pts',(-0.951252754691079,6.56799017957225,3.784));
#9690=CARTESIAN_POINT('Ctrl Pts',(-0.983299087214939,6.5244895354234,3.784));
#9691=CARTESIAN_POINT('Ctrl Pts',(-1.00723731150987,6.46554487560039,3.784));
#9692=CARTESIAN_POINT('Ctrl Pts',(-1.0311755358048,6.40660021577739,3.784));
#9693=CARTESIAN_POINT('Ctrl Pts',(-1.04314464795227,6.33182543988839,3.784));
#9694=CARTESIAN_POINT('Ctrl Pts',(-1.04314464795227,6.24122054793338,3.784));
#9695=CARTESIAN_POINT('',(-0.5497083471632,6.4304097399417,3.784));
#9696=CARTESIAN_POINT('Ctrl Pts',(-0.5497083471632,6.4304097399417,3.784));
#9697=CARTESIAN_POINT('Ctrl Pts',(-0.586259184258687,6.56889108048658,3.784));
#9698=CARTESIAN_POINT('Ctrl Pts',(-0.65936085844966,6.63813175075901,3.784));
#9699=CARTESIAN_POINT('Ctrl Pts',(-0.769013369736119,6.63813175075901,3.784));
#9700=CARTESIAN_POINT('',(-0.443144639011571,6.46129777129,3.784));
#9701=CARTESIAN_POINT('',(-4.40051039158337,5.31423523431266,3.784));
#9702=CARTESIAN_POINT('',(-0.766696767384997,6.75164526596401,3.784));
#9703=CARTESIAN_POINT('Ctrl Pts',(-0.766696767384997,6.75164526596401,3.784));
#9704=CARTESIAN_POINT('Ctrl Pts',(-0.687417486924364,6.75164526596401,3.784));
#9705=CARTESIAN_POINT('Ctrl Pts',(-0.61933511782749,6.72706354101599,3.784));
#9706=CARTESIAN_POINT('Ctrl Pts',(-0.562449660094373,6.67790009111995,3.784));
#9707=CARTESIAN_POINT('Ctrl Pts',(-0.505564202361257,6.6287366412239,3.784));
#9708=CARTESIAN_POINT('Ctrl Pts',(-0.465795862000323,6.55653586794726,3.784));
#9709=CARTESIAN_POINT('Ctrl Pts',(-0.443144639011571,6.46129777129,3.784));
#9710=CARTESIAN_POINT('',(-1.15434156080614,6.24122054793338,3.784));
#9711=CARTESIAN_POINT('Ctrl Pts',(-1.15434156080614,6.24122054793338,3.784));
#9712=CARTESIAN_POINT('Ctrl Pts',(-1.15434156080614,6.35138785974231,3.784));
#9713=CARTESIAN_POINT('Ctrl Pts',(-1.13722444343396,6.44456675430967,3.784));
#9714=CARTESIAN_POINT('Ctrl Pts',(-1.1029902086896,6.52075723163548,3.784));
#9715=CARTESIAN_POINT('Ctrl Pts',(-1.06875597394523,6.59694770896128,3.784));
#9716=CARTESIAN_POINT('Ctrl Pts',(-1.02216652666155,6.65447666734749,3.784));
#9717=CARTESIAN_POINT('Ctrl Pts',(-0.963221866838545,6.6933441067941,3.784));
#9718=CARTESIAN_POINT('Ctrl Pts',(-0.904277207015542,6.7322115462407,3.784));
#9719=CARTESIAN_POINT('Ctrl Pts',(-0.838768840531026,6.75164526596401,3.784));
#9720=CARTESIAN_POINT('Ctrl Pts',(-0.766696767384997,6.75164526596401,3.784));
#9721=CARTESIAN_POINT('Ctrl Pts',(-0.775963176789486,5.71689621579601,3.784));
#9722=CARTESIAN_POINT('Ctrl Pts',(-0.851638853592817,5.71689621579601,3.784));
#9723=CARTESIAN_POINT('Ctrl Pts',(-0.916503719424244,5.73542903460499,3.784));
#9724=CARTESIAN_POINT('Ctrl Pts',(-0.970557774283766,5.77249467222295,3.784));
#9725=CARTESIAN_POINT('Ctrl Pts',(-1.02461182914329,5.80956030984091,3.784));
#9726=CARTESIAN_POINT('Ctrl Pts',(-1.06875597394523,5.86901977018638,3.784));
#9727=CARTESIAN_POINT('Ctrl Pts',(-1.1029902086896,5.95087305325937,3.784));
#9728=CARTESIAN_POINT('Ctrl Pts',(-1.13722444343396,6.03272633633236,3.784));
#9729=CARTESIAN_POINT('Ctrl Pts',(-1.15434156080614,6.12950883455703,3.784));
#9730=CARTESIAN_POINT('Ctrl Pts',(-1.15434156080614,6.24122054793338,3.784));
#9731=CARTESIAN_POINT('Ctrl Pts',(-1.04314464795227,6.24122054793338,-17.5132957064644));
#9732=CARTESIAN_POINT('Ctrl Pts',(-1.04314464795227,6.24122054793338,25.0832957064644));
#9733=CARTESIAN_POINT('Ctrl Pts',(-1.04314464795227,6.37712788586589,-17.5132957064644));
#9734=CARTESIAN_POINT('Ctrl Pts',(-1.04314464795227,6.37712788586589,25.0832957064644));
#9735=CARTESIAN_POINT('Ctrl Pts',(-0.971329975067475,6.5539618653349,-17.5132957064644));
#9736=CARTESIAN_POINT('Ctrl Pts',(-0.971329975067471,6.5539618653349,25.0832957064644));
#9737=CARTESIAN_POINT('Ctrl Pts',(-0.850866652809112,6.63813175075901,-17.5132957064644));
#9738=CARTESIAN_POINT('Ctrl Pts',(-0.850866652809109,6.63813175075901,25.0832957064644));
#9739=CARTESIAN_POINT('Ctrl Pts',(-0.769013369736121,6.63813175075901,-17.5132957064644));
#9740=CARTESIAN_POINT('Ctrl Pts',(-0.769013369736117,6.63813175075901,25.0832957064644));
#9741=CARTESIAN_POINT('',(-0.769013369736121,6.63813175075901,-17.5132957064644));
#9742=CARTESIAN_POINT('',(-1.04314464795227,6.24122054793338,-17.5132957064644));
#9743=CARTESIAN_POINT('Ctrl Pts',(-0.77827977914061,5.83040973100101,-17.5132957064644));
#9744=CARTESIAN_POINT('Ctrl Pts',(-0.778279779140607,5.83040973100101,25.0832957064644));
#9745=CARTESIAN_POINT('Ctrl Pts',(-0.897970900615266,5.83040973100101,-17.5132957064644));
#9746=CARTESIAN_POINT('Ctrl Pts',(-0.897970900615263,5.83040973100101,25.0832957064644));
#9747=CARTESIAN_POINT('Ctrl Pts',(-1.04314464795227,6.03581513946719,-17.5132957064644));
#9748=CARTESIAN_POINT('Ctrl Pts',(-1.04314464795227,6.03581513946719,25.0832957064644));
#9749=CARTESIAN_POINT('Ctrl Pts',(-1.04314464795227,6.24122054793338,-17.5132957064644));
#9750=CARTESIAN_POINT('Ctrl Pts',(-1.04314464795227,6.24122054793338,25.0832957064644));
#9751=CARTESIAN_POINT('',(-0.77827977914061,5.83040973100101,-17.5132957064644));
#9752=CARTESIAN_POINT('Ctrl Pts',(-0.53812533540759,6.08446378884076,-17.5132957064644));
#9753=CARTESIAN_POINT('Ctrl Pts',(-0.538125335407587,6.08446378884076,25.0832957064644));
#9754=CARTESIAN_POINT('Ctrl Pts',(-0.559746957351399,5.95627845874532,-17.5132957064644));
#9755=CARTESIAN_POINT('Ctrl Pts',(-0.559746957351395,5.95627845874532,25.0832957064644));
#9756=CARTESIAN_POINT('Ctrl Pts',(-0.689476689014252,5.83040973100101,-17.5132957064644));
#9757=CARTESIAN_POINT('Ctrl Pts',(-0.689476689014248,5.83040973100101,25.0832957064644));
#9758=CARTESIAN_POINT('Ctrl Pts',(-0.77827977914061,5.83040973100101,-17.5132957064644));
#9759=CARTESIAN_POINT('Ctrl Pts',(-0.778279779140607,5.83040973100101,25.0832957064644));
#9760=CARTESIAN_POINT('',(-0.53812533540759,6.08446378884076,-17.5132957064644));
#9761=CARTESIAN_POINT('Origin',(-0.53812533540759,6.08446378884076,-17.5132957064644));
#9762=CARTESIAN_POINT('',(-0.429245024904838,6.05125915514134,-17.5132957064644));
#9763=CARTESIAN_POINT('Ctrl Pts',(-0.775963176789488,5.71689621579601,-17.5132957064644));
#9764=CARTESIAN_POINT('Ctrl Pts',(-0.775963176789484,5.71689621579601,25.0832957064644));
#9765=CARTESIAN_POINT('Ctrl Pts',(-0.646233445126634,5.71689621579601,-17.5132957064644));
#9766=CARTESIAN_POINT('Ctrl Pts',(-0.646233445126631,5.71689621579601,25.0832957064644));
#9767=CARTESIAN_POINT('Ctrl Pts',(-0.465538461739088,5.88291938429311,-17.5132957064644));
#9768=CARTESIAN_POINT('Ctrl Pts',(-0.465538461739085,5.88291938429311,25.0832957064644));
#9769=CARTESIAN_POINT('Ctrl Pts',(-0.429245024904838,6.05125915514134,-17.5132957064644));
#9770=CARTESIAN_POINT('Ctrl Pts',(-0.429245024904835,6.05125915514134,25.0832957064644));
#9771=CARTESIAN_POINT('',(-0.775963176789488,5.71689621579601,-17.5132957064644));
#9772=CARTESIAN_POINT('Ctrl Pts',(-1.15434156080614,6.24122054793338,-17.5132957064644));
#9773=CARTESIAN_POINT('Ctrl Pts',(-1.15434156080614,6.24122054793338,25.0832957064644));
#9774=CARTESIAN_POINT('Ctrl Pts',(-1.15434156080614,6.07365297786886,-17.5132957064644));
#9775=CARTESIAN_POINT('Ctrl Pts',(-1.15434156080614,6.07365297786886,25.0832957064644));
#9776=CARTESIAN_POINT('Ctrl Pts',(-1.05163885657305,5.82809312864988,-17.5132957064644));
#9777=CARTESIAN_POINT('Ctrl Pts',(-1.05163885657305,5.82809312864988,25.0832957064644));
#9778=CARTESIAN_POINT('Ctrl Pts',(-0.889476691994485,5.71689621579601,-17.5132957064644));
#9779=CARTESIAN_POINT('Ctrl Pts',(-0.889476691994481,5.71689621579601,25.0832957064644));
#9780=CARTESIAN_POINT('Ctrl Pts',(-0.775963176789488,5.71689621579601,-17.5132957064644));
#9781=CARTESIAN_POINT('Ctrl Pts',(-0.775963176789484,5.71689621579601,25.0832957064644));
#9782=CARTESIAN_POINT('',(-1.15434156080614,6.24122054793338,-17.5132957064644));
#9783=CARTESIAN_POINT('Ctrl Pts',(-0.766696767384998,6.75164526596401,-17.5132957064644));
#9784=CARTESIAN_POINT('Ctrl Pts',(-0.766696767384995,6.75164526596401,25.0832957064644));
#9785=CARTESIAN_POINT('Ctrl Pts',(-0.874804877104042,6.75164526596401,-17.5132957064644));
#9786=CARTESIAN_POINT('Ctrl Pts',(-0.874804877104039,6.75164526596401,25.0832957064644));
#9787=CARTESIAN_POINT('Ctrl Pts',(-1.05163885657305,6.63504294762418,-17.5132957064644));
#9788=CARTESIAN_POINT('Ctrl Pts',(-1.05163885657305,6.63504294762418,25.0832957064644));
#9789=CARTESIAN_POINT('Ctrl Pts',(-1.15434156080614,6.40647151564677,-17.5132957064644));
#9790=CARTESIAN_POINT('Ctrl Pts',(-1.15434156080614,6.40647151564677,25.0832957064644));
#9791=CARTESIAN_POINT('Ctrl Pts',(-1.15434156080614,6.24122054793338,-17.5132957064644));
#9792=CARTESIAN_POINT('Ctrl Pts',(-1.15434156080614,6.24122054793338,25.0832957064644));
#9793=CARTESIAN_POINT('',(-0.766696767384998,6.75164526596401,-17.5132957064644));
#9794=CARTESIAN_POINT('Ctrl Pts',(-0.443144639011573,6.46129777129,-17.5132957064644));
#9795=CARTESIAN_POINT('Ctrl Pts',(-0.44314463901157,6.46129777129,25.0832957064644));
#9796=CARTESIAN_POINT('Ctrl Pts',(-0.477121473494701,6.60415491627588,-17.5132957064644));
#9797=CARTESIAN_POINT('Ctrl Pts',(-0.477121473494698,6.60415491627588,25.0832957064644));
#9798=CARTESIAN_POINT('Ctrl Pts',(-0.647777846694049,6.75164526596401,-17.5132957064644));
#9799=CARTESIAN_POINT('Ctrl Pts',(-0.647777846694046,6.75164526596401,25.0832957064644));
#9800=CARTESIAN_POINT('Ctrl Pts',(-0.766696767384998,6.75164526596401,-17.5132957064644));
#9801=CARTESIAN_POINT('Ctrl Pts',(-0.766696767384995,6.75164526596401,25.0832957064644));
#9802=CARTESIAN_POINT('',(-0.443144639011573,6.46129777129,-17.5132957064644));
#9803=CARTESIAN_POINT('Origin',(-0.443144639011573,6.46129777129,-17.5132957064644));
#9804=CARTESIAN_POINT('',(-0.549708347163202,6.4304097399417,-17.5132957064644));
#9805=CARTESIAN_POINT('Ctrl Pts',(-0.769013369736121,6.63813175075901,-17.5132957064644));
#9806=CARTESIAN_POINT('Ctrl Pts',(-0.769013369736117,6.63813175075901,25.0832957064644));
#9807=CARTESIAN_POINT('Ctrl Pts',(-0.604534602806432,6.63813175075901,-17.5132957064644));
#9808=CARTESIAN_POINT('Ctrl Pts',(-0.604534602806429,6.63813175075901,25.0832957064644));
#9809=CARTESIAN_POINT('Ctrl Pts',(-0.549708347163202,6.4304097399417,-17.5132957064644));
#9810=CARTESIAN_POINT('Ctrl Pts',(-0.549708347163199,6.4304097399417,25.0832957064644));
#9811=CARTESIAN_POINT('Origin',(-3.85549990221484,5.73388463303758,-17.5132957064644));
#9812=CARTESIAN_POINT('',(-3.85549990221484,5.73388463303758,3.784));
#9813=CARTESIAN_POINT('',(-3.85549990221484,5.73388463303758,-17.5132957064644));
#9814=CARTESIAN_POINT('',(-3.96978561820354,5.73388463303758,3.784));
#9815=CARTESIAN_POINT('',(-5.50274995110742,5.73388463303758,3.784));
#9816=CARTESIAN_POINT('',(-3.96978561820354,5.73388463303758,-17.5132957064644));
#9817=CARTESIAN_POINT('Origin',(-3.85549990221484,5.87365297488862,-17.5132957064644));
#9818=CARTESIAN_POINT('',(-3.85549990221484,5.87365297488862,3.784));
#9819=CARTESIAN_POINT('',(-3.85549990221484,5.87365297488862,-17.5132957064644));
#9820=CARTESIAN_POINT('',(-3.85549990221484,2.93682648744431,3.784));
#9821=CARTESIAN_POINT('Origin',(-3.96978561820354,5.87365297488862,-17.5132957064644));
#9822=CARTESIAN_POINT('',(-3.96978561820354,5.87365297488862,3.784));
#9823=CARTESIAN_POINT('',(-3.96978561820354,5.87365297488862,-17.5132957064644));
#9824=CARTESIAN_POINT('',(-5.55989280910177,5.87365297488862,3.784));
#9825=CARTESIAN_POINT('Origin',(-3.96978561820354,5.73388463303758,-17.5132957064644));
#9826=CARTESIAN_POINT('',(-3.96978561820354,2.86694231651879,3.784));
#9827=CARTESIAN_POINT('Origin',(-7.15,0.,3.784));
#9828=CARTESIAN_POINT('Origin',(-7.15,0.,3.784));
#9829=CARTESIAN_POINT('',(-0.0457970070470515,3.02865289100461,3.784));
#9830=CARTESIAN_POINT('',(0.0868249461486825,3.02865289100461,3.784));
#9831=CARTESIAN_POINT('',(-3.59789850352353,3.02865289100461,3.784));
#9832=CARTESIAN_POINT('',(-0.0457970070470515,2.02865287610345,3.784));
#9833=CARTESIAN_POINT('',(-0.0457970070470515,1.01432643805172,3.784));
#9834=CARTESIAN_POINT('',(0.0868249461486825,2.02865287610345,3.784));
#9835=CARTESIAN_POINT('',(-3.53158752692566,2.02865287610345,3.784));
#9836=CARTESIAN_POINT('',(0.0868249461486825,1.51432644550231,3.784));
#9837=CARTESIAN_POINT('Origin',(-0.0457970070470531,2.02865287610345,-17.5132957064644));
#9838=CARTESIAN_POINT('',(-0.0457970070470531,2.02865287610345,-17.5132957064644));
#9839=CARTESIAN_POINT('',(-0.0457970070470531,3.02865289100461,-17.5132957064644));
#9840=CARTESIAN_POINT('Origin',(-0.0457970070470531,3.02865289100461,-17.5132957064644));
#9841=CARTESIAN_POINT('',(0.0868249461486809,3.02865289100461,-17.5132957064644));
#9842=CARTESIAN_POINT('Origin',(0.0868249461486809,3.02865289100461,-17.5132957064644));
#9843=CARTESIAN_POINT('',(0.0868249461486809,2.02865287610345,-17.5132957064644));
#9844=CARTESIAN_POINT('Origin',(0.0868249461486809,2.02865287610345,-17.5132957064644));
#9845=CARTESIAN_POINT('Origin',(-2.37673540141505,6.00724371047002,-17.5132957064644));
#9846=CARTESIAN_POINT('',(-2.37673540141505,6.00724371047002,3.784));
#9847=CARTESIAN_POINT('',(-2.37673540141505,6.00724371047002,-17.5132957064644));
#9848=CARTESIAN_POINT('',(-2.15511377649101,6.73388464793874,3.784));
#9849=CARTESIAN_POINT('',(-3.41797491108925,2.59328420314102,3.784));
#9850=CARTESIAN_POINT('',(-2.15511377649101,6.73388464793874,-17.5132957064644));
#9851=CARTESIAN_POINT('Ctrl Pts',(-2.37673540141505,6.00724371047002,-17.5132957064644));
#9852=CARTESIAN_POINT('Ctrl Pts',(-2.37673540141505,6.00724371047002,25.0832957064644));
#9853=CARTESIAN_POINT('Ctrl Pts',(-2.40144582649369,5.92616262818073,-17.5132957064644));
#9854=CARTESIAN_POINT('Ctrl Pts',(-2.40144582649369,5.92616262818073,25.0832957064644));
#9855=CARTESIAN_POINT('Ctrl Pts',(-2.41997864530267,5.84353714432403,-17.5132957064644));
#9856=CARTESIAN_POINT('Ctrl Pts',(-2.41997864530267,5.84353714432403,25.0832957064644));
#9857=CARTESIAN_POINT('',(-2.41997864530267,5.84353714432403,3.784));
#9858=CARTESIAN_POINT('',(-2.41997864530267,5.84353714432403,-17.5132957064644));
#9859=CARTESIAN_POINT('Ctrl Pts',(-2.41997864530267,5.84353714432403,3.784));
#9860=CARTESIAN_POINT('Ctrl Pts',(-2.41380168134606,5.87107610863058,3.784));
#9861=CARTESIAN_POINT('Ctrl Pts',(-2.40710938156715,5.89848926336272,3.784));
#9862=CARTESIAN_POINT('Ctrl Pts',(-2.39268987639248,5.95307739009538,3.784));
#9863=CARTESIAN_POINT('Ctrl Pts',(-2.3849672468861,5.98023296751812,3.784));
#9864=CARTESIAN_POINT('Ctrl Pts',(-2.37673540141505,6.00724371047002,3.784));
#9865=CARTESIAN_POINT('Ctrl Pts',(-2.41997864530267,5.84353714432403,-17.5132957064644));
#9866=CARTESIAN_POINT('Ctrl Pts',(-2.41997864530267,5.84353714432403,25.0832957064644));
#9867=CARTESIAN_POINT('Ctrl Pts',(-2.43851146411165,5.9230738250459,-17.5132957064644));
#9868=CARTESIAN_POINT('Ctrl Pts',(-2.43851146411165,5.9230738250459,25.0832957064644));
#9869=CARTESIAN_POINT('Ctrl Pts',(-2.46322188919029,6.00724371047002,-17.5132957064644));
#9870=CARTESIAN_POINT('Ctrl Pts',(-2.46322188919028,6.00724371047002,25.0832957064644));
#9871=CARTESIAN_POINT('',(-2.46322188919029,6.00724371047002,3.784));
#9872=CARTESIAN_POINT('',(-2.46322188919029,6.00724371047002,-17.5132957064644));
#9873=CARTESIAN_POINT('Ctrl Pts',(-2.46322188919029,6.00724371047002,3.784));
#9874=CARTESIAN_POINT('Ctrl Pts',(-2.45513201782546,5.97968758613358,3.784));
#9875=CARTESIAN_POINT('Ctrl Pts',(-2.44739049608064,5.95199894131314,3.784));
#9876=CARTESIAN_POINT('Ctrl Pts',(-2.43297896496336,5.89744100208346,3.784));
#9877=CARTESIAN_POINT('Ctrl Pts',(-2.42626693325058,5.87052438010047,3.784));
#9878=CARTESIAN_POINT('Ctrl Pts',(-2.41997864530267,5.84353714432403,3.784));
#9879=CARTESIAN_POINT('Origin',(-2.67712150627725,6.73388464793874,-17.5132957064644));
#9880=CARTESIAN_POINT('',(-2.67712150627725,6.73388464793874,3.784));
#9881=CARTESIAN_POINT('',(-2.67712150627725,6.73388464793874,-17.5132957064644));
#9882=CARTESIAN_POINT('',(-1.94337592229199,4.24126878320903,3.784));
#9883=CARTESIAN_POINT('Origin',(-2.79449602540079,6.73388464793874,-17.5132957064644));
#9884=CARTESIAN_POINT('',(-2.79449602540079,6.73388464793874,3.784));
#9885=CARTESIAN_POINT('',(-2.79449602540079,6.73388464793874,-17.5132957064644));
#9886=CARTESIAN_POINT('',(-4.97224801270039,6.73388464793874,3.784));
#9887=CARTESIAN_POINT('Origin',(-2.47634930251331,5.73388463303758,-17.5132957064644));
#9888=CARTESIAN_POINT('',(-2.47634930251331,5.73388463303758,3.784));
#9889=CARTESIAN_POINT('',(-2.47634930251331,5.73388463303758,-17.5132957064644));
#9890=CARTESIAN_POINT('',(-1.8628636302076,3.80557408537764,3.784));
#9891=CARTESIAN_POINT('Origin',(-2.36438018887573,5.73388463303758,-17.5132957064644));
#9892=CARTESIAN_POINT('',(-2.36438018887573,5.73388463303758,3.784));
#9893=CARTESIAN_POINT('',(-2.36438018887573,5.73388463303758,-17.5132957064644));
#9894=CARTESIAN_POINT('',(-4.75719009443787,5.73388463303758,3.784));
#9895=CARTESIAN_POINT('Origin',(-2.04468906442084,6.73388464793874,-17.5132957064644));
#9896=CARTESIAN_POINT('',(-2.04468906442084,6.73388464793874,3.784));
#9897=CARTESIAN_POINT('',(-2.04468906442084,6.73388464793874,-17.5132957064644));
#9898=CARTESIAN_POINT('',(-3.25795905253879,2.93875268027512,3.784));
#9899=CARTESIAN_POINT('Origin',(-2.15511377649101,6.73388464793874,-17.5132957064644));
#9900=CARTESIAN_POINT('',(-4.6525568882455,6.73388464793874,3.784));
#9901=CARTESIAN_POINT('Origin',(-7.15,0.,3.784));
#9902=CARTESIAN_POINT('Origin',(-7.15,0.,3.784));
#9903=CARTESIAN_POINT('',(1.56319691936785,3.02865289100461,3.784));
#9904=CARTESIAN_POINT('',(2.00679448695358,3.02865289100461,3.784));
#9905=CARTESIAN_POINT('',(-2.79340154031607,3.02865289100461,3.784));
#9906=CARTESIAN_POINT('',(1.56319691936785,2.02865287610345,3.784));
#9907=CARTESIAN_POINT('',(1.56319691936785,1.01432643805172,3.784));
#9908=CARTESIAN_POINT('',(1.69581887256358,2.02865287610345,3.784));
#9909=CARTESIAN_POINT('',(-2.72709056371821,2.02865287610345,3.784));
#9910=CARTESIAN_POINT('',(1.69581887256358,2.47301263882249,3.784));
#9911=CARTESIAN_POINT('',(1.69581887256358,1.23650631941124,3.784));
#9912=CARTESIAN_POINT('',(1.84902009435866,2.47301263882249,3.784));
#9913=CARTESIAN_POINT('',(-2.65048995282067,2.47301263882249,3.784));
#9914=CARTESIAN_POINT('',(1.92295302228961,2.46843946802263,3.784));
#9915=CARTESIAN_POINT('Ctrl Pts',(1.92295302228961,2.46843946802263,3.784));
#9916=CARTESIAN_POINT('Ctrl Pts',(1.90770911962343,2.47148824855587,3.784));
#9917=CARTESIAN_POINT('Ctrl Pts',(1.88306481031312,2.47301263882249,3.784));
#9918=CARTESIAN_POINT('Ctrl Pts',(1.84902009435866,2.47301263882249,3.784));
#9919=CARTESIAN_POINT('',(2.14551400121578,2.23673214749676,3.784));
#9920=CARTESIAN_POINT('Ctrl Pts',(2.14551400121578,2.23673214749676,3.784));
#9921=CARTESIAN_POINT('Ctrl Pts',(2.10689611446147,2.29669149798372,3.784));
#9922=CARTESIAN_POINT('Ctrl Pts',(2.07513798390694,2.34255023850446,3.784));
#9923=CARTESIAN_POINT('Ctrl Pts',(2.05023960955218,2.374308369059,3.784));
#9924=CARTESIAN_POINT('Ctrl Pts',(2.02534123519743,2.40606649961353,3.784));
#9925=CARTESIAN_POINT('Ctrl Pts',(2.00298351128704,2.42842422352392,3.784));
#9926=CARTESIAN_POINT('Ctrl Pts',(1.98316643782101,2.44138154079017,3.784));
#9927=CARTESIAN_POINT('Ctrl Pts',(1.96334936435498,2.45433885805642,3.784));
#9928=CARTESIAN_POINT('Ctrl Pts',(1.94327822584451,2.46335816713391,3.784));
#9929=CARTESIAN_POINT('Ctrl Pts',(1.92295302228961,2.46843946802263,3.784));
#9930=CARTESIAN_POINT('',(2.27813595441152,2.02865287610345,3.784));
#9931=CARTESIAN_POINT('',(1.37607414803256,3.44395674473252,3.784));
#9932=CARTESIAN_POINT('',(2.44353229833953,2.02865287610345,3.784));
#9933=CARTESIAN_POINT('',(-2.35323385083024,2.02865287610345,3.784));
#9934=CARTESIAN_POINT('',(2.27051400307843,2.30075653869469,3.784));
#9935=CARTESIAN_POINT('',(1.43527543485957,3.61432556448382,3.784));
#9936=CARTESIAN_POINT('',(2.16075790388196,2.43414068702374,3.784));
#9937=CARTESIAN_POINT('Ctrl Pts',(2.16075790388196,2.43414068702374,3.784));
#9938=CARTESIAN_POINT('Ctrl Pts',(2.19937579063627,2.39857158080266,3.784));
#9939=CARTESIAN_POINT('Ctrl Pts',(2.2359611570351,2.35411019802631,3.784));
#9940=CARTESIAN_POINT('Ctrl Pts',(2.27051400307843,2.30075653869469,3.784));
#9941=CARTESIAN_POINT('',(2.08148961001784,2.48368337068881,3.784));
#9942=CARTESIAN_POINT('Ctrl Pts',(2.08148961001784,2.48368337068881,3.784));
#9943=CARTESIAN_POINT('Ctrl Pts',(2.11604245606118,2.46691507775602,3.784));
#9944=CARTESIAN_POINT('Ctrl Pts',(2.14246522068255,2.45040084986766,3.784));
#9945=CARTESIAN_POINT('Ctrl Pts',(2.16075790388196,2.43414068702374,3.784));
#9946=CARTESIAN_POINT('',(2.36273961420879,2.75578703328006,3.784));
#9947=CARTESIAN_POINT('Ctrl Pts',(2.36273961420879,2.75578703328005,3.784));
#9948=CARTESIAN_POINT('Ctrl Pts',(2.36273961420879,2.6846488208379,3.784));
#9949=CARTESIAN_POINT('Ctrl Pts',(2.33974672768731,2.62481650287316,3.784));
#9950=CARTESIAN_POINT('Ctrl Pts',(2.29376095464435,2.57629007938583,3.784));
#9951=CARTESIAN_POINT('Ctrl Pts',(2.24777518160138,2.5277636558985,3.784));
#9952=CARTESIAN_POINT('Ctrl Pts',(2.17701806672588,2.4968947529995,3.784));
#9953=CARTESIAN_POINT('Ctrl Pts',(2.08148961001784,2.48368337068881,3.784));
#9954=CARTESIAN_POINT('Ctrl Pts',(2.00679448695358,3.02865289100461,3.784));
#9955=CARTESIAN_POINT('Ctrl Pts',(2.09571725250627,3.02865289100461,3.784));
#9956=CARTESIAN_POINT('Ctrl Pts',(2.16342558684854,3.01963358192712,3.784));
#9957=CARTESIAN_POINT('Ctrl Pts',(2.20991948998038,3.00159496377215,3.784));
#9958=CARTESIAN_POINT('Ctrl Pts',(2.25641339311222,2.98355634561717,3.784));
#9959=CARTESIAN_POINT('Ctrl Pts',(2.29350688959991,2.95179821506264,3.784));
#9960=CARTESIAN_POINT('Ctrl Pts',(2.32119997944346,2.90632057210855,3.784));
#9961=CARTESIAN_POINT('Ctrl Pts',(2.34889306928702,2.86084292915445,3.784));
#9962=CARTESIAN_POINT('Ctrl Pts',(2.36273961420879,2.81066508287829,3.784));
#9963=CARTESIAN_POINT('Ctrl Pts',(2.36273961420879,2.75578703328005,3.784));
#9964=CARTESIAN_POINT('',(1.69581887256358,2.91813459667483,3.784));
#9965=CARTESIAN_POINT('',(1.69581887256358,2.58734190881881,3.784));
#9966=CARTESIAN_POINT('',(1.69581887256358,1.2936709544094,3.784));
#9967=CARTESIAN_POINT('',(2.01212985288674,2.91813459667483,3.784));
#9968=CARTESIAN_POINT('',(-2.72709056371821,2.91813459667483,3.784));
#9969=CARTESIAN_POINT('',(2.22630668534652,2.75578703328005,3.784));
#9970=CARTESIAN_POINT('Ctrl Pts',(2.22630668534652,2.75578703328005,3.784));
#9971=CARTESIAN_POINT('Ctrl Pts',(2.22630668534652,2.8030431315452,3.784));
#9972=CARTESIAN_POINT('Ctrl Pts',(2.20915729484707,2.84191508334395,3.784));
#9973=CARTESIAN_POINT('Ctrl Pts',(2.17485851384817,2.8724028886763,3.784));
#9974=CARTESIAN_POINT('Ctrl Pts',(2.14055973284928,2.90289069400866,3.784));
#9975=CARTESIAN_POINT('Ctrl Pts',(2.08631684586213,2.91813459667483,3.784));
#9976=CARTESIAN_POINT('Ctrl Pts',(2.01212985288674,2.91813459667483,3.784));
#9977=CARTESIAN_POINT('',(1.98011765728777,2.58734190881881,3.784));
#9978=CARTESIAN_POINT('Ctrl Pts',(1.98011765728777,2.58734190881881,3.784));
#9979=CARTESIAN_POINT('Ctrl Pts',(2.0405851378636,2.58734190881881,3.784));
#9980=CARTESIAN_POINT('Ctrl Pts',(2.08784123612875,2.5935665024075,3.784));
#9981=CARTESIAN_POINT('Ctrl Pts',(2.12188595208321,2.60601568958487,3.784));
#9982=CARTESIAN_POINT('Ctrl Pts',(2.15593066803767,2.61846487676225,3.784));
#9983=CARTESIAN_POINT('Ctrl Pts',(2.18184530257017,2.63853601527272,3.784));
#9984=CARTESIAN_POINT('Ctrl Pts',(2.19962985568071,2.66622910511627,3.784));
#9985=CARTESIAN_POINT('Ctrl Pts',(2.21741440879125,2.69392219495983,3.784));
#9986=CARTESIAN_POINT('Ctrl Pts',(2.22630668534652,2.72377483768109,3.784));
#9987=CARTESIAN_POINT('Ctrl Pts',(2.22630668534652,2.75578703328005,3.784));
#9988=CARTESIAN_POINT('',(-2.58494117135611,2.58734190881881,3.784));
#9989=CARTESIAN_POINT('Ctrl Pts',(2.22630668534652,2.75578703328005,-17.5132957064644));
#9990=CARTESIAN_POINT('Ctrl Pts',(2.22630668534652,2.75578703328005,25.0832957064644));
#9991=CARTESIAN_POINT('Ctrl Pts',(2.22630668534652,2.82667118067778,-17.5132957064644));
#9992=CARTESIAN_POINT('Ctrl Pts',(2.22630668534652,2.82667118067778,25.0832957064644));
#9993=CARTESIAN_POINT('Ctrl Pts',(2.12341034234983,2.91813459667483,-17.5132957064644));
#9994=CARTESIAN_POINT('Ctrl Pts',(2.12341034234983,2.91813459667483,25.0832957064644));
#9995=CARTESIAN_POINT('Ctrl Pts',(2.01212985288674,2.91813459667483,-17.5132957064644));
#9996=CARTESIAN_POINT('Ctrl Pts',(2.01212985288674,2.91813459667483,25.0832957064644));
#9997=CARTESIAN_POINT('',(2.22630668534652,2.75578703328005,3.785));
#9998=CARTESIAN_POINT('',(2.01212985288674,2.91813459667483,3.785));
#9999=CARTESIAN_POINT('Ctrl Pts',(2.22630668534652,2.75578703328005,3.78500000000001));
#10000=CARTESIAN_POINT('Ctrl Pts',(2.22630668534652,2.82667118067778,3.78500000000001));
#10001=CARTESIAN_POINT('Ctrl Pts',(2.12341034234983,2.91813459667483,3.78500000000001));
#10002=CARTESIAN_POINT('Ctrl Pts',(2.01212985288674,2.91813459667483,3.78500000000001));
#10003=CARTESIAN_POINT('',(2.22630668534652,2.75578703328005,-17.5132957064644));
#10004=CARTESIAN_POINT('',(2.01212985288674,2.91813459667483,-17.5132957064644));
#10005=CARTESIAN_POINT('Origin',(1.69581887256358,2.91813459667483,-17.5132957064644));
#10006=CARTESIAN_POINT('',(1.69581887256358,2.91813459667483,3.785));
#10007=CARTESIAN_POINT('',(-2.72709056371821,2.91813459667483,3.785));
#10008=CARTESIAN_POINT('',(1.69581887256358,2.91813459667483,-17.5132957064644));
#10009=CARTESIAN_POINT('Origin',(1.69581887256358,2.58734190881881,-17.5132957064644));
#10010=CARTESIAN_POINT('',(1.69581887256358,2.58734190881881,3.785));
#10011=CARTESIAN_POINT('',(1.69581887256358,1.2936709544094,3.785));
#10012=CARTESIAN_POINT('',(1.69581887256358,2.58734190881881,-17.5132957064644));
#10013=CARTESIAN_POINT('Ctrl Pts',(1.92295302228961,2.46843946802263,-17.5132957064644));
#10014=CARTESIAN_POINT('Ctrl Pts',(1.92295302228961,2.46843946802263,25.0832957064644));
#10015=CARTESIAN_POINT('Ctrl Pts',(1.95344082762196,2.46081751668955,-17.5132957064644));
#10016=CARTESIAN_POINT('Ctrl Pts',(1.95344082762196,2.46081751668955,25.0832957064644));
#10017=CARTESIAN_POINT('Ctrl Pts',(2.01289204802005,2.4219455648908,-17.5132957064644));
#10018=CARTESIAN_POINT('Ctrl Pts',(2.01289204802005,2.4219455648908,25.0832957064644));
#10019=CARTESIAN_POINT('Ctrl Pts',(2.08758717108431,2.32667117322719,-17.5132957064644));
#10020=CARTESIAN_POINT('Ctrl Pts',(2.08758717108432,2.32667117322719,25.0832957064644));
#10021=CARTESIAN_POINT('Ctrl Pts',(2.14551400121578,2.23673214749676,-17.5132957064644));
#10022=CARTESIAN_POINT('Ctrl Pts',(2.14551400121579,2.23673214749676,25.0832957064644));
#10023=CARTESIAN_POINT('',(2.14551400121578,2.23673214749676,-17.5132957064644));
#10024=CARTESIAN_POINT('',(1.92295302228961,2.46843946802263,-17.5132957064644));
#10025=CARTESIAN_POINT('Ctrl Pts',(1.84902009435865,2.47301263882249,-17.5132957064644));
#10026=CARTESIAN_POINT('Ctrl Pts',(1.84902009435866,2.47301263882249,25.0832957064644));
#10027=CARTESIAN_POINT('Ctrl Pts',(1.90008716829034,2.47301263882249,-17.5132957064644));
#10028=CARTESIAN_POINT('Ctrl Pts',(1.90008716829035,2.47301263882249,25.0832957064644));
#10029=CARTESIAN_POINT('Ctrl Pts',(1.92295302228961,2.46843946802263,-17.5132957064644));
#10030=CARTESIAN_POINT('Ctrl Pts',(1.92295302228961,2.46843946802263,25.0832957064644));
#10031=CARTESIAN_POINT('',(1.84902009435865,2.47301263882249,-17.5132957064644));
#10032=CARTESIAN_POINT('Origin',(1.84902009435865,2.47301263882249,-17.5132957064644));
#10033=CARTESIAN_POINT('',(1.69581887256358,2.47301263882249,-17.5132957064644));
#10034=CARTESIAN_POINT('Origin',(1.69581887256358,2.47301263882249,-17.5132957064644));
#10035=CARTESIAN_POINT('',(1.69581887256358,2.02865287610345,-17.5132957064644));
#10036=CARTESIAN_POINT('Origin',(1.69581887256358,2.02865287610345,-17.5132957064644));
#10037=CARTESIAN_POINT('',(1.56319691936785,2.02865287610345,-17.5132957064644));
#10038=CARTESIAN_POINT('Origin',(1.56319691936785,2.02865287610345,-17.5132957064644));
#10039=CARTESIAN_POINT('',(1.56319691936785,3.02865289100461,-17.5132957064644));
#10040=CARTESIAN_POINT('Origin',(1.56319691936785,3.02865289100461,-17.5132957064644));
#10041=CARTESIAN_POINT('',(2.00679448695358,3.02865289100461,-17.5132957064644));
#10042=CARTESIAN_POINT('Ctrl Pts',(1.98011765728777,2.58734190881881,-17.5132957064644));
#10043=CARTESIAN_POINT('Ctrl Pts',(1.98011765728777,2.58734190881881,25.0832957064644));
#10044=CARTESIAN_POINT('Ctrl Pts',(2.07081887815152,2.58734190881881,-17.5132957064644));
#10045=CARTESIAN_POINT('Ctrl Pts',(2.07081887815152,2.58734190881881,25.0832957064644));
#10046=CARTESIAN_POINT('Ctrl Pts',(2.1729530260149,2.62468947035094,-17.5132957064644));
#10047=CARTESIAN_POINT('Ctrl Pts',(2.1729530260149,2.62468947035094,25.0832957064644));
#10048=CARTESIAN_POINT('Ctrl Pts',(2.22630668534652,2.7077687398816,-17.5132957064644));
#10049=CARTESIAN_POINT('Ctrl Pts',(2.22630668534652,2.7077687398816,25.0832957064644));
#10050=CARTESIAN_POINT('Ctrl Pts',(2.22630668534652,2.75578703328005,-17.5132957064644));
#10051=CARTESIAN_POINT('Ctrl Pts',(2.22630668534652,2.75578703328005,25.0832957064644));
#10052=CARTESIAN_POINT('',(1.98011765728777,2.58734190881881,3.785));
#10053=CARTESIAN_POINT('Ctrl Pts',(1.98011765728777,2.58734190881881,3.78500000000001));
#10054=CARTESIAN_POINT('Ctrl Pts',(2.07081887815152,2.58734190881881,3.78500000000001));
#10055=CARTESIAN_POINT('Ctrl Pts',(2.1729530260149,2.62468947035094,3.78500000000001));
#10056=CARTESIAN_POINT('Ctrl Pts',(2.22630668534652,2.7077687398816,3.78500000000001));
#10057=CARTESIAN_POINT('Ctrl Pts',(2.22630668534652,2.75578703328005,3.78500000000001));
#10058=CARTESIAN_POINT('',(1.98011765728777,2.58734190881881,-17.5132957064644));
#10059=CARTESIAN_POINT('Origin',(1.98011765728777,2.58734190881881,-17.5132957064644));
#10060=CARTESIAN_POINT('',(-2.58494117135611,2.58734190881881,3.785));
#10061=CARTESIAN_POINT('Ctrl Pts',(2.36273961420879,2.75578703328005,-17.5132957064644));
#10062=CARTESIAN_POINT('Ctrl Pts',(2.3627396142088,2.75578703328005,25.0832957064644));
#10063=CARTESIAN_POINT('Ctrl Pts',(2.36273961420879,2.83810410767741,-17.5132957064644));
#10064=CARTESIAN_POINT('Ctrl Pts',(2.3627396142088,2.83810410767741,25.0832957064644));
#10065=CARTESIAN_POINT('Ctrl Pts',(2.27966034467813,2.97453703653968,-17.5132957064644));
#10066=CARTESIAN_POINT('Ctrl Pts',(2.27966034467814,2.97453703653968,25.0832957064644));
#10067=CARTESIAN_POINT('Ctrl Pts',(2.14017863528262,3.02865289100461,-17.5132957064644));
#10068=CARTESIAN_POINT('Ctrl Pts',(2.14017863528262,3.02865289100461,25.0832957064644));
#10069=CARTESIAN_POINT('Ctrl Pts',(2.00679448695358,3.02865289100461,-17.5132957064644));
#10070=CARTESIAN_POINT('Ctrl Pts',(2.00679448695358,3.02865289100461,25.0832957064644));
#10071=CARTESIAN_POINT('',(2.36273961420879,2.75578703328006,-17.5132957064644));
#10072=CARTESIAN_POINT('Ctrl Pts',(2.08148961001784,2.48368337068881,-17.5132957064644));
#10073=CARTESIAN_POINT('Ctrl Pts',(2.08148961001784,2.48368337068881,25.0832957064644));
#10074=CARTESIAN_POINT('Ctrl Pts',(2.2247822950799,2.50350044415484,-17.5132957064644));
#10075=CARTESIAN_POINT('Ctrl Pts',(2.2247822950799,2.50350044415484,25.0832957064644));
#10076=CARTESIAN_POINT('Ctrl Pts',(2.36273961420879,2.64907971461682,-17.5132957064644));
#10077=CARTESIAN_POINT('Ctrl Pts',(2.3627396142088,2.64907971461682,25.0832957064644));
#10078=CARTESIAN_POINT('Ctrl Pts',(2.36273961420879,2.75578703328005,-17.5132957064644));
#10079=CARTESIAN_POINT('Ctrl Pts',(2.3627396142088,2.75578703328005,25.0832957064644));
#10080=CARTESIAN_POINT('',(2.08148961001784,2.48368337068881,-17.5132957064644));
#10081=CARTESIAN_POINT('Ctrl Pts',(2.16075790388196,2.43414068702374,-17.5132957064644));
#10082=CARTESIAN_POINT('Ctrl Pts',(2.16075790388196,2.43414068702374,25.0832957064644));
#10083=CARTESIAN_POINT('Ctrl Pts',(2.13331887908284,2.45853093128962,-17.5132957064644));
#10084=CARTESIAN_POINT('Ctrl Pts',(2.13331887908284,2.45853093128962,25.0832957064644));
#10085=CARTESIAN_POINT('Ctrl Pts',(2.08148961001784,2.48368337068881,-17.5132957064644));
#10086=CARTESIAN_POINT('Ctrl Pts',(2.08148961001784,2.48368337068881,25.0832957064644));
#10087=CARTESIAN_POINT('',(2.16075790388196,2.43414068702374,-17.5132957064644));
#10088=CARTESIAN_POINT('Ctrl Pts',(2.27051400307843,2.30075653869469,-17.5132957064644));
#10089=CARTESIAN_POINT('Ctrl Pts',(2.27051400307843,2.30075653869469,25.0832957064644));
#10090=CARTESIAN_POINT('Ctrl Pts',(2.21868473401343,2.38078702769212,-17.5132957064644));
#10091=CARTESIAN_POINT('Ctrl Pts',(2.21868473401343,2.38078702769212,25.0832957064644));
#10092=CARTESIAN_POINT('Ctrl Pts',(2.16075790388196,2.43414068702374,-17.5132957064644));
#10093=CARTESIAN_POINT('Ctrl Pts',(2.16075790388196,2.43414068702374,25.0832957064644));
#10094=CARTESIAN_POINT('',(2.27051400307843,2.30075653869469,-17.5132957064644));
#10095=CARTESIAN_POINT('Origin',(2.27051400307843,2.30075653869469,-17.5132957064644));
#10096=CARTESIAN_POINT('',(2.44353229833953,2.02865287610345,-17.5132957064644));
#10097=CARTESIAN_POINT('Origin',(2.44353229833953,2.02865287610345,-17.5132957064644));
#10098=CARTESIAN_POINT('',(2.27813595441151,2.02865287610345,-17.5132957064644));
#10099=CARTESIAN_POINT('Origin',(2.27813595441151,2.02865287610345,-17.5132957064644));
#10100=CARTESIAN_POINT('Ctrl Pts',(-0.646406772094397,2.9326163042077,-17.5132957064644));
#10101=CARTESIAN_POINT('Ctrl Pts',(-0.646406772094394,2.9326163042077,25.0832957064644));
#10102=CARTESIAN_POINT('Ctrl Pts',(-0.545797014497634,2.9326163042077,-17.5132957064644));
#10103=CARTESIAN_POINT('Ctrl Pts',(-0.54579701449763,2.9326163042077,25.0832957064644));
#10104=CARTESIAN_POINT('Ctrl Pts',(-0.413937256435209,2.83276874174425,
-17.5132957064644));
#10105=CARTESIAN_POINT('Ctrl Pts',(-0.413937256435206,2.83276874174425,
25.0832957064644));
#10106=CARTESIAN_POINT('Ctrl Pts',(-0.378876280303004,2.72377483768109,
-17.5132957064644));
#10107=CARTESIAN_POINT('Ctrl Pts',(-0.378876280303,2.72377483768109,25.0832957064644));
#10108=CARTESIAN_POINT('',(-0.378876280303002,2.72377483768109,3.784));
#10109=CARTESIAN_POINT('',(-0.378876280303004,2.72377483768109,-17.5132957064644));
#10110=CARTESIAN_POINT('',(-0.646406772094396,2.9326163042077,3.784));
#10111=CARTESIAN_POINT('Ctrl Pts',(-0.378876280303002,2.72377483768109,
3.784));
#10112=CARTESIAN_POINT('Ctrl Pts',(-0.402250264391139,2.79643744038986,
3.784));
#10113=CARTESIAN_POINT('Ctrl Pts',(-0.435913882778945,2.84941000215482,
3.784));
#10114=CARTESIAN_POINT('Ctrl Pts',(-0.47986713546642,2.88269252297597,3.784));
#10115=CARTESIAN_POINT('Ctrl Pts',(-0.523820388153895,2.91597504379713,
3.784));
#10116=CARTESIAN_POINT('Ctrl Pts',(-0.57933360036322,2.9326163042077,3.784));
#10117=CARTESIAN_POINT('Ctrl Pts',(-0.646406772094396,2.9326163042077,3.784));
#10118=CARTESIAN_POINT('',(-0.646406772094397,2.9326163042077,-17.5132957064644));
#10119=CARTESIAN_POINT('Origin',(-0.248540912507197,2.75502483814675,-17.5132957064644));
#10120=CARTESIAN_POINT('',(-0.248540912507196,2.75502483814675,3.784));
#10121=CARTESIAN_POINT('',(-0.248540912507197,2.75502483814675,-17.5132957064644));
#10122=CARTESIAN_POINT('',(-3.82400569999869,1.89774965518095,3.784));
#10123=CARTESIAN_POINT('Ctrl Pts',(-0.248540912507197,2.75502483814675,
-17.5132957064644));
#10124=CARTESIAN_POINT('Ctrl Pts',(-0.248540912507194,2.75502483814675,
25.0832957064644));
#10125=CARTESIAN_POINT('Ctrl Pts',(-0.288937254572564,2.89298215727564,
-17.5132957064644));
#10126=CARTESIAN_POINT('Ctrl Pts',(-0.28893725457256,2.89298215727564,25.0832957064644));
#10127=CARTESIAN_POINT('Ctrl Pts',(-0.493205550299325,3.04618337907071,
-17.5132957064644));
#10128=CARTESIAN_POINT('Ctrl Pts',(-0.493205550299322,3.04618337907071,
25.0832957064644));
#10129=CARTESIAN_POINT('Ctrl Pts',(-0.643357991561161,3.04618337907071,
-17.5132957064644));
#10130=CARTESIAN_POINT('Ctrl Pts',(-0.643357991561158,3.04618337907071,
25.0832957064644));
#10131=CARTESIAN_POINT('',(-0.64335799156116,3.04618337907071,3.784));
#10132=CARTESIAN_POINT('',(-0.643357991561161,3.04618337907071,-17.5132957064644));
#10133=CARTESIAN_POINT('Ctrl Pts',(-0.64335799156116,3.04618337907071,3.784));
#10134=CARTESIAN_POINT('Ctrl Pts',(-0.543256364053269,3.04618337907071,
3.784));
#10135=CARTESIAN_POINT('Ctrl Pts',(-0.459160834344863,3.02064984210487,
3.784));
#10136=CARTESIAN_POINT('Ctrl Pts',(-0.391071402435943,2.96958276817318,
3.784));
#10137=CARTESIAN_POINT('Ctrl Pts',(-0.322981970527022,2.91851569424149,
3.784));
#10138=CARTESIAN_POINT('Ctrl Pts',(-0.27547180721744,2.84699638423268,3.784));
#10139=CARTESIAN_POINT('Ctrl Pts',(-0.248540912507196,2.75502483814675,
3.784));
#10140=CARTESIAN_POINT('Ctrl Pts',(-0.643357991561161,3.04618337907071,
-17.5132957064644));
#10141=CARTESIAN_POINT('Ctrl Pts',(-0.643357991561158,3.04618337907071,
25.0832957064644));
#10142=CARTESIAN_POINT('Ctrl Pts',(-0.775979944756894,3.04618337907071,
-17.5132957064644));
#10143=CARTESIAN_POINT('Ctrl Pts',(-0.775979944756891,3.04618337907071,
25.0832957064644));
#10144=CARTESIAN_POINT('Ctrl Pts',(-0.996254338283142,2.92575654800792,
-17.5132957064644));
#10145=CARTESIAN_POINT('Ctrl Pts',(-0.996254338283138,2.92575654800792,
25.0832957064644));
#10146=CARTESIAN_POINT('Ctrl Pts',(-1.11591897421262,2.69252483721542,-17.5132957064644));
#10147=CARTESIAN_POINT('Ctrl Pts',(-1.11591897421262,2.69252483721542,25.0832957064644));
#10148=CARTESIAN_POINT('Ctrl Pts',(-1.11591897421262,2.53627483488712,-17.5132957064644));
#10149=CARTESIAN_POINT('Ctrl Pts',(-1.11591897421262,2.53627483488712,25.0832957064644));
#10150=CARTESIAN_POINT('',(-1.11591897421262,2.53627483488712,3.784));
#10151=CARTESIAN_POINT('',(-1.11591897421262,2.53627483488712,-17.5132957064644));
#10152=CARTESIAN_POINT('Ctrl Pts',(-1.11591897421262,2.53627483488712,3.784));
#10153=CARTESIAN_POINT('Ctrl Pts',(-1.11591897421262,2.64044150310599,3.784));
#10154=CARTESIAN_POINT('Ctrl Pts',(-1.09597486822438,2.73139678901417,3.784));
#10155=CARTESIAN_POINT('Ctrl Pts',(-1.05608665624788,2.80914069261167,3.784));
#10156=CARTESIAN_POINT('Ctrl Pts',(-1.01619844427139,2.88688459620917,3.784));
#10157=CARTESIAN_POINT('Ctrl Pts',(-0.959541939362099,2.94582768651839,
3.784));
#10158=CARTESIAN_POINT('Ctrl Pts',(-0.886117141520016,2.98596996353932,
3.784));
#10159=CARTESIAN_POINT('Ctrl Pts',(-0.812692343677934,3.02611224056025,
3.784));
#10160=CARTESIAN_POINT('Ctrl Pts',(-0.731772627024982,3.04618337907071,
3.784));
#10161=CARTESIAN_POINT('Ctrl Pts',(-0.64335799156116,3.04618337907071,3.784));
#10162=CARTESIAN_POINT('Ctrl Pts',(-1.11591897421262,2.53627483488712,-17.5132957064644));
#10163=CARTESIAN_POINT('Ctrl Pts',(-1.11591897421262,2.53627483488712,25.0832957064644));
#10164=CARTESIAN_POINT('Ctrl Pts',(-1.11591897421262,2.39298214982506,-17.5132957064644));
#10165=CARTESIAN_POINT('Ctrl Pts',(-1.11591897421262,2.39298214982506,25.0832957064644));
#10166=CARTESIAN_POINT('Ctrl Pts',(-1.0099738506827,2.14374434123308,-17.5132957064644));
#10167=CARTESIAN_POINT('Ctrl Pts',(-1.0099738506827,2.14374434123308,25.0832957064644));
#10168=CARTESIAN_POINT('Ctrl Pts',(-0.807229945222556,2.01188458317066,
-17.5132957064644));
#10169=CARTESIAN_POINT('Ctrl Pts',(-0.807229945222552,2.01188458317066,
25.0832957064644));
#10170=CARTESIAN_POINT('Ctrl Pts',(-0.645644576961088,2.01188458317066,
-17.5132957064644));
#10171=CARTESIAN_POINT('Ctrl Pts',(-0.645644576961085,2.01188458317066,
25.0832957064644));
#10172=CARTESIAN_POINT('',(-0.645644576961086,2.01188458317066,3.784));
#10173=CARTESIAN_POINT('',(-0.645644576961088,2.01188458317066,-17.5132957064644));
#10174=CARTESIAN_POINT('Ctrl Pts',(-0.645644576961086,2.01188458317066,
3.784));
#10175=CARTESIAN_POINT('Ctrl Pts',(-0.753368155802065,2.01188458317066,
3.784));
#10176=CARTESIAN_POINT('Ctrl Pts',(-0.841020596132578,2.03386120951439,
3.784));
#10177=CARTESIAN_POINT('Ctrl Pts',(-0.908601897952626,2.07781446220187,
3.784));
#10178=CARTESIAN_POINT('Ctrl Pts',(-0.976183199772674,2.12176771488934,
3.784));
#10179=CARTESIAN_POINT('Ctrl Pts',(-1.02763137127102,2.18528397599841,3.784));
#10180=CARTESIAN_POINT('Ctrl Pts',(-1.06294641244766,2.26836324552907,3.784));
#10181=CARTESIAN_POINT('Ctrl Pts',(-1.0982614536243,2.35144251505973,3.784));
#10182=CARTESIAN_POINT('Ctrl Pts',(-1.11591897421262,2.44074637817908,3.784));
#10183=CARTESIAN_POINT('Ctrl Pts',(-1.11591897421262,2.53627483488712,3.784));
#10184=CARTESIAN_POINT('Ctrl Pts',(-0.645644576961088,2.01188458317066,
-17.5132957064644));
#10185=CARTESIAN_POINT('Ctrl Pts',(-0.645644576961085,2.01188458317066,
25.0832957064644));
#10186=CARTESIAN_POINT('Ctrl Pts',(-0.489394574632782,2.01188458317066,
-17.5132957064644));
#10187=CARTESIAN_POINT('Ctrl Pts',(-0.489394574632778,2.01188458317066,
25.0832957064644));
#10188=CARTESIAN_POINT('Ctrl Pts',(-0.273693351906388,2.18337848816514,
-17.5132957064644));
#10189=CARTESIAN_POINT('Ctrl Pts',(-0.273693351906385,2.18337848816514,
25.0832957064644));
#10190=CARTESIAN_POINT('Ctrl Pts',(-0.231772619574404,2.34648824669322,
-17.5132957064644));
#10191=CARTESIAN_POINT('Ctrl Pts',(-0.2317726195744,2.34648824669322,25.0832957064644));
#10192=CARTESIAN_POINT('',(-0.231772619574402,2.34648824669322,3.784));
#10193=CARTESIAN_POINT('',(-0.231772619574404,2.34648824669322,-17.5132957064644));
#10194=CARTESIAN_POINT('Ctrl Pts',(-0.231772619574402,2.34648824669322,
3.784));
#10195=CARTESIAN_POINT('Ctrl Pts',(-0.259719774462392,2.2377484076745,3.784));
#10196=CARTESIAN_POINT('Ctrl Pts',(-0.309643555694119,2.15479617066606,
3.784));
#10197=CARTESIAN_POINT('Ctrl Pts',(-0.381543963269583,2.0976315356679,3.784));
#10198=CARTESIAN_POINT('Ctrl Pts',(-0.453444370845048,2.04046690066974,
3.784));
#10199=CARTESIAN_POINT('Ctrl Pts',(-0.541477908742215,2.01188458317066,
3.784));
#10200=CARTESIAN_POINT('Ctrl Pts',(-0.645644576961086,2.01188458317066,
3.784));
#10201=CARTESIAN_POINT('Origin',(-0.364394572770136,2.38002483255881,-17.5132957064644));
#10202=CARTESIAN_POINT('',(-0.364394572770135,2.38002483255881,3.784));
#10203=CARTESIAN_POINT('',(-0.364394572770136,2.38002483255881,-17.5132957064644));
#10204=CARTESIAN_POINT('',(-3.27044697244636,3.1148886577643,3.784));
#10205=CARTESIAN_POINT('Ctrl Pts',(-0.364394572770136,2.38002483255881,
-17.5132957064644));
#10206=CARTESIAN_POINT('Ctrl Pts',(-0.364394572770133,2.38002483255881,
25.0832957064644));
#10207=CARTESIAN_POINT('Ctrl Pts',(-0.391833597569254,2.25350044042955,
-17.5132957064644));
#10208=CARTESIAN_POINT('Ctrl Pts',(-0.391833597569251,2.25350044042955,
25.0832957064644));
#10209=CARTESIAN_POINT('Ctrl Pts',(-0.545797014497634,2.12545165803367,
-17.5132957064644));
#10210=CARTESIAN_POINT('Ctrl Pts',(-0.54579701449763,2.12545165803367,25.0832957064644));
#10211=CARTESIAN_POINT('Ctrl Pts',(-0.65707750396072,2.12545165803367,-17.5132957064644));
#10212=CARTESIAN_POINT('Ctrl Pts',(-0.657077503960716,2.12545165803367,
25.0832957064644));
#10213=CARTESIAN_POINT('',(-0.657077503960718,2.12545165803367,3.784));
#10214=CARTESIAN_POINT('',(-0.65707750396072,2.12545165803367,-17.5132957064644));
#10215=CARTESIAN_POINT('Ctrl Pts',(-0.657077503960718,2.12545165803367,
3.784));
#10216=CARTESIAN_POINT('Ctrl Pts',(-0.582890510985327,2.12545165803367,
3.784));
#10217=CARTESIAN_POINT('Ctrl Pts',(-0.520136445009569,2.14679312176631,
3.784));
#10218=CARTESIAN_POINT('Ctrl Pts',(-0.468815306033442,2.18947604923161,
3.784));
#10219=CARTESIAN_POINT('Ctrl Pts',(-0.417494167057316,2.2321589766969,3.784));
#10220=CARTESIAN_POINT('Ctrl Pts',(-0.382687255969546,2.29567523780597,
3.784));
#10221=CARTESIAN_POINT('Ctrl Pts',(-0.364394572770135,2.38002483255881,
3.784));
#10222=CARTESIAN_POINT('Ctrl Pts',(-0.65707750396072,2.12545165803367,-17.5132957064644));
#10223=CARTESIAN_POINT('Ctrl Pts',(-0.657077503960716,2.12545165803367,
25.0832957064644));
#10224=CARTESIAN_POINT('Ctrl Pts',(-0.748540919957778,2.12545165803367,
-17.5132957064644));
#10225=CARTESIAN_POINT('Ctrl Pts',(-0.748540919957775,2.12545165803367,
25.0832957064644));
#10226=CARTESIAN_POINT('Ctrl Pts',(-0.904790922286084,2.21920165943065,
-17.5132957064644));
#10227=CARTESIAN_POINT('Ctrl Pts',(-0.904790922286081,2.21920165943065,
25.0832957064644));
#10228=CARTESIAN_POINT('Ctrl Pts',(-0.979486045350348,2.40975044275786,
-17.5132957064644));
#10229=CARTESIAN_POINT('Ctrl Pts',(-0.979486045350345,2.40975044275786,
25.0832957064644));
#10230=CARTESIAN_POINT('Ctrl Pts',(-0.979486045350348,2.53703703002043,
-17.5132957064644));
#10231=CARTESIAN_POINT('Ctrl Pts',(-0.979486045350345,2.53703703002043,
25.0832957064644));
#10232=CARTESIAN_POINT('',(-0.979486045350346,2.53703703002043,3.784));
#10233=CARTESIAN_POINT('',(-0.979486045350348,2.53703703002043,-17.5132957064644));
#10234=CARTESIAN_POINT('Ctrl Pts',(-0.979486045350346,2.53703703002043,
3.784));
#10235=CARTESIAN_POINT('Ctrl Pts',(-0.979486045350346,2.45217930517871,
3.784));
#10236=CARTESIAN_POINT('Ctrl Pts',(-0.967036858172969,2.37799231220332,
3.784));
#10237=CARTESIAN_POINT('Ctrl Pts',(-0.942138483818215,2.31447605109425,
3.784));
#10238=CARTESIAN_POINT('Ctrl Pts',(-0.91724010946346,2.25095978998519,3.784));
#10239=CARTESIAN_POINT('Ctrl Pts',(-0.878749255231365,2.20357665919782,
3.784));
#10240=CARTESIAN_POINT('Ctrl Pts',(-0.82666592112193,2.17232665873216,3.784));
#10241=CARTESIAN_POINT('Ctrl Pts',(-0.774582587012494,2.1410766582665,3.784));
#10242=CARTESIAN_POINT('Ctrl Pts',(-0.718053114625424,2.12545165803367,
3.784));
#10243=CARTESIAN_POINT('Ctrl Pts',(-0.657077503960718,2.12545165803367,
3.784));
#10244=CARTESIAN_POINT('Ctrl Pts',(-0.979486045350348,2.53703703002043,
-17.5132957064644));
#10245=CARTESIAN_POINT('Ctrl Pts',(-0.979486045350345,2.53703703002043,
25.0832957064644));
#10246=CARTESIAN_POINT('Ctrl Pts',(-0.979486045350348,2.63612239735057,
-17.5132957064644));
#10247=CARTESIAN_POINT('Ctrl Pts',(-0.979486045350345,2.63612239735057,
25.0832957064644));
#10248=CARTESIAN_POINT('Ctrl Pts',(-0.916986044419025,2.82209800987792,
-17.5132957064644));
#10249=CARTESIAN_POINT('Ctrl Pts',(-0.916986044419022,2.82209800987792,
25.0832957064644));
#10250=CARTESIAN_POINT('Ctrl Pts',(-0.761498237224027,2.9326163042077,-17.5132957064644));
#10251=CARTESIAN_POINT('Ctrl Pts',(-0.761498237224024,2.9326163042077,25.0832957064644));
#10252=CARTESIAN_POINT('Ctrl Pts',(-0.646406772094397,2.9326163042077,-17.5132957064644));
#10253=CARTESIAN_POINT('Ctrl Pts',(-0.646406772094394,2.9326163042077,25.0832957064644));
#10254=CARTESIAN_POINT('Ctrl Pts',(-0.646406772094396,2.9326163042077,3.784));
#10255=CARTESIAN_POINT('Ctrl Pts',(-0.723134415514149,2.9326163042077,3.784));
#10256=CARTESIAN_POINT('Ctrl Pts',(-0.787412871756525,2.91419658848607,
3.784));
#10257=CARTESIAN_POINT('Ctrl Pts',(-0.839242140821524,2.87735715704281,
3.784));
#10258=CARTESIAN_POINT('Ctrl Pts',(-0.891071409886524,2.84051772559955,
3.784));
#10259=CARTESIAN_POINT('Ctrl Pts',(-0.927402711240911,2.7911020744567,3.784));
#10260=CARTESIAN_POINT('Ctrl Pts',(-0.948236044884685,2.72911020361425,
3.784));
#10261=CARTESIAN_POINT('Ctrl Pts',(-0.969069378528459,2.6671183327718,3.784));
#10262=CARTESIAN_POINT('Ctrl Pts',(-0.979486045350346,2.60309394157386,
3.784));
#10263=CARTESIAN_POINT('Ctrl Pts',(-0.979486045350346,2.53703703002043,
3.784));
#10264=CARTESIAN_POINT('Origin',(-7.15,0.,3.784));
#10265=CARTESIAN_POINT('Origin',(-7.15,0.,3.784));
#10266=CARTESIAN_POINT('',(2.57310547100203,3.02865289100461,3.784));
#10267=CARTESIAN_POINT('',(3.2971908476454,3.02865289100461,3.784));
#10268=CARTESIAN_POINT('',(-2.28844726449899,3.02865289100461,3.784));
#10269=CARTESIAN_POINT('',(2.57310547100203,2.02865287610345,3.784));
#10270=CARTESIAN_POINT('',(2.57310547100203,1.01432643805172,3.784));
#10271=CARTESIAN_POINT('',(3.32005670164466,2.02865287610345,3.784));
#10272=CARTESIAN_POINT('',(-1.91497164917767,2.02865287610345,3.784));
#10273=CARTESIAN_POINT('',(3.32005670164466,2.14679312176631,3.784));
#10274=CARTESIAN_POINT('',(3.32005670164466,1.07339656088316,3.784));
#10275=CARTESIAN_POINT('',(2.70572742419776,2.14679312176631,3.784));
#10276=CARTESIAN_POINT('',(-2.22213628790112,2.14679312176631,3.784));
#10277=CARTESIAN_POINT('',(2.70572742419776,2.48673215122205,3.784));
#10278=CARTESIAN_POINT('',(2.70572742419776,1.24336607561102,3.784));
#10279=CARTESIAN_POINT('',(3.25984328611327,2.48673215122205,3.784));
#10280=CARTESIAN_POINT('',(-1.94507835694337,2.48673215122205,3.784));
#10281=CARTESIAN_POINT('',(3.25984328611327,2.60487239688491,3.784));
#10282=CARTESIAN_POINT('',(3.25984328611327,1.30243619844246,3.784));
#10283=CARTESIAN_POINT('',(2.70572742419776,2.60487239688491,3.784));
#10284=CARTESIAN_POINT('',(-2.22213628790112,2.60487239688491,3.784));
#10285=CARTESIAN_POINT('',(2.70572742419776,2.91051264534175,3.784));
#10286=CARTESIAN_POINT('',(2.70572742419776,1.45525632267087,3.784));
#10287=CARTESIAN_POINT('',(3.2971908476454,2.91051264534175,3.784));
#10288=CARTESIAN_POINT('',(-1.9264045761773,2.91051264534175,3.784));
#10289=CARTESIAN_POINT('',(3.2971908476454,1.51432644550231,3.784));
#10290=CARTESIAN_POINT('Origin',(2.70572742419776,2.48673215122205,-17.5132957064644));
#10291=CARTESIAN_POINT('',(2.70572742419776,2.48673215122205,-17.5132957064644));
#10292=CARTESIAN_POINT('',(2.70572742419776,2.14679312176631,-17.5132957064644));
#10293=CARTESIAN_POINT('Origin',(2.70572742419776,2.14679312176631,-17.5132957064644));
#10294=CARTESIAN_POINT('',(3.32005670164466,2.14679312176631,-17.5132957064644));
#10295=CARTESIAN_POINT('Origin',(3.32005670164466,2.14679312176631,-17.5132957064644));
#10296=CARTESIAN_POINT('',(3.32005670164466,2.02865287610345,-17.5132957064644));
#10297=CARTESIAN_POINT('Origin',(3.32005670164466,2.02865287610345,-17.5132957064644));
#10298=CARTESIAN_POINT('',(2.57310547100203,2.02865287610345,-17.5132957064644));
#10299=CARTESIAN_POINT('Origin',(2.57310547100203,2.02865287610345,-17.5132957064644));
#10300=CARTESIAN_POINT('',(2.57310547100203,3.02865289100461,-17.5132957064644));
#10301=CARTESIAN_POINT('Origin',(2.57310547100203,3.02865289100461,-17.5132957064644));
#10302=CARTESIAN_POINT('',(3.2971908476454,3.02865289100461,-17.5132957064644));
#10303=CARTESIAN_POINT('Origin',(3.2971908476454,3.02865289100461,-17.5132957064644));
#10304=CARTESIAN_POINT('',(3.2971908476454,2.91051264534175,-17.5132957064644));
#10305=CARTESIAN_POINT('Origin',(3.2971908476454,2.91051264534175,-17.5132957064644));
#10306=CARTESIAN_POINT('',(2.70572742419776,2.91051264534175,-17.5132957064644));
#10307=CARTESIAN_POINT('Origin',(2.70572742419776,2.91051264534175,-17.5132957064644));
#10308=CARTESIAN_POINT('',(2.70572742419776,2.60487239688491,-17.5132957064644));
#10309=CARTESIAN_POINT('Origin',(2.70572742419776,2.60487239688491,-17.5132957064644));
#10310=CARTESIAN_POINT('',(3.25984328611327,2.60487239688491,-17.5132957064644));
#10311=CARTESIAN_POINT('Origin',(3.25984328611327,2.60487239688491,-17.5132957064644));
#10312=CARTESIAN_POINT('',(3.25984328611327,2.48673215122205,-17.5132957064644));
#10313=CARTESIAN_POINT('Origin',(3.25984328611327,2.48673215122205,-17.5132957064644));
#10314=CARTESIAN_POINT('Origin',(1.03728227738477,2.91051264534175,-17.5132957064644));
#10315=CARTESIAN_POINT('',(1.03728227738477,2.91051264534175,3.784));
#10316=CARTESIAN_POINT('',(1.03728227738477,2.91051264534175,-17.5132957064644));
#10317=CARTESIAN_POINT('',(0.706489589528747,2.91051264534175,3.784));
#10318=CARTESIAN_POINT('',(-3.05635886130761,2.91051264534175,3.784));
#10319=CARTESIAN_POINT('',(0.706489589528745,2.91051264534175,-17.5132957064644));
#10320=CARTESIAN_POINT('Origin',(1.03728227738477,3.02865289100461,-17.5132957064644));
#10321=CARTESIAN_POINT('',(1.03728227738477,3.02865289100461,3.784));
#10322=CARTESIAN_POINT('',(1.03728227738477,3.02865289100461,-17.5132957064644));
#10323=CARTESIAN_POINT('',(1.03728227738477,1.51432644550231,3.784));
#10324=CARTESIAN_POINT('Origin',(0.244599338743605,3.02865289100461,-17.5132957064644));
#10325=CARTESIAN_POINT('',(0.244599338743606,3.02865289100461,3.784));
#10326=CARTESIAN_POINT('',(0.244599338743605,3.02865289100461,-17.5132957064644));
#10327=CARTESIAN_POINT('',(-3.4527003306282,3.02865289100461,3.784));
#10328=CARTESIAN_POINT('Origin',(0.244599338743605,2.91051264534175,-17.5132957064644));
#10329=CARTESIAN_POINT('',(0.244599338743606,2.91051264534175,3.784));
#10330=CARTESIAN_POINT('',(0.244599338743605,2.91051264534175,-17.5132957064644));
#10331=CARTESIAN_POINT('',(0.244599338743606,1.45525632267087,3.784));
#10332=CARTESIAN_POINT('Origin',(0.573867636333011,2.91051264534175,-17.5132957064644));
#10333=CARTESIAN_POINT('',(0.573867636333013,2.91051264534175,3.784));
#10334=CARTESIAN_POINT('',(0.573867636333011,2.91051264534175,-17.5132957064644));
#10335=CARTESIAN_POINT('',(-3.28806618183349,2.91051264534175,3.784));
#10336=CARTESIAN_POINT('Origin',(0.573867636333011,2.02865287610345,-17.5132957064644));
#10337=CARTESIAN_POINT('',(0.573867636333013,2.02865287610345,3.784));
#10338=CARTESIAN_POINT('',(0.573867636333011,2.02865287610345,-17.5132957064644));
#10339=CARTESIAN_POINT('',(0.573867636333013,1.01432643805172,3.784));
#10340=CARTESIAN_POINT('Origin',(0.706489589528745,2.02865287610345,-17.5132957064644));
#10341=CARTESIAN_POINT('',(0.706489589528747,2.02865287610345,3.784));
#10342=CARTESIAN_POINT('',(0.706489589528745,2.02865287610345,-17.5132957064644));
#10343=CARTESIAN_POINT('',(-3.22175520523563,2.02865287610345,3.784));
#10344=CARTESIAN_POINT('Origin',(0.706489589528745,2.91051264534175,-17.5132957064644));
#10345=CARTESIAN_POINT('',(0.706489589528747,1.45525632267087,3.784));
#10346=CARTESIAN_POINT('Origin',(-7.15,0.,3.784));
#10347=CARTESIAN_POINT('Origin',(-7.15,0.,3.784));
#10348=CARTESIAN_POINT('',(4.55405062247163,3.02865289100461,3.784));
#10349=CARTESIAN_POINT('',(4.69734330753369,3.02865289100461,3.784));
#10350=CARTESIAN_POINT('',(-1.29797468876419,3.02865289100461,3.784));
#10351=CARTESIAN_POINT('',(4.16990427528399,2.02865287610345,3.784));
#10352=CARTESIAN_POINT('',(3.10253441323145,-0.749897240985691,3.784));
#10353=CARTESIAN_POINT('',(4.31014817981281,2.02865287610345,3.784));
#10354=CARTESIAN_POINT('',(-1.41992591009359,2.02865287610345,3.784));
#10355=CARTESIAN_POINT('',(4.41990427900928,2.33124434402705,3.784));
#10356=CARTESIAN_POINT('',(3.3736565238469,-0.553202592080372,3.784));
#10357=CARTESIAN_POINT('',(4.83911160232913,2.33124434402705,3.784));
#10358=CARTESIAN_POINT('',(-1.15544419883544,2.33124434402705,3.784));
#10359=CARTESIAN_POINT('',(4.95496526259207,2.02865287610345,3.784));
#10360=CARTESIAN_POINT('',(4.5198662706232,3.16506274328529,3.784));
#10361=CARTESIAN_POINT('',(5.10587989898721,2.02865287610345,3.784));
#10362=CARTESIAN_POINT('',(-1.02206005050639,2.02865287610345,3.784));
#10363=CARTESIAN_POINT('',(4.38025096818113,3.80481921419595,3.784));
#10364=CARTESIAN_POINT('',(4.5685323300045,2.73215898414748,3.784));
#10365=CARTESIAN_POINT('',(4.45801403567472,2.43871385782359,3.784));
#10366=CARTESIAN_POINT('',(3.33482438659624,-0.543548313867529,3.784));
#10367=CARTESIAN_POINT('',(4.62264818446942,2.92346996260799,3.784));
#10368=CARTESIAN_POINT('Ctrl Pts',(4.62264818446942,2.92346996260799,3.784));
#10369=CARTESIAN_POINT('Ctrl Pts',(4.61599744783634,2.89123946969382,3.784));
#10370=CARTESIAN_POINT('Ctrl Pts',(4.60816827764787,2.85929091016414,3.784));
#10371=CARTESIAN_POINT('Ctrl Pts',(4.59010835501113,2.79544526816666,3.784));
#10372=CARTESIAN_POINT('Ctrl Pts',(4.57985953149835,2.76362343274153,3.784));
#10373=CARTESIAN_POINT('Ctrl Pts',(4.5685323300045,2.73215898414748,3.784));
#10374=CARTESIAN_POINT('',(4.69277013673383,2.716152886348,3.784));
#10375=CARTESIAN_POINT('Ctrl Pts',(4.69277013673383,2.716152886348,3.784));
#10376=CARTESIAN_POINT('Ctrl Pts',(4.66126607122374,2.80050248110084,3.784));
#10377=CARTESIAN_POINT('Ctrl Pts',(4.6378920871356,2.86960817318751,3.784));
#10378=CARTESIAN_POINT('Ctrl Pts',(4.62264818446942,2.92346996260799,3.784));
#10379=CARTESIAN_POINT('',(4.79795306513045,2.43871385782359,3.784));
#10380=CARTESIAN_POINT('',(4.39880180264076,3.49154762265146,3.784));
#10381=CARTESIAN_POINT('',(-1.17602346743477,2.43871385782359,3.784));
#10382=CARTESIAN_POINT('Ctrl Pts',(4.69277013673383,2.716152886348,-17.5132957064644));
#10383=CARTESIAN_POINT('Ctrl Pts',(4.69277013673384,2.716152886348,25.0832957064644));
#10384=CARTESIAN_POINT('Ctrl Pts',(4.64551403846868,2.84267727847726,-17.5132957064644));
#10385=CARTESIAN_POINT('Ctrl Pts',(4.64551403846869,2.84267727847726,25.0832957064644));
#10386=CARTESIAN_POINT('Ctrl Pts',(4.62264818446942,2.92346996260799,-17.5132957064644));
#10387=CARTESIAN_POINT('Ctrl Pts',(4.62264818446943,2.92346996260799,25.0832957064644));
#10388=CARTESIAN_POINT('',(4.69277013673383,2.716152886348,3.785));
#10389=CARTESIAN_POINT('',(4.62264818446942,2.92346996260799,3.785));
#10390=CARTESIAN_POINT('Ctrl Pts',(4.69277013673383,2.716152886348,3.785));
#10391=CARTESIAN_POINT('Ctrl Pts',(4.64551403846869,2.84267727847726,3.785));
#10392=CARTESIAN_POINT('Ctrl Pts',(4.62264818446942,2.92346996260799,3.785));
#10393=CARTESIAN_POINT('',(4.69277013673383,2.716152886348,-17.5132957064644));
#10394=CARTESIAN_POINT('',(4.62264818446942,2.92346996260799,-17.5132957064644));
#10395=CARTESIAN_POINT('Ctrl Pts',(4.62264818446942,2.92346996260799,-17.5132957064644));
#10396=CARTESIAN_POINT('Ctrl Pts',(4.62264818446943,2.92346996260799,25.0832957064644));
#10397=CARTESIAN_POINT('Ctrl Pts',(4.60283111100339,2.82743337581108,-17.5132957064644));
#10398=CARTESIAN_POINT('Ctrl Pts',(4.60283111100339,2.82743337581108,25.0832957064644));
#10399=CARTESIAN_POINT('Ctrl Pts',(4.5685323300045,2.73215898414748,-17.5132957064644));
#10400=CARTESIAN_POINT('Ctrl Pts',(4.5685323300045,2.73215898414748,25.0832957064644));
#10401=CARTESIAN_POINT('',(4.5685323300045,2.73215898414748,3.785));
#10402=CARTESIAN_POINT('Ctrl Pts',(4.62264818446942,2.92346996260799,3.785));
#10403=CARTESIAN_POINT('Ctrl Pts',(4.60283111100339,2.82743337581108,3.785));
#10404=CARTESIAN_POINT('Ctrl Pts',(4.5685323300045,2.73215898414748,3.785));
#10405=CARTESIAN_POINT('',(4.5685323300045,2.73215898414748,-17.5132957064644));
#10406=CARTESIAN_POINT('Origin',(4.45801403567472,2.43871385782359,-17.5132957064644));
#10407=CARTESIAN_POINT('',(4.45801403567472,2.43871385782359,3.785));
#10408=CARTESIAN_POINT('',(3.33482438659624,-0.543548313867529,3.785));
#10409=CARTESIAN_POINT('',(4.45801403567472,2.43871385782359,-17.5132957064644));
#10410=CARTESIAN_POINT('Origin',(4.41990427900928,2.33124434402705,-17.5132957064644));
#10411=CARTESIAN_POINT('',(4.41990427900928,2.33124434402705,-17.5132957064644));
#10412=CARTESIAN_POINT('',(4.31014817981281,2.02865287610345,-17.5132957064644));
#10413=CARTESIAN_POINT('Origin',(4.31014817981281,2.02865287610345,-17.5132957064644));
#10414=CARTESIAN_POINT('',(4.16990427528399,2.02865287610345,-17.5132957064644));
#10415=CARTESIAN_POINT('Origin',(4.16990427528399,2.02865287610345,-17.5132957064644));
#10416=CARTESIAN_POINT('',(4.55405062247163,3.02865289100461,-17.5132957064644));
#10417=CARTESIAN_POINT('Origin',(4.55405062247163,3.02865289100461,-17.5132957064644));
#10418=CARTESIAN_POINT('',(4.69734330753368,3.02865289100461,-17.5132957064644));
#10419=CARTESIAN_POINT('Origin',(4.69277013673383,2.716152886348,-17.5132957064644));
#10420=CARTESIAN_POINT('',(4.79795306513045,2.43871385782359,3.785));
#10421=CARTESIAN_POINT('',(4.39880180264076,3.49154762265146,3.785));
#10422=CARTESIAN_POINT('',(4.79795306513045,2.43871385782359,-17.5132957064644));
#10423=CARTESIAN_POINT('Origin',(4.79795306513045,2.43871385782359,-17.5132957064644));
#10424=CARTESIAN_POINT('',(-1.17602346743477,2.43871385782359,3.785));
#10425=CARTESIAN_POINT('Origin',(4.69734330753368,3.02865289100461,-17.5132957064644));
#10426=CARTESIAN_POINT('',(5.10587989898721,2.02865287610345,-17.5132957064644));
#10427=CARTESIAN_POINT('Origin',(5.10587989898721,2.02865287610345,-17.5132957064644));
#10428=CARTESIAN_POINT('',(4.95496526259206,2.02865287610345,-17.5132957064644));
#10429=CARTESIAN_POINT('Origin',(4.95496526259206,2.02865287610345,-17.5132957064644));
#10430=CARTESIAN_POINT('',(4.83911160232912,2.33124434402705,-17.5132957064644));
#10431=CARTESIAN_POINT('Origin',(4.83911160232912,2.33124434402705,-17.5132957064644));
#10432=CARTESIAN_POINT('Origin',(4.12188598188553,2.14679312176631,-17.5132957064644));
#10433=CARTESIAN_POINT('',(4.12188598188553,2.14679312176631,3.784));
#10434=CARTESIAN_POINT('',(4.12188598188553,2.14679312176631,-17.5132957064644));
#10435=CARTESIAN_POINT('',(4.12188598188553,2.02865287610345,3.784));
#10436=CARTESIAN_POINT('',(4.12188598188553,1.07339656088316,3.784));
#10437=CARTESIAN_POINT('',(4.12188598188553,2.02865287610345,-17.5132957064644));
#10438=CARTESIAN_POINT('Origin',(3.62950792576804,2.14679312176631,-17.5132957064644));
#10439=CARTESIAN_POINT('',(3.62950792576804,2.14679312176631,3.784));
#10440=CARTESIAN_POINT('',(3.62950792576804,2.14679312176631,-17.5132957064644));
#10441=CARTESIAN_POINT('',(-1.76024603711598,2.14679312176631,3.784));
#10442=CARTESIAN_POINT('Origin',(3.62950792576804,3.02865289100461,-17.5132957064644));
#10443=CARTESIAN_POINT('',(3.62950792576804,3.02865289100461,3.784));
#10444=CARTESIAN_POINT('',(3.62950792576804,3.02865289100461,-17.5132957064644));
#10445=CARTESIAN_POINT('',(3.62950792576804,1.51432644550231,3.784));
#10446=CARTESIAN_POINT('Origin',(3.49688597257231,3.02865289100461,-17.5132957064644));
#10447=CARTESIAN_POINT('',(3.49688597257231,3.02865289100461,3.784));
#10448=CARTESIAN_POINT('',(3.49688597257231,3.02865289100461,-17.5132957064644));
#10449=CARTESIAN_POINT('',(-1.82655701371385,3.02865289100461,3.784));
#10450=CARTESIAN_POINT('Origin',(3.49688597257231,2.02865287610345,-17.5132957064644));
#10451=CARTESIAN_POINT('',(3.49688597257231,2.02865287610345,3.784));
#10452=CARTESIAN_POINT('',(3.49688597257231,2.02865287610345,-17.5132957064644));
#10453=CARTESIAN_POINT('',(3.49688597257231,1.01432643805172,3.784));
#10454=CARTESIAN_POINT('Origin',(4.12188598188553,2.02865287610345,-17.5132957064644));
#10455=CARTESIAN_POINT('',(-1.51405700905723,2.02865287610345,3.784));
#10456=CARTESIAN_POINT('Origin',(-7.15,0.,3.784));
#10457=CARTESIAN_POINT('Origin',(-7.15,0.,3.785));
#10458=CARTESIAN_POINT('Origin',(-7.15,0.,3.785));
#10459=CARTESIAN_POINT('Origin',(-7.15,0.,3.785));
#10460=CARTESIAN_POINT('Origin',(-7.15,0.,3.785));
#10461=CARTESIAN_POINT('Origin',(-7.15,0.,3.785));
#10462=CARTESIAN_POINT('Origin',(-5.9,13.15,-3.085));
#10463=CARTESIAN_POINT('',(-5.55,13.25,-3.085));
#10464=CARTESIAN_POINT('Origin',(-5.9,13.25,-3.085));
#10465=CARTESIAN_POINT('',(-5.55,13.15,-3.085));
#10466=CARTESIAN_POINT('',(-5.55,13.15,-3.085));
#10467=CARTESIAN_POINT('Origin',(-5.9,13.15,-3.085));
#10468=CARTESIAN_POINT('Origin',(-5.9,13.25,-3.085));
#10469=CARTESIAN_POINT('Origin',(-5.9,13.15,-3.085));
#10470=CARTESIAN_POINT('Origin',(-7.15,0.,3.785));
#10471=CARTESIAN_POINT('Origin',(6.2,0.,2.975));
#10472=CARTESIAN_POINT('',(6.2,0.2,2.975));
#10473=CARTESIAN_POINT('',(6.2,0.2,1.775));
#10474=CARTESIAN_POINT('',(6.2,0.2,1.4875));
#10475=CARTESIAN_POINT('',(6.2,1.,2.975));
#10476=CARTESIAN_POINT('',(6.2,0.,2.975));
#10477=CARTESIAN_POINT('',(6.2,1.,1.775));
#10478=CARTESIAN_POINT('',(6.2,1.,2.975));
#10479=CARTESIAN_POINT('',(6.2,0.,1.775));
#10480=CARTESIAN_POINT('Origin',(6.2,0.,1.775));
#10481=CARTESIAN_POINT('',(5.8,0.2,1.775));
#10482=CARTESIAN_POINT('',(3.1,0.2,1.775));
#10483=CARTESIAN_POINT('',(5.8,1.,1.775));
#10484=CARTESIAN_POINT('',(6.2,1.,1.775));
#10485=CARTESIAN_POINT('',(5.8,0.,1.775));
#10486=CARTESIAN_POINT('Origin',(5.8,0.,1.775));
#10487=CARTESIAN_POINT('',(5.8,0.2,2.975));
#10488=CARTESIAN_POINT('',(5.8,0.2,0.8875));
#10489=CARTESIAN_POINT('',(5.8,1.,2.975));
#10490=CARTESIAN_POINT('',(5.8,1.,1.775));
#10491=CARTESIAN_POINT('',(5.8,0.,2.975));
#10492=CARTESIAN_POINT('Origin',(5.8,0.,2.975));
#10493=CARTESIAN_POINT('',(2.9,0.2,2.975));
#10494=CARTESIAN_POINT('',(5.8,1.,2.975));
#10495=CARTESIAN_POINT('Origin',(6.,1.,2.375));
#10496=CARTESIAN_POINT('Origin',(2.25,0.,-2.075));
#10497=CARTESIAN_POINT('',(2.25,0.2,-2.075));
#10498=CARTESIAN_POINT('',(2.25,0.2,-2.675));
#10499=CARTESIAN_POINT('',(2.25,0.2,-1.0375));
#10500=CARTESIAN_POINT('',(2.25,1.,-2.075));
#10501=CARTESIAN_POINT('',(2.25,0.,-2.075));
#10502=CARTESIAN_POINT('',(2.25,1.,-2.675));
#10503=CARTESIAN_POINT('',(2.25,1.,-2.075));
#10504=CARTESIAN_POINT('',(2.25,0.,-2.675));
#10505=CARTESIAN_POINT('Origin',(2.25,0.,-2.675));
#10506=CARTESIAN_POINT('',(1.9,0.2,-2.675));
#10507=CARTESIAN_POINT('',(1.125,0.2,-2.675));
#10508=CARTESIAN_POINT('',(1.9,1.,-2.675));
#10509=CARTESIAN_POINT('',(2.25,1.,-2.675));
#10510=CARTESIAN_POINT('',(1.9,0.,-2.675));
#10511=CARTESIAN_POINT('Origin',(1.9,0.,-2.675));
#10512=CARTESIAN_POINT('',(1.9,0.2,-2.075));
#10513=CARTESIAN_POINT('',(1.9,0.2,-1.3375));
#10514=CARTESIAN_POINT('',(1.9,1.,-2.075));
#10515=CARTESIAN_POINT('',(1.9,1.,-2.675));
#10516=CARTESIAN_POINT('',(1.9,0.,-2.075));
#10517=CARTESIAN_POINT('Origin',(1.9,0.,-2.075));
#10518=CARTESIAN_POINT('',(0.950000000000002,0.2,-2.075));
#10519=CARTESIAN_POINT('',(1.9,1.,-2.075));
#10520=CARTESIAN_POINT('Origin',(2.075,1.,-2.375));
#10521=CARTESIAN_POINT('Origin',(2.25,0.,2.675));
#10522=CARTESIAN_POINT('',(2.25,0.2,2.675));
#10523=CARTESIAN_POINT('',(2.25,0.2,2.075));
#10524=CARTESIAN_POINT('',(2.25,0.2,1.3375));
#10525=CARTESIAN_POINT('',(2.25,1.,2.675));
#10526=CARTESIAN_POINT('',(2.25,0.,2.675));
#10527=CARTESIAN_POINT('',(2.25,1.,2.075));
#10528=CARTESIAN_POINT('',(2.25,1.,2.675));
#10529=CARTESIAN_POINT('',(2.25,0.,2.075));
#10530=CARTESIAN_POINT('Origin',(2.25,0.,2.075));
#10531=CARTESIAN_POINT('',(1.9,0.2,2.075));
#10532=CARTESIAN_POINT('',(1.125,0.2,2.075));
#10533=CARTESIAN_POINT('',(1.9,1.,2.075));
#10534=CARTESIAN_POINT('',(2.25,1.,2.075));
#10535=CARTESIAN_POINT('',(1.9,0.,2.075));
#10536=CARTESIAN_POINT('Origin',(1.9,0.,2.075));
#10537=CARTESIAN_POINT('',(1.9,0.2,2.675));
#10538=CARTESIAN_POINT('',(1.9,0.2,1.0375));
#10539=CARTESIAN_POINT('',(1.9,1.,2.675));
#10540=CARTESIAN_POINT('',(1.9,1.,2.075));
#10541=CARTESIAN_POINT('',(1.9,0.,2.675));
#10542=CARTESIAN_POINT('Origin',(1.9,0.,2.675));
#10543=CARTESIAN_POINT('',(0.950000000000005,0.2,2.675));
#10544=CARTESIAN_POINT('',(1.9,1.,2.675));
#10545=CARTESIAN_POINT('Origin',(2.075,1.,2.375));
#10546=CARTESIAN_POINT('Origin',(-6.1,0.,0.575000000000001));
#10547=CARTESIAN_POINT('',(-6.1,0.2,0.575000000000001));
#10548=CARTESIAN_POINT('',(-6.1,0.2,-0.574999999999999));
#10549=CARTESIAN_POINT('',(-6.1,0.2,0.287499999999997));
#10550=CARTESIAN_POINT('',(-6.1,1.,0.575000000000001));
#10551=CARTESIAN_POINT('',(-6.1,0.,0.575000000000001));
#10552=CARTESIAN_POINT('',(-6.1,1.,-0.574999999999999));
#10553=CARTESIAN_POINT('',(-6.1,1.,0.575000000000001));
#10554=CARTESIAN_POINT('',(-6.1,0.,-0.574999999999999));
#10555=CARTESIAN_POINT('Origin',(-6.1,0.,-0.574999999999999));
#10556=CARTESIAN_POINT('',(-6.4,0.2,-0.574999999999999));
#10557=CARTESIAN_POINT('',(-3.05,0.2,-0.575));
#10558=CARTESIAN_POINT('',(-6.4,1.,-0.574999999999999));
#10559=CARTESIAN_POINT('',(-6.1,1.,-0.574999999999999));
#10560=CARTESIAN_POINT('',(-6.4,0.,-0.574999999999999));
#10561=CARTESIAN_POINT('Origin',(-6.4,0.,-0.574999999999999));
#10562=CARTESIAN_POINT('',(-6.4,0.2,0.575000000000001));
#10563=CARTESIAN_POINT('',(-6.4,0.2,-0.287499999999999));
#10564=CARTESIAN_POINT('',(-6.4,1.,0.575000000000001));
#10565=CARTESIAN_POINT('',(-6.4,1.,-0.574999999999999));
#10566=CARTESIAN_POINT('',(-6.4,0.,0.575000000000001));
#10567=CARTESIAN_POINT('Origin',(-6.4,0.,0.575000000000001));
#10568=CARTESIAN_POINT('',(-3.2,0.2,0.575));
#10569=CARTESIAN_POINT('',(-6.4,1.,0.575000000000001));
#10570=CARTESIAN_POINT('Origin',(-6.25,1.,7.63278329429795E-16));
#10571=CARTESIAN_POINT('Origin',(6.2,0.,-1.775));
#10572=CARTESIAN_POINT('',(6.2,0.2,-1.775));
#10573=CARTESIAN_POINT('',(6.2,0.2,-2.975));
#10574=CARTESIAN_POINT('',(6.2,0.2,-0.8875));
#10575=CARTESIAN_POINT('',(6.2,1.,-1.775));
#10576=CARTESIAN_POINT('',(6.2,0.,-1.775));
#10577=CARTESIAN_POINT('',(6.2,1.,-2.975));
#10578=CARTESIAN_POINT('',(6.2,1.,-1.775));
#10579=CARTESIAN_POINT('',(6.2,0.,-2.975));
#10580=CARTESIAN_POINT('Origin',(6.2,0.,-2.975));
#10581=CARTESIAN_POINT('',(5.8,0.2,-2.975));
#10582=CARTESIAN_POINT('',(3.1,0.2,-2.975));
#10583=CARTESIAN_POINT('',(5.8,1.,-2.975));
#10584=CARTESIAN_POINT('',(6.2,1.,-2.975));
#10585=CARTESIAN_POINT('',(5.8,0.,-2.975));
#10586=CARTESIAN_POINT('Origin',(5.8,0.,-2.975));
#10587=CARTESIAN_POINT('',(5.8,0.2,-1.775));
#10588=CARTESIAN_POINT('',(5.8,0.2,-1.4875));
#10589=CARTESIAN_POINT('',(5.8,1.,-1.775));
#10590=CARTESIAN_POINT('',(5.8,1.,-2.975));
#10591=CARTESIAN_POINT('',(5.8,0.,-1.775));
#10592=CARTESIAN_POINT('Origin',(5.8,0.,-1.775));
#10593=CARTESIAN_POINT('',(2.9,0.2,-1.775));
#10594=CARTESIAN_POINT('',(5.8,1.,-1.775));
#10595=CARTESIAN_POINT('Origin',(6.,1.,-2.375));
#10596=CARTESIAN_POINT('Origin',(-5.35,0.,-1.6));
#10597=CARTESIAN_POINT('',(-5.35,0.,1.6));
#10598=CARTESIAN_POINT('',(-5.35,0.,-1.6));
#10599=CARTESIAN_POINT('',(-5.35,0.,-0.800000000000001));
#10600=CARTESIAN_POINT('',(-5.35,0.2,1.6));
#10601=CARTESIAN_POINT('',(-5.35,0.,1.6));
#10602=CARTESIAN_POINT('',(-5.35,0.2,-1.6));
#10603=CARTESIAN_POINT('',(-5.35,0.2,-0.800000000000001));
#10604=CARTESIAN_POINT('',(-5.35,0.,-1.6));
#10605=CARTESIAN_POINT('Origin',(5.35,0.,-1.6));
#10606=CARTESIAN_POINT('',(5.35,0.,-1.6));
#10607=CARTESIAN_POINT('',(2.675,0.,-1.6));
#10608=CARTESIAN_POINT('',(5.35,0.2,-1.6));
#10609=CARTESIAN_POINT('',(2.675,0.2,-1.6));
#10610=CARTESIAN_POINT('',(5.35,0.,-1.6));
#10611=CARTESIAN_POINT('Origin',(5.35,0.,1.6));
#10612=CARTESIAN_POINT('',(5.35,0.,1.6));
#10613=CARTESIAN_POINT('',(5.35,0.,0.800000000000002));
#10614=CARTESIAN_POINT('',(5.35,0.2,1.6));
#10615=CARTESIAN_POINT('',(5.35,0.2,0.800000000000002));
#10616=CARTESIAN_POINT('',(5.35,0.,1.6));
#10617=CARTESIAN_POINT('Origin',(-5.35,0.,1.6));
#10618=CARTESIAN_POINT('',(-2.675,0.,1.6));
#10619=CARTESIAN_POINT('',(-2.675,0.2,1.6));
#10620=CARTESIAN_POINT('Origin',(-6.55,0.,-3.285));
#10621=CARTESIAN_POINT('',(-6.55,0.,-3.285));
#10622=CARTESIAN_POINT('',(-6.55,0.,3.285));
#10623=CARTESIAN_POINT('',(-6.55,0.,-1.6425));
#10624=CARTESIAN_POINT('',(-6.55,0.2,-3.285));
#10625=CARTESIAN_POINT('',(-6.55,0.,-3.285));
#10626=CARTESIAN_POINT('',(-6.55,0.2,3.285));
#10627=CARTESIAN_POINT('',(-6.55,0.2,3.285));
#10628=CARTESIAN_POINT('',(-6.55,0.,3.285));
#10629=CARTESIAN_POINT('Origin',(6.55,0.,3.285));
#10630=CARTESIAN_POINT('',(6.55,0.2,3.285));
#10631=CARTESIAN_POINT('',(6.55,0.,3.285));
#10632=CARTESIAN_POINT('',(6.55,0.2,-3.285));
#10633=CARTESIAN_POINT('',(6.55,0.2,-3.285));
#10634=CARTESIAN_POINT('',(6.55,0.,-3.285));
#10635=CARTESIAN_POINT('Origin',(0.,0.2,0.));
#10636=CARTESIAN_POINT('',(6.55,0.2,3.285));
#10637=CARTESIAN_POINT('',(-6.55,0.2,-3.285));
#10638=CARTESIAN_POINT('Origin',(7.61469838563207E-16,0.,1.77676295664746E-18));
#10639=CARTESIAN_POINT('',(-3.65,0.,3.285));
#10640=CARTESIAN_POINT('',(3.65,0.,3.285));
#10641=CARTESIAN_POINT('',(-3.275,0.,3.285));
#10642=CARTESIAN_POINT('',(3.65,0.,1.8925));
#10643=CARTESIAN_POINT('',(-3.65,0.,1.6425));
#10644=CARTESIAN_POINT('Origin',(7.61469838563207E-16,0.,1.77676295664746E-18));
#10645=CARTESIAN_POINT('',(3.65,0.,-3.285));
#10646=CARTESIAN_POINT('',(-3.65,0.,-3.285));
#10647=CARTESIAN_POINT('',(3.275,0.,-3.285));
#10648=CARTESIAN_POINT('',(-3.65,0.,-1.8925));
#10649=CARTESIAN_POINT('',(3.65,0.,-1.6425));
#10650=CARTESIAN_POINT('Origin',(7.61469838563207E-16,0.,1.77676295664746E-18));
#10651=CARTESIAN_POINT('Origin',(-5.15,0.,3.785));
#10652=CARTESIAN_POINT('',(-5.15,0.,3.285));
#10653=CARTESIAN_POINT('',(-5.15,0.,1.8925));
#10654=CARTESIAN_POINT('',(-5.15,-0.2,3.285));
#10655=CARTESIAN_POINT('',(-5.15,0.,3.285));
#10656=CARTESIAN_POINT('',(-5.15,-0.2,3.285));
#10657=CARTESIAN_POINT('Origin',(-3.65,0.,3.285));
#10658=CARTESIAN_POINT('',(-3.65,-0.2,3.285));
#10659=CARTESIAN_POINT('',(-3.65,-0.2,3.785));
#10660=CARTESIAN_POINT('',(-3.65,0.,3.285));
#10661=CARTESIAN_POINT('Origin',(-5.15,0.,3.285));
#10662=CARTESIAN_POINT('',(-3.65,-0.2,3.285));
#10663=CARTESIAN_POINT('',(-3.275,0.,3.285));
#10664=CARTESIAN_POINT('',(5.15,-0.2,3.285));
#10665=CARTESIAN_POINT('',(5.15,0.,3.285));
#10666=CARTESIAN_POINT('',(3.65,-0.2,3.285));
#10667=CARTESIAN_POINT('',(5.15,-0.2,3.285));
#10668=CARTESIAN_POINT('',(3.65,0.,3.285));
#10669=CARTESIAN_POINT('Origin',(-4.4,-0.2,3.535));
#10670=CARTESIAN_POINT('Origin',(3.65,0.,-3.285));
#10671=CARTESIAN_POINT('',(3.65,-0.2,-3.285));
#10672=CARTESIAN_POINT('',(3.65,-0.2,-3.785));
#10673=CARTESIAN_POINT('',(3.65,0.,-3.285));
#10674=CARTESIAN_POINT('Origin',(5.15,0.,-3.785));
#10675=CARTESIAN_POINT('',(5.15,-0.2,-3.285));
#10676=CARTESIAN_POINT('',(5.15,0.,-3.285));
#10677=CARTESIAN_POINT('',(5.15,-0.2,-3.285));
#10678=CARTESIAN_POINT('Origin',(4.4,-0.2,-3.535));
#10679=CARTESIAN_POINT('',(3.65,-0.2,-3.285));
#10680=CARTESIAN_POINT('Origin',(-5.15,0.,-3.285));
#10681=CARTESIAN_POINT('',(-5.15,0.,-3.285));
#10682=CARTESIAN_POINT('',(-5.15,0.,-1.6425));
#10683=CARTESIAN_POINT('',(-5.15,-0.2,-3.285));
#10684=CARTESIAN_POINT('',(-5.15,-0.2,-3.785));
#10685=CARTESIAN_POINT('',(-5.15,0.,-3.285));
#10686=CARTESIAN_POINT('Origin',(-3.65,0.,-3.285));
#10687=CARTESIAN_POINT('',(-3.65,-0.2,-3.285));
#10688=CARTESIAN_POINT('',(-5.15,-0.2,-3.285));
#10689=CARTESIAN_POINT('',(-3.65,0.,-3.285));
#10690=CARTESIAN_POINT('',(3.275,0.,-3.285));
#10691=CARTESIAN_POINT('Origin',(-3.65,0.,-3.785));
#10692=CARTESIAN_POINT('',(-3.65,-0.2,-3.285));
#10693=CARTESIAN_POINT('Origin',(-4.4,-0.2,-3.535));
#10694=CARTESIAN_POINT('Origin',(3.65,0.,3.785));
#10695=CARTESIAN_POINT('',(3.65,-0.2,3.285));
#10696=CARTESIAN_POINT('Origin',(5.15,0.,3.285));
#10697=CARTESIAN_POINT('',(5.15,-0.2,3.785));
#10698=CARTESIAN_POINT('Origin',(4.4,-0.2,3.535));
#10699=CARTESIAN_POINT('Origin',(7.61469838563207E-16,0.,1.77676295664746E-18));
#10700=CARTESIAN_POINT('',(-7.15,0.,-3.785));
#10701=CARTESIAN_POINT('Origin',(-7.15,0.,-3.785));
#10702=CARTESIAN_POINT('',(0.,0.,0.));
#10703=CARTESIAN_POINT('Origin',(0.6,1.46957615897682E-16,0.));
#10704=CARTESIAN_POINT('',(0.6,1.46957615897682E-16,0.4));
#10705=CARTESIAN_POINT('',(0.6,-2.,0.4));
#10706=CARTESIAN_POINT('',(0.6,1.46957615897682E-16,0.4));
#10707=CARTESIAN_POINT('',(0.6,-2.,0.));
#10708=CARTESIAN_POINT('',(0.6,-2.,0.));
#10709=CARTESIAN_POINT('',(0.6,1.46957615897682E-16,0.));
#10710=CARTESIAN_POINT('',(0.6,1.46957615897682E-16,0.));
#10711=CARTESIAN_POINT('',(0.6,1.46957615897682E-16,0.));
#10712=CARTESIAN_POINT('Origin',(0.6,-2.,0.));
#10713=CARTESIAN_POINT('',(0.507701575545268,-4.11398147420076,0.4));
#10714=CARTESIAN_POINT('',(0.6,-2.,0.4));
#10715=CARTESIAN_POINT('',(0.507701575545268,-4.11398147420076,0.));
#10716=CARTESIAN_POINT('',(0.507701575545268,-4.11398147420076,0.));
#10717=CARTESIAN_POINT('',(0.6,-2.,0.));
#10718=CARTESIAN_POINT('Origin',(5.01102782979629E-16,-4.09181474469632,
0.));
#10719=CARTESIAN_POINT('',(-0.507701575545267,-4.11398147420076,0.4));
#10720=CARTESIAN_POINT('Origin',(5.01102782979629E-16,-4.09181474469632,
0.4));
#10721=CARTESIAN_POINT('',(-0.507701575545267,-4.11398147420076,0.));
#10722=CARTESIAN_POINT('',(-0.507701575545267,-4.11398147420076,0.));
#10723=CARTESIAN_POINT('Origin',(5.01102782979629E-16,-4.09181474469632,
0.));
#10724=CARTESIAN_POINT('Origin',(-0.507701575545267,-4.11398147420076,0.));
#10725=CARTESIAN_POINT('',(-0.6,-2.,0.4));
#10726=CARTESIAN_POINT('',(-0.507701575545267,-4.11398147420076,0.4));
#10727=CARTESIAN_POINT('',(-0.6,-2.,0.));
#10728=CARTESIAN_POINT('',(-0.6,-2.,0.));
#10729=CARTESIAN_POINT('',(-0.507701575545267,-4.11398147420076,0.));
#10730=CARTESIAN_POINT('Origin',(-0.6,-2.,0.));
#10731=CARTESIAN_POINT('',(-0.6,-3.08148791101958E-32,0.4));
#10732=CARTESIAN_POINT('',(-0.6,-2.,0.4));
#10733=CARTESIAN_POINT('',(-0.6,-3.08148791101958E-32,0.));
#10734=CARTESIAN_POINT('',(-0.6,-3.08148791101958E-32,0.));
#10735=CARTESIAN_POINT('',(-0.6,-2.,0.));
#10736=CARTESIAN_POINT('Origin',(-0.6,-3.08148791101958E-32,0.));
#10737=CARTESIAN_POINT('',(-0.6,-3.08148791101958E-32,0.4));
#10738=CARTESIAN_POINT('',(-0.6,-3.08148791101958E-32,0.));
#10739=CARTESIAN_POINT('Origin',(2.94902990916057E-16,-2.1628338074987,
0.4));
#10740=CARTESIAN_POINT('Origin',(2.77555756156289E-16,-2.1628338074987,
0.));
#10741=CARTESIAN_POINT('',(0.,0.,0.));
#10742=CARTESIAN_POINT('Origin',(0.575,1.40834381901946E-16,0.));
#10743=CARTESIAN_POINT('',(0.575,1.40834381901946E-16,0.3));
#10744=CARTESIAN_POINT('',(0.575,-2.,0.3));
#10745=CARTESIAN_POINT('',(0.575,1.40834381901946E-16,0.3));
#10746=CARTESIAN_POINT('',(0.575,-2.,0.));
#10747=CARTESIAN_POINT('',(0.575,-2.,0.));
#10748=CARTESIAN_POINT('',(0.575,1.40834381901946E-16,0.));
#10749=CARTESIAN_POINT('',(0.575,1.40834381901946E-16,0.));
#10750=CARTESIAN_POINT('',(0.575,1.40834381901946E-16,0.));
#10751=CARTESIAN_POINT('Origin',(0.575,-2.,0.));
#10752=CARTESIAN_POINT('',(0.481611090861135,-4.13895767974031,0.3));
#10753=CARTESIAN_POINT('',(0.575,-2.,0.3));
#10754=CARTESIAN_POINT('',(0.481611090861135,-4.13895767974031,0.));
#10755=CARTESIAN_POINT('',(0.481611090861135,-4.13895767974031,0.));
#10756=CARTESIAN_POINT('',(0.575,-2.,0.));
#10757=CARTESIAN_POINT('Origin',(5.04300989819538E-16,-4.11793008539811,
0.));
#10758=CARTESIAN_POINT('',(-0.481611090861134,-4.13895767974031,0.3));
#10759=CARTESIAN_POINT('Origin',(5.04300989819538E-16,-4.11793008539811,
0.3));
#10760=CARTESIAN_POINT('',(-0.481611090861134,-4.13895767974031,0.));
#10761=CARTESIAN_POINT('',(-0.481611090861134,-4.13895767974031,0.));
#10762=CARTESIAN_POINT('Origin',(5.04300989819538E-16,-4.11793008539811,
0.));
#10763=CARTESIAN_POINT('Origin',(-0.481611090861134,-4.13895767974031,0.));
#10764=CARTESIAN_POINT('',(-0.575,-2.,0.3));
#10765=CARTESIAN_POINT('',(-0.481611090861134,-4.13895767974031,0.3));
#10766=CARTESIAN_POINT('',(-0.575,-2.,0.));
#10767=CARTESIAN_POINT('',(-0.575,-2.,0.));
#10768=CARTESIAN_POINT('',(-0.481611090861134,-4.13895767974031,0.));
#10769=CARTESIAN_POINT('Origin',(-0.575,-2.,0.));
#10770=CARTESIAN_POINT('',(-0.575,0.,0.3));
#10771=CARTESIAN_POINT('',(-0.575,-2.,0.3));
#10772=CARTESIAN_POINT('',(-0.575,0.,0.));
#10773=CARTESIAN_POINT('',(-0.575,0.,0.));
#10774=CARTESIAN_POINT('',(-0.575,-2.,0.));
#10775=CARTESIAN_POINT('Origin',(-0.575,0.,0.));
#10776=CARTESIAN_POINT('',(-0.575,0.,0.3));
#10777=CARTESIAN_POINT('',(-0.575,0.,0.));
#10778=CARTESIAN_POINT('Origin',(2.25514051876985E-16,-2.16686782679458,
0.3));
#10779=CARTESIAN_POINT('Origin',(1.90819582357449E-16,-2.16686782679458,
0.));
#10780=CARTESIAN_POINT('',(0.,0.,0.));
#10781=CARTESIAN_POINT('Origin',(0.3,7.34788079488412E-17,0.));
#10782=CARTESIAN_POINT('',(0.3,7.34788079488412E-17,0.35));
#10783=CARTESIAN_POINT('',(0.3,-4.,0.35));
#10784=CARTESIAN_POINT('',(0.3,7.34788079488412E-17,0.35));
#10785=CARTESIAN_POINT('',(0.3,-4.,0.));
#10786=CARTESIAN_POINT('',(0.3,-4.,0.));
#10787=CARTESIAN_POINT('',(0.3,7.34788079488412E-17,0.));
#10788=CARTESIAN_POINT('',(0.3,7.34788079488412E-17,0.));
#10789=CARTESIAN_POINT('',(0.3,7.34788079488412E-17,0.));
#10790=CARTESIAN_POINT('Origin',(0.3,-4.,0.));
#10791=CARTESIAN_POINT('',(0.294579903241745,-4.31051713531545,0.35));
#10792=CARTESIAN_POINT('',(0.3,-4.,0.35));
#10793=CARTESIAN_POINT('',(0.294579903241745,-4.31051713531545,0.));
#10794=CARTESIAN_POINT('',(0.294579903241745,-4.31051713531545,0.));
#10795=CARTESIAN_POINT('',(0.3,-4.,0.));
#10796=CARTESIAN_POINT('Origin',(5.27256398717276E-16,-4.30537522397782,
0.));
#10797=CARTESIAN_POINT('',(-0.294579903241744,-4.31051713531545,0.35));
#10798=CARTESIAN_POINT('Origin',(5.27256398717276E-16,-4.30537522397782,
0.35));
#10799=CARTESIAN_POINT('',(-0.294579903241744,-4.31051713531545,0.));
#10800=CARTESIAN_POINT('',(-0.294579903241744,-4.31051713531545,0.));
#10801=CARTESIAN_POINT('Origin',(5.27256398717276E-16,-4.30537522397782,
0.));
#10802=CARTESIAN_POINT('Origin',(-0.294579903241744,-4.31051713531545,0.));
#10803=CARTESIAN_POINT('',(-0.299999999999999,-4.,0.35));
#10804=CARTESIAN_POINT('',(-0.294579903241744,-4.31051713531545,0.35));
#10805=CARTESIAN_POINT('',(-0.299999999999999,-4.,0.));
#10806=CARTESIAN_POINT('',(-0.299999999999999,-4.,0.));
#10807=CARTESIAN_POINT('',(-0.294579903241744,-4.31051713531545,0.));
#10808=CARTESIAN_POINT('Origin',(-0.299999999999999,-4.,0.));
#10809=CARTESIAN_POINT('',(-0.3,0.,0.35));
#10810=CARTESIAN_POINT('',(-0.299999999999999,-4.,0.35));
#10811=CARTESIAN_POINT('',(-0.3,0.,0.));
#10812=CARTESIAN_POINT('',(-0.3,0.,0.));
#10813=CARTESIAN_POINT('',(-0.299999999999999,-4.,0.));
#10814=CARTESIAN_POINT('Origin',(-0.3,0.,0.));
#10815=CARTESIAN_POINT('',(-0.3,0.,0.35));
#10816=CARTESIAN_POINT('',(-0.3,0.,0.));
#10817=CARTESIAN_POINT('Origin',(2.77555756156289E-16,-2.23733947459888,
0.35));
#10818=CARTESIAN_POINT('Origin',(2.77555756156289E-16,-2.23733947459888,
0.));
#10819=CARTESIAN_POINT('',(0.,0.,0.));
#10820=CARTESIAN_POINT('',(6.2,1.,-2.375));
#10821=CARTESIAN_POINT('',(6.2,1.,2.375));
#10822=CARTESIAN_POINT('',(-6.1,1.,-6.76542155630955E-16));
#10823=CARTESIAN_POINT('',(2.25,1.,-2.375));
#10824=CARTESIAN_POINT('',(1.90000000000001,1.,2.375));
#10825=UNCERTAINTY_MEASURE_WITH_UNIT(LENGTH_MEASURE(0.01),#10837,
'DISTANCE_ACCURACY_VALUE',
'Maximum model space distance between geometric entities at asserted c
onnectivities');
#10826=UNCERTAINTY_MEASURE_WITH_UNIT(LENGTH_MEASURE(0.01),#10837,
'DISTANCE_ACCURACY_VALUE',
'Maximum model space distance between geometric entities at asserted c
onnectivities');
#10827=UNCERTAINTY_MEASURE_WITH_UNIT(LENGTH_MEASURE(0.01),#10837,
'DISTANCE_ACCURACY_VALUE',
'Maximum model space distance between geometric entities at asserted c
onnectivities');
#10828=UNCERTAINTY_MEASURE_WITH_UNIT(LENGTH_MEASURE(0.01),#10837,
'DISTANCE_ACCURACY_VALUE',
'Maximum model space distance between geometric entities at asserted c
onnectivities');
#10829=UNCERTAINTY_MEASURE_WITH_UNIT(LENGTH_MEASURE(0.01),#10837,
'DISTANCE_ACCURACY_VALUE',
'Maximum model space distance between geometric entities at asserted c
onnectivities');
#10830=UNCERTAINTY_MEASURE_WITH_UNIT(LENGTH_MEASURE(0.01),#10837,
'DISTANCE_ACCURACY_VALUE',
'Maximum model space distance between geometric entities at asserted c
onnectivities');
#10831=(
GEOMETRIC_REPRESENTATION_CONTEXT(3)
GLOBAL_UNCERTAINTY_ASSIGNED_CONTEXT((#10825))
GLOBAL_UNIT_ASSIGNED_CONTEXT((#10837,#10839,#10840))
REPRESENTATION_CONTEXT('','3D')
);
#10832=(
GEOMETRIC_REPRESENTATION_CONTEXT(3)
GLOBAL_UNCERTAINTY_ASSIGNED_CONTEXT((#10826))
GLOBAL_UNIT_ASSIGNED_CONTEXT((#10837,#10839,#10840))
REPRESENTATION_CONTEXT('','3D')
);
#10833=(
GEOMETRIC_REPRESENTATION_CONTEXT(3)
GLOBAL_UNCERTAINTY_ASSIGNED_CONTEXT((#10827))
GLOBAL_UNIT_ASSIGNED_CONTEXT((#10837,#10839,#10840))
REPRESENTATION_CONTEXT('','3D')
);
#10834=(
GEOMETRIC_REPRESENTATION_CONTEXT(3)
GLOBAL_UNCERTAINTY_ASSIGNED_CONTEXT((#10828))
GLOBAL_UNIT_ASSIGNED_CONTEXT((#10837,#10839,#10840))
REPRESENTATION_CONTEXT('','3D')
);
#10835=(
GEOMETRIC_REPRESENTATION_CONTEXT(3)
GLOBAL_UNCERTAINTY_ASSIGNED_CONTEXT((#10829))
GLOBAL_UNIT_ASSIGNED_CONTEXT((#10837,#10839,#10840))
REPRESENTATION_CONTEXT('','3D')
);
#10836=(
GEOMETRIC_REPRESENTATION_CONTEXT(3)
GLOBAL_UNCERTAINTY_ASSIGNED_CONTEXT((#10830))
GLOBAL_UNIT_ASSIGNED_CONTEXT((#10837,#10839,#10840))
REPRESENTATION_CONTEXT('','3D')
);
#10837=(
LENGTH_UNIT()
NAMED_UNIT(*)
SI_UNIT(.MILLI.,.METRE.)
);
#10838=(
LENGTH_UNIT()
NAMED_UNIT(*)
SI_UNIT(.CENTI.,.METRE.)
);
#10839=(
NAMED_UNIT(*)
PLANE_ANGLE_UNIT()
SI_UNIT($,.RADIAN.)
);
#10840=(
NAMED_UNIT(*)
SI_UNIT($,.STERADIAN.)
SOLID_ANGLE_UNIT()
);
#10841=SHAPE_DEFINITION_REPRESENTATION(#10846,#10857);
#10842=SHAPE_DEFINITION_REPRESENTATION(#10847,#10858);
#10843=SHAPE_DEFINITION_REPRESENTATION(#10848,#10859);
#10844=SHAPE_DEFINITION_REPRESENTATION(#10849,#10860);
#10845=SHAPE_DEFINITION_REPRESENTATION(#10850,#10861);
#10846=PRODUCT_DEFINITION_SHAPE('',$,#10863);
#10847=PRODUCT_DEFINITION_SHAPE('',$,#10864);
#10848=PRODUCT_DEFINITION_SHAPE('',$,#10865);
#10849=PRODUCT_DEFINITION_SHAPE('',$,#10866);
#10850=PRODUCT_DEFINITION_SHAPE('',$,#10867);
#10851=PRODUCT_DEFINITION_SHAPE($,$,#29);
#10852=PRODUCT_DEFINITION_SHAPE($,$,#30);
#10853=PRODUCT_DEFINITION_SHAPE($,$,#31);
#10854=PRODUCT_DEFINITION_SHAPE($,$,#32);
#10855=PRODUCT_DEFINITION_SHAPE($,$,#33);
#10856=PRODUCT_DEFINITION_SHAPE($,$,#34);
#10857=SHAPE_REPRESENTATION('',(#6194,#6512,#6513,#6514,#6515,#6516,#6517),
#10831);
#10858=SHAPE_REPRESENTATION('',(#6195),#10832);
#10859=SHAPE_REPRESENTATION('',(#6479),#10833);
#10860=SHAPE_REPRESENTATION('',(#6490),#10834);
#10861=SHAPE_REPRESENTATION('',(#6501),#10835);
#10862=PRODUCT_DEFINITION_CONTEXT('part definition',#10879,'design');
#10863=PRODUCT_DEFINITION('A161C','A161C',#10868,#10862);
#10864=PRODUCT_DEFINITION('A16_Cover','A16_Cover',#10869,#10862);
#10865=PRODUCT_DEFINITION('TERMINAL','A16_TERMINAL_LG',#10870,#10862);
#10866=PRODUCT_DEFINITION('A16_TERMINAL_M','A16_TERMINAL_M',#10871,#10862);
#10867=PRODUCT_DEFINITION('A16_TERMINAL_SM','A16_TERMINAL_SM',#10872,#10862);
#10868=PRODUCT_DEFINITION_FORMATION('',$,#10881);
#10869=PRODUCT_DEFINITION_FORMATION('',$,#10882);
#10870=PRODUCT_DEFINITION_FORMATION('',$,#10883);
#10871=PRODUCT_DEFINITION_FORMATION('',$,#10884);
#10872=PRODUCT_DEFINITION_FORMATION('',$,#10885);
#10873=PRODUCT_RELATED_PRODUCT_CATEGORY('A161C','A161C',(#10881));
#10874=PRODUCT_RELATED_PRODUCT_CATEGORY('A16_Cover','A16_Cover',(#10882));
#10875=PRODUCT_RELATED_PRODUCT_CATEGORY('A16_TERMINAL_LG',
'A16_TERMINAL_LG',(#10883));
#10876=PRODUCT_RELATED_PRODUCT_CATEGORY('A16_TERMINAL_M',
'A16_TERMINAL_M',(#10884));
#10877=PRODUCT_RELATED_PRODUCT_CATEGORY('A16_TERMINAL_SM',
'A16_TERMINAL_SM',(#10885));
#10878=APPLICATION_PROTOCOL_DEFINITION('international standard',
'automotive_design',2009,#10879);
#10879=APPLICATION_CONTEXT(
'Core Data for Automotive Mechanical Design Process');
#10880=PRODUCT_CONTEXT('part definition',#10879,'mechanical');
#10881=PRODUCT('A161C','A161C',$,(#10880));
#10882=PRODUCT('A16_Cover','A16_Cover',$,(#10880));
#10883=PRODUCT('TERMINAL','A16_TERMINAL_LG',$,(#10880));
#10884=PRODUCT('A16_TERMINAL_M','A16_TERMINAL_M',$,(#10880));
#10885=PRODUCT('A16_TERMINAL_SM','A16_TERMINAL_SM',$,(#10880));
ENDSEC;
END-ISO-10303-21;
