ISO-10303-21;
HEADER;
FILE_DESCRIPTION (( 'STEP AP203' ),
    '1' );
FILE_NAME ('CUI_DEVICES_TS02-66-55-BK-160-LCR-D.step',
    '2021-12-18T19:08:31',
    ( '' ),
    ( '' ),
    'SwSTEP 2.0',
    'SolidWorks 2021',
    '' );
FILE_SCHEMA (( 'CONFIG_CONTROL_DESIGN' ));
ENDSEC;

DATA;
#1 = EDGE_CURVE ( 'NONE', #3805, #482, #1420, .T. ) ;
#2 = LINE ( 'NONE', #2575, #1635 ) ;
#3 = VERTEX_POINT ( 'NONE', #477 ) ;
#4 = ORIENTED_EDGE ( 'NONE', *, *, #4121, .T. ) ;
#5 = CARTESIAN_POINT ( 'NONE',  ( 0.1181102362204724532, 0.1299212598425196763, -0.1122047244094488277 ) ) ;
#6 = AXIS2_PLACEMENT_3D ( 'NONE', #2748, #4074, #4096 ) ;
#7 = DIRECTION ( 'NONE',  ( 0.0000000000000000000, 0.0000000000000000000, -1.000000000000000000 ) ) ;
#8 = VECTOR ( 'NONE', #881, 39.37007874015748143 ) ;
#9 = EDGE_LOOP ( 'NONE', ( #505, #18, #127, #934 ) ) ;
#10 = CARTESIAN_POINT ( 'NONE',  ( -0.1318897637795275746, -0.04201406643800709162, -0.07480314960629921850 ) ) ;
#11 = DIRECTION ( 'NONE',  ( 0.0000000000000000000, 1.000000000000000000, 0.0000000000000000000 ) ) ;
#12 = EDGE_CURVE ( 'NONE', #194, #2900, #1170, .T. ) ;
#13 = FACE_OUTER_BOUND ( 'NONE', #1822, .T. ) ;
#14 = VECTOR ( 'NONE', #2551, 39.37007874015748143 ) ;
#15 = DIRECTION ( 'NONE',  ( 0.0000000000000000000, 0.0000000000000000000, 1.000000000000000000 ) ) ;
#16 = CARTESIAN_POINT ( 'NONE',  ( 0.1263219938489248129, -0.04758183636860983945, 0.1023622047244094474 ) ) ;
#17 =( LENGTH_UNIT ( ) NAMED_UNIT ( * ) SI_UNIT ( $, .METRE. ) );
#18 = ORIENTED_EDGE ( 'NONE', *, *, #1606, .T. ) ;
#19 = ORIENTED_EDGE ( 'NONE', *, *, #468, .T. ) ;
#20 = EDGE_LOOP ( 'NONE', ( #2322, #2194, #3239, #1993 ) ) ;
#21 = CARTESIAN_POINT ( 'NONE',  ( 0.1476377952755905387, -0.06889763779527559306, -0.1023622047244094474 ) ) ;
#22 = CARTESIAN_POINT ( 'NONE',  ( -0.1181102362204724532, 0.1299212598425196763, -0.1181102362204724532 ) ) ;
#23 = VERTEX_POINT ( 'NONE', #2152 ) ;
#24 = CARTESIAN_POINT ( 'NONE',  ( 0.08858267716535432601, 0.1496062992125984370, 0.06496062992125983815 ) ) ;
#25 = ADVANCED_FACE ( 'NONE', ( #896 ), #3748, .F. ) ;
#26 = CARTESIAN_POINT ( 'NONE',  ( -0.1181102362204724532, 0.1299212598425196763, -0.1181102362204724532 ) ) ;
#27 = ORIENTED_EDGE ( 'NONE', *, *, #12, .T. ) ;
#28 = EDGE_CURVE ( 'NONE', #494, #3154, #3737, .T. ) ;
#29 = DIRECTION ( 'NONE',  ( 1.000000000000000000, 0.0000000000000000000, 0.0000000000000000000 ) ) ;
#30 = DIRECTION ( 'NONE',  ( 0.0000000000000000000, 0.0000000000000000000, -1.000000000000000000 ) ) ;
#31 = CARTESIAN_POINT ( 'NONE',  ( -0.1555118110236220763, -0.1054045616694795212, 0.1122047244094488277 ) ) ;
#32 = ADVANCED_FACE ( 'NONE', ( #4077 ), #872, .F. ) ;
#33 = DIRECTION ( 'NONE',  ( 0.0000000000000000000, -1.000000000000000000, 0.0000000000000000000 ) ) ;
#34 = CYLINDRICAL_SURFACE ( 'NONE', #310, 0.02362204724409448092 ) ;
#35 = ORIENTED_EDGE ( 'NONE', *, *, #899, .T. ) ;
#36 = ORIENTED_EDGE ( 'NONE', *, *, #1772, .T. ) ;
#37 = ORIENTED_EDGE ( 'NONE', *, *, #1777, .F. ) ;
#38 = DIRECTION ( 'NONE',  ( -0.7071067811865480168, -0.7071067811865470176, 0.0000000000000000000 ) ) ;
#39 = DIRECTION ( 'NONE',  ( -1.000000000000000000, 0.0000000000000000000, 0.0000000000000000000 ) ) ;
#40 = ORIENTED_EDGE ( 'NONE', *, *, #2240, .F. ) ;
#41 = LINE ( 'NONE', #3904, #2995 ) ;
#42 = CARTESIAN_POINT ( 'NONE',  ( -0.1318897637795275746, -0.09578120915254409451, -0.07480314960629921850 ) ) ;
#43 = EDGE_LOOP ( 'NONE', ( #1001, #4215, #713, #4 ) ) ;
#44 = CARTESIAN_POINT ( 'NONE',  ( 0.1318897637795275746, -0.09578120915254409451, -0.07480314960629921850 ) ) ;
#45 = CARTESIAN_POINT ( 'NONE',  ( 0.1476377952755905387, -0.06889763779527559306, -0.07480314960629921850 ) ) ;
#46 = AXIS2_PLACEMENT_3D ( 'NONE', #3629, #2903, #2762 ) ;
#47 = ADVANCED_FACE ( 'NONE', ( #3421 ), #3101, .T. ) ;
#48 = EDGE_CURVE ( 'NONE', #1040, #2393, #2423, .T. ) ;
#49 = EDGE_CURVE ( 'NONE', #1735, #1691, #3497, .T. ) ;
#50 = AXIS2_PLACEMENT_3D ( 'NONE', #1466, #3079, #2752 ) ;
#51 = CARTESIAN_POINT ( 'NONE',  ( 0.1122047244094488277, 0.0000000000000000000, 0.1181102362204724532 ) ) ;
#52 = ORIENTED_EDGE ( 'NONE', *, *, #413, .T. ) ;
#53 = CARTESIAN_POINT ( 'NONE',  ( 0.1318897637795275746, -0.04201406643800709162, 0.1023622047244094474 ) ) ;
#54 = VECTOR ( 'NONE', #1607, 39.37007874015748143 ) ;
#55 = DIRECTION ( 'NONE',  ( 0.0000000000000000000, 1.000000000000000000, 0.0000000000000000000 ) ) ;
#56 = ADVANCED_FACE ( 'NONE', ( #200 ), #4100, .T. ) ;
#57 = VECTOR ( 'NONE', #2494, 39.37007874015748143 ) ;
#58 = CARTESIAN_POINT ( 'NONE',  ( -0.1122047244094488277, 0.1299212598425196763, -0.1181102362204724532 ) ) ;
#59 = ORIENTED_EDGE ( 'NONE', *, *, #498, .T. ) ;
#60 = ORIENTED_EDGE ( 'NONE', *, *, #2256, .T. ) ;
#61 = CARTESIAN_POINT ( 'NONE',  ( 0.08858267716535432601, 0.1377952755905511861, 0.1122047244094488139 ) ) ;
#62 = VECTOR ( 'NONE', #1725, 39.37007874015748143 ) ;
#63 = AXIS2_PLACEMENT_3D ( 'NONE', #1624, #3867, #2243 ) ;
#64 = CARTESIAN_POINT ( 'NONE',  ( 0.1240157480314960647, -0.04201406643800709162, 0.07480314960629921850 ) ) ;
#65 = VECTOR ( 'NONE', #3716, 39.37007874015748143 ) ;
#66 = VERTEX_POINT ( 'NONE', #850 ) ;
#67 = CARTESIAN_POINT ( 'NONE',  ( -0.1240157480314960647, 0.02755905511811023584, 0.07480314960629921850 ) ) ;
#68 = CARTESIAN_POINT ( 'NONE',  ( -0.1476377952755905387, -0.06889763779527559306, 0.07480314960629921850 ) ) ;
#69 = AXIS2_PLACEMENT_3D ( 'NONE', #2034, #419, #1132 ) ;
#70 = CC_DESIGN_PERSON_AND_ORGANIZATION_ASSIGNMENT ( #1727, #1787, ( #466 ) ) ;
#71 = CARTESIAN_POINT ( 'NONE',  ( -0.1181102362204724532, 0.02755905511811023584, -0.07480314960629921850 ) ) ;
#72 = DIRECTION ( 'NONE',  ( 0.0000000000000000000, 0.0000000000000000000, -1.000000000000000000 ) ) ;
#73 = EDGE_CURVE ( 'NONE', #3084, #1811, #3150, .T. ) ;
#74 = COORDINATED_UNIVERSAL_TIME_OFFSET ( 0, 0, .AHEAD. ) ;
#75 = VERTEX_POINT ( 'NONE', #250 ) ;
#76 = VECTOR ( 'NONE', #3122, 39.37007874015748143 ) ;
#77 = ORIENTED_EDGE ( 'NONE', *, *, #3308, .T. ) ;
#78 = VERTEX_POINT ( 'NONE', #4127 ) ;
#79 = CARTESIAN_POINT ( 'NONE',  ( -0.1318897637795275746, -0.09578120915254409451, 0.07480314960629921850 ) ) ;
#80 = CARTESIAN_POINT ( 'NONE',  ( 0.1240157480314960647, 0.02755905511811023584, -0.1023622047244094474 ) ) ;
#81 = DIRECTION ( 'NONE',  ( 4.063888932435259910E-16, -1.000000000000000000, 0.0000000000000000000 ) ) ;
#82 = VERTEX_POINT ( 'NONE', #1192 ) ;
#83 = ORIENTED_EDGE ( 'NONE', *, *, #1372, .T. ) ;
#84 = DIRECTION ( 'NONE',  ( 0.7071067811865470176, 0.7071067811865480168, 0.0000000000000000000 ) ) ;
#85 = ADVANCED_FACE ( 'NONE', ( #2474 ), #543, .T. ) ;
#86 = FACE_OUTER_BOUND ( 'NONE', #646, .T. ) ;
#87 = EDGE_LOOP ( 'NONE', ( #1147, #1456, #1013, #1719 ) ) ;
#88 = LINE ( 'NONE', #295, #3901 ) ;
#89 = DIRECTION ( 'NONE',  ( 0.0000000000000000000, 0.0000000000000000000, 1.000000000000000000 ) ) ;
#90 = CARTESIAN_POINT ( 'NONE',  ( -0.1240157480314960647, -0.1377952755905511861, -0.1023622047244094474 ) ) ;
#91 = CARTESIAN_POINT ( 'NONE',  ( -0.08858267716535432601, 0.1496062992125984370, -0.08858267716535432601 ) ) ;
#92 = LINE ( 'NONE', #1384, #1082 ) ;
#93 = PERSON_AND_ORGANIZATION ( #343, #782 ) ;
#94 = VERTEX_POINT ( 'NONE', #2827 ) ;
#95 = VERTEX_POINT ( 'NONE', #1560 ) ;
#96 = ORIENTED_EDGE ( 'NONE', *, *, #367, .T. ) ;
#97 = DIRECTION ( 'NONE',  ( 0.0000000000000000000, -1.000000000000000000, 0.0000000000000000000 ) ) ;
#98 = DIRECTION ( 'NONE',  ( -0.7071067811865480168, -0.7071067811865470176, 0.0000000000000000000 ) ) ;
#99 = CIRCLE ( 'NONE', #3100, 0.005905511811023620231 ) ;
#100 = EDGE_CURVE ( 'NONE', #3, #240, #1491, .T. ) ;
#101 = LINE ( 'NONE', #1153, #3733 ) ;
#102 = ORIENTED_EDGE ( 'NONE', *, *, #2477, .T. ) ;
#103 = ADVANCED_FACE ( 'NONE', ( #1710 ), #2368, .T. ) ;
#104 = EDGE_LOOP ( 'NONE', ( #1263, #765, #3577, #912 ) ) ;
#105 = CYLINDRICAL_SURFACE ( 'NONE', #2038, 0.005905511811023620231 ) ;
#106 = CARTESIAN_POINT ( 'NONE',  ( 0.0000000000000000000, 0.1299212598425196763, 0.0000000000000000000 ) ) ;
#107 = ORIENTED_EDGE ( 'NONE', *, *, #631, .F. ) ;
#108 = DIRECTION ( 'NONE',  ( 0.0000000000000000000, 0.0000000000000000000, -1.000000000000000000 ) ) ;
#109 = DIRECTION ( 'NONE',  ( 2.454115839351809943E-16, -1.000000000000000000, 0.0000000000000000000 ) ) ;
#110 = DIRECTION ( 'NONE',  ( 0.0000000000000000000, -1.000000000000000000, 0.0000000000000000000 ) ) ;
#111 = LINE ( 'NONE', #3660, #3831 ) ;
#112 = DIRECTION ( 'NONE',  ( 0.0000000000000000000, -1.000000000000000000, 0.0000000000000000000 ) ) ;
#113 = DATE_AND_TIME ( #4018, #1823 ) ;
#114 = ORIENTED_EDGE ( 'NONE', *, *, #158, .T. ) ;
#115 = ORIENTED_EDGE ( 'NONE', *, *, #294, .F. ) ;
#116 = ORIENTED_EDGE ( 'NONE', *, *, #2661, .F. ) ;
#117 = CARTESIAN_POINT ( 'NONE',  ( 0.1318897637795275746, -0.04201406643800709162, 0.07480314960629921850 ) ) ;
#118 = DIRECTION ( 'NONE',  ( 0.0000000000000000000, -1.000000000000000000, 0.0000000000000000000 ) ) ;
#119 = EDGE_LOOP ( 'NONE', ( #4064, #1653, #40, #281 ) ) ;
#120 = ORIENTED_EDGE ( 'NONE', *, *, #1616, .F. ) ;
#121 = VECTOR ( 'NONE', #2142, 39.37007874015748143 ) ;
#122 = EDGE_CURVE ( 'NONE', #1068, #1010, #1476, .T. ) ;
#123 = LINE ( 'NONE', #3317, #3829 ) ;
#124 = EDGE_CURVE ( 'NONE', #3451, #271, #3693, .T. ) ;
#125 = AXIS2_PLACEMENT_3D ( 'NONE', #3500, #2135, #2114 ) ;
#126 = DIRECTION ( 'NONE',  ( 4.063888932435259910E-16, -1.000000000000000000, 0.0000000000000000000 ) ) ;
#127 = ORIENTED_EDGE ( 'NONE', *, *, #2326, .T. ) ;
#128 = VECTOR ( 'NONE', #1282, 39.37007874015748143 ) ;
#129 = LINE ( 'NONE', #1102, #2302 ) ;
#130 = VECTOR ( 'NONE', #4028, 39.37007874015748143 ) ;
#131 = DIRECTION ( 'NONE',  ( 0.0000000000000000000, -1.000000000000000000, 0.0000000000000000000 ) ) ;
#132 = CARTESIAN_POINT ( 'NONE',  ( 0.0000000000000000000, 0.2125984251968504046, 0.06207107990698622346 ) ) ;
#133 = VECTOR ( 'NONE', #3516, 39.37007874015748143 ) ;
#134 = CARTESIAN_POINT ( 'NONE',  ( -0.1476377952755905387, -0.06889763779527559306, -0.1023622047244094474 ) ) ;
#135 = VECTOR ( 'NONE', #324, 39.37007874015748143 ) ;
#136 = FACE_OUTER_BOUND ( 'NONE', #3983, .T. ) ;
#137 = EDGE_CURVE ( 'NONE', #2943, #66, #391, .T. ) ;
#138 = ORIENTED_EDGE ( 'NONE', *, *, #989, .T. ) ;
#139 = VERTEX_POINT ( 'NONE', #2058 ) ;
#140 = ORIENTED_EDGE ( 'NONE', *, *, #1563, .T. ) ;
#141 = DIRECTION ( 'NONE',  ( 0.0000000000000000000, 0.0000000000000000000, 1.000000000000000000 ) ) ;
#142 = DIRECTION ( 'NONE',  ( 0.0000000000000000000, 0.0000000000000000000, 1.000000000000000000 ) ) ;
#143 = ORIENTED_EDGE ( 'NONE', *, *, #124, .F. ) ;
#144 = PLANE ( 'NONE',  #3688 ) ;
#145 = VECTOR ( 'NONE', #3555, 39.37007874015748143 ) ;
#146 = FACE_OUTER_BOUND ( 'NONE', #1310, .T. ) ;
#147 = DIRECTION ( 'NONE',  ( 1.000000000000000000, 0.0000000000000000000, 0.0000000000000000000 ) ) ;
#148 = ORIENTED_EDGE ( 'NONE', *, *, #48, .F. ) ;
#149 = VERTEX_POINT ( 'NONE', #1066 ) ;
#150 = PLANE ( 'NONE',  #3139 ) ;
#151 = CARTESIAN_POINT ( 'NONE',  ( -0.1240157480314960647, 0.03543307086614173179, -0.1023622047244094474 ) ) ;
#152 = FACE_OUTER_BOUND ( 'NONE', #1745, .T. ) ;
#153 = EDGE_CURVE ( 'NONE', #2811, #3492, #440, .T. ) ;
#154 = LINE ( 'NONE', #2828, #1705 ) ;
#155 = CARTESIAN_POINT ( 'NONE',  ( -0.08858267716535432601, 0.1496062992125984370, 0.08858267716535432601 ) ) ;
#156 = DATE_AND_TIME ( #2361, #1625 ) ;
#157 = ORIENTED_EDGE ( 'NONE', *, *, #1388, .T. ) ;
#158 = EDGE_CURVE ( 'NONE', #223, #670, #4170, .T. ) ;
#159 = EDGE_LOOP ( 'NONE', ( #604, #2499, #1847, #1250 ) ) ;
#160 = ORIENTED_EDGE ( 'NONE', *, *, #2203, .F. ) ;
#161 = DIRECTION ( 'NONE',  ( 0.0000000000000000000, 0.0000000000000000000, -1.000000000000000000 ) ) ;
#162 = CYLINDRICAL_SURFACE ( 'NONE', #957, 0.07283464566929134798 ) ;
#163 = DIRECTION ( 'NONE',  ( 0.0000000000000000000, -1.000000000000000000, 0.0000000000000000000 ) ) ;
#164 = ORIENTED_EDGE ( 'NONE', *, *, #4036, .F. ) ;
#165 = EDGE_LOOP ( 'NONE', ( #3610, #2464, #4159, #1113, #59, #3998, #1484, #2577 ) ) ;
#166 = ORIENTED_EDGE ( 'NONE', *, *, #3148, .T. ) ;
#167 = CARTESIAN_POINT ( 'NONE',  ( 0.08858267716535432601, 0.1299212598425196763, -0.08858267716535432601 ) ) ;
#168 = VECTOR ( 'NONE', #3066, 39.37007874015748143 ) ;
#169 = CARTESIAN_POINT ( 'NONE',  ( 0.1532055652061933004, -0.07446540772587834089, -0.07480314960629921850 ) ) ;
#170 = CARTESIAN_POINT ( 'NONE',  ( -0.1555118110236220763, -0.1377952755905511861, 0.08366141732283464971 ) ) ;
#171 = ORIENTED_EDGE ( 'NONE', *, *, #3184, .T. ) ;
#172 = VERTEX_POINT ( 'NONE', #4046 ) ;
#173 = CARTESIAN_POINT ( 'NONE',  ( 0.1240157480314960647, -0.1377952755905511861, 0.08366141732283464971 ) ) ;
#174 = CARTESIAN_POINT ( 'NONE',  ( 0.08858267716535432601, 0.1496062992125984370, 0.08858267716535432601 ) ) ;
#175 = FACE_OUTER_BOUND ( 'NONE', #87, .T. ) ;
#176 = CARTESIAN_POINT ( 'NONE',  ( -0.1318897637795275746, -0.1377952755905511861, 0.1023622047244094474 ) ) ;
#177 = FACE_OUTER_BOUND ( 'NONE', #239, .T. ) ;
#178 = EDGE_CURVE ( 'NONE', #1293, #3006, #3739, .T. ) ;
#179 = DIRECTION ( 'NONE',  ( 3.519431053647356462E-16, 0.8660254037844389297, 0.4999999999999994449 ) ) ;
#180 = EDGE_CURVE ( 'NONE', #1530, #2629, #1430, .T. ) ;
#181 = EDGE_CURVE ( 'NONE', #3946, #1427, #4093, .T. ) ;
#182 = ORIENTED_EDGE ( 'NONE', *, *, #1054, .F. ) ;
#183 = VERTEX_POINT ( 'NONE', #3003 ) ;
#184 = DIRECTION ( 'NONE',  ( 0.0000000000000000000, 0.0000000000000000000, -1.000000000000000000 ) ) ;
#185 = DIRECTION ( 'NONE',  ( -0.7071067811865479058, -0.7071067811865469066, 0.0000000000000000000 ) ) ;
#186 = CARTESIAN_POINT ( 'NONE',  ( 0.08858267716535432601, 0.1299212598425196763, -0.1122047244094488139 ) ) ;
#187 = CIRCLE ( 'NONE', #3814, 0.06889763779527559306 ) ;
#188 = DIRECTION ( 'NONE',  ( 0.0000000000000000000, 0.0000000000000000000, -1.000000000000000000 ) ) ;
#189 = VERTEX_POINT ( 'NONE', #1731 ) ;
#190 = CARTESIAN_POINT ( 'NONE',  ( 0.1240157480314960647, 0.02755905511811023584, 0.1023622047244094474 ) ) ;
#191 = EDGE_CURVE ( 'NONE', #1925, #1280, #2341, .T. ) ;
#192 = VECTOR ( 'NONE', #1008, 39.37007874015748854 ) ;
#193 = DIRECTION ( 'NONE',  ( 0.0000000000000000000, 1.000000000000000000, 0.0000000000000000000 ) ) ;
#194 = VERTEX_POINT ( 'NONE', #3668 ) ;
#195 = ORIENTED_EDGE ( 'NONE', *, *, #4004, .T. ) ;
#196 = DIRECTION ( 'NONE',  ( 0.0000000000000000000, 1.000000000000000000, 0.0000000000000000000 ) ) ;
#197 = CARTESIAN_POINT ( 'NONE',  ( -0.1181102362204724532, 0.1299212598425196763, 0.1181102362204724532 ) ) ;
#198 = CIRCLE ( 'NONE', #3544, 0.007874015748031499423 ) ;
#199 = DIRECTION ( 'NONE',  ( 0.0000000000000000000, -1.000000000000000000, 0.0000000000000000000 ) ) ;
#200 = FACE_OUTER_BOUND ( 'NONE', #2916, .T. ) ;
#201 = CIRCLE ( 'NONE', #4101, 0.005905511811023620231 ) ;
#202 = AXIS2_PLACEMENT_3D ( 'NONE', #2750, #2825, #4145 ) ;
#203 = DIRECTION ( 'NONE',  ( 0.0000000000000000000, 0.4999999999999995004, -0.8660254037844390407 ) ) ;
#204 = CYLINDRICAL_SURFACE ( 'NONE', #2923, 0.007874015748031499423 ) ;
#205 = VECTOR ( 'NONE', #2584, 39.37007874015748143 ) ;
#206 = VECTOR ( 'NONE', #4234, 39.37007874015748854 ) ;
#207 = ADVANCED_FACE ( 'NONE', ( #3379 ), #459, .T. ) ;
#208 = ORIENTED_EDGE ( 'NONE', *, *, #2280, .T. ) ;
#209 = ORIENTED_EDGE ( 'NONE', *, *, #1363, .F. ) ;
#210 = VECTOR ( 'NONE', #2704, 39.37007874015748143 ) ;
#211 = DIRECTION ( 'NONE',  ( 0.0000000000000000000, -1.000000000000000000, 0.0000000000000000000 ) ) ;
#212 = VERTEX_POINT ( 'NONE', #2035 ) ;
#213 = CARTESIAN_POINT ( 'NONE',  ( -0.1181102362204724532, 0.1299212598425196763, -0.1181102362204724532 ) ) ;
#214 = ADVANCED_FACE ( 'NONE', ( #3338 ), #3088, .T. ) ;
#215 = LINE ( 'NONE', #3157, #3888 ) ;
#216 = AXIS2_PLACEMENT_3D ( 'NONE', #2819, #887, #2168 ) ;
#217 = CARTESIAN_POINT ( 'NONE',  ( 0.1318897637795275746, -0.1024489833240242176, 0.1139111283628084642 ) ) ;
#218 = VERTEX_POINT ( 'NONE', #784 ) ;
#219 = EDGE_LOOP ( 'NONE', ( #3630, #3603, #379, #2397, #3619, #3696, #3880, #1117, #992, #423, #4220, #622, #2309, #2362, #529, #3293, #1337 ) ) ;
#220 = ADVANCED_FACE ( 'NONE', ( #1767 ), #162, .F. ) ;
#221 = DIRECTION ( 'NONE',  ( 0.0000000000000000000, 0.0000000000000000000, 1.000000000000000000 ) ) ;
#222 = ORIENTED_EDGE ( 'NONE', *, *, #1608, .F. ) ;
#223 = VERTEX_POINT ( 'NONE', #3022 ) ;
#224 = CIRCLE ( 'NONE', #1930, 0.003937007874015749712 ) ;
#225 = CARTESIAN_POINT ( 'NONE',  ( 0.0000000000000000000, 0.1299212598425196763, 0.06889763779527559306 ) ) ;
#226 = ADVANCED_FACE ( 'NONE', ( #1454 ), #1151, .T. ) ;
#227 = CARTESIAN_POINT ( 'NONE',  ( 0.1476377952755905387, -0.06889763779527559306, 0.1023622047244094474 ) ) ;
#228 = DIRECTION ( 'NONE',  ( -0.7071067811865480168, -0.7071067811865470176, 0.0000000000000000000 ) ) ;
#229 = DIRECTION ( 'NONE',  ( 0.0000000000000000000, 0.0000000000000000000, 1.000000000000000000 ) ) ;
#230 = DIRECTION ( 'NONE',  ( -1.000000000000000000, 0.0000000000000000000, 0.0000000000000000000 ) ) ;
#231 = ORIENTED_EDGE ( 'NONE', *, *, #757, .T. ) ;
#232 = ORIENTED_EDGE ( 'NONE', *, *, #1112, .T. ) ;
#233 = CARTESIAN_POINT ( 'NONE',  ( -0.1181102362204724532, 0.0000000000000000000, -0.1181102362204724532 ) ) ;
#234 = ORIENTED_EDGE ( 'NONE', *, *, #778, .T. ) ;
#235 = CARTESIAN_POINT ( 'NONE',  ( -0.1240157480314960647, 0.02755905511811023584, 0.1023622047244094474 ) ) ;
#236 = LINE ( 'NONE', #1547, #1295 ) ;
#237 = CARTESIAN_POINT ( 'NONE',  ( -0.08858267716535432601, 0.1299212598425196763, 0.1122047244094488139 ) ) ;
#238 = ORIENTED_EDGE ( 'NONE', *, *, #2257, .T. ) ;
#239 = EDGE_LOOP ( 'NONE', ( #581, #2193, #4132, #143 ) ) ;
#240 = VERTEX_POINT ( 'NONE', #2483 ) ;
#241 = PLANE ( 'NONE',  #3827 ) ;
#242 = EDGE_CURVE ( 'NONE', #240, #1637, #215, .T. ) ;
#243 = DIRECTION ( 'NONE',  ( 0.0000000000000000000, 0.0000000000000000000, 1.000000000000000000 ) ) ;
#244 = EDGE_CURVE ( 'NONE', #1131, #1434, #531, .T. ) ;
#245 = DIRECTION ( 'NONE',  ( 0.0000000000000000000, 0.0000000000000000000, 1.000000000000000000 ) ) ;
#246 = ORIENTED_EDGE ( 'NONE', *, *, #2305, .F. ) ;
#247 = FACE_OUTER_BOUND ( 'NONE', #2211, .T. ) ;
#248 = AXIS2_PLACEMENT_3D ( 'NONE', #1568, #2854, #2876 ) ;
#249 = LINE ( 'NONE', #2845, #3479 ) ;
#250 = CARTESIAN_POINT ( 'NONE',  ( 0.1532055652061933004, -0.07446540772587834089, -0.1023622047244094474 ) ) ;
#251 = FACE_OUTER_BOUND ( 'NONE', #555, .T. ) ;
#252 = DIRECTION ( 'NONE',  ( 0.0000000000000000000, 0.0000000000000000000, 1.000000000000000000 ) ) ;
#253 = FACE_OUTER_BOUND ( 'NONE', #1555, .T. ) ;
#254 = CARTESIAN_POINT ( 'NONE',  ( 0.1476377952755905387, -0.06889763779527559306, 0.07480314960629921850 ) ) ;
#255 = CC_DESIGN_APPROVAL ( #1358, ( #3659 ) ) ;
#256 = LINE ( 'NONE', #217, #3647 ) ;
#257 = ORIENTED_EDGE ( 'NONE', *, *, #677, .T. ) ;
#258 = VERTEX_POINT ( 'NONE', #277 ) ;
#259 = DIRECTION ( 'NONE',  ( 0.0000000000000000000, 0.0000000000000000000, 1.000000000000000000 ) ) ;
#260 = CARTESIAN_POINT ( 'NONE',  ( 0.1240157480314960647, -0.09578120915254409451, -0.1023622047244094474 ) ) ;
#261 = CYLINDRICAL_SURFACE ( 'NONE', #2627, 0.007874015748031499423 ) ;
#262 = ORIENTED_EDGE ( 'NONE', *, *, #1185, .T. ) ;
#263 = EDGE_CURVE ( 'NONE', #139, #3451, #3869, .T. ) ;
#264 = FACE_OUTER_BOUND ( 'NONE', #3924, .T. ) ;
#265 = EDGE_CURVE ( 'NONE', #1182, #1662, #3453, .T. ) ;
#266 = ADVANCED_FACE ( 'NONE', ( #4156 ), #4180, .T. ) ;
#267 = VECTOR ( 'NONE', #2542, 39.37007874015748143 ) ;
#268 = DIRECTION ( 'NONE',  ( -0.7071067811865479058, -0.7071067811865469066, 0.0000000000000000000 ) ) ;
#269 = DIRECTION ( 'NONE',  ( -1.000000000000000000, -4.063888932435259910E-16, 0.0000000000000000000 ) ) ;
#270 = AXIS2_PLACEMENT_3D ( 'NONE', #227, #1538, #4166 ) ;
#271 = VERTEX_POINT ( 'NONE', #3136 ) ;
#272 = DIRECTION ( 'NONE',  ( 0.0000000000000000000, 0.0000000000000000000, 1.000000000000000000 ) ) ;
#273 = VECTOR ( 'NONE', #3623, 39.37007874015748143 ) ;
#274 = DIRECTION ( 'NONE',  ( -3.519431053647356462E-16, 0.8660254037844389297, -0.4999999999999994449 ) ) ;
#275 = EDGE_CURVE ( 'NONE', #1946, #2306, #4232, .T. ) ;
#276 = VECTOR ( 'NONE', #2473, 39.37007874015748143 ) ;
#277 = CARTESIAN_POINT ( 'NONE',  ( 0.08858267716535432601, 0.1299212598425196763, 0.1122047244094488139 ) ) ;
#278 = AXIS2_PLACEMENT_3D ( 'NONE', #67, #1444, #2066 ) ;
#279 = AXIS2_PLACEMENT_3D ( 'NONE', #1775, #3070, #221 ) ;
#280 = CARTESIAN_POINT ( 'NONE',  ( 0.1240157480314960647, -0.09578120915254409451, -0.1023622047244094474 ) ) ;
#281 = ORIENTED_EDGE ( 'NONE', *, *, #2852, .F. ) ;
#282 = VERTEX_POINT ( 'NONE', #186 ) ;
#283 = CYLINDRICAL_SURFACE ( 'NONE', #3761, 0.007874015748031499423 ) ;
#284 = DIRECTION ( 'NONE',  ( 0.0000000000000000000, 0.0000000000000000000, 1.000000000000000000 ) ) ;
#285 = VECTOR ( 'NONE', #4054, 39.37007874015748143 ) ;
#286 = DIRECTION ( 'NONE',  ( 2.454115839351809943E-16, -1.000000000000000000, 0.0000000000000000000 ) ) ;
#287 = LINE ( 'NONE', #665, #4164 ) ;
#288 = ORIENTED_EDGE ( 'NONE', *, *, #498, .F. ) ;
#289 = CARTESIAN_POINT ( 'NONE',  ( 0.1181102362204724532, 0.1377952755905511861, 0.1181102362204724532 ) ) ;
#290 = FACE_OUTER_BOUND ( 'NONE', #9, .T. ) ;
#291 = DIRECTION ( 'NONE',  ( 0.0000000000000000000, 0.0000000000000000000, 1.000000000000000000 ) ) ;
#292 = CIRCLE ( 'NONE', #3776, 0.007874015748031499423 ) ;
#293 = CARTESIAN_POINT ( 'NONE',  ( 0.1181102362204724532, 0.02755905511811023584, 0.1023622047244094474 ) ) ;
#294 = EDGE_CURVE ( 'NONE', #1662, #3243, #2023, .T. ) ;
#295 = CARTESIAN_POINT ( 'NONE',  ( -0.1476377952755905387, -0.06889763779527559306, 0.07480314960629921850 ) ) ;
#296 = ORIENTED_EDGE ( 'NONE', *, *, #2624, .F. ) ;
#297 = FACE_OUTER_BOUND ( 'NONE', #3665, .T. ) ;
#298 = DIRECTION ( 'NONE',  ( 0.0000000000000000000, 0.0000000000000000000, 1.000000000000000000 ) ) ;
#299 = ADVANCED_FACE ( 'NONE', ( #1496 ), #2462, .F. ) ;
#300 = VERTEX_POINT ( 'NONE', #1898 ) ;
#301 = ORIENTED_EDGE ( 'NONE', *, *, #828, .T. ) ;
#302 = DIRECTION ( 'NONE',  ( 3.519431053647356462E-16, -0.8660254037844389297, 0.4999999999999994449 ) ) ;
#303 = CARTESIAN_POINT ( 'NONE',  ( -0.1476377952755905387, -0.06889763779527559306, -0.1023622047244094474 ) ) ;
#304 = FACE_OUTER_BOUND ( 'NONE', #659, .T. ) ;
#305 = VERTEX_POINT ( 'NONE', #3177 ) ;
#306 = DIRECTION ( 'NONE',  ( 0.0000000000000000000, 0.0000000000000000000, -1.000000000000000000 ) ) ;
#307 = ORIENTED_EDGE ( 'NONE', *, *, #1318, .F. ) ;
#308 = CYLINDRICAL_SURFACE ( 'NONE', #3903, 0.007874015748031499423 ) ;
#309 = PLANE ( 'NONE',  #2639 ) ;
#310 = AXIS2_PLACEMENT_3D ( 'NONE', #373, #3545, #1954 ) ;
#311 = ADVANCED_FACE ( 'NONE', ( #3197, #3787, #4136, #1592, #908, #1200 ), #2873, .T. ) ;
#312 = PLANE ( 'NONE',  #2436 ) ;
#313 = DIRECTION ( 'NONE',  ( -1.000000000000000000, 0.0000000000000000000, 0.0000000000000000000 ) ) ;
#314 = CARTESIAN_POINT ( 'NONE',  ( 0.0000000000000000000, 0.1299212598425196763, 0.0000000000000000000 ) ) ;
#315 = EDGE_CURVE ( 'NONE', #458, #3, #236, .T. ) ;
#316 = ORIENTED_EDGE ( 'NONE', *, *, #2826, .T. ) ;
#317 = ORIENTED_EDGE ( 'NONE', *, *, #899, .F. ) ;
#318 = ORIENTED_EDGE ( 'NONE', *, *, #3978, .T. ) ;
#319 = DIRECTION ( 'NONE',  ( 0.0000000000000000000, 0.0000000000000000000, -1.000000000000000000 ) ) ;
#320 = FACE_OUTER_BOUND ( 'NONE', #3196, .T. ) ;
#321 = LINE ( 'NONE', #2924, #532 ) ;
#322 = ORIENTED_EDGE ( 'NONE', *, *, #1081, .T. ) ;
#323 = VERTEX_POINT ( 'NONE', #2834 ) ;
#324 = DIRECTION ( 'NONE',  ( 0.0000000000000000000, 0.0000000000000000000, 1.000000000000000000 ) ) ;
#325 = ADVANCED_FACE ( 'NONE', ( #3830, #2504, #575, #1567, #1245, #3851 ), #3543, .T. ) ;
#326 = ORIENTED_EDGE ( 'NONE', *, *, #790, .T. ) ;
#327 = LINE ( 'NONE', #1643, #1371 ) ;
#328 = CLOSED_SHELL ( 'NONE', ( #1465, #3384, #2907, #2728, #3798, #3744, #3930, #1468, #3111, #1581, #2031, #640, #3796, #4140, #1696, #2214, #3018, #2254, #2587, #3041, #3158 ) ) ;
#329 = LINE ( 'NONE', #652, #3960 ) ;
#330 = VECTOR ( 'NONE', #487, 39.37007874015748143 ) ;
#331 = LINE ( 'NONE', #1647, #747 ) ;
#332 = CYLINDRICAL_SURFACE ( 'NONE', #2359, 0.02362204724409448092 ) ;
#333 = DIRECTION ( 'NONE',  ( -1.000000000000000000, 0.0000000000000000000, 0.0000000000000000000 ) ) ;
#334 = AXIS2_PLACEMENT_3D ( 'NONE', #132, #4014, #3683 ) ;
#335 = DIRECTION ( 'NONE',  ( -0.0000000000000000000, 1.000000000000000000, 0.0000000000000000000 ) ) ;
#336 = ORIENTED_EDGE ( 'NONE', *, *, #49, .F. ) ;
#337 = AXIS2_PLACEMENT_3D ( 'NONE', #79, #3407, #1453 ) ;
#338 = ADVANCED_FACE ( 'NONE', ( #2914 ), #3273, .F. ) ;
#339 = ORIENTED_EDGE ( 'NONE', *, *, #3598, .F. ) ;
#340 = CIRCLE ( 'NONE', #3265, 0.005905511811023620231 ) ;
#341 = ORIENTED_EDGE ( 'NONE', *, *, #1276, .T. ) ;
#342 = PLANE ( 'NONE',  #1970 ) ;
#343 = PERSON ( 'UNSPECIFIED', 'UNSPECIFIED', 'UNSPECIFIED', ('UNSPECIFIED'), ('UNSPECIFIED'), ('UNSPECIFIED') ) ;
#344 = CARTESIAN_POINT ( 'NONE',  ( 0.1122047244094488277, 0.0000000000000000000, -0.1122047244094488277 ) ) ;
#345 = CIRCLE ( 'NONE', #2644, 0.005905511811023620231 ) ;
#346 = EDGE_CURVE ( 'NONE', #194, #3523, #3977, .T. ) ;
#347 = ORIENTED_EDGE ( 'NONE', *, *, #2311, .T. ) ;
#348 = CARTESIAN_POINT ( 'NONE',  ( 0.1181102362204724532, 0.03543307086614173179, 0.07480314960629921850 ) ) ;
#349 = EDGE_CURVE ( 'NONE', #4087, #1550, #1573, .T. ) ;
#350 = VERTEX_POINT ( 'NONE', #1612 ) ;
#351 = PLANE ( 'NONE',  #2864 ) ;
#352 = CARTESIAN_POINT ( 'NONE',  ( 0.1318897637795275746, -0.1024489833240242176, -0.1139111283628084642 ) ) ;
#353 = VECTOR ( 'NONE', #1011, 39.37007874015748143 ) ;
#354 = CARTESIAN_POINT ( 'NONE',  ( 0.0000000000000000000, 0.2165354330708661457, 0.0000000000000000000 ) ) ;
#355 = DIRECTION ( 'NONE',  ( 0.0000000000000000000, 0.0000000000000000000, 1.000000000000000000 ) ) ;
#356 = ORIENTED_EDGE ( 'NONE', *, *, #3884, .T. ) ;
#357 = ORIENTED_EDGE ( 'NONE', *, *, #137, .F. ) ;
#358 = ORIENTED_EDGE ( 'NONE', *, *, #758, .F. ) ;
#359 = CARTESIAN_POINT ( 'NONE',  ( -0.1318897637795275746, -0.1377952755905511861, -0.09350393700787401619 ) ) ;
#360 = DIRECTION ( 'NONE',  ( 0.0000000000000000000, 1.000000000000000000, 0.0000000000000000000 ) ) ;
#361 = FACE_OUTER_BOUND ( 'NONE', #2283, .T. ) ;
#362 = EDGE_LOOP ( 'NONE', ( #861, #2567, #2942, #929, #1366, #1652 ) ) ;
#363 = ORIENTED_EDGE ( 'NONE', *, *, #1627, .T. ) ;
#364 = EDGE_CURVE ( 'NONE', #212, #3246, #1307, .T. ) ;
#365 = CARTESIAN_POINT ( 'NONE',  ( -0.08858267716535432601, 0.1377952755905511861, -0.08858267716535432601 ) ) ;
#366 = ADVANCED_FACE ( 'NONE', ( #3600 ), #1045, .T. ) ;
#367 = EDGE_CURVE ( 'NONE', #2747, #2083, #2894, .T. ) ;
#368 = VERTEX_POINT ( 'NONE', #4236 ) ;
#369 = CARTESIAN_POINT ( 'NONE',  ( 0.1240157480314960647, -0.04201406643800709162, 0.1023622047244094474 ) ) ;
#370 = DIRECTION ( 'NONE',  ( 0.7071067811865470176, 0.7071067811865480168, 0.0000000000000000000 ) ) ;
#371 = DIRECTION ( 'NONE',  ( 0.0000000000000000000, 0.0000000000000000000, -1.000000000000000000 ) ) ;
#372 = EDGE_CURVE ( 'NONE', #2273, #1871, #2565, .T. ) ;
#373 = CARTESIAN_POINT ( 'NONE',  ( -0.08858267716535432601, 0.1377952755905511861, 0.08858267716535432601 ) ) ;
#374 = VERTEX_POINT ( 'NONE', #638 ) ;
#375 = ORIENTED_EDGE ( 'NONE', *, *, #2536, .F. ) ;
#376 = ORIENTED_EDGE ( 'NONE', *, *, #1388, .F. ) ;
#377 = CARTESIAN_POINT ( 'NONE',  ( 0.1263219938489248129, -0.04758183636860983945, -0.1023622047244094474 ) ) ;
#378 = FACE_OUTER_BOUND ( 'NONE', #666, .T. ) ;
#379 = ORIENTED_EDGE ( 'NONE', *, *, #2496, .F. ) ;
#380 = ORIENTED_EDGE ( 'NONE', *, *, #3031, .F. ) ;
#381 = DIRECTION ( 'NONE',  ( 0.0000000000000000000, 0.0000000000000000000, 1.000000000000000000 ) ) ;
#382 = EDGE_CURVE ( 'NONE', #1613, #629, #807, .T. ) ;
#383 = ORIENTED_EDGE ( 'NONE', *, *, #2997, .F. ) ;
#384 = EDGE_CURVE ( 'NONE', #1988, #2012, #2279, .T. ) ;
#385 = DIRECTION ( 'NONE',  ( 0.0000000000000000000, 0.0000000000000000000, -1.000000000000000000 ) ) ;
#386 = LINE ( 'NONE', #2087, #1766 ) ;
#387 = AXIS2_PLACEMENT_3D ( 'NONE', #3840, #3460, #3511 ) ;
#388 = VECTOR ( 'NONE', #1875, 39.37007874015748143 ) ;
#389 = LINE ( 'NONE', #733, #2296 ) ;
#390 = CARTESIAN_POINT ( 'NONE',  ( -0.1181102362204724532, 0.1299212598425196763, -0.1181102362204724532 ) ) ;
#391 = CIRCLE ( 'NONE', #1902, 0.007874015748031499423 ) ;
#392 = PERSON_AND_ORGANIZATION ( #343, #782 ) ;
#393 = EDGE_CURVE ( 'NONE', #2856, #3006, #3252, .T. ) ;
#394 = ORIENTED_EDGE ( 'NONE', *, *, #843, .T. ) ;
#395 = EDGE_LOOP ( 'NONE', ( #1110, #561 ) ) ;
#396 = AXIS2_PLACEMENT_3D ( 'NONE', #3306, #2379, #450 ) ;
#397 = PLANE ( 'NONE',  #2731 ) ;
#398 = AXIS2_PLACEMENT_3D ( 'NONE', #3569, #1264, #1021 ) ;
#399 = CONICAL_SURFACE ( 'NONE', #898, 0.06889763779527559306, 0.03490658503988665340 ) ;
#400 = CARTESIAN_POINT ( 'NONE',  ( -0.1476377952755905387, -0.06889763779527559306, -0.1023622047244094474 ) ) ;
#401 = EDGE_LOOP ( 'NONE', ( #3602, #262, #2137, #1440 ) ) ;
#402 = AXIS2_PLACEMENT_3D ( 'NONE', #31, #3585, #1951 ) ;
#403 = AXIS2_PLACEMENT_3D ( 'NONE', #1878, #1262, #2217 ) ;
#404 = DIRECTION ( 'NONE',  ( -0.7071067811865479058, -0.7071067811865469066, 0.0000000000000000000 ) ) ;
#405 = VECTOR ( 'NONE', #449, 39.37007874015748143 ) ;
#406 = AXIS2_PLACEMENT_3D ( 'NONE', #3025, #2080, #815 ) ;
#407 = ORIENTED_EDGE ( 'NONE', *, *, #2843, .F. ) ;
#408 = LINE ( 'NONE', #1609, #966 ) ;
#409 = CARTESIAN_POINT ( 'NONE',  ( -0.1181102362204724532, 0.03543307086614173179, -0.07480314960629921850 ) ) ;
#410 = LINE ( 'NONE', #2334, #1967 ) ;
#411 = CIRCLE ( 'NONE', #544, 0.005905511811023620231 ) ;
#412 = DIRECTION ( 'NONE',  ( 0.0000000000000000000, 1.000000000000000000, 0.0000000000000000000 ) ) ;
#413 = EDGE_CURVE ( 'NONE', #3473, #368, #2301, .T. ) ;
#414 = DIRECTION ( 'NONE',  ( 0.0000000000000000000, 0.0000000000000000000, -1.000000000000000000 ) ) ;
#415 = EDGE_CURVE ( 'NONE', #1452, #2479, #1667, .T. ) ;
#416 = APPLICATION_PROTOCOL_DEFINITION ( 'international standard', 'config_control_design', 1994, #451 ) ;
#417 = EDGE_LOOP ( 'NONE', ( #3507, #783, #120, #3854 ) ) ;
#418 = EDGE_LOOP ( 'NONE', ( #1461, #2959, #1739, #232, #3825, #428 ) ) ;
#419 = DIRECTION ( 'NONE',  ( 0.0000000000000000000, -1.000000000000000000, 0.0000000000000000000 ) ) ;
#420 = DIRECTION ( 'NONE',  ( 0.0000000000000000000, 0.0000000000000000000, 1.000000000000000000 ) ) ;
#421 = LINE ( 'NONE', #1478, #168 ) ;
#422 = ORIENTED_EDGE ( 'NONE', *, *, #707, .T. ) ;
#423 = ORIENTED_EDGE ( 'NONE', *, *, #3471, .T. ) ;
#424 = CARTESIAN_POINT ( 'NONE',  ( 0.1476377952755905387, -0.06889763779527559306, 0.07480314960629921850 ) ) ;
#425 = DIRECTION ( 'NONE',  ( 0.0000000000000000000, 0.0000000000000000000, -1.000000000000000000 ) ) ;
#426 = ADVANCED_FACE ( 'NONE', ( #2069 ), #4017, .T. ) ;
#427 = LINE ( 'NONE', #2416, #3280 ) ;
#428 = ORIENTED_EDGE ( 'NONE', *, *, #1414, .F. ) ;
#429 = CARTESIAN_POINT ( 'NONE',  ( -0.1532055652061933004, -0.07446540772587834089, -0.07480314960629921850 ) ) ;
#430 = PLANE ( 'NONE',  #2101 ) ;
#431 = CARTESIAN_POINT ( 'NONE',  ( 0.1318897637795275746, -0.09578120915254409451, -0.1023622047244094474 ) ) ;
#432 = LINE ( 'NONE', #2402, #1972 ) ;
#433 = EDGE_CURVE ( 'NONE', #1280, #2723, #1108, .T. ) ;
#434 = APPROVAL_ROLE ( '' ) ;
#435 = VERTEX_POINT ( 'NONE', #1744 ) ;
#436 = ORIENTED_EDGE ( 'NONE', *, *, #191, .F. ) ;
#437 = ADVANCED_FACE ( 'NONE', ( #1080 ), #2667, .T. ) ;
#438 = ORIENTED_EDGE ( 'NONE', *, *, #3653, .F. ) ;
#439 = EDGE_CURVE ( 'NONE', #1182, #3299, #2983, .T. ) ;
#440 = LINE ( 'NONE', #2673, #1152 ) ;
#441 = CIRCLE ( 'NONE', #3936, 0.02362204724409448092 ) ;
#442 = DIRECTION ( 'NONE',  ( 0.0000000000000000000, 0.0000000000000000000, 1.000000000000000000 ) ) ;
#443 = ORIENTED_EDGE ( 'NONE', *, *, #137, .T. ) ;
#444 = EDGE_LOOP ( 'NONE', ( #3989, #114, #4185, #527 ) ) ;
#445 = DIRECTION ( 'NONE',  ( 0.0000000000000000000, 0.0000000000000000000, 1.000000000000000000 ) ) ;
#446 = ORIENTED_EDGE ( 'NONE', *, *, #1887, .F. ) ;
#447 = CARTESIAN_POINT ( 'NONE',  ( 0.1181102362204724532, 0.003937007874015747977, 0.04921259842519685318 ) ) ;
#448 = ADVANCED_FACE ( 'NONE', ( #3081 ), #4060, .F. ) ;
#449 = DIRECTION ( 'NONE',  ( 0.0000000000000000000, 0.0000000000000000000, -1.000000000000000000 ) ) ;
#450 = DIRECTION ( 'NONE',  ( 1.000000000000000000, 0.0000000000000000000, 0.0000000000000000000 ) ) ;
#451 = APPLICATION_CONTEXT ( 'configuration controlled 3d designs of mechanical parts and assemblies' ) ;
#452 = LINE ( 'NONE', #2026, #62 ) ;
#453 = VECTOR ( 'NONE', #4189, 39.37007874015748854 ) ;
#454 = DIRECTION ( 'NONE',  ( 1.000000000000000000, 0.0000000000000000000, -1.445602896647339903E-16 ) ) ;
#455 = CLOSED_SHELL ( 'NONE', ( #437, #3015, #3414, #1145, #3730, #1584, #3872, #1240, #1830, #475, #47, #1296, #2917, #2009, #2572, #3351, #3962, #2327, #2353, #448, #2303, #325, #903, #25, #3706, #3583, #426, #3777, #4174, #2204, #226 ) ) ;
#456 = EDGE_LOOP ( 'NONE', ( #818, #2802, #1379, #3083 ) ) ;
#457 = VERTEX_POINT ( 'NONE', #1761 ) ;
#458 = VERTEX_POINT ( 'NONE', #3353 ) ;
#459 = PLANE ( 'NONE',  #3316 ) ;
#460 = ADVANCED_FACE ( 'NONE', ( #136 ), #1470, .T. ) ;
#461 = DIRECTION ( 'NONE',  ( 1.000000000000000000, 0.0000000000000000000, 0.0000000000000000000 ) ) ;
#462 = EDGE_LOOP ( 'NONE', ( #721, #3644, #3249, #394 ) ) ;
#463 = AXIS2_PLACEMENT_3D ( 'NONE', #2528, #4111, #594 ) ;
#464 = LINE ( 'NONE', #3362, #1169 ) ;
#465 = DIRECTION ( 'NONE',  ( -1.000000000000000000, 0.0000000000000000000, 0.0000000000000000000 ) ) ;
#466 = PRODUCT ( 'CUI_DEVICES_TS02-66-55-BK-160-LCR-D', 'CUI_DEVICES_TS02-66-55-BK-160-LCR-D', '', ( #3401 ) ) ;
#467 = VECTOR ( 'NONE', #1680, 39.37007874015748854 ) ;
#468 = EDGE_CURVE ( 'NONE', #3433, #282, #1125, .T. ) ;
#469 = EDGE_LOOP ( 'NONE', ( #2440, #3785, #3106, #2046 ) ) ;
#470 = VECTOR ( 'NONE', #268, 39.37007874015748854 ) ;
#471 = DIRECTION ( 'NONE',  ( 0.0000000000000000000, 0.0000000000000000000, 1.000000000000000000 ) ) ;
#472 = DIRECTION ( 'NONE',  ( 0.0000000000000000000, 0.0000000000000000000, -1.000000000000000000 ) ) ;
#473 = CARTESIAN_POINT ( 'NONE',  ( 0.0000000000000000000, 0.0000000000000000000, 0.0000000000000000000 ) ) ;
#474 = AXIS2_PLACEMENT_3D ( 'NONE', #10, #2274, #3596 ) ;
#475 = ADVANCED_FACE ( 'NONE', ( #799 ), #3309, .T. ) ;
#476 = CIRCLE ( 'NONE', #2866, 0.007874015748031499423 ) ;
#477 = CARTESIAN_POINT ( 'NONE',  ( 0.1240157480314960647, 0.03543307086614173179, -0.1023622047244094474 ) ) ;
#478 = CARTESIAN_POINT ( 'NONE',  ( 0.1181102362204724532, -0.003937007874015747977, 0.04921259842519685318 ) ) ;
#479 = VECTOR ( 'NONE', #4034, 39.37007874015748143 ) ;
#480 = CARTESIAN_POINT ( 'NONE',  ( -0.08858267716535432601, 0.1496062992125984370, -0.08858267716535432601 ) ) ;
#481 =( NAMED_UNIT ( * ) SI_UNIT ( $, .STERADIAN. ) SOLID_ANGLE_UNIT ( ) );
#482 = VERTEX_POINT ( 'NONE', #1422 ) ;
#483 = ORIENTED_EDGE ( 'NONE', *, *, #3443, .F. ) ;
#484 = LINE ( 'NONE', #803, #2177 ) ;
#485 = EDGE_LOOP ( 'NONE', ( #538, #307, #1956, #140 ) ) ;
#486 = CARTESIAN_POINT ( 'NONE',  ( -0.1318897637795275746, 0.02755905511811023584, -0.1023622047244094474 ) ) ;
#487 = DIRECTION ( 'NONE',  ( 0.0000000000000000000, 1.000000000000000000, 0.0000000000000000000 ) ) ;
#488 = CARTESIAN_POINT ( 'NONE',  ( 0.1240157480314960647, 0.02755905511811023584, -0.1023622047244094474 ) ) ;
#489 = VERTEX_POINT ( 'NONE', #2996 ) ;
#490 = ORIENTED_EDGE ( 'NONE', *, *, #1862, .T. ) ;
#491 = AXIS2_PLACEMENT_3D ( 'NONE', #303, #1121, #499 ) ;
#492 = CARTESIAN_POINT ( 'NONE',  ( 0.1181102362204724532, 0.1299212598425196763, 0.1181102362204724532 ) ) ;
#493 = CARTESIAN_POINT ( 'NONE',  ( -0.1318897637795275746, -0.04201406643800709162, -0.1023622047244094474 ) ) ;
#494 = VERTEX_POINT ( 'NONE', #2710 ) ;
#495 = ORIENTED_EDGE ( 'NONE', *, *, #3232, .F. ) ;
#496 = ADVANCED_FACE ( 'NONE', ( #3705 ), #4079, .T. ) ;
#497 = CARTESIAN_POINT ( 'NONE',  ( 0.1318897637795275746, -0.09578120915254409451, 0.1023622047244094474 ) ) ;
#498 = EDGE_CURVE ( 'NONE', #2273, #2628, #92, .T. ) ;
#499 = DIRECTION ( 'NONE',  ( -1.000000000000000000, 0.0000000000000000000, 0.0000000000000000000 ) ) ;
#500 = EDGE_CURVE ( 'NONE', #3187, #2794, #734, .T. ) ;
#501 = LINE ( 'NONE', #3169, #3548 ) ;
#502 = DIRECTION ( 'NONE',  ( 0.0000000000000000000, -1.000000000000000000, 0.0000000000000000000 ) ) ;
#503 = DIRECTION ( 'NONE',  ( 0.0000000000000000000, -1.000000000000000000, 0.0000000000000000000 ) ) ;
#504 = DIRECTION ( 'NONE',  ( 0.0000000000000000000, -1.000000000000000000, 0.0000000000000000000 ) ) ;
#505 = ORIENTED_EDGE ( 'NONE', *, *, #3686, .F. ) ;
#506 = ORIENTED_EDGE ( 'NONE', *, *, #3046, .T. ) ;
#507 = FACE_OUTER_BOUND ( 'NONE', #104, .T. ) ;
#508 = ORIENTED_EDGE ( 'NONE', *, *, #790, .F. ) ;
#509 = DIRECTION ( 'NONE',  ( 0.0000000000000000000, -1.000000000000000000, 0.0000000000000000000 ) ) ;
#510 = EDGE_CURVE ( 'NONE', #2100, #258, #1587, .T. ) ;
#511 = DIRECTION ( 'NONE',  ( 1.000000000000000000, 0.0000000000000000000, 0.0000000000000000000 ) ) ;
#512 = DIRECTION ( 'NONE',  ( 1.000000000000000000, 0.0000000000000000000, -1.445602896647339903E-16 ) ) ;
#513 = ORIENTED_EDGE ( 'NONE', *, *, #1441, .T. ) ;
#514 = ORIENTED_EDGE ( 'NONE', *, *, #3651, .T. ) ;
#515 = LINE ( 'NONE', #1505, #3405 ) ;
#516 = VERTEX_POINT ( 'NONE', #1829 ) ;
#517 = EDGE_LOOP ( 'NONE', ( #578, #383, #3105, #1945 ) ) ;
#518 = DIRECTION ( 'NONE',  ( 0.0000000000000000000, 0.0000000000000000000, -1.000000000000000000 ) ) ;
#519 = APPROVAL_PERSON_ORGANIZATION ( #392, #2779, #3082 ) ;
#520 = DIRECTION ( 'NONE',  ( 0.0000000000000000000, 0.0000000000000000000, 1.000000000000000000 ) ) ;
#521 = LINE ( 'NONE', #1212, #57 ) ;
#522 = EDGE_CURVE ( 'NONE', #3643, #642, #2456, .T. ) ;
#523 = EDGE_CURVE ( 'NONE', #2430, #149, #3963, .T. ) ;
#524 = CARTESIAN_POINT ( 'NONE',  ( -0.1240157480314960647, 0.03543307086614173179, -0.1023622047244094474 ) ) ;
#525 = CARTESIAN_POINT ( 'NONE',  ( -0.1240157480314960647, -0.1024489833240242176, 0.1139111283628084642 ) ) ;
#526 = ORIENTED_EDGE ( 'NONE', *, *, #1862, .F. ) ;
#527 = ORIENTED_EDGE ( 'NONE', *, *, #871, .F. ) ;
#528 = LINE ( 'NONE', #879, #2300 ) ;
#529 = ORIENTED_EDGE ( 'NONE', *, *, #1585, .T. ) ;
#530 = LINE ( 'NONE', #4155, #3895 ) ;
#531 = LINE ( 'NONE', #1265, #1498 ) ;
#532 = VECTOR ( 'NONE', #3262, 39.37007874015748143 ) ;
#533 = ADVANCED_FACE ( 'NONE', ( #3423 ), #589, .F. ) ;
#534 = CYLINDRICAL_SURFACE ( 'NONE', #3442, 0.007874015748031499423 ) ;
#535 = CYLINDRICAL_SURFACE ( 'NONE', #3554, 0.007874015748031466463 ) ;
#536 = AXIS2_PLACEMENT_3D ( 'NONE', #3040, #3408, #2741 ) ;
#537 = FACE_OUTER_BOUND ( 'NONE', #20, .T. ) ;
#538 = ORIENTED_EDGE ( 'NONE', *, *, #4197, .F. ) ;
#539 = ORIENTED_EDGE ( 'NONE', *, *, #4142, .T. ) ;
#540 = CARTESIAN_POINT ( 'NONE',  ( 0.1532055652061933004, -0.07446540772587834089, -0.1023622047244094474 ) ) ;
#541 = CIRCLE ( 'NONE', #958, 0.07283464566929134798 ) ;
#542 = CARTESIAN_POINT ( 'NONE',  ( 0.1555118110236220763, -0.1054045616694795212, 0.1122047244094488277 ) ) ;
#543 = PLANE ( 'NONE',  #2347 ) ;
#544 = AXIS2_PLACEMENT_3D ( 'NONE', #3337, #97, #3667 ) ;
#545 = AXIS2_PLACEMENT_3D ( 'NONE', #2330, #3652, #425 ) ;
#546 = CYLINDRICAL_SURFACE ( 'NONE', #2715, 0.02362204724409448092 ) ;
#547 = CARTESIAN_POINT ( 'NONE',  ( 0.1318897637795275746, -0.04201406643800709162, -0.1023622047244094474 ) ) ;
#548 = CIRCLE ( 'NONE', #2435, 0.007874015748031499423 ) ;
#549 = VECTOR ( 'NONE', #3132, 39.37007874015748143 ) ;
#550 = ORIENTED_EDGE ( 'NONE', *, *, #384, .T. ) ;
#551 = ORIENTED_EDGE ( 'NONE', *, *, #3651, .F. ) ;
#552 = AXIS2_PLACEMENT_3D ( 'NONE', #4117, #4139, #2880 ) ;
#553 = ADVANCED_FACE ( 'NONE', ( #3446 ), #204, .T. ) ;
#554 = DIRECTION ( 'NONE',  ( 0.0000000000000000000, 0.0000000000000000000, -1.000000000000000000 ) ) ;
#555 = EDGE_LOOP ( 'NONE', ( #2583, #1796, #4062, #972 ) ) ;
#556 = DIRECTION ( 'NONE',  ( 0.0000000000000000000, -1.000000000000000000, 0.0000000000000000000 ) ) ;
#557 = CARTESIAN_POINT ( 'NONE',  ( 0.0000000000000000000, 0.1377952755905511861, 0.0000000000000000000 ) ) ;
#558 = EDGE_CURVE ( 'NONE', #2083, #3972, #3127, .T. ) ;
#559 = AXIS2_PLACEMENT_3D ( 'NONE', #2161, #3786, #556 ) ;
#560 = DIRECTION ( 'NONE',  ( 0.0000000000000000000, -1.000000000000000000, 0.0000000000000000000 ) ) ;
#561 = ORIENTED_EDGE ( 'NONE', *, *, #2765, .T. ) ;
#562 = ORIENTED_EDGE ( 'NONE', *, *, #3848, .T. ) ;
#563 = LINE ( 'NONE', #1271, #3145 ) ;
#564 = DIRECTION ( 'NONE',  ( -1.000000000000000000, 0.0000000000000000000, 0.0000000000000000000 ) ) ;
#565 = DIRECTION ( 'NONE',  ( 0.0000000000000000000, 0.0000000000000000000, -1.000000000000000000 ) ) ;
#566 = ORIENTED_EDGE ( 'NONE', *, *, #984, .F. ) ;
#567 = AXIS2_PLACEMENT_3D ( 'NONE', #3590, #2594, #1980 ) ;
#568 = DIRECTION ( 'NONE',  ( 0.0000000000000000000, -1.000000000000000000, 0.0000000000000000000 ) ) ;
#569 = FACE_OUTER_BOUND ( 'NONE', #2222, .T. ) ;
#570 = CARTESIAN_POINT ( 'NONE',  ( 0.1122047244094488277, 0.1377952755905511861, 0.1181102362204724532 ) ) ;
#571 = EDGE_LOOP ( 'NONE', ( #3764, #1393 ) ) ;
#572 = ORIENTED_EDGE ( 'NONE', *, *, #2156, .F. ) ;
#573 = DIRECTION ( 'NONE',  ( 0.0000000000000000000, 1.000000000000000000, -2.454115839351809943E-16 ) ) ;
#574 = LINE ( 'NONE', #2200, #2938 ) ;
#575 = FACE_BOUND ( 'NONE', #878, .T. ) ;
#576 = EDGE_CURVE ( 'NONE', #2292, #282, #894, .T. ) ;
#577 = DIRECTION ( 'NONE',  ( -1.000000000000000000, 0.0000000000000000000, 0.0000000000000000000 ) ) ;
#578 = ORIENTED_EDGE ( 'NONE', *, *, #415, .T. ) ;
#579 = EDGE_CURVE ( 'NONE', #2982, #3782, #3847, .T. ) ;
#580 = EDGE_CURVE ( 'NONE', #3130, #3643, #1698, .T. ) ;
#581 = ORIENTED_EDGE ( 'NONE', *, *, #263, .F. ) ;
#582 = CARTESIAN_POINT ( 'NONE',  ( 0.0000000000000000000, 0.1299212598425196763, 0.0000000000000000000 ) ) ;
#583 = FACE_OUTER_BOUND ( 'NONE', #931, .T. ) ;
#584 = ORIENTED_EDGE ( 'NONE', *, *, #3383, .T. ) ;
#585 = EDGE_LOOP ( 'NONE', ( #724, #526, #3873, #4107 ) ) ;
#586 = DIRECTION ( 'NONE',  ( 1.000000000000000000, 0.0000000000000000000, 0.0000000000000000000 ) ) ;
#587 = EDGE_CURVE ( 'NONE', #2344, #1994, #831, .T. ) ;
#588 = CARTESIAN_POINT ( 'NONE',  ( -0.1532055652061933004, -0.07446540772587834089, -0.1023622047244094474 ) ) ;
#589 = PLANE ( 'NONE',  #1575 ) ;
#590 = VERTEX_POINT ( 'NONE', #1521 ) ;
#591 = CARTESIAN_POINT ( 'NONE',  ( 0.1555118110236220763, -0.1377952755905511861, 0.08366141732283464971 ) ) ;
#592 = APPROVAL_PERSON_ORGANIZATION ( #3997, #1358, #1109 ) ;
#593 = CARTESIAN_POINT ( 'NONE',  ( -0.1240157480314960647, 0.02755905511811023584, -0.1023622047244094474 ) ) ;
#594 = DIRECTION ( 'NONE',  ( 0.0000000000000000000, -1.000000000000000000, 0.0000000000000000000 ) ) ;
#595 = LINE ( 'NONE', #884, #2067 ) ;
#596 = ORIENTED_EDGE ( 'NONE', *, *, #3807, .F. ) ;
#597 = EDGE_LOOP ( 'NONE', ( #148, #3803, #4204, #1601, #2339, #2487 ) ) ;
#598 = ORIENTED_EDGE ( 'NONE', *, *, #275, .F. ) ;
#599 = DIRECTION ( 'NONE',  ( 0.0000000000000000000, -1.000000000000000000, 0.0000000000000000000 ) ) ;
#600 = CARTESIAN_POINT ( 'NONE',  ( 0.1532055652061933004, -0.06332986786467284523, 0.1023622047244094474 ) ) ;
#601 = CARTESIAN_POINT ( 'NONE',  ( -0.1318897637795275746, -0.1224523058384645591, -0.07480314960629921850 ) ) ;
#602 = FACE_OUTER_BOUND ( 'NONE', #694, .T. ) ;
#603 = ORIENTED_EDGE ( 'NONE', *, *, #1606, .F. ) ;
#604 = ORIENTED_EDGE ( 'NONE', *, *, #2890, .F. ) ;
#605 = DIRECTION ( 'NONE',  ( -1.000000000000000000, 0.0000000000000000000, 0.0000000000000000000 ) ) ;
#606 = DIRECTION ( 'NONE',  ( -1.000000000000000000, 0.0000000000000000000, 0.0000000000000000000 ) ) ;
#607 = EDGE_CURVE ( 'NONE', #2877, #1646, #2167, .T. ) ;
#608 = VECTOR ( 'NONE', #355, 39.37007874015748143 ) ;
#609 = CIRCLE ( 'NONE', #334, 0.003937007874015749712 ) ;
#610 = LINE ( 'NONE', #4230, #620 ) ;
#611 = CARTESIAN_POINT ( 'NONE',  ( -0.1476377952755905387, -0.06889763779527559306, 0.1023622047244094474 ) ) ;
#612 = EDGE_CURVE ( 'NONE', #2532, #3114, #3801, .T. ) ;
#613 = AXIS2_PLACEMENT_3D ( 'NONE', #1378, #381, #1437 ) ;
#614 = ORIENTED_EDGE ( 'NONE', *, *, #1940, .F. ) ;
#615 = FACE_OUTER_BOUND ( 'NONE', #722, .T. ) ;
#616 = VECTOR ( 'NONE', #3687, 39.37007874015748143 ) ;
#617 = DIRECTION ( 'NONE',  ( 0.0000000000000000000, 0.0000000000000000000, -1.000000000000000000 ) ) ;
#618 = VECTOR ( 'NONE', #2145, 39.37007874015748143 ) ;
#619 = DIRECTION ( 'NONE',  ( 0.0000000000000000000, 0.0000000000000000000, 1.000000000000000000 ) ) ;
#620 = VECTOR ( 'NONE', #3214, 39.37007874015748143 ) ;
#621 = AXIS2_PLACEMENT_3D ( 'NONE', #3096, #108, #1485 ) ;
#622 = ORIENTED_EDGE ( 'NONE', *, *, #3768, .T. ) ;
#623 = EDGE_LOOP ( 'NONE', ( #2060, #422, #3783, #1746 ) ) ;
#624 = ORIENTED_EDGE ( 'NONE', *, *, #579, .T. ) ;
#625 = LINE ( 'NONE', #600, #3219 ) ;
#626 = AXIS2_PLACEMENT_3D ( 'NONE', #593, #1879, #2833 ) ;
#627 = CARTESIAN_POINT ( 'NONE',  ( 0.1181102362204724532, 0.0000000000000000000, -0.1122047244094488277 ) ) ;
#628 = DIRECTION ( 'NONE',  ( 0.0000000000000000000, 0.0000000000000000000, -1.000000000000000000 ) ) ;
#629 = VERTEX_POINT ( 'NONE', #4172 ) ;
#630 = FACE_OUTER_BOUND ( 'NONE', #417, .T. ) ;
#631 = EDGE_CURVE ( 'NONE', #802, #4160, #3469, .T. ) ;
#632 = CIRCLE ( 'NONE', #2874, 0.02362204724409448092 ) ;
#633 = EDGE_CURVE ( 'NONE', #1735, #1523, #1893, .T. ) ;
#634 = CARTESIAN_POINT ( 'NONE',  ( 0.1240157480314960647, 0.02755905511811023584, -0.1023622047244094474 ) ) ;
#635 = LINE ( 'NONE', #1990, #2508 ) ;
#636 = DIRECTION ( 'NONE',  ( 1.000000000000000000, 0.0000000000000000000, 0.0000000000000000000 ) ) ;
#637 = CARTESIAN_POINT ( 'NONE',  ( 0.1240157480314960647, -0.1377952755905511861, 0.09350393700787401619 ) ) ;
#638 = CARTESIAN_POINT ( 'NONE',  ( -0.1318897637795275746, -0.04201406643800709162, -0.07480314960629921850 ) ) ;
#639 = MANIFOLD_SOLID_BREP ( 'Imported3', #732 ) ;
#640 = ADVANCED_FACE ( 'NONE', ( #3193 ), #1542, .T. ) ;
#641 = VERTEX_POINT ( 'NONE', #2181 ) ;
#642 = VERTEX_POINT ( 'NONE', #570 ) ;
#643 = DIRECTION ( 'NONE',  ( 0.0000000000000000000, -1.000000000000000000, 0.0000000000000000000 ) ) ;
#644 = CARTESIAN_POINT ( 'NONE',  ( 0.1318897637795275746, -0.09578120915254409451, -0.1023622047244094474 ) ) ;
#645 = DIRECTION ( 'NONE',  ( 0.7071067811865479058, -0.7071067811865469066, 0.0000000000000000000 ) ) ;
#646 = EDGE_LOOP ( 'NONE', ( #3072, #2470, #301, #2092 ) ) ;
#647 = MANIFOLD_SOLID_BREP ( 'Imported4', #328 ) ;
#648 = DIRECTION ( 'NONE',  ( 1.000000000000000000, 0.0000000000000000000, 0.0000000000000000000 ) ) ;
#649 = ORIENTED_EDGE ( 'NONE', *, *, #607, .T. ) ;
#650 = CARTESIAN_POINT ( 'NONE',  ( 0.1263219938489248129, -0.04758183636860983945, 0.1023622047244094474 ) ) ;
#651 = EDGE_CURVE ( 'NONE', #2174, #1129, #1877, .T. ) ;
#652 = CARTESIAN_POINT ( 'NONE',  ( -0.1263219938489248129, -0.04758183636860983945, -0.1023622047244094474 ) ) ;
#653 = AXIS2_PLACEMENT_3D ( 'NONE', #1083, #2689, #3707 ) ;
#654 = ADVANCED_FACE ( 'NONE', ( #2523 ), #923, .F. ) ;
#655 = DIRECTION ( 'NONE',  ( -0.7071067811865469066, -0.7071067811865479058, 0.0000000000000000000 ) ) ;
#656 = DIRECTION ( 'NONE',  ( 0.0000000000000000000, 0.0000000000000000000, -1.000000000000000000 ) ) ;
#657 = DIRECTION ( 'NONE',  ( 1.000000000000000000, 0.0000000000000000000, 0.0000000000000000000 ) ) ;
#658 = EDGE_CURVE ( 'NONE', #4222, #3678, #3248, .T. ) ;
#659 = EDGE_LOOP ( 'NONE', ( #997, #1674, #3141, #1543 ) ) ;
#660 = ORIENTED_EDGE ( 'NONE', *, *, #2234, .F. ) ;
#661 = EDGE_LOOP ( 'NONE', ( #2173, #2926, #2763, #3709 ) ) ;
#662 = CARTESIAN_POINT ( 'NONE',  ( -0.1240157480314960647, -0.1377952755905511861, 0.09350393700787401619 ) ) ;
#663 = CARTESIAN_POINT ( 'NONE',  ( 0.08858267716535432601, 0.1299212598425196763, 0.08858267716535432601 ) ) ;
#664 = EDGE_CURVE ( 'NONE', #3, #305, #635, .T. ) ;
#665 = CARTESIAN_POINT ( 'NONE',  ( 0.08858267716535432601, 0.1377952755905511861, 0.06496062992125983815 ) ) ;
#666 = EDGE_LOOP ( 'NONE', ( #2364, #3142, #562, #2757 ) ) ;
#667 = DIRECTION ( 'NONE',  ( -3.519431053647356462E-16, 0.8660254037844389297, 0.4999999999999994449 ) ) ;
#668 = CARTESIAN_POINT ( 'NONE',  ( -0.1122047244094488277, 0.1377952755905511861, 0.1181102362204724532 ) ) ;
#669 = AXIS2_PLACEMENT_3D ( 'NONE', #996, #3609, #1053 ) ;
#670 = VERTEX_POINT ( 'NONE', #3933 ) ;
#671 = CARTESIAN_POINT ( 'NONE',  ( 0.08858267716535432601, 0.1496062992125984370, -0.06496062992125983815 ) ) ;
#672 = CARTESIAN_POINT ( 'NONE',  ( -0.1476377952755905387, -0.06889763779527559306, -0.07480314960629921850 ) ) ;
#673 = VECTOR ( 'NONE', #2245, 39.37007874015748143 ) ;
#674 = LINE ( 'NONE', #4201, #1304 ) ;
#675 = CARTESIAN_POINT ( 'NONE',  ( 0.1263219938489248129, -0.04758183636860983945, -0.1023622047244094474 ) ) ;
#676 = VECTOR ( 'NONE', #1340, 39.37007874015748143 ) ;
#677 = EDGE_CURVE ( 'NONE', #3604, #1676, #1664, .T. ) ;
#678 = VERTEX_POINT ( 'NONE', #938 ) ;
#679 = CIRCLE ( 'NONE', #3204, 0.007874015748031499423 ) ;
#680 = EDGE_LOOP ( 'NONE', ( #234, #3572, #4031, #1597 ) ) ;
#681 = CIRCLE ( 'NONE', #1432, 0.007874015748031499423 ) ;
#682 = EDGE_CURVE ( 'NONE', #1637, #4044, #2955, .T. ) ;
#683 = EDGE_LOOP ( 'NONE', ( #854, #1248 ) ) ;
#684 = FACE_OUTER_BOUND ( 'NONE', #891, .T. ) ;
#685 = VECTOR ( 'NONE', #1077, 39.37007874015748143 ) ;
#686 = AXIS2_PLACEMENT_3D ( 'NONE', #3913, #987, #3250 ) ;
#687 = CARTESIAN_POINT ( 'NONE',  ( -0.1181102362204724532, 0.1299212598425196763, -0.1122047244094488277 ) ) ;
#688 = ORIENTED_EDGE ( 'NONE', *, *, #2698, .T. ) ;
#689 = ORIENTED_EDGE ( 'NONE', *, *, #315, .F. ) ;
#690 = DIRECTION ( 'NONE',  ( 4.063888932435259910E-16, -1.000000000000000000, 0.0000000000000000000 ) ) ;
#691 = ADVANCED_FACE ( 'NONE', ( #1917 ), #309, .T. ) ;
#692 = VECTOR ( 'NONE', #568, 39.37007874015748143 ) ;
#693 = FACE_OUTER_BOUND ( 'NONE', #2099, .T. ) ;
#694 = EDGE_LOOP ( 'NONE', ( #857, #2165, #4151, #3002 ) ) ;
#695 = CARTESIAN_POINT ( 'NONE',  ( 0.1181102362204724532, 0.03543307086614173179, -0.1023622047244094474 ) ) ;
#696 = DIRECTION ( 'NONE',  ( -3.519431053647356462E-16, -0.8660254037844389297, -0.4999999999999994449 ) ) ;
#697 = MANIFOLD_SOLID_BREP ( 'Imported1', #2633 ) ;
#698 = LINE ( 'NONE', #2893, #3481 ) ;
#699 = CARTESIAN_POINT ( 'NONE',  ( -0.1263219938489248129, -0.04758183636860983945, 0.1023622047244094474 ) ) ;
#700 = FACE_BOUND ( 'NONE', #3981, .T. ) ;
#701 = VERTEX_POINT ( 'NONE', #4213 ) ;
#702 = ORIENTED_EDGE ( 'NONE', *, *, #1810, .F. ) ;
#703 = ORIENTED_EDGE ( 'NONE', *, *, #2931, .T. ) ;
#704 = CARTESIAN_POINT ( 'NONE',  ( 0.1318897637795275746, -0.09578120915254409451, 0.07480314960629921850 ) ) ;
#705 = DIRECTION ( 'NONE',  ( 1.224646799147353207E-16, 0.0000000000000000000, -1.000000000000000000 ) ) ;
#706 = ADVANCED_BREP_SHAPE_REPRESENTATION ( 'CUI_DEVICES_TS02-66-55-BK-160-LCR-D', ( #697, #2037, #639, #647, #3448, #3465, #653 ), #2614 ) ;
#707 = EDGE_CURVE ( 'NONE', #2166, #629, #2910, .T. ) ;
#708 = EDGE_CURVE ( 'NONE', #2376, #218, #541, .T. ) ;
#709 = EDGE_CURVE ( 'NONE', #1129, #2943, #1003, .T. ) ;
#710 = ORIENTED_EDGE ( 'NONE', *, *, #1183, .F. ) ;
#711 = ORIENTED_EDGE ( 'NONE', *, *, #2804, .F. ) ;
#712 = CARTESIAN_POINT ( 'NONE',  ( 0.08858267716535432601, 0.1377952755905511861, 0.08858267716535432601 ) ) ;
#713 = ORIENTED_EDGE ( 'NONE', *, *, #914, .F. ) ;
#714 = DIRECTION ( 'NONE',  ( 1.000000000000000000, 0.0000000000000000000, 0.0000000000000000000 ) ) ;
#715 = DIRECTION ( 'NONE',  ( -1.000000000000000000, 0.0000000000000000000, 0.0000000000000000000 ) ) ;
#716 = EDGE_CURVE ( 'NONE', #1523, #1629, #2621, .T. ) ;
#717 = DIRECTION ( 'NONE',  ( 0.0000000000000000000, 0.0000000000000000000, 1.000000000000000000 ) ) ;
#718 = AXIS2_PLACEMENT_3D ( 'NONE', #1499, #560, #188 ) ;
#719 = DIRECTION ( 'NONE',  ( 0.0000000000000000000, 0.0000000000000000000, 1.000000000000000000 ) ) ;
#720 = PERSON_AND_ORGANIZATION ( #343, #782 ) ;
#721 = ORIENTED_EDGE ( 'NONE', *, *, #1553, .F. ) ;
#722 = EDGE_LOOP ( 'NONE', ( #3945, #1978, #96, #1955 ) ) ;
#723 = CARTESIAN_POINT ( 'NONE',  ( -0.1240157480314960647, 0.03543307086614173179, 0.1023622047244094474 ) ) ;
#724 = ORIENTED_EDGE ( 'NONE', *, *, #1752, .F. ) ;
#725 = CC_DESIGN_APPROVAL ( #1046, ( #2277 ) ) ;
#726 = DIRECTION ( 'NONE',  ( -1.000000000000000000, 0.0000000000000000000, 0.0000000000000000000 ) ) ;
#727 = VERTEX_POINT ( 'NONE', #960 ) ;
#728 = DIRECTION ( 'NONE',  ( -0.0000000000000000000, 0.4999999999999995004, 0.8660254037844390407 ) ) ;
#729 = EDGE_CURVE ( 'NONE', #2478, #3187, #4196, .T. ) ;
#730 = LINE ( 'NONE', #2022, #3617 ) ;
#731 = DIRECTION ( 'NONE',  ( 0.0000000000000000000, 0.0000000000000000000, 1.000000000000000000 ) ) ;
#732 = CLOSED_SHELL ( 'NONE', ( #2018, #1023, #533, #1937, #4169, #1949, #1071, #85, #1678, #2650, #1005, #214, #2608, #2925, #3862, #2350, #1234, #1665, #2367, #1732, #978 ) ) ;
#733 = CARTESIAN_POINT ( 'NONE',  ( 0.0000000000000000000, 0.1299212598425196763, 0.07283464566929134798 ) ) ;
#734 = LINE ( 'NONE', #3014, #4027 ) ;
#735 = AXIS2_PLACEMENT_3D ( 'NONE', #3726, #2688, #3035 ) ;
#736 = DATE_AND_TIME ( #1063, #3528 ) ;
#737 = ORIENTED_EDGE ( 'NONE', *, *, #242, .T. ) ;
#738 = ORIENTED_EDGE ( 'NONE', *, *, #2557, .T. ) ;
#739 = FACE_OUTER_BOUND ( 'NONE', #3666, .T. ) ;
#740 = EDGE_CURVE ( 'NONE', #2351, #3721, #3289, .T. ) ;
#741 = AXIS2_PLACEMENT_3D ( 'NONE', #4149, #2848, #1215 ) ;
#742 = DIRECTION ( 'NONE',  ( 1.000000000000000000, 0.0000000000000000000, 0.0000000000000000000 ) ) ;
#743 = LINE ( 'NONE', #488, #2963 ) ;
#744 = ORIENTED_EDGE ( 'NONE', *, *, #682, .F. ) ;
#745 = ORIENTED_EDGE ( 'NONE', *, *, #3931, .F. ) ;
#746 = CIRCLE ( 'NONE', #3399, 0.02362204724409448092 ) ;
#747 = VECTOR ( 'NONE', #2939, 39.37007874015748143 ) ;
#748 = DIRECTION ( 'NONE',  ( -0.7071067811865470176, 0.7071067811865480168, 0.0000000000000000000 ) ) ;
#749 = LINE ( 'NONE', #170, #3772 ) ;
#750 = CIRCLE ( 'NONE', #3143, 0.02362204724409448092 ) ;
#751 = VERTEX_POINT ( 'NONE', #3538 ) ;
#752 = ORIENTED_EDGE ( 'NONE', *, *, #1124, .F. ) ;
#753 = CARTESIAN_POINT ( 'NONE',  ( -0.1476377952755905387, -0.06889763779527559306, 0.07480314960629921850 ) ) ;
#754 = CARTESIAN_POINT ( 'NONE',  ( 0.08858267716535432601, 0.1299212598425196763, 0.06496062992125983815 ) ) ;
#755 = AXIS2_PLACEMENT_3D ( 'NONE', #4223, #2223, #2266 ) ;
#756 = EDGE_CURVE ( 'NONE', #1492, #1135, #329, .T. ) ;
#757 = EDGE_CURVE ( 'NONE', #94, #1549, #2889, .T. ) ;
#758 = EDGE_CURVE ( 'NONE', #3966, #762, #4231, .T. ) ;
#759 = CARTESIAN_POINT ( 'NONE',  ( -0.08858267716535432601, 0.1377952755905511861, 0.06496062992125983815 ) ) ;
#760 = CARTESIAN_POINT ( 'NONE',  ( -0.1555118110236220763, 0.003937007874015747977, -0.04921259842519685318 ) ) ;
#761 = APPROVAL_STATUS ( 'not_yet_approved' ) ;
#762 = VERTEX_POINT ( 'NONE', #1018 ) ;
#763 = VECTOR ( 'NONE', #3574, 39.37007874015748143 ) ;
#764 = EDGE_LOOP ( 'NONE', ( #3557, #3547, #288, #2670 ) ) ;
#765 = ORIENTED_EDGE ( 'NONE', *, *, #3562, .T. ) ;
#766 = CARTESIAN_POINT ( 'NONE',  ( -0.1318897637795275746, -0.09578120915254409451, -0.07480314960629921850 ) ) ;
#767 = EDGE_CURVE ( 'NONE', #2351, #95, #3621, .T. ) ;
#768 = CARTESIAN_POINT ( 'NONE',  ( -0.08858267716535432601, 0.1377952755905511861, 0.08858267716535432601 ) ) ;
#769 = ORIENTED_EDGE ( 'NONE', *, *, #756, .T. ) ;
#770 = DIRECTION ( 'NONE',  ( 0.0000000000000000000, -1.000000000000000000, 0.0000000000000000000 ) ) ;
#771 = CARTESIAN_POINT ( 'NONE',  ( -0.1240157480314960647, -0.09578120915254409451, -0.1023622047244094474 ) ) ;
#772 = DIRECTION ( 'NONE',  ( 0.0000000000000000000, 0.0000000000000000000, 1.000000000000000000 ) ) ;
#773 = ORIENTED_EDGE ( 'NONE', *, *, #1724, .F. ) ;
#774 = CYLINDRICAL_SURFACE ( 'NONE', #621, 0.007874015748031466463 ) ;
#775 = DIRECTION ( 'NONE',  ( 0.0000000000000000000, 1.000000000000000000, 0.0000000000000000000 ) ) ;
#776 = CARTESIAN_POINT ( 'NONE',  ( -0.1181102362204724532, 0.03543307086614173179, 0.1023622047244094474 ) ) ;
#777 = LINE ( 'NONE', #1446, #2991 ) ;
#778 = EDGE_CURVE ( 'NONE', #3084, #3019, #3566, .T. ) ;
#779 = SECURITY_CLASSIFICATION_LEVEL ( 'unclassified' ) ;
#780 = ORIENTED_EDGE ( 'NONE', *, *, #1682, .F. ) ;
#781 = EDGE_LOOP ( 'NONE', ( #443, #2072, #4200, #208 ) ) ;
#782 = ORGANIZATION ( 'UNSPECIFIED', 'UNSPECIFIED', '' ) ;
#783 = ORIENTED_EDGE ( 'NONE', *, *, #1845, .F. ) ;
#784 = CARTESIAN_POINT ( 'NONE',  ( 8.919671568592926781E-18, 0.1377952755905511861, -0.07283464566929134798 ) ) ;
#785 = EDGE_CURVE ( 'NONE', #323, #4143, #986, .T. ) ;
#786 = PLANE ( 'NONE',  #2004 ) ;
#787 = ORIENTED_EDGE ( 'NONE', *, *, #664, .F. ) ;
#788 = ORIENTED_EDGE ( 'NONE', *, *, #3381, .F. ) ;
#789 = DIRECTION ( 'NONE',  ( 0.0000000000000000000, 0.0000000000000000000, 1.000000000000000000 ) ) ;
#790 = EDGE_CURVE ( 'NONE', #4081, #1483, #1948, .T. ) ;
#791 = CARTESIAN_POINT ( 'NONE',  ( -0.1122047244094488277, 0.1377952755905511861, -0.1122047244094488277 ) ) ;
#792 = DIRECTION ( 'NONE',  ( -2.168404344971010347E-16, 0.0000000000000000000, -1.000000000000000000 ) ) ;
#793 = EDGE_LOOP ( 'NONE', ( #1706, #1475, #182, #2966 ) ) ;
#794 = ORIENTED_EDGE ( 'NONE', *, *, #3102, .T. ) ;
#795 = CARTESIAN_POINT ( 'NONE',  ( 0.08858267716535432601, 0.1299212598425196763, 0.08858267716535432601 ) ) ;
#796 = DIRECTION ( 'NONE',  ( 0.0000000000000000000, 1.000000000000000000, 0.0000000000000000000 ) ) ;
#797 = DIRECTION ( 'NONE',  ( -1.000000000000000000, 0.0000000000000000000, 0.0000000000000000000 ) ) ;
#798 = DIRECTION ( 'NONE',  ( 0.0000000000000000000, 1.000000000000000000, 0.0000000000000000000 ) ) ;
#799 = FACE_OUTER_BOUND ( 'NONE', #3699, .T. ) ;
#800 = VECTOR ( 'NONE', #2846, 39.37007874015748143 ) ;
#801 = ORIENTED_EDGE ( 'NONE', *, *, #3870, .T. ) ;
#802 = VERTEX_POINT ( 'NONE', #3974 ) ;
#803 = CARTESIAN_POINT ( 'NONE',  ( 0.1263219938489248129, -0.09021343922194134668, -0.1023622047244094474 ) ) ;
#804 = ORIENTED_EDGE ( 'NONE', *, *, #1987, .T. ) ;
#805 = CARTESIAN_POINT ( 'NONE',  ( 0.1240157480314960647, 0.02755905511811023584, 0.1023622047244094474 ) ) ;
#806 = DIRECTION ( 'NONE',  ( -1.000000000000000000, 0.0000000000000000000, 0.0000000000000000000 ) ) ;
#807 = CIRCLE ( 'NONE', #3540, 0.02362204724409448092 ) ;
#808 = ADVANCED_FACE ( 'NONE', ( #1042 ), #1418, .T. ) ;
#809 = CARTESIAN_POINT ( 'NONE',  ( 0.0000000000000000000, 0.2165354330708661457, 0.06207107990698622346 ) ) ;
#810 = ORIENTED_EDGE ( 'NONE', *, *, #2822, .T. ) ;
#811 = EDGE_CURVE ( 'NONE', #3094, #172, #2317, .T. ) ;
#812 = EDGE_CURVE ( 'NONE', #1114, #1550, #3033, .T. ) ;
#813 = EDGE_LOOP ( 'NONE', ( #1753, #2538, #3268, #2904 ) ) ;
#814 = VECTOR ( 'NONE', #715, 39.37007874015748143 ) ;
#815 = DIRECTION ( 'NONE',  ( -4.063888932435259910E-16, 1.000000000000000000, 0.0000000000000000000 ) ) ;
#816 = DIRECTION ( 'NONE',  ( 0.0000000000000000000, 0.0000000000000000000, -1.000000000000000000 ) ) ;
#817 = VECTOR ( 'NONE', #3123, 39.37007874015748143 ) ;
#818 = ORIENTED_EDGE ( 'NONE', *, *, #2524, .F. ) ;
#819 = ORIENTED_EDGE ( 'NONE', *, *, #3052, .F. ) ;
#820 = AXIS2_PLACEMENT_3D ( 'NONE', #91, #412, #2709 ) ;
#821 = DIRECTION ( 'NONE',  ( 0.0000000000000000000, 0.0000000000000000000, 1.000000000000000000 ) ) ;
#822 = AXIS2_PLACEMENT_3D ( 'NONE', #3216, #4199, #2606 ) ;
#823 = CARTESIAN_POINT ( 'NONE',  ( 0.1263219938489248129, -0.09021343922194134668, 0.07480314960629921850 ) ) ;
#824 = DIRECTION ( 'NONE',  ( 0.7071067811865469066, -0.7071067811865479058, 0.0000000000000000000 ) ) ;
#825 = VECTOR ( 'NONE', #385, 39.37007874015748143 ) ;
#826 = VECTOR ( 'NONE', #184, 39.37007874015748143 ) ;
#827 = ORIENTED_EDGE ( 'NONE', *, *, #1806, .T. ) ;
#828 = EDGE_CURVE ( 'NONE', #670, #1817, #3638, .T. ) ;
#829 = DIRECTION ( 'NONE',  ( 0.0000000000000000000, 0.0000000000000000000, 1.000000000000000000 ) ) ;
#830 = VECTOR ( 'NONE', #667, 39.37007874015748143 ) ;
#831 = LINE ( 'NONE', #525, #1841 ) ;
#832 = ORIENTED_EDGE ( 'NONE', *, *, #433, .F. ) ;
#833 = ORIENTED_EDGE ( 'NONE', *, *, #349, .T. ) ;
#834 = DIRECTION ( 'NONE',  ( 1.000000000000000000, 0.0000000000000000000, 0.0000000000000000000 ) ) ;
#835 = CARTESIAN_POINT ( 'NONE',  ( -0.1240157480314960647, 0.02755905511811023584, -0.07480314960629921850 ) ) ;
#836 = DIRECTION ( 'NONE',  ( 0.0000000000000000000, 0.0000000000000000000, 1.000000000000000000 ) ) ;
#837 = LINE ( 'NONE', #2143, #1204 ) ;
#838 = ORIENTED_EDGE ( 'NONE', *, *, #3504, .T. ) ;
#839 = ORIENTED_EDGE ( 'NONE', *, *, #3939, .F. ) ;
#840 = EDGE_CURVE ( 'NONE', #940, #701, #3724, .T. ) ;
#841 = VECTOR ( 'NONE', #4075, 39.37007874015748143 ) ;
#842 = CARTESIAN_POINT ( 'NONE',  ( 0.1240157480314960647, 0.02755905511811023584, -0.1023622047244094474 ) ) ;
#843 = EDGE_CURVE ( 'NONE', #1131, #2532, #1401, .T. ) ;
#844 = DIRECTION ( 'NONE',  ( 1.000000000000000000, 0.0000000000000000000, 0.0000000000000000000 ) ) ;
#845 = VERTEX_POINT ( 'NONE', #2356 ) ;
#846 = ORIENTED_EDGE ( 'NONE', *, *, #708, .F. ) ;
#847 = DIRECTION ( 'NONE',  ( 0.0000000000000000000, 0.0000000000000000000, 1.000000000000000000 ) ) ;
#848 = CARTESIAN_POINT ( 'NONE',  ( -0.1555118110236219930, -0.06889763779527559306, -0.1023622047244094474 ) ) ;
#849 = CARTESIAN_POINT ( 'NONE',  ( -0.1318897637795275746, -0.1377952755905511861, 0.09350393700787401619 ) ) ;
#850 = CARTESIAN_POINT ( 'NONE',  ( -0.1240157480314960647, -0.09578120915254409451, -0.07480314960629921850 ) ) ;
#851 = CARTESIAN_POINT ( 'NONE',  ( -0.1318897637795275746, -0.09578120915254409451, -0.1023622047244094474 ) ) ;
#852 = CARTESIAN_POINT ( 'NONE',  ( -0.1181102362204724532, 0.1377952755905511861, 0.1181102362204724532 ) ) ;
#853 = EDGE_CURVE ( 'NONE', #172, #194, #3746, .T. ) ;
#854 = ORIENTED_EDGE ( 'NONE', *, *, #3884, .F. ) ;
#855 = ORIENTED_EDGE ( 'NONE', *, *, #2677, .F. ) ;
#856 = PLANE ( 'NONE',  #3971 ) ;
#857 = ORIENTED_EDGE ( 'NONE', *, *, #1658, .F. ) ;
#858 = CARTESIAN_POINT ( 'NONE',  ( -0.1318897637795275746, -0.1224523058384645591, 0.07480314960629921850 ) ) ;
#859 = CARTESIAN_POINT ( 'NONE',  ( 0.1318897637795275746, -0.1224523058384645591, -0.07480314960629921850 ) ) ;
#860 = DIRECTION ( 'NONE',  ( 0.0000000000000000000, 0.0000000000000000000, 1.000000000000000000 ) ) ;
#861 = ORIENTED_EDGE ( 'NONE', *, *, #3928, .T. ) ;
#862 = CARTESIAN_POINT ( 'NONE',  ( -0.1181102362204724532, 0.03543307086614173179, 0.1023622047244094474 ) ) ;
#863 = LINE ( 'NONE', #3436, #618 ) ;
#864 = UNCERTAINTY_MEASURE_WITH_UNIT (LENGTH_MEASURE( 1.000000000000000082E-05 ), #970, 'distance_accuracy_value', 'NONE');
#865 = FACE_OUTER_BOUND ( 'NONE', #362, .T. ) ;
#866 = ORIENTED_EDGE ( 'NONE', *, *, #1695, .T. ) ;
#867 = ORIENTED_EDGE ( 'NONE', *, *, #100, .F. ) ;
#868 = LINE ( 'NONE', #955, #3622 ) ;
#869 = CARTESIAN_POINT ( 'NONE',  ( 0.08858267716535432601, 0.1377952755905511861, -0.1122047244094488139 ) ) ;
#870 = DIRECTION ( 'NONE',  ( 0.7071067811865469066, -0.7071067811865479058, 0.0000000000000000000 ) ) ;
#871 = EDGE_CURVE ( 'NONE', #3244, #2029, #1579, .T. ) ;
#872 = PLANE ( 'NONE',  #3817 ) ;
#873 = EDGE_CURVE ( 'NONE', #678, #3946, #609, .T. ) ;
#874 = CARTESIAN_POINT ( 'NONE',  ( -0.1122047244094488277, 0.1299212598425196763, 0.1181102362204724532 ) ) ;
#875 = LOCAL_TIME ( 19, 8, 31.00000000000000000, #2054 ) ;
#876 = CARTESIAN_POINT ( 'NONE',  ( 0.1181102362204724532, 0.02755905511811023584, -0.07480314960629921850 ) ) ;
#877 = ORIENTED_EDGE ( 'NONE', *, *, #384, .F. ) ;
#878 = EDGE_LOOP ( 'NONE', ( #993, #910 ) ) ;
#879 = CARTESIAN_POINT ( 'NONE',  ( 0.1532055652061933004, -0.07446540772587834089, 0.07480314960629921850 ) ) ;
#880 = VERTEX_POINT ( 'NONE', #1061 ) ;
#881 = DIRECTION ( 'NONE',  ( 1.445602896647339903E-16, 0.0000000000000000000, 1.000000000000000000 ) ) ;
#882 = DIRECTION ( 'NONE',  ( -0.0000000000000000000, 1.000000000000000000, 0.0000000000000000000 ) ) ;
#883 = CIRCLE ( 'NONE', #2562, 0.02362204724409448092 ) ;
#884 = CARTESIAN_POINT ( 'NONE',  ( -0.1122047244094488277, 0.1377952755905511861, -0.1181102362204724532 ) ) ;
#885 = ORIENTED_EDGE ( 'NONE', *, *, #2598, .F. ) ;
#886 = ORIENTED_EDGE ( 'NONE', *, *, #3954, .F. ) ;
#887 = DIRECTION ( 'NONE',  ( 0.0000000000000000000, 0.0000000000000000000, 1.000000000000000000 ) ) ;
#888 = CARTESIAN_POINT ( 'NONE',  ( 0.1240157480314960647, -0.1143824042423135789, -0.07014398974742774850 ) ) ;
#889 = AXIS2_PLACEMENT_3D ( 'NONE', #557, #882, #2162 ) ;
#890 = FACE_OUTER_BOUND ( 'NONE', #781, .T. ) ;
#891 = EDGE_LOOP ( 'NONE', ( #598, #2547, #1196, #1202 ) ) ;
#892 = ORIENTED_EDGE ( 'NONE', *, *, #242, .F. ) ;
#893 = LINE ( 'NONE', #2803, #2369 ) ;
#894 = CIRCLE ( 'NONE', #125, 0.02362204724409448092 ) ;
#895 = DIRECTION ( 'NONE',  ( 1.000000000000000000, 0.0000000000000000000, 0.0000000000000000000 ) ) ;
#896 = FACE_OUTER_BOUND ( 'NONE', #3695, .T. ) ;
#897 = CIRCLE ( 'NONE', #1520, 0.02362204724409448092 ) ;
#898 = AXIS2_PLACEMENT_3D ( 'NONE', #106, #3045, #1985 ) ;
#899 = EDGE_CURVE ( 'NONE', #2612, #305, #386, .T. ) ;
#900 = DIRECTION ( 'NONE',  ( 0.0000000000000000000, 1.000000000000000000, 0.0000000000000000000 ) ) ;
#901 = CIRCLE ( 'NONE', #1648, 0.007874015748031499423 ) ;
#902 = CIRCLE ( 'NONE', #1650, 0.07283464566929134798 ) ;
#903 = ADVANCED_FACE ( 'NONE', ( #2990 ), #2049, .F. ) ;
#904 = ORIENTED_EDGE ( 'NONE', *, *, #2240, .T. ) ;
#905 = AXIS2_PLACEMENT_3D ( 'NONE', #1557, #2539, #586 ) ;
#906 = CARTESIAN_POINT ( 'NONE',  ( 0.1122047244094488277, 0.1299212598425196763, 0.1181102362204724532 ) ) ;
#907 = DIRECTION ( 'NONE',  ( -0.7071067811865470176, 0.7071067811865480168, 0.0000000000000000000 ) ) ;
#908 = FACE_BOUND ( 'NONE', #2438, .T. ) ;
#909 = CARTESIAN_POINT ( 'NONE',  ( 0.1122047244094488277, 0.1377952755905511861, 0.1181102362204724532 ) ) ;
#910 = ORIENTED_EDGE ( 'NONE', *, *, #2326, .F. ) ;
#911 = ORIENTED_EDGE ( 'NONE', *, *, #265, .F. ) ;
#912 = ORIENTED_EDGE ( 'NONE', *, *, #873, .F. ) ;
#913 = FACE_OUTER_BOUND ( 'NONE', #1966, .T. ) ;
#914 = EDGE_CURVE ( 'NONE', #2388, #641, #410, .T. ) ;
#915 = LINE ( 'NONE', #1535, #2529 ) ;
#916 = VERTEX_POINT ( 'NONE', #754 ) ;
#917 = ORIENTED_EDGE ( 'NONE', *, *, #3530, .F. ) ;
#918 = CIRCLE ( 'NONE', #2595, 0.007874015748031499423 ) ;
#919 = DIRECTION ( 'NONE',  ( 0.0000000000000000000, 0.0000000000000000000, 1.000000000000000000 ) ) ;
#920 = CARTESIAN_POINT ( 'NONE',  ( 0.1318897637795275746, -0.09578120915254409451, -0.1023622047244094474 ) ) ;
#921 = ORIENTED_EDGE ( 'NONE', *, *, #1936, .T. ) ;
#922 = CARTESIAN_POINT ( 'NONE',  ( -0.08858267716535432601, 0.1496062992125984370, 0.06496062992125983815 ) ) ;
#923 = PLANE ( 'NONE',  #3128 ) ;
#924 = CC_DESIGN_DATE_AND_TIME_ASSIGNMENT ( #113, #2668, ( #3659 ) ) ;
#925 = DIRECTION ( 'NONE',  ( 0.7071067811865479058, -0.7071067811865469066, 0.0000000000000000000 ) ) ;
#926 = DIRECTION ( 'NONE',  ( 0.0000000000000000000, -1.000000000000000000, 0.0000000000000000000 ) ) ;
#927 = CARTESIAN_POINT ( 'NONE',  ( -0.1240157480314960647, -0.09578120915254409451, 0.1023622047244094474 ) ) ;
#928 = CARTESIAN_POINT ( 'NONE',  ( -0.1555118110236220763, 0.003937007874015747977, 0.04921259842519685318 ) ) ;
#929 = ORIENTED_EDGE ( 'NONE', *, *, #3601, .T. ) ;
#930 = EDGE_CURVE ( 'NONE', #2304, #489, #2025, .T. ) ;
#931 = EDGE_LOOP ( 'NONE', ( #1034, #3129, #832, #436 ) ) ;
#932 = DIRECTION ( 'NONE',  ( 0.0000000000000000000, 1.000000000000000000, 0.0000000000000000000 ) ) ;
#933 = ORIENTED_EDGE ( 'NONE', *, *, #658, .T. ) ;
#934 = ORIENTED_EDGE ( 'NONE', *, *, #579, .F. ) ;
#935 = CARTESIAN_POINT ( 'NONE',  ( -0.1181102362204724532, 0.02755905511811023584, 0.1023622047244094474 ) ) ;
#936 = ADVANCED_FACE ( 'NONE', ( #3051 ), #3012, .F. ) ;
#937 = DIRECTION ( 'NONE',  ( 0.0000000000000000000, 0.0000000000000000000, 1.000000000000000000 ) ) ;
#938 = CARTESIAN_POINT ( 'NONE',  ( 0.0000000000000000000, 0.2127358247901673105, 0.06600568946217942601 ) ) ;
#939 = CARTESIAN_POINT ( 'NONE',  ( -0.1318897637795275746, -0.09578120915254409451, 0.1023622047244094474 ) ) ;
#940 = VERTEX_POINT ( 'NONE', #1742 ) ;
#941 = DIRECTION ( 'NONE',  ( -1.000000000000000000, 2.454115839351809943E-16, 0.0000000000000000000 ) ) ;
#942 = DIRECTION ( 'NONE',  ( 0.0000000000000000000, -1.000000000000000000, 0.0000000000000000000 ) ) ;
#943 = ORIENTED_EDGE ( 'NONE', *, *, #1399, .T. ) ;
#944 = ORIENTED_EDGE ( 'NONE', *, *, #2522, .F. ) ;
#945 = CYLINDRICAL_SURFACE ( 'NONE', #3986, 0.02362204724409448092 ) ;
#946 = VECTOR ( 'NONE', #3987, 39.37007874015748143 ) ;
#947 = EDGE_CURVE ( 'NONE', #1550, #1425, #198, .T. ) ;
#948 = DIRECTION ( 'NONE',  ( 0.0000000000000000000, 0.0000000000000000000, 1.000000000000000000 ) ) ;
#949 = EDGE_CURVE ( 'NONE', #3721, #1691, #2707, .T. ) ;
#950 = EDGE_CURVE ( 'NONE', #916, #2012, #2708, .T. ) ;
#951 = PLANE ( 'NONE',  #1256 ) ;
#952 = EDGE_LOOP ( 'NONE', ( #1797, #2879, #238, #2658 ) ) ;
#953 = ORIENTED_EDGE ( 'NONE', *, *, #1697, .T. ) ;
#954 = AXIS2_PLACEMENT_3D ( 'NONE', #2453, #3170, #3778 ) ;
#955 = CARTESIAN_POINT ( 'NONE',  ( 0.1240157480314960647, -0.04201406643800709162, -0.1023622047244094474 ) ) ;
#956 = CYLINDRICAL_SURFACE ( 'NONE', #1912, 0.02362204724409448092 ) ;
#957 = AXIS2_PLACEMENT_3D ( 'NONE', #3064, #1391, #141 ) ;
#958 = AXIS2_PLACEMENT_3D ( 'NONE', #1322, #11, #2295 ) ;
#959 = FACE_OUTER_BOUND ( 'NONE', #4053, .T. ) ;
#960 = CARTESIAN_POINT ( 'NONE',  ( 0.08858267716535432601, 0.1299212598425196763, -0.06496062992125983815 ) ) ;
#961 = EDGE_CURVE ( 'NONE', #368, #4122, #3419, .T. ) ;
#962 = CIRCLE ( 'NONE', #1507, 0.02362204724409448092 ) ;
#963 = CARTESIAN_POINT ( 'NONE',  ( 0.1240157480314960647, -0.1224523058384645591, 0.1023622047244094474 ) ) ;
#964 = AXIS2_PLACEMENT_3D ( 'NONE', #2425, #1171, #4171 ) ;
#965 = CARTESIAN_POINT ( 'NONE',  ( 0.1181102362204724532, 0.03543307086614173179, 0.1023622047244094474 ) ) ;
#966 = VECTOR ( 'NONE', #655, 39.37007874015748854 ) ;
#967 = CARTESIAN_POINT ( 'NONE',  ( -0.1318897637795275746, 0.02755905511811023584, -0.1023622047244094474 ) ) ;
#968 = VECTOR ( 'NONE', #2086, 39.37007874015748143 ) ;
#969 = AXIS2_PLACEMENT_3D ( 'NONE', #424, #2372, #1736 ) ;
#970 =( CONVERSION_BASED_UNIT ( 'INCH', #3917 ) LENGTH_UNIT ( ) NAMED_UNIT ( #3634 ) );
#971 = VERTEX_POINT ( 'NONE', #2150 ) ;
#972 = ORIENTED_EDGE ( 'NONE', *, *, #2875, .F. ) ;
#973 = DIRECTION ( 'NONE',  ( 0.0000000000000000000, 1.000000000000000000, 0.0000000000000000000 ) ) ;
#974 = CARTESIAN_POINT ( 'NONE',  ( 7.601514932771026821E-18, 0.2125984251968504046, -0.06207107990698622346 ) ) ;
#975 = AXIS2_PLACEMENT_3D ( 'NONE', #2185, #926, #2814 ) ;
#976 = CARTESIAN_POINT ( 'NONE',  ( 0.0000000000000000000, 0.2125984251968504046, 0.0000000000000000000 ) ) ;
#977 = ORIENTED_EDGE ( 'NONE', *, *, #1127, .T. ) ;
#978 = ADVANCED_FACE ( 'NONE', ( #2178 ), #1487, .F. ) ;
#979 = DIRECTION ( 'NONE',  ( 0.0000000000000000000, 0.0000000000000000000, -1.000000000000000000 ) ) ;
#980 = EDGE_CURVE ( 'NONE', #271, #3484, #1558, .T. ) ;
#981 = LINE ( 'NONE', #1964, #1846 ) ;
#982 = VECTOR ( 'NONE', #3296, 39.37007874015748143 ) ;
#983 = VERTEX_POINT ( 'NONE', #2422 ) ;
#984 = EDGE_CURVE ( 'NONE', #4175, #1452, #2772, .T. ) ;
#985 = CARTESIAN_POINT ( 'NONE',  ( 0.1240157480314960647, 0.02755905511811023584, -0.07480314960629921850 ) ) ;
#986 = LINE ( 'NONE', #2259, #2857 ) ;
#987 = DIRECTION ( 'NONE',  ( 0.0000000000000000000, 0.0000000000000000000, -1.000000000000000000 ) ) ;
#988 = PLANE ( 'NONE',  #2579 ) ;
#989 = EDGE_CURVE ( 'NONE', #3473, #1536, #1231, .T. ) ;
#990 = DIRECTION ( 'NONE',  ( 0.0000000000000000000, 0.0000000000000000000, -1.000000000000000000 ) ) ;
#991 = ORIENTED_EDGE ( 'NONE', *, *, #2915, .T. ) ;
#992 = ORIENTED_EDGE ( 'NONE', *, *, #2549, .T. ) ;
#993 = ORIENTED_EDGE ( 'NONE', *, *, #1867, .F. ) ;
#994 = FACE_OUTER_BOUND ( 'NONE', #1570, .T. ) ;
#995 = DIRECTION ( 'NONE',  ( 0.0000000000000000000, 0.0000000000000000000, -1.000000000000000000 ) ) ;
#996 = CARTESIAN_POINT ( 'NONE',  ( 0.1240157480314960647, -0.1377952755905511861, -0.1023622047244094474 ) ) ;
#997 = ORIENTED_EDGE ( 'NONE', *, *, #3562, .F. ) ;
#998 = EDGE_LOOP ( 'NONE', ( #3789, #3425, #2576, #1093 ) ) ;
#999 = PLANE ( 'NONE',  #1712 ) ;
#1000 = LINE ( 'NONE', #1317, #1583 ) ;
#1001 = ORIENTED_EDGE ( 'NONE', *, *, #1837, .T. ) ;
#1002 = CARTESIAN_POINT ( 'NONE',  ( -0.1181102362204724532, 0.1299212598425196763, 0.1122047244094488277 ) ) ;
#1003 = LINE ( 'NONE', #672, #467 ) ;
#1004 = VECTOR ( 'NONE', #3410, 39.37007874015748854 ) ;
#1005 = ADVANCED_FACE ( 'NONE', ( #1874 ), #4099, .T. ) ;
#1006 = EDGE_CURVE ( 'NONE', #300, #4162, #3969, .T. ) ;
#1007 = LINE ( 'NONE', #1305, #2643 ) ;
#1008 = DIRECTION ( 'NONE',  ( -0.7071067811865469066, -0.7071067811865479058, 0.0000000000000000000 ) ) ;
#1009 = ORIENTED_EDGE ( 'NONE', *, *, #612, .F. ) ;
#1010 = VERTEX_POINT ( 'NONE', #4126 ) ;
#1011 = DIRECTION ( 'NONE',  ( 1.000000000000000000, 0.0000000000000000000, 0.0000000000000000000 ) ) ;
#1012 = CARTESIAN_POINT ( 'NONE',  ( 0.1240157480314960647, 0.02755905511811023584, 0.1023622047244094474 ) ) ;
#1013 = ORIENTED_EDGE ( 'NONE', *, *, #3076, .F. ) ;
#1014 = DIRECTION ( 'NONE',  ( -0.0000000000000000000, 0.4999999999999995004, 0.8660254037844390407 ) ) ;
#1015 = ORIENTED_EDGE ( 'NONE', *, *, #3527, .T. ) ;
#1016 = DIRECTION ( 'NONE',  ( 0.0000000000000000000, 0.0000000000000000000, 1.000000000000000000 ) ) ;
#1017 = VECTOR ( 'NONE', #2761, 39.37007874015748143 ) ;
#1018 = CARTESIAN_POINT ( 'NONE',  ( 0.1532055652061933004, -0.06332986786467284523, 0.1023622047244094474 ) ) ;
#1019 = VECTOR ( 'NONE', #990, 39.37007874015748143 ) ;
#1020 = EDGE_CURVE ( 'NONE', #3965, #3492, #501, .T. ) ;
#1021 = DIRECTION ( 'NONE',  ( 0.0000000000000000000, 0.0000000000000000000, -1.000000000000000000 ) ) ;
#1022 = DIRECTION ( 'NONE',  ( 0.0000000000000000000, 1.000000000000000000, 0.0000000000000000000 ) ) ;
#1023 = ADVANCED_FACE ( 'NONE', ( #1804 ), #1782, .T. ) ;
#1024 = VECTOR ( 'NONE', #1694, 39.37007874015748143 ) ;
#1025 = EDGE_LOOP ( 'NONE', ( #2813, #1641, #2078, #2407 ) ) ;
#1026 = AXIS2_PLACEMENT_3D ( 'NONE', #2913, #1341, #617 ) ;
#1027 = VERTEX_POINT ( 'NONE', #3464 ) ;
#1028 = AXIS2_PLACEMENT_3D ( 'NONE', #3093, #3388, #816 ) ;
#1029 = EDGE_LOOP ( 'NONE', ( #376, #2247, #3048, #37 ) ) ;
#1030 = PLANE ( 'NONE',  #2785 ) ;
#1031 = DIRECTION ( 'NONE',  ( 1.000000000000000000, -0.0000000000000000000, 1.224646799147353207E-16 ) ) ;
#1032 = CIRCLE ( 'NONE', #278, 0.007874015748031499423 ) ;
#1033 = AXIS2_PLACEMENT_3D ( 'NONE', #1059, #3584, #1895 ) ;
#1034 = ORIENTED_EDGE ( 'NONE', *, *, #2841, .F. ) ;
#1035 = VERTEX_POINT ( 'NONE', #1515 ) ;
#1036 = CARTESIAN_POINT ( 'NONE',  ( 0.1240157480314960647, -0.09578120915254409451, 0.07480314960629921850 ) ) ;
#1037 = VECTOR ( 'NONE', #605, 39.37007874015748143 ) ;
#1038 = EDGE_CURVE ( 'NONE', #1333, #802, #3441, .T. ) ;
#1039 = CARTESIAN_POINT ( 'NONE',  ( 0.1476377952755905387, -0.06889763779527559306, -0.1023622047244094474 ) ) ;
#1040 = VERTEX_POINT ( 'NONE', #849 ) ;
#1041 = CARTESIAN_POINT ( 'NONE',  ( 0.1555118110236220208, -0.06889763779527559306, 0.07480314960629921850 ) ) ;
#1042 = FACE_OUTER_BOUND ( 'NONE', #3720, .T. ) ;
#1043 = AXIS2_PLACEMENT_3D ( 'NONE', #344, #1656, #1944 ) ;
#1044 = DIRECTION ( 'NONE',  ( 1.000000000000000000, 0.0000000000000000000, 0.0000000000000000000 ) ) ;
#1045 = CYLINDRICAL_SURFACE ( 'NONE', #1693, 0.007874015748031466463 ) ;
#1046 = APPROVAL ( #761, 'UNSPECIFIED' ) ;
#1047 = PERSON_AND_ORGANIZATION_ROLE ( 'creator' ) ;
#1048 = ORIENTED_EDGE ( 'NONE', *, *, #3536, .T. ) ;
#1049 = ORIENTED_EDGE ( 'NONE', *, *, #4067, .F. ) ;
#1050 = ORIENTED_EDGE ( 'NONE', *, *, #263, .T. ) ;
#1051 = DIRECTION ( 'NONE',  ( 0.0000000000000000000, 0.0000000000000000000, -1.000000000000000000 ) ) ;
#1052 = LINE ( 'NONE', #723, #4049 ) ;
#1053 = DIRECTION ( 'NONE',  ( 0.0000000000000000000, 0.0000000000000000000, -1.000000000000000000 ) ) ;
#1054 = EDGE_CURVE ( 'NONE', #983, #2856, #2094, .T. ) ;
#1055 = DIRECTION ( 'NONE',  ( 0.0000000000000000000, -1.000000000000000000, 0.0000000000000000000 ) ) ;
#1056 = CYLINDRICAL_SURFACE ( 'NONE', #545, 0.02362204724409448092 ) ;
#1057 = EDGE_CURVE ( 'NONE', #3671, #4087, #249, .T. ) ;
#1058 = ORIENTED_EDGE ( 'NONE', *, *, #1806, .F. ) ;
#1059 = CARTESIAN_POINT ( 'NONE',  ( -0.1318897637795275746, 0.02755905511811023584, -0.1023622047244094474 ) ) ;
#1060 = CARTESIAN_POINT ( 'NONE',  ( -0.1555118110236220208, -0.06889763779527559306, 0.1023622047244094474 ) ) ;
#1061 = CARTESIAN_POINT ( 'NONE',  ( -0.1181102362204724532, 0.003937007874015747977, 0.04921259842519685318 ) ) ;
#1062 = LINE ( 'NONE', #1699, #1914 ) ;
#1063 = CALENDAR_DATE ( 2021, 18, 12 ) ;
#1064 = ORIENTED_EDGE ( 'NONE', *, *, #1595, .T. ) ;
#1065 = ORIENTED_EDGE ( 'NONE', *, *, #1266, .T. ) ;
#1066 = CARTESIAN_POINT ( 'NONE',  ( 0.0000000000000000000, 0.1299212598425196763, 0.06889763779527559306 ) ) ;
#1067 = DIRECTION ( 'NONE',  ( 0.0000000000000000000, 1.000000000000000000, 0.0000000000000000000 ) ) ;
#1068 = VERTEX_POINT ( 'NONE', #3775 ) ;
#1069 = EDGE_LOOP ( 'NONE', ( #375, #1901, #1270, #2823, #209, #649, #3180, #3731 ) ) ;
#1070 = PLANE ( 'NONE',  #406 ) ;
#1071 = ADVANCED_FACE ( 'NONE', ( #175 ), #3078, .T. ) ;
#1072 = DIRECTION ( 'NONE',  ( 0.0000000000000000000, 0.0000000000000000000, -1.000000000000000000 ) ) ;
#1073 = ADVANCED_FACE ( 'NONE', ( #152 ), #1464, .F. ) ;
#1074 = LINE ( 'NONE', #2348, #1986 ) ;
#1075 = EDGE_LOOP ( 'NONE', ( #4241, #3835, #1255, #2800 ) ) ;
#1076 = FACE_OUTER_BOUND ( 'NONE', #401, .T. ) ;
#1077 = DIRECTION ( 'NONE',  ( 1.000000000000000000, 0.0000000000000000000, 0.0000000000000000000 ) ) ;
#1078 = DIRECTION ( 'NONE',  ( 0.0000000000000000000, 0.0000000000000000000, 1.000000000000000000 ) ) ;
#1079 = DIRECTION ( 'NONE',  ( 1.445602896647339903E-16, 0.0000000000000000000, 1.000000000000000000 ) ) ;
#1080 = FACE_OUTER_BOUND ( 'NONE', #3432, .T. ) ;
#1081 = EDGE_CURVE ( 'NONE', #3120, #3130, #521, .T. ) ;
#1082 = VECTOR ( 'NONE', #3661, 39.37007874015748143 ) ;
#1083 = CARTESIAN_POINT ( 'NONE',  ( 0.0000000000000000000, 0.0000000000000000000, 0.0000000000000000000 ) ) ;
#1084 = ORIENTED_EDGE ( 'NONE', *, *, #989, .F. ) ;
#1085 = ORIENTED_EDGE ( 'NONE', *, *, #1887, .T. ) ;
#1086 = ORIENTED_EDGE ( 'NONE', *, *, #3471, .F. ) ;
#1087 = VECTOR ( 'NONE', #1856, 39.37007874015748143 ) ;
#1088 = DIRECTION ( 'NONE',  ( -1.000000000000000000, 0.0000000000000000000, 0.0000000000000000000 ) ) ;
#1089 = VECTOR ( 'NONE', #2408, 39.37007874015748143 ) ;
#1090 = VECTOR ( 'NONE', #1184, 39.37007874015748143 ) ;
#1091 = CARTESIAN_POINT ( 'NONE',  ( 8.083365632537220530E-18, 0.2127358247901673105, -0.06600568946217942601 ) ) ;
#1092 = ORIENTED_EDGE ( 'NONE', *, *, #28, .F. ) ;
#1093 = ORIENTED_EDGE ( 'NONE', *, *, #3928, .F. ) ;
#1094 = AXIS2_PLACEMENT_3D ( 'NONE', #3371, #3034, #2648 ) ;
#1095 = AXIS2_PLACEMENT_3D ( 'NONE', #1252, #1904, #948 ) ;
#1096 = LINE ( 'NONE', #3698, #3681 ) ;
#1097 = EDGE_CURVE ( 'NONE', #3643, #2978, #2887, .T. ) ;
#1098 = DIRECTION ( 'NONE',  ( 0.0000000000000000000, 0.0000000000000000000, 1.000000000000000000 ) ) ;
#1099 = CIRCLE ( 'NONE', #3333, 0.02362204724409448092 ) ;
#1100 = ORIENTED_EDGE ( 'NONE', *, *, #682, .T. ) ;
#1101 = EDGE_CURVE ( 'NONE', #350, #2554, #2558, .T. ) ;
#1102 = CARTESIAN_POINT ( 'NONE',  ( 0.1240157480314960647, -0.09578120915254409451, 0.1023622047244094474 ) ) ;
#1103 = CARTESIAN_POINT ( 'NONE',  ( 0.08858267716535432601, 0.1377952755905511861, -0.08858267716535432601 ) ) ;
#1104 = DIRECTION ( 'NONE',  ( 1.000000000000000000, 0.0000000000000000000, 0.0000000000000000000 ) ) ;
#1105 = CIRCLE ( 'NONE', #3493, 0.007874015748031499423 ) ;
#1106 = EDGE_CURVE ( 'NONE', #2351, #1629, #2272, .T. ) ;
#1107 = DIRECTION ( 'NONE',  ( -1.000000000000000000, 0.0000000000000000000, 0.0000000000000000000 ) ) ;
#1108 = LINE ( 'NONE', #760, #3259 ) ;
#1109 = APPROVAL_ROLE ( '' ) ;
#1110 = ORIENTED_EDGE ( 'NONE', *, *, #382, .T. ) ;
#1111 = VECTOR ( 'NONE', #4125, 39.37007874015748143 ) ;
#1112 = EDGE_CURVE ( 'NONE', #2127, #3084, #1258, .T. ) ;
#1113 = ORIENTED_EDGE ( 'NONE', *, *, #3339, .T. ) ;
#1114 = VERTEX_POINT ( 'NONE', #1891 ) ;
#1115 = CARTESIAN_POINT ( 'NONE',  ( 0.0000000000000000000, 0.2165354330708661457, 0.0000000000000000000 ) ) ;
#1116 = CARTESIAN_POINT ( 'NONE',  ( 0.1318897637795275746, -0.04201406643800709162, 0.1023622047244094474 ) ) ;
#1117 = ORIENTED_EDGE ( 'NONE', *, *, #1936, .F. ) ;
#1118 = DIRECTION ( 'NONE',  ( -0.7071067811865469066, -0.7071067811865479058, 0.0000000000000000000 ) ) ;
#1119 = ORIENTED_EDGE ( 'NONE', *, *, #4243, .F. ) ;
#1120 = VERTEX_POINT ( 'NONE', #3535 ) ;
#1121 = DIRECTION ( 'NONE',  ( 0.0000000000000000000, 0.0000000000000000000, 1.000000000000000000 ) ) ;
#1122 = CARTESIAN_POINT ( 'NONE',  ( 0.1532055652061933004, -0.07446540772587834089, 0.1023622047244094474 ) ) ;
#1123 = LINE ( 'NONE', #2358, #616 ) ;
#1124 = EDGE_CURVE ( 'NONE', #94, #1389, #1000, .T. ) ;
#1125 = LINE ( 'NONE', #2403, #2569 ) ;
#1126 = EDGE_CURVE ( 'NONE', #1389, #1740, #981, .T. ) ;
#1127 = EDGE_CURVE ( 'NONE', #3094, #3300, #3883, .T. ) ;
#1128 = APPROVAL_DATE_TIME ( #736, #1358 ) ;
#1129 = VERTEX_POINT ( 'NONE', #2601 ) ;
#1130 = EDGE_LOOP ( 'NONE', ( #3576, #2784, #3115, #3735, #2645, #827 ) ) ;
#1131 = VERTEX_POINT ( 'NONE', #3189 ) ;
#1132 = DIRECTION ( 'NONE',  ( 0.0000000000000000000, 0.0000000000000000000, 1.000000000000000000 ) ) ;
#1133 = DIRECTION ( 'NONE',  ( 0.0000000000000000000, 1.000000000000000000, 0.0000000000000000000 ) ) ;
#1134 = DIRECTION ( 'NONE',  ( -2.454115839351809943E-16, -1.000000000000000000, 0.0000000000000000000 ) ) ;
#1135 = VERTEX_POINT ( 'NONE', #3210 ) ;
#1136 = CARTESIAN_POINT ( 'NONE',  ( -0.1318897637795275746, -0.04201406643800709162, -0.1023622047244094474 ) ) ;
#1137 = CARTESIAN_POINT ( 'NONE',  ( 0.1240157480314960647, 0.03543307086614173179, 0.07480314960629921850 ) ) ;
#1138 = DIRECTION ( 'NONE',  ( 1.000000000000000000, 0.0000000000000000000, 0.0000000000000000000 ) ) ;
#1139 = ORIENTED_EDGE ( 'NONE', *, *, #3241, .F. ) ;
#1140 = CARTESIAN_POINT ( 'NONE',  ( -0.1122047244094488277, 0.0000000000000000000, 0.1181102362204724532 ) ) ;
#1141 = LINE ( 'NONE', #1825, #968 ) ;
#1142 = DIRECTION ( 'NONE',  ( -1.000000000000000000, 0.0000000000000000000, 0.0000000000000000000 ) ) ;
#1143 = DIRECTION ( 'NONE',  ( -1.000000000000000000, 2.454115839351809943E-16, 0.0000000000000000000 ) ) ;
#1144 = DIRECTION ( 'NONE',  ( -4.063888932435259910E-16, 1.000000000000000000, 0.0000000000000000000 ) ) ;
#1145 = ADVANCED_FACE ( 'NONE', ( #290 ), #956, .T. ) ;
#1146 = ORIENTED_EDGE ( 'NONE', *, *, #2434, .T. ) ;
#1147 = ORIENTED_EDGE ( 'NONE', *, *, #2496, .T. ) ;
#1148 = CARTESIAN_POINT ( 'NONE',  ( -0.1318897637795275746, -0.1377952755905511861, -0.08366141732283464971 ) ) ;
#1149 = DIRECTION ( 'NONE',  ( 0.0000000000000000000, 0.0000000000000000000, 1.000000000000000000 ) ) ;
#1150 = EDGE_CURVE ( 'NONE', #3447, #4160, #3593, .T. ) ;
#1151 = PLANE ( 'NONE',  #3050 ) ;
#1152 = VECTOR ( 'NONE', #2120, 39.37007874015748143 ) ;
#1153 = CARTESIAN_POINT ( 'NONE',  ( 0.1318897637795275746, 0.02755905511811023584, -0.07480314960629921850 ) ) ;
#1154 = ORIENTED_EDGE ( 'NONE', *, *, #2104, .T. ) ;
#1155 = VERTEX_POINT ( 'NONE', #2044 ) ;
#1156 = AXIS2_PLACEMENT_3D ( 'NONE', #1445, #2730, #3350 ) ;
#1157 = FACE_OUTER_BOUND ( 'NONE', #2531, .T. ) ;
#1158 = CARTESIAN_POINT ( 'NONE',  ( 0.1318897637795275746, -0.04201406643800709162, -0.07480314960629921850 ) ) ;
#1159 = VECTOR ( 'NONE', #2312, 39.37007874015748143 ) ;
#1160 = ORIENTED_EDGE ( 'NONE', *, *, #3087, .F. ) ;
#1161 = ORIENTED_EDGE ( 'NONE', *, *, #3327, .T. ) ;
#1162 = VECTOR ( 'NONE', #2180, 39.37007874015748143 ) ;
#1163 = DIRECTION ( 'NONE',  ( -1.000000000000000000, 0.0000000000000000000, 0.0000000000000000000 ) ) ;
#1164 = EDGE_CURVE ( 'NONE', #1871, #2830, #123, .T. ) ;
#1165 = TOROIDAL_SURFACE ( 'NONE', #4182, 0.06207107990698622346, 0.003937007874015747977 ) ;
#1166 = LINE ( 'NONE', #197, #1111 ) ;
#1167 = DIRECTION ( 'NONE',  ( -1.000000000000000000, 0.0000000000000000000, 0.0000000000000000000 ) ) ;
#1168 = AXIS2_PLACEMENT_3D ( 'NONE', #1380, #2316, #89 ) ;
#1169 = VECTOR ( 'NONE', #3766, 39.37007874015748143 ) ;
#1170 = LINE ( 'NONE', #4168, #800 ) ;
#1171 = DIRECTION ( 'NONE',  ( 0.0000000000000000000, -1.000000000000000000, 0.0000000000000000000 ) ) ;
#1172 = CIRCLE ( 'NONE', #2448, 0.007874015748031499423 ) ;
#1173 = DIRECTION ( 'NONE',  ( 0.0000000000000000000, -1.000000000000000000, 0.0000000000000000000 ) ) ;
#1174 = ORIENTED_EDGE ( 'NONE', *, *, #3021, .F. ) ;
#1175 = ORIENTED_EDGE ( 'NONE', *, *, #2465, .T. ) ;
#1176 = FACE_OUTER_BOUND ( 'NONE', #3412, .T. ) ;
#1177 = EDGE_LOOP ( 'NONE', ( #1227, #2146, #2739, #2011 ) ) ;
#1178 = LINE ( 'NONE', #254, #2998 ) ;
#1179 = DIRECTION ( 'NONE',  ( 0.0000000000000000000, 1.000000000000000000, 0.0000000000000000000 ) ) ;
#1180 = CIRCLE ( 'NONE', #1603, 0.005905511811023620231 ) ;
#1181 = CARTESIAN_POINT ( 'NONE',  ( -0.1181102362204724532, 0.1377952755905511861, -0.1181102362204724532 ) ) ;
#1182 = VERTEX_POINT ( 'NONE', #4009 ) ;
#1183 = EDGE_CURVE ( 'NONE', #701, #4175, #2432, .T. ) ;
#1184 = DIRECTION ( 'NONE',  ( -4.063888932435259910E-16, -1.000000000000000000, 0.0000000000000000000 ) ) ;
#1185 = EDGE_CURVE ( 'NONE', #3186, #2304, #1353, .T. ) ;
#1186 = PLANE ( 'NONE',  #2975 ) ;
#1187 = ORIENTED_EDGE ( 'NONE', *, *, #122, .F. ) ;
#1188 = ORIENTED_EDGE ( 'NONE', *, *, #3148, .F. ) ;
#1189 = CARTESIAN_POINT ( 'NONE',  ( -0.1263219938489248129, -0.09021343922194134668, 0.1023622047244094474 ) ) ;
#1190 = CARTESIAN_POINT ( 'NONE',  ( -0.1318897637795275746, 0.02755905511811023584, -0.07480314960629921850 ) ) ;
#1191 = DIRECTION ( 'NONE',  ( 0.7071067811865469066, -0.7071067811865479058, 0.0000000000000000000 ) ) ;
#1192 = CARTESIAN_POINT ( 'NONE',  ( 0.1181102362204724532, 0.1299212598425196763, -0.1122047244094488277 ) ) ;
#1193 = DIRECTION ( 'NONE',  ( 0.0000000000000000000, 0.0000000000000000000, -1.000000000000000000 ) ) ;
#1194 = DIRECTION ( 'NONE',  ( 1.000000000000000000, 0.0000000000000000000, 0.0000000000000000000 ) ) ;
#1195 = ORIENTED_EDGE ( 'NONE', *, *, #510, .F. ) ;
#1196 = ORIENTED_EDGE ( 'NONE', *, *, #1006, .T. ) ;
#1197 = DIRECTION ( 'NONE',  ( 0.0000000000000000000, 1.000000000000000000, 0.0000000000000000000 ) ) ;
#1198 = ORIENTED_EDGE ( 'NONE', *, *, #633, .T. ) ;
#1199 = LINE ( 'NONE', #1546, #3477 ) ;
#1200 = FACE_BOUND ( 'NONE', #2269, .T. ) ;
#1201 = LINE ( 'NONE', #2484, #1551 ) ;
#1202 = ORIENTED_EDGE ( 'NONE', *, *, #3099, .T. ) ;
#1203 = PLANE ( 'NONE',  #552 ) ;
#1204 = VECTOR ( 'NONE', #3455, 39.37007874015748854 ) ;
#1205 = LINE ( 'NONE', #1534, #2171 ) ;
#1206 = CARTESIAN_POINT ( 'NONE',  ( 0.08858267716535432601, 0.1377952755905511861, -0.06496062992125983815 ) ) ;
#1207 = ORIENTED_EDGE ( 'NONE', *, *, #3582, .F. ) ;
#1208 = EDGE_LOOP ( 'NONE', ( #866, #363 ) ) ;
#1209 = ADVANCED_FACE ( 'NONE', ( #693 ), #2680, .T. ) ;
#1210 = PLANE ( 'NONE',  #1377 ) ;
#1211 = EDGE_CURVE ( 'NONE', #1426, #1027, #2063, .T. ) ;
#1212 = CARTESIAN_POINT ( 'NONE',  ( -0.1181102362204724532, 0.1377952755905511861, 0.1122047244094488277 ) ) ;
#1213 = CARTESIAN_POINT ( 'NONE',  ( 0.1318897637795275746, 0.02755905511811023584, -0.1023622047244094474 ) ) ;
#1214 = CARTESIAN_POINT ( 'NONE',  ( 0.1122047244094488277, 0.1377952755905511861, 0.1122047244094488277 ) ) ;
#1215 = DIRECTION ( 'NONE',  ( 0.0000000000000000000, 0.0000000000000000000, 1.000000000000000000 ) ) ;
#1216 = ORIENTED_EDGE ( 'NONE', *, *, #607, .F. ) ;
#1217 = DIRECTION ( 'NONE',  ( 0.0000000000000000000, 1.000000000000000000, 0.0000000000000000000 ) ) ;
#1218 = FACE_OUTER_BOUND ( 'NONE', #4190, .T. ) ;
#1219 = EDGE_CURVE ( 'NONE', #1536, #300, #1395, .T. ) ;
#1220 = CARTESIAN_POINT ( 'NONE',  ( 0.1318897637795275746, -0.09578120915254409451, -0.07480314960629921850 ) ) ;
#1221 = AXIS2_PLACEMENT_3D ( 'NONE', #1253, #193, #4119 ) ;
#1222 = LINE ( 'NONE', #3483, #1473 ) ;
#1223 = ORIENTED_EDGE ( 'NONE', *, *, #3213, .T. ) ;
#1224 = CARTESIAN_POINT ( 'NONE',  ( -0.1181102362204724532, 0.1299212598425196763, 0.04921259842519685318 ) ) ;
#1225 = AXIS2_PLACEMENT_3D ( 'NONE', #3358, #98, #4001 ) ;
#1226 = DIRECTION ( 'NONE',  ( -1.000000000000000000, 0.0000000000000000000, 0.0000000000000000000 ) ) ;
#1227 = ORIENTED_EDGE ( 'NONE', *, *, #707, .F. ) ;
#1228 = ORIENTED_EDGE ( 'NONE', *, *, #2234, .T. ) ;
#1229 = CYLINDRICAL_SURFACE ( 'NONE', #905, 0.007874015748031499423 ) ;
#1230 = VECTOR ( 'NONE', #2936, 39.37007874015748143 ) ;
#1231 = LINE ( 'NONE', #3816, #3200 ) ;
#1232 = CC_DESIGN_PERSON_AND_ORGANIZATION_ASSIGNMENT ( #2999, #2320, ( #2277 ) ) ;
#1233 = AXIS2_PLACEMENT_3D ( 'NONE', #1916, #1321, #937 ) ;
#1234 = ADVANCED_FACE ( 'NONE', ( #86 ), #3616, .F. ) ;
#1235 = AXIS2_PLACEMENT_3D ( 'NONE', #712, #2374, #2000 ) ;
#1236 = DIRECTION ( 'NONE',  ( 0.0000000000000000000, 0.0000000000000000000, -1.000000000000000000 ) ) ;
#1237 = DIRECTION ( 'NONE',  ( 1.000000000000000000, 0.0000000000000000000, 0.0000000000000000000 ) ) ;
#1238 = VECTOR ( 'NONE', #1016, 39.37007874015748143 ) ;
#1239 = VECTOR ( 'NONE', #1442, 39.37007874015748143 ) ;
#1240 = ADVANCED_FACE ( 'NONE', ( #3364 ), #399, .T. ) ;
#1241 = ORIENTED_EDGE ( 'NONE', *, *, #651, .T. ) ;
#1242 = VECTOR ( 'NONE', #3736, 39.37007874015748143 ) ;
#1243 = CARTESIAN_POINT ( 'NONE',  ( 0.1318897637795275746, -0.04201406643800709162, -0.1023622047244094474 ) ) ;
#1244 = DIRECTION ( 'NONE',  ( 0.0000000000000000000, -1.000000000000000000, 0.0000000000000000000 ) ) ;
#1245 = FACE_BOUND ( 'NONE', #1614, .T. ) ;
#1246 = EDGE_CURVE ( 'NONE', #3632, #1523, #1690, .T. ) ;
#1247 = LINE ( 'NONE', #928, #1677 ) ;
#1248 = ORIENTED_EDGE ( 'NONE', *, *, #523, .F. ) ;
#1249 = ORIENTED_EDGE ( 'NONE', *, *, #3539, .F. ) ;
#1250 = ORIENTED_EDGE ( 'NONE', *, *, #4194, .F. ) ;
#1251 = CARTESIAN_POINT ( 'NONE',  ( 0.08858267716535432601, 0.1299212598425196763, -0.06496062992125983815 ) ) ;
#1252 = CARTESIAN_POINT ( 'NONE',  ( 0.0000000000000000000, 0.1377952755905511861, 0.0000000000000000000 ) ) ;
#1253 = CARTESIAN_POINT ( 'NONE',  ( 0.1122047244094488277, 0.1377952755905511861, 0.1122047244094488277 ) ) ;
#1254 = ORIENTED_EDGE ( 'NONE', *, *, #413, .F. ) ;
#1255 = ORIENTED_EDGE ( 'NONE', *, *, #1443, .F. ) ;
#1256 = AXIS2_PLACEMENT_3D ( 'NONE', #3858, #2210, #2490 ) ;
#1257 = CARTESIAN_POINT ( 'NONE',  ( 0.08858267716535432601, 0.1496062992125984370, -0.08858267716535432601 ) ) ;
#1258 = LINE ( 'NONE', #3947, #2028 ) ;
#1259 = LINE ( 'NONE', #3949, #470 ) ;
#1260 = DIRECTION ( 'NONE',  ( -0.7071067811865480168, -0.7071067811865470176, 0.0000000000000000000 ) ) ;
#1261 = EDGE_CURVE ( 'NONE', #2166, #1716, #962, .T. ) ;
#1262 = DIRECTION ( 'NONE',  ( 0.0000000000000000000, 0.0000000000000000000, 1.000000000000000000 ) ) ;
#1263 = ORIENTED_EDGE ( 'NONE', *, *, #2700, .F. ) ;
#1264 = DIRECTION ( 'NONE',  ( 0.0000000000000000000, -1.000000000000000000, 0.0000000000000000000 ) ) ;
#1265 = CARTESIAN_POINT ( 'NONE',  ( 0.1181102362204724532, 0.02755905511811023584, -0.1023622047244094474 ) ) ;
#1266 = EDGE_CURVE ( 'NONE', #3233, #1412, #2725, .T. ) ;
#1267 = CARTESIAN_POINT ( 'NONE',  ( -0.1122047244094488277, 0.1299212598425196763, -0.1181102362204724532 ) ) ;
#1268 = EDGE_LOOP ( 'NONE', ( #3866, #2160, #164, #1085 ) ) ;
#1269 = ORIENTED_EDGE ( 'NONE', *, *, #3074, .T. ) ;
#1270 = ORIENTED_EDGE ( 'NONE', *, *, #1911, .F. ) ;
#1271 = CARTESIAN_POINT ( 'NONE',  ( -0.1263219938489248129, -0.09021343922194134668, -0.1023622047244094474 ) ) ;
#1272 = CARTESIAN_POINT ( 'NONE',  ( -0.1181102362204724532, 0.03543307086614173179, 0.07480314960629921850 ) ) ;
#1273 = FACE_OUTER_BOUND ( 'NONE', #952, .T. ) ;
#1274 = ORIENTED_EDGE ( 'NONE', *, *, #1831, .T. ) ;
#1275 = PLANE ( 'NONE',  #3209 ) ;
#1276 = EDGE_CURVE ( 'NONE', #3187, #590, #2985, .T. ) ;
#1277 = DIRECTION ( 'NONE',  ( 0.0000000000000000000, -1.000000000000000000, 0.0000000000000000000 ) ) ;
#1278 = CARTESIAN_POINT ( 'NONE',  ( 0.1240157480314960647, -0.1224523058384645591, 0.07480314960629921850 ) ) ;
#1279 = CARTESIAN_POINT ( 'NONE',  ( -0.1318897637795275746, -0.1024489833240242176, -0.1139111283628084642 ) ) ;
#1280 = VERTEX_POINT ( 'NONE', #3026 ) ;
#1281 = DIRECTION ( 'NONE',  ( 1.000000000000000000, -4.063888932435259910E-16, 0.0000000000000000000 ) ) ;
#1282 = DIRECTION ( 'NONE',  ( 0.0000000000000000000, 0.0000000000000000000, 1.000000000000000000 ) ) ;
#1283 = CARTESIAN_POINT ( 'NONE',  ( 0.1476377952755905387, -0.06889763779527559306, -0.1023622047244094474 ) ) ;
#1284 = CC_DESIGN_PERSON_AND_ORGANIZATION_ASSIGNMENT ( #93, #1047, ( #3558 ) ) ;
#1285 = CARTESIAN_POINT ( 'NONE',  ( 0.0000000000000000000, 0.1299212598425196763, 0.0000000000000000000 ) ) ;
#1286 = EDGE_CURVE ( 'NONE', #1923, #2100, #2580, .T. ) ;
#1287 = EDGE_LOOP ( 'NONE', ( #953, #3896, #2716, #614 ) ) ;
#1288 = VERTEX_POINT ( 'NONE', #3302 ) ;
#1289 = DIRECTION ( 'NONE',  ( 1.000000000000000000, 0.0000000000000000000, 0.0000000000000000000 ) ) ;
#1290 = CARTESIAN_POINT ( 'NONE',  ( 0.1122047244094488277, 0.1299212598425196763, -0.1181102362204724532 ) ) ;
#1291 = DIRECTION ( 'NONE',  ( -1.000000000000000000, 2.454115839351809943E-16, 0.0000000000000000000 ) ) ;
#1292 = ORIENTED_EDGE ( 'NONE', *, *, #3281, .T. ) ;
#1293 = VERTEX_POINT ( 'NONE', #64 ) ;
#1294 = CARTESIAN_POINT ( 'NONE',  ( 0.1240157480314960647, 0.03543307086614173179, 0.1023622047244094474 ) ) ;
#1295 = VECTOR ( 'NONE', #2186, 39.37007874015748143 ) ;
#1296 = ADVANCED_FACE ( 'NONE', ( #3991 ), #1056, .T. ) ;
#1297 = ORIENTED_EDGE ( 'NONE', *, *, #2844, .F. ) ;
#1298 = AXIS2_PLACEMENT_3D ( 'NONE', #473, #3324, #3658 ) ;
#1299 = DIRECTION ( 'NONE',  ( 0.0000000000000000000, 0.0000000000000000000, 1.000000000000000000 ) ) ;
#1300 = DIRECTION ( 'NONE',  ( 1.000000000000000000, 0.0000000000000000000, 0.0000000000000000000 ) ) ;
#1301 = CIRCLE ( 'NONE', #3134, 0.02362204724409448092 ) ;
#1302 = AXIS2_PLACEMENT_3D ( 'NONE', #542, #3496, #1851 ) ;
#1303 = CARTESIAN_POINT ( 'NONE',  ( 0.1318897637795275746, -0.04201406643800709162, 0.1023622047244094474 ) ) ;
#1304 = VECTOR ( 'NONE', #3330, 39.37007874015748143 ) ;
#1305 = CARTESIAN_POINT ( 'NONE',  ( -0.1318897637795275746, -0.04201406643800709162, -0.07480314960629921850 ) ) ;
#1306 = CIRCLE ( 'NONE', #1850, 0.02362204724409448092 ) ;
#1307 = LINE ( 'NONE', #1952, #1019 ) ;
#1308 = CIRCLE ( 'NONE', #1852, 0.02362204724409448092 ) ;
#1309 = ORIENTED_EDGE ( 'NONE', *, *, #2201, .F. ) ;
#1310 = EDGE_LOOP ( 'NONE', ( #35, #787, #689, #1350 ) ) ;
#1311 = CARTESIAN_POINT ( 'NONE',  ( -0.1555118110236220763, -0.1377952755905511861, 0.09350393700787401619 ) ) ;
#1312 = DIRECTION ( 'NONE',  ( 0.0000000000000000000, 1.000000000000000000, 0.0000000000000000000 ) ) ;
#1313 = ORIENTED_EDGE ( 'NONE', *, *, #2104, .F. ) ;
#1314 = ORIENTED_EDGE ( 'NONE', *, *, #558, .F. ) ;
#1315 = CARTESIAN_POINT ( 'NONE',  ( 0.1240157480314960647, -0.1024489833240242176, 0.1139111283628084642 ) ) ;
#1316 = EDGE_CURVE ( 'NONE', #3154, #727, #1738, .T. ) ;
#1317 = CARTESIAN_POINT ( 'NONE',  ( 0.1181102362204724532, 0.02755905511811023584, 0.1023622047244094474 ) ) ;
#1318 = EDGE_CURVE ( 'NONE', #1536, #4122, #1096, .T. ) ;
#1319 = AXIS2_PLACEMENT_3D ( 'NONE', #644, #1687, #2570 ) ;
#1320 = ORIENTED_EDGE ( 'NONE', *, *, #740, .T. ) ;
#1321 = DIRECTION ( 'NONE',  ( 0.0000000000000000000, 1.000000000000000000, 0.0000000000000000000 ) ) ;
#1322 = CARTESIAN_POINT ( 'NONE',  ( 0.0000000000000000000, 0.1377952755905511861, 0.0000000000000000000 ) ) ;
#1323 = CYLINDRICAL_SURFACE ( 'NONE', #2932, 0.007874015748031499423 ) ;
#1324 = DIRECTION ( 'NONE',  ( 0.0000000000000000000, -1.000000000000000000, 0.0000000000000000000 ) ) ;
#1325 = DIRECTION ( 'NONE',  ( 0.0000000000000000000, 0.0000000000000000000, -1.000000000000000000 ) ) ;
#1326 =( NAMED_UNIT ( * ) PLANE_ANGLE_UNIT ( ) SI_UNIT ( $, .RADIAN. ) );
#1327 = ORIENTED_EDGE ( 'NONE', *, *, #2020, .F. ) ;
#1328 = ORIENTED_EDGE ( 'NONE', *, *, #3832, .F. ) ;
#1329 = ORIENTED_EDGE ( 'NONE', *, *, #3614, .T. ) ;
#1330 = DIRECTION ( 'NONE',  ( -1.000000000000000000, 0.0000000000000000000, 0.0000000000000000000 ) ) ;
#1331 = PLANE ( 'NONE',  #669 ) ;
#1332 = VERTEX_POINT ( 'NONE', #771 ) ;
#1333 = VERTEX_POINT ( 'NONE', #2764 ) ;
#1334 = DIRECTION ( 'NONE',  ( 0.0000000000000000000, -1.000000000000000000, 0.0000000000000000000 ) ) ;
#1335 = DIRECTION ( 'NONE',  ( -1.000000000000000000, 0.0000000000000000000, 0.0000000000000000000 ) ) ;
#1336 = EDGE_CURVE ( 'NONE', #3836, #368, #681, .T. ) ;
#1337 = ORIENTED_EDGE ( 'NONE', *, *, #778, .F. ) ;
#1338 = ADVANCED_FACE ( 'NONE', ( #146 ), #2081, .F. ) ;
#1339 = CARTESIAN_POINT ( 'NONE',  ( -0.1532055652061933004, -0.06332986786467284523, -0.07480314960629921850 ) ) ;
#1340 = DIRECTION ( 'NONE',  ( 0.0000000000000000000, -1.000000000000000000, 0.0000000000000000000 ) ) ;
#1341 = DIRECTION ( 'NONE',  ( 0.0000000000000000000, -1.000000000000000000, 0.0000000000000000000 ) ) ;
#1342 = DIRECTION ( 'NONE',  ( 0.0000000000000000000, 1.000000000000000000, 0.0000000000000000000 ) ) ;
#1343 = ORIENTED_EDGE ( 'NONE', *, *, #767, .F. ) ;
#1344 = EDGE_CURVE ( 'NONE', #3246, #2554, #1459, .T. ) ;
#1345 = ORIENTED_EDGE ( 'NONE', *, *, #4197, .T. ) ;
#1346 = ORIENTED_EDGE ( 'NONE', *, *, #2382, .F. ) ;
#1347 = CARTESIAN_POINT ( 'NONE',  ( 0.08858267716535432601, 0.1299212598425196763, -0.08858267716535432601 ) ) ;
#1348 = CARTESIAN_POINT ( 'NONE',  ( 0.08858267716535432601, 0.1377952755905511861, -0.08858267716535432601 ) ) ;
#1349 = EDGE_LOOP ( 'NONE', ( #1387, #3059, #752, #231 ) ) ;
#1350 = ORIENTED_EDGE ( 'NONE', *, *, #2085, .T. ) ;
#1351 = LINE ( 'NONE', #2329, #2106 ) ;
#1352 = CIRCLE ( 'NONE', #1221, 0.005905511811023620231 ) ;
#1353 = LINE ( 'NONE', #2638, #2360 ) ;
#1354 = AXIS2_PLACEMENT_3D ( 'NONE', #2112, #3125, #1783 ) ;
#1355 = ORIENTED_EDGE ( 'NONE', *, *, #349, .F. ) ;
#1356 = LINE ( 'NONE', #2641, #2443 ) ;
#1357 = AXIS2_PLACEMENT_3D ( 'NONE', #2957, #2649, #298 ) ;
#1358 = APPROVAL ( #4042, 'UNSPECIFIED' ) ;
#1359 = DIRECTION ( 'NONE',  ( 0.0000000000000000000, 1.000000000000000000, 0.0000000000000000000 ) ) ;
#1360 = VECTOR ( 'NONE', #3887, 39.37007874015748143 ) ;
#1361 = CARTESIAN_POINT ( 'NONE',  ( 0.1476377952755905387, -0.06889763779527559306, -0.1023622047244094474 ) ) ;
#1362 = VECTOR ( 'NONE', #1335, 39.37007874015748143 ) ;
#1363 = EDGE_CURVE ( 'NONE', #2877, #82, #4161, .T. ) ;
#1364 = ORIENTED_EDGE ( 'NONE', *, *, #716, .T. ) ;
#1365 = AXIS2_PLACEMENT_3D ( 'NONE', #1361, #3976, #1107 ) ;
#1366 = ORIENTED_EDGE ( 'NONE', *, *, #49, .T. ) ;
#1367 = AXIS2_PLACEMENT_3D ( 'NONE', #3010, #1720, #2199 ) ;
#1368 = ORIENTED_EDGE ( 'NONE', *, *, #2600, .F. ) ;
#1369 = LINE ( 'NONE', #3605, #2231 ) ;
#1370 = CARTESIAN_POINT ( 'NONE',  ( -0.1476377952755905387, -0.06889763779527559306, 0.1023622047244094474 ) ) ;
#1371 = VECTOR ( 'NONE', #2935, 39.37007874015748143 ) ;
#1372 = EDGE_CURVE ( 'NONE', #1530, #1839, #2745, .T. ) ;
#1373 = VECTOR ( 'NONE', #1376, 39.37007874015748143 ) ;
#1374 = FACE_OUTER_BOUND ( 'NONE', #3276, .T. ) ;
#1375 = VERTEX_POINT ( 'NONE', #3164 ) ;
#1376 = DIRECTION ( 'NONE',  ( -2.454115839351809943E-16, -1.000000000000000000, 0.0000000000000000000 ) ) ;
#1377 = AXIS2_PLACEMENT_3D ( 'NONE', #3815, #919, #1537 ) ;
#1378 = CARTESIAN_POINT ( 'NONE',  ( -0.1240157480314960647, 0.02755905511811023584, 0.1023622047244094474 ) ) ;
#1379 = ORIENTED_EDGE ( 'NONE', *, *, #265, .T. ) ;
#1380 = CARTESIAN_POINT ( 'NONE',  ( -0.1122047244094488277, 0.1299212598425196763, 0.1122047244094488277 ) ) ;
#1381 = DIRECTION ( 'NONE',  ( 0.0000000000000000000, 0.0000000000000000000, 1.000000000000000000 ) ) ;
#1382 = AXIS2_PLACEMENT_3D ( 'NONE', #2613, #3627, #1959 ) ;
#1383 = FACE_OUTER_BOUND ( 'NONE', #2158, .T. ) ;
#1384 = CARTESIAN_POINT ( 'NONE',  ( -0.1181102362204724532, 0.1299212598425196763, 0.1181102362204724532 ) ) ;
#1385 = EDGE_CURVE ( 'NONE', #189, #3094, #1205, .T. ) ;
#1386 = ORIENTED_EDGE ( 'NONE', *, *, #3253, .F. ) ;
#1387 = ORIENTED_EDGE ( 'NONE', *, *, #3727, .T. ) ;
#1388 = EDGE_CURVE ( 'NONE', #23, #1155, #340, .T. ) ;
#1389 = VERTEX_POINT ( 'NONE', #190 ) ;
#1390 = LINE ( 'NONE', #486, #2043 ) ;
#1391 = DIRECTION ( 'NONE',  ( 0.0000000000000000000, 1.000000000000000000, 0.0000000000000000000 ) ) ;
#1392 = CARTESIAN_POINT ( 'NONE',  ( 0.1122047244094488277, 0.1299212598425196763, -0.1181102362204724532 ) ) ;
#1393 = ORIENTED_EDGE ( 'NONE', *, *, #2646, .T. ) ;
#1394 = CARTESIAN_POINT ( 'NONE',  ( 0.1122047244094488277, 0.1377952755905511861, -0.1181102362204724532 ) ) ;
#1395 = LINE ( 'NONE', #1039, #2232 ) ;
#1396 = CARTESIAN_POINT ( 'NONE',  ( -0.08858267716535432601, 0.1496062992125984370, 0.08858267716535432601 ) ) ;
#1397 = ORIENTED_EDGE ( 'NONE', *, *, #1987, .F. ) ;
#1398 = FACE_OUTER_BOUND ( 'NONE', #597, .T. ) ;
#1399 = EDGE_CURVE ( 'NONE', #305, #2884, #1971, .T. ) ;
#1400 = DIRECTION ( 'NONE',  ( 0.0000000000000000000, 0.0000000000000000000, -1.000000000000000000 ) ) ;
#1401 = LINE ( 'NONE', #2006, #3893 ) ;
#1402 = LINE ( 'NONE', #759, #4244 ) ;
#1403 = APPROVAL_DATE_TIME ( #4061, #1046 ) ;
#1404 = ORIENTED_EDGE ( 'NONE', *, *, #3279, .T. ) ;
#1405 = ORIENTED_EDGE ( 'NONE', *, *, #2951, .F. ) ;
#1406 = CARTESIAN_POINT ( 'NONE',  ( 0.08858267716535432601, 0.1377952755905511861, 0.08858267716535432601 ) ) ;
#1407 = CARTESIAN_POINT ( 'NONE',  ( 0.1181102362204724532, 0.03543307086614173179, 0.1023622047244094474 ) ) ;
#1408 = ADVANCED_FACE ( 'NONE', ( #2445 ), #2169, .F. ) ;
#1409 = EDGE_CURVE ( 'NONE', #3275, #727, #2861, .T. ) ;
#1410 = CARTESIAN_POINT ( 'NONE',  ( -0.1318897637795275746, -0.04201406643800709162, 0.07480314960629921850 ) ) ;
#1411 = VERTEX_POINT ( 'NONE', #1137 ) ;
#1412 = VERTEX_POINT ( 'NONE', #3738 ) ;
#1413 = CARTESIAN_POINT ( 'NONE',  ( 0.08858267716535432601, 0.1496062992125984370, -0.06496062992125983815 ) ) ;
#1414 = EDGE_CURVE ( 'NONE', #2629, #1811, #2103, .T. ) ;
#1415 = ORIENTED_EDGE ( 'NONE', *, *, #612, .T. ) ;
#1416 = DIRECTION ( 'NONE',  ( 0.0000000000000000000, -1.000000000000000000, 0.0000000000000000000 ) ) ;
#1417 = DIRECTION ( 'NONE',  ( 0.0000000000000000000, 1.000000000000000000, -2.454115839351809943E-16 ) ) ;
#1418 = PLANE ( 'NONE',  #4237 ) ;
#1419 = VECTOR ( 'NONE', #3298, 39.37007874015748143 ) ;
#1420 = CIRCLE ( 'NONE', #2701, 0.02362204724409448092 ) ;
#1421 = DIRECTION ( 'NONE',  ( 0.0000000000000000000, 1.000000000000000000, 0.0000000000000000000 ) ) ;
#1422 = CARTESIAN_POINT ( 'NONE',  ( -0.08858267716535432601, 0.1377952755905511861, 0.1122047244094488139 ) ) ;
#1423 = VECTOR ( 'NONE', #1173, 39.37007874015748143 ) ;
#1424 = DATE_TIME_ROLE ( 'creation_date' ) ;
#1425 = VERTEX_POINT ( 'NONE', #169 ) ;
#1426 = VERTEX_POINT ( 'NONE', #4141 ) ;
#1427 = VERTEX_POINT ( 'NONE', #3767 ) ;
#1428 = DIRECTION ( 'NONE',  ( -1.000000000000000000, 0.0000000000000000000, 0.0000000000000000000 ) ) ;
#1429 = AXIS2_PLACEMENT_3D ( 'NONE', #1490, #3780, #4130 ) ;
#1430 = LINE ( 'NONE', #1794, #1762 ) ;
#1431 = AXIS2_PLACEMENT_3D ( 'NONE', #53, #38, #3277 ) ;
#1432 = AXIS2_PLACEMENT_3D ( 'NONE', #1158, #243, #1552 ) ;
#1433 = DIRECTION ( 'NONE',  ( 0.0000000000000000000, 0.0000000000000000000, -1.000000000000000000 ) ) ;
#1434 = VERTEX_POINT ( 'NONE', #842 ) ;
#1435 = VERTEX_POINT ( 'NONE', #2124 ) ;
#1436 = AXIS2_PLACEMENT_3D ( 'NONE', #1892, #291, #29 ) ;
#1437 = DIRECTION ( 'NONE',  ( 1.000000000000000000, 0.0000000000000000000, 0.0000000000000000000 ) ) ;
#1438 = LINE ( 'NONE', #2726, #3152 ) ;
#1439 = AXIS2_PLACEMENT_3D ( 'NONE', #2578, #979, #648 ) ;
#1440 = ORIENTED_EDGE ( 'NONE', *, *, #2902, .F. ) ;
#1441 = EDGE_CURVE ( 'NONE', #2550, #2117, #863, .T. ) ;
#1442 = DIRECTION ( 'NONE',  ( -4.063888932435259910E-16, -1.000000000000000000, 0.0000000000000000000 ) ) ;
#1443 = EDGE_CURVE ( 'NONE', #1839, #1811, #515, .T. ) ;
#1444 = DIRECTION ( 'NONE',  ( 0.0000000000000000000, 0.0000000000000000000, 1.000000000000000000 ) ) ;
#1445 = CARTESIAN_POINT ( 'NONE',  ( 0.1555118110236220763, -0.1054045616694795212, -0.1122047244094488277 ) ) ;
#1446 = CARTESIAN_POINT ( 'NONE',  ( -0.1532055652061933004, -0.07446540772587834089, 0.1023622047244094474 ) ) ;
#1447 = EDGE_CURVE ( 'NONE', #139, #3484, #3811, .T. ) ;
#1448 = DIRECTION ( 'NONE',  ( 0.0000000000000000000, -1.000000000000000000, 0.0000000000000000000 ) ) ;
#1449 = ORIENTED_EDGE ( 'NONE', *, *, #1363, .T. ) ;
#1450 = CIRCLE ( 'NONE', #3846, 0.02362204724409448092 ) ;
#1451 = VERTEX_POINT ( 'NONE', #2466 ) ;
#1452 = VERTEX_POINT ( 'NONE', #3790 ) ;
#1453 = DIRECTION ( 'NONE',  ( 1.000000000000000000, 0.0000000000000000000, 0.0000000000000000000 ) ) ;
#1454 = FACE_OUTER_BOUND ( 'NONE', #571, .T. ) ;
#1455 = LINE ( 'NONE', #2370, #3518 ) ;
#1456 = ORIENTED_EDGE ( 'NONE', *, *, #3680, .F. ) ;
#1457 = ORIENTED_EDGE ( 'NONE', *, *, #4015, .T. ) ;
#1458 = FACE_OUTER_BOUND ( 'NONE', #1790, .T. ) ;
#1459 = LINE ( 'NONE', #2415, #1090 ) ;
#1460 = VERTEX_POINT ( 'NONE', #3489 ) ;
#1461 = ORIENTED_EDGE ( 'NONE', *, *, #2070, .T. ) ;
#1462 = LINE ( 'NONE', #3722, #1239 ) ;
#1463 = LINE ( 'NONE', #1272, #14 ) ;
#1464 = PLANE ( 'NONE',  #202 ) ;
#1465 = ADVANCED_FACE ( 'NONE', ( #3459 ), #535, .T. ) ;
#1466 = CARTESIAN_POINT ( 'NONE',  ( 0.08858267716535432601, 0.1496062992125984370, -0.08858267716535432601 ) ) ;
#1467 = ADVANCED_FACE ( 'NONE', ( #1273 ), #4208, .T. ) ;
#1468 = ADVANCED_FACE ( 'NONE', ( #3529 ), #1600, .T. ) ;
#1469 = DIRECTION ( 'NONE',  ( 0.0000000000000000000, 0.0000000000000000000, -1.000000000000000000 ) ) ;
#1470 = CYLINDRICAL_SURFACE ( 'NONE', #735, 0.007874015748031499423 ) ;
#1471 = ORIENTED_EDGE ( 'NONE', *, *, #158, .F. ) ;
#1472 = ORIENTED_EDGE ( 'NONE', *, *, #2732, .T. ) ;
#1473 = VECTOR ( 'NONE', #3808, 39.37007874015748143 ) ;
#1474 = LINE ( 'NONE', #233, #2033 ) ;
#1475 = ORIENTED_EDGE ( 'NONE', *, *, #393, .F. ) ;
#1476 = LINE ( 'NONE', #1748, #3394 ) ;
#1477 = EDGE_CURVE ( 'NONE', #218, #2376, #3685, .T. ) ;
#1478 = CARTESIAN_POINT ( 'NONE',  ( -0.1181102362204724532, 0.02755905511811023584, -0.1023622047244094474 ) ) ;
#1479 = VERTEX_POINT ( 'NONE', #2535 ) ;
#1480 = ORIENTED_EDGE ( 'NONE', *, *, #1266, .F. ) ;
#1481 = DIRECTION ( 'NONE',  ( 0.0000000000000000000, 0.0000000000000000000, -1.000000000000000000 ) ) ;
#1482 = LINE ( 'NONE', #4030, #3344 ) ;
#1483 = VERTEX_POINT ( 'NONE', #1886 ) ;
#1484 = ORIENTED_EDGE ( 'NONE', *, *, #1211, .T. ) ;
#1485 = DIRECTION ( 'NONE',  ( -1.000000000000000000, 0.0000000000000000000, 0.0000000000000000000 ) ) ;
#1486 = DIRECTION ( 'NONE',  ( 0.0000000000000000000, -1.000000000000000000, 0.0000000000000000000 ) ) ;
#1487 = PLANE ( 'NONE',  #1302 ) ;
#1488 = DIRECTION ( 'NONE',  ( 0.0000000000000000000, 0.0000000000000000000, -1.000000000000000000 ) ) ;
#1489 = CYLINDRICAL_SURFACE ( 'NONE', #3613, 0.007874015748031499423 ) ;
#1490 = CARTESIAN_POINT ( 'NONE',  ( 0.1122047244094488277, 0.1299212598425196763, 0.1122047244094488277 ) ) ;
#1491 = CIRCLE ( 'NONE', #3669, 0.007874015748031499423 ) ;
#1492 = VERTEX_POINT ( 'NONE', #3552 ) ;
#1493 = ORIENTED_EDGE ( 'NONE', *, *, #2890, .T. ) ;
#1494 = CARTESIAN_POINT ( 'NONE',  ( -0.08858267716535432601, 0.1496062992125984370, 0.1122047244094488139 ) ) ;
#1495 = CARTESIAN_POINT ( 'NONE',  ( -0.1181102362204724532, 0.03543307086614173179, -0.1023622047244094474 ) ) ;
#1496 = FACE_OUTER_BOUND ( 'NONE', #2987, .T. ) ;
#1497 = EDGE_CURVE ( 'NONE', #4175, #3233, #2511, .T. ) ;
#1498 = VECTOR ( 'NONE', #511, 39.37007874015748143 ) ;
#1499 = CARTESIAN_POINT ( 'NONE',  ( 0.1122047244094488277, 0.1299212598425196763, 0.1122047244094488277 ) ) ;
#1500 = VERTEX_POINT ( 'NONE', #627 ) ;
#1501 = ORIENTED_EDGE ( 'NONE', *, *, #3692, .T. ) ;
#1502 = VECTOR ( 'NONE', #3995, 39.37007874015748143 ) ;
#1503 = LINE ( 'NONE', #862, #3679 ) ;
#1504 = EDGE_CURVE ( 'NONE', #880, #3965, #1574, .T. ) ;
#1505 = CARTESIAN_POINT ( 'NONE',  ( 0.1555118110236220763, -0.1377952755905511861, 0.08366141732283464971 ) ) ;
#1506 = CIRCLE ( 'NONE', #69, 0.005905511811023620231 ) ;
#1507 = AXIS2_PLACEMENT_3D ( 'NONE', #365, #4050, #1675 ) ;
#1508 = CARTESIAN_POINT ( 'NONE',  ( -0.1240157480314960647, -0.04201406643800709162, 0.1023622047244094474 ) ) ;
#1509 = ORIENTED_EDGE ( 'NONE', *, *, #180, .F. ) ;
#1510 = ORIENTED_EDGE ( 'NONE', *, *, #2549, .F. ) ;
#1511 = VECTOR ( 'NONE', #3467, 39.37007874015748143 ) ;
#1512 = DIRECTION ( 'NONE',  ( 0.0000000000000000000, 0.0000000000000000000, 1.000000000000000000 ) ) ;
#1513 = VECTOR ( 'NONE', #925, 39.37007874015748854 ) ;
#1514 = CARTESIAN_POINT ( 'NONE',  ( 0.1532055652061933004, -0.06332986786467284523, -0.1023622047244094474 ) ) ;
#1515 = CARTESIAN_POINT ( 'NONE',  ( -0.1240157480314960647, -0.09578120915254409451, 0.07480314960629921850 ) ) ;
#1516 = CIRCLE ( 'NONE', #474, 0.007874015748031499423 ) ;
#1517 = AXIS2_PLACEMENT_3D ( 'NONE', #1136, #2510, #3875 ) ;
#1518 = CARTESIAN_POINT ( 'NONE',  ( 0.1240157480314960647, -0.1143824042423135789, 0.07014398974742774850 ) ) ;
#1519 = FACE_OUTER_BOUND ( 'NONE', #3201, .T. ) ;
#1520 = AXIS2_PLACEMENT_3D ( 'NONE', #3258, #1979, #2248 ) ;
#1521 = CARTESIAN_POINT ( 'NONE',  ( -0.1240157480314960647, 0.03543307086614173179, -0.07480314960629921850 ) ) ;
#1522 = ORIENTED_EDGE ( 'NONE', *, *, #3807, .T. ) ;
#1523 = VERTEX_POINT ( 'NONE', #601 ) ;
#1524 = CARTESIAN_POINT ( 'NONE',  ( 0.0000000000000000000, 0.1299212598425196763, 0.0000000000000000000 ) ) ;
#1525 = LINE ( 'NONE', #1495, #2242 ) ;
#1526 = DIRECTION ( 'NONE',  ( 0.0000000000000000000, 0.0000000000000000000, 1.000000000000000000 ) ) ;
#1527 = ADVANCED_FACE ( 'NONE', ( #913 ), #3203, .F. ) ;
#1528 = VECTOR ( 'NONE', #792, 39.37007874015748143 ) ;
#1529 = DIRECTION ( 'NONE',  ( -1.000000000000000000, 0.0000000000000000000, 0.0000000000000000000 ) ) ;
#1530 = VERTEX_POINT ( 'NONE', #2882 ) ;
#1531 = EDGE_CURVE ( 'NONE', #4162, #3091, #3510, .T. ) ;
#1532 = ORIENTED_EDGE ( 'NONE', *, *, #3137, .F. ) ;
#1533 = CARTESIAN_POINT ( 'NONE',  ( -0.1122047244094488277, 0.1299212598425196763, 0.1181102362204724532 ) ) ;
#1534 = CARTESIAN_POINT ( 'NONE',  ( -0.1181102362204724532, 0.02755905511811023584, 0.1023622047244094474 ) ) ;
#1535 = CARTESIAN_POINT ( 'NONE',  ( 0.1181102362204724532, 0.02755905511811023584, 0.07480314960629921850 ) ) ;
#1536 = VERTEX_POINT ( 'NONE', #3804 ) ;
#1537 = DIRECTION ( 'NONE',  ( 1.000000000000000000, 0.0000000000000000000, 0.0000000000000000000 ) ) ;
#1538 = DIRECTION ( 'NONE',  ( -0.7071067811865470176, 0.7071067811865480168, 0.0000000000000000000 ) ) ;
#1539 = DIRECTION ( 'NONE',  ( -0.7071067811865469066, 0.7071067811865479058, 0.0000000000000000000 ) ) ;
#1540 = EDGE_CURVE ( 'NONE', #323, #1809, #3085, .T. ) ;
#1541 = CARTESIAN_POINT ( 'NONE',  ( -0.1532055652061933004, -0.07446540772587834089, 0.07480314960629921850 ) ) ;
#1542 = PLANE ( 'NONE',  #2778 ) ;
#1543 = ORIENTED_EDGE ( 'NONE', *, *, #2646, .F. ) ;
#1544 = PLANE ( 'NONE',  #403 ) ;
#1545 = ORIENTED_EDGE ( 'NONE', *, *, #4067, .T. ) ;
#1546 = CARTESIAN_POINT ( 'NONE',  ( 8.919671568592926781E-18, 0.1299212598425196763, -0.07283464566929134798 ) ) ;
#1547 = CARTESIAN_POINT ( 'NONE',  ( 0.1181102362204724532, 0.03543307086614173179, -0.1023622047244094474 ) ) ;
#1548 = DIRECTION ( 'NONE',  ( 0.0000000000000000000, 1.000000000000000000, 0.0000000000000000000 ) ) ;
#1549 = VERTEX_POINT ( 'NONE', #3175 ) ;
#1550 = VERTEX_POINT ( 'NONE', #2812 ) ;
#1551 = VECTOR ( 'NONE', #3853, 39.37007874015748143 ) ;
#1552 = DIRECTION ( 'NONE',  ( -1.000000000000000000, 0.0000000000000000000, 0.0000000000000000000 ) ) ;
#1553 = EDGE_CURVE ( 'NONE', #2612, #2532, #2184, .T. ) ;
#1554 = DIRECTION ( 'NONE',  ( 0.0000000000000000000, -1.000000000000000000, 0.0000000000000000000 ) ) ;
#1555 = EDGE_LOOP ( 'NONE', ( #1404, #3918, #3416, #1471, #2738, #358, #3809, #2003, #1119, #688, #2288, #3626, #3311, #1929, #3980, #4158, #3038 ) ) ;
#1556 = ORIENTED_EDGE ( 'NONE', *, *, #1185, .F. ) ;
#1557 = CARTESIAN_POINT ( 'NONE',  ( 0.1318897637795275746, -0.09578120915254409451, 0.1023622047244094474 ) ) ;
#1558 = LINE ( 'NONE', #1826, #276 ) ;
#1559 = EDGE_CURVE ( 'NONE', #3186, #1479, #1707, .T. ) ;
#1560 = CARTESIAN_POINT ( 'NONE',  ( -0.1318897637795275746, -0.1224523058384645591, -0.1023622047244094474 ) ) ;
#1561 = PLANE ( 'NONE',  #2860 ) ;
#1562 = DIRECTION ( 'NONE',  ( -0.7071067811865469066, -0.7071067811865479058, 0.0000000000000000000 ) ) ;
#1563 = EDGE_CURVE ( 'NONE', #300, #1946, #484, .T. ) ;
#1564 = ORIENTED_EDGE ( 'NONE', *, *, #1540, .T. ) ;
#1565 = DIRECTION ( 'NONE',  ( 1.000000000000000000, 1.478036555683235174E-47, 6.022684552957449548E-32 ) ) ;
#1566 = CARTESIAN_POINT ( 'NONE',  ( 0.1181102362204724532, 0.003937007874015747977, 0.04921259842519685318 ) ) ;
#1567 = FACE_BOUND ( 'NONE', #4226, .T. ) ;
#1568 = CARTESIAN_POINT ( 'NONE',  ( 0.1240157480314960647, -0.09578120915254409451, 0.1023622047244094474 ) ) ;
#1569 = ORIENTED_EDGE ( 'NONE', *, *, #558, .T. ) ;
#1570 = EDGE_LOOP ( 'NONE', ( #1801, #2386, #3356, #1976, #2944, #2664, #2743, #3591 ) ) ;
#1571 = ORIENTED_EDGE ( 'NONE', *, *, #3870, .F. ) ;
#1572 = FACE_OUTER_BOUND ( 'NONE', #1816, .T. ) ;
#1573 = CIRCLE ( 'NONE', #2505, 0.007874015748031499423 ) ;
#1574 = LINE ( 'NONE', #1224, #3753 ) ;
#1575 = AXIS2_PLACEMENT_3D ( 'NONE', #3751, #269, #1144 ) ;
#1576 = CYLINDRICAL_SURFACE ( 'NONE', #4227, 0.005905511811023620231 ) ;
#1577 = ORIENTED_EDGE ( 'NONE', *, *, #3676, .T. ) ;
#1578 = CYLINDRICAL_SURFACE ( 'NONE', #3271, 0.02362204724409448092 ) ;
#1579 = CIRCLE ( 'NONE', #1905, 0.007874015748031499423 ) ;
#1580 = CARTESIAN_POINT ( 'NONE',  ( -0.1318897637795275746, -0.1224523058384645591, 0.07480314960629921850 ) ) ;
#1581 = ADVANCED_FACE ( 'NONE', ( #3450 ), #2759, .T. ) ;
#1582 = CIRCLE ( 'NONE', #820, 0.02362204724409448092 ) ;
#1583 = VECTOR ( 'NONE', #1913, 39.37007874015748143 ) ;
#1584 = ADVANCED_FACE ( 'NONE', ( #507 ), #1165, .T. ) ;
#1585 = EDGE_CURVE ( 'NONE', #2029, #1375, #528, .T. ) ;
#1586 = CARTESIAN_POINT ( 'NONE',  ( 0.1318897637795275746, -0.1224523058384645591, 0.1023622047244094474 ) ) ;
#1587 = LINE ( 'NONE', #2498, #1423 ) ;
#1588 = AXIS2_PLACEMENT_3D ( 'NONE', #695, #2378, #3682 ) ;
#1589 = VECTOR ( 'NONE', #1512, 39.37007874015748143 ) ;
#1590 = FACE_OUTER_BOUND ( 'NONE', #813, .T. ) ;
#1591 = DIRECTION ( 'NONE',  ( -4.273955692857149504E-18, -0.9993908270190957621, -0.03489949670250103164 ) ) ;
#1592 = FACE_BOUND ( 'NONE', #2252, .T. ) ;
#1593 = LINE ( 'NONE', #3506, #2401 ) ;
#1594 = ORIENTED_EDGE ( 'NONE', *, *, #4209, .T. ) ;
#1595 = EDGE_CURVE ( 'NONE', #2548, #1035, #3784, .T. ) ;
#1596 = EDGE_LOOP ( 'NONE', ( #2525, #4069, #2953, #3319 ) ) ;
#1597 = ORIENTED_EDGE ( 'NONE', *, *, #73, .F. ) ;
#1598 = CARTESIAN_POINT ( 'NONE',  ( -0.08858267716535432601, 0.1299212598425196763, 0.08858267716535432601 ) ) ;
#1599 = LINE ( 'NONE', #2131, #1773 ) ;
#1600 = PLANE ( 'NONE',  #1974 ) ;
#1601 = ORIENTED_EDGE ( 'NONE', *, *, #364, .T. ) ;
#1602 = ORIENTED_EDGE ( 'NONE', *, *, #3570, .T. ) ;
#1603 = AXIS2_PLACEMENT_3D ( 'NONE', #1672, #3922, #2962 ) ;
#1604 = DIRECTION ( 'NONE',  ( -1.000000000000000000, 0.0000000000000000000, 2.168404344971010347E-16 ) ) ;
#1605 = DIRECTION ( 'NONE',  ( 0.0000000000000000000, 0.0000000000000000000, -1.000000000000000000 ) ) ;
#1606 = EDGE_CURVE ( 'NONE', #3763, #1998, #4176, .T. ) ;
#1607 = DIRECTION ( 'NONE',  ( 0.0000000000000000000, 0.0000000000000000000, -1.000000000000000000 ) ) ;
#1608 = EDGE_CURVE ( 'NONE', #971, #1925, #1474, .T. ) ;
#1609 = CARTESIAN_POINT ( 'NONE',  ( -0.1263219938489248129, -0.04758183636860983945, -0.07480314960629921850 ) ) ;
#1610 = EDGE_LOOP ( 'NONE', ( #195, #2654 ) ) ;
#1611 = CARTESIAN_POINT ( 'NONE',  ( 0.1181102362204724532, 0.1377952755905511861, -0.1181102362204724532 ) ) ;
#1612 = CARTESIAN_POINT ( 'NONE',  ( -0.1240157480314960647, -0.1224523058384645591, 0.07480314960629921850 ) ) ;
#1613 = VERTEX_POINT ( 'NONE', #2501 ) ;
#1614 = EDGE_LOOP ( 'NONE', ( #2736, #2056 ) ) ;
#1615 = PLANE ( 'NONE',  #3329 ) ;
#1616 = EDGE_CURVE ( 'NONE', #4006, #2616, #476, .T. ) ;
#1617 = LINE ( 'NONE', #3575, #2017 ) ;
#1618 = VERTEX_POINT ( 'NONE', #3427 ) ;
#1619 = EDGE_LOOP ( 'NONE', ( #877, #660, #2832, #2619 ) ) ;
#1620 = CARTESIAN_POINT ( 'NONE',  ( -0.1240157480314960647, -0.1377952755905511861, 0.1023622047244094474 ) ) ;
#1621 = ORIENTED_EDGE ( 'NONE', *, *, #961, .T. ) ;
#1622 = DIRECTION ( 'NONE',  ( 1.000000000000000000, 0.0000000000000000000, 0.0000000000000000000 ) ) ;
#1623 = CARTESIAN_POINT ( 'NONE',  ( -0.1181102362204724532, 0.03543307086614173179, -0.1023622047244094474 ) ) ;
#1624 = CARTESIAN_POINT ( 'NONE',  ( -0.08858267716535432601, 0.1377952755905511861, -0.08858267716535432601 ) ) ;
#1625 = LOCAL_TIME ( 19, 8, 31.00000000000000000, #3979 ) ;
#1626 = FACE_OUTER_BOUND ( 'NONE', #1025, .T. ) ;
#1627 = EDGE_CURVE ( 'NONE', #1460, #1435, #902, .T. ) ;
#1628 = FACE_BOUND ( 'NONE', #3902, .T. ) ;
#1629 = VERTEX_POINT ( 'NONE', #1148 ) ;
#1630 = VERTEX_POINT ( 'NONE', #3155 ) ;
#1631 = ADVANCED_FACE ( 'NONE', ( #1176 ), #856, .F. ) ;
#1632 = ORIENTED_EDGE ( 'NONE', *, *, #3308, .F. ) ;
#1633 = PLANE ( 'NONE',  #1431 ) ;
#1634 = PLANE ( 'NONE',  #567 ) ;
#1635 = VECTOR ( 'NONE', #2634, 39.37007874015748143 ) ;
#1636 = CARTESIAN_POINT ( 'NONE',  ( 0.1318897637795275746, 0.02755905511811023584, 0.07480314960629921850 ) ) ;
#1637 = VERTEX_POINT ( 'NONE', #1243 ) ;
#1638 = ORIENTED_EDGE ( 'NONE', *, *, #3508, .F. ) ;
#1639 = DIRECTION ( 'NONE',  ( 0.0000000000000000000, 0.0000000000000000000, -1.000000000000000000 ) ) ;
#1640 = AXIS2_PLACEMENT_3D ( 'NONE', #3055, #1785, #719 ) ;
#1641 = ORIENTED_EDGE ( 'NONE', *, *, #587, .T. ) ;
#1642 = VECTOR ( 'NONE', #696, 39.37007874015748143 ) ;
#1643 = CARTESIAN_POINT ( 'NONE',  ( 0.1122047244094488277, 0.1299212598425196763, 0.1181102362204724532 ) ) ;
#1644 = CARTESIAN_POINT ( 'NONE',  ( 0.1318897637795275746, -0.04201406643800709162, 0.1023622047244094474 ) ) ;
#1645 = VECTOR ( 'NONE', #2837, 39.37007874015748143 ) ;
#1646 = VERTEX_POINT ( 'NONE', #906 ) ;
#1647 = CARTESIAN_POINT ( 'NONE',  ( -0.1181102362204724532, 0.1377952755905511861, -0.1122047244094488277 ) ) ;
#1648 = AXIS2_PLACEMENT_3D ( 'NONE', #134, #2383, #1044 ) ;
#1649 = CARTESIAN_POINT ( 'NONE',  ( 0.1181102362204724532, 0.003937007874015747977, -0.04921259842519685318 ) ) ;
#1650 = AXIS2_PLACEMENT_3D ( 'NONE', #1524, #2831, #3502 ) ;
#1651 = VECTOR ( 'NONE', #2516, 39.37007874015748143 ) ;
#1652 = ORIENTED_EDGE ( 'NONE', *, *, #949, .F. ) ;
#1653 = ORIENTED_EDGE ( 'NONE', *, *, #2787, .T. ) ;
#1654 = ORIENTED_EDGE ( 'NONE', *, *, #1752, .T. ) ;
#1655 = CARTESIAN_POINT ( 'NONE',  ( -0.1181102362204724532, 0.1299212598425196763, -0.1181102362204724532 ) ) ;
#1656 = DIRECTION ( 'NONE',  ( 0.0000000000000000000, -1.000000000000000000, 0.0000000000000000000 ) ) ;
#1657 = EDGE_CURVE ( 'NONE', #2554, #2393, #1834, .T. ) ;
#1658 = EDGE_CURVE ( 'NONE', #1027, #3447, #345, .T. ) ;
#1659 = ORIENTED_EDGE ( 'NONE', *, *, #1286, .T. ) ;
#1660 = LINE ( 'NONE', #24, #3757 ) ;
#1661 = VECTOR ( 'NONE', #1820, 39.37007874015748143 ) ;
#1662 = VERTEX_POINT ( 'NONE', #2159 ) ;
#1663 = CARTESIAN_POINT ( 'NONE',  ( -0.1263219938489248129, -0.09021343922194134668, 0.1023622047244094474 ) ) ;
#1664 = LINE ( 'NONE', #2238, #2427 ) ;
#1665 = ADVANCED_FACE ( 'NONE', ( #253 ), #1544, .T. ) ;
#1666 = PLANE ( 'NONE',  #2235 ) ;
#1667 = LINE ( 'NONE', #3953, #2088 ) ;
#1668 = ORIENTED_EDGE ( 'NONE', *, *, #2128, .F. ) ;
#1669 = ORIENTED_EDGE ( 'NONE', *, *, #244, .F. ) ;
#1670 = EDGE_LOOP ( 'NONE', ( #2810, #1254, #138, #3589 ) ) ;
#1671 = FACE_OUTER_BOUND ( 'NONE', #2079, .T. ) ;
#1672 = CARTESIAN_POINT ( 'NONE',  ( 0.1122047244094488277, 0.0000000000000000000, 0.1122047244094488277 ) ) ;
#1673 = LINE ( 'NONE', #1012, #1419 ) ;
#1674 = ORIENTED_EDGE ( 'NONE', *, *, #1697, .F. ) ;
#1675 = DIRECTION ( 'NONE',  ( 0.0000000000000000000, 0.0000000000000000000, 1.000000000000000000 ) ) ;
#1676 = VERTEX_POINT ( 'NONE', #3934 ) ;
#1677 = VECTOR ( 'NONE', #3199, 39.37007874015748143 ) ;
#1678 = ADVANCED_FACE ( 'NONE', ( #2260 ), #1323, .T. ) ;
#1679 = DIRECTION ( 'NONE',  ( 0.0000000000000000000, 0.0000000000000000000, 1.000000000000000000 ) ) ;
#1680 = DIRECTION ( 'NONE',  ( 0.7071067811865479058, -0.7071067811865469066, 0.0000000000000000000 ) ) ;
#1681 = DIRECTION ( 'NONE',  ( 1.000000000000000000, 0.0000000000000000000, 0.0000000000000000000 ) ) ;
#1682 = EDGE_CURVE ( 'NONE', #1135, #1129, #408, .T. ) ;
#1683 = CARTESIAN_POINT ( 'NONE',  ( -0.1122047244094488277, 0.1299212598425196763, 0.1181102362204724532 ) ) ;
#1684 = ORIENTED_EDGE ( 'NONE', *, *, #1183, .T. ) ;
#1685 = ORIENTED_EDGE ( 'NONE', *, *, #3781, .T. ) ;
#1686 = DIRECTION ( 'NONE',  ( 1.000000000000000000, 0.0000000000000000000, 0.0000000000000000000 ) ) ;
#1687 = DIRECTION ( 'NONE',  ( 0.0000000000000000000, 0.0000000000000000000, 1.000000000000000000 ) ) ;
#1688 = CARTESIAN_POINT ( 'NONE',  ( 0.1318897637795275746, 0.02755905511811023584, 0.1023622047244094474 ) ) ;
#1689 = ORIENTED_EDGE ( 'NONE', *, *, #500, .F. ) ;
#1690 = LINE ( 'NONE', #42, #1159 ) ;
#1691 = VERTEX_POINT ( 'NONE', #2891 ) ;
#1692 = DIRECTION ( 'NONE',  ( 0.0000000000000000000, 0.0000000000000000000, 1.000000000000000000 ) ) ;
#1693 = AXIS2_PLACEMENT_3D ( 'NONE', #1283, #619, #3586 ) ;
#1694 = DIRECTION ( 'NONE',  ( 2.454115839351809943E-16, -1.000000000000000000, 0.0000000000000000000 ) ) ;
#1695 = EDGE_CURVE ( 'NONE', #1435, #1460, #2717, .T. ) ;
#1696 = ADVANCED_FACE ( 'NONE', ( #615 ), #2021, .F. ) ;
#1697 = EDGE_CURVE ( 'NONE', #678, #3938, #2992, .T. ) ;
#1698 = CIRCLE ( 'NONE', #741, 0.005905511811023620231 ) ;
#1699 = CARTESIAN_POINT ( 'NONE',  ( -0.08858267716535432601, 0.1377952755905511861, 0.1122047244094488139 ) ) ;
#1700 = DIRECTION ( 'NONE',  ( 0.0000000000000000000, 0.0000000000000000000, -1.000000000000000000 ) ) ;
#1701 = VECTOR ( 'NONE', #1939, 39.37007874015748854 ) ;
#1702 = AXIS2_PLACEMENT_3D ( 'NONE', #3674, #748, #3345 ) ;
#1703 = COORDINATED_UNIVERSAL_TIME_OFFSET ( 0, 0, .AHEAD. ) ;
#1704 = ORIENTED_EDGE ( 'NONE', *, *, #4036, .T. ) ;
#1705 = VECTOR ( 'NONE', #829, 39.37007874015748143 ) ;
#1706 = ORIENTED_EDGE ( 'NONE', *, *, #178, .T. ) ;
#1707 = CIRCLE ( 'NONE', #1774, 0.007874015748031499423 ) ;
#1708 = ORIENTED_EDGE ( 'NONE', *, *, #2822, .F. ) ;
#1709 = CARTESIAN_POINT ( 'NONE',  ( -0.1240157480314960647, 0.02755905511811023584, -0.1023622047244094474 ) ) ;
#1710 = FACE_OUTER_BOUND ( 'NONE', #1670, .T. ) ;
#1711 = CIRCLE ( 'NONE', #4181, 0.005905511811023620231 ) ;
#1712 = AXIS2_PLACEMENT_3D ( 'NONE', #1962, #1014, #3264 ) ;
#1713 = EDGE_CURVE ( 'NONE', #2174, #3474, #1950, .T. ) ;
#1714 = DIRECTION ( 'NONE',  ( 0.0000000000000000000, -1.000000000000000000, 0.0000000000000000000 ) ) ;
#1715 = ORIENTED_EDGE ( 'NONE', *, *, #840, .T. ) ;
#1716 = VERTEX_POINT ( 'NONE', #3195 ) ;
#1717 = CARTESIAN_POINT ( 'NONE',  ( -0.1532055652061933004, -0.07446540772587834089, 0.1023622047244094474 ) ) ;
#1718 = AXIS2_PLACEMENT_3D ( 'NONE', #1406, #2057, #3357 ) ;
#1719 = ORIENTED_EDGE ( 'NONE', *, *, #122, .T. ) ;
#1720 = DIRECTION ( 'NONE',  ( 0.0000000000000000000, -1.000000000000000000, 0.0000000000000000000 ) ) ;
#1721 = LINE ( 'NONE', #4013, #685 ) ;
#1722 = DIRECTION ( 'NONE',  ( 2.454115839351809943E-16, -1.000000000000000000, 0.0000000000000000000 ) ) ;
#1723 = CIRCLE ( 'NONE', #2250, 0.02362204724409448092 ) ;
#1724 = EDGE_CURVE ( 'NONE', #1716, #2166, #3482, .T. ) ;
#1725 = DIRECTION ( 'NONE',  ( 0.0000000000000000000, -1.000000000000000000, 0.0000000000000000000 ) ) ;
#1726 = ADVANCED_FACE ( 'NONE', ( #1590 ), #3656, .T. ) ;
#1727 = PERSON_AND_ORGANIZATION ( #343, #782 ) ;
#1728 = ORIENTED_EDGE ( 'NONE', *, *, #1385, .T. ) ;
#1729 = ORIENTED_EDGE ( 'NONE', *, *, #1657, .F. ) ;
#1730 = CARTESIAN_POINT ( 'NONE',  ( 0.1555118110236220763, -0.1377952755905511861, -0.09350393700787401619 ) ) ;
#1731 = CARTESIAN_POINT ( 'NONE',  ( -0.1181102362204724532, 0.02755905511811023584, 0.1023622047244094474 ) ) ;
#1732 = ADVANCED_FACE ( 'NONE', ( #3567 ), #2589, .F. ) ;
#1733 = CARTESIAN_POINT ( 'NONE',  ( -0.08858267716535432601, 0.1377952755905511861, -0.08858267716535432601 ) ) ;
#1734 = ORIENTED_EDGE ( 'NONE', *, *, #372, .F. ) ;
#1735 = VERTEX_POINT ( 'NONE', #3890 ) ;
#1736 = DIRECTION ( 'NONE',  ( -1.000000000000000000, 0.0000000000000000000, 0.0000000000000000000 ) ) ;
#1737 = ADVANCED_FACE ( 'NONE', ( #1398 ), #312, .F. ) ;
#1738 = LINE ( 'NONE', #1413, #130 ) ;
#1739 = ORIENTED_EDGE ( 'NONE', *, *, #1845, .T. ) ;
#1740 = VERTEX_POINT ( 'NONE', #2871 ) ;
#1741 = CARTESIAN_POINT ( 'NONE',  ( -0.1240157480314960647, 0.02755905511811023584, 0.07480314960629921850 ) ) ;
#1742 = CARTESIAN_POINT ( 'NONE',  ( -0.1181102362204724532, 0.03543307086614173179, 0.1023622047244094474 ) ) ;
#1743 = DIRECTION ( 'NONE',  ( 1.000000000000000000, 0.0000000000000000000, 0.0000000000000000000 ) ) ;
#1744 = CARTESIAN_POINT ( 'NONE',  ( -0.1532055652061933004, -0.06332986786467284523, 0.07480314960629921850 ) ) ;
#1745 = EDGE_LOOP ( 'NONE', ( #1329, #3871, #1982, #1405, #2417, #1708, #3625, #3910, #3287, #4233, #933, #514, #1292, #3793, #1751, #1654, #2703 ) ) ;
#1746 = ORIENTED_EDGE ( 'NONE', *, *, #3230, .F. ) ;
#1747 = ORIENTED_EDGE ( 'NONE', *, *, #191, .T. ) ;
#1748 = CARTESIAN_POINT ( 'NONE',  ( 0.1476377952755905387, -0.06889763779527559306, 0.1023622047244094474 ) ) ;
#1749 = EDGE_CURVE ( 'NONE', #1817, #1375, #3541, .T. ) ;
#1750 = FACE_OUTER_BOUND ( 'NONE', #2602, .T. ) ;
#1751 = ORIENTED_EDGE ( 'NONE', *, *, #2074, .T. ) ;
#1752 = EDGE_CURVE ( 'NONE', #3220, #516, #88, .T. ) ;
#1753 = ORIENTED_EDGE ( 'NONE', *, *, #4229, .F. ) ;
#1754 = DIRECTION ( 'NONE',  ( -2.168404344971010347E-16, 0.0000000000000000000, -1.000000000000000000 ) ) ;
#1755 = ORIENTED_EDGE ( 'NONE', *, *, #1336, .T. ) ;
#1756 = FACE_OUTER_BOUND ( 'NONE', #1610, .T. ) ;
#1757 = CARTESIAN_POINT ( 'NONE',  ( -0.1555118110236220763, -0.1054045616694795212, -0.1122047244094488277 ) ) ;
#1758 = CARTESIAN_POINT ( 'NONE',  ( 0.1555118110236219930, -0.06889763779527559306, -0.1023622047244094474 ) ) ;
#1759 = CIRCLE ( 'NONE', #3191, 0.007874015748031499423 ) ;
#1760 = LINE ( 'NONE', #3307, #3056 ) ;
#1761 = CARTESIAN_POINT ( 'NONE',  ( 0.08858267716535432601, 0.1496062992125984370, 0.06496062992125983815 ) ) ;
#1762 = VECTOR ( 'NONE', #2693, 39.37007874015748143 ) ;
#1763 = ORIENTED_EDGE ( 'NONE', *, *, #3443, .T. ) ;
#1764 = ORIENTED_EDGE ( 'NONE', *, *, #1837, .F. ) ;
#1765 = VERTEX_POINT ( 'NONE', #963 ) ;
#1766 = VECTOR ( 'NONE', #3395, 39.37007874015748143 ) ;
#1767 = FACE_OUTER_BOUND ( 'NONE', #1596, .T. ) ;
#1768 = CIRCLE ( 'NONE', #4177, 0.02362204724409448092 ) ;
#1769 = VECTOR ( 'NONE', #1754, 39.37007874015748143 ) ;
#1770 = LINE ( 'NONE', #1392, #3717 ) ;
#1771 = DIRECTION ( 'NONE',  ( 0.0000000000000000000, 0.0000000000000000000, -1.000000000000000000 ) ) ;
#1772 = EDGE_CURVE ( 'NONE', #3006, #1010, #1938, .T. ) ;
#1773 = VECTOR ( 'NONE', #3723, 39.37007874015748143 ) ;
#1774 = AXIS2_PLACEMENT_3D ( 'NONE', #3758, #3826, #834 ) ;
#1775 = CARTESIAN_POINT ( 'NONE',  ( 0.08858267716535432601, 0.1299212598425196763, -0.08858267716535432601 ) ) ;
#1776 = EDGE_CURVE ( 'NONE', #762, #223, #2582, .T. ) ;
#1777 = EDGE_CURVE ( 'NONE', #1155, #3925, #331, .T. ) ;
#1778 = CIRCLE ( 'NONE', #2519, 0.02362204724409448092 ) ;
#1779 = ORIENTED_EDGE ( 'NONE', *, *, #1963, .T. ) ;
#1780 = CARTESIAN_POINT ( 'NONE',  ( -0.1181102362204724532, 0.1299212598425196763, 0.1122047244094488277 ) ) ;
#1781 = DIRECTION ( 'NONE',  ( 0.0000000000000000000, 0.0000000000000000000, -1.000000000000000000 ) ) ;
#1782 = CYLINDRICAL_SURFACE ( 'NONE', #2097, 0.007874015748031466463 ) ;
#1783 = DIRECTION ( 'NONE',  ( 1.000000000000000000, 0.0000000000000000000, 0.0000000000000000000 ) ) ;
#1784 = CARTESIAN_POINT ( 'NONE',  ( -0.1263219938489248129, -0.09021343922194134668, -0.07480314960629921850 ) ) ;
#1785 = DIRECTION ( 'NONE',  ( 0.0000000000000000000, 1.000000000000000000, 0.0000000000000000000 ) ) ;
#1786 = ADVANCED_FACE ( 'NONE', ( #13 ), #150, .T. ) ;
#1787 = PERSON_AND_ORGANIZATION_ROLE ( 'design_owner' ) ;
#1788 = ORIENTED_EDGE ( 'NONE', *, *, #2732, .F. ) ;
#1789 = CONICAL_SURFACE ( 'NONE', #4198, 0.06889763779527559306, 0.03490658503988665340 ) ;
#1790 = EDGE_LOOP ( 'NONE', ( #3179, #3856, #2919, #1734 ) ) ;
#1791 = DIRECTION ( 'NONE',  ( 0.0000000000000000000, -1.000000000000000000, 0.0000000000000000000 ) ) ;
#1792 = ORIENTED_EDGE ( 'NONE', *, *, #1627, .F. ) ;
#1793 = CYLINDRICAL_SURFACE ( 'NONE', #3909, 0.007874015748031499423 ) ;
#1794 = CARTESIAN_POINT ( 'NONE',  ( 0.1555118110236220763, -0.1377952755905511861, 0.09350393700787401619 ) ) ;
#1795 = CARTESIAN_POINT ( 'NONE',  ( 0.1532055652061933004, -0.06332986786467284523, -0.1023622047244094474 ) ) ;
#1796 = ORIENTED_EDGE ( 'NONE', *, *, #1316, .T. ) ;
#1797 = ORIENTED_EDGE ( 'NONE', *, *, #658, .F. ) ;
#1798 = DIRECTION ( 'NONE',  ( 4.063888932435259910E-16, -1.000000000000000000, 0.0000000000000000000 ) ) ;
#1799 = DIRECTION ( 'NONE',  ( 0.0000000000000000000, 0.0000000000000000000, -1.000000000000000000 ) ) ;
#1800 = ORIENTED_EDGE ( 'NONE', *, *, #1150, .F. ) ;
#1801 = ORIENTED_EDGE ( 'NONE', *, *, #3653, .T. ) ;
#1802 = CARTESIAN_POINT ( 'NONE',  ( -0.1318897637795275746, -0.1224523058384645591, 0.1023622047244094474 ) ) ;
#1803 = DIRECTION ( 'NONE',  ( 0.0000000000000000000, -1.000000000000000000, 0.0000000000000000000 ) ) ;
#1804 = FACE_OUTER_BOUND ( 'NONE', #444, .T. ) ;
#1805 = DIRECTION ( 'NONE',  ( 1.000000000000000000, 0.0000000000000000000, 0.0000000000000000000 ) ) ;
#1806 = EDGE_CURVE ( 'NONE', #2548, #1994, #1462, .T. ) ;
#1807 = FACE_OUTER_BOUND ( 'NONE', #1815, .T. ) ;
#1808 = CARTESIAN_POINT ( 'NONE',  ( -0.08858267716535432601, 0.1496062992125984370, 0.06496062992125983815 ) ) ;
#1809 = VERTEX_POINT ( 'NONE', #429 ) ;
#1810 = EDGE_CURVE ( 'NONE', #4095, #1630, #1306, .T. ) ;
#1811 = VERTEX_POINT ( 'NONE', #173 ) ;
#1812 = DIRECTION ( 'NONE',  ( -1.000000000000000000, 0.0000000000000000000, 0.0000000000000000000 ) ) ;
#1813 = LINE ( 'NONE', #3272, #1701 ) ;
#1814 = DIRECTION ( 'NONE',  ( -3.519431053647356462E-16, 0.8660254037844389297, 0.4999999999999994449 ) ) ;
#1815 = EDGE_LOOP ( 'NONE', ( #2387, #3988, #3292, #703 ) ) ;
#1816 = EDGE_LOOP ( 'NONE', ( #943, #116, #867, #2122 ) ) ;
#1817 = VERTEX_POINT ( 'NONE', #497 ) ;
#1818 = DIRECTION ( 'NONE',  ( 0.0000000000000000000, -1.000000000000000000, 0.0000000000000000000 ) ) ;
#1819 = DIRECTION ( 'NONE',  ( -1.000000000000000000, 0.0000000000000000000, 0.0000000000000000000 ) ) ;
#1820 = DIRECTION ( 'NONE',  ( 0.0000000000000000000, 0.0000000000000000000, -1.000000000000000000 ) ) ;
#1821 = ORIENTED_EDGE ( 'NONE', *, *, #3212, .F. ) ;
#1822 = EDGE_LOOP ( 'NONE', ( #551, #1941, #1728, #977 ) ) ;
#1823 = LOCAL_TIME ( 19, 8, 31.00000000000000000, #74 ) ;
#1824 = CARTESIAN_POINT ( 'NONE',  ( -0.1240157480314960647, -0.04201406643800709162, 0.07480314960629921850 ) ) ;
#1825 = CARTESIAN_POINT ( 'NONE',  ( -0.1318897637795275746, 0.02755905511811023584, -0.07480314960629921850 ) ) ;
#1826 = CARTESIAN_POINT ( 'NONE',  ( 0.1555118110236220763, -0.1377952755905511861, -0.08366141732283464971 ) ) ;
#1827 = CARTESIAN_POINT ( 'NONE',  ( 0.1240157480314960647, 0.02755905511811023584, 0.07480314960629921850 ) ) ;
#1828 = ADVANCED_FACE ( 'NONE', ( #1076 ), #774, .T. ) ;
#1829 = CARTESIAN_POINT ( 'NONE',  ( -0.1263219938489248129, -0.09021343922194134668, 0.07480314960629921850 ) ) ;
#1830 = ADVANCED_FACE ( 'NONE', ( #1756 ), #2065, .T. ) ;
#1831 = EDGE_CURVE ( 'NONE', #212, #78, #2684, .T. ) ;
#1832 = ORIENTED_EDGE ( 'NONE', *, *, #1977, .T. ) ;
#1833 = ORIENTED_EDGE ( 'NONE', *, *, #1531, .F. ) ;
#1834 = LINE ( 'NONE', #2526, #549 ) ;
#1835 = CARTESIAN_POINT ( 'NONE',  ( -0.1555118110236220208, -0.06889763779527559306, -0.07480314960629921850 ) ) ;
#1836 = AXIS2_PLACEMENT_3D ( 'NONE', #155, #112, #3398 ) ;
#1837 = EDGE_CURVE ( 'NONE', #3476, #845, #3700, .T. ) ;
#1838 = FACE_OUTER_BOUND ( 'NONE', #1900, .T. ) ;
#1839 = VERTEX_POINT ( 'NONE', #3439 ) ;
#1840 = VERTEX_POINT ( 'NONE', #1824 ) ;
#1841 = VECTOR ( 'NONE', #179, 39.37007874015748143 ) ;
#1842 = ORIENTED_EDGE ( 'NONE', *, *, #3256, .F. ) ;
#1843 = DIRECTION ( 'NONE',  ( 1.000000000000000000, 0.0000000000000000000, 0.0000000000000000000 ) ) ;
#1844 = CARTESIAN_POINT ( 'NONE',  ( -0.1476377952755905387, -0.06889763779527559306, -0.1023622047244094474 ) ) ;
#1845 = EDGE_CURVE ( 'NONE', #2616, #2127, #129, .T. ) ;
#1846 = VECTOR ( 'NONE', #1932, 39.37007874015748143 ) ;
#1847 = ORIENTED_EDGE ( 'NONE', *, *, #947, .T. ) ;
#1848 = CIRCLE ( 'NONE', #1365, 0.007874015748031499423 ) ;
#1849 = LINE ( 'NONE', #225, #1651 ) ;
#1850 = AXIS2_PLACEMENT_3D ( 'NONE', #3348, #3030, #847 ) ;
#1851 = DIRECTION ( 'NONE',  ( -1.000000000000000000, 0.0000000000000000000, 0.0000000000000000000 ) ) ;
#1852 = AXIS2_PLACEMENT_3D ( 'NONE', #1598, #3810, #2534 ) ;
#1853 = CARTESIAN_POINT ( 'NONE',  ( 0.1263219938489248129, -0.04758183636860983945, 0.1023622047244094474 ) ) ;
#1854 = DIRECTION ( 'NONE',  ( 1.000000000000000000, 0.0000000000000000000, 0.0000000000000000000 ) ) ;
#1855 = CIRCLE ( 'NONE', #626, 0.007874015748031499423 ) ;
#1856 = DIRECTION ( 'NONE',  ( 0.0000000000000000000, 1.000000000000000000, 0.0000000000000000000 ) ) ;
#1857 = EDGE_CURVE ( 'NONE', #2723, #2533, #3121, .T. ) ;
#1858 = ORIENTED_EDGE ( 'NONE', *, *, #840, .F. ) ;
#1859 = DIRECTION ( 'NONE',  ( -0.7071067811865479058, -0.7071067811865469066, 0.0000000000000000000 ) ) ;
#1860 = EDGE_LOOP ( 'NONE', ( #2289, #3028 ) ) ;
#1861 = DIRECTION ( 'NONE',  ( 0.0000000000000000000, 0.0000000000000000000, 1.000000000000000000 ) ) ;
#1862 = EDGE_CURVE ( 'NONE', #3523, #3220, #2047, .T. ) ;
#1863 = DIRECTION ( 'NONE',  ( -1.000000000000000000, 0.0000000000000000000, 0.0000000000000000000 ) ) ;
#1864 = CIRCLE ( 'NONE', #3499, 0.007874015748031499423 ) ;
#1865 = DIRECTION ( 'NONE',  ( 0.0000000000000000000, 1.000000000000000000, 0.0000000000000000000 ) ) ;
#1866 = EDGE_LOOP ( 'NONE', ( #3162, #3881, #1564, #380 ) ) ;
#1867 = EDGE_CURVE ( 'NONE', #3782, #1998, #1778, .T. ) ;
#1868 = CARTESIAN_POINT ( 'NONE',  ( 0.1318897637795275746, -0.09578120915254409451, -0.1023622047244094474 ) ) ;
#1869 = CARTESIAN_POINT ( 'NONE',  ( 0.1181102362204724532, 0.03543307086614173179, -0.1023622047244094474 ) ) ;
#1870 = PLANE ( 'NONE',  #387 ) ;
#1871 = VERTEX_POINT ( 'NONE', #1140 ) ;
#1872 = CARTESIAN_POINT ( 'NONE',  ( 0.1318897637795275746, -0.1377952755905511861, -0.1023622047244094474 ) ) ;
#1873 = EDGE_CURVE ( 'NONE', #258, #183, #2867, .T. ) ;
#1874 = FACE_OUTER_BOUND ( 'NONE', #1349, .T. ) ;
#1875 = DIRECTION ( 'NONE',  ( -3.519431053647356462E-16, -0.8660254037844389297, -0.4999999999999994449 ) ) ;
#1876 = CARTESIAN_POINT ( 'NONE',  ( 0.1240157480314960647, 0.02755905511811023584, 0.1023622047244094474 ) ) ;
#1877 = LINE ( 'NONE', #3173, #2090 ) ;
#1878 = CARTESIAN_POINT ( 'NONE',  ( 0.1318897637795275746, -0.09578120915254409451, 0.1023622047244094474 ) ) ;
#1879 = DIRECTION ( 'NONE',  ( 0.0000000000000000000, 0.0000000000000000000, 1.000000000000000000 ) ) ;
#1880 = AXIS2_PLACEMENT_3D ( 'NONE', #768, #2059, #142 ) ;
#1881 = FACE_OUTER_BOUND ( 'NONE', #3404, .T. ) ;
#1882 = VERTEX_POINT ( 'NONE', #1780 ) ;
#1883 = EDGE_LOOP ( 'NONE', ( #83, #246, #2855, #3650, #316, #2040 ) ) ;
#1884 = DIRECTION ( 'NONE',  ( 0.0000000000000000000, 0.0000000000000000000, 1.000000000000000000 ) ) ;
#1885 = EDGE_CURVE ( 'NONE', #1942, #2548, #2937, .T. ) ;
#1886 = CARTESIAN_POINT ( 'NONE',  ( 0.1318897637795275746, -0.1224523058384645591, -0.1023622047244094474 ) ) ;
#1887 = EDGE_CURVE ( 'NONE', #2338, #2794, #2420, .T. ) ;
#1888 = CARTESIAN_POINT ( 'NONE',  ( -0.08858267716535432601, 0.1377952755905511861, 0.06496062992125983815 ) ) ;
#1889 = EDGE_LOOP ( 'NONE', ( #2696, #1269 ) ) ;
#1890 = CARTESIAN_POINT ( 'NONE',  ( 0.1532055652061933004, -0.07446540772587834089, 0.1023622047244094474 ) ) ;
#1891 = CARTESIAN_POINT ( 'NONE',  ( 0.1555118110236220208, -0.06889763779527559306, -0.1023622047244094474 ) ) ;
#1892 = CARTESIAN_POINT ( 'NONE',  ( -0.1476377952755905387, -0.06889763779527559306, -0.07480314960629921850 ) ) ;
#1893 = LINE ( 'NONE', #3153, #2574 ) ;
#1894 = AXIS2_PLACEMENT_3D ( 'NONE', #1688, #1291, #2964 ) ;
#1895 = DIRECTION ( 'NONE',  ( 0.0000000000000000000, 1.000000000000000000, -2.454115839351809943E-16 ) ) ;
#1896 = EDGE_LOOP ( 'NONE', ( #846, #3920 ) ) ;
#1897 = CARTESIAN_POINT ( 'NONE',  ( 0.1181102362204724532, 0.03543307086614173179, 0.07480314960629921850 ) ) ;
#1898 = CARTESIAN_POINT ( 'NONE',  ( 0.1263219938489248129, -0.09021343922194134668, -0.1023622047244094474 ) ) ;
#1899 = FACE_OUTER_BOUND ( 'NONE', #1069, .T. ) ;
#1900 = EDGE_LOOP ( 'NONE', ( #1297, #1908, #3533, #322 ) ) ;
#1901 = ORIENTED_EDGE ( 'NONE', *, *, #2414, .T. ) ;
#1902 = AXIS2_PLACEMENT_3D ( 'NONE', #766, #2095, #742 ) ;
#1903 = CARTESIAN_POINT ( 'NONE',  ( -0.1122047244094488277, 0.1299212598425196763, 0.1122047244094488277 ) ) ;
#1904 = DIRECTION ( 'NONE',  ( 0.0000000000000000000, 1.000000000000000000, 0.0000000000000000000 ) ) ;
#1905 = AXIS2_PLACEMENT_3D ( 'NONE', #2024, #2642, #797 ) ;
#1906 = DIRECTION ( 'NONE',  ( 0.0000000000000000000, 0.0000000000000000000, 1.000000000000000000 ) ) ;
#1907 = ORIENTED_EDGE ( 'NONE', *, *, #709, .T. ) ;
#1908 = ORIENTED_EDGE ( 'NONE', *, *, #1777, .T. ) ;
#1909 = EDGE_CURVE ( 'NONE', #1994, #78, #2108, .T. ) ;
#1910 = LINE ( 'NONE', #1872, #1589 ) ;
#1911 = EDGE_CURVE ( 'NONE', #2190, #3874, #2129, .T. ) ;
#1912 = AXIS2_PLACEMENT_3D ( 'NONE', #2233, #3927, #3563 ) ;
#1913 = DIRECTION ( 'NONE',  ( 1.000000000000000000, 0.0000000000000000000, 0.0000000000000000000 ) ) ;
#1914 = VECTOR ( 'NONE', #3639, 39.37007874015748143 ) ;
#1915 = VECTOR ( 'NONE', #286, 39.37007874015748143 ) ;
#1916 = CARTESIAN_POINT ( 'NONE',  ( 0.1122047244094488277, 0.1299212598425196763, 0.1122047244094488277 ) ) ;
#1917 = FACE_OUTER_BOUND ( 'NONE', #585, .T. ) ;
#1918 = VECTOR ( 'NONE', #3288, 39.37007874015748143 ) ;
#1919 = VECTOR ( 'NONE', #690, 39.37007874015748143 ) ;
#1920 = DIRECTION ( 'NONE',  ( 1.000000000000000000, 0.0000000000000000000, 0.0000000000000000000 ) ) ;
#1921 = CARTESIAN_POINT ( 'NONE',  ( 0.1240157480314960647, -0.09578120915254409451, 0.1023622047244094474 ) ) ;
#1922 = EDGE_CURVE ( 'NONE', #3228, #3836, #868, .T. ) ;
#1923 = VERTEX_POINT ( 'NONE', #3147 ) ;
#1924 = ORIENTED_EDGE ( 'NONE', *, *, #2624, .T. ) ;
#1925 = VERTEX_POINT ( 'NONE', #4191 ) ;
#1926 = DIRECTION ( 'NONE',  ( 0.0000000000000000000, 0.0000000000000000000, -1.000000000000000000 ) ) ;
#1927 = VECTOR ( 'NONE', #2446, 39.37007874015748143 ) ;
#1928 = CARTESIAN_POINT ( 'NONE',  ( -0.08858267716535432601, 0.1299212598425196763, 0.06496062992125983815 ) ) ;
#1929 = ORIENTED_EDGE ( 'NONE', *, *, #3131, .T. ) ;
#1930 = AXIS2_PLACEMENT_3D ( 'NONE', #974, #1031, #705 ) ;
#1931 = DIRECTION ( 'NONE',  ( -3.519431053647356462E-16, -0.8660254037844389297, 0.4999999999999994449 ) ) ;
#1932 = DIRECTION ( 'NONE',  ( 0.0000000000000000000, 0.0000000000000000000, -1.000000000000000000 ) ) ;
#1933 = ORIENTED_EDGE ( 'NONE', *, *, #3539, .T. ) ;
#1934 = FACE_OUTER_BOUND ( 'NONE', #3813, .T. ) ;
#1935 = CARTESIAN_POINT ( 'NONE',  ( -0.1555118110236220763, -0.1377952755905511861, -0.09350393700787401619 ) ) ;
#1936 = EDGE_CURVE ( 'NONE', #2117, #1549, #2230, .T. ) ;
#1937 = ADVANCED_FACE ( 'NONE', ( #2824 ), #1275, .T. ) ;
#1938 = LINE ( 'NONE', #2912, #206 ) ;
#1939 = DIRECTION ( 'NONE',  ( -0.7071067811865479058, -0.7071067811865469066, 0.0000000000000000000 ) ) ;
#1940 = EDGE_CURVE ( 'NONE', #678, #149, #1849, .T. ) ;
#1941 = ORIENTED_EDGE ( 'NONE', *, *, #1999, .F. ) ;
#1942 = VERTEX_POINT ( 'NONE', #1189 ) ;
#1943 = FACE_OUTER_BOUND ( 'NONE', #219, .T. ) ;
#1944 = DIRECTION ( 'NONE',  ( 0.0000000000000000000, 0.0000000000000000000, 1.000000000000000000 ) ) ;
#1945 = ORIENTED_EDGE ( 'NONE', *, *, #984, .T. ) ;
#1946 = VERTEX_POINT ( 'NONE', #2213 ) ;
#1947 = DIRECTION ( 'NONE',  ( 0.7071067811865469066, -0.7071067811865479058, 0.0000000000000000000 ) ) ;
#1948 = LINE ( 'NONE', #352, #4029 ) ;
#1949 = ADVANCED_FACE ( 'NONE', ( #630 ), #1229, .T. ) ;
#1950 = LINE ( 'NONE', #3234, #1513 ) ;
#1951 = DIRECTION ( 'NONE',  ( -1.000000000000000000, 0.0000000000000000000, 0.0000000000000000000 ) ) ;
#1952 = CARTESIAN_POINT ( 'NONE',  ( -0.1318897637795275746, -0.09578120915254409451, 0.1023622047244094474 ) ) ;
#1953 = ADVANCED_FACE ( 'NONE', ( #3208 ), #1210, .T. ) ;
#1954 = DIRECTION ( 'NONE',  ( 0.0000000000000000000, 0.0000000000000000000, -1.000000000000000000 ) ) ;
#1955 = ORIENTED_EDGE ( 'NONE', *, *, #2187, .T. ) ;
#1956 = ORIENTED_EDGE ( 'NONE', *, *, #1219, .T. ) ;
#1957 = EDGE_LOOP ( 'NONE', ( #2284, #2010, #160, #3549 ) ) ;
#1958 = FACE_OUTER_BOUND ( 'NONE', #661, .T. ) ;
#1959 = DIRECTION ( 'NONE',  ( 1.000000000000000000, 0.0000000000000000000, 0.0000000000000000000 ) ) ;
#1960 = DIRECTION ( 'NONE',  ( -2.454115839351809943E-16, -1.000000000000000000, 0.0000000000000000000 ) ) ;
#1961 = VERTEX_POINT ( 'NONE', #4144 ) ;
#1962 = CARTESIAN_POINT ( 'NONE',  ( -0.1555118110236220763, -0.1377952755905511861, 0.08366141732283464971 ) ) ;
#1963 = EDGE_CURVE ( 'NONE', #75, #2282, #2493, .T. ) ;
#1964 = CARTESIAN_POINT ( 'NONE',  ( 0.1240157480314960647, 0.02755905511811023584, 0.1023622047244094474 ) ) ;
#1965 = VECTOR ( 'NONE', #33, 39.37007874015748143 ) ;
#1966 = EDGE_LOOP ( 'NONE', ( #1792, #102, #4105, #3067 ) ) ;
#1967 = VECTOR ( 'NONE', #1722, 39.37007874015748143 ) ;
#1968 = CARTESIAN_POINT ( 'NONE',  ( 0.08858267716535432601, 0.1496062992125984370, -0.08858267716535432601 ) ) ;
#1969 = DIRECTION ( 'NONE',  ( 0.7071067811865479058, -0.7071067811865469066, 0.0000000000000000000 ) ) ;
#1970 = AXIS2_PLACEMENT_3D ( 'NONE', #1655, #3959, #1289 ) ;
#1971 = CIRCLE ( 'NONE', #2513, 0.007874015748031499423 ) ;
#1972 = VECTOR ( 'NONE', #2007, 39.37007874015748143 ) ;
#1973 = LINE ( 'NONE', #3935, #273 ) ;
#1974 = AXIS2_PLACEMENT_3D ( 'NONE', #3878, #4188, #2226 ) ;
#1975 = VECTOR ( 'NONE', #2195, 39.37007874015748854 ) ;
#1976 = ORIENTED_EDGE ( 'NONE', *, *, #3824, .T. ) ;
#1977 = EDGE_CURVE ( 'NONE', #350, #3254, #893, .T. ) ;
#1978 = ORIENTED_EDGE ( 'NONE', *, *, #2391, .F. ) ;
#1979 = DIRECTION ( 'NONE',  ( 0.0000000000000000000, 1.000000000000000000, 0.0000000000000000000 ) ) ;
#1980 = DIRECTION ( 'NONE',  ( 0.0000000000000000000, -1.000000000000000000, 0.0000000000000000000 ) ) ;
#1981 = DIRECTION ( 'NONE',  ( 3.519431053647356462E-16, 0.8660254037844389297, -0.4999999999999994449 ) ) ;
#1982 = ORIENTED_EDGE ( 'NONE', *, *, #1344, .F. ) ;
#1983 = EDGE_CURVE ( 'NONE', #3966, #751, #2176, .T. ) ;
#1984 = ORIENTED_EDGE ( 'NONE', *, *, #1940, .T. ) ;
#1985 = DIRECTION ( 'NONE',  ( 0.0000000000000000000, 0.0000000000000000000, 1.000000000000000000 ) ) ;
#1986 = VECTOR ( 'NONE', #3677, 39.37007874015748143 ) ;
#1987 = EDGE_CURVE ( 'NONE', #4081, #271, #1910, .T. ) ;
#1988 = VERTEX_POINT ( 'NONE', #3795 ) ;
#1989 = CARTESIAN_POINT ( 'NONE',  ( 0.1181102362204724532, 0.03543307086614173179, -0.1023622047244094474 ) ) ;
#1990 = CARTESIAN_POINT ( 'NONE',  ( 0.1240157480314960647, 0.03543307086614173179, -0.1023622047244094474 ) ) ;
#1991 = DIRECTION ( 'NONE',  ( 0.0000000000000000000, -1.000000000000000000, 0.0000000000000000000 ) ) ;
#1992 = PLANE ( 'NONE',  #4003 ) ;
#1993 = ORIENTED_EDGE ( 'NONE', *, *, #3304, .T. ) ;
#1994 = VERTEX_POINT ( 'NONE', #4124 ) ;
#1995 = ORIENTED_EDGE ( 'NONE', *, *, #811, .F. ) ;
#1996 = CARTESIAN_POINT ( 'NONE',  ( -0.1318897637795275746, -0.1224523058384645591, -0.1023622047244094474 ) ) ;
#1997 = DIRECTION ( 'NONE',  ( 0.0000000000000000000, -1.000000000000000000, 0.0000000000000000000 ) ) ;
#1998 = VERTEX_POINT ( 'NONE', #3534 ) ;
#1999 = EDGE_CURVE ( 'NONE', #189, #3678, #2471, .T. ) ;
#2000 = DIRECTION ( 'NONE',  ( 0.0000000000000000000, 0.0000000000000000000, 1.000000000000000000 ) ) ;
#2001 = ADVANCED_FACE ( 'NONE', ( #247 ), #3842, .F. ) ;
#2002 = EDGE_CURVE ( 'NONE', #670, #2029, #3188, .T. ) ;
#2003 = ORIENTED_EDGE ( 'NONE', *, *, #2439, .F. ) ;
#2004 = AXIS2_PLACEMENT_3D ( 'NONE', #2392, #2742, #4086 ) ;
#2005 = CARTESIAN_POINT ( 'NONE',  ( 0.1318897637795275746, -0.04201406643800709162, -0.1023622047244094474 ) ) ;
#2006 = CARTESIAN_POINT ( 'NONE',  ( 0.1181102362204724532, 0.02755905511811023584, -0.1023622047244094474 ) ) ;
#2007 = DIRECTION ( 'NONE',  ( 4.063888932435259910E-16, -1.000000000000000000, 0.0000000000000000000 ) ) ;
#2008 = DIRECTION ( 'NONE',  ( 0.0000000000000000000, 1.000000000000000000, 0.0000000000000000000 ) ) ;
#2009 = ADVANCED_FACE ( 'NONE', ( #264 ), #1578, .T. ) ;
#2010 = ORIENTED_EDGE ( 'NONE', *, *, #3190, .T. ) ;
#2011 = ORIENTED_EDGE ( 'NONE', *, *, #2765, .F. ) ;
#2012 = VERTEX_POINT ( 'NONE', #4211 ) ;
#2013 = DIRECTION ( 'NONE',  ( 0.0000000000000000000, 0.0000000000000000000, -1.000000000000000000 ) ) ;
#2014 = CARTESIAN_POINT ( 'NONE',  ( -0.08858267716535432601, 0.1299212598425196763, -0.08858267716535432601 ) ) ;
#2015 = ORIENTED_EDGE ( 'NONE', *, *, #3635, .T. ) ;
#2016 = ORIENTED_EDGE ( 'NONE', *, *, #580, .F. ) ;
#2017 = VECTOR ( 'NONE', #1981, 39.37007874015748143 ) ;
#2018 = ADVANCED_FACE ( 'NONE', ( #2556 ), #2270, .T. ) ;
#2019 = ORIENTED_EDGE ( 'NONE', *, *, #2754, .F. ) ;
#2020 = EDGE_CURVE ( 'NONE', #2344, #3254, #3245, .T. ) ;
#2021 = PLANE ( 'NONE',  #1033 ) ;
#2022 = CARTESIAN_POINT ( 'NONE',  ( 0.1181102362204724532, 0.1377952755905511861, 0.1122047244094488277 ) ) ;
#2023 = CIRCLE ( 'NONE', #3466, 0.02362204724409448092 ) ;
#2024 = CARTESIAN_POINT ( 'NONE',  ( 0.1476377952755905387, -0.06889763779527559306, 0.07480314960629921850 ) ) ;
#2025 = CIRCLE ( 'NONE', #2986, 0.007874015748031499423 ) ;
#2026 = CARTESIAN_POINT ( 'NONE',  ( -0.1181102362204724532, 0.1299212598425196763, -0.1122047244094488277 ) ) ;
#2027 = AXIS2_PLACEMENT_3D ( 'NONE', #4135, #907, #1861 ) ;
#2028 = VECTOR ( 'NONE', #2540, 39.37007874015748143 ) ;
#2029 = VERTEX_POINT ( 'NONE', #2967 ) ;
#2030 = AXIS2_PLACEMENT_3D ( 'NONE', #588, #3229, #1605 ) ;
#2031 = ADVANCED_FACE ( 'NONE', ( #3967 ), #2984, .T. ) ;
#2032 = ORIENTED_EDGE ( 'NONE', *, *, #4113, .F. ) ;
#2033 = VECTOR ( 'NONE', #2118, 39.37007874015748143 ) ;
#2034 = CARTESIAN_POINT ( 'NONE',  ( -0.1122047244094488277, 0.1299212598425196763, -0.1122047244094488277 ) ) ;
#2035 = CARTESIAN_POINT ( 'NONE',  ( -0.1318897637795275746, -0.09578120915254409451, 0.1023622047244094474 ) ) ;
#2036 = CIRCLE ( 'NONE', #3060, 0.007874015748031499423 ) ;
#2037 = MANIFOLD_SOLID_BREP ( 'NONE', #3886 ) ;
#2038 = AXIS2_PLACEMENT_3D ( 'NONE', #3697, #770, #1771 ) ;
#2039 = DIRECTION ( 'NONE',  ( -2.454115839351809943E-16, -1.000000000000000000, 0.0000000000000000000 ) ) ;
#2040 = ORIENTED_EDGE ( 'NONE', *, *, #4115, .F. ) ;
#2041 = ORIENTED_EDGE ( 'NONE', *, *, #2844, .T. ) ;
#2042 = DIRECTION ( 'NONE',  ( 0.0000000000000000000, 1.000000000000000000, 0.0000000000000000000 ) ) ;
#2043 = VECTOR ( 'NONE', #2672, 39.37007874015748143 ) ;
#2044 = CARTESIAN_POINT ( 'NONE',  ( -0.1181102362204724532, 0.1377952755905511861, -0.1122047244094488277 ) ) ;
#2045 = LINE ( 'NONE', #2125, #1661 ) ;
#2046 = ORIENTED_EDGE ( 'NONE', *, *, #4194, .T. ) ;
#2047 = LINE ( 'NONE', #2770, #285 ) ;
#2048 = CARTESIAN_POINT ( 'NONE',  ( -0.08858267716535432601, 0.1377952755905511861, -0.1122047244094488139 ) ) ;
#2049 = PLANE ( 'NONE',  #1298 ) ;
#2050 = VECTOR ( 'NONE', #2082, 39.37007874015748143 ) ;
#2051 = DIRECTION ( 'NONE',  ( 0.0000000000000000000, 0.0000000000000000000, 1.000000000000000000 ) ) ;
#2052 = EDGE_CURVE ( 'NONE', #1500, #1027, #2253, .T. ) ;
#2053 = EDGE_CURVE ( 'NONE', #2794, #3476, #1351, .T. ) ;
#2054 = COORDINATED_UNIVERSAL_TIME_OFFSET ( 0, 0, .AHEAD. ) ;
#2055 = EDGE_LOOP ( 'NONE', ( #904, #3255 ) ) ;
#2056 = ORIENTED_EDGE ( 'NONE', *, *, #2183, .F. ) ;
#2057 = DIRECTION ( 'NONE',  ( 0.0000000000000000000, -1.000000000000000000, 0.0000000000000000000 ) ) ;
#2058 = CARTESIAN_POINT ( 'NONE',  ( 0.1240157480314960647, -0.1224523058384645591, -0.07480314960629921850 ) ) ;
#2059 = DIRECTION ( 'NONE',  ( 0.0000000000000000000, 1.000000000000000000, 0.0000000000000000000 ) ) ;
#2060 = ORIENTED_EDGE ( 'NONE', *, *, #1724, .T. ) ;
#2061 = VERTEX_POINT ( 'NONE', #1294 ) ;
#2062 = LINE ( 'NONE', #2413, #3905 ) ;
#2063 = LINE ( 'NONE', #2968, #1769 ) ;
#2064 = EDGE_LOOP ( 'NONE', ( #222, #3061, #2568, #1015, #438, #2263 ) ) ;
#2065 = SPHERICAL_SURFACE ( 'NONE', #2365, 0.03937007874015747977 ) ;
#2066 = DIRECTION ( 'NONE',  ( 1.000000000000000000, 0.0000000000000000000, 0.0000000000000000000 ) ) ;
#2067 = VECTOR ( 'NONE', #1548, 39.37007874015748143 ) ;
#2068 = CARTESIAN_POINT ( 'NONE',  ( 0.0000000000000000000, 0.0000000000000000000, -0.04921259842519685318 ) ) ;
#2069 = FACE_OUTER_BOUND ( 'NONE', #2314, .T. ) ;
#2070 = EDGE_CURVE ( 'NONE', #2629, #1765, #3592, .T. ) ;
#2071 = SHAPE_DEFINITION_REPRESENTATION ( #2783, #706 ) ;
#2072 = ORIENTED_EDGE ( 'NONE', *, *, #4128, .F. ) ;
#2073 = EDGE_LOOP ( 'NONE', ( #819, #1532, #4184, #3119 ) ) ;
#2074 = EDGE_CURVE ( 'NONE', #2900, #3220, #41, .T. ) ;
#2075 = CARTESIAN_POINT ( 'NONE',  ( -0.1263219938489248129, -0.04758183636860983945, -0.1023622047244094474 ) ) ;
#2076 = CARTESIAN_POINT ( 'NONE',  ( 0.1181102362204724532, 0.02755905511811023584, -0.1023622047244094474 ) ) ;
#2077 = CARTESIAN_POINT ( 'NONE',  ( -0.1532055652061933004, -0.06332986786467284523, -0.1023622047244094474 ) ) ;
#2078 = ORIENTED_EDGE ( 'NONE', *, *, #1909, .T. ) ;
#2079 = EDGE_LOOP ( 'NONE', ( #3556, #3812, #1800, #2441 ) ) ;
#2080 = DIRECTION ( 'NONE',  ( -1.000000000000000000, -4.063888932435259910E-16, 0.0000000000000000000 ) ) ;
#2081 = PLANE ( 'NONE',  #2929 ) ;
#2082 = DIRECTION ( 'NONE',  ( 0.0000000000000000000, 0.0000000000000000000, 1.000000000000000000 ) ) ;
#2083 = VERTEX_POINT ( 'NONE', #2906 ) ;
#2084 = CARTESIAN_POINT ( 'NONE',  ( -0.08858267716535432601, 0.1181102362204724532, 0.08858267716535432601 ) ) ;
#2085 = EDGE_CURVE ( 'NONE', #458, #2612, #3990, .T. ) ;
#2086 = DIRECTION ( 'NONE',  ( 2.454115839351809943E-16, -1.000000000000000000, 0.0000000000000000000 ) ) ;
#2087 = CARTESIAN_POINT ( 'NONE',  ( 0.1181102362204724532, 0.03543307086614173179, -0.07480314960629921850 ) ) ;
#2088 = VECTOR ( 'NONE', #3624, 39.37007874015748143 ) ;
#2089 = CARTESIAN_POINT ( 'NONE',  ( -0.1476377952755905387, -0.06889763779527559306, 0.07480314960629921850 ) ) ;
#2090 = VECTOR ( 'NONE', #252, 39.37007874015748143 ) ;
#2091 = ORIENTED_EDGE ( 'NONE', *, *, #633, .F. ) ;
#2092 = ORIENTED_EDGE ( 'NONE', *, *, #1749, .T. ) ;
#2093 = CARTESIAN_POINT ( 'NONE',  ( -0.1240157480314960647, -0.09578120915254409451, 0.1023622047244094474 ) ) ;
#2094 = CIRCLE ( 'NONE', #2788, 0.007874015748031499423 ) ;
#2095 = DIRECTION ( 'NONE',  ( 0.0000000000000000000, 0.0000000000000000000, -1.000000000000000000 ) ) ;
#2096 = PRODUCT_RELATED_PRODUCT_CATEGORY ( 'detail', '', ( #466 ) ) ;
#2097 = AXIS2_PLACEMENT_3D ( 'NONE', #3149, #3799, #895 ) ;
#2098 = LINE ( 'NONE', #3734, #4071 ) ;
#2099 = EDGE_LOOP ( 'NONE', ( #171, #566, #710, #2671 ) ) ;
#2100 = VERTEX_POINT ( 'NONE', #61 ) ;
#2101 = AXIS2_PLACEMENT_3D ( 'NONE', #2989, #3305, #1417 ) ;
#2102 = AXIS2_PLACEMENT_3D ( 'NONE', #582, #2191, #3183 ) ;
#2103 = LINE ( 'NONE', #3413, #3618 ) ;
#2104 = EDGE_CURVE ( 'NONE', #3114, #3836, #2927, .T. ) ;
#2105 = DIRECTION ( 'NONE',  ( -4.063888932435259910E-16, -1.000000000000000000, 0.0000000000000000000 ) ) ;
#2106 = VECTOR ( 'NONE', #2950, 39.37007874015748143 ) ;
#2107 = ORIENTED_EDGE ( 'NONE', *, *, #2201, .T. ) ;
#2108 = LINE ( 'NONE', #1802, #3065 ) ;
#2109 = DIRECTION ( 'NONE',  ( 0.0000000000000000000, 1.000000000000000000, 0.0000000000000000000 ) ) ;
#2110 = CARTESIAN_POINT ( 'NONE',  ( 0.1181102362204724532, 0.02755905511811023584, 0.1023622047244094474 ) ) ;
#2111 = ADVANCED_FACE ( 'NONE', ( #3926 ), #999, .F. ) ;
#2112 = CARTESIAN_POINT ( 'NONE',  ( -0.1555118110236220763, 0.003937007874015747977, 0.04921259842519685318 ) ) ;
#2113 = LINE ( 'NONE', #2154, #1511 ) ;
#2114 = DIRECTION ( 'NONE',  ( 0.0000000000000000000, 0.0000000000000000000, 1.000000000000000000 ) ) ;
#2115 = ORIENTED_EDGE ( 'NONE', *, *, #393, .T. ) ;
#2116 = VECTOR ( 'NONE', #2945, 39.37007874015748143 ) ;
#2117 = VERTEX_POINT ( 'NONE', #348 ) ;
#2118 = DIRECTION ( 'NONE',  ( 1.445602896647339903E-16, 0.0000000000000000000, 1.000000000000000000 ) ) ;
#2119 = SPHERICAL_SURFACE ( 'NONE', #975, 0.03937007874015747977 ) ;
#2120 = DIRECTION ( 'NONE',  ( -2.168404344971010347E-16, 0.0000000000000000000, -1.000000000000000000 ) ) ;
#2121 = FACE_BOUND ( 'NONE', #395, .T. ) ;
#2122 = ORIENTED_EDGE ( 'NONE', *, *, #664, .T. ) ;
#2123 = DIRECTION ( 'NONE',  ( 0.0000000000000000000, 0.0000000000000000000, 1.000000000000000000 ) ) ;
#2124 = CARTESIAN_POINT ( 'NONE',  ( 0.0000000000000000000, 0.1299212598425196763, 0.07283464566929134798 ) ) ;
#2125 = CARTESIAN_POINT ( 'NONE',  ( 0.1263219938489248129, -0.09021343922194134668, 0.1023622047244094474 ) ) ;
#2126 = EDGE_LOOP ( 'NONE', ( #1009, #3263, #3434, #506 ) ) ;
#2127 = VERTEX_POINT ( 'NONE', #1036 ) ;
#2128 = EDGE_CURVE ( 'NONE', #457, #916, #1660, .T. ) ;
#2129 = LINE ( 'NONE', #3882, #1037 ) ;
#2130 = EDGE_CURVE ( 'NONE', #2616, #1765, #2290, .T. ) ;
#2131 = CARTESIAN_POINT ( 'NONE',  ( -0.1318897637795275746, -0.1024489833240242176, 0.1139111283628084642 ) ) ;
#2132 = DIRECTION ( 'NONE',  ( 1.000000000000000000, 0.0000000000000000000, 0.0000000000000000000 ) ) ;
#2133 = CARTESIAN_POINT ( 'NONE',  ( -0.08858267716535432601, 0.1377952755905511861, 0.08858267716535432601 ) ) ;
#2134 = DIRECTION ( 'NONE',  ( 0.7071067811865479058, -0.7071067811865469066, 0.0000000000000000000 ) ) ;
#2135 = DIRECTION ( 'NONE',  ( 0.0000000000000000000, 1.000000000000000000, 0.0000000000000000000 ) ) ;
#2136 = ORIENTED_EDGE ( 'NONE', *, *, #1909, .F. ) ;
#2137 = ORIENTED_EDGE ( 'NONE', *, *, #930, .T. ) ;
#2138 = CIRCLE ( 'NONE', #2683, 0.005905511811023620231 ) ;
#2139 = DIRECTION ( 'NONE',  ( 0.7071067811865480168, -0.7071067811865470176, 0.0000000000000000000 ) ) ;
#2140 = LINE ( 'NONE', #3520, #2801 ) ;
#2141 = ADVANCED_FACE ( 'NONE', ( #3285 ), #2637, .T. ) ;
#2142 = DIRECTION ( 'NONE',  ( 1.000000000000000000, 0.0000000000000000000, 0.0000000000000000000 ) ) ;
#2143 = CARTESIAN_POINT ( 'NONE',  ( 0.1476377952755905387, -0.06889763779527559306, -0.07480314960629921850 ) ) ;
#2144 = FACE_OUTER_BOUND ( 'NONE', #2899, .T. ) ;
#2145 = DIRECTION ( 'NONE',  ( 0.0000000000000000000, 0.0000000000000000000, -1.000000000000000000 ) ) ;
#2146 = ORIENTED_EDGE ( 'NONE', *, *, #1261, .T. ) ;
#2147 = ORIENTED_EDGE ( 'NONE', *, *, #3662, .F. ) ;
#2148 = DIRECTION ( 'NONE',  ( 0.0000000000000000000, -1.000000000000000000, 0.0000000000000000000 ) ) ;
#2149 = FACE_OUTER_BOUND ( 'NONE', #3948, .T. ) ;
#2150 = CARTESIAN_POINT ( 'NONE',  ( -0.1181102362204724532, 0.0000000000000000000, -0.1122047244094488277 ) ) ;
#2151 = ADVANCED_FACE ( 'NONE', ( #1157 ), #1070, .F. ) ;
#2152 = CARTESIAN_POINT ( 'NONE',  ( -0.1122047244094488277, 0.1377952755905511861, -0.1181102362204724532 ) ) ;
#2153 = ADVANCED_FACE ( 'NONE', ( #2724 ), #144, .F. ) ;
#2154 = CARTESIAN_POINT ( 'NONE',  ( -0.1318897637795275746, -0.04201406643800709162, 0.1023622047244094474 ) ) ;
#2155 = DIRECTION ( 'NONE',  ( 1.000000000000000000, 0.0000000000000000000, 0.0000000000000000000 ) ) ;
#2156 = EDGE_CURVE ( 'NONE', #2282, #1483, #2062, .T. ) ;
#2157 = ORIENTED_EDGE ( 'NONE', *, *, #4115, .T. ) ;
#2158 = EDGE_LOOP ( 'NONE', ( #1313, #2908, #3501, #2836 ) ) ;
#2159 = CARTESIAN_POINT ( 'NONE',  ( -0.08858267716535432601, 0.1299212598425196763, -0.1122047244094488139 ) ) ;
#2160 = ORIENTED_EDGE ( 'NONE', *, *, #4121, .F. ) ;
#2161 = CARTESIAN_POINT ( 'NONE',  ( -0.1318897637795275746, -0.09578120915254409451, -0.07480314960629921850 ) ) ;
#2162 = DIRECTION ( 'NONE',  ( 1.000000000000000000, 0.0000000000000000000, 0.0000000000000000000 ) ) ;
#2163 = EDGE_CURVE ( 'NONE', #1618, #2190, #2394, .T. ) ;
#2164 = FACE_OUTER_BOUND ( 'NONE', #2073, .T. ) ;
#2165 = ORIENTED_EDGE ( 'NONE', *, *, #2052, .F. ) ;
#2166 = VERTEX_POINT ( 'NONE', #4008 ) ;
#2167 = CIRCLE ( 'NONE', #1429, 0.005905511811023620231 ) ;
#2168 = DIRECTION ( 'NONE',  ( 1.000000000000000000, 0.0000000000000000000, 0.0000000000000000000 ) ) ;
#2169 = CYLINDRICAL_SURFACE ( 'NONE', #1028, 0.02362204724409448092 ) ;
#2170 = AXIS2_PLACEMENT_3D ( 'NONE', #354, #3868, #15 ) ;
#2171 = VECTOR ( 'NONE', #465, 39.37007874015748143 ) ;
#2172 = CARTESIAN_POINT ( 'NONE',  ( -0.08858267716535432601, 0.1496062992125984370, 0.1122047244094488139 ) ) ;
#2173 = ORIENTED_EDGE ( 'NONE', *, *, #3768, .F. ) ;
#2174 = VERTEX_POINT ( 'NONE', #2744 ) ;
#2175 = VECTOR ( 'NONE', #4102, 39.37007874015748143 ) ;
#2176 = LINE ( 'NONE', #3227, #3409 ) ;
#2177 = VECTOR ( 'NONE', #2459, 39.37007874015748143 ) ;
#2178 = FACE_OUTER_BOUND ( 'NONE', #2555, .T. ) ;
#2179 = CARTESIAN_POINT ( 'NONE',  ( 0.08858267716535432601, 0.1181102362204724532, 0.08858267716535432601 ) ) ;
#2180 = DIRECTION ( 'NONE',  ( -2.454115839351809943E-16, -1.000000000000000000, 0.0000000000000000000 ) ) ;
#2181 = CARTESIAN_POINT ( 'NONE',  ( -0.1240157480314960647, -0.04201406643800709162, -0.1023622047244094474 ) ) ;
#2182 = ORIENTED_EDGE ( 'NONE', *, *, #3381, .T. ) ;
#2183 = EDGE_CURVE ( 'NONE', #727, #3275, #2797, .T. ) ;
#2184 = LINE ( 'NONE', #4153, #4040 ) ;
#2185 = CARTESIAN_POINT ( 'NONE',  ( -0.08858267716535432601, 0.1181102362204724532, -0.08858267716535432601 ) ) ;
#2186 = DIRECTION ( 'NONE',  ( 1.000000000000000000, 0.0000000000000000000, 0.0000000000000000000 ) ) ;
#2187 = EDGE_CURVE ( 'NONE', #2083, #374, #2442, .T. ) ;
#2188 = CIRCLE ( 'NONE', #2381, 0.007874015748031499423 ) ;
#2189 = CARTESIAN_POINT ( 'NONE',  ( -0.1240157480314960647, 0.02755905511811023584, -0.1023622047244094474 ) ) ;
#2190 = VERTEX_POINT ( 'NONE', #3343 ) ;
#2191 = DIRECTION ( 'NONE',  ( 0.0000000000000000000, 1.000000000000000000, 0.0000000000000000000 ) ) ;
#2192 = CARTESIAN_POINT ( 'NONE',  ( 0.1122047244094488277, 0.1299212598425196763, -0.1122047244094488277 ) ) ;
#2193 = ORIENTED_EDGE ( 'NONE', *, *, #1447, .T. ) ;
#2194 = ORIENTED_EDGE ( 'NONE', *, *, #729, .F. ) ;
#2195 = DIRECTION ( 'NONE',  ( -0.7071067811865479058, -0.7071067811865469066, 0.0000000000000000000 ) ) ;
#2196 = DIRECTION ( 'NONE',  ( 0.0000000000000000000, 0.0000000000000000000, 1.000000000000000000 ) ) ;
#2197 = LINE ( 'NONE', #1663, #205 ) ;
#2198 = CARTESIAN_POINT ( 'NONE',  ( 0.1318897637795275746, -0.04201406643800709162, -0.1023622047244094474 ) ) ;
#2199 = DIRECTION ( 'NONE',  ( 0.0000000000000000000, 0.0000000000000000000, -1.000000000000000000 ) ) ;
#2200 = CARTESIAN_POINT ( 'NONE',  ( 0.1240157480314960647, -0.1024489833240242176, -0.1139111283628084642 ) ) ;
#2201 = EDGE_CURVE ( 'NONE', #3965, #1961, #464, .T. ) ;
#2202 = DIRECTION ( 'NONE',  ( 0.7071067811865479058, -0.7071067811865469066, 0.0000000000000000000 ) ) ;
#2203 = EDGE_CURVE ( 'NONE', #3000, #3244, #3561, .T. ) ;
#2204 = ADVANCED_FACE ( 'NONE', ( #1458 ), #105, .T. ) ;
#2205 = ORIENTED_EDGE ( 'NONE', *, *, #3256, .T. ) ;
#2206 = ORIENTED_EDGE ( 'NONE', *, *, #1106, .T. ) ;
#2207 = CARTESIAN_POINT ( 'NONE',  ( -0.1181102362204724532, 0.1299212598425196763, 0.1181102362204724532 ) ) ;
#2208 = CARTESIAN_POINT ( 'NONE',  ( -0.1181102362204724532, 0.03543307086614173179, 0.1023622047244094474 ) ) ;
#2209 = DESIGN_CONTEXT ( 'detailed design', #2911, 'design' ) ;
#2210 = DIRECTION ( 'NONE',  ( 0.0000000000000000000, 0.0000000000000000000, -1.000000000000000000 ) ) ;
#2211 = EDGE_LOOP ( 'NONE', ( #1449, #3728, #2509, #2205 ) ) ;
#2212 = ORIENTED_EDGE ( 'NONE', *, *, #1336, .F. ) ;
#2213 = CARTESIAN_POINT ( 'NONE',  ( 0.1263219938489248129, -0.09021343922194134668, -0.07480314960629921850 ) ) ;
#2214 = ADVANCED_FACE ( 'NONE', ( #3069 ), #4070, .F. ) ;
#2215 = CARTESIAN_POINT ( 'NONE',  ( 0.1318897637795275746, -0.1224523058384645591, 0.07480314960629921850 ) ) ;
#2216 = DIRECTION ( 'NONE',  ( 0.7071067811865469066, -0.7071067811865479058, 0.0000000000000000000 ) ) ;
#2217 = DIRECTION ( 'NONE',  ( 1.000000000000000000, 0.0000000000000000000, 0.0000000000000000000 ) ) ;
#2218 = ORIENTED_EDGE ( 'NONE', *, *, #2163, .T. ) ;
#2219 = FACE_OUTER_BOUND ( 'NONE', #3691, .T. ) ;
#2220 = DIRECTION ( 'NONE',  ( 0.0000000000000000000, 0.0000000000000000000, 1.000000000000000000 ) ) ;
#2221 = DIRECTION ( 'NONE',  ( 1.000000000000000000, 0.0000000000000000000, 0.0000000000000000000 ) ) ;
#2222 = EDGE_LOOP ( 'NONE', ( #1086, #1139, #4019, #3361 ) ) ;
#2223 = DIRECTION ( 'NONE',  ( -1.000000000000000000, 0.0000000000000000000, 2.168404344971010347E-16 ) ) ;
#2224 = AXIS2_PLACEMENT_3D ( 'NONE', #390, #454, #2008 ) ;
#2225 = LINE ( 'NONE', #2749, #76 ) ;
#2226 = DIRECTION ( 'NONE',  ( 0.0000000000000000000, 0.0000000000000000000, -1.000000000000000000 ) ) ;
#2227 = AXIS2_PLACEMENT_3D ( 'NONE', #3104, #2869, #2476 ) ;
#2228 = DIRECTION ( 'NONE',  ( 0.0000000000000000000, 0.0000000000000000000, -1.000000000000000000 ) ) ;
#2229 = EDGE_LOOP ( 'NONE', ( #991, #2849, #4138, #3636 ) ) ;
#2230 = LINE ( 'NONE', #4165, #692 ) ;
#2231 = VECTOR ( 'NONE', #973, 39.37007874015748143 ) ;
#2232 = VECTOR ( 'NONE', #404, 39.37007874015748854 ) ;
#2233 = CARTESIAN_POINT ( 'NONE',  ( -0.08858267716535432601, 0.1496062992125984370, 0.08858267716535432601 ) ) ;
#2234 = EDGE_CURVE ( 'NONE', #457, #1988, #750, .T. ) ;
#2235 = AXIS2_PLACEMENT_3D ( 'NONE', #3251, #941, #3891 ) ;
#2236 = VECTOR ( 'NONE', #1791, 39.37007874015748143 ) ;
#2237 = CARTESIAN_POINT ( 'NONE',  ( -0.1532055652061933004, -0.07446540772587834089, -0.07480314960629921850 ) ) ;
#2238 = CARTESIAN_POINT ( 'NONE',  ( 0.1181102362204724532, 0.1377952755905511861, 0.1181102362204724532 ) ) ;
#2239 = AXIS2_PLACEMENT_3D ( 'NONE', #3247, #1299, #1622 ) ;
#2240 = EDGE_CURVE ( 'NONE', #1630, #4095, #1308, .T. ) ;
#2241 = VECTOR ( 'NONE', #3301, 39.37007874015748143 ) ;
#2242 = VECTOR ( 'NONE', #1244, 39.37007874015748143 ) ;
#2243 = DIRECTION ( 'NONE',  ( 0.0000000000000000000, 0.0000000000000000000, 1.000000000000000000 ) ) ;
#2244 = FACE_OUTER_BOUND ( 'NONE', #2229, .T. ) ;
#2245 = DIRECTION ( 'NONE',  ( 2.454115839351809943E-16, -1.000000000000000000, 0.0000000000000000000 ) ) ;
#2246 = ORIENTED_EDGE ( 'NONE', *, *, #853, .T. ) ;
#2247 = ORIENTED_EDGE ( 'NONE', *, *, #4142, .F. ) ;
#2248 = DIRECTION ( 'NONE',  ( 0.0000000000000000000, 0.0000000000000000000, 1.000000000000000000 ) ) ;
#2249 = DIRECTION ( 'NONE',  ( 0.0000000000000000000, 0.0000000000000000000, -1.000000000000000000 ) ) ;
#2250 = AXIS2_PLACEMENT_3D ( 'NONE', #1348, #360, #2901 ) ;
#2251 = DIRECTION ( 'NONE',  ( 0.0000000000000000000, 0.0000000000000000000, 1.000000000000000000 ) ) ;
#2252 = EDGE_LOOP ( 'NONE', ( #773, #3889 ) ) ;
#2253 = LINE ( 'NONE', #5, #2241 ) ;
#2254 = ADVANCED_FACE ( 'NONE', ( #2144 ), #1203, .T. ) ;
#2255 = ORIENTED_EDGE ( 'NONE', *, *, #1885, .T. ) ;
#2256 = EDGE_CURVE ( 'NONE', #2100, #1923, #1099, .T. ) ;
#2257 = EDGE_CURVE ( 'NONE', #940, #189, #1503, .T. ) ;
#2258 = CARTESIAN_POINT ( 'NONE',  ( -0.1181102362204724532, 0.1377952755905511861, 0.1122047244094488277 ) ) ;
#2259 = CARTESIAN_POINT ( 'NONE',  ( -0.1532055652061933004, -0.07446540772587834089, -0.1023622047244094474 ) ) ;
#2260 = FACE_OUTER_BOUND ( 'NONE', #793, .T. ) ;
#2261 = LINE ( 'NONE', #1611, #4239 ) ;
#2262 = CARTESIAN_POINT ( 'NONE',  ( 0.08858267716535432601, 0.1496062992125984370, 0.1122047244094488139 ) ) ;
#2263 = ORIENTED_EDGE ( 'NONE', *, *, #2841, .T. ) ;
#2264 = ADVANCED_FACE ( 'NONE', ( #1572 ), #283, .T. ) ;
#2265 = ORIENTED_EDGE ( 'NONE', *, *, #1531, .T. ) ;
#2266 = DIRECTION ( 'NONE',  ( 0.0000000000000000000, 1.000000000000000000, 0.0000000000000000000 ) ) ;
#2267 = PLANE ( 'NONE',  #1382 ) ;
#2268 = ORIENTED_EDGE ( 'NONE', *, *, #785, .F. ) ;
#2269 = EDGE_LOOP ( 'NONE', ( #2839, #1049 ) ) ;
#2270 = CYLINDRICAL_SURFACE ( 'NONE', #1439, 0.007874015748031466463 ) ;
#2271 = VECTOR ( 'NONE', #860, 39.37007874015748143 ) ;
#2272 = LINE ( 'NONE', #3907, #3400 ) ;
#2273 = VERTEX_POINT ( 'NONE', #1533 ) ;
#2274 = DIRECTION ( 'NONE',  ( 0.0000000000000000000, 0.0000000000000000000, -1.000000000000000000 ) ) ;
#2275 = DIRECTION ( 'NONE',  ( 0.7071067811865469066, -0.7071067811865479058, 0.0000000000000000000 ) ) ;
#2276 = EDGE_CURVE ( 'NONE', #2190, #82, #201, .T. ) ;
#2277 = PRODUCT_DEFINITION_FORMATION_WITH_SPECIFIED_SOURCE ( 'ANY', '', #466, .NOT_KNOWN. ) ;
#2278 = DIRECTION ( 'NONE',  ( 0.0000000000000000000, 0.0000000000000000000, -1.000000000000000000 ) ) ;
#2279 = LINE ( 'NONE', #2262, #1965 ) ;
#2280 = EDGE_CURVE ( 'NONE', #3474, #2943, #563, .T. ) ;
#2281 = CIRCLE ( 'NONE', #2345, 0.02362204724409448092 ) ;
#2282 = VERTEX_POINT ( 'NONE', #1868 ) ;
#2283 = EDGE_LOOP ( 'NONE', ( #1907, #2793, #2863, #1241 ) ) ;
#2284 = ORIENTED_EDGE ( 'NONE', *, *, #1776, .T. ) ;
#2285 = CARTESIAN_POINT ( 'NONE',  ( -0.1263219938489248129, -0.09021343922194134668, -0.1023622047244094474 ) ) ;
#2286 = ADVANCED_FACE ( 'NONE', ( #4186 ), #3116, .T. ) ;
#2287 = CARTESIAN_POINT ( 'NONE',  ( 0.08858267716535432601, 0.1496062992125984370, 0.08858267716535432601 ) ) ;
#2288 = ORIENTED_EDGE ( 'NONE', *, *, #1124, .T. ) ;
#2289 = ORIENTED_EDGE ( 'NONE', *, *, #1286, .F. ) ;
#2290 = LINE ( 'NONE', #3612, #1919 ) ;
#2291 = AXIS2_PLACEMENT_3D ( 'NONE', #1115, #1133, #3712 ) ;
#2292 = VERTEX_POINT ( 'NONE', #1251 ) ;
#2293 = VECTOR ( 'NONE', #1300, 39.37007874015748143 ) ;
#2294 = FACE_OUTER_BOUND ( 'NONE', #462, .T. ) ;
#2295 = DIRECTION ( 'NONE',  ( 0.0000000000000000000, 0.0000000000000000000, 1.000000000000000000 ) ) ;
#2296 = VECTOR ( 'NONE', #798, 39.37007874015748143 ) ;
#2297 = VECTOR ( 'NONE', #1277, 39.37007874015748143 ) ;
#2298 = VECTOR ( 'NONE', #520, 39.37007874015748143 ) ;
#2299 = LINE ( 'NONE', #2607, #128 ) ;
#2300 = VECTOR ( 'NONE', #1859, 39.37007874015748854 ) ;
#2301 = LINE ( 'NONE', #675, #608 ) ;
#2302 = VECTOR ( 'NONE', #3773, 39.37007874015748143 ) ;
#2303 = ADVANCED_FACE ( 'NONE', ( #3163 ), #241, .F. ) ;
#2304 = VERTEX_POINT ( 'NONE', #3222 ) ;
#2305 = EDGE_CURVE ( 'NONE', #3019, #1839, #2593, .T. ) ;
#2306 = VERTEX_POINT ( 'NONE', #3942 ) ;
#2307 = CARTESIAN_POINT ( 'NONE',  ( 0.1318897637795275746, -0.1224523058384645591, -0.07480314960629921850 ) ) ;
#2308 = PLANE ( 'NONE',  #46 ) ;
#2309 = ORIENTED_EDGE ( 'NONE', *, *, #2203, .T. ) ;
#2310 = CARTESIAN_POINT ( 'NONE',  ( 0.1240157480314960647, -0.09578120915254409451, -0.1023622047244094474 ) ) ;
#2311 = EDGE_CURVE ( 'NONE', #282, #2292, #1301, .T. ) ;
#2312 = DIRECTION ( 'NONE',  ( -4.063888932435259910E-16, -1.000000000000000000, 0.0000000000000000000 ) ) ;
#2313 = CIRCLE ( 'NONE', #3628, 0.007874015748031499423 ) ;
#2314 = EDGE_LOOP ( 'NONE', ( #3007, #107, #3741, #407 ) ) ;
#2315 = EDGE_CURVE ( 'NONE', #82, #1676, #1369, .T. ) ;
#2316 = DIRECTION ( 'NONE',  ( 0.0000000000000000000, -1.000000000000000000, 0.0000000000000000000 ) ) ;
#2317 = LINE ( 'NONE', #3370, #1024 ) ;
#2318 = CARTESIAN_POINT ( 'NONE',  ( -0.08858267716535432601, 0.1299212598425196763, -0.08858267716535432601 ) ) ;
#2319 = CARTESIAN_POINT ( 'NONE',  ( -0.1263219938489248129, -0.04758183636860983945, 0.1023622047244094474 ) ) ;
#2320 = PERSON_AND_ORGANIZATION_ROLE ( 'creator' ) ;
#2321 = EDGE_LOOP ( 'NONE', ( #115, #745 ) ) ;
#2322 = ORIENTED_EDGE ( 'NONE', *, *, #1276, .F. ) ;
#2323 = EDGE_LOOP ( 'NONE', ( #36, #1187, #3919, #2115 ) ) ;
#2324 = FACE_OUTER_BOUND ( 'NONE', #3113, .T. ) ;
#2325 = LINE ( 'NONE', #1996, #982 ) ;
#2326 = EDGE_CURVE ( 'NONE', #1998, #3782, #897, .T. ) ;
#2327 = ADVANCED_FACE ( 'NONE', ( #994 ), #2655, .F. ) ;
#2328 = ORIENTED_EDGE ( 'NONE', *, *, #2952, .T. ) ;
#2329 = CARTESIAN_POINT ( 'NONE',  ( -0.1181102362204724532, 0.02755905511811023584, -0.07480314960629921850 ) ) ;
#2330 = CARTESIAN_POINT ( 'NONE',  ( 0.08858267716535432601, 0.1496062992125984370, 0.08858267716535432601 ) ) ;
#2331 = ORIENTED_EDGE ( 'NONE', *, *, #1497, .T. ) ;
#2332 = CARTESIAN_POINT ( 'NONE',  ( 0.0000000000000000000, 0.2127358247901673105, 0.0000000000000000000 ) ) ;
#2333 = CARTESIAN_POINT ( 'NONE',  ( 0.1555118110236219930, -0.06889763779527559306, 0.1023622047244094474 ) ) ;
#2334 = CARTESIAN_POINT ( 'NONE',  ( -0.1240157480314960647, 0.02755905511811023584, -0.1023622047244094474 ) ) ;
#2335 = ADVANCED_FACE ( 'NONE', ( #2631 ), #3550, .F. ) ;
#2336 = DIRECTION ( 'NONE',  ( -1.000000000000000000, 0.0000000000000000000, 0.0000000000000000000 ) ) ;
#2337 = CALENDAR_DATE ( 2021, 18, 12 ) ;
#2338 = VERTEX_POINT ( 'NONE', #2961 ) ;
#2339 = ORIENTED_EDGE ( 'NONE', *, *, #1344, .T. ) ;
#2340 = ORIENTED_EDGE ( 'NONE', *, *, #651, .F. ) ;
#2341 = LINE ( 'NONE', #2433, #330 ) ;
#2342 = DIRECTION ( 'NONE',  ( 0.0000000000000000000, 0.0000000000000000000, 1.000000000000000000 ) ) ;
#2343 = ORIENTED_EDGE ( 'NONE', *, *, #947, .F. ) ;
#2344 = VERTEX_POINT ( 'NONE', #662 ) ;
#2345 = AXIS2_PLACEMENT_3D ( 'NONE', #2287, #3242, #2657 ) ;
#2346 = DIRECTION ( 'NONE',  ( 0.0000000000000000000, 0.0000000000000000000, -1.000000000000000000 ) ) ;
#2347 = AXIS2_PLACEMENT_3D ( 'NONE', #1853, #228, #1539 ) ;
#2348 = CARTESIAN_POINT ( 'NONE',  ( -0.1181102362204724532, 0.1299212598425196763, 0.1122047244094488277 ) ) ;
#2349 = ORIENTED_EDGE ( 'NONE', *, *, #2820, .T. ) ;
#2350 = ADVANCED_FACE ( 'NONE', ( #1958 ), #1633, .F. ) ;
#2351 = VERTEX_POINT ( 'NONE', #359 ) ;
#2352 = CARTESIAN_POINT ( 'NONE',  ( -0.1240157480314960647, 0.02755905511811023584, -0.07480314960629921850 ) ) ;
#2353 = ADVANCED_FACE ( 'NONE', ( #1671 ), #342, .F. ) ;
#2354 = LINE ( 'NONE', #1741, #2796 ) ;
#2355 = AXIS2_PLACEMENT_3D ( 'NONE', #2734, #3372, #1700 ) ;
#2356 = CARTESIAN_POINT ( 'NONE',  ( -0.1240157480314960647, -0.04201406643800709162, -0.07480314960629921850 ) ) ;
#2357 = VECTOR ( 'NONE', #2216, 39.37007874015748854 ) ;
#2358 = CARTESIAN_POINT ( 'NONE',  ( 0.08858267716535432601, 0.1496062992125984370, -0.1122047244094488139 ) ) ;
#2359 = AXIS2_PLACEMENT_3D ( 'NONE', #2544, #2956, #3915 ) ;
#2360 = VECTOR ( 'NONE', #1072, 39.37007874015748143 ) ;
#2361 = CALENDAR_DATE ( 2021, 18, 12 ) ;
#2362 = ORIENTED_EDGE ( 'NONE', *, *, #871, .T. ) ;
#2363 = CIRCLE ( 'NONE', #1436, 0.007874015748031499423 ) ;
#2364 = ORIENTED_EDGE ( 'NONE', *, *, #3852, .F. ) ;
#2365 = AXIS2_PLACEMENT_3D ( 'NONE', #2084, #1416, #3368 ) ;
#2366 = DIRECTION ( 'NONE',  ( -1.000000000000000000, 0.0000000000000000000, 0.0000000000000000000 ) ) ;
#2367 = ADVANCED_FACE ( 'NONE', ( #1943 ), #1030, .F. ) ;
#2368 = PLANE ( 'NONE',  #1225 ) ;
#2369 = VECTOR ( 'NONE', #1931, 39.37007874015748143 ) ;
#2370 = CARTESIAN_POINT ( 'NONE',  ( 0.1181102362204724532, -0.003937007874015747977, -0.04921259842519685318 ) ) ;
#2371 = ORIENTED_EDGE ( 'NONE', *, *, #3099, .F. ) ;
#2372 = DIRECTION ( 'NONE',  ( 0.0000000000000000000, 0.0000000000000000000, -1.000000000000000000 ) ) ;
#2373 = VECTOR ( 'NONE', #4083, 39.37007874015748143 ) ;
#2374 = DIRECTION ( 'NONE',  ( 0.0000000000000000000, 1.000000000000000000, 0.0000000000000000000 ) ) ;
#2375 = LINE ( 'NONE', #3719, #1528 ) ;
#2376 = VERTEX_POINT ( 'NONE', #2389 ) ;
#2377 = DIRECTION ( 'NONE',  ( 0.0000000000000000000, 0.0000000000000000000, 1.000000000000000000 ) ) ;
#2378 = DIRECTION ( 'NONE',  ( -1.000000000000000000, 0.0000000000000000000, 0.0000000000000000000 ) ) ;
#2379 = DIRECTION ( 'NONE',  ( 0.0000000000000000000, 0.0000000000000000000, -1.000000000000000000 ) ) ;
#2380 = ADVANCED_FACE ( 'NONE', ( #3645 ), #4022, .F. ) ;
#2381 = AXIS2_PLACEMENT_3D ( 'NONE', #3774, #1926, #3097 ) ;
#2382 = EDGE_CURVE ( 'NONE', #516, #1035, #3564, .T. ) ;
#2383 = DIRECTION ( 'NONE',  ( 0.0000000000000000000, 0.0000000000000000000, 1.000000000000000000 ) ) ;
#2384 = DIRECTION ( 'NONE',  ( 1.000000000000000000, 0.0000000000000000000, 0.0000000000000000000 ) ) ;
#2385 = COORDINATED_UNIVERSAL_TIME_OFFSET ( 0, 0, .AHEAD. ) ;
#2386 = ORIENTED_EDGE ( 'NONE', *, *, #2052, .T. ) ;
#2387 = ORIENTED_EDGE ( 'NONE', *, *, #3102, .F. ) ;
#2388 = VERTEX_POINT ( 'NONE', #1709 ) ;
#2389 = CARTESIAN_POINT ( 'NONE',  ( 0.0000000000000000000, 0.1377952755905511861, 0.07283464566929134798 ) ) ;
#2390 = DIRECTION ( 'NONE',  ( 0.0000000000000000000, 0.0000000000000000000, -1.000000000000000000 ) ) ;
#2391 = EDGE_CURVE ( 'NONE', #2747, #3428, #1390, .T. ) ;
#2392 = CARTESIAN_POINT ( 'NONE',  ( 0.0000000000000000000, 0.0000000000000000000, 0.0000000000000000000 ) ) ;
#2393 = VERTEX_POINT ( 'NONE', #2740 ) ;
#2394 = LINE ( 'NONE', #1394, #65 ) ;
#2395 = DIRECTION ( 'NONE',  ( 0.0000000000000000000, 0.0000000000000000000, -1.000000000000000000 ) ) ;
#2396 = CARTESIAN_POINT ( 'NONE',  ( -0.1555118110236220763, -0.003937007874015747977, 0.04921259842519685318 ) ) ;
#2397 = ORIENTED_EDGE ( 'NONE', *, *, #1772, .F. ) ;
#2398 = CARTESIAN_POINT ( 'NONE',  ( -0.08858267716535432601, 0.1299212598425196763, 0.08858267716535432601 ) ) ;
#2399 = FACE_OUTER_BOUND ( 'NONE', #3312, .T. ) ;
#2400 = DIRECTION ( 'NONE',  ( -0.7071067811865479058, -0.7071067811865469066, 0.0000000000000000000 ) ) ;
#2401 = VECTOR ( 'NONE', #2792, 39.37007874015748143 ) ;
#2402 = CARTESIAN_POINT ( 'NONE',  ( 0.1318897637795275746, -0.09578120915254409451, 0.1023622047244094474 ) ) ;
#2403 = CARTESIAN_POINT ( 'NONE',  ( 0.08858267716535432601, 0.1377952755905511861, -0.1122047244094488139 ) ) ;
#2404 = EDGE_CURVE ( 'NONE', #971, #802, #411, .T. ) ;
#2405 = ORIENTED_EDGE ( 'NONE', *, *, #3631, .F. ) ;
#2406 = ORIENTED_EDGE ( 'NONE', *, *, #3781, .F. ) ;
#2407 = ORIENTED_EDGE ( 'NONE', *, *, #3290, .F. ) ;
#2408 = DIRECTION ( 'NONE',  ( -1.000000000000000000, 0.0000000000000000000, 0.0000000000000000000 ) ) ;
#2409 = DIRECTION ( 'NONE',  ( 0.0000000000000000000, -1.000000000000000000, 0.0000000000000000000 ) ) ;
#2410 = ADVANCED_FACE ( 'NONE', ( #739 ), #1793, .T. ) ;
#2411 = CYLINDRICAL_SURFACE ( 'NONE', #2545, 0.02362204724409448092 ) ;
#2412 = ORIENTED_EDGE ( 'NONE', *, *, #2737, .T. ) ;
#2413 = CARTESIAN_POINT ( 'NONE',  ( 0.1318897637795275746, -0.09578120915254409451, -0.1023622047244094474 ) ) ;
#2414 = EDGE_CURVE ( 'NONE', #3925, #3874, #1506, .T. ) ;
#2415 = CARTESIAN_POINT ( 'NONE',  ( -0.1318897637795275746, -0.09578120915254409451, 0.07480314960629921850 ) ) ;
#2416 = CARTESIAN_POINT ( 'NONE',  ( 0.1240157480314960647, -0.09578120915254409451, -0.07480314960629921850 ) ) ;
#2417 = ORIENTED_EDGE ( 'NONE', *, *, #930, .F. ) ;
#2418 = ORIENTED_EDGE ( 'NONE', *, *, #1057, .T. ) ;
#2419 = TOROIDAL_SURFACE ( 'NONE', #3380, 0.06207107990698622346, 0.003937007874015747977 ) ;
#2420 = LINE ( 'NONE', #3743, #3488 ) ;
#2421 = CYLINDRICAL_SURFACE ( 'NONE', #491, 0.007874015748031466463 ) ;
#2422 = CARTESIAN_POINT ( 'NONE',  ( 0.1240157480314960647, -0.04201406643800709162, 0.1023622047244094474 ) ) ;
#2423 = LINE ( 'NONE', #176, #3124 ) ;
#2424 = AXIS2_PLACEMENT_3D ( 'NONE', #480, #1448, #414 ) ;
#2425 = CARTESIAN_POINT ( 'NONE',  ( -0.1122047244094488277, 0.1377952755905511861, -0.1122047244094488277 ) ) ;
#2426 = DIRECTION ( 'NONE',  ( 0.0000000000000000000, 0.0000000000000000000, 1.000000000000000000 ) ) ;
#2427 = VECTOR ( 'NONE', #2605, 39.37007874015748143 ) ;
#2428 = EDGE_LOOP ( 'NONE', ( #1594, #2328, #3792, #3009 ) ) ;
#2429 = CARTESIAN_POINT ( 'NONE',  ( -0.1532055652061933004, -0.07446540772587834089, -0.1023622047244094474 ) ) ;
#2430 = VERTEX_POINT ( 'NONE', #3378 ) ;
#2431 = DIRECTION ( 'NONE',  ( 1.000000000000000000, 0.0000000000000000000, 0.0000000000000000000 ) ) ;
#2432 = CIRCLE ( 'NONE', #613, 0.007874015748031499423 ) ;
#2433 = CARTESIAN_POINT ( 'NONE',  ( -0.1181102362204724532, 0.1299212598425196763, -0.04921259842519685318 ) ) ;
#2434 = EDGE_CURVE ( 'NONE', #4081, #3024, #3086, .T. ) ;
#2435 = AXIS2_PLACEMENT_3D ( 'NONE', #2994, #2687, #4016 ) ;
#2436 = AXIS2_PLACEMENT_3D ( 'NONE', #939, #1281, #272 ) ;
#2437 = CARTESIAN_POINT ( 'NONE',  ( 0.1318897637795275746, -0.09578120915254409451, -0.07480314960629921850 ) ) ;
#2438 = EDGE_LOOP ( 'NONE', ( #483, #2682 ) ) ;
#2439 = EDGE_CURVE ( 'NONE', #2061, #3929, #1172, .T. ) ;
#2440 = ORIENTED_EDGE ( 'NONE', *, *, #2603, .T. ) ;
#2441 = ORIENTED_EDGE ( 'NONE', *, *, #3993, .T. ) ;
#2442 = LINE ( 'NONE', #3386, #1242 ) ;
#2443 = VECTOR ( 'NONE', #1400, 39.37007874015748143 ) ;
#2444 = AXIS2_PLACEMENT_3D ( 'NONE', #167, #2042, #789 ) ;
#2445 = FACE_OUTER_BOUND ( 'NONE', #1177, .T. ) ;
#2446 = DIRECTION ( 'NONE',  ( -4.063888932435259910E-16, -1.000000000000000000, 0.0000000000000000000 ) ) ;
#2447 = ORIENTED_EDGE ( 'NONE', *, *, #2661, .T. ) ;
#2448 = AXIS2_PLACEMENT_3D ( 'NONE', #805, #161, #2366 ) ;
#2449 = ORIENTED_EDGE ( 'NONE', *, *, #2434, .F. ) ;
#2450 = CARTESIAN_POINT ( 'NONE',  ( -0.1318897637795275746, -0.09578120915254409451, 0.1023622047244094474 ) ) ;
#2451 = LINE ( 'NONE', #848, #3420 ) ;
#2452 = CARTESIAN_POINT ( 'NONE',  ( -0.1318897637795275746, 0.02755905511811023584, 0.1023622047244094474 ) ) ;
#2453 = CARTESIAN_POINT ( 'NONE',  ( -0.1122047244094488277, 0.1377952755905511861, 0.1122047244094488277 ) ) ;
#2454 = ADVANCED_FACE ( 'NONE', ( #2324 ), #3020, .F. ) ;
#2455 = CYLINDRICAL_SURFACE ( 'NONE', #964, 0.005905511811023620231 ) ;
#2456 = LINE ( 'NONE', #852, #3472 ) ;
#2457 = ORIENTED_EDGE ( 'NONE', *, *, #2391, .T. ) ;
#2458 = ORIENTED_EDGE ( 'NONE', *, *, #3354, .T. ) ;
#2459 = DIRECTION ( 'NONE',  ( 0.0000000000000000000, 0.0000000000000000000, 1.000000000000000000 ) ) ;
#2460 = ORIENTED_EDGE ( 'NONE', *, *, #1106, .F. ) ;
#2461 = PLANE ( 'NONE',  #559 ) ;
#2462 = PLANE ( 'NONE',  #463 ) ;
#2463 = DIRECTION ( 'NONE',  ( 0.0000000000000000000, 0.0000000000000000000, -1.000000000000000000 ) ) ;
#2464 = ORIENTED_EDGE ( 'NONE', *, *, #3325, .T. ) ;
#2465 = EDGE_CURVE ( 'NONE', #1492, #2174, #3711, .T. ) ;
#2466 = CARTESIAN_POINT ( 'NONE',  ( -0.1555118110236220208, -0.06889763779527559306, -0.1023622047244094474 ) ) ;
#2467 = ADVANCED_FACE ( 'NONE', ( #1218 ), #2760, .T. ) ;
#2468 = CARTESIAN_POINT ( 'NONE',  ( -0.1181102362204724532, 0.03543307086614173179, -0.1023622047244094474 ) ) ;
#2469 = ORIENTED_EDGE ( 'NONE', *, *, #4032, .F. ) ;
#2470 = ORIENTED_EDGE ( 'NONE', *, *, #2002, .F. ) ;
#2471 = LINE ( 'NONE', #935, #2586 ) ;
#2472 = CARTESIAN_POINT ( 'NONE',  ( -0.1240157480314960647, -0.1377952755905511861, 0.1023622047244094474 ) ) ;
#2473 = DIRECTION ( 'NONE',  ( -1.000000000000000000, 0.0000000000000000000, 0.0000000000000000000 ) ) ;
#2474 = FACE_OUTER_BOUND ( 'NONE', #2323, .T. ) ;
#2475 = DIRECTION ( 'NONE',  ( 0.0000000000000000000, -1.000000000000000000, 0.0000000000000000000 ) ) ;
#2476 = DIRECTION ( 'NONE',  ( 0.0000000000000000000, 0.0000000000000000000, 1.000000000000000000 ) ) ;
#2477 = EDGE_CURVE ( 'NONE', #1460, #218, #1199, .T. ) ;
#2478 = VERTEX_POINT ( 'NONE', #3109 ) ;
#2479 = VERTEX_POINT ( 'NONE', #3478 ) ;
#2480 = DIRECTION ( 'NONE',  ( 0.0000000000000000000, 0.0000000000000000000, 1.000000000000000000 ) ) ;
#2481 = ORIENTED_EDGE ( 'NONE', *, *, #433, .T. ) ;
#2482 = FACE_OUTER_BOUND ( 'NONE', #485, .T. ) ;
#2483 = CARTESIAN_POINT ( 'NONE',  ( 0.1318897637795275746, 0.02755905511811023584, -0.1023622047244094474 ) ) ;
#2484 = CARTESIAN_POINT ( 'NONE',  ( -0.1240157480314960647, 0.02755905511811023584, -0.1023622047244094474 ) ) ;
#2485 = ORIENTED_EDGE ( 'NONE', *, *, #576, .T. ) ;
#2486 = ORIENTED_EDGE ( 'NONE', *, *, #3601, .F. ) ;
#2487 = ORIENTED_EDGE ( 'NONE', *, *, #1657, .T. ) ;
#2488 = CARTESIAN_POINT ( 'NONE',  ( 0.08858267716535432601, 0.1496062992125984370, 0.08858267716535432601 ) ) ;
#2489 = CARTESIAN_POINT ( 'NONE',  ( 0.1240157480314960647, 0.02755905511811023584, -0.07480314960629921850 ) ) ;
#2490 = DIRECTION ( 'NONE',  ( 0.0000000000000000000, -1.000000000000000000, 0.0000000000000000000 ) ) ;
#2491 = ORIENTED_EDGE ( 'NONE', *, *, #1559, .T. ) ;
#2492 = ORIENTED_EDGE ( 'NONE', *, *, #3931, .T. ) ;
#2493 = LINE ( 'NONE', #540, #1975 ) ;
#2494 = DIRECTION ( 'NONE',  ( 0.0000000000000000000, 1.000000000000000000, 0.0000000000000000000 ) ) ;
#2495 = EDGE_CURVE ( 'NONE', #1375, #3019, #530, .T. ) ;
#2496 = EDGE_CURVE ( 'NONE', #1010, #3315, #1178, .T. ) ;
#2497 = CARTESIAN_POINT ( 'NONE',  ( 0.1263219938489248129, -0.04758183636860983945, 0.07480314960629921850 ) ) ;
#2498 = CARTESIAN_POINT ( 'NONE',  ( 0.08858267716535432601, 0.1377952755905511861, 0.1122047244094488139 ) ) ;
#2499 = ORIENTED_EDGE ( 'NONE', *, *, #812, .T. ) ;
#2500 = ORIENTED_EDGE ( 'NONE', *, *, #522, .T. ) ;
#2501 = CARTESIAN_POINT ( 'NONE',  ( -0.08858267716535432601, 0.1299212598425196763, -0.1122047244094488139 ) ) ;
#2502 = VERTEX_POINT ( 'NONE', #1835 ) ;
#2503 = LINE ( 'NONE', #3135, #4112 ) ;
#2504 = FACE_OUTER_BOUND ( 'NONE', #165, .T. ) ;
#2505 = AXIS2_PLACEMENT_3D ( 'NONE', #3892, #3218, #333 ) ;
#2506 = FACE_OUTER_BOUND ( 'NONE', #418, .T. ) ;
#2507 = ORIENTED_EDGE ( 'NONE', *, *, #2053, .F. ) ;
#2508 = VECTOR ( 'NONE', #3581, 39.37007874015748143 ) ;
#2509 = ORIENTED_EDGE ( 'NONE', *, *, #677, .F. ) ;
#2510 = DIRECTION ( 'NONE',  ( 0.7071067811865480168, -0.7071067811865470176, 0.0000000000000000000 ) ) ;
#2511 = LINE ( 'NONE', #3857, #1915 ) ;
#2512 = VECTOR ( 'NONE', #1591, 39.37007874015748143 ) ;
#2513 = AXIS2_PLACEMENT_3D ( 'NONE', #2489, #1481, #4072 ) ;
#2514 = EDGE_LOOP ( 'NONE', ( #1763, #2669, #3461, #3294 ) ) ;
#2515 = CIRCLE ( 'NONE', #1233, 0.005905511811023620231 ) ;
#2516 = DIRECTION ( 'NONE',  ( 0.0000000000000000000, -0.9993908270190957621, 0.03489949670250103164 ) ) ;
#2517 = VECTOR ( 'NONE', #3406, 39.37007874015748143 ) ;
#2518 = DIRECTION ( 'NONE',  ( 0.0000000000000000000, 0.0000000000000000000, 1.000000000000000000 ) ) ;
#2519 = AXIS2_PLACEMENT_3D ( 'NONE', #2398, #196, #4012 ) ;
#2520 = ORIENTED_EDGE ( 'NONE', *, *, #3232, .T. ) ;
#2521 = CARTESIAN_POINT ( 'NONE',  ( 0.08858267716535432601, 0.1181102362204724532, -0.08858267716535432601 ) ) ;
#2522 = EDGE_CURVE ( 'NONE', #2965, #2747, #1855, .T. ) ;
#2523 = FACE_OUTER_BOUND ( 'NONE', #3958, .T. ) ;
#2524 = EDGE_CURVE ( 'NONE', #3299, #3243, #2140, .T. ) ;
#2525 = ORIENTED_EDGE ( 'NONE', *, *, #2477, .F. ) ;
#2526 = CARTESIAN_POINT ( 'NONE',  ( -0.1318897637795275746, -0.1143824042423135789, 0.07014398974742774850 ) ) ;
#2527 = LINE ( 'NONE', #213, #8 ) ;
#2528 = CARTESIAN_POINT ( 'NONE',  ( 0.1318897637795275746, -0.09578120915254409451, -0.07480314960629921850 ) ) ;
#2529 = VECTOR ( 'NONE', #2883, 39.37007874015748143 ) ;
#2530 = DIRECTION ( 'NONE',  ( 0.0000000000000000000, 0.0000000000000000000, 1.000000000000000000 ) ) ;
#2531 = EDGE_LOOP ( 'NONE', ( #1397, #326, #572, #3485, #2691, #3238 ) ) ;
#2532 = VERTEX_POINT ( 'NONE', #3176 ) ;
#2533 = VERTEX_POINT ( 'NONE', #1566 ) ;
#2534 = DIRECTION ( 'NONE',  ( 0.0000000000000000000, 0.0000000000000000000, 1.000000000000000000 ) ) ;
#2535 = CARTESIAN_POINT ( 'NONE',  ( -0.1532055652061933004, -0.07446540772587834089, 0.1023622047244094474 ) ) ;
#2536 = EDGE_CURVE ( 'NONE', #3925, #3120, #2527, .T. ) ;
#2537 = EDGE_LOOP ( 'NONE', ( #1924, #157, #2041, #3090, #2500, #3941, #257, #2840 ) ) ;
#2538 = ORIENTED_EDGE ( 'NONE', *, *, #2315, .F. ) ;
#2539 = DIRECTION ( 'NONE',  ( 0.0000000000000000000, 0.0000000000000000000, -1.000000000000000000 ) ) ;
#2540 = DIRECTION ( 'NONE',  ( 4.063888932435259910E-16, -1.000000000000000000, 0.0000000000000000000 ) ) ;
#2541 = PLANE ( 'NONE',  #2030 ) ;
#2542 = DIRECTION ( 'NONE',  ( 1.000000000000000000, 0.0000000000000000000, 0.0000000000000000000 ) ) ;
#2543 = DIRECTION ( 'NONE',  ( 0.0000000000000000000, 0.0000000000000000000, -1.000000000000000000 ) ) ;
#2544 = CARTESIAN_POINT ( 'NONE',  ( 0.08858267716535432601, 0.1377952755905511861, 0.08858267716535432601 ) ) ;
#2545 = AXIS2_PLACEMENT_3D ( 'NONE', #3042, #118, #1433 ) ;
#2546 = CARTESIAN_POINT ( 'NONE',  ( -0.1476377952755905387, -0.06889763779527559306, 0.1023622047244094474 ) ) ;
#2547 = ORIENTED_EDGE ( 'NONE', *, *, #1563, .F. ) ;
#2548 = VERTEX_POINT ( 'NONE', #2851 ) ;
#2549 = EDGE_CURVE ( 'NONE', #2117, #1411, #2786, .T. ) ;
#2550 = VERTEX_POINT ( 'NONE', #4178 ) ;
#2551 = DIRECTION ( 'NONE',  ( -1.000000000000000000, 0.0000000000000000000, 0.0000000000000000000 ) ) ;
#2552 = DIRECTION ( 'NONE',  ( 1.000000000000000000, 0.0000000000000000000, 0.0000000000000000000 ) ) ;
#2553 = CARTESIAN_POINT ( 'NONE',  ( -0.1318897637795275746, -0.09578120915254409451, -0.1023622047244094474 ) ) ;
#2554 = VERTEX_POINT ( 'NONE', #858 ) ;
#2555 = EDGE_LOOP ( 'NONE', ( #1509, #2157, #3146, #3133 ) ) ;
#2556 = FACE_OUTER_BOUND ( 'NONE', #1957, .T. ) ;
#2557 = EDGE_CURVE ( 'NONE', #641, #845, #2503, .T. ) ;
#2558 = LINE ( 'NONE', #1580, #3615 ) ;
#2559 = CC_DESIGN_APPROVAL ( #2779, ( #3558 ) ) ;
#2560 = CARTESIAN_POINT ( 'NONE',  ( -0.1240157480314960647, 0.02755905511811023584, 0.1023622047244094474 ) ) ;
#2561 = DIRECTION ( 'NONE',  ( 3.519431053647356462E-16, 0.8660254037844389297, -0.4999999999999994449 ) ) ;
#2562 = AXIS2_PLACEMENT_3D ( 'NONE', #2014, #4047, #3382 ) ;
#2563 = DIRECTION ( 'NONE',  ( 0.7071067811865479058, -0.7071067811865469066, 0.0000000000000000000 ) ) ;
#2564 = CARTESIAN_POINT ( 'NONE',  ( 0.08858267716535432601, 0.1377952755905511861, -0.06496062992125983815 ) ) ;
#2565 = LINE ( 'NONE', #1683, #3389 ) ;
#2566 = DIRECTION ( 'NONE',  ( 1.000000000000000000, 0.0000000000000000000, 0.0000000000000000000 ) ) ;
#2567 = ORIENTED_EDGE ( 'NONE', *, *, #3635, .F. ) ;
#2568 = ORIENTED_EDGE ( 'NONE', *, *, #1038, .F. ) ;
#2569 = VECTOR ( 'NONE', #3331, 39.37007874015748143 ) ;
#2570 = DIRECTION ( 'NONE',  ( 1.000000000000000000, 0.0000000000000000000, 0.0000000000000000000 ) ) ;
#2571 = EDGE_CURVE ( 'NONE', #2478, #2338, #1525, .T. ) ;
#2572 = ADVANCED_FACE ( 'NONE', ( #3850 ), #2119, .T. ) ;
#2573 = ADVANCED_FACE ( 'NONE', ( #2482 ), #3806, .T. ) ;
#2574 = VECTOR ( 'NONE', #230, 39.37007874015748143 ) ;
#2575 = CARTESIAN_POINT ( 'NONE',  ( 0.1181102362204724532, 0.1299212598425196763, 0.1122047244094488277 ) ) ;
#2576 = ORIENTED_EDGE ( 'NONE', *, *, #3570, .F. ) ;
#2577 = ORIENTED_EDGE ( 'NONE', *, *, #1658, .T. ) ;
#2578 = CARTESIAN_POINT ( 'NONE',  ( 0.1476377952755905387, -0.06889763779527559306, 0.1023622047244094474 ) ) ;
#2579 = AXIS2_PLACEMENT_3D ( 'NONE', #965, #1991, #656 ) ;
#2580 = CIRCLE ( 'NONE', #1235, 0.02362204724409448092 ) ;
#2581 = VECTOR ( 'NONE', #2475, 39.37007874015748143 ) ;
#2582 = CIRCLE ( 'NONE', #686, 0.007874015748031499423 ) ;
#2583 = ORIENTED_EDGE ( 'NONE', *, *, #3074, .F. ) ;
#2584 = DIRECTION ( 'NONE',  ( 0.0000000000000000000, 0.0000000000000000000, -1.000000000000000000 ) ) ;
#2585 = DIRECTION ( 'NONE',  ( -0.7071067811865469066, 0.7071067811865479058, 0.0000000000000000000 ) ) ;
#2586 = VECTOR ( 'NONE', #3168, 39.37007874015748143 ) ;
#2587 = ADVANCED_FACE ( 'NONE', ( #4110 ), #2461, .F. ) ;
#2588 = VECTOR ( 'NONE', #302, 39.37007874015748143 ) ;
#2589 = PLANE ( 'NONE',  #3833 ) ;
#2590 = FACE_OUTER_BOUND ( 'NONE', #2514, .T. ) ;
#2591 = ORIENTED_EDGE ( 'NONE', *, *, #2843, .T. ) ;
#2592 = ORIENTED_EDGE ( 'NONE', *, *, #3939, .T. ) ;
#2593 = LINE ( 'NONE', #2920, #2588 ) ;
#2594 = DIRECTION ( 'NONE',  ( 0.0000000000000000000, 0.0000000000000000000, -1.000000000000000000 ) ) ;
#2595 = AXIS2_PLACEMENT_3D ( 'NONE', #493, #3437, #844 ) ;
#2596 = DIRECTION ( 'NONE',  ( 0.0000000000000000000, 1.000000000000000000, 0.0000000000000000000 ) ) ;
#2597 = ORIENTED_EDGE ( 'NONE', *, *, #716, .F. ) ;
#2598 = EDGE_CURVE ( 'NONE', #3024, #3091, #574, .T. ) ;
#2599 = CARTESIAN_POINT ( 'NONE',  ( 0.1240157480314960647, 0.02755905511811023584, -0.07480314960629921850 ) ) ;
#2600 = EDGE_CURVE ( 'NONE', #590, #3428, #1105, .T. ) ;
#2601 = CARTESIAN_POINT ( 'NONE',  ( -0.1476377952755905387, -0.06889763779527559306, -0.07480314960629921850 ) ) ;
#2602 = EDGE_LOOP ( 'NONE', ( #2780, #3284, #19, #2933 ) ) ;
#2603 = EDGE_CURVE ( 'NONE', #1425, #3206, #1813, .T. ) ;
#2604 = LINE ( 'NONE', #634, #133 ) ;
#2605 = DIRECTION ( 'NONE',  ( -2.168404344971010347E-16, 0.0000000000000000000, -1.000000000000000000 ) ) ;
#2606 = DIRECTION ( 'NONE',  ( 0.0000000000000000000, 0.0000000000000000000, 1.000000000000000000 ) ) ;
#2607 = CARTESIAN_POINT ( 'NONE',  ( 0.1240157480314960647, -0.1377952755905511861, -0.1023622047244094474 ) ) ;
#2608 = ADVANCED_FACE ( 'NONE', ( #2219 ), #988, .F. ) ;
#2609 = CARTESIAN_POINT ( 'NONE',  ( 0.1181102362204724532, 0.03543307086614173179, 0.1023622047244094474 ) ) ;
#2610 = EDGE_LOOP ( 'NONE', ( #1788, #3092, #1569, #2412 ) ) ;
#2611 = ORIENTED_EDGE ( 'NONE', *, *, #811, .T. ) ;
#2612 = VERTEX_POINT ( 'NONE', #3235 ) ;
#2613 = CARTESIAN_POINT ( 'NONE',  ( 0.1181102362204724532, 0.1377952755905511861, -0.1181102362204724532 ) ) ;
#2614 =( GEOMETRIC_REPRESENTATION_CONTEXT ( 3 ) GLOBAL_UNCERTAINTY_ASSIGNED_CONTEXT ( ( #864 ) ) GLOBAL_UNIT_ASSIGNED_CONTEXT ( ( #970, #1326, #481 ) ) REPRESENTATION_CONTEXT ( 'NONE', 'WORKASPACE' ) );
#2615 = LINE ( 'NONE', #1636, #2697 ) ;
#2616 = VERTEX_POINT ( 'NONE', #1921 ) ;
#2617 = CARTESIAN_POINT ( 'NONE',  ( -0.1181102362204724532, 0.02755905511811023584, -0.1023622047244094474 ) ) ;
#2618 = CARTESIAN_POINT ( 'NONE',  ( -0.1240157480314960647, 0.02755905511811023584, 0.1023622047244094474 ) ) ;
#2619 = ORIENTED_EDGE ( 'NONE', *, *, #950, .T. ) ;
#2620 = PLANE ( 'NONE',  #2930 ) ;
#2621 = LINE ( 'NONE', #3950, #1642 ) ;
#2622 = ADVANCED_FACE ( 'NONE', ( #2590 ), #3952, .F. ) ;
#2623 = ADVANCED_FACE ( 'NONE', ( #297 ), #332, .F. ) ;
#2624 = EDGE_CURVE ( 'NONE', #1618, #23, #2261, .T. ) ;
#2625 = CARTESIAN_POINT ( 'NONE',  ( -8.437527159479795937E-18, 0.1299212598425196763, -0.06889763779527559306 ) ) ;
#2626 = DIRECTION ( 'NONE',  ( 0.0000000000000000000, -1.000000000000000000, 0.0000000000000000000 ) ) ;
#2627 = AXIS2_PLACEMENT_3D ( 'NONE', #2553, #1906, #1226 ) ;
#2628 = VERTEX_POINT ( 'NONE', #3217 ) ;
#2629 = VERTEX_POINT ( 'NONE', #637 ) ;
#2630 = ORIENTED_EDGE ( 'NONE', *, *, #853, .F. ) ;
#2631 = FACE_OUTER_BOUND ( 'NONE', #2960, .T. ) ;
#2632 = FACE_OUTER_BOUND ( 'NONE', #3664, .T. ) ;
#2633 = CLOSED_SHELL ( 'NONE', ( #4057, #2622, #2454, #4221, #1527, #220, #2335, #2623, #4085, #1408, #311, #4218, #3490, #2001, #3515, #4150, #2969, #1726, #2977, #56 ) ) ;
#2634 = DIRECTION ( 'NONE',  ( 0.0000000000000000000, -1.000000000000000000, 0.0000000000000000000 ) ) ;
#2635 = EDGE_LOOP ( 'NONE', ( #2212, #3366, #2520, #52 ) ) ;
#2636 = ORIENTED_EDGE ( 'NONE', *, *, #1097, .T. ) ;
#2637 = PLANE ( 'NONE',  #2720 ) ;
#2638 = CARTESIAN_POINT ( 'NONE',  ( -0.1555118110236219930, -0.06889763779527559306, 0.1023622047244094474 ) ) ;
#2639 = AXIS2_PLACEMENT_3D ( 'NONE', #611, #370, #30 ) ;
#2640 = ORIENTED_EDGE ( 'NONE', *, *, #3982, .F. ) ;
#2641 = CARTESIAN_POINT ( 'NONE',  ( 0.1240157480314960647, 0.03543307086614173179, 0.1023622047244094474 ) ) ;
#2642 = DIRECTION ( 'NONE',  ( 0.0000000000000000000, 0.0000000000000000000, -1.000000000000000000 ) ) ;
#2643 = VECTOR ( 'NONE', #3599, 39.37007874015748854 ) ;
#2644 = AXIS2_PLACEMENT_3D ( 'NONE', #4133, #1197, #2480 ) ;
#2645 = ORIENTED_EDGE ( 'NONE', *, *, #1595, .F. ) ;
#2646 = EDGE_CURVE ( 'NONE', #1427, #3946, #4033, .T. ) ;
#2647 = CIRCLE ( 'NONE', #2239, 0.007874015748031499423 ) ;
#2648 = DIRECTION ( 'NONE',  ( 0.0000000000000000000, 0.0000000000000000000, 1.000000000000000000 ) ) ;
#2649 = DIRECTION ( 'NONE',  ( -0.7071067811865470176, 0.7071067811865480168, 0.0000000000000000000 ) ) ;
#2650 = ADVANCED_FACE ( 'NONE', ( #2244 ), #1666, .T. ) ;
#2651 = AXIS2_PLACEMENT_3D ( 'NONE', #289, #1604, #3514 ) ;
#2652 = EDGE_LOOP ( 'NONE', ( #3999, #2349 ) ) ;
#2653 = ORIENTED_EDGE ( 'NONE', *, *, #1081, .F. ) ;
#2654 = ORIENTED_EDGE ( 'NONE', *, *, #3686, .T. ) ;
#2655 = PLANE ( 'NONE',  #755 ) ;
#2656 = CARTESIAN_POINT ( 'NONE',  ( 0.1318897637795275746, 0.02755905511811023584, 0.1023622047244094474 ) ) ;
#2657 = DIRECTION ( 'NONE',  ( 0.0000000000000000000, 0.0000000000000000000, 1.000000000000000000 ) ) ;
#2658 = ORIENTED_EDGE ( 'NONE', *, *, #1999, .T. ) ;
#2659 = ORIENTED_EDGE ( 'NONE', *, *, #315, .T. ) ;
#2660 = DIRECTION ( 'NONE',  ( -0.7071067811865469066, -0.7071067811865479058, 0.0000000000000000000 ) ) ;
#2661 = EDGE_CURVE ( 'NONE', #240, #2884, #1973, .T. ) ;
#2662 = DIRECTION ( 'NONE',  ( 1.000000000000000000, 0.0000000000000000000, 0.0000000000000000000 ) ) ;
#2663 = AXIS2_PLACEMENT_3D ( 'NONE', #1903, #796, #3876 ) ;
#2664 = ORIENTED_EDGE ( 'NONE', *, *, #2952, .F. ) ;
#2665 = CARTESIAN_POINT ( 'NONE',  ( 0.1240157480314960647, -0.04201406643800709162, -0.1023622047244094474 ) ) ;
#2666 = CARTESIAN_POINT ( 'NONE',  ( -0.1318897637795275746, 0.02755905511811023584, -0.1023622047244094474 ) ) ;
#2667 = CYLINDRICAL_SURFACE ( 'NONE', #2424, 0.02362204724409448092 ) ;
#2668 = DATE_TIME_ROLE ( 'classification_date' ) ;
#2669 = ORIENTED_EDGE ( 'NONE', *, *, #3704, .T. ) ;
#2670 = ORIENTED_EDGE ( 'NONE', *, *, #372, .T. ) ;
#2671 = ORIENTED_EDGE ( 'NONE', *, *, #3582, .T. ) ;
#2672 = DIRECTION ( 'NONE',  ( 0.0000000000000000000, 0.0000000000000000000, 1.000000000000000000 ) ) ;
#2673 = CARTESIAN_POINT ( 'NONE',  ( 0.1181102362204724532, 0.0000000000000000000, -0.1181102362204724532 ) ) ;
#2674 = ADVANCED_FACE ( 'NONE', ( #1626 ), #3542, .F. ) ;
#2675 = CARTESIAN_POINT ( 'NONE',  ( -0.08858267716535432601, 0.1496062992125984370, 0.08858267716535432601 ) ) ;
#2676 = EDGE_LOOP ( 'NONE', ( #1146, #4152, #4134, #508 ) ) ;
#2677 = EDGE_CURVE ( 'NONE', #3024, #3484, #2299, .T. ) ;
#2678 = ORIENTED_EDGE ( 'NONE', *, *, #3241, .T. ) ;
#2679 = DIRECTION ( 'NONE',  ( -4.063888932435259910E-16, 1.000000000000000000, 0.0000000000000000000 ) ) ;
#2680 = CYLINDRICAL_SURFACE ( 'NONE', #2988, 0.007874015748031499423 ) ;
#2681 = DIRECTION ( 'NONE',  ( 0.0000000000000000000, 1.000000000000000000, 0.0000000000000000000 ) ) ;
#2682 = ORIENTED_EDGE ( 'NONE', *, *, #3161, .F. ) ;
#2683 = AXIS2_PLACEMENT_3D ( 'NONE', #3937, #1342, #3237 ) ;
#2684 = LINE ( 'NONE', #2450, #210 ) ;
#2685 = CARTESIAN_POINT ( 'NONE',  ( 0.08858267716535432601, 0.1299212598425196763, -0.1122047244094488139 ) ) ;
#2686 = CARTESIAN_POINT ( 'NONE',  ( 0.08858267716535432601, 0.1299212598425196763, 0.08858267716535432601 ) ) ;
#2687 = DIRECTION ( 'NONE',  ( 0.0000000000000000000, 0.0000000000000000000, 1.000000000000000000 ) ) ;
#2688 = DIRECTION ( 'NONE',  ( 0.0000000000000000000, 0.0000000000000000000, -1.000000000000000000 ) ) ;
#2689 = DIRECTION ( 'NONE',  ( 0.0000000000000000000, 0.0000000000000000000, 1.000000000000000000 ) ) ;
#2690 = ORIENTED_EDGE ( 'NONE', *, *, #2852, .T. ) ;
#2691 = ORIENTED_EDGE ( 'NONE', *, *, #3954, .T. ) ;
#2692 = ORIENTED_EDGE ( 'NONE', *, *, #153, .F. ) ;
#2693 = DIRECTION ( 'NONE',  ( -1.000000000000000000, 0.0000000000000000000, 0.0000000000000000000 ) ) ;
#2694 = CYLINDRICAL_SURFACE ( 'NONE', #3174, 0.02362204724409448092 ) ;
#2695 = ORIENTED_EDGE ( 'NONE', *, *, #3424, .T. ) ;
#2696 = ORIENTED_EDGE ( 'NONE', *, *, #28, .T. ) ;
#2697 = VECTOR ( 'NONE', #1960, 39.37007874015748143 ) ;
#2698 = EDGE_CURVE ( 'NONE', #2550, #94, #698, .T. ) ;
#2699 = DIRECTION ( 'NONE',  ( -1.000000000000000000, 0.0000000000000000000, 0.0000000000000000000 ) ) ;
#2700 = EDGE_CURVE ( 'NONE', #3938, #678, #3752, .T. ) ;
#2701 = AXIS2_PLACEMENT_3D ( 'NONE', #2133, #3844, #3396 ) ;
#2702 = DIRECTION ( 'NONE',  ( 1.000000000000000000, 0.0000000000000000000, 0.0000000000000000000 ) ) ;
#2703 = ORIENTED_EDGE ( 'NONE', *, *, #2382, .T. ) ;
#2704 = DIRECTION ( 'NONE',  ( -4.063888932435259910E-16, -1.000000000000000000, 0.0000000000000000000 ) ) ;
#2705 = LINE ( 'NONE', #2048, #1918 ) ;
#2706 = AXIS2_PLACEMENT_3D ( 'NONE', #927, #3480, #2220 ) ;
#2707 = LINE ( 'NONE', #90, #3675 ) ;
#2708 = CIRCLE ( 'NONE', #3261, 0.02362204724409448092 ) ;
#2709 = DIRECTION ( 'NONE',  ( 0.0000000000000000000, 0.0000000000000000000, 1.000000000000000000 ) ) ;
#2710 = CARTESIAN_POINT ( 'NONE',  ( 0.08858267716535432601, 0.1496062992125984370, -0.1122047244094488139 ) ) ;
#2711 = AXIS2_PLACEMENT_3D ( 'NONE', #235, #3156, #3503 ) ;
#2712 = EDGE_CURVE ( 'NONE', #3938, #2430, #3291, .T. ) ;
#2713 = PERSON_AND_ORGANIZATION ( #343, #782 ) ;
#2714 = ORIENTED_EDGE ( 'NONE', *, *, #2820, .F. ) ;
#2715 = AXIS2_PLACEMENT_3D ( 'NONE', #4078, #503, #3151 ) ;
#2716 = ORIENTED_EDGE ( 'NONE', *, *, #523, .T. ) ;
#2717 = CIRCLE ( 'NONE', #822, 0.07283464566929134798 ) ;
#2718 = ORIENTED_EDGE ( 'NONE', *, *, #2524, .T. ) ;
#2719 = DIRECTION ( 'NONE',  ( 0.0000000000000000000, 0.0000000000000000000, -1.000000000000000000 ) ) ;
#2720 = AXIS2_PLACEMENT_3D ( 'NONE', #2310, #4089, #2679 ) ;
#2721 = CARTESIAN_POINT ( 'NONE',  ( 0.1532055652061933004, -0.06332986786467284523, -0.07480314960629921850 ) ) ;
#2722 = ORIENTED_EDGE ( 'NONE', *, *, #2465, .F. ) ;
#2723 = VERTEX_POINT ( 'NONE', #1649 ) ;
#2724 = FACE_OUTER_BOUND ( 'NONE', #3001, .T. ) ;
#2725 = LINE ( 'NONE', #3633, #3897 ) ;
#2726 = CARTESIAN_POINT ( 'NONE',  ( -0.1240157480314960647, -0.09578120915254409451, -0.1023622047244094474 ) ) ;
#2727 = VERTEX_POINT ( 'NONE', #2564 ) ;
#2728 = ADVANCED_FACE ( 'NONE', ( #4235 ), #2872, .T. ) ;
#2729 = FACE_OUTER_BOUND ( 'NONE', #517, .T. ) ;
#2730 = DIRECTION ( 'NONE',  ( -0.0000000000000000000, 0.4999999999999995004, 0.8660254037844390407 ) ) ;
#2731 = AXIS2_PLACEMENT_3D ( 'NONE', #2396, #772, #1138 ) ;
#2732 = EDGE_CURVE ( 'NONE', #374, #3044, #1007, .T. ) ;
#2733 = PLANE ( 'NONE',  #1094 ) ;
#2734 = CARTESIAN_POINT ( 'NONE',  ( -0.1122047244094488277, 0.1299212598425196763, -0.1122047244094488277 ) ) ;
#2735 = CALENDAR_DATE ( 2021, 18, 12 ) ;
#2736 = ORIENTED_EDGE ( 'NONE', *, *, #1409, .F. ) ;
#2737 = EDGE_CURVE ( 'NONE', #3972, #3044, #674, .T. ) ;
#2738 = ORIENTED_EDGE ( 'NONE', *, *, #1776, .F. ) ;
#2739 = ORIENTED_EDGE ( 'NONE', *, *, #3230, .T. ) ;
#2740 = CARTESIAN_POINT ( 'NONE',  ( -0.1318897637795275746, -0.1377952755905511861, 0.08366141732283464971 ) ) ;
#2741 = DIRECTION ( 'NONE',  ( -1.000000000000000000, 0.0000000000000000000, 0.0000000000000000000 ) ) ;
#2742 = DIRECTION ( 'NONE',  ( -0.0000000000000000000, 1.000000000000000000, 0.0000000000000000000 ) ) ;
#2743 = ORIENTED_EDGE ( 'NONE', *, *, #1857, .F. ) ;
#2744 = CARTESIAN_POINT ( 'NONE',  ( -0.1476377952755905387, -0.06889763779527559306, -0.1023622047244094474 ) ) ;
#2745 = LINE ( 'NONE', #3718, #4035 ) ;
#2746 = CARTESIAN_POINT ( 'NONE',  ( -0.1181102362204724532, 0.02755905511811023584, 0.07480314960629921850 ) ) ;
#2747 = VERTEX_POINT ( 'NONE', #2666 ) ;
#2748 = CARTESIAN_POINT ( 'NONE',  ( -0.1318897637795275746, -0.09578120915254409451, 0.1023622047244094474 ) ) ;
#2749 = CARTESIAN_POINT ( 'NONE',  ( -0.1181102362204724532, 0.003937007874015747977, -0.1181102362204724532 ) ) ;
#2750 = CARTESIAN_POINT ( 'NONE',  ( -0.1318897637795275746, -0.09578120915254409451, 0.07480314960629921850 ) ) ;
#2751 = VECTOR ( 'NONE', #4202, 39.37007874015748143 ) ;
#2752 = DIRECTION ( 'NONE',  ( 0.0000000000000000000, 0.0000000000000000000, 1.000000000000000000 ) ) ;
#2753 = FACE_OUTER_BOUND ( 'NONE', #1029, .T. ) ;
#2754 = EDGE_CURVE ( 'NONE', #2478, #2965, #111, .T. ) ;
#2755 = ADVANCED_FACE ( 'NONE', ( #1383 ), #2733, .T. ) ;
#2756 = EDGE_CURVE ( 'NONE', #1435, #2376, #389, .T. ) ;
#2757 = ORIENTED_EDGE ( 'NONE', *, *, #1983, .T. ) ;
#2758 = ORIENTED_EDGE ( 'NONE', *, *, #1399, .F. ) ;
#2759 = PLANE ( 'NONE',  #3062 ) ;
#2760 = PLANE ( 'NONE',  #2711 ) ;
#2761 = DIRECTION ( 'NONE',  ( 3.519431053647356462E-16, -0.8660254037844389297, -0.4999999999999994449 ) ) ;
#2762 = DIRECTION ( 'NONE',  ( 0.0000000000000000000, 0.0000000000000000000, -1.000000000000000000 ) ) ;
#2763 = ORIENTED_EDGE ( 'NONE', *, *, #758, .T. ) ;
#2764 = CARTESIAN_POINT ( 'NONE',  ( 0.1122047244094488277, 0.0000000000000000000, -0.1181102362204724532 ) ) ;
#2765 = EDGE_CURVE ( 'NONE', #629, #1613, #746, .T. ) ;
#2766 = CARTESIAN_POINT ( 'NONE',  ( -0.1122047244094488277, 0.1377952755905511861, 0.1181102362204724532 ) ) ;
#2767 = ORIENTED_EDGE ( 'NONE', *, *, #2600, .T. ) ;
#2768 = ORIENTED_EDGE ( 'NONE', *, *, #914, .T. ) ;
#2769 = VECTOR ( 'NONE', #645, 39.37007874015748854 ) ;
#2770 = CARTESIAN_POINT ( 'NONE',  ( -0.1476377952755905387, -0.06889763779527559306, 0.1023622047244094474 ) ) ;
#2771 = FACE_OUTER_BOUND ( 'NONE', #1866, .T. ) ;
#2772 = LINE ( 'NONE', #2452, #817 ) ;
#2773 = VECTOR ( 'NONE', #2807, 39.37007874015748143 ) ;
#2774 = CARTESIAN_POINT ( 'NONE',  ( -0.1240157480314960647, -0.1143824042423135789, -0.07014398974742774850 ) ) ;
#2775 = AXIS2_PLACEMENT_3D ( 'NONE', #1407, #806, #420 ) ;
#2776 = LINE ( 'NONE', #478, #2581 ) ;
#2777 = DIRECTION ( 'NONE',  ( 1.000000000000000000, 0.0000000000000000000, 0.0000000000000000000 ) ) ;
#2778 = AXIS2_PLACEMENT_3D ( 'NONE', #2829, #1237, #900 ) ;
#2779 = APPROVAL ( #3058, 'UNSPECIFIED' ) ;
#2780 = ORIENTED_EDGE ( 'NONE', *, *, #3704, .F. ) ;
#2781 = ORIENTED_EDGE ( 'NONE', *, *, #1857, .T. ) ;
#2782 = CARTESIAN_POINT ( 'NONE',  ( -0.1240157480314960647, 0.02755905511811023584, -0.1023622047244094474 ) ) ;
#2783 = PRODUCT_DEFINITION_SHAPE ( 'NONE', 'NONE',  #3558 ) ;
#2784 = ORIENTED_EDGE ( 'NONE', *, *, #2020, .T. ) ;
#2785 = AXIS2_PLACEMENT_3D ( 'NONE', #704, #3295, #1686 ) ;
#2786 = LINE ( 'NONE', #1897, #2373 ) ;
#2787 = EDGE_CURVE ( 'NONE', #482, #4095, #1062, .T. ) ;
#2788 = AXIS2_PLACEMENT_3D ( 'NONE', #3098, #2196, #2806 ) ;
#2789 = CARTESIAN_POINT ( 'NONE',  ( -0.08858267716535432601, 0.1299212598425196763, -0.08858267716535432601 ) ) ;
#2790 = AXIS2_PLACEMENT_3D ( 'NONE', #3352, #371, #1743 ) ;
#2791 = VECTOR ( 'NONE', #3117, 39.37007874015748143 ) ;
#2792 = DIRECTION ( 'NONE',  ( 0.0000000000000000000, 0.0000000000000000000, 1.000000000000000000 ) ) ;
#2793 = ORIENTED_EDGE ( 'NONE', *, *, #2280, .F. ) ;
#2794 = VERTEX_POINT ( 'NONE', #71 ) ;
#2795 = DIRECTION ( 'NONE',  ( 0.0000000000000000000, 1.000000000000000000, 0.0000000000000000000 ) ) ;
#2796 = VECTOR ( 'NONE', #109, 39.37007874015748143 ) ;
#2797 = CIRCLE ( 'NONE', #2444, 0.02362204724409448092 ) ;
#2798 = DIRECTION ( 'NONE',  ( 0.0000000000000000000, 0.0000000000000000000, 1.000000000000000000 ) ) ;
#2799 = LINE ( 'NONE', #3879, #453 ) ;
#2800 = ORIENTED_EDGE ( 'NONE', *, *, #1372, .F. ) ;
#2801 = VECTOR ( 'NONE', #509, 39.37007874015748143 ) ;
#2802 = ORIENTED_EDGE ( 'NONE', *, *, #439, .F. ) ;
#2803 = CARTESIAN_POINT ( 'NONE',  ( -0.1240157480314960647, -0.1143824042423135789, 0.07014398974742774850 ) ) ;
#2804 = EDGE_CURVE ( 'NONE', #1840, #2900, #3138, .T. ) ;
#2805 = DIRECTION ( 'NONE',  ( 0.0000000000000000000, 0.0000000000000000000, 1.000000000000000000 ) ) ;
#2806 = DIRECTION ( 'NONE',  ( -1.000000000000000000, 0.0000000000000000000, 0.0000000000000000000 ) ) ;
#2807 = DIRECTION ( 'NONE',  ( 3.519431053647356462E-16, -0.8660254037844389297, 0.4999999999999994449 ) ) ;
#2808 = FACE_OUTER_BOUND ( 'NONE', #3894, .T. ) ;
#2809 = CIRCLE ( 'NONE', #1043, 0.005905511811023620231 ) ;
#2810 = ORIENTED_EDGE ( 'NONE', *, *, #961, .F. ) ;
#2811 = VERTEX_POINT ( 'NONE', #3013 ) ;
#2812 = CARTESIAN_POINT ( 'NONE',  ( 0.1555118110236220208, -0.06889763779527559306, -0.07480314960629921850 ) ) ;
#2813 = ORIENTED_EDGE ( 'NONE', *, *, #3530, .T. ) ;
#2814 = DIRECTION ( 'NONE',  ( 1.000000000000000000, 0.0000000000000000000, 0.0000000000000000000 ) ) ;
#2815 = CARTESIAN_POINT ( 'NONE',  ( -0.08858267716535432601, 0.1496062992125984370, -0.1122047244094488139 ) ) ;
#2816 = CC_DESIGN_PERSON_AND_ORGANIZATION_ASSIGNMENT ( #3641, #3036, ( #2277 ) ) ;
#2817 = CARTESIAN_POINT ( 'NONE',  ( -0.1318897637795275746, -0.09578120915254409451, -0.1023622047244094474 ) ) ;
#2818 = ORIENTED_EDGE ( 'NONE', *, *, #2571, .T. ) ;
#2819 = CARTESIAN_POINT ( 'NONE',  ( 0.1476377952755905387, -0.06889763779527559306, -0.1023622047244094474 ) ) ;
#2820 = EDGE_CURVE ( 'NONE', #3299, #1182, #1582, .T. ) ;
#2821 = DIRECTION ( 'NONE',  ( 0.0000000000000000000, 0.0000000000000000000, -1.000000000000000000 ) ) ;
#2822 = EDGE_CURVE ( 'NONE', #435, #2304, #679, .T. ) ;
#2823 = ORIENTED_EDGE ( 'NONE', *, *, #2276, .T. ) ;
#2824 = FACE_OUTER_BOUND ( 'NONE', #1075, .T. ) ;
#2825 = DIRECTION ( 'NONE',  ( 0.0000000000000000000, 0.0000000000000000000, 1.000000000000000000 ) ) ;
#2826 = EDGE_CURVE ( 'NONE', #1817, #3037, #432, .T. ) ;
#2827 = CARTESIAN_POINT ( 'NONE',  ( 0.1181102362204724532, 0.02755905511811023584, 0.1023622047244094474 ) ) ;
#2828 = CARTESIAN_POINT ( 'NONE',  ( -0.1318897637795275746, -0.09578120915254409451, -0.1023622047244094474 ) ) ;
#2829 = CARTESIAN_POINT ( 'NONE',  ( -0.1181102362204724532, 0.03543307086614173179, -0.1023622047244094474 ) ) ;
#2830 = VERTEX_POINT ( 'NONE', #51 ) ;
#2831 = DIRECTION ( 'NONE',  ( 0.0000000000000000000, 1.000000000000000000, 0.0000000000000000000 ) ) ;
#2832 = ORIENTED_EDGE ( 'NONE', *, *, #2128, .T. ) ;
#2833 = DIRECTION ( 'NONE',  ( 1.000000000000000000, 0.0000000000000000000, 0.0000000000000000000 ) ) ;
#2834 = CARTESIAN_POINT ( 'NONE',  ( -0.1532055652061933004, -0.07446540772587834089, -0.1023622047244094474 ) ) ;
#2835 = CYLINDRICAL_SURFACE ( 'NONE', #4147, 0.007874015748031466463 ) ;
#2836 = ORIENTED_EDGE ( 'NONE', *, *, #1922, .T. ) ;
#2837 = DIRECTION ( 'NONE',  ( -2.168404344971010347E-16, 0.0000000000000000000, -1.000000000000000000 ) ) ;
#2838 = FACE_OUTER_BOUND ( 'NONE', #1287, .T. ) ;
#2839 = ORIENTED_EDGE ( 'NONE', *, *, #1, .F. ) ;
#2840 = ORIENTED_EDGE ( 'NONE', *, *, #4229, .T. ) ;
#2841 = EDGE_CURVE ( 'NONE', #3274, #1925, #4059, .T. ) ;
#2842 = DIRECTION ( 'NONE',  ( 0.0000000000000000000, 0.0000000000000000000, -1.000000000000000000 ) ) ;
#2843 = EDGE_CURVE ( 'NONE', #1288, #971, #452, .T. ) ;
#2844 = EDGE_CURVE ( 'NONE', #1155, #3130, #1760, .T. ) ;
#2845 = CARTESIAN_POINT ( 'NONE',  ( 0.1318897637795275746, -0.04201406643800709162, -0.07480314960629921850 ) ) ;
#2846 = DIRECTION ( 'NONE',  ( 0.0000000000000000000, 0.0000000000000000000, -1.000000000000000000 ) ) ;
#2847 = PLANE ( 'NONE',  #3900 ) ;
#2848 = DIRECTION ( 'NONE',  ( 0.0000000000000000000, 1.000000000000000000, 0.0000000000000000000 ) ) ;
#2849 = ORIENTED_EDGE ( 'NONE', *, *, #3221, .F. ) ;
#2850 = CARTESIAN_POINT ( 'NONE',  ( 0.0000000000000000000, 0.2125984251968504046, 0.0000000000000000000 ) ) ;
#2851 = CARTESIAN_POINT ( 'NONE',  ( -0.1240157480314960647, -0.09578120915254409451, 0.1023622047244094474 ) ) ;
#2852 = EDGE_CURVE ( 'NONE', #3805, #1630, #1402, .T. ) ;
#2853 = AXIS2_PLACEMENT_3D ( 'NONE', #314, #4217, #657 ) ;
#2854 = DIRECTION ( 'NONE',  ( -1.000000000000000000, -4.063888932435259910E-16, 0.0000000000000000000 ) ) ;
#2855 = ORIENTED_EDGE ( 'NONE', *, *, #2495, .F. ) ;
#2856 = VERTEX_POINT ( 'NONE', #3054 ) ;
#2857 = VECTOR ( 'NONE', #1969, 39.37007874015748854 ) ;
#2858 = ORIENTED_EDGE ( 'NONE', *, *, #1127, .F. ) ;
#2859 = DIRECTION ( 'NONE',  ( 4.063888932435259910E-16, -1.000000000000000000, 0.0000000000000000000 ) ) ;
#2860 = AXIS2_PLACEMENT_3D ( 'NONE', #3172, #203, #3779 ) ;
#2861 = CIRCLE ( 'NONE', #279, 0.02362204724409448092 ) ;
#2862 = CARTESIAN_POINT ( 'NONE',  ( -0.1240157480314960647, -0.1377952755905511861, -0.09350393700787401619 ) ) ;
#2863 = ORIENTED_EDGE ( 'NONE', *, *, #1713, .F. ) ;
#2864 = AXIS2_PLACEMENT_3D ( 'NONE', #1757, #3994, #714 ) ;
#2865 = DIRECTION ( 'NONE',  ( 0.0000000000000000000, 0.0000000000000000000, -1.000000000000000000 ) ) ;
#2866 = AXIS2_PLACEMENT_3D ( 'NONE', #4082, #4109, #1812 ) ;
#2867 = CIRCLE ( 'NONE', #3975, 0.02362204724409448092 ) ;
#2868 = CARTESIAN_POINT ( 'NONE',  ( -0.1240157480314960647, -0.1224523058384645591, -0.1023622047244094474 ) ) ;
#2869 = DIRECTION ( 'NONE',  ( 0.0000000000000000000, 1.000000000000000000, 0.0000000000000000000 ) ) ;
#2870 = EDGE_CURVE ( 'NONE', #3315, #2127, #548, .T. ) ;
#2871 = CARTESIAN_POINT ( 'NONE',  ( 0.1240157480314960647, 0.02755905511811023584, 0.07480314960629921850 ) ) ;
#2872 = PLANE ( 'NONE',  #3266 ) ;
#2873 = PLANE ( 'NONE',  #889 ) ;
#2874 = AXIS2_PLACEMENT_3D ( 'NONE', #3240, #3899, #3943 ) ;
#2875 = EDGE_CURVE ( 'NONE', #494, #3275, #1123, .T. ) ;
#2876 = DIRECTION ( 'NONE',  ( -4.063888932435259910E-16, 1.000000000000000000, 0.0000000000000000000 ) ) ;
#2877 = VERTEX_POINT ( 'NONE', #2974 ) ;
#2878 = ORIENTED_EDGE ( 'NONE', *, *, #1682, .T. ) ;
#2879 = ORIENTED_EDGE ( 'NONE', *, *, #3004, .F. ) ;
#2880 = DIRECTION ( 'NONE',  ( 0.0000000000000000000, -1.000000000000000000, 0.0000000000000000000 ) ) ;
#2881 = LINE ( 'NONE', #151, #2298 ) ;
#2882 = CARTESIAN_POINT ( 'NONE',  ( 0.1318897637795275746, -0.1377952755905511861, 0.09350393700787401619 ) ) ;
#2883 = DIRECTION ( 'NONE',  ( 1.000000000000000000, 0.0000000000000000000, 0.0000000000000000000 ) ) ;
#2884 = VERTEX_POINT ( 'NONE', #3725 ) ;
#2885 = ORIENTED_EDGE ( 'NONE', *, *, #2603, .F. ) ;
#2886 = DIRECTION ( 'NONE',  ( 0.0000000000000000000, 0.0000000000000000000, -1.000000000000000000 ) ) ;
#2887 = LINE ( 'NONE', #668, #2297 ) ;
#2888 = DIRECTION ( 'NONE',  ( 0.0000000000000000000, 1.000000000000000000, 0.0000000000000000000 ) ) ;
#2889 = LINE ( 'NONE', #293, #54 ) ;
#2890 = EDGE_CURVE ( 'NONE', #1114, #75, #1848, .T. ) ;
#2891 = CARTESIAN_POINT ( 'NONE',  ( -0.1240157480314960647, -0.1377952755905511861, -0.08366141732283464971 ) ) ;
#2892 = ORIENTED_EDGE ( 'NONE', *, *, #4243, .T. ) ;
#2893 = CARTESIAN_POINT ( 'NONE',  ( 0.1181102362204724532, 0.03543307086614173179, 0.1023622047244094474 ) ) ;
#2894 = LINE ( 'NONE', #967, #673 ) ;
#2895 = EDGE_CURVE ( 'NONE', #1451, #323, #901, .T. ) ;
#2896 = VECTOR ( 'NONE', #2202, 39.37007874015748854 ) ;
#2897 = FACE_BOUND ( 'NONE', #2055, .T. ) ;
#2898 = ORIENTED_EDGE ( 'NONE', *, *, #709, .F. ) ;
#2899 = EDGE_LOOP ( 'NONE', ( #1602, #788, #2268, #3642, #839, #1314, #3524, #944, #2019, #2818, #1704, #2768, #3940, #1175, #4052, #3494, #2015 ) ) ;
#2900 = VERTEX_POINT ( 'NONE', #3703 ) ;
#2901 = DIRECTION ( 'NONE',  ( 0.0000000000000000000, 0.0000000000000000000, 1.000000000000000000 ) ) ;
#2902 = EDGE_CURVE ( 'NONE', #1479, #489, #777, .T. ) ;
#2903 = DIRECTION ( 'NONE',  ( 0.7071067811865470176, 0.7071067811865480168, 0.0000000000000000000 ) ) ;
#2904 = ORIENTED_EDGE ( 'NONE', *, *, #2163, .F. ) ;
#2905 = EDGE_LOOP ( 'NONE', ( #3426, #3073, #3335, #490 ) ) ;
#2906 = CARTESIAN_POINT ( 'NONE',  ( -0.1318897637795275746, -0.04201406643800709162, -0.1023622047244094474 ) ) ;
#2907 = ADVANCED_FACE ( 'NONE', ( #2808 ), #2847, .F. ) ;
#2908 = ORIENTED_EDGE ( 'NONE', *, *, #3046, .F. ) ;
#2909 = CARTESIAN_POINT ( 'NONE',  ( -0.1318897637795275746, -0.04201406643800709162, -0.1023622047244094474 ) ) ;
#2910 = LINE ( 'NONE', #3912, #676 ) ;
#2911 = APPLICATION_CONTEXT ( 'configuration controlled 3d designs of mechanical parts and assemblies' ) ;
#2912 = CARTESIAN_POINT ( 'NONE',  ( 0.1263219938489248129, -0.04758183636860983945, 0.07480314960629921850 ) ) ;
#2913 = CARTESIAN_POINT ( 'NONE',  ( 0.0000000000000000000, 0.2127358247901673105, 0.0000000000000000000 ) ) ;
#2914 = FACE_OUTER_BOUND ( 'NONE', #469, .T. ) ;
#2915 = EDGE_CURVE ( 'NONE', #1740, #1293, #3103, .T. ) ;
#2916 = EDGE_LOOP ( 'NONE', ( #2016, #2653, #1386, #2918 ) ) ;
#2917 = ADVANCED_FACE ( 'NONE', ( #3750 ), #3445, .T. ) ;
#2918 = ORIENTED_EDGE ( 'NONE', *, *, #1097, .F. ) ;
#2919 = ORIENTED_EDGE ( 'NONE', *, *, #3978, .F. ) ;
#2920 = CARTESIAN_POINT ( 'NONE',  ( 0.1318897637795275746, -0.1143824042423135789, 0.07014398974742774850 ) ) ;
#2921 = VECTOR ( 'NONE', #1325, 39.37007874015748143 ) ;
#2922 = LINE ( 'NONE', #3646, #2116 ) ;
#2923 = AXIS2_PLACEMENT_3D ( 'NONE', #547, #2426, #2777 ) ;
#2924 = CARTESIAN_POINT ( 'NONE',  ( 0.1318897637795275746, 0.02755905511811023584, 0.1023622047244094474 ) ) ;
#2925 = ADVANCED_FACE ( 'NONE', ( #569 ), #1489, .T. ) ;
#2926 = ORIENTED_EDGE ( 'NONE', *, *, #1983, .F. ) ;
#2927 = LINE ( 'NONE', #2599, #1373 ) ;
#2928 = AXIS2_PLACEMENT_3D ( 'NONE', #3573, #643, #319 ) ;
#2929 = AXIS2_PLACEMENT_3D ( 'NONE', #1869, #4092, #2821 ) ;
#2930 = AXIS2_PLACEMENT_3D ( 'NONE', #2954, #3863, #4193 ) ;
#2931 = EDGE_CURVE ( 'NONE', #4143, #3632, #154, .T. ) ;
#2932 = AXIS2_PLACEMENT_3D ( 'NONE', #1303, #3519, #1920 ) ;
#2933 = ORIENTED_EDGE ( 'NONE', *, *, #576, .F. ) ;
#2934 = ORIENTED_EDGE ( 'NONE', *, *, #1867, .T. ) ;
#2935 = DIRECTION ( 'NONE',  ( 0.0000000000000000000, 1.000000000000000000, 0.0000000000000000000 ) ) ;
#2936 = DIRECTION ( 'NONE',  ( 0.0000000000000000000, -1.000000000000000000, 0.0000000000000000000 ) ) ;
#2937 = CIRCLE ( 'NONE', #6, 0.007874015748031499423 ) ;
#2938 = VECTOR ( 'NONE', #274, 39.37007874015748143 ) ;
#2939 = DIRECTION ( 'NONE',  ( 0.0000000000000000000, -1.000000000000000000, 0.0000000000000000000 ) ) ;
#2940 = CARTESIAN_POINT ( 'NONE',  ( -0.1240157480314960647, -0.1377952755905511861, -0.1023622047244094474 ) ) ;
#2941 = FACE_OUTER_BOUND ( 'NONE', #119, .T. ) ;
#2942 = ORIENTED_EDGE ( 'NONE', *, *, #4128, .T. ) ;
#2943 = VERTEX_POINT ( 'NONE', #1784 ) ;
#2944 = ORIENTED_EDGE ( 'NONE', *, *, #153, .T. ) ;
#2945 = DIRECTION ( 'NONE',  ( 1.000000000000000000, 0.0000000000000000000, 0.0000000000000000000 ) ) ;
#2946 = CIRCLE ( 'NONE', #4195, 0.02362204724409448092 ) ;
#2947 = CARTESIAN_POINT ( 'NONE',  ( 0.1240157480314960647, -0.04201406643800709162, -0.07480314960629921850 ) ) ;
#2948 = ORIENTED_EDGE ( 'NONE', *, *, #1219, .F. ) ;
#2949 = ORIENTED_EDGE ( 'NONE', *, *, #1441, .F. ) ;
#2950 = DIRECTION ( 'NONE',  ( -1.000000000000000000, 0.0000000000000000000, 0.0000000000000000000 ) ) ;
#2951 = EDGE_CURVE ( 'NONE', #489, #3246, #4148, .T. ) ;
#2952 = EDGE_CURVE ( 'NONE', #2533, #3492, #2776, .T. ) ;
#2953 = ORIENTED_EDGE ( 'NONE', *, *, #2756, .T. ) ;
#2954 = CARTESIAN_POINT ( 'NONE',  ( -0.1555118110236220763, -0.1377952755905511861, -0.08366141732283464971 ) ) ;
#2955 = LINE ( 'NONE', #3270, #2357 ) ;
#2956 = DIRECTION ( 'NONE',  ( 0.0000000000000000000, -1.000000000000000000, 0.0000000000000000000 ) ) ;
#2957 = CARTESIAN_POINT ( 'NONE',  ( 0.1532055652061933004, -0.07446540772587834089, -0.1023622047244094474 ) ) ;
#2958 = VERTEX_POINT ( 'NONE', #3126 ) ;
#2959 = ORIENTED_EDGE ( 'NONE', *, *, #2130, .F. ) ;
#2960 = EDGE_LOOP ( 'NONE', ( #4203, #1545, #2690, #702 ) ) ;
#2961 = CARTESIAN_POINT ( 'NONE',  ( -0.1181102362204724532, 0.02755905511811023584, -0.1023622047244094474 ) ) ;
#2962 = DIRECTION ( 'NONE',  ( 0.0000000000000000000, 0.0000000000000000000, 1.000000000000000000 ) ) ;
#2963 = VECTOR ( 'NONE', #2039, 39.37007874015748143 ) ;
#2964 = DIRECTION ( 'NONE',  ( 0.0000000000000000000, 0.0000000000000000000, 1.000000000000000000 ) ) ;
#2965 = VERTEX_POINT ( 'NONE', #524 ) ;
#2966 = ORIENTED_EDGE ( 'NONE', *, *, #3221, .T. ) ;
#2967 = CARTESIAN_POINT ( 'NONE',  ( 0.1532055652061933004, -0.07446540772587834089, 0.07480314960629921850 ) ) ;
#2968 = CARTESIAN_POINT ( 'NONE',  ( 0.1181102362204724532, 0.1299212598425196763, -0.1181102362204724532 ) ) ;
#2969 = ADVANCED_FACE ( 'NONE', ( #2753 ), #2455, .T. ) ;
#2970 = ORIENTED_EDGE ( 'NONE', *, *, #2257, .F. ) ;
#2971 = ADVANCED_FACE ( 'NONE', ( #177 ), #1561, .F. ) ;
#2972 = DIRECTION ( 'NONE',  ( -1.000000000000000000, 0.0000000000000000000, 0.0000000000000000000 ) ) ;
#2973 = DIRECTION ( 'NONE',  ( 0.0000000000000000000, 0.0000000000000000000, -1.000000000000000000 ) ) ;
#2974 = CARTESIAN_POINT ( 'NONE',  ( 0.1181102362204724532, 0.1299212598425196763, 0.1122047244094488277 ) ) ;
#2975 = AXIS2_PLACEMENT_3D ( 'NONE', #2468, #3791, #565 ) ;
#2976 = ORIENTED_EDGE ( 'NONE', *, *, #4091, .F. ) ;
#2977 = ADVANCED_FACE ( 'NONE', ( #1519 ), #4129, .T. ) ;
#2978 = VERTEX_POINT ( 'NONE', #874 ) ;
#2979 = ORIENTED_EDGE ( 'NONE', *, *, #2875, .T. ) ;
#2980 = DIRECTION ( 'NONE',  ( 0.0000000000000000000, 0.0000000000000000000, 1.000000000000000000 ) ) ;
#2981 = CARTESIAN_POINT ( 'NONE',  ( 0.1240157480314960647, -0.1377952755905511861, -0.08366141732283464971 ) ) ;
#2982 = VERTEX_POINT ( 'NONE', #922 ) ;
#2983 = CIRCLE ( 'NONE', #1640, 0.02362204724409448092 ) ;
#2984 = PLANE ( 'NONE',  #4187 ) ;
#2985 = LINE ( 'NONE', #3286, #4179 ) ;
#2986 = AXIS2_PLACEMENT_3D ( 'NONE', #68, #1381, #1104 ) ;
#2987 = EDGE_LOOP ( 'NONE', ( #3729, #1050, #886, #2885, #2343, #1355, #3771, #3167, #2758, #317, #3611, #1415, #1154, #1755, #1621, #1345, #3377 ) ) ;
#2988 = AXIS2_PLACEMENT_3D ( 'NONE', #3008, #2346, #726 ) ;
#2989 = CARTESIAN_POINT ( 'NONE',  ( -0.1318897637795275746, 0.02755905511811023584, 0.1023622047244094474 ) ) ;
#2990 = FACE_OUTER_BOUND ( 'NONE', #3957, .T. ) ;
#2991 = VECTOR ( 'NONE', #1236, 39.37007874015748143 ) ;
#2992 = CIRCLE ( 'NONE', #3205, 0.06600568946217932886 ) ;
#2993 = CIRCLE ( 'NONE', #1168, 0.005905511811023620231 ) ;
#2994 = CARTESIAN_POINT ( 'NONE',  ( 0.1318897637795275746, -0.09578120915254409451, 0.07480314960629921850 ) ) ;
#2995 = VECTOR ( 'NONE', #2660, 39.37007874015748854 ) ;
#2996 = CARTESIAN_POINT ( 'NONE',  ( -0.1532055652061933004, -0.07446540772587834089, 0.07480314960629921850 ) ) ;
#2997 = EDGE_CURVE ( 'NONE', #3233, #2479, #2113, .T. ) ;
#2998 = VECTOR ( 'NONE', #185, 39.37007874015748854 ) ;
#2999 = PERSON_AND_ORGANIZATION ( #343, #782 ) ;
#3000 = VERTEX_POINT ( 'NONE', #3080 ) ;
#3001 = EDGE_LOOP ( 'NONE', ( #3341, #3770, #1571, #3710 ) ) ;
#3002 = ORIENTED_EDGE ( 'NONE', *, *, #3993, .F. ) ;
#3003 = CARTESIAN_POINT ( 'NONE',  ( 0.08858267716535432601, 0.1299212598425196763, 0.06496062992125983815 ) ) ;
#3004 = EDGE_CURVE ( 'NONE', #940, #4222, #3422, .T. ) ;
#3005 = LINE ( 'NONE', #2437, #3865 ) ;
#3006 = VERTEX_POINT ( 'NONE', #2497 ) ;
#3007 = ORIENTED_EDGE ( 'NONE', *, *, #3325, .F. ) ;
#3008 = CARTESIAN_POINT ( 'NONE',  ( -0.1240157480314960647, 0.02755905511811023584, 0.1023622047244094474 ) ) ;
#3009 = ORIENTED_EDGE ( 'NONE', *, *, #1504, .F. ) ;
#3010 = CARTESIAN_POINT ( 'NONE',  ( 0.1122047244094488277, 0.1377952755905511861, -0.1122047244094488277 ) ) ;
#3011 = DIRECTION ( 'NONE',  ( 0.0000000000000000000, -1.000000000000000000, 0.0000000000000000000 ) ) ;
#3012 = PLANE ( 'NONE',  #1156 ) ;
#3013 = CARTESIAN_POINT ( 'NONE',  ( 0.1181102362204724532, 0.0000000000000000000, 0.1122047244094488277 ) ) ;
#3014 = CARTESIAN_POINT ( 'NONE',  ( -0.1181102362204724532, 0.03543307086614173179, -0.07480314960629921850 ) ) ;
#3015 = ADVANCED_FACE ( 'NONE', ( #251 ), #546, .T. ) ;
#3016 = APPROVAL_DATE_TIME ( #156, #2779 ) ;
#3017 = ORIENTED_EDGE ( 'NONE', *, *, #3951, .T. ) ;
#3018 = ADVANCED_FACE ( 'NONE', ( #1807 ), #2541, .F. ) ;
#3019 = VERTEX_POINT ( 'NONE', #2215 ) ;
#3020 = CYLINDRICAL_SURFACE ( 'NONE', #1718, 0.02362204724409448092 ) ;
#3021 = EDGE_CURVE ( 'NONE', #1942, #516, #2197, .T. ) ;
#3022 = CARTESIAN_POINT ( 'NONE',  ( 0.1555118110236220208, -0.06889763779527559306, 0.1023622047244094474 ) ) ;
#3023 = DIRECTION ( 'NONE',  ( 0.0000000000000000000, 0.0000000000000000000, -1.000000000000000000 ) ) ;
#3024 = VERTEX_POINT ( 'NONE', #4212 ) ;
#3025 = CARTESIAN_POINT ( 'NONE',  ( 0.1318897637795275746, -0.09578120915254409451, -0.1023622047244094474 ) ) ;
#3026 = CARTESIAN_POINT ( 'NONE',  ( -0.1181102362204724532, 0.003937007874015747977, -0.04921259842519685318 ) ) ;
#3027 = CARTESIAN_POINT ( 'NONE',  ( 0.1318897637795275746, -0.09578120915254409451, -0.1023622047244094474 ) ) ;
#3028 = ORIENTED_EDGE ( 'NONE', *, *, #2256, .F. ) ;
#3029 = AXIS2_PLACEMENT_3D ( 'NONE', #1181, #512, #1865 ) ;
#3030 = DIRECTION ( 'NONE',  ( 0.0000000000000000000, 1.000000000000000000, 0.0000000000000000000 ) ) ;
#3031 = EDGE_CURVE ( 'NONE', #2502, #1809, #2363, .T. ) ;
#3032 = PLANE ( 'NONE',  #1588 ) ;
#3033 = LINE ( 'NONE', #1758, #1502 ) ;
#3034 = DIRECTION ( 'NONE',  ( -1.000000000000000000, 2.454115839351809943E-16, 0.0000000000000000000 ) ) ;
#3035 = DIRECTION ( 'NONE',  ( -1.000000000000000000, 0.0000000000000000000, 0.0000000000000000000 ) ) ;
#3036 = PERSON_AND_ORGANIZATION_ROLE ( 'design_supplier' ) ;
#3037 = VERTEX_POINT ( 'NONE', #1586 ) ;
#3038 = ORIENTED_EDGE ( 'NONE', *, *, #2130, .T. ) ;
#3039 = ORIENTED_EDGE ( 'NONE', *, *, #1246, .T. ) ;
#3040 = CARTESIAN_POINT ( 'NONE',  ( 0.1476377952755905387, -0.06889763779527559306, 0.1023622047244094474 ) ) ;
#3041 = ADVANCED_FACE ( 'NONE', ( #959 ), #2620, .F. ) ;
#3042 = CARTESIAN_POINT ( 'NONE',  ( 0.08858267716535432601, 0.1377952755905511861, -0.08858267716535432601 ) ) ;
#3043 = VERTEX_POINT ( 'NONE', #2868 ) ;
#3044 = VERTEX_POINT ( 'NONE', #1339 ) ;
#3045 = DIRECTION ( 'NONE',  ( 0.0000000000000000000, -1.000000000000000000, 0.0000000000000000000 ) ) ;
#3046 = EDGE_CURVE ( 'NONE', #1434, #3114, #2604, .T. ) ;
#3047 = LINE ( 'NONE', #3346, #1927 ) ;
#3048 = ORIENTED_EDGE ( 'NONE', *, *, #2414, .F. ) ;
#3049 = LINE ( 'NONE', #1989, #3755 ) ;
#3050 = AXIS2_PLACEMENT_3D ( 'NONE', #4066, #4084, #836 ) ;
#3051 = FACE_OUTER_BOUND ( 'NONE', #2676, .T. ) ;
#3052 = EDGE_CURVE ( 'NONE', #2628, #1426, #2515, .T. ) ;
#3053 = VECTOR ( 'NONE', #3517, 39.37007874015748143 ) ;
#3054 = CARTESIAN_POINT ( 'NONE',  ( 0.1263219938489248129, -0.04758183636860983945, 0.1023622047244094474 ) ) ;
#3055 = CARTESIAN_POINT ( 'NONE',  ( -0.08858267716535432601, 0.1496062992125984370, -0.08858267716535432601 ) ) ;
#3056 = VECTOR ( 'NONE', #1079, 39.37007874015748143 ) ;
#3057 = VECTOR ( 'NONE', #7, 39.37007874015748143 ) ;
#3058 = APPROVAL_STATUS ( 'not_yet_approved' ) ;
#3059 = ORIENTED_EDGE ( 'NONE', *, *, #1126, .F. ) ;
#3060 = AXIS2_PLACEMENT_3D ( 'NONE', #3349, #1679, #2972 ) ;
#3061 = ORIENTED_EDGE ( 'NONE', *, *, #2404, .T. ) ;
#3062 = AXIS2_PLACEMENT_3D ( 'NONE', #2782, #1565, #573 ) ;
#3063 = DIRECTION ( 'NONE',  ( 0.0000000000000000000, -1.000000000000000000, 0.0000000000000000000 ) ) ;
#3064 = CARTESIAN_POINT ( 'NONE',  ( 0.0000000000000000000, 0.1299212598425196763, 0.0000000000000000000 ) ) ;
#3065 = VECTOR ( 'NONE', #1163, 39.37007874015748143 ) ;
#3066 = DIRECTION ( 'NONE',  ( -1.000000000000000000, 0.0000000000000000000, 0.0000000000000000000 ) ) ;
#3067 = ORIENTED_EDGE ( 'NONE', *, *, #2756, .F. ) ;
#3068 = EDGE_LOOP ( 'NONE', ( #4131, #1832, #339, #1729 ) ) ;
#3069 = FACE_OUTER_BOUND ( 'NONE', #2610, .T. ) ;
#3070 = DIRECTION ( 'NONE',  ( 0.0000000000000000000, 1.000000000000000000, 0.0000000000000000000 ) ) ;
#3071 = CARTESIAN_POINT ( 'NONE',  ( -0.1476377952755905387, -0.06889763779527559306, 0.1023622047244094474 ) ) ;
#3072 = ORIENTED_EDGE ( 'NONE', *, *, #1585, .F. ) ;
#3073 = ORIENTED_EDGE ( 'NONE', *, *, #12, .F. ) ;
#3074 = EDGE_CURVE ( 'NONE', #3154, #494, #1768, .T. ) ;
#3075 = CARTESIAN_POINT ( 'NONE',  ( -0.1181102362204724532, 0.02755905511811023584, 0.1023622047244094474 ) ) ;
#3076 = EDGE_CURVE ( 'NONE', #1068, #4006, #1259, .T. ) ;
#3077 = LINE ( 'NONE', #3223, #841 ) ;
#3078 = PLANE ( 'NONE',  #270 ) ;
#3079 = DIRECTION ( 'NONE',  ( 0.0000000000000000000, 1.000000000000000000, 0.0000000000000000000 ) ) ;
#3080 = CARTESIAN_POINT ( 'NONE',  ( 0.1532055652061933004, -0.06332986786467284523, 0.07480314960629921850 ) ) ;
#3081 = FACE_OUTER_BOUND ( 'NONE', #4063, .T. ) ;
#3082 = APPROVAL_ROLE ( '' ) ;
#3083 = ORIENTED_EDGE ( 'NONE', *, *, #294, .T. ) ;
#3084 = VERTEX_POINT ( 'NONE', #1278 ) ;
#3085 = LINE ( 'NONE', #2429, #2517 ) ;
#3086 = LINE ( 'NONE', #1730, #1089 ) ;
#3087 = EDGE_CURVE ( 'NONE', #3044, #2502, #2647, .T. ) ;
#3088 = PLANE ( 'NONE',  #2775 ) ;
#3089 = FACE_OUTER_BOUND ( 'NONE', #623, .T. ) ;
#3090 = ORIENTED_EDGE ( 'NONE', *, *, #580, .T. ) ;
#3091 = VERTEX_POINT ( 'NONE', #3537 ) ;
#3092 = ORIENTED_EDGE ( 'NONE', *, *, #2187, .F. ) ;
#3093 = CARTESIAN_POINT ( 'NONE',  ( -0.08858267716535432601, 0.1377952755905511861, -0.08858267716535432601 ) ) ;
#3094 = VERTEX_POINT ( 'NONE', #2560 ) ;
#3095 = EDGE_LOOP ( 'NONE', ( #2136, #1058, #3513, #2976, #4088, #2630, #1995, #3181, #2970, #1715, #1684, #2331, #1065, #1577, #2491, #801, #1274 ) ) ;
#3096 = CARTESIAN_POINT ( 'NONE',  ( -0.1476377952755905387, -0.06889763779527559306, 0.1023622047244094474 ) ) ;
#3097 = DIRECTION ( 'NONE',  ( 1.000000000000000000, 0.0000000000000000000, 0.0000000000000000000 ) ) ;
#3098 = CARTESIAN_POINT ( 'NONE',  ( 0.1318897637795275746, -0.04201406643800709162, 0.1023622047244094474 ) ) ;
#3099 = EDGE_CURVE ( 'NONE', #4162, #2306, #610, .T. ) ;
#3100 = AXIS2_PLACEMENT_3D ( 'NONE', #3314, #1714, #442 ) ;
#3101 = SPHERICAL_SURFACE ( 'NONE', #4090, 0.03937007874015747977 ) ;
#3102 = EDGE_CURVE ( 'NONE', #1809, #3632, #3885, .T. ) ;
#3103 = LINE ( 'NONE', #1827, #1162 ) ;
#3104 = CARTESIAN_POINT ( 'NONE',  ( 0.0000000000000000000, 0.1299212598425196763, 0.0000000000000000000 ) ) ;
#3105 = ORIENTED_EDGE ( 'NONE', *, *, #1497, .F. ) ;
#3106 = ORIENTED_EDGE ( 'NONE', *, *, #1963, .F. ) ;
#3107 = DIRECTION ( 'NONE',  ( 0.0000000000000000000, 0.0000000000000000000, 1.000000000000000000 ) ) ;
#3108 = ORIENTED_EDGE ( 'NONE', *, *, #2571, .F. ) ;
#3109 = CARTESIAN_POINT ( 'NONE',  ( -0.1181102362204724532, 0.03543307086614173179, -0.1023622047244094474 ) ) ;
#3110 = APPROVAL_PERSON_ORGANIZATION ( #2713, #1046, #434 ) ;
#3111 = ADVANCED_FACE ( 'NONE', ( #1934 ), #308, .T. ) ;
#3112 = FACE_OUTER_BOUND ( 'NONE', #3765, .T. ) ;
#3113 = EDGE_LOOP ( 'NONE', ( #1659, #3449, #1638, #596 ) ) ;
#3114 = VERTEX_POINT ( 'NONE', #985 ) ;
#3115 = ORIENTED_EDGE ( 'NONE', *, *, #1977, .F. ) ;
#3116 = CYLINDRICAL_SURFACE ( 'NONE', #216, 0.007874015748031466463 ) ;
#3117 = DIRECTION ( 'NONE',  ( 3.519431053647356462E-16, -0.8660254037844389297, -0.4999999999999994449 ) ) ;
#3118 = DIRECTION ( 'NONE',  ( -1.000000000000000000, 0.0000000000000000000, 0.0000000000000000000 ) ) ;
#3119 = ORIENTED_EDGE ( 'NONE', *, *, #3824, .F. ) ;
#3120 = VERTEX_POINT ( 'NONE', #1002 ) ;
#3121 = LINE ( 'NONE', #447, #3838 ) ;
#3122 = DIRECTION ( 'NONE',  ( 1.445602896647339903E-16, 0.0000000000000000000, 1.000000000000000000 ) ) ;
#3123 = DIRECTION ( 'NONE',  ( 0.0000000000000000000, 0.0000000000000000000, -1.000000000000000000 ) ) ;
#3124 = VECTOR ( 'NONE', #1488, 39.37007874015748143 ) ;
#3125 = DIRECTION ( 'NONE',  ( -0.0000000000000000000, 1.000000000000000000, 0.0000000000000000000 ) ) ;
#3126 = CARTESIAN_POINT ( 'NONE',  ( 0.1318897637795275746, 0.02755905511811023584, 0.07480314960629921850 ) ) ;
#3127 = LINE ( 'NONE', #4103, #3198 ) ;
#3128 = AXIS2_PLACEMENT_3D ( 'NONE', #2198, #1260, #2585 ) ;
#3129 = ORIENTED_EDGE ( 'NONE', *, *, #4058, .T. ) ;
#3130 = VERTEX_POINT ( 'NONE', #2258 ) ;
#3131 = EDGE_CURVE ( 'NONE', #2856, #1068, #3580, .T. ) ;
#3132 = DIRECTION ( 'NONE',  ( -3.519431053647356462E-16, -0.8660254037844389297, 0.4999999999999994449 ) ) ;
#3133 = ORIENTED_EDGE ( 'NONE', *, *, #2070, .F. ) ;
#3134 = AXIS2_PLACEMENT_3D ( 'NONE', #1347, #3921, #2980 ) ;
#3135 = CARTESIAN_POINT ( 'NONE',  ( -0.1240157480314960647, -0.04201406643800709162, -0.1023622047244094474 ) ) ;
#3136 = CARTESIAN_POINT ( 'NONE',  ( 0.1318897637795275746, -0.1377952755905511861, -0.08366141732283464971 ) ) ;
#3137 = EDGE_CURVE ( 'NONE', #2830, #2628, #327, .T. ) ;
#3138 = CIRCLE ( 'NONE', #2790, 0.007874015748031499423 ) ;
#3139 = AXIS2_PLACEMENT_3D ( 'NONE', #3075, #3417, #518 ) ;
#3140 = CYLINDRICAL_SURFACE ( 'NONE', #718, 0.005905511811023620231 ) ;
#3141 = ORIENTED_EDGE ( 'NONE', *, *, #873, .T. ) ;
#3142 = ORIENTED_EDGE ( 'NONE', *, *, #3444, .F. ) ;
#3143 = AXIS2_PLACEMENT_3D ( 'NONE', #2488, #2795, #2123 ) ;
#3144 = DIRECTION ( 'NONE',  ( 0.0000000000000000000, 0.0000000000000000000, 1.000000000000000000 ) ) ;
#3145 = VECTOR ( 'NONE', #3487, 39.37007874015748143 ) ;
#3146 = ORIENTED_EDGE ( 'NONE', *, *, #3279, .F. ) ;
#3147 = CARTESIAN_POINT ( 'NONE',  ( 0.08858267716535432601, 0.1377952755905511861, 0.06496062992125983815 ) ) ;
#3148 = EDGE_CURVE ( 'NONE', #845, #1135, #1516, .T. ) ;
#3149 = CARTESIAN_POINT ( 'NONE',  ( 0.1476377952755905387, -0.06889763779527559306, 0.1023622047244094474 ) ) ;
#3150 = LINE ( 'NONE', #1518, #2773 ) ;
#3151 = DIRECTION ( 'NONE',  ( 0.0000000000000000000, 0.0000000000000000000, -1.000000000000000000 ) ) ;
#3152 = VECTOR ( 'NONE', #3769, 39.37007874015748143 ) ;
#3153 = CARTESIAN_POINT ( 'NONE',  ( -0.1318897637795275746, -0.1224523058384645591, -0.07480314960629921850 ) ) ;
#3154 = VERTEX_POINT ( 'NONE', #671 ) ;
#3155 = CARTESIAN_POINT ( 'NONE',  ( -0.08858267716535432601, 0.1299212598425196763, 0.06496062992125983815 ) ) ;
#3156 = DIRECTION ( 'NONE',  ( 1.000000000000000000, 1.478036555683235174E-47, 6.022684552957449548E-32 ) ) ;
#3157 = CARTESIAN_POINT ( 'NONE',  ( 0.1318897637795275746, 0.02755905511811023584, -0.1023622047244094474 ) ) ;
#3158 = ADVANCED_FACE ( 'NONE', ( #3269 ), #351, .F. ) ;
#3159 = CARTESIAN_POINT ( 'NONE',  ( -0.1318897637795275746, 0.02755905511811023584, 0.1023622047244094474 ) ) ;
#3160 = ORIENTED_EDGE ( 'NONE', *, *, #3213, .F. ) ;
#3161 = EDGE_CURVE ( 'NONE', #2727, #3433, #3970, .T. ) ;
#3162 = ORIENTED_EDGE ( 'NONE', *, *, #3424, .F. ) ;
#3163 = FACE_OUTER_BOUND ( 'NONE', #764, .T. ) ;
#3164 = CARTESIAN_POINT ( 'NONE',  ( 0.1318897637795275746, -0.09578120915254409451, 0.07480314960629921850 ) ) ;
#3165 = LINE ( 'NONE', #1206, #145 ) ;
#3166 = ORIENTED_EDGE ( 'NONE', *, *, #2156, .T. ) ;
#3167 = ORIENTED_EDGE ( 'NONE', *, *, #3951, .F. ) ;
#3168 = DIRECTION ( 'NONE',  ( 0.0000000000000000000, 0.0000000000000000000, -1.000000000000000000 ) ) ;
#3169 = CARTESIAN_POINT ( 'NONE',  ( 0.0000000000000000000, 0.0000000000000000000, 0.04921259842519685318 ) ) ;
#3170 = DIRECTION ( 'NONE',  ( 0.0000000000000000000, -1.000000000000000000, 0.0000000000000000000 ) ) ;
#3171 = ADVANCED_FACE ( 'NONE', ( #2729 ), #430, .F. ) ;
#3172 = CARTESIAN_POINT ( 'NONE',  ( 0.1555118110236220763, -0.1377952755905511861, -0.08366141732283464971 ) ) ;
#3173 = CARTESIAN_POINT ( 'NONE',  ( -0.1476377952755905387, -0.06889763779527559306, -0.1023622047244094474 ) ) ;
#3174 = AXIS2_PLACEMENT_3D ( 'NONE', #1733, #4068, #3023 ) ;
#3175 = CARTESIAN_POINT ( 'NONE',  ( 0.1181102362204724532, 0.02755905511811023584, 0.07480314960629921850 ) ) ;
#3176 = CARTESIAN_POINT ( 'NONE',  ( 0.1181102362204724532, 0.02755905511811023584, -0.07480314960629921850 ) ) ;
#3177 = CARTESIAN_POINT ( 'NONE',  ( 0.1240157480314960647, 0.03543307086614173179, -0.07480314960629921850 ) ) ;
#3178 = PLANE ( 'NONE',  #248 ) ;
#3179 = ORIENTED_EDGE ( 'NONE', *, *, #3339, .F. ) ;
#3180 = ORIENTED_EDGE ( 'NONE', *, *, #3383, .F. ) ;
#3181 = ORIENTED_EDGE ( 'NONE', *, *, #1385, .F. ) ;
#3182 = CARTESIAN_POINT ( 'NONE',  ( 0.1122047244094488277, 0.1299212598425196763, -0.1122047244094488277 ) ) ;
#3183 = DIRECTION ( 'NONE',  ( 0.0000000000000000000, 0.0000000000000000000, 1.000000000000000000 ) ) ;
#3184 = EDGE_CURVE ( 'NONE', #1120, #1452, #1032, .T. ) ;
#3185 = CARTESIAN_POINT ( 'NONE',  ( 0.0000000000000000000, 0.1299212598425196763, 0.0000000000000000000 ) ) ;
#3186 = VERTEX_POINT ( 'NONE', #1060 ) ;
#3187 = VERTEX_POINT ( 'NONE', #409 ) ;
#3188 = LINE ( 'NONE', #1890, #3211 ) ;
#3189 = CARTESIAN_POINT ( 'NONE',  ( 0.1181102362204724532, 0.02755905511811023584, -0.1023622047244094474 ) ) ;
#3190 = EDGE_CURVE ( 'NONE', #223, #3244, #3369, .T. ) ;
#3191 = AXIS2_PLACEMENT_3D ( 'NONE', #400, #3762, #461 ) ;
#3192 = DIRECTION ( 'NONE',  ( 0.0000000000000000000, 0.0000000000000000000, 1.000000000000000000 ) ) ;
#3193 = FACE_OUTER_BOUND ( 'NONE', #4011, .T. ) ;
#3194 = ADVANCED_FACE ( 'NONE', ( #2294 ), #3032, .T. ) ;
#3195 = CARTESIAN_POINT ( 'NONE',  ( -0.08858267716535432601, 0.1377952755905511861, -0.1122047244094488139 ) ) ;
#3196 = EDGE_LOOP ( 'NONE', ( #584, #3841, #3355, #2636 ) ) ;
#3197 = FACE_BOUND ( 'NONE', #1896, .T. ) ;
#3198 = VECTOR ( 'NONE', #1562, 39.37007874015748854 ) ;
#3199 = DIRECTION ( 'NONE',  ( 1.000000000000000000, 0.0000000000000000000, 0.0000000000000000000 ) ) ;
#3200 = VECTOR ( 'NONE', #824, 39.37007874015748854 ) ;
#3201 = EDGE_LOOP ( 'NONE', ( #3956, #2032, #1216, #1842 ) ) ;
#3202 = DIRECTION ( 'NONE',  ( 0.0000000000000000000, 0.0000000000000000000, 1.000000000000000000 ) ) ;
#3203 = CYLINDRICAL_SURFACE ( 'NONE', #2102, 0.07283464566929134798 ) ;
#3204 = AXIS2_PLACEMENT_3D ( 'NONE', #2089, #717, #1681 ) ;
#3205 = AXIS2_PLACEMENT_3D ( 'NONE', #2332, #3849, #4214 ) ;
#3206 = VERTEX_POINT ( 'NONE', #44 ) ;
#3207 = VECTOR ( 'NONE', #1947, 39.37007874015748854 ) ;
#3208 = FACE_OUTER_BOUND ( 'NONE', #3095, .T. ) ;
#3209 = AXIS2_PLACEMENT_3D ( 'NONE', #3560, #2148, #3463 ) ;
#3210 = CARTESIAN_POINT ( 'NONE',  ( -0.1263219938489248129, -0.04758183636860983945, -0.07480314960629921850 ) ) ;
#3211 = VECTOR ( 'NONE', #2865, 39.37007874015748143 ) ;
#3212 = EDGE_CURVE ( 'NONE', #458, #1131, #3049, .T. ) ;
#3213 = EDGE_CURVE ( 'NONE', #1637, #3671, #3657, .T. ) ;
#3214 = DIRECTION ( 'NONE',  ( 0.0000000000000000000, 0.0000000000000000000, 1.000000000000000000 ) ) ;
#3215 = DIRECTION ( 'NONE',  ( 0.0000000000000000000, 0.0000000000000000000, 1.000000000000000000 ) ) ;
#3216 = CARTESIAN_POINT ( 'NONE',  ( 0.0000000000000000000, 0.1299212598425196763, 0.0000000000000000000 ) ) ;
#3217 = CARTESIAN_POINT ( 'NONE',  ( 0.1122047244094488277, 0.1299212598425196763, 0.1181102362204724532 ) ) ;
#3218 = DIRECTION ( 'NONE',  ( 0.0000000000000000000, 0.0000000000000000000, -1.000000000000000000 ) ) ;
#3219 = VECTOR ( 'NONE', #1781, 39.37007874015748143 ) ;
#3220 = VERTEX_POINT ( 'NONE', #753 ) ;
#3221 = EDGE_CURVE ( 'NONE', #983, #1293, #3701, .T. ) ;
#3222 = CARTESIAN_POINT ( 'NONE',  ( -0.1555118110236220208, -0.06889763779527559306, 0.07480314960629921850 ) ) ;
#3223 = CARTESIAN_POINT ( 'NONE',  ( -0.1318897637795275746, -0.09578120915254409451, -0.1023622047244094474 ) ) ;
#3224 = CARTESIAN_POINT ( 'NONE',  ( 0.0000000000000000000, 0.1299212598425196763, 0.0000000000000000000 ) ) ;
#3225 = ORIENTED_EDGE ( 'NONE', *, *, #500, .T. ) ;
#3226 = ORIENTED_EDGE ( 'NONE', *, *, #3470, .T. ) ;
#3227 = CARTESIAN_POINT ( 'NONE',  ( 0.1318897637795275746, -0.04201406643800709162, 0.1023622047244094474 ) ) ;
#3228 = VERTEX_POINT ( 'NONE', #2665 ) ;
#3229 = DIRECTION ( 'NONE',  ( 0.7071067811865470176, 0.7071067811865480168, 0.0000000000000000000 ) ) ;
#3230 = EDGE_CURVE ( 'NONE', #1716, #1613, #2705, .T. ) ;
#3231 = CARTESIAN_POINT ( 'NONE',  ( 0.1318897637795275746, -0.1224523058384645591, 0.07480314960629921850 ) ) ;
#3232 = EDGE_CURVE ( 'NONE', #3228, #3473, #2036, .T. ) ;
#3233 = VERTEX_POINT ( 'NONE', #3620 ) ;
#3234 = CARTESIAN_POINT ( 'NONE',  ( -0.1476377952755905387, -0.06889763779527559306, -0.1023622047244094474 ) ) ;
#3235 = CARTESIAN_POINT ( 'NONE',  ( 0.1181102362204724532, 0.03543307086614173179, -0.07480314960629921850 ) ) ;
#3236 = CARTESIAN_POINT ( 'NONE',  ( -0.08858267716535432601, 0.1299212598425196763, -0.08858267716535432601 ) ) ;
#3237 = DIRECTION ( 'NONE',  ( 0.0000000000000000000, 0.0000000000000000000, 1.000000000000000000 ) ) ;
#3238 = ORIENTED_EDGE ( 'NONE', *, *, #124, .T. ) ;
#3239 = ORIENTED_EDGE ( 'NONE', *, *, #2754, .T. ) ;
#3240 = CARTESIAN_POINT ( 'NONE',  ( 0.08858267716535432601, 0.1299212598425196763, 0.08858267716535432601 ) ) ;
#3241 = EDGE_CURVE ( 'NONE', #2061, #1411, #1356, .T. ) ;
#3242 = DIRECTION ( 'NONE',  ( 0.0000000000000000000, 1.000000000000000000, 0.0000000000000000000 ) ) ;
#3243 = VERTEX_POINT ( 'NONE', #3973 ) ;
#3244 = VERTEX_POINT ( 'NONE', #1041 ) ;
#3245 = LINE ( 'NONE', #1620, #4108 ) ;
#3246 = VERTEX_POINT ( 'NONE', #4037 ) ;
#3247 = CARTESIAN_POINT ( 'NONE',  ( -0.1476377952755905387, -0.06889763779527559306, -0.07480314960629921850 ) ) ;
#3248 = LINE ( 'NONE', #3864, #1230 ) ;
#3249 = ORIENTED_EDGE ( 'NONE', *, *, #3212, .T. ) ;
#3250 = DIRECTION ( 'NONE',  ( -1.000000000000000000, 0.0000000000000000000, 0.0000000000000000000 ) ) ;
#3251 = CARTESIAN_POINT ( 'NONE',  ( 0.1240157480314960647, 0.02755905511811023584, 0.1023622047244094474 ) ) ;
#3252 = LINE ( 'NONE', #16, #2921 ) ;
#3253 = EDGE_CURVE ( 'NONE', #2978, #3120, #2993, .T. ) ;
#3254 = VERTEX_POINT ( 'NONE', #3637 ) ;
#3255 = ORIENTED_EDGE ( 'NONE', *, *, #1810, .T. ) ;
#3256 = EDGE_CURVE ( 'NONE', #3604, #2877, #730, .T. ) ;
#3257 = EDGE_LOOP ( 'NONE', ( #2592, #2695, #1160, #3402 ) ) ;
#3258 = CARTESIAN_POINT ( 'NONE',  ( -0.08858267716535432601, 0.1299212598425196763, 0.08858267716535432601 ) ) ;
#3259 = VECTOR ( 'NONE', #2384, 39.37007874015748143 ) ;
#3260 = CYLINDRICAL_SURFACE ( 'NONE', #1319, 0.007874015748031499423 ) ;
#3261 = AXIS2_PLACEMENT_3D ( 'NONE', #2686, #1359, #1078 ) ;
#3262 = DIRECTION ( 'NONE',  ( -2.454115839351809943E-16, -1.000000000000000000, 0.0000000000000000000 ) ) ;
#3263 = ORIENTED_EDGE ( 'NONE', *, *, #843, .F. ) ;
#3264 = DIRECTION ( 'NONE',  ( 1.000000000000000000, 0.0000000000000000000, 0.0000000000000000000 ) ) ;
#3265 = AXIS2_PLACEMENT_3D ( 'NONE', #791, #4118, #2798 ) ;
#3266 = AXIS2_PLACEMENT_3D ( 'NONE', #2940, #1324, #2278 ) ;
#3267 = AXIS2_PLACEMENT_3D ( 'NONE', #2208, #2552, #932 ) ;
#3268 = ORIENTED_EDGE ( 'NONE', *, *, #2276, .F. ) ;
#3269 = FACE_OUTER_BOUND ( 'NONE', #998, .T. ) ;
#3270 = CARTESIAN_POINT ( 'NONE',  ( 0.1318897637795275746, -0.04201406643800709162, -0.1023622047244094474 ) ) ;
#3271 = AXIS2_PLACEMENT_3D ( 'NONE', #1257, #3861, #2886 ) ;
#3272 = CARTESIAN_POINT ( 'NONE',  ( 0.1532055652061933004, -0.07446540772587834089, -0.07480314960629921850 ) ) ;
#3273 = PLANE ( 'NONE',  #1357 ) ;
#3274 = VERTEX_POINT ( 'NONE', #3323 ) ;
#3275 = VERTEX_POINT ( 'NONE', #2685 ) ;
#3276 = EDGE_LOOP ( 'NONE', ( #2449, #804, #3438, #855 ) ) ;
#3277 = DIRECTION ( 'NONE',  ( -0.7071067811865469066, 0.7071067811865479058, 0.0000000000000000000 ) ) ;
#3278 = CARTESIAN_POINT ( 'NONE',  ( 0.1181102362204724532, 0.0000000000000000000, 0.04921259842519685318 ) ) ;
#3279 = EDGE_CURVE ( 'NONE', #1765, #3037, #1721, .T. ) ;
#3280 = VECTOR ( 'NONE', #126, 39.37007874015748143 ) ;
#3281 = EDGE_CURVE ( 'NONE', #3300, #1840, #2354, .T. ) ;
#3282 = CARTESIAN_POINT ( 'NONE',  ( 0.1318897637795275746, 0.02755905511811023584, 0.1023622047244094474 ) ) ;
#3283 = EDGE_LOOP ( 'NONE', ( #1320, #3532, #3375, #2460 ) ) ;
#3284 = ORIENTED_EDGE ( 'NONE', *, *, #3161, .T. ) ;
#3285 = FACE_OUTER_BOUND ( 'NONE', #4080, .T. ) ;
#3286 = CARTESIAN_POINT ( 'NONE',  ( -0.1181102362204724532, 0.03543307086614173179, -0.07480314960629921850 ) ) ;
#3287 = ORIENTED_EDGE ( 'NONE', *, *, #3184, .F. ) ;
#3288 = DIRECTION ( 'NONE',  ( 0.0000000000000000000, -1.000000000000000000, 0.0000000000000000000 ) ) ;
#3289 = LINE ( 'NONE', #1935, #267 ) ;
#3290 = EDGE_CURVE ( 'NONE', #1040, #78, #1599, .T. ) ;
#3291 = LINE ( 'NONE', #2625, #2512 ) ;
#3292 = ORIENTED_EDGE ( 'NONE', *, *, #785, .T. ) ;
#3293 = ORIENTED_EDGE ( 'NONE', *, *, #2495, .T. ) ;
#3294 = ORIENTED_EDGE ( 'NONE', *, *, #468, .F. ) ;
#3295 = DIRECTION ( 'NONE',  ( 0.0000000000000000000, 0.0000000000000000000, 1.000000000000000000 ) ) ;
#3296 = DIRECTION ( 'NONE',  ( -1.000000000000000000, 0.0000000000000000000, 0.0000000000000000000 ) ) ;
#3297 = CIRCLE ( 'NONE', #1880, 0.02362204724409448092 ) ;
#3298 = DIRECTION ( 'NONE',  ( -2.454115839351809943E-16, -1.000000000000000000, 0.0000000000000000000 ) ) ;
#3299 = VERTEX_POINT ( 'NONE', #3526 ) ;
#3300 = VERTEX_POINT ( 'NONE', #3745 ) ;
#3301 = DIRECTION ( 'NONE',  ( 0.0000000000000000000, 1.000000000000000000, 0.0000000000000000000 ) ) ;
#3302 = CARTESIAN_POINT ( 'NONE',  ( -0.1181102362204724532, 0.1299212598425196763, -0.1122047244094488277 ) ) ;
#3303 = ORIENTED_EDGE ( 'NONE', *, *, #3508, .T. ) ;
#3304 = EDGE_CURVE ( 'NONE', #2965, #590, #2881, .T. ) ;
#3305 = DIRECTION ( 'NONE',  ( 1.000000000000000000, 1.478036555683235174E-47, 6.022684552957449548E-32 ) ) ;
#3306 = CARTESIAN_POINT ( 'NONE',  ( -0.1318897637795275746, -0.04201406643800709162, 0.1023622047244094474 ) ) ;
#3307 = CARTESIAN_POINT ( 'NONE',  ( -0.1181102362204724532, 0.1377952755905511861, -0.1181102362204724532 ) ) ;
#3308 = EDGE_CURVE ( 'NONE', #4044, #4087, #3551, .T. ) ;
#3309 = CYLINDRICAL_SURFACE ( 'NONE', #1836, 0.02362204724409448092 ) ;
#3310 = VECTOR ( 'NONE', #628, 39.37007874015748143 ) ;
#3311 = ORIENTED_EDGE ( 'NONE', *, *, #1054, .T. ) ;
#3312 = EDGE_LOOP ( 'NONE', ( #1328, #550, #3226, #1668 ) ) ;
#3313 = FACE_OUTER_BOUND ( 'NONE', #2428, .T. ) ;
#3314 = CARTESIAN_POINT ( 'NONE',  ( -0.1122047244094488277, 0.0000000000000000000, 0.1122047244094488277 ) ) ;
#3315 = VERTEX_POINT ( 'NONE', #823 ) ;
#3316 = AXIS2_PLACEMENT_3D ( 'NONE', #2076, #2409, #3760 ) ;
#3317 = CARTESIAN_POINT ( 'NONE',  ( -0.1181102362204724532, 0.0000000000000000000, 0.1181102362204724532 ) ) ;
#3318 = VECTOR ( 'NONE', #2155, 39.37007874015748143 ) ;
#3319 = ORIENTED_EDGE ( 'NONE', *, *, #708, .T. ) ;
#3320 = AXIS2_PLACEMENT_3D ( 'NONE', #3984, #3063, #4000 ) ;
#3321 = CARTESIAN_POINT ( 'NONE',  ( 0.1318897637795275746, -0.09578120915254409451, 0.1023622047244094474 ) ) ;
#3322 = AXIS2_PLACEMENT_3D ( 'NONE', #2110, #199, #4076 ) ;
#3323 = CARTESIAN_POINT ( 'NONE',  ( 0.1181102362204724532, 0.0000000000000000000, -0.04921259842519685318 ) ) ;
#3324 = DIRECTION ( 'NONE',  ( -0.0000000000000000000, 1.000000000000000000, 0.0000000000000000000 ) ) ;
#3325 = EDGE_CURVE ( 'NONE', #4160, #1288, #1711, .T. ) ;
#3326 = VECTOR ( 'NONE', #2543, 39.37007874015748143 ) ;
#3327 = EDGE_CURVE ( 'NONE', #3428, #374, #1141, .T. ) ;
#3328 = ADVANCED_FACE ( 'NONE', ( #2149 ), #1615, .T. ) ;
#3329 = AXIS2_PLACEMENT_3D ( 'NONE', #2472, #3393, #472 ) ;
#3330 = DIRECTION ( 'NONE',  ( 0.0000000000000000000, 0.0000000000000000000, 1.000000000000000000 ) ) ;
#3331 = DIRECTION ( 'NONE',  ( 0.0000000000000000000, -1.000000000000000000, 0.0000000000000000000 ) ) ;
#3332 = EDGE_CURVE ( 'NONE', #4222, #1120, #1463, .T. ) ;
#3333 = AXIS2_PLACEMENT_3D ( 'NONE', #3837, #3509, #1884 ) ;
#3334 = ORIENTED_EDGE ( 'NONE', *, *, #1316, .F. ) ;
#3335 = ORIENTED_EDGE ( 'NONE', *, *, #346, .T. ) ;
#3336 = ORIENTED_EDGE ( 'NONE', *, *, #3982, .T. ) ;
#3337 = CARTESIAN_POINT ( 'NONE',  ( -0.1122047244094488277, 0.0000000000000000000, -0.1122047244094488277 ) ) ;
#3338 = FACE_OUTER_BOUND ( 'NONE', #3715, .T. ) ;
#3339 = EDGE_CURVE ( 'NONE', #1882, #2273, #3568, .T. ) ;
#3340 = LINE ( 'NONE', #1410, #1004 ) ;
#3341 = ORIENTED_EDGE ( 'NONE', *, *, #2951, .T. ) ;
#3342 = ORIENTED_EDGE ( 'NONE', *, *, #3354, .F. ) ;
#3343 = CARTESIAN_POINT ( 'NONE',  ( 0.1122047244094488277, 0.1299212598425196763, -0.1181102362204724532 ) ) ;
#3344 = VECTOR ( 'NONE', #2105, 39.37007874015748143 ) ;
#3345 = DIRECTION ( 'NONE',  ( 0.0000000000000000000, 0.0000000000000000000, 1.000000000000000000 ) ) ;
#3346 = CARTESIAN_POINT ( 'NONE',  ( -0.1240157480314960647, -0.09578120915254409451, 0.07480314960629921850 ) ) ;
#3347 = ORIENTED_EDGE ( 'NONE', *, *, #4209, .F. ) ;
#3348 = CARTESIAN_POINT ( 'NONE',  ( -0.08858267716535432601, 0.1299212598425196763, 0.08858267716535432601 ) ) ;
#3349 = CARTESIAN_POINT ( 'NONE',  ( 0.1318897637795275746, -0.04201406643800709162, -0.1023622047244094474 ) ) ;
#3350 = DIRECTION ( 'NONE',  ( 1.000000000000000000, 0.0000000000000000000, 0.0000000000000000000 ) ) ;
#3351 = ADVANCED_FACE ( 'NONE', ( #3440 ), #945, .T. ) ;
#3352 = CARTESIAN_POINT ( 'NONE',  ( -0.1318897637795275746, -0.04201406643800709162, 0.07480314960629921850 ) ) ;
#3353 = CARTESIAN_POINT ( 'NONE',  ( 0.1181102362204724532, 0.03543307086614173179, -0.1023622047244094474 ) ) ;
#3354 = EDGE_CURVE ( 'NONE', #1280, #880, #2225, .T. ) ;
#3355 = ORIENTED_EDGE ( 'NONE', *, *, #522, .F. ) ;
#3356 = ORIENTED_EDGE ( 'NONE', *, *, #1211, .F. ) ;
#3357 = DIRECTION ( 'NONE',  ( 0.0000000000000000000, 0.0000000000000000000, -1.000000000000000000 ) ) ;
#3358 = CARTESIAN_POINT ( 'NONE',  ( 0.1263219938489248129, -0.04758183636860983945, -0.1023622047244094474 ) ) ;
#3359 = EDGE_CURVE ( 'NONE', #762, #3000, #625, .T. ) ;
#3360 = CARTESIAN_POINT ( 'NONE',  ( 0.1318897637795275746, -0.1377952755905511861, -0.09350393700787401619 ) ) ;
#3361 = ORIENTED_EDGE ( 'NONE', *, *, #3444, .T. ) ;
#3362 = CARTESIAN_POINT ( 'NONE',  ( -0.1181102362204724532, 0.0000000000000000000, -0.1181102362204724532 ) ) ;
#3363 = EDGE_CURVE ( 'NONE', #3474, #1332, #2188, .T. ) ;
#3364 = FACE_OUTER_BOUND ( 'NONE', #4228, .T. ) ;
#3365 = CARTESIAN_POINT ( 'NONE',  ( 0.1181102362204724532, 0.1377952755905511861, 0.1122047244094488277 ) ) ;
#3366 = ORIENTED_EDGE ( 'NONE', *, *, #1922, .F. ) ;
#3367 = VECTOR ( 'NONE', #2566, 39.37007874015748143 ) ;
#3368 = DIRECTION ( 'NONE',  ( 1.000000000000000000, 0.0000000000000000000, 0.0000000000000000000 ) ) ;
#3369 = LINE ( 'NONE', #2333, #825 ) ;
#3370 = CARTESIAN_POINT ( 'NONE',  ( -0.1240157480314960647, 0.02755905511811023584, 0.1023622047244094474 ) ) ;
#3371 = CARTESIAN_POINT ( 'NONE',  ( 0.1240157480314960647, 0.02755905511811023584, -0.1023622047244094474 ) ) ;
#3372 = DIRECTION ( 'NONE',  ( 0.0000000000000000000, -1.000000000000000000, 0.0000000000000000000 ) ) ;
#3373 = CC_DESIGN_PERSON_AND_ORGANIZATION_ASSIGNMENT ( #720, #3663, ( #3659 ) ) ;
#3374 = APPLICATION_PROTOCOL_DEFINITION ( 'international standard', 'config_control_design', 1994, #2911 ) ;
#3375 = ORIENTED_EDGE ( 'NONE', *, *, #3504, .F. ) ;
#3376 = ORIENTED_EDGE ( 'NONE', *, *, #2997, .T. ) ;
#3377 = ORIENTED_EDGE ( 'NONE', *, *, #275, .T. ) ;
#3378 = CARTESIAN_POINT ( 'NONE',  ( -8.437527159479795937E-18, 0.1299212598425196763, -0.06889763779527559306 ) ) ;
#3379 = FACE_OUTER_BOUND ( 'NONE', #2126, .T. ) ;
#3380 = AXIS2_PLACEMENT_3D ( 'NONE', #976, #1312, #2251 ) ;
#3381 = EDGE_CURVE ( 'NONE', #4143, #95, #3077, .T. ) ;
#3382 = DIRECTION ( 'NONE',  ( 0.0000000000000000000, 0.0000000000000000000, 1.000000000000000000 ) ) ;
#3383 = EDGE_CURVE ( 'NONE', #2978, #1646, #1166, .T. ) ;
#3384 = ADVANCED_FACE ( 'NONE', ( #2771 ), #2421, .T. ) ;
#3385 = ORIENTED_EDGE ( 'NONE', *, *, #3087, .T. ) ;
#3386 = CARTESIAN_POINT ( 'NONE',  ( -0.1318897637795275746, -0.04201406643800709162, -0.1023622047244094474 ) ) ;
#3387 = CLOSED_SHELL ( 'NONE', ( #366, #2286, #2151, #3908, #2141, #3468, #2573, #103, #553, #2755, #207, #3194, #1338, #2264, #32, #654, #338, #808, #299, #2971, #936 ) ) ;
#3388 = DIRECTION ( 'NONE',  ( 0.0000000000000000000, -1.000000000000000000, 0.0000000000000000000 ) ) ;
#3389 = VECTOR ( 'NONE', #2626, 39.37007874015748143 ) ;
#3390 = CARTESIAN_POINT ( 'NONE',  ( 0.1318897637795275746, -0.04201406643800709162, -0.07480314960629921850 ) ) ;
#3391 = ORIENTED_EDGE ( 'NONE', *, *, #1020, .T. ) ;
#3392 = DIRECTION ( 'NONE',  ( 0.0000000000000000000, 1.000000000000000000, 0.0000000000000000000 ) ) ;
#3393 = DIRECTION ( 'NONE',  ( 0.0000000000000000000, -1.000000000000000000, 0.0000000000000000000 ) ) ;
#3394 = VECTOR ( 'NONE', #2390, 39.37007874015748143 ) ;
#3395 = DIRECTION ( 'NONE',  ( 1.000000000000000000, 0.0000000000000000000, 0.0000000000000000000 ) ) ;
#3396 = DIRECTION ( 'NONE',  ( 0.0000000000000000000, 0.0000000000000000000, 1.000000000000000000 ) ) ;
#3397 = DIRECTION ( 'NONE',  ( 1.000000000000000000, 0.0000000000000000000, 0.0000000000000000000 ) ) ;
#3398 = DIRECTION ( 'NONE',  ( 0.0000000000000000000, 0.0000000000000000000, -1.000000000000000000 ) ) ;
#3399 = AXIS2_PLACEMENT_3D ( 'NONE', #2318, #1421, #2051 ) ;
#3400 = VECTOR ( 'NONE', #4192, 39.37007874015748143 ) ;
#3401 = MECHANICAL_CONTEXT ( 'NONE', #451, 'mechanical' ) ;
#3402 = ORIENTED_EDGE ( 'NONE', *, *, #2737, .F. ) ;
#3403 = AXIS2_PLACEMENT_3D ( 'NONE', #1103, #775, #1692 ) ;
#3404 = EDGE_LOOP ( 'NONE', ( #1368, #3457, #4021, #2457 ) ) ;
#3405 = VECTOR ( 'NONE', #1819, 39.37007874015748143 ) ;
#3406 = DIRECTION ( 'NONE',  ( 0.0000000000000000000, 0.0000000000000000000, 1.000000000000000000 ) ) ;
#3407 = DIRECTION ( 'NONE',  ( 0.0000000000000000000, 0.0000000000000000000, -1.000000000000000000 ) ) ;
#3408 = DIRECTION ( 'NONE',  ( 0.0000000000000000000, 0.0000000000000000000, -1.000000000000000000 ) ) ;
#3409 = VECTOR ( 'NONE', #2842, 39.37007874015748143 ) ;
#3410 = DIRECTION ( 'NONE',  ( -0.7071067811865469066, -0.7071067811865479058, 0.0000000000000000000 ) ) ;
#3411 = ORIENTED_EDGE ( 'NONE', *, *, #1911, .T. ) ;
#3412 = EDGE_LOOP ( 'NONE', ( #1457, #2640, #1480, #3376 ) ) ;
#3413 = CARTESIAN_POINT ( 'NONE',  ( 0.1240157480314960647, -0.1377952755905511861, 0.1023622047244094474 ) ) ;
#3414 = ADVANCED_FACE ( 'NONE', ( #2399 ), #3797, .T. ) ;
#3415 = CARTESIAN_POINT ( 'NONE',  ( -0.1318897637795275746, -0.09578120915254409451, -0.07480314960629921850 ) ) ;
#3416 = ORIENTED_EDGE ( 'NONE', *, *, #828, .F. ) ;
#3417 = DIRECTION ( 'NONE',  ( 0.0000000000000000000, -1.000000000000000000, 0.0000000000000000000 ) ) ;
#3418 = DIRECTION ( 'NONE',  ( 0.0000000000000000000, 0.0000000000000000000, -1.000000000000000000 ) ) ;
#3419 = LINE ( 'NONE', #3747, #4173 ) ;
#3420 = VECTOR ( 'NONE', #2805, 39.37007874015748143 ) ;
#3421 = FACE_OUTER_BOUND ( 'NONE', #4048, .T. ) ;
#3422 = LINE ( 'NONE', #3845, #2175 ) ;
#3423 = FACE_OUTER_BOUND ( 'NONE', #1883, .T. ) ;
#3424 = EDGE_CURVE ( 'NONE', #1451, #2502, #2451, .T. ) ;
#3425 = ORIENTED_EDGE ( 'NONE', *, *, #767, .T. ) ;
#3426 = ORIENTED_EDGE ( 'NONE', *, *, #2074, .F. ) ;
#3427 = CARTESIAN_POINT ( 'NONE',  ( 0.1122047244094488277, 0.1377952755905511861, -0.1181102362204724532 ) ) ;
#3428 = VERTEX_POINT ( 'NONE', #1190 ) ;
#3429 = DIRECTION ( 'NONE',  ( 4.063888932435259910E-16, -1.000000000000000000, 0.0000000000000000000 ) ) ;
#3430 = DIRECTION ( 'NONE',  ( 0.0000000000000000000, 0.0000000000000000000, 1.000000000000000000 ) ) ;
#3431 = PLANE ( 'NONE',  #3029 ) ;
#3432 = EDGE_LOOP ( 'NONE', ( #2714, #2718, #2492, #911 ) ) ;
#3433 = VERTEX_POINT ( 'NONE', #869 ) ;
#3434 = ORIENTED_EDGE ( 'NONE', *, *, #244, .T. ) ;
#3435 = DIRECTION ( 'NONE',  ( 0.0000000000000000000, -1.000000000000000000, 0.0000000000000000000 ) ) ;
#3436 = CARTESIAN_POINT ( 'NONE',  ( 0.1181102362204724532, 0.03543307086614173179, 0.1023622047244094474 ) ) ;
#3437 = DIRECTION ( 'NONE',  ( 0.0000000000000000000, 0.0000000000000000000, -1.000000000000000000 ) ) ;
#3438 = ORIENTED_EDGE ( 'NONE', *, *, #980, .T. ) ;
#3439 = CARTESIAN_POINT ( 'NONE',  ( 0.1318897637795275746, -0.1377952755905511861, 0.08366141732283464971 ) ) ;
#3440 = FACE_OUTER_BOUND ( 'NONE', #456, .T. ) ;
#3441 = LINE ( 'NONE', #3843, #4240 ) ;
#3442 = AXIS2_PLACEMENT_3D ( 'NONE', #2189, #2530, #577 ) ;
#3443 = EDGE_CURVE ( 'NONE', #3433, #2727, #1723, .T. ) ;
#3444 = EDGE_CURVE ( 'NONE', #3929, #2958, #4224, .T. ) ;
#3445 = SPHERICAL_SURFACE ( 'NONE', #3553, 0.03937007874015747977 ) ;
#3446 = FACE_OUTER_BOUND ( 'NONE', #2635, .T. ) ;
#3447 = VERTEX_POINT ( 'NONE', #1290 ) ;
#3448 = MANIFOLD_SOLID_BREP ( 'Imported5', #455 ) ;
#3449 = ORIENTED_EDGE ( 'NONE', *, *, #510, .T. ) ;
#3450 = FACE_OUTER_BOUND ( 'NONE', #43, .T. ) ;
#3451 = VERTEX_POINT ( 'NONE', #2307 ) ;
#3452 = DIRECTION ( 'NONE',  ( 0.0000000000000000000, 0.0000000000000000000, 1.000000000000000000 ) ) ;
#3453 = LINE ( 'NONE', #2815, #3820 ) ;
#3454 = CC_DESIGN_SECURITY_CLASSIFICATION ( #3659, ( #2277 ) ) ;
#3455 = DIRECTION ( 'NONE',  ( -0.7071067811865479058, -0.7071067811865469066, 0.0000000000000000000 ) ) ;
#3456 = ORIENTED_EDGE ( 'NONE', *, *, #3676, .F. ) ;
#3457 = ORIENTED_EDGE ( 'NONE', *, *, #3304, .F. ) ;
#3458 = DIRECTION ( 'NONE',  ( 0.0000000000000000000, 0.0000000000000000000, 1.000000000000000000 ) ) ;
#3459 = FACE_OUTER_BOUND ( 'NONE', #3257, .T. ) ;
#3460 = DIRECTION ( 'NONE',  ( 1.000000000000000000, -4.063888932435259910E-16, 0.0000000000000000000 ) ) ;
#3461 = ORIENTED_EDGE ( 'NONE', *, *, #2311, .F. ) ;
#3462 = EDGE_LOOP ( 'NONE', ( #3017, #3160, #892, #2447 ) ) ;
#3463 = DIRECTION ( 'NONE',  ( 0.0000000000000000000, 0.0000000000000000000, -1.000000000000000000 ) ) ;
#3464 = CARTESIAN_POINT ( 'NONE',  ( 0.1181102362204724532, 0.1299212598425196763, -0.1122047244094488277 ) ) ;
#3465 = MANIFOLD_SOLID_BREP ( 'Imported6', #3387 ) ;
#3466 = AXIS2_PLACEMENT_3D ( 'NONE', #2789, #1179, #1526 ) ;
#3467 = DIRECTION ( 'NONE',  ( 0.0000000000000000000, 0.0000000000000000000, -1.000000000000000000 ) ) ;
#3468 = ADVANCED_FACE ( 'NONE', ( #684 ), #3260, .T. ) ;
#3469 = LINE ( 'NONE', #3822, #1087 ) ;
#3470 = EDGE_CURVE ( 'NONE', #2012, #916, #632, .T. ) ;
#3471 = EDGE_CURVE ( 'NONE', #1411, #2958, #2313, .T. ) ;
#3472 = VECTOR ( 'NONE', #1194, 39.37007874015748143 ) ;
#3473 = VERTEX_POINT ( 'NONE', #377 ) ;
#3474 = VERTEX_POINT ( 'NONE', #2285 ) ;
#3475 = CARTESIAN_POINT ( 'NONE',  ( -0.1318897637795275746, -0.04201406643800709162, 0.1023622047244094474 ) ) ;
#3476 = VERTEX_POINT ( 'NONE', #3607 ) ;
#3477 = VECTOR ( 'NONE', #3828, 39.37007874015748143 ) ;
#3478 = CARTESIAN_POINT ( 'NONE',  ( -0.1318897637795275746, -0.04201406643800709162, 0.07480314960629921850 ) ) ;
#3479 = VECTOR ( 'NONE', #870, 39.37007874015748854 ) ;
#3480 = DIRECTION ( 'NONE',  ( 1.000000000000000000, -4.063888932435259910E-16, 0.0000000000000000000 ) ) ;
#3481 = VECTOR ( 'NONE', #4216, 39.37007874015748143 ) ;
#3482 = CIRCLE ( 'NONE', #63, 0.02362204724409448092 ) ;
#3483 = CARTESIAN_POINT ( 'NONE',  ( 0.1318897637795275746, -0.1224523058384645591, -0.1023622047244094474 ) ) ;
#3484 = VERTEX_POINT ( 'NONE', #2981 ) ;
#3485 = ORIENTED_EDGE ( 'NONE', *, *, #3654, .T. ) ;
#3486 = ORIENTED_EDGE ( 'NONE', *, *, #1246, .F. ) ;
#3487 = DIRECTION ( 'NONE',  ( 0.0000000000000000000, 0.0000000000000000000, 1.000000000000000000 ) ) ;
#3488 = VECTOR ( 'NONE', #821, 39.37007874015748143 ) ;
#3489 = CARTESIAN_POINT ( 'NONE',  ( 8.919671568592926781E-18, 0.1299212598425196763, -0.07283464566929134798 ) ) ;
#3490 = ADVANCED_FACE ( 'NONE', ( #320 ), #1634, .F. ) ;
#3491 = LINE ( 'NONE', #1508, #3310 ) ;
#3492 = VERTEX_POINT ( 'NONE', #3278 ) ;
#3493 = AXIS2_PLACEMENT_3D ( 'NONE', #835, #1149, #2431 ) ;
#3494 = ORIENTED_EDGE ( 'NONE', *, *, #3363, .T. ) ;
#3495 = DIRECTION ( 'NONE',  ( 0.0000000000000000000, 0.0000000000000000000, 1.000000000000000000 ) ) ;
#3496 = DIRECTION ( 'NONE',  ( 0.0000000000000000000, 0.4999999999999995004, -0.8660254037844390407 ) ) ;
#3497 = LINE ( 'NONE', #2774, #388 ) ;
#3498 = DIRECTION ( 'NONE',  ( 0.0000000000000000000, -1.000000000000000000, 0.0000000000000000000 ) ) ;
#3499 = AXIS2_PLACEMENT_3D ( 'NONE', #3071, #1098, #147 ) ;
#3500 = CARTESIAN_POINT ( 'NONE',  ( 0.08858267716535432601, 0.1299212598425196763, -0.08858267716535432601 ) ) ;
#3501 = ORIENTED_EDGE ( 'NONE', *, *, #4032, .T. ) ;
#3502 = DIRECTION ( 'NONE',  ( 0.0000000000000000000, 0.0000000000000000000, 1.000000000000000000 ) ) ;
#3503 = DIRECTION ( 'NONE',  ( 0.0000000000000000000, 1.000000000000000000, -2.454115839351809943E-16 ) ) ;
#3504 = EDGE_CURVE ( 'NONE', #1629, #1691, #2922, .T. ) ;
#3505 = DIRECTION ( 'NONE',  ( 0.0000000000000000000, 0.0000000000000000000, 1.000000000000000000 ) ) ;
#3506 = CARTESIAN_POINT ( 'NONE',  ( -0.1240157480314960647, -0.09578120915254409451, -0.1023622047244094474 ) ) ;
#3507 = ORIENTED_EDGE ( 'NONE', *, *, #2870, .T. ) ;
#3508 = EDGE_CURVE ( 'NONE', #183, #258, #2946, .T. ) ;
#3509 = DIRECTION ( 'NONE',  ( 0.0000000000000000000, 1.000000000000000000, 0.0000000000000000000 ) ) ;
#3510 = LINE ( 'NONE', #260, #4104 ) ;
#3511 = DIRECTION ( 'NONE',  ( 0.0000000000000000000, 0.0000000000000000000, 1.000000000000000000 ) ) ;
#3512 = ORIENTED_EDGE ( 'NONE', *, *, #1873, .T. ) ;
#3513 = ORIENTED_EDGE ( 'NONE', *, *, #1885, .F. ) ;
#3514 = DIRECTION ( 'NONE',  ( 0.0000000000000000000, 1.000000000000000000, 0.0000000000000000000 ) ) ;
#3515 = ADVANCED_FACE ( 'NONE', ( #2632 ), #2267, .F. ) ;
#3516 = DIRECTION ( 'NONE',  ( 0.0000000000000000000, 0.0000000000000000000, 1.000000000000000000 ) ) ;
#3517 = DIRECTION ( 'NONE',  ( 0.0000000000000000000, -1.000000000000000000, 0.0000000000000000000 ) ) ;
#3518 = VECTOR ( 'NONE', #4024, 39.37007874015748143 ) ;
#3519 = DIRECTION ( 'NONE',  ( 0.0000000000000000000, 0.0000000000000000000, -1.000000000000000000 ) ) ;
#3520 = CARTESIAN_POINT ( 'NONE',  ( -0.08858267716535432601, 0.1496062992125984370, -0.06496062992125983815 ) ) ;
#3521 = DIRECTION ( 'NONE',  ( -2.454115839351809943E-16, -1.000000000000000000, 0.0000000000000000000 ) ) ;
#3522 = FACE_BOUND ( 'NONE', #1208, .T. ) ;
#3523 = VERTEX_POINT ( 'NONE', #1370 ) ;
#3524 = ORIENTED_EDGE ( 'NONE', *, *, #367, .F. ) ;
#3525 = DIRECTION ( 'NONE',  ( 0.0000000000000000000, 0.0000000000000000000, -1.000000000000000000 ) ) ;
#3526 = CARTESIAN_POINT ( 'NONE',  ( -0.08858267716535432601, 0.1496062992125984370, -0.06496062992125983815 ) ) ;
#3527 = EDGE_CURVE ( 'NONE', #1333, #1500, #2809, .T. ) ;
#3528 = LOCAL_TIME ( 19, 8, 31.00000000000000000, #2385 ) ;
#3529 = FACE_OUTER_BOUND ( 'NONE', #3579, .T. ) ;
#3530 = EDGE_CURVE ( 'NONE', #1040, #2344, #4242, .T. ) ;
#3531 = DIRECTION ( 'NONE',  ( 0.0000000000000000000, -1.000000000000000000, 0.0000000000000000000 ) ) ;
#3532 = ORIENTED_EDGE ( 'NONE', *, *, #949, .T. ) ;
#3533 = ORIENTED_EDGE ( 'NONE', *, *, #2536, .T. ) ;
#3534 = CARTESIAN_POINT ( 'NONE',  ( -0.08858267716535432601, 0.1299212598425196763, 0.1122047244094488139 ) ) ;
#3535 = CARTESIAN_POINT ( 'NONE',  ( -0.1240157480314960647, 0.03543307086614173179, 0.07480314960629921850 ) ) ;
#3536 = EDGE_CURVE ( 'NONE', #2811, #2830, #1180, .T. ) ;
#3537 = CARTESIAN_POINT ( 'NONE',  ( 0.1240157480314960647, -0.1224523058384645591, -0.1023622047244094474 ) ) ;
#3538 = CARTESIAN_POINT ( 'NONE',  ( 0.1318897637795275746, -0.04201406643800709162, 0.07480314960629921850 ) ) ;
#3539 = EDGE_CURVE ( 'NONE', #4044, #1114, #292, .T. ) ;
#3540 = AXIS2_PLACEMENT_3D ( 'NONE', #3236, #1022, #3916 ) ;
#3541 = LINE ( 'NONE', #3321, #3326 ) ;
#3542 = PLANE ( 'NONE',  #402 ) ;
#3543 = PLANE ( 'NONE',  #2853 ) ;
#3544 = AXIS2_PLACEMENT_3D ( 'NONE', #45, #3702, #4056 ) ;
#3545 = DIRECTION ( 'NONE',  ( 0.0000000000000000000, -1.000000000000000000, 0.0000000000000000000 ) ) ;
#3546 = ORIENTED_EDGE ( 'NONE', *, *, #100, .T. ) ;
#3547 = ORIENTED_EDGE ( 'NONE', *, *, #3137, .T. ) ;
#3548 = VECTOR ( 'NONE', #2132, 39.37007874015748143 ) ;
#3549 = ORIENTED_EDGE ( 'NONE', *, *, #3359, .F. ) ;
#3550 = CYLINDRICAL_SURFACE ( 'NONE', #2928, 0.02362204724409448092 ) ;
#3551 = LINE ( 'NONE', #1514, #3559 ) ;
#3552 = CARTESIAN_POINT ( 'NONE',  ( -0.1263219938489248129, -0.04758183636860983945, -0.1023622047244094474 ) ) ;
#3553 = AXIS2_PLACEMENT_3D ( 'NONE', #2521, #3498, #3397 ) ;
#3554 = AXIS2_PLACEMENT_3D ( 'NONE', #1844, #3144, #564 ) ;
#3555 = DIRECTION ( 'NONE',  ( 0.0000000000000000000, -1.000000000000000000, 0.0000000000000000000 ) ) ;
#3556 = ORIENTED_EDGE ( 'NONE', *, *, #1038, .T. ) ;
#3557 = ORIENTED_EDGE ( 'NONE', *, *, #1164, .T. ) ;
#3558 = PRODUCT_DEFINITION ( 'UNKNOWN', '', #2277, #2209 ) ;
#3559 = VECTOR ( 'NONE', #284, 39.37007874015748143 ) ;
#3560 = CARTESIAN_POINT ( 'NONE',  ( 0.1240157480314960647, -0.1377952755905511861, 0.1023622047244094474 ) ) ;
#3561 = CIRCLE ( 'NONE', #969, 0.007874015748031499423 ) ;
#3562 = EDGE_CURVE ( 'NONE', #3938, #1427, #224, .T. ) ;
#3563 = DIRECTION ( 'NONE',  ( 0.0000000000000000000, 0.0000000000000000000, -1.000000000000000000 ) ) ;
#3564 = CIRCLE ( 'NONE', #337, 0.007874015748031499423 ) ;
#3565 = DIRECTION ( 'NONE',  ( 0.7071067811865479058, -0.7071067811865469066, 0.0000000000000000000 ) ) ;
#3566 = LINE ( 'NONE', #3231, #2293 ) ;
#3567 = FACE_OUTER_BOUND ( 'NONE', #680, .T. ) ;
#3568 = CIRCLE ( 'NONE', #2663, 0.005905511811023620231 ) ;
#3569 = CARTESIAN_POINT ( 'NONE',  ( 0.08858267716535432601, 0.1377952755905511861, -0.08858267716535432601 ) ) ;
#3570 = EDGE_CURVE ( 'NONE', #3043, #95, #2325, .T. ) ;
#3571 = CARTESIAN_POINT ( 'NONE',  ( -0.1181102362204724532, 0.03543307086614173179, 0.07480314960629921850 ) ) ;
#3572 = ORIENTED_EDGE ( 'NONE', *, *, #2305, .T. ) ;
#3573 = CARTESIAN_POINT ( 'NONE',  ( -0.08858267716535432601, 0.1377952755905511861, 0.08858267716535432601 ) ) ;
#3574 = DIRECTION ( 'NONE',  ( 0.0000000000000000000, 0.0000000000000000000, -1.000000000000000000 ) ) ;
#3575 = CARTESIAN_POINT ( 'NONE',  ( -0.1240157480314960647, -0.1024489833240242176, -0.1139111283628084642 ) ) ;
#3576 = ORIENTED_EDGE ( 'NONE', *, *, #587, .F. ) ;
#3577 = ORIENTED_EDGE ( 'NONE', *, *, #181, .F. ) ;
#3578 = CARTESIAN_POINT ( 'NONE',  ( 0.1181102362204724532, 0.03543307086614173179, -0.1023622047244094474 ) ) ;
#3579 = EDGE_LOOP ( 'NONE', ( #2878, #2340, #2722, #769 ) ) ;
#3580 = LINE ( 'NONE', #650, #3207 ) ;
#3581 = DIRECTION ( 'NONE',  ( 0.0000000000000000000, 0.0000000000000000000, 1.000000000000000000 ) ) ;
#3582 = EDGE_CURVE ( 'NONE', #701, #1120, #1052, .T. ) ;
#3583 = ADVANCED_FACE ( 'NONE', ( #3313 ), #397, .F. ) ;
#3584 = DIRECTION ( 'NONE',  ( 1.000000000000000000, 1.478036555683235174E-47, 6.022684552957449548E-32 ) ) ;
#3585 = DIRECTION ( 'NONE',  ( 0.0000000000000000000, 0.4999999999999995004, -0.8660254037844390407 ) ) ;
#3586 = DIRECTION ( 'NONE',  ( 1.000000000000000000, 0.0000000000000000000, 0.0000000000000000000 ) ) ;
#3587 = ORIENTED_EDGE ( 'NONE', *, *, #3281, .F. ) ;
#3588 = ORIENTED_EDGE ( 'NONE', *, *, #48, .T. ) ;
#3589 = ORIENTED_EDGE ( 'NONE', *, *, #1318, .T. ) ;
#3590 = CARTESIAN_POINT ( 'NONE',  ( -0.1181102362204724532, 0.1377952755905511861, 0.1181102362204724532 ) ) ;
#3591 = ORIENTED_EDGE ( 'NONE', *, *, #4058, .F. ) ;
#3592 = LINE ( 'NONE', #1315, #830 ) ;
#3593 = LINE ( 'NONE', #26, #1362 ) ;
#3594 = ORIENTED_EDGE ( 'NONE', *, *, #2931, .F. ) ;
#3595 = ORIENTED_EDGE ( 'NONE', *, *, #2698, .F. ) ;
#3596 = DIRECTION ( 'NONE',  ( 1.000000000000000000, 0.0000000000000000000, 0.0000000000000000000 ) ) ;
#3597 = DIRECTION ( 'NONE',  ( -3.519431053647356462E-16, 0.8660254037844389297, -0.4999999999999994449 ) ) ;
#3598 = EDGE_CURVE ( 'NONE', #2393, #3254, #749, .T. ) ;
#3599 = DIRECTION ( 'NONE',  ( -0.7071067811865469066, -0.7071067811865479058, 0.0000000000000000000 ) ) ;
#3600 = FACE_OUTER_BOUND ( 'NONE', #159, .T. ) ;
#3601 = EDGE_CURVE ( 'NONE', #66, #1735, #1482, .T. ) ;
#3602 = ORIENTED_EDGE ( 'NONE', *, *, #1559, .F. ) ;
#3603 = ORIENTED_EDGE ( 'NONE', *, *, #2870, .F. ) ;
#3604 = VERTEX_POINT ( 'NONE', #3365 ) ;
#3605 = CARTESIAN_POINT ( 'NONE',  ( 0.1181102362204724532, 0.1377952755905511861, -0.1122047244094488277 ) ) ;
#3606 = AXIS2_PLACEMENT_3D ( 'NONE', #117, #3430, #3732 ) ;
#3607 = CARTESIAN_POINT ( 'NONE',  ( -0.1240157480314960647, 0.02755905511811023584, -0.07480314960629921850 ) ) ;
#3608 = VECTOR ( 'NONE', #2400, 39.37007874015748854 ) ;
#3609 = DIRECTION ( 'NONE',  ( 0.0000000000000000000, -1.000000000000000000, 0.0000000000000000000 ) ) ;
#3610 = ORIENTED_EDGE ( 'NONE', *, *, #1150, .T. ) ;
#3611 = ORIENTED_EDGE ( 'NONE', *, *, #1553, .T. ) ;
#3612 = CARTESIAN_POINT ( 'NONE',  ( 0.1240157480314960647, -0.09578120915254409451, 0.1023622047244094474 ) ) ;
#3613 = AXIS2_PLACEMENT_3D ( 'NONE', #1876, #1469, #1854 ) ;
#3614 = EDGE_CURVE ( 'NONE', #1035, #350, #3047, .T. ) ;
#3615 = VECTOR ( 'NONE', #606, 39.37007874015748143 ) ;
#3616 = PLANE ( 'NONE',  #1702 ) ;
#3617 = VECTOR ( 'NONE', #3011, 39.37007874015748143 ) ;
#3618 = VECTOR ( 'NONE', #1799, 39.37007874015748143 ) ;
#3619 = ORIENTED_EDGE ( 'NONE', *, *, #178, .F. ) ;
#3620 = CARTESIAN_POINT ( 'NONE',  ( -0.1318897637795275746, -0.04201406643800709162, 0.1023622047244094474 ) ) ;
#3621 = LINE ( 'NONE', #1279, #4098 ) ;
#3622 = VECTOR ( 'NONE', #3495, 39.37007874015748143 ) ;
#3623 = DIRECTION ( 'NONE',  ( 0.0000000000000000000, 0.0000000000000000000, 1.000000000000000000 ) ) ;
#3624 = DIRECTION ( 'NONE',  ( 2.454115839351809943E-16, -1.000000000000000000, 0.0000000000000000000 ) ) ;
#3625 = ORIENTED_EDGE ( 'NONE', *, *, #4015, .F. ) ;
#3626 = ORIENTED_EDGE ( 'NONE', *, *, #3819, .T. ) ;
#3627 = DIRECTION ( 'NONE',  ( 0.0000000000000000000, 0.0000000000000000000, 1.000000000000000000 ) ) ;
#3628 = AXIS2_PLACEMENT_3D ( 'NONE', #3961, #2249, #1330 ) ;
#3629 = CARTESIAN_POINT ( 'NONE',  ( -0.1476377952755905387, -0.06889763779527559306, -0.1023622047244094474 ) ) ;
#3630 = ORIENTED_EDGE ( 'NONE', *, *, #1112, .F. ) ;
#3631 = EDGE_CURVE ( 'NONE', #2306, #139, #427, .T. ) ;
#3632 = VERTEX_POINT ( 'NONE', #3415 ) ;
#3633 = CARTESIAN_POINT ( 'NONE',  ( -0.1318897637795275746, -0.04201406643800709162, 0.1023622047244094474 ) ) ;
#3634 = DIMENSIONAL_EXPONENTS ( 1.000000000000000000, 0.0000000000000000000, 0.0000000000000000000, 0.0000000000000000000, 0.0000000000000000000, 0.0000000000000000000, 0.0000000000000000000 ) ;
#3635 = EDGE_CURVE ( 'NONE', #1332, #3043, #1438, .T. ) ;
#3636 = ORIENTED_EDGE ( 'NONE', *, *, #1126, .T. ) ;
#3637 = CARTESIAN_POINT ( 'NONE',  ( -0.1240157480314960647, -0.1377952755905511861, 0.08366141732283464971 ) ) ;
#3638 = LINE ( 'NONE', #1122, #3608 ) ;
#3639 = DIRECTION ( 'NONE',  ( 0.0000000000000000000, -1.000000000000000000, 0.0000000000000000000 ) ) ;
#3640 = DIRECTION ( 'NONE',  ( 0.7071067811865480168, -0.7071067811865470176, 0.0000000000000000000 ) ) ;
#3641 = PERSON_AND_ORGANIZATION ( #343, #782 ) ;
#3642 = ORIENTED_EDGE ( 'NONE', *, *, #2895, .F. ) ;
#3643 = VERTEX_POINT ( 'NONE', #2766 ) ;
#3644 = ORIENTED_EDGE ( 'NONE', *, *, #2085, .F. ) ;
#3645 = FACE_OUTER_BOUND ( 'NONE', #3992, .T. ) ;
#3646 = CARTESIAN_POINT ( 'NONE',  ( -0.1555118110236220763, -0.1377952755905511861, -0.08366141732283464971 ) ) ;
#3647 = VECTOR ( 'NONE', #1814, 39.37007874015748143 ) ;
#3648 = PLANE ( 'NONE',  #1894 ) ;
#3649 = ORIENTED_EDGE ( 'NONE', *, *, #3470, .F. ) ;
#3650 = ORIENTED_EDGE ( 'NONE', *, *, #1749, .F. ) ;
#3651 = EDGE_CURVE ( 'NONE', #3678, #3300, #3740, .T. ) ;
#3652 = DIRECTION ( 'NONE',  ( 0.0000000000000000000, -1.000000000000000000, 0.0000000000000000000 ) ) ;
#3653 = EDGE_CURVE ( 'NONE', #3274, #1500, #2375, .T. ) ;
#3654 = EDGE_CURVE ( 'NONE', #2282, #3206, #4094, .T. ) ;
#3655 = EDGE_LOOP ( 'NONE', ( #4020, #1249, #77, #833 ) ) ;
#3656 = CYLINDRICAL_SURFACE ( 'NONE', #1367, 0.005905511811023620231 ) ;
#3657 = LINE ( 'NONE', #2005, #1238 ) ;
#3658 = DIRECTION ( 'NONE',  ( 1.000000000000000000, 0.0000000000000000000, 0.0000000000000000000 ) ) ;
#3659 = SECURITY_CLASSIFICATION ( '', '', #779 ) ;
#3660 = CARTESIAN_POINT ( 'NONE',  ( -0.1181102362204724532, 0.03543307086614173179, -0.1023622047244094474 ) ) ;
#3661 = DIRECTION ( 'NONE',  ( 1.000000000000000000, 0.0000000000000000000, 0.0000000000000000000 ) ) ;
#3662 = EDGE_CURVE ( 'NONE', #641, #1492, #918, .T. ) ;
#3663 = PERSON_AND_ORGANIZATION_ROLE ( 'classification_officer' ) ;
#3664 = EDGE_LOOP ( 'NONE', ( #3411, #539, #296, #2218 ) ) ;
#3665 = EDGE_LOOP ( 'NONE', ( #1195, #60, #1522, #4238 ) ) ;
#3666 = EDGE_LOOP ( 'NONE', ( #711, #2406, #2246, #27 ) ) ;
#3667 = DIRECTION ( 'NONE',  ( 0.0000000000000000000, 0.0000000000000000000, 1.000000000000000000 ) ) ;
#3668 = CARTESIAN_POINT ( 'NONE',  ( -0.1263219938489248129, -0.04758183636860983945, 0.1023622047244094474 ) ) ;
#3669 = AXIS2_PLACEMENT_3D ( 'NONE', #80, #2719, #1088 ) ;
#3670 = CARTESIAN_POINT ( 'NONE',  ( 0.1263219938489248129, -0.09021343922194134668, 0.1023622047244094474 ) ) ;
#3671 = VERTEX_POINT ( 'NONE', #3390 ) ;
#3672 = AXIS2_PLACEMENT_3D ( 'NONE', #2319, #3640, #72 ) ;
#3673 = DIRECTION ( 'NONE',  ( 0.0000000000000000000, 0.0000000000000000000, -1.000000000000000000 ) ) ;
#3674 = CARTESIAN_POINT ( 'NONE',  ( 0.1532055652061933004, -0.07446540772587834089, 0.1023622047244094474 ) ) ;
#3675 = VECTOR ( 'NONE', #4038, 39.37007874015748143 ) ;
#3676 = EDGE_CURVE ( 'NONE', #1412, #3186, #1864, .T. ) ;
#3677 = DIRECTION ( 'NONE',  ( 0.0000000000000000000, 1.000000000000000000, 0.0000000000000000000 ) ) ;
#3678 = VERTEX_POINT ( 'NONE', #2746 ) ;
#3679 = VECTOR ( 'NONE', #1818, 39.37007874015748143 ) ;
#3680 = EDGE_CURVE ( 'NONE', #4006, #3315, #2045, .T. ) ;
#3681 = VECTOR ( 'NONE', #445, 39.37007874015748143 ) ;
#3682 = DIRECTION ( 'NONE',  ( 0.0000000000000000000, 0.0000000000000000000, 1.000000000000000000 ) ) ;
#3683 = DIRECTION ( 'NONE',  ( 0.0000000000000000000, 0.0000000000000000000, 1.000000000000000000 ) ) ;
#3684 = VECTOR ( 'NONE', #2134, 39.37007874015748854 ) ;
#3685 = CIRCLE ( 'NONE', #1095, 0.07283464566929134798 ) ;
#3686 = EDGE_CURVE ( 'NONE', #3763, #2982, #1450, .T. ) ;
#3687 = DIRECTION ( 'NONE',  ( 0.0000000000000000000, -1.000000000000000000, 0.0000000000000000000 ) ) ;
#3688 = AXIS2_PLACEMENT_3D ( 'NONE', #1717, #84, #3673 ) ;
#3689 = VECTOR ( 'NONE', #3759, 39.37007874015748854 ) ;
#3690 = DATE_AND_TIME ( #2337, #3877 ) ;
#3691 = EDGE_LOOP ( 'NONE', ( #1510, #2949, #2892, #2678 ) ) ;
#3692 = EDGE_CURVE ( 'NONE', #1961, #1882, #1074, .T. ) ;
#3693 = LINE ( 'NONE', #4023, #1017 ) ;
#3694 = CARTESIAN_POINT ( 'NONE',  ( -0.1181102362204724532, 0.0000000000000000000, 0.04921259842519685318 ) ) ;
#3695 = EDGE_LOOP ( 'NONE', ( #2481, #2781, #3347, #3342 ) ) ;
#3696 = ORIENTED_EDGE ( 'NONE', *, *, #2915, .F. ) ;
#3697 = CARTESIAN_POINT ( 'NONE',  ( -0.1122047244094488277, 0.1299212598425196763, 0.1122047244094488277 ) ) ;
#3698 = CARTESIAN_POINT ( 'NONE',  ( 0.1476377952755905387, -0.06889763779527559306, -0.1023622047244094474 ) ) ;
#3699 = EDGE_LOOP ( 'NONE', ( #603, #3860, #624, #2934 ) ) ;
#3700 = LINE ( 'NONE', #2352, #479 ) ;
#3701 = LINE ( 'NONE', #369, #405 ) ;
#3702 = DIRECTION ( 'NONE',  ( 0.0000000000000000000, 0.0000000000000000000, -1.000000000000000000 ) ) ;
#3703 = CARTESIAN_POINT ( 'NONE',  ( -0.1263219938489248129, -0.04758183636860983945, 0.07480314960629921850 ) ) ;
#3704 = EDGE_CURVE ( 'NONE', #2727, #2292, #3165, .T. ) ;
#3705 = FACE_OUTER_BOUND ( 'NONE', #2905, .T. ) ;
#3706 = ADVANCED_FACE ( 'NONE', ( #583 ), #951, .F. ) ;
#3707 = DIRECTION ( 'NONE',  ( 1.000000000000000000, 0.0000000000000000000, 0.0000000000000000000 ) ) ;
#3708 = ORIENTED_EDGE ( 'NONE', *, *, #1504, .T. ) ;
#3709 = ORIENTED_EDGE ( 'NONE', *, *, #3359, .T. ) ;
#3710 = ORIENTED_EDGE ( 'NONE', *, *, #2902, .T. ) ;
#3711 = LINE ( 'NONE', #2075, #3689 ) ;
#3712 = DIRECTION ( 'NONE',  ( 0.0000000000000000000, 0.0000000000000000000, 1.000000000000000000 ) ) ;
#3713 = FACE_OUTER_BOUND ( 'NONE', #2064, .T. ) ;
#3714 = ORIENTED_EDGE ( 'NONE', *, *, #3598, .T. ) ;
#3715 = EDGE_LOOP ( 'NONE', ( #921, #4043, #3595, #513 ) ) ;
#3716 = DIRECTION ( 'NONE',  ( 0.0000000000000000000, -1.000000000000000000, 0.0000000000000000000 ) ) ;
#3717 = VECTOR ( 'NONE', #163, 39.37007874015748143 ) ;
#3718 = CARTESIAN_POINT ( 'NONE',  ( 0.1318897637795275746, -0.1377952755905511861, 0.1023622047244094474 ) ) ;
#3719 = CARTESIAN_POINT ( 'NONE',  ( 0.1181102362204724532, 0.0000000000000000000, -0.1181102362204724532 ) ) ;
#3720 = EDGE_LOOP ( 'NONE', ( #3754, #1833, #4026, #2948, #1084, #495, #2469, #1669, #1821, #2659, #3546, #737, #1100, #1933, #1493, #1779, #3166 ) ) ;
#3721 = VERTEX_POINT ( 'NONE', #2862 ) ;
#3722 = CARTESIAN_POINT ( 'NONE',  ( -0.1240157480314960647, -0.09578120915254409451, 0.1023622047244094474 ) ) ;
#3723 = DIRECTION ( 'NONE',  ( 3.519431053647356462E-16, 0.8660254037844389297, 0.4999999999999994449 ) ) ;
#3724 = LINE ( 'NONE', #776, #814 ) ;
#3725 = CARTESIAN_POINT ( 'NONE',  ( 0.1318897637795275746, 0.02755905511811023584, -0.07480314960629921850 ) ) ;
#3726 = CARTESIAN_POINT ( 'NONE',  ( -0.1318897637795275746, -0.09578120915254409451, 0.1023622047244094474 ) ) ;
#3727 = EDGE_CURVE ( 'NONE', #1549, #1740, #915, .T. ) ;
#3728 = ORIENTED_EDGE ( 'NONE', *, *, #2315, .T. ) ;
#3729 = ORIENTED_EDGE ( 'NONE', *, *, #3631, .T. ) ;
#3730 = ADVANCED_FACE ( 'NONE', ( #2838 ), #1789, .T. ) ;
#3731 = ORIENTED_EDGE ( 'NONE', *, *, #3253, .T. ) ;
#3732 = DIRECTION ( 'NONE',  ( -1.000000000000000000, 0.0000000000000000000, 0.0000000000000000000 ) ) ;
#3733 = VECTOR ( 'NONE', #1134, 39.37007874015748143 ) ;
#3734 = CARTESIAN_POINT ( 'NONE',  ( -0.1532055652061933004, -0.06332986786467284523, 0.1023622047244094474 ) ) ;
#3735 = ORIENTED_EDGE ( 'NONE', *, *, #3614, .F. ) ;
#3736 = DIRECTION ( 'NONE',  ( 0.0000000000000000000, 0.0000000000000000000, 1.000000000000000000 ) ) ;
#3737 = CIRCLE ( 'NONE', #50, 0.02362204724409448092 ) ;
#3738 = CARTESIAN_POINT ( 'NONE',  ( -0.1532055652061933004, -0.06332986786467284523, 0.1023622047244094474 ) ) ;
#3739 = CIRCLE ( 'NONE', #3606, 0.007874015748031499423 ) ;
#3740 = LINE ( 'NONE', #4051, #3914 ) ;
#3741 = ORIENTED_EDGE ( 'NONE', *, *, #2404, .F. ) ;
#3742 = ORIENTED_EDGE ( 'NONE', *, *, #3004, .T. ) ;
#3743 = CARTESIAN_POINT ( 'NONE',  ( -0.1181102362204724532, 0.02755905511811023584, -0.1023622047244094474 ) ) ;
#3744 = ADVANCED_FACE ( 'NONE', ( #890 ), #261, .T. ) ;
#3745 = CARTESIAN_POINT ( 'NONE',  ( -0.1240157480314960647, 0.02755905511811023584, 0.07480314960629921850 ) ) ;
#3746 = CIRCLE ( 'NONE', #396, 0.007874015748031499423 ) ;
#3747 = CARTESIAN_POINT ( 'NONE',  ( 0.1263219938489248129, -0.04758183636860983945, -0.07480314960629921850 ) ) ;
#3748 = PLANE ( 'NONE',  #1354 ) ;
#3749 = AXIS2_PLACEMENT_3D ( 'NONE', #920, #2518, #1167 ) ;
#3750 = FACE_OUTER_BOUND ( 'NONE', #1889, .T. ) ;
#3751 = CARTESIAN_POINT ( 'NONE',  ( 0.1318897637795275746, -0.09578120915254409451, 0.1023622047244094474 ) ) ;
#3752 = CIRCLE ( 'NONE', #1026, 0.06600568946217932886 ) ;
#3753 = VECTOR ( 'NONE', #3839, 39.37007874015748143 ) ;
#3754 = ORIENTED_EDGE ( 'NONE', *, *, #4167, .F. ) ;
#3755 = VECTOR ( 'NONE', #131, 39.37007874015748143 ) ;
#3756 = ORIENTED_EDGE ( 'NONE', *, *, #950, .F. ) ;
#3757 = VECTOR ( 'NONE', #1334, 39.37007874015748143 ) ;
#3758 = CARTESIAN_POINT ( 'NONE',  ( -0.1476377952755905387, -0.06889763779527559306, 0.1023622047244094474 ) ) ;
#3759 = DIRECTION ( 'NONE',  ( -0.7071067811865469066, -0.7071067811865479058, 0.0000000000000000000 ) ) ;
#3760 = DIRECTION ( 'NONE',  ( 0.0000000000000000000, 0.0000000000000000000, -1.000000000000000000 ) ) ;
#3761 = AXIS2_PLACEMENT_3D ( 'NONE', #4206, #3458, #1843 ) ;
#3762 = DIRECTION ( 'NONE',  ( 0.0000000000000000000, 0.0000000000000000000, 1.000000000000000000 ) ) ;
#3763 = VERTEX_POINT ( 'NONE', #2172 ) ;
#3764 = ORIENTED_EDGE ( 'NONE', *, *, #181, .T. ) ;
#3765 = EDGE_LOOP ( 'NONE', ( #1556, #3456, #3336, #810 ) ) ;
#3766 = DIRECTION ( 'NONE',  ( 1.445602896647339903E-16, 0.0000000000000000000, 1.000000000000000000 ) ) ;
#3767 = CARTESIAN_POINT ( 'NONE',  ( 7.842440282654129839E-18, 0.2165354330708661457, -0.06207107990698622346 ) ) ;
#3768 = EDGE_CURVE ( 'NONE', #751, #3000, #2799, .T. ) ;
#3769 = DIRECTION ( 'NONE',  ( -4.063888932435259910E-16, -1.000000000000000000, 0.0000000000000000000 ) ) ;
#3770 = ORIENTED_EDGE ( 'NONE', *, *, #364, .F. ) ;
#3771 = ORIENTED_EDGE ( 'NONE', *, *, #1057, .F. ) ;
#3772 = VECTOR ( 'NONE', #2702, 39.37007874015748143 ) ;
#3773 = DIRECTION ( 'NONE',  ( 0.0000000000000000000, 0.0000000000000000000, -1.000000000000000000 ) ) ;
#3774 = CARTESIAN_POINT ( 'NONE',  ( -0.1318897637795275746, -0.09578120915254409451, -0.1023622047244094474 ) ) ;
#3775 = CARTESIAN_POINT ( 'NONE',  ( 0.1476377952755905387, -0.06889763779527559306, 0.1023622047244094474 ) ) ;
#3776 = AXIS2_PLACEMENT_3D ( 'NONE', #21, #995, #39 ) ;
#3777 = ADVANCED_FACE ( 'NONE', ( #602 ), #1576, .T. ) ;
#3778 = DIRECTION ( 'NONE',  ( 0.0000000000000000000, 0.0000000000000000000, -1.000000000000000000 ) ) ;
#3779 = DIRECTION ( 'NONE',  ( -1.000000000000000000, 0.0000000000000000000, 0.0000000000000000000 ) ) ;
#3780 = DIRECTION ( 'NONE',  ( 0.0000000000000000000, -1.000000000000000000, 0.0000000000000000000 ) ) ;
#3781 = EDGE_CURVE ( 'NONE', #172, #1840, #3491, .T. ) ;
#3782 = VERTEX_POINT ( 'NONE', #1928 ) ;
#3783 = ORIENTED_EDGE ( 'NONE', *, *, #382, .F. ) ;
#3784 = LINE ( 'NONE', #2093, #826 ) ;
#3785 = ORIENTED_EDGE ( 'NONE', *, *, #3654, .F. ) ;
#3786 = DIRECTION ( 'NONE',  ( 0.0000000000000000000, 0.0000000000000000000, -1.000000000000000000 ) ) ;
#3787 = FACE_OUTER_BOUND ( 'NONE', #2537, .T. ) ;
#3788 = CARTESIAN_POINT ( 'NONE',  ( 0.1476377952755905387, -0.06889763779527559306, -0.07480314960629921850 ) ) ;
#3789 = ORIENTED_EDGE ( 'NONE', *, *, #740, .F. ) ;
#3790 = CARTESIAN_POINT ( 'NONE',  ( -0.1318897637795275746, 0.02755905511811023584, 0.07480314960629921850 ) ) ;
#3791 = DIRECTION ( 'NONE',  ( 0.0000000000000000000, -1.000000000000000000, 0.0000000000000000000 ) ) ;
#3792 = ORIENTED_EDGE ( 'NONE', *, *, #1020, .F. ) ;
#3793 = ORIENTED_EDGE ( 'NONE', *, *, #2804, .T. ) ;
#3794 = EDGE_CURVE ( 'NONE', #642, #3604, #1352, .T. ) ;
#3795 = CARTESIAN_POINT ( 'NONE',  ( 0.08858267716535432601, 0.1496062992125984370, 0.1122047244094488139 ) ) ;
#3796 = ADVANCED_FACE ( 'NONE', ( #537 ), #1186, .F. ) ;
#3797 = CYLINDRICAL_SURFACE ( 'NONE', #4123, 0.02362204724409448092 ) ;
#3798 = ADVANCED_FACE ( 'NONE', ( #865 ), #1870, .T. ) ;
#3799 = DIRECTION ( 'NONE',  ( 0.0000000000000000000, 0.0000000000000000000, -1.000000000000000000 ) ) ;
#3800 = DIRECTION ( 'NONE',  ( 0.0000000000000000000, -1.000000000000000000, 0.0000000000000000000 ) ) ;
#3801 = LINE ( 'NONE', #876, #3318 ) ;
#3802 = ORIENTED_EDGE ( 'NONE', *, *, #1447, .F. ) ;
#3803 = ORIENTED_EDGE ( 'NONE', *, *, #3290, .T. ) ;
#3804 = CARTESIAN_POINT ( 'NONE',  ( 0.1476377952755905387, -0.06889763779527559306, -0.1023622047244094474 ) ) ;
#3805 = VERTEX_POINT ( 'NONE', #1888 ) ;
#3806 = PLANE ( 'NONE',  #2027 ) ;
#3807 = EDGE_CURVE ( 'NONE', #1923, #183, #287, .T. ) ;
#3808 = DIRECTION ( 'NONE',  ( 1.000000000000000000, 0.0000000000000000000, 0.0000000000000000000 ) ) ;
#3809 = ORIENTED_EDGE ( 'NONE', *, *, #3848, .F. ) ;
#3810 = DIRECTION ( 'NONE',  ( 0.0000000000000000000, 1.000000000000000000, 0.0000000000000000000 ) ) ;
#3811 = LINE ( 'NONE', #888, #2791 ) ;
#3812 = ORIENTED_EDGE ( 'NONE', *, *, #631, .T. ) ;
#3813 = EDGE_LOOP ( 'NONE', ( #166, #3898, #2147, #738 ) ) ;
#3814 = AXIS2_PLACEMENT_3D ( 'NONE', #3224, #2596, #3923 ) ;
#3815 = CARTESIAN_POINT ( 'NONE',  ( -0.1318897637795275746, -0.09578120915254409451, 0.1023622047244094474 ) ) ;
#3816 = CARTESIAN_POINT ( 'NONE',  ( 0.1263219938489248129, -0.04758183636860983945, -0.1023622047244094474 ) ) ;
#3817 = AXIS2_PLACEMENT_3D ( 'NONE', #1213, #1143, #3818 ) ;
#3818 = DIRECTION ( 'NONE',  ( 0.0000000000000000000, 0.0000000000000000000, 1.000000000000000000 ) ) ;
#3819 = EDGE_CURVE ( 'NONE', #1389, #983, #1673, .T. ) ;
#3820 = VECTOR ( 'NONE', #942, 39.37007874015748143 ) ;
#3821 = DIRECTION ( 'NONE',  ( 1.000000000000000000, -4.063888932435259910E-16, 0.0000000000000000000 ) ) ;
#3822 = CARTESIAN_POINT ( 'NONE',  ( -0.1122047244094488277, 0.1299212598425196763, -0.1181102362204724532 ) ) ;
#3823 = VECTOR ( 'NONE', #2275, 39.37007874015748854 ) ;
#3824 = EDGE_CURVE ( 'NONE', #1426, #2811, #2, .T. ) ;
#3825 = ORIENTED_EDGE ( 'NONE', *, *, #73, .T. ) ;
#3826 = DIRECTION ( 'NONE',  ( 0.0000000000000000000, 0.0000000000000000000, 1.000000000000000000 ) ) ;
#3827 = AXIS2_PLACEMENT_3D ( 'NONE', #2207, #3525, #599 ) ;
#3828 = DIRECTION ( 'NONE',  ( 0.0000000000000000000, 1.000000000000000000, 0.0000000000000000000 ) ) ;
#3829 = VECTOR ( 'NONE', #2662, 39.37007874015748143 ) ;
#3830 = FACE_BOUND ( 'NONE', #683, .T. ) ;
#3831 = VECTOR ( 'NONE', #3996, 39.37007874015748143 ) ;
#3832 = EDGE_CURVE ( 'NONE', #1988, #457, #2281, .T. ) ;
#3833 = AXIS2_PLACEMENT_3D ( 'NONE', #591, #728, #636 ) ;
#3834 = LINE ( 'NONE', #4157, #2896 ) ;
#3835 = ORIENTED_EDGE ( 'NONE', *, *, #1414, .T. ) ;
#3836 = VERTEX_POINT ( 'NONE', #2947 ) ;
#3837 = CARTESIAN_POINT ( 'NONE',  ( 0.08858267716535432601, 0.1377952755905511861, 0.08858267716535432601 ) ) ;
#3838 = VECTOR ( 'NONE', #2377, 39.37007874015748143 ) ;
#3839 = DIRECTION ( 'NONE',  ( 0.0000000000000000000, -1.000000000000000000, 0.0000000000000000000 ) ) ;
#3840 = CARTESIAN_POINT ( 'NONE',  ( -0.1240157480314960647, -0.09578120915254409451, -0.1023622047244094474 ) ) ;
#3841 = ORIENTED_EDGE ( 'NONE', *, *, #4113, .T. ) ;
#3842 = PLANE ( 'NONE',  #2651 ) ;
#3843 = CARTESIAN_POINT ( 'NONE',  ( -0.1181102362204724532, 0.0000000000000000000, -0.1181102362204724532 ) ) ;
#3844 = DIRECTION ( 'NONE',  ( 0.0000000000000000000, 1.000000000000000000, 0.0000000000000000000 ) ) ;
#3845 = CARTESIAN_POINT ( 'NONE',  ( -0.1181102362204724532, 0.03543307086614173179, 0.1023622047244094474 ) ) ;
#3846 = AXIS2_PLACEMENT_3D ( 'NONE', #1396, #2681, #4010 ) ;
#3847 = LINE ( 'NONE', #1808, #3053 ) ;
#3848 = EDGE_CURVE ( 'NONE', #3929, #3966, #321, .T. ) ;
#3849 = DIRECTION ( 'NONE',  ( 0.0000000000000000000, -1.000000000000000000, 0.0000000000000000000 ) ) ;
#3850 = FACE_OUTER_BOUND ( 'NONE', #2652, .T. ) ;
#3851 = FACE_BOUND ( 'NONE', #2321, .T. ) ;
#3852 = EDGE_CURVE ( 'NONE', #2958, #751, #2615, .T. ) ;
#3853 = DIRECTION ( 'NONE',  ( 0.0000000000000000000, 0.0000000000000000000, 1.000000000000000000 ) ) ;
#3854 = ORIENTED_EDGE ( 'NONE', *, *, #3680, .T. ) ;
#3855 = ORIENTED_EDGE ( 'NONE', *, *, #2712, .F. ) ;
#3856 = ORIENTED_EDGE ( 'NONE', *, *, #3692, .F. ) ;
#3857 = CARTESIAN_POINT ( 'NONE',  ( -0.1318897637795275746, 0.02755905511811023584, 0.1023622047244094474 ) ) ;
#3858 = CARTESIAN_POINT ( 'NONE',  ( -0.1555118110236220763, -0.003937007874015747977, -0.04921259842519685318 ) ) ;
#3859 = ORIENTED_EDGE ( 'NONE', *, *, #3832, .T. ) ;
#3860 = ORIENTED_EDGE ( 'NONE', *, *, #4004, .F. ) ;
#3861 = DIRECTION ( 'NONE',  ( 0.0000000000000000000, -1.000000000000000000, 0.0000000000000000000 ) ) ;
#3862 = ADVANCED_FACE ( 'NONE', ( #378 ), #3648, .F. ) ;
#3863 = DIRECTION ( 'NONE',  ( 0.0000000000000000000, 0.4999999999999995004, -0.8660254037844390407 ) ) ;
#3864 = CARTESIAN_POINT ( 'NONE',  ( -0.1181102362204724532, 0.03543307086614173179, 0.07480314960629921850 ) ) ;
#3865 = VECTOR ( 'NONE', #81, 39.37007874015748143 ) ;
#3866 = ORIENTED_EDGE ( 'NONE', *, *, #2053, .T. ) ;
#3867 = DIRECTION ( 'NONE',  ( 0.0000000000000000000, 1.000000000000000000, 0.0000000000000000000 ) ) ;
#3868 = DIRECTION ( 'NONE',  ( 0.0000000000000000000, 1.000000000000000000, 0.0000000000000000000 ) ) ;
#3869 = LINE ( 'NONE', #859, #121 ) ;
#3870 = EDGE_CURVE ( 'NONE', #1479, #212, #4225, .T. ) ;
#3871 = ORIENTED_EDGE ( 'NONE', *, *, #1101, .T. ) ;
#3872 = ADVANCED_FACE ( 'NONE', ( #304 ), #2419, .T. ) ;
#3873 = ORIENTED_EDGE ( 'NONE', *, *, #4091, .T. ) ;
#3874 = VERTEX_POINT ( 'NONE', #58 ) ;
#3875 = DIRECTION ( 'NONE',  ( 0.0000000000000000000, 0.0000000000000000000, -1.000000000000000000 ) ) ;
#3876 = DIRECTION ( 'NONE',  ( 0.0000000000000000000, 0.0000000000000000000, 1.000000000000000000 ) ) ;
#3877 = LOCAL_TIME ( 19, 8, 31.00000000000000000, #1703 ) ;
#3878 = CARTESIAN_POINT ( 'NONE',  ( -0.1263219938489248129, -0.04758183636860983945, -0.1023622047244094474 ) ) ;
#3879 = CARTESIAN_POINT ( 'NONE',  ( 0.1318897637795275746, -0.04201406643800709162, 0.07480314960629921850 ) ) ;
#3880 = ORIENTED_EDGE ( 'NONE', *, *, #3727, .F. ) ;
#3881 = ORIENTED_EDGE ( 'NONE', *, *, #2895, .T. ) ;
#3882 = CARTESIAN_POINT ( 'NONE',  ( 0.1181102362204724532, 0.1299212598425196763, -0.1181102362204724532 ) ) ;
#3883 = LINE ( 'NONE', #2618, #3057 ) ;
#3884 = EDGE_CURVE ( 'NONE', #149, #2430, #187, .T. ) ;
#3885 = LINE ( 'NONE', #2237, #4106 ) ;
#3886 = CLOSED_SHELL ( 'NONE', ( #1828, #4146, #1737, #3328, #266, #460, #691, #496, #2410, #2467, #1786, #1467, #2380, #1209, #3171, #1631, #2153, #1953, #1073, #2111, #2674 ) ) ;
#3887 = DIRECTION ( 'NONE',  ( 0.0000000000000000000, 0.0000000000000000000, 1.000000000000000000 ) ) ;
#3888 = VECTOR ( 'NONE', #3521, 39.37007874015748143 ) ;
#3889 = ORIENTED_EDGE ( 'NONE', *, *, #1261, .F. ) ;
#3890 = CARTESIAN_POINT ( 'NONE',  ( -0.1240157480314960647, -0.1224523058384645591, -0.07480314960629921850 ) ) ;
#3891 = DIRECTION ( 'NONE',  ( 0.0000000000000000000, 0.0000000000000000000, 1.000000000000000000 ) ) ;
#3892 = CARTESIAN_POINT ( 'NONE',  ( 0.1476377952755905387, -0.06889763779527559306, -0.07480314960629921850 ) ) ;
#3893 = VECTOR ( 'NONE', #731, 39.37007874015748143 ) ;
#3894 = EDGE_LOOP ( 'NONE', ( #2206, #2597, #3486, #3594, #2182, #1343 ) ) ;
#3895 = VECTOR ( 'NONE', #3429, 39.37007874015748143 ) ;
#3896 = ORIENTED_EDGE ( 'NONE', *, *, #2712, .T. ) ;
#3897 = VECTOR ( 'NONE', #1118, 39.37007874015748854 ) ;
#3898 = ORIENTED_EDGE ( 'NONE', *, *, #756, .F. ) ;
#3899 = DIRECTION ( 'NONE',  ( 0.0000000000000000000, 1.000000000000000000, 0.0000000000000000000 ) ) ;
#3900 = AXIS2_PLACEMENT_3D ( 'NONE', #851, #3821, #229 ) ;
#3901 = VECTOR ( 'NONE', #2563, 39.37007874015748854 ) ;
#3902 = EDGE_LOOP ( 'NONE', ( #3303, #3512 ) ) ;
#3903 = AXIS2_PLACEMENT_3D ( 'NONE', #2909, #3932, #3911 ) ;
#3904 = CARTESIAN_POINT ( 'NONE',  ( -0.1263219938489248129, -0.04758183636860983945, 0.07480314960629921850 ) ) ;
#3905 = VECTOR ( 'NONE', #1798, 39.37007874015748143 ) ;
#3906 = EDGE_CURVE ( 'NONE', #1288, #1882, #3944, .T. ) ;
#3907 = CARTESIAN_POINT ( 'NONE',  ( -0.1318897637795275746, -0.1377952755905511861, -0.1023622047244094474 ) ) ;
#3908 = ADVANCED_FACE ( 'NONE', ( #1374 ), #1331, .T. ) ;
#3909 = AXIS2_PLACEMENT_3D ( 'NONE', #4065, #1051, #1428 ) ;
#3910 = ORIENTED_EDGE ( 'NONE', *, *, #415, .F. ) ;
#3911 = DIRECTION ( 'NONE',  ( -1.000000000000000000, 0.0000000000000000000, 0.0000000000000000000 ) ) ;
#3912 = CARTESIAN_POINT ( 'NONE',  ( -0.08858267716535432601, 0.1377952755905511861, -0.06496062992125983815 ) ) ;
#3913 = CARTESIAN_POINT ( 'NONE',  ( 0.1476377952755905387, -0.06889763779527559306, 0.1023622047244094474 ) ) ;
#3914 = VECTOR ( 'NONE', #3118, 39.37007874015748143 ) ;
#3915 = DIRECTION ( 'NONE',  ( 0.0000000000000000000, 0.0000000000000000000, -1.000000000000000000 ) ) ;
#3916 = DIRECTION ( 'NONE',  ( 0.0000000000000000000, 0.0000000000000000000, 1.000000000000000000 ) ) ;
#3917 = LENGTH_MEASURE_WITH_UNIT ( LENGTH_MEASURE( 0.02539999999999999897 ), #17 );
#3918 = ORIENTED_EDGE ( 'NONE', *, *, #2826, .F. ) ;
#3919 = ORIENTED_EDGE ( 'NONE', *, *, #3131, .F. ) ;
#3920 = ORIENTED_EDGE ( 'NONE', *, *, #1477, .F. ) ;
#3921 = DIRECTION ( 'NONE',  ( 0.0000000000000000000, 1.000000000000000000, 0.0000000000000000000 ) ) ;
#3922 = DIRECTION ( 'NONE',  ( 0.0000000000000000000, -1.000000000000000000, 0.0000000000000000000 ) ) ;
#3923 = DIRECTION ( 'NONE',  ( 0.0000000000000000000, 0.0000000000000000000, 1.000000000000000000 ) ) ;
#3924 = EDGE_LOOP ( 'NONE', ( #3334, #1092, #2979, #4045 ) ) ;
#3925 = VERTEX_POINT ( 'NONE', #687 ) ;
#3926 = FACE_OUTER_BOUND ( 'NONE', #3068, .T. ) ;
#3927 = DIRECTION ( 'NONE',  ( 0.0000000000000000000, -1.000000000000000000, 0.0000000000000000000 ) ) ;
#3928 = EDGE_CURVE ( 'NONE', #3721, #3043, #1617, .T. ) ;
#3929 = VERTEX_POINT ( 'NONE', #3282 ) ;
#3930 = ADVANCED_FACE ( 'NONE', ( #361 ), #2308, .T. ) ;
#3931 = EDGE_CURVE ( 'NONE', #3243, #1662, #883, .T. ) ;
#3932 = DIRECTION ( 'NONE',  ( 0.0000000000000000000, 0.0000000000000000000, 1.000000000000000000 ) ) ;
#3933 = CARTESIAN_POINT ( 'NONE',  ( 0.1532055652061933004, -0.07446540772587834089, 0.1023622047244094474 ) ) ;
#3934 = CARTESIAN_POINT ( 'NONE',  ( 0.1181102362204724532, 0.1377952755905511861, -0.1122047244094488277 ) ) ;
#3935 = CARTESIAN_POINT ( 'NONE',  ( 0.1318897637795275746, 0.02755905511811023584, -0.1023622047244094474 ) ) ;
#3936 = AXIS2_PLACEMENT_3D ( 'NONE', #2675, #1067, #2342 ) ;
#3937 = CARTESIAN_POINT ( 'NONE',  ( 0.1122047244094488277, 0.1377952755905511861, -0.1122047244094488277 ) ) ;
#3938 = VERTEX_POINT ( 'NONE', #1091 ) ;
#3939 = EDGE_CURVE ( 'NONE', #3972, #1451, #1759, .T. ) ;
#3940 = ORIENTED_EDGE ( 'NONE', *, *, #3662, .T. ) ;
#3941 = ORIENTED_EDGE ( 'NONE', *, *, #3794, .T. ) ;
#3942 = CARTESIAN_POINT ( 'NONE',  ( 0.1240157480314960647, -0.09578120915254409451, -0.07480314960629921850 ) ) ;
#3943 = DIRECTION ( 'NONE',  ( 0.0000000000000000000, 0.0000000000000000000, 1.000000000000000000 ) ) ;
#3944 = LINE ( 'NONE', #22, #946 ) ;
#3945 = ORIENTED_EDGE ( 'NONE', *, *, #3327, .F. ) ;
#3946 = VERTEX_POINT ( 'NONE', #809 ) ;
#3947 = CARTESIAN_POINT ( 'NONE',  ( 0.1240157480314960647, -0.09578120915254409451, 0.07480314960629921850 ) ) ;
#3948 = EDGE_LOOP ( 'NONE', ( #917, #3588, #3714, #1327 ) ) ;
#3949 = CARTESIAN_POINT ( 'NONE',  ( 0.1476377952755905387, -0.06889763779527559306, 0.1023622047244094474 ) ) ;
#3950 = CARTESIAN_POINT ( 'NONE',  ( -0.1318897637795275746, -0.1143824042423135789, -0.07014398974742774850 ) ) ;
#3951 = EDGE_CURVE ( 'NONE', #2884, #3671, #101, .T. ) ;
#3952 = CYLINDRICAL_SURFACE ( 'NONE', #398, 0.02362204724409448092 ) ;
#3953 = CARTESIAN_POINT ( 'NONE',  ( -0.1318897637795275746, 0.02755905511811023584, 0.07480314960629921850 ) ) ;
#3954 = EDGE_CURVE ( 'NONE', #3206, #3451, #3005, .T. ) ;
#3955 = AXIS2_PLACEMENT_3D ( 'NONE', #1220, #3505, #1863 ) ;
#3956 = ORIENTED_EDGE ( 'NONE', *, *, #3794, .F. ) ;
#3957 = EDGE_LOOP ( 'NONE', ( #2692, #1048, #4210, #318, #1309, #3391 ) ) ;
#3958 = EDGE_LOOP ( 'NONE', ( #2418, #1632, #744, #1223 ) ) ;
#3959 = DIRECTION ( 'NONE',  ( 0.0000000000000000000, 0.0000000000000000000, 1.000000000000000000 ) ) ;
#3960 = VECTOR ( 'NONE', #3215, 39.37007874015748143 ) ;
#3961 = CARTESIAN_POINT ( 'NONE',  ( 0.1240157480314960647, 0.02755905511811023584, 0.07480314960629921850 ) ) ;
#3962 = ADVANCED_FACE ( 'NONE', ( #3713 ), #786, .F. ) ;
#3963 = CIRCLE ( 'NONE', #2227, 0.06889763779527559306 ) ;
#3964 = CARTESIAN_POINT ( 'NONE',  ( -0.1532055652061933004, -0.07446540772587834089, 0.1023622047244094474 ) ) ;
#3965 = VERTEX_POINT ( 'NONE', #3694 ) ;
#3966 = VERTEX_POINT ( 'NONE', #1116 ) ;
#3967 = FACE_OUTER_BOUND ( 'NONE', #1268, .T. ) ;
#3968 = VECTOR ( 'NONE', #2336, 39.37007874015748143 ) ;
#3969 = CIRCLE ( 'NONE', #3749, 0.007874015748031499423 ) ;
#3970 = CIRCLE ( 'NONE', #3403, 0.02362204724409448092 ) ;
#3971 = AXIS2_PLACEMENT_3D ( 'NONE', #3475, #2139, #554 ) ;
#3972 = VERTEX_POINT ( 'NONE', #2077 ) ;
#3973 = CARTESIAN_POINT ( 'NONE',  ( -0.08858267716535432601, 0.1299212598425196763, -0.06496062992125983815 ) ) ;
#3974 = CARTESIAN_POINT ( 'NONE',  ( -0.1122047244094488277, 0.0000000000000000000, -0.1181102362204724532 ) ) ;
#3975 = AXIS2_PLACEMENT_3D ( 'NONE', #795, #3392, #471 ) ;
#3976 = DIRECTION ( 'NONE',  ( 0.0000000000000000000, 0.0000000000000000000, -1.000000000000000000 ) ) ;
#3977 = LINE ( 'NONE', #699, #192 ) ;
#3978 = EDGE_CURVE ( 'NONE', #1871, #1961, #99, .T. ) ;
#3979 = COORDINATED_UNIVERSAL_TIME_OFFSET ( 0, 0, .AHEAD. ) ;
#3980 = ORIENTED_EDGE ( 'NONE', *, *, #3076, .T. ) ;
#3981 = EDGE_LOOP ( 'NONE', ( #347, #2485 ) ) ;
#3982 = EDGE_CURVE ( 'NONE', #1412, #435, #2098, .T. ) ;
#3983 = EDGE_LOOP ( 'NONE', ( #1346, #1174, #2255, #1064 ) ) ;
#3984 = CARTESIAN_POINT ( 'NONE',  ( -0.1181102362204724532, 0.03543307086614173179, 0.1023622047244094474 ) ) ;
#3985 = DIRECTION ( 'NONE',  ( 0.0000000000000000000, 0.0000000000000000000, 1.000000000000000000 ) ) ;
#3986 = AXIS2_PLACEMENT_3D ( 'NONE', #4055, #1803, #3418 ) ;
#3987 = DIRECTION ( 'NONE',  ( 1.445602896647339903E-16, 0.0000000000000000000, 1.000000000000000000 ) ) ;
#3988 = ORIENTED_EDGE ( 'NONE', *, *, #1540, .F. ) ;
#3989 = ORIENTED_EDGE ( 'NONE', *, *, #3190, .F. ) ;
#3990 = LINE ( 'NONE', #3578, #135 ) ;
#3991 = FACE_OUTER_BOUND ( 'NONE', #1619, .T. ) ;
#3992 = EDGE_LOOP ( 'NONE', ( #4073, #1207, #1858, #3742 ) ) ;
#3993 = EDGE_CURVE ( 'NONE', #3447, #1333, #1770, .T. ) ;
#3994 = DIRECTION ( 'NONE',  ( -0.0000000000000000000, 0.4999999999999995004, 0.8660254037844390407 ) ) ;
#3995 = DIRECTION ( 'NONE',  ( 0.0000000000000000000, 0.0000000000000000000, 1.000000000000000000 ) ) ;
#3996 = DIRECTION ( 'NONE',  ( -1.000000000000000000, 0.0000000000000000000, 0.0000000000000000000 ) ) ;
#3997 = PERSON_AND_ORGANIZATION ( #343, #782 ) ;
#3998 = ORIENTED_EDGE ( 'NONE', *, *, #3052, .T. ) ;
#3999 = ORIENTED_EDGE ( 'NONE', *, *, #439, .T. ) ;
#4000 = DIRECTION ( 'NONE',  ( 0.0000000000000000000, 0.0000000000000000000, -1.000000000000000000 ) ) ;
#4001 = DIRECTION ( 'NONE',  ( -0.7071067811865469066, 0.7071067811865479058, 0.0000000000000000000 ) ) ;
#4002 = CC_DESIGN_DATE_AND_TIME_ASSIGNMENT ( #3690, #1424, ( #3558 ) ) ;
#4003 = AXIS2_PLACEMENT_3D ( 'NONE', #1285, #335, #2221 ) ;
#4004 = EDGE_CURVE ( 'NONE', #2982, #3763, #441, .T. ) ;
#4005 = DIRECTION ( 'NONE',  ( 0.0000000000000000000, 0.0000000000000000000, -1.000000000000000000 ) ) ;
#4006 = VERTEX_POINT ( 'NONE', #3670 ) ;
#4007 = ORIENTED_EDGE ( 'NONE', *, *, #729, .T. ) ;
#4008 = CARTESIAN_POINT ( 'NONE',  ( -0.08858267716535432601, 0.1377952755905511861, -0.06496062992125983815 ) ) ;
#4009 = CARTESIAN_POINT ( 'NONE',  ( -0.08858267716535432601, 0.1496062992125984370, -0.1122047244094488139 ) ) ;
#4010 = DIRECTION ( 'NONE',  ( 0.0000000000000000000, 0.0000000000000000000, 1.000000000000000000 ) ) ;
#4011 = EDGE_LOOP ( 'NONE', ( #3225, #446, #3108, #4007 ) ) ;
#4012 = DIRECTION ( 'NONE',  ( 0.0000000000000000000, 0.0000000000000000000, 1.000000000000000000 ) ) ;
#4013 = CARTESIAN_POINT ( 'NONE',  ( 0.1318897637795275746, -0.1224523058384645591, 0.1023622047244094474 ) ) ;
#4014 = DIRECTION ( 'NONE',  ( -1.000000000000000000, 0.0000000000000000000, 0.0000000000000000000 ) ) ;
#4015 = EDGE_CURVE ( 'NONE', #2479, #435, #3340, .T. ) ;
#4016 = DIRECTION ( 'NONE',  ( -1.000000000000000000, 0.0000000000000000000, 0.0000000000000000000 ) ) ;
#4017 = CYLINDRICAL_SURFACE ( 'NONE', #2355, 0.005905511811023620231 ) ;
#4018 = CALENDAR_DATE ( 2021, 18, 12 ) ;
#4019 = ORIENTED_EDGE ( 'NONE', *, *, #2439, .T. ) ;
#4020 = ORIENTED_EDGE ( 'NONE', *, *, #812, .F. ) ;
#4021 = ORIENTED_EDGE ( 'NONE', *, *, #2522, .T. ) ;
#4022 = PLANE ( 'NONE',  #3320 ) ;
#4023 = CARTESIAN_POINT ( 'NONE',  ( 0.1318897637795275746, -0.1143824042423135789, -0.07014398974742774850 ) ) ;
#4024 = DIRECTION ( 'NONE',  ( 0.0000000000000000000, 1.000000000000000000, 0.0000000000000000000 ) ) ;
#4025 = ORIENTED_EDGE ( 'NONE', *, *, #3031, .T. ) ;
#4026 = ORIENTED_EDGE ( 'NONE', *, *, #1006, .F. ) ;
#4027 = VECTOR ( 'NONE', #504, 39.37007874015748143 ) ;
#4028 = DIRECTION ( 'NONE',  ( 0.0000000000000000000, -1.000000000000000000, 0.0000000000000000000 ) ) ;
#4029 = VECTOR ( 'NONE', #3597, 39.37007874015748143 ) ;
#4030 = CARTESIAN_POINT ( 'NONE',  ( -0.1240157480314960647, -0.09578120915254409451, -0.07480314960629921850 ) ) ;
#4031 = ORIENTED_EDGE ( 'NONE', *, *, #1443, .T. ) ;
#4032 = EDGE_CURVE ( 'NONE', #1434, #3228, #743, .T. ) ;
#4033 = CIRCLE ( 'NONE', #2170, 0.06207107990698622346 ) ;
#4034 = DIRECTION ( 'NONE',  ( 2.454115839351809943E-16, -1.000000000000000000, 0.0000000000000000000 ) ) ;
#4035 = VECTOR ( 'NONE', #2395, 39.37007874015748143 ) ;
#4036 = EDGE_CURVE ( 'NONE', #2338, #2388, #421, .T. ) ;
#4037 = CARTESIAN_POINT ( 'NONE',  ( -0.1318897637795275746, -0.09578120915254409451, 0.07480314960629921850 ) ) ;
#4038 = DIRECTION ( 'NONE',  ( 0.0000000000000000000, 0.0000000000000000000, 1.000000000000000000 ) ) ;
#4039 = AXIS2_PLACEMENT_3D ( 'NONE', #1214, #3800, #1193 ) ;
#4040 = VECTOR ( 'NONE', #211, 39.37007874015748143 ) ;
#4041 = DIRECTION ( 'NONE',  ( 0.0000000000000000000, -1.000000000000000000, 0.0000000000000000000 ) ) ;
#4042 = APPROVAL_STATUS ( 'not_yet_approved' ) ;
#4043 = ORIENTED_EDGE ( 'NONE', *, *, #757, .F. ) ;
#4044 = VERTEX_POINT ( 'NONE', #1795 ) ;
#4045 = ORIENTED_EDGE ( 'NONE', *, *, #1409, .T. ) ;
#4046 = CARTESIAN_POINT ( 'NONE',  ( -0.1240157480314960647, -0.04201406643800709162, 0.1023622047244094474 ) ) ;
#4047 = DIRECTION ( 'NONE',  ( 0.0000000000000000000, 1.000000000000000000, 0.0000000000000000000 ) ) ;
#4048 = EDGE_LOOP ( 'NONE', ( #1228, #3859 ) ) ;
#4049 = VECTOR ( 'NONE', #2013, 39.37007874015748143 ) ;
#4050 = DIRECTION ( 'NONE',  ( 0.0000000000000000000, 1.000000000000000000, 0.0000000000000000000 ) ) ;
#4051 = CARTESIAN_POINT ( 'NONE',  ( -0.1181102362204724532, 0.02755905511811023584, 0.07480314960629921850 ) ) ;
#4052 = ORIENTED_EDGE ( 'NONE', *, *, #1713, .T. ) ;
#4053 = EDGE_LOOP ( 'NONE', ( #1198, #1364, #838, #336 ) ) ;
#4054 = DIRECTION ( 'NONE',  ( 0.0000000000000000000, 0.0000000000000000000, -1.000000000000000000 ) ) ;
#4055 = CARTESIAN_POINT ( 'NONE',  ( -0.08858267716535432601, 0.1496062992125984370, -0.08858267716535432601 ) ) ;
#4056 = DIRECTION ( 'NONE',  ( -1.000000000000000000, 0.0000000000000000000, 0.0000000000000000000 ) ) ;
#4057 = ADVANCED_FACE ( 'NONE', ( #3089 ), #2694, .F. ) ;
#4058 = EDGE_CURVE ( 'NONE', #3274, #2723, #1455, .T. ) ;
#4059 = LINE ( 'NONE', #2068, #3968 ) ;
#4060 = PLANE ( 'NONE',  #2224 ) ;
#4061 = DATE_AND_TIME ( #2735, #875 ) ;
#4062 = ORIENTED_EDGE ( 'NONE', *, *, #2183, .T. ) ;
#4063 = EDGE_LOOP ( 'NONE', ( #4163, #2591, #4116, #1747, #2458, #3708, #2107, #1501 ) ) ;
#4064 = ORIENTED_EDGE ( 'NONE', *, *, #1, .T. ) ;
#4065 = CARTESIAN_POINT ( 'NONE',  ( -0.1318897637795275746, -0.04201406643800709162, 0.1023622047244094474 ) ) ;
#4066 = CARTESIAN_POINT ( 'NONE',  ( 0.0000000000000000000, 0.2165354330708661457, 0.0000000000000000000 ) ) ;
#4067 = EDGE_CURVE ( 'NONE', #482, #3805, #3297, .T. ) ;
#4068 = DIRECTION ( 'NONE',  ( 0.0000000000000000000, -1.000000000000000000, 0.0000000000000000000 ) ) ;
#4069 = ORIENTED_EDGE ( 'NONE', *, *, #1695, .F. ) ;
#4070 = PLANE ( 'NONE',  #1517 ) ;
#4071 = VECTOR ( 'NONE', #4005, 39.37007874015748143 ) ;
#4072 = DIRECTION ( 'NONE',  ( -1.000000000000000000, 0.0000000000000000000, 0.0000000000000000000 ) ) ;
#4073 = ORIENTED_EDGE ( 'NONE', *, *, #3332, .T. ) ;
#4074 = DIRECTION ( 'NONE',  ( 0.0000000000000000000, 0.0000000000000000000, -1.000000000000000000 ) ) ;
#4075 = DIRECTION ( 'NONE',  ( -4.063888932435259910E-16, -1.000000000000000000, 0.0000000000000000000 ) ) ;
#4076 = DIRECTION ( 'NONE',  ( 0.0000000000000000000, 0.0000000000000000000, -1.000000000000000000 ) ) ;
#4077 = FACE_OUTER_BOUND ( 'NONE', #3462, .T. ) ;
#4078 = CARTESIAN_POINT ( 'NONE',  ( 0.08858267716535432601, 0.1496062992125984370, -0.08858267716535432601 ) ) ;
#4079 = PLANE ( 'NONE',  #3672 ) ;
#4080 = EDGE_LOOP ( 'NONE', ( #885, #4120, #3802, #2405, #2371, #2265 ) ) ;
#4081 = VERTEX_POINT ( 'NONE', #3360 ) ;
#4082 = CARTESIAN_POINT ( 'NONE',  ( 0.1318897637795275746, -0.09578120915254409451, 0.1023622047244094474 ) ) ;
#4083 = DIRECTION ( 'NONE',  ( 1.000000000000000000, 0.0000000000000000000, 0.0000000000000000000 ) ) ;
#4084 = DIRECTION ( 'NONE',  ( 0.0000000000000000000, 1.000000000000000000, 0.0000000000000000000 ) ) ;
#4085 = ADVANCED_FACE ( 'NONE', ( #1750 ), #2411, .F. ) ;
#4086 = DIRECTION ( 'NONE',  ( 1.000000000000000000, 0.0000000000000000000, 0.0000000000000000000 ) ) ;
#4087 = VERTEX_POINT ( 'NONE', #2721 ) ;
#4088 = ORIENTED_EDGE ( 'NONE', *, *, #346, .F. ) ;
#4089 = DIRECTION ( 'NONE',  ( -1.000000000000000000, -4.063888932435259910E-16, 0.0000000000000000000 ) ) ;
#4090 = AXIS2_PLACEMENT_3D ( 'NONE', #2179, #502, #1805 ) ;
#4091 = EDGE_CURVE ( 'NONE', #3523, #1942, #3834, .T. ) ;
#4092 = DIRECTION ( 'NONE',  ( 0.0000000000000000000, -1.000000000000000000, 0.0000000000000000000 ) ) ;
#4093 = CIRCLE ( 'NONE', #2291, 0.06207107990698622346 ) ;
#4094 = LINE ( 'NONE', #3027, #2050 ) ;
#4095 = VERTEX_POINT ( 'NONE', #237 ) ;
#4096 = DIRECTION ( 'NONE',  ( 1.000000000000000000, 0.0000000000000000000, 0.0000000000000000000 ) ) ;
#4097 = DIRECTION ( 'NONE',  ( 0.0000000000000000000, 0.0000000000000000000, -1.000000000000000000 ) ) ;
#4098 = VECTOR ( 'NONE', #2561, 39.37007874015748143 ) ;
#4099 = PLANE ( 'NONE',  #3322 ) ;
#4100 = CYLINDRICAL_SURFACE ( 'NONE', #954, 0.005905511811023620231 ) ;
#4101 = AXIS2_PLACEMENT_3D ( 'NONE', #3182, #3435, #259 ) ;
#4102 = DIRECTION ( 'NONE',  ( 0.0000000000000000000, 0.0000000000000000000, -1.000000000000000000 ) ) ;
#4103 = CARTESIAN_POINT ( 'NONE',  ( -0.1318897637795275746, -0.04201406643800709162, -0.1023622047244094474 ) ) ;
#4104 = VECTOR ( 'NONE', #2859, 39.37007874015748143 ) ;
#4105 = ORIENTED_EDGE ( 'NONE', *, *, #1477, .T. ) ;
#4106 = VECTOR ( 'NONE', #3565, 39.37007874015748854 ) ;
#4107 = ORIENTED_EDGE ( 'NONE', *, *, #3021, .T. ) ;
#4108 = VECTOR ( 'NONE', #306, 39.37007874015748143 ) ;
#4109 = DIRECTION ( 'NONE',  ( 0.0000000000000000000, 0.0000000000000000000, 1.000000000000000000 ) ) ;
#4110 = FACE_OUTER_BOUND ( 'NONE', #4205, .T. ) ;
#4111 = DIRECTION ( 'NONE',  ( 0.0000000000000000000, 0.0000000000000000000, -1.000000000000000000 ) ) ;
#4112 = VECTOR ( 'NONE', #3452, 39.37007874015748143 ) ;
#4113 = EDGE_CURVE ( 'NONE', #1646, #642, #4137, .T. ) ;
#4114 = CARTESIAN_POINT ( 'NONE',  ( 0.1532055652061933004, -0.07446540772587834089, -0.1023622047244094474 ) ) ;
#4115 = EDGE_CURVE ( 'NONE', #1530, #3037, #256, .T. ) ;
#4116 = ORIENTED_EDGE ( 'NONE', *, *, #1608, .T. ) ;
#4117 = CARTESIAN_POINT ( 'NONE',  ( -0.1318897637795275746, -0.09578120915254409451, -0.1023622047244094474 ) ) ;
#4118 = DIRECTION ( 'NONE',  ( 0.0000000000000000000, 1.000000000000000000, 0.0000000000000000000 ) ) ;
#4119 = DIRECTION ( 'NONE',  ( 0.0000000000000000000, 0.0000000000000000000, 1.000000000000000000 ) ) ;
#4120 = ORIENTED_EDGE ( 'NONE', *, *, #2677, .T. ) ;
#4121 = EDGE_CURVE ( 'NONE', #2388, #3476, #1201, .T. ) ;
#4122 = VERTEX_POINT ( 'NONE', #3788 ) ;
#4123 = AXIS2_PLACEMENT_3D ( 'NONE', #174, #1486, #4097 ) ;
#4124 = CARTESIAN_POINT ( 'NONE',  ( -0.1240157480314960647, -0.1224523058384645591, 0.1023622047244094474 ) ) ;
#4125 = DIRECTION ( 'NONE',  ( 1.000000000000000000, 0.0000000000000000000, 0.0000000000000000000 ) ) ;
#4126 = CARTESIAN_POINT ( 'NONE',  ( 0.1476377952755905387, -0.06889763779527559306, 0.07480314960629921850 ) ) ;
#4127 = CARTESIAN_POINT ( 'NONE',  ( -0.1318897637795275746, -0.1224523058384645591, 0.1023622047244094474 ) ) ;
#4128 = EDGE_CURVE ( 'NONE', #1332, #66, #1593, .T. ) ;
#4129 = CYLINDRICAL_SURFACE ( 'NONE', #4039, 0.005905511811023620231 ) ;
#4130 = DIRECTION ( 'NONE',  ( 0.0000000000000000000, 0.0000000000000000000, 1.000000000000000000 ) ) ;
#4131 = ORIENTED_EDGE ( 'NONE', *, *, #1101, .F. ) ;
#4132 = ORIENTED_EDGE ( 'NONE', *, *, #980, .F. ) ;
#4133 = CARTESIAN_POINT ( 'NONE',  ( 0.1122047244094488277, 0.1299212598425196763, -0.1122047244094488277 ) ) ;
#4134 = ORIENTED_EDGE ( 'NONE', *, *, #4167, .T. ) ;
#4135 = CARTESIAN_POINT ( 'NONE',  ( 0.1476377952755905387, -0.06889763779527559306, -0.1023622047244094474 ) ) ;
#4136 = FACE_BOUND ( 'NONE', #1860, .T. ) ;
#4137 = LINE ( 'NONE', #909, #2751 ) ;
#4138 = ORIENTED_EDGE ( 'NONE', *, *, #3819, .F. ) ;
#4139 = DIRECTION ( 'NONE',  ( 0.0000000000000000000, 0.0000000000000000000, -1.000000000000000000 ) ) ;
#4140 = ADVANCED_FACE ( 'NONE', ( #1881 ), #534, .T. ) ;
#4141 = CARTESIAN_POINT ( 'NONE',  ( 0.1181102362204724532, 0.1299212598425196763, 0.1122047244094488277 ) ) ;
#4142 = EDGE_CURVE ( 'NONE', #3874, #23, #595, .T. ) ;
#4143 = VERTEX_POINT ( 'NONE', #2817 ) ;
#4144 = CARTESIAN_POINT ( 'NONE',  ( -0.1181102362204724532, 0.0000000000000000000, 0.1122047244094488277 ) ) ;
#4145 = DIRECTION ( 'NONE',  ( 1.000000000000000000, 0.0000000000000000000, 0.0000000000000000000 ) ) ;
#4146 = ADVANCED_FACE ( 'NONE', ( #3112 ), #2835, .T. ) ;
#4147 = AXIS2_PLACEMENT_3D ( 'NONE', #2546, #2463, #1529 ) ;
#4148 = LINE ( 'NONE', #1541, #3684 ) ;
#4149 = CARTESIAN_POINT ( 'NONE',  ( -0.1122047244094488277, 0.1377952755905511861, 0.1122047244094488277 ) ) ;
#4150 = ADVANCED_FACE ( 'NONE', ( #1838 ), #3431, .F. ) ;
#4151 = ORIENTED_EDGE ( 'NONE', *, *, #3527, .F. ) ;
#4152 = ORIENTED_EDGE ( 'NONE', *, *, #2598, .T. ) ;
#4153 = CARTESIAN_POINT ( 'NONE',  ( 0.1181102362204724532, 0.03543307086614173179, -0.07480314960629921850 ) ) ;
#4154 = ORIENTED_EDGE ( 'NONE', *, *, #2700, .T. ) ;
#4155 = CARTESIAN_POINT ( 'NONE',  ( 0.1318897637795275746, -0.09578120915254409451, 0.07480314960629921850 ) ) ;
#4156 = FACE_OUTER_BOUND ( 'NONE', #1130, .T. ) ;
#4157 = CARTESIAN_POINT ( 'NONE',  ( -0.1476377952755905387, -0.06889763779527559306, 0.1023622047244094474 ) ) ;
#4158 = ORIENTED_EDGE ( 'NONE', *, *, #1616, .T. ) ;
#4159 = ORIENTED_EDGE ( 'NONE', *, *, #3906, .T. ) ;
#4160 = VERTEX_POINT ( 'NONE', #1267 ) ;
#4161 = LINE ( 'NONE', #492, #1645 ) ;
#4162 = VERTEX_POINT ( 'NONE', #280 ) ;
#4163 = ORIENTED_EDGE ( 'NONE', *, *, #3906, .F. ) ;
#4164 = VECTOR ( 'NONE', #1997, 39.37007874015748143 ) ;
#4165 = CARTESIAN_POINT ( 'NONE',  ( 0.1181102362204724532, 0.03543307086614173179, 0.07480314960629921850 ) ) ;
#4166 = DIRECTION ( 'NONE',  ( 0.0000000000000000000, 0.0000000000000000000, 1.000000000000000000 ) ) ;
#4167 = EDGE_CURVE ( 'NONE', #3091, #1483, #1222, .T. ) ;
#4168 = CARTESIAN_POINT ( 'NONE',  ( -0.1263219938489248129, -0.04758183636860983945, 0.1023622047244094474 ) ) ;
#4169 = ADVANCED_FACE ( 'NONE', ( #2506 ), #3178, .T. ) ;
#4170 = CIRCLE ( 'NONE', #536, 0.007874015748031499423 ) ;
#4171 = DIRECTION ( 'NONE',  ( 0.0000000000000000000, 0.0000000000000000000, -1.000000000000000000 ) ) ;
#4172 = CARTESIAN_POINT ( 'NONE',  ( -0.08858267716535432601, 0.1299212598425196763, -0.06496062992125983815 ) ) ;
#4173 = VECTOR ( 'NONE', #1191, 39.37007874015748854 ) ;
#4174 = ADVANCED_FACE ( 'NONE', ( #2164 ), #3140, .T. ) ;
#4175 = VERTEX_POINT ( 'NONE', #3159 ) ;
#4176 = LINE ( 'NONE', #1494, #2236 ) ;
#4177 = AXIS2_PLACEMENT_3D ( 'NONE', #1968, #2888, #3192 ) ;
#4178 = CARTESIAN_POINT ( 'NONE',  ( 0.1181102362204724532, 0.03543307086614173179, 0.1023622047244094474 ) ) ;
#4179 = VECTOR ( 'NONE', #2699, 39.37007874015748143 ) ;
#4180 = PLANE ( 'NONE',  #2706 ) ;
#4181 = AXIS2_PLACEMENT_3D ( 'NONE', #4207, #2109, #3202 ) ;
#4182 = AXIS2_PLACEMENT_3D ( 'NONE', #2850, #1217, #3107 ) ;
#4183 = LINE ( 'NONE', #4114, #2271 ) ;
#4184 = ORIENTED_EDGE ( 'NONE', *, *, #3536, .F. ) ;
#4185 = ORIENTED_EDGE ( 'NONE', *, *, #2002, .T. ) ;
#4186 = FACE_OUTER_BOUND ( 'NONE', #3655, .T. ) ;
#4187 = AXIS2_PLACEMENT_3D ( 'NONE', #2617, #1055, #1639 ) ;
#4188 = DIRECTION ( 'NONE',  ( 0.7071067811865480168, -0.7071067811865470176, 0.0000000000000000000 ) ) ;
#4189 = DIRECTION ( 'NONE',  ( 0.7071067811865469066, -0.7071067811865479058, 0.0000000000000000000 ) ) ;
#4190 = EDGE_LOOP ( 'NONE', ( #3587, #2858, #2611, #1685 ) ) ;
#4191 = CARTESIAN_POINT ( 'NONE',  ( -0.1181102362204724532, 0.0000000000000000000, -0.04921259842519685318 ) ) ;
#4192 = DIRECTION ( 'NONE',  ( 0.0000000000000000000, 0.0000000000000000000, 1.000000000000000000 ) ) ;
#4193 = DIRECTION ( 'NONE',  ( -1.000000000000000000, 0.0000000000000000000, 0.0000000000000000000 ) ) ;
#4194 = EDGE_CURVE ( 'NONE', #75, #1425, #4183, .T. ) ;
#4195 = AXIS2_PLACEMENT_3D ( 'NONE', #663, #55, #3985 ) ;
#4196 = LINE ( 'NONE', #1623, #1360 ) ;
#4197 = EDGE_CURVE ( 'NONE', #4122, #1946, #837, .T. ) ;
#4198 = AXIS2_PLACEMENT_3D ( 'NONE', #3185, #1554, #245 ) ;
#4199 = DIRECTION ( 'NONE',  ( 0.0000000000000000000, 1.000000000000000000, 0.0000000000000000000 ) ) ;
#4200 = ORIENTED_EDGE ( 'NONE', *, *, #3363, .F. ) ;
#4201 = CARTESIAN_POINT ( 'NONE',  ( -0.1532055652061933004, -0.06332986786467284523, -0.1023622047244094474 ) ) ;
#4202 = DIRECTION ( 'NONE',  ( 0.0000000000000000000, 1.000000000000000000, 0.0000000000000000000 ) ) ;
#4203 = ORIENTED_EDGE ( 'NONE', *, *, #2787, .F. ) ;
#4204 = ORIENTED_EDGE ( 'NONE', *, *, #1831, .F. ) ;
#4205 = EDGE_LOOP ( 'NONE', ( #2486, #357, #2898, #780, #1188, #1764, #2507, #1689, #341, #2767, #1161, #1472, #3385, #4025, #794, #3039, #2091 ) ) ;
#4206 = CARTESIAN_POINT ( 'NONE',  ( 0.1240157480314960647, 0.02755905511811023584, -0.1023622047244094474 ) ) ;
#4207 = CARTESIAN_POINT ( 'NONE',  ( -0.1122047244094488277, 0.1299212598425196763, -0.1122047244094488277 ) ) ;
#4208 = PLANE ( 'NONE',  #3267 ) ;
#4209 = EDGE_CURVE ( 'NONE', #880, #2533, #1247, .T. ) ;
#4210 = ORIENTED_EDGE ( 'NONE', *, *, #1164, .F. ) ;
#4211 = CARTESIAN_POINT ( 'NONE',  ( 0.08858267716535432601, 0.1299212598425196763, 0.1122047244094488139 ) ) ;
#4212 = CARTESIAN_POINT ( 'NONE',  ( 0.1240157480314960647, -0.1377952755905511861, -0.09350393700787401619 ) ) ;
#4213 = CARTESIAN_POINT ( 'NONE',  ( -0.1240157480314960647, 0.03543307086614173179, 0.1023622047244094474 ) ) ;
#4214 = DIRECTION ( 'NONE',  ( 0.0000000000000000000, 0.0000000000000000000, -1.000000000000000000 ) ) ;
#4215 = ORIENTED_EDGE ( 'NONE', *, *, #2557, .F. ) ;
#4216 = DIRECTION ( 'NONE',  ( 0.0000000000000000000, -1.000000000000000000, 0.0000000000000000000 ) ) ;
#4217 = DIRECTION ( 'NONE',  ( -0.0000000000000000000, 1.000000000000000000, 0.0000000000000000000 ) ) ;
#4218 = ADVANCED_FACE ( 'NONE', ( #3522, #1899, #2121, #700, #1628, #2897 ), #1992, .F. ) ;
#4219 = LINE ( 'NONE', #2609, #3367 ) ;
#4220 = ORIENTED_EDGE ( 'NONE', *, *, #3852, .T. ) ;
#4221 = ADVANCED_FACE ( 'NONE', ( #2941 ), #34, .F. ) ;
#4222 = VERTEX_POINT ( 'NONE', #3571 ) ;
#4223 = CARTESIAN_POINT ( 'NONE',  ( 0.1181102362204724532, 0.1299212598425196763, -0.1181102362204724532 ) ) ;
#4224 = LINE ( 'NONE', #2656, #763 ) ;
#4225 = LINE ( 'NONE', #3964, #2769 ) ;
#4226 = EDGE_LOOP ( 'NONE', ( #3756, #3649 ) ) ;
#4227 = AXIS2_PLACEMENT_3D ( 'NONE', #2192, #3531, #2228 ) ;
#4228 = EDGE_LOOP ( 'NONE', ( #3855, #4154, #1984, #356 ) ) ;
#4229 = EDGE_CURVE ( 'NONE', #1676, #1618, #2138, .T. ) ;
#4230 = CARTESIAN_POINT ( 'NONE',  ( 0.1240157480314960647, -0.09578120915254409451, -0.1023622047244094474 ) ) ;
#4231 = LINE ( 'NONE', #1644, #3823 ) ;
#4232 = CIRCLE ( 'NONE', #3955, 0.007874015748031499423 ) ;
#4233 = ORIENTED_EDGE ( 'NONE', *, *, #3332, .F. ) ;
#4234 = DIRECTION ( 'NONE',  ( 0.7071067811865469066, -0.7071067811865479058, 0.0000000000000000000 ) ) ;
#4235 = FACE_OUTER_BOUND ( 'NONE', #3283, .T. ) ;
#4236 = CARTESIAN_POINT ( 'NONE',  ( 0.1263219938489248129, -0.04758183636860983945, -0.07480314960629921850 ) ) ;
#4237 = AXIS2_PLACEMENT_3D ( 'NONE', #431, #2973, #110 ) ;
#4238 = ORIENTED_EDGE ( 'NONE', *, *, #1873, .F. ) ;
#4239 = VECTOR ( 'NONE', #313, 39.37007874015748143 ) ;
#4240 = VECTOR ( 'NONE', #1142, 39.37007874015748143 ) ;
#4241 = ORIENTED_EDGE ( 'NONE', *, *, #180, .T. ) ;
#4242 = LINE ( 'NONE', #1311, #353 ) ;
#4243 = EDGE_CURVE ( 'NONE', #2550, #2061, #4219, .T. ) ;
#4244 = VECTOR ( 'NONE', #4041, 39.37007874015748143 ) ;
ENDSEC;
END-ISO-10303-21;
