ISO-10303-21;
HEADER;
FILE_DESCRIPTION(('KiCad electronic assembly'),'2;1');
FILE_NAME('VCU MPR - 5V V1.0.step','2025-12-04T16:33:45',('Pcbnew'),(
    'Kicad'),'Open CASCADE STEP processor 7.9','KiCad to STEP converter'
  ,'Unknown');
FILE_SCHEMA(('AUTOMOTIVE_DESIGN { 1 0 10303 214 1 1 1 1 }'));
ENDSEC;
DATA;
#1 = APPLICATION_PROTOCOL_DEFINITION('international standard',
  'automotive_design',2000,#2);
#2 = APPLICATION_CONTEXT(
  'core data for automotive mechanical design processes');
#3 = SHAPE_DEFINITION_REPRESENTATION(#4,#10);
#4 = PRODUCT_DEFINITION_SHAPE('','',#5);
#5 = PRODUCT_DEFINITION('design','',#6,#9);
#6 = PRODUCT_DEFINITION_FORMATION('','',#7);
#7 = PRODUCT('VCU MPR - 5V V1.0 1','VCU MPR - 5V V1.0 1','',(#8));
#8 = PRODUCT_CONTEXT('',#2,'mechanical');
#9 = PRODUCT_DEFINITION_CONTEXT('part definition',#2,'design');
#10 = SHAPE_REPRESENTATION('',(#11,#15,#19),#23);
#11 = AXIS2_PLACEMENT_3D('',#12,#13,#14);
#12 = CARTESIAN_POINT('',(0.,0.,0.));
#13 = DIRECTION('',(0.,0.,1.));
#14 = DIRECTION('',(1.,0.,-0.));
#15 = AXIS2_PLACEMENT_3D('',#16,#17,#18);
#16 = CARTESIAN_POINT('',(109.5248,-90.5256,1.595));
#17 = DIRECTION('',(-0.,0.,1.));
#18 = DIRECTION('',(1.110223024625E-16,-1.,0.));
#19 = AXIS2_PLACEMENT_3D('',#20,#21,#22);
#20 = CARTESIAN_POINT('',(0.,0.,0.));
#21 = DIRECTION('',(0.,0.,1.));
#22 = DIRECTION('',(1.,0.,-0.));
#23 = ( GEOMETRIC_REPRESENTATION_CONTEXT(3) 
GLOBAL_UNCERTAINTY_ASSIGNED_CONTEXT((#27)) GLOBAL_UNIT_ASSIGNED_CONTEXT(
(#24,#25,#26)) REPRESENTATION_CONTEXT('Context #1',
  '3D Context with UNIT and UNCERTAINTY') );
#24 = ( LENGTH_UNIT() NAMED_UNIT(*) SI_UNIT(.MILLI.,.METRE.) );
#25 = ( NAMED_UNIT(*) PLANE_ANGLE_UNIT() SI_UNIT($,.RADIAN.) );
#26 = ( NAMED_UNIT(*) SI_UNIT($,.STERADIAN.) SOLID_ANGLE_UNIT() );
#27 = UNCERTAINTY_MEASURE_WITH_UNIT(LENGTH_MEASURE(1.E-07),#24,
  'distance_accuracy_value','confusion accuracy');
#28 = PRODUCT_RELATED_PRODUCT_CATEGORY('part',$,(#7));
#29 = SHAPE_DEFINITION_REPRESENTATION(#30,#36);
#30 = PRODUCT_DEFINITION_SHAPE('','',#31);
#31 = PRODUCT_DEFINITION('design','',#32,#35);
#32 = PRODUCT_DEFINITION_FORMATION('','',#33);
#33 = PRODUCT('JST_PH_B12B-PH-K_1x12_P2.00mm_Vertical',
  'JST_PH_B12B-PH-K_1x12_P2.00mm_Vertical','',(#34));
#34 = PRODUCT_CONTEXT('',#2,'mechanical');
#35 = PRODUCT_DEFINITION_CONTEXT('part definition',#2,'design');
#36 = ADVANCED_BREP_SHAPE_REPRESENTATION('',(#11,#37),#10989);
#37 = MANIFOLD_SOLID_BREP('',#38);
#38 = CLOSED_SHELL('',(#39,#79,#143,#551,#591,#1122,#1162,#1186,#1211,
    #1235,#1284,#1306,#1339,#1363,#1394,#1411,#1444,#1468,#1499,#1516,
    #1549,#1573,#1604,#1621,#1654,#1678,#1709,#1726,#1759,#1783,#1814,
    #1831,#1864,#1888,#1919,#1936,#1969,#1993,#2024,#2041,#2074,#2098,
    #2129,#2146,#2179,#2203,#2234,#2251,#2284,#2308,#2339,#2356,#2389,
    #2413,#2444,#2461,#2494,#2511,#2554,#2571,#2617,#2634,#2651,#2668,
    #2685,#2702,#2719,#2736,#2753,#2770,#2787,#2804,#2867,#2891,#2938,
    #2962,#2986,#3003,#3020,#3044,#3068,#3085,#3116,#3140,#3164,#3181,
    #3216,#3256,#3280,#3321,#3690,#3736,#3782,#3828,#3874,#3920,#3966,
    #4012,#4058,#4104,#4150,#4196,#4213,#4225,#4288,#4312,#4368,#4385,
    #4397,#5070,#5094,#5118,#5135,#5159,#5183,#5200,#5224,#5248,#5265,
    #5289,#5313,#5330,#5354,#5378,#5395,#5419,#5443,#5460,#5484,#5508,
    #5525,#5549,#5573,#5590,#5614,#5638,#5655,#5679,#5703,#5720,#5744,
    #5768,#5785,#5848,#5872,#5928,#5945,#5976,#6000,#6024,#6041,#6072,
    #6096,#6120,#6137,#6168,#6192,#6216,#6233,#6264,#6288,#6312,#6329,
    #6360,#6384,#6408,#6425,#6456,#6480,#6504,#6521,#6552,#6576,#6600,
    #6617,#6648,#6672,#6696,#6713,#6744,#6768,#6792,#6809,#6840,#6864,
    #6888,#6905,#6952,#6983,#6995,#7012,#7038,#7071,#7083,#7095,#7107,
    #7119,#7131,#7143,#7155,#7167,#7179,#7191,#7203,#7234,#7258,#7282,
    #7299,#7330,#7354,#7378,#7395,#7426,#7450,#7474,#7491,#7522,#7546,
    #7570,#7587,#7618,#7642,#7666,#7683,#7714,#7738,#7762,#7779,#7810,
    #7834,#7858,#7875,#7906,#7930,#7954,#7971,#8002,#8026,#8050,#8067,
    #8098,#8122,#8146,#8163,#8194,#8218,#8242,#8259,#8290,#8314,#8338,
    #8355,#8402,#8433,#8445,#8462,#8488,#8521,#8552,#8576,#8600,#8617,
    #8648,#8672,#8696,#8713,#8744,#8768,#8792,#8809,#8840,#8864,#8888,
    #8905,#8936,#8960,#8984,#9001,#9032,#9056,#9080,#9097,#9128,#9152,
    #9176,#9193,#9224,#9248,#9272,#9289,#9320,#9344,#9368,#9385,#9416,
    #9440,#9464,#9481,#9498,#9515,#9527,#9558,#9582,#9606,#9623,#9654,
    #9678,#9702,#9719,#9750,#9774,#9798,#9815,#9846,#9870,#9894,#9911,
    #9942,#9966,#9990,#10007,#10038,#10062,#10086,#10103,#10134,#10158,
    #10182,#10199,#10230,#10254,#10278,#10295,#10326,#10350,#10374,
    #10391,#10422,#10446,#10470,#10487,#10518,#10542,#10566,#10583,
    #10614,#10638,#10662,#10679,#10696,#10713,#10725,#10737,#10749,
    #10761,#10773,#10785,#10797,#10809,#10821,#10833,#10845,#10857,
    #10869,#10881,#10893,#10905,#10917,#10929,#10941,#10953,#10965,
    #10977));
#39 = ADVANCED_FACE('',(#40),#74,.F.);
#40 = FACE_BOUND('',#41,.F.);
#41 = EDGE_LOOP('',(#42,#52,#60,#68));
#42 = ORIENTED_EDGE('',*,*,#43,.T.);
#43 = EDGE_CURVE('',#44,#46,#48,.T.);
#44 = VERTEX_POINT('',#45);
#45 = CARTESIAN_POINT('',(23.95,-2.8,0.));
#46 = VERTEX_POINT('',#47);
#47 = CARTESIAN_POINT('',(23.95,1.7,0.));
#48 = LINE('',#49,#50);
#49 = CARTESIAN_POINT('',(23.95,-2.8,0.));
#50 = VECTOR('',#51,1.);
#51 = DIRECTION('',(1.224646799147E-16,1.,0.));
#52 = ORIENTED_EDGE('',*,*,#53,.T.);
#53 = EDGE_CURVE('',#46,#54,#56,.T.);
#54 = VERTEX_POINT('',#55);
#55 = CARTESIAN_POINT('',(22.75,1.7,0.));
#56 = LINE('',#57,#58);
#57 = CARTESIAN_POINT('',(23.95,1.7,0.));
#58 = VECTOR('',#59,1.);
#59 = DIRECTION('',(-1.,1.224646799147E-16,0.));
#60 = ORIENTED_EDGE('',*,*,#61,.F.);
#61 = EDGE_CURVE('',#62,#54,#64,.T.);
#62 = VERTEX_POINT('',#63);
#63 = CARTESIAN_POINT('',(22.75,-2.8,0.));
#64 = LINE('',#65,#66);
#65 = CARTESIAN_POINT('',(22.75,-2.8,0.));
#66 = VECTOR('',#67,1.);
#67 = DIRECTION('',(1.224646799147E-16,1.,0.));
#68 = ORIENTED_EDGE('',*,*,#69,.T.);
#69 = EDGE_CURVE('',#62,#44,#70,.T.);
#70 = LINE('',#71,#72);
#71 = CARTESIAN_POINT('',(-1.95,-2.8,0.));
#72 = VECTOR('',#73,1.);
#73 = DIRECTION('',(1.,-1.224646799147E-16,0.));
#74 = PLANE('',#75);
#75 = AXIS2_PLACEMENT_3D('',#76,#77,#78);
#76 = CARTESIAN_POINT('',(11.,-0.55,0.));
#77 = DIRECTION('',(0.,0.,1.));
#78 = DIRECTION('',(-1.,1.224646799147E-16,0.));
#79 = ADVANCED_FACE('',(#80),#138,.F.);
#80 = FACE_BOUND('',#81,.F.);
#81 = EDGE_LOOP('',(#82,#83,#91,#99,#107,#116,#124,#132));
#82 = ORIENTED_EDGE('',*,*,#43,.F.);
#83 = ORIENTED_EDGE('',*,*,#84,.T.);
#84 = EDGE_CURVE('',#44,#85,#87,.T.);
#85 = VERTEX_POINT('',#86);
#86 = CARTESIAN_POINT('',(23.95,-2.8,6.));
#87 = LINE('',#88,#89);
#88 = CARTESIAN_POINT('',(23.95,-2.8,0.));
#89 = VECTOR('',#90,1.);
#90 = DIRECTION('',(0.,0.,1.));
#91 = ORIENTED_EDGE('',*,*,#92,.T.);
#92 = EDGE_CURVE('',#85,#93,#95,.T.);
#93 = VERTEX_POINT('',#94);
#94 = CARTESIAN_POINT('',(23.95,-0.6,6.));
#95 = LINE('',#96,#97);
#96 = CARTESIAN_POINT('',(23.95,-2.8,6.));
#97 = VECTOR('',#98,1.);
#98 = DIRECTION('',(1.224646799147E-16,1.,0.));
#99 = ORIENTED_EDGE('',*,*,#100,.F.);
#100 = EDGE_CURVE('',#101,#93,#103,.T.);
#101 = VERTEX_POINT('',#102);
#102 = CARTESIAN_POINT('',(23.95,-0.6,4.4));
#103 = LINE('',#104,#105);
#104 = CARTESIAN_POINT('',(23.95,-0.6,4.4));
#105 = VECTOR('',#106,1.);
#106 = DIRECTION('',(0.,0.,1.));
#107 = ORIENTED_EDGE('',*,*,#108,.F.);
#108 = EDGE_CURVE('',#109,#101,#111,.T.);
#109 = VERTEX_POINT('',#110);
#110 = CARTESIAN_POINT('',(23.95,0.2,4.4));
#111 = CIRCLE('',#112,0.4);
#112 = AXIS2_PLACEMENT_3D('',#113,#114,#115);
#113 = CARTESIAN_POINT('',(23.95,-0.2,4.4));
#114 = DIRECTION('',(-1.,1.224646799147E-16,0.));
#115 = DIRECTION('',(1.224646799147E-16,1.,0.));
#116 = ORIENTED_EDGE('',*,*,#117,.F.);
#117 = EDGE_CURVE('',#118,#109,#120,.T.);
#118 = VERTEX_POINT('',#119);
#119 = CARTESIAN_POINT('',(23.95,0.2,6.));
#120 = LINE('',#121,#122);
#121 = CARTESIAN_POINT('',(23.95,0.2,6.));
#122 = VECTOR('',#123,1.);
#123 = DIRECTION('',(-0.,0.,-1.));
#124 = ORIENTED_EDGE('',*,*,#125,.T.);
#125 = EDGE_CURVE('',#118,#126,#128,.T.);
#126 = VERTEX_POINT('',#127);
#127 = CARTESIAN_POINT('',(23.95,1.7,6.));
#128 = LINE('',#129,#130);
#129 = CARTESIAN_POINT('',(23.95,-2.8,6.));
#130 = VECTOR('',#131,1.);
#131 = DIRECTION('',(1.224646799147E-16,1.,0.));
#132 = ORIENTED_EDGE('',*,*,#133,.F.);
#133 = EDGE_CURVE('',#46,#126,#134,.T.);
#134 = LINE('',#135,#136);
#135 = CARTESIAN_POINT('',(23.95,1.7,0.));
#136 = VECTOR('',#137,1.);
#137 = DIRECTION('',(0.,0.,1.));
#138 = PLANE('',#139);
#139 = AXIS2_PLACEMENT_3D('',#140,#141,#142);
#140 = CARTESIAN_POINT('',(23.95,-2.8,0.));
#141 = DIRECTION('',(-1.,1.224646799147E-16,0.));
#142 = DIRECTION('',(1.224646799147E-16,1.,0.));
#143 = ADVANCED_FACE('',(#144),#546,.F.);
#144 = FACE_BOUND('',#145,.F.);
#145 = EDGE_LOOP('',(#146,#156,#164,#170,#171,#172,#180,#188,#196,#204,
    #212,#220,#228,#236,#244,#252,#260,#268,#276,#284,#292,#300,#308,
    #316,#324,#332,#340,#348,#356,#364,#372,#380,#388,#396,#404,#412,
    #420,#428,#436,#444,#452,#460,#468,#476,#484,#492,#500,#508,#516,
    #524,#532,#540));
#146 = ORIENTED_EDGE('',*,*,#147,.F.);
#147 = EDGE_CURVE('',#148,#150,#152,.T.);
#148 = VERTEX_POINT('',#149);
#149 = CARTESIAN_POINT('',(-1.95,-2.8,0.));
#150 = VERTEX_POINT('',#151);
#151 = CARTESIAN_POINT('',(-0.75,-2.8,0.));
#152 = LINE('',#153,#154);
#153 = CARTESIAN_POINT('',(-1.95,-2.8,0.));
#154 = VECTOR('',#155,1.);
#155 = DIRECTION('',(1.,-1.224646799147E-16,0.));
#156 = ORIENTED_EDGE('',*,*,#157,.T.);
#157 = EDGE_CURVE('',#148,#158,#160,.T.);
#158 = VERTEX_POINT('',#159);
#159 = CARTESIAN_POINT('',(-1.95,-2.8,6.));
#160 = LINE('',#161,#162);
#161 = CARTESIAN_POINT('',(-1.95,-2.8,0.));
#162 = VECTOR('',#163,1.);
#163 = DIRECTION('',(0.,0.,1.));
#164 = ORIENTED_EDGE('',*,*,#165,.T.);
#165 = EDGE_CURVE('',#158,#85,#166,.T.);
#166 = LINE('',#167,#168);
#167 = CARTESIAN_POINT('',(-1.95,-2.8,6.));
#168 = VECTOR('',#169,1.);
#169 = DIRECTION('',(1.,-1.224646799147E-16,0.));
#170 = ORIENTED_EDGE('',*,*,#84,.F.);
#171 = ORIENTED_EDGE('',*,*,#69,.F.);
#172 = ORIENTED_EDGE('',*,*,#173,.F.);
#173 = EDGE_CURVE('',#174,#62,#176,.T.);
#174 = VERTEX_POINT('',#175);
#175 = CARTESIAN_POINT('',(22.75,-2.8,0.2));
#176 = LINE('',#177,#178);
#177 = CARTESIAN_POINT('',(22.75,-2.8,0.2));
#178 = VECTOR('',#179,1.);
#179 = DIRECTION('',(-0.,0.,-1.));
#180 = ORIENTED_EDGE('',*,*,#181,.T.);
#181 = EDGE_CURVE('',#174,#182,#184,.T.);
#182 = VERTEX_POINT('',#183);
#183 = CARTESIAN_POINT('',(21.25,-2.8,0.2));
#184 = LINE('',#185,#186);
#185 = CARTESIAN_POINT('',(22.75,-2.8,0.2));
#186 = VECTOR('',#187,1.);
#187 = DIRECTION('',(-1.,1.224646799147E-16,0.));
#188 = ORIENTED_EDGE('',*,*,#189,.T.);
#189 = EDGE_CURVE('',#182,#190,#192,.T.);
#190 = VERTEX_POINT('',#191);
#191 = CARTESIAN_POINT('',(21.25,-2.8,0.));
#192 = LINE('',#193,#194);
#193 = CARTESIAN_POINT('',(21.25,-2.8,0.2));
#194 = VECTOR('',#195,1.);
#195 = DIRECTION('',(-0.,0.,-1.));
#196 = ORIENTED_EDGE('',*,*,#197,.F.);
#197 = EDGE_CURVE('',#198,#190,#200,.T.);
#198 = VERTEX_POINT('',#199);
#199 = CARTESIAN_POINT('',(20.75,-2.8,0.));
#200 = LINE('',#201,#202);
#201 = CARTESIAN_POINT('',(-1.95,-2.8,0.));
#202 = VECTOR('',#203,1.);
#203 = DIRECTION('',(1.,-1.224646799147E-16,0.));
#204 = ORIENTED_EDGE('',*,*,#205,.F.);
#205 = EDGE_CURVE('',#206,#198,#208,.T.);
#206 = VERTEX_POINT('',#207);
#207 = CARTESIAN_POINT('',(20.75,-2.8,0.2));
#208 = LINE('',#209,#210);
#209 = CARTESIAN_POINT('',(20.75,-2.8,0.2));
#210 = VECTOR('',#211,1.);
#211 = DIRECTION('',(-0.,0.,-1.));
#212 = ORIENTED_EDGE('',*,*,#213,.T.);
#213 = EDGE_CURVE('',#206,#214,#216,.T.);
#214 = VERTEX_POINT('',#215);
#215 = CARTESIAN_POINT('',(19.25,-2.8,0.2));
#216 = LINE('',#217,#218);
#217 = CARTESIAN_POINT('',(20.75,-2.8,0.2));
#218 = VECTOR('',#219,1.);
#219 = DIRECTION('',(-1.,1.224646799147E-16,0.));
#220 = ORIENTED_EDGE('',*,*,#221,.T.);
#221 = EDGE_CURVE('',#214,#222,#224,.T.);
#222 = VERTEX_POINT('',#223);
#223 = CARTESIAN_POINT('',(19.25,-2.8,0.));
#224 = LINE('',#225,#226);
#225 = CARTESIAN_POINT('',(19.25,-2.8,0.2));
#226 = VECTOR('',#227,1.);
#227 = DIRECTION('',(-0.,0.,-1.));
#228 = ORIENTED_EDGE('',*,*,#229,.F.);
#229 = EDGE_CURVE('',#230,#222,#232,.T.);
#230 = VERTEX_POINT('',#231);
#231 = CARTESIAN_POINT('',(18.75,-2.8,0.));
#232 = LINE('',#233,#234);
#233 = CARTESIAN_POINT('',(-1.95,-2.8,0.));
#234 = VECTOR('',#235,1.);
#235 = DIRECTION('',(1.,-1.224646799147E-16,0.));
#236 = ORIENTED_EDGE('',*,*,#237,.F.);
#237 = EDGE_CURVE('',#238,#230,#240,.T.);
#238 = VERTEX_POINT('',#239);
#239 = CARTESIAN_POINT('',(18.75,-2.8,0.2));
#240 = LINE('',#241,#242);
#241 = CARTESIAN_POINT('',(18.75,-2.8,0.2));
#242 = VECTOR('',#243,1.);
#243 = DIRECTION('',(-0.,0.,-1.));
#244 = ORIENTED_EDGE('',*,*,#245,.T.);
#245 = EDGE_CURVE('',#238,#246,#248,.T.);
#246 = VERTEX_POINT('',#247);
#247 = CARTESIAN_POINT('',(17.25,-2.8,0.2));
#248 = LINE('',#249,#250);
#249 = CARTESIAN_POINT('',(18.75,-2.8,0.2));
#250 = VECTOR('',#251,1.);
#251 = DIRECTION('',(-1.,1.224646799147E-16,0.));
#252 = ORIENTED_EDGE('',*,*,#253,.T.);
#253 = EDGE_CURVE('',#246,#254,#256,.T.);
#254 = VERTEX_POINT('',#255);
#255 = CARTESIAN_POINT('',(17.25,-2.8,0.));
#256 = LINE('',#257,#258);
#257 = CARTESIAN_POINT('',(17.25,-2.8,0.2));
#258 = VECTOR('',#259,1.);
#259 = DIRECTION('',(-0.,0.,-1.));
#260 = ORIENTED_EDGE('',*,*,#261,.F.);
#261 = EDGE_CURVE('',#262,#254,#264,.T.);
#262 = VERTEX_POINT('',#263);
#263 = CARTESIAN_POINT('',(16.75,-2.8,0.));
#264 = LINE('',#265,#266);
#265 = CARTESIAN_POINT('',(-1.95,-2.8,0.));
#266 = VECTOR('',#267,1.);
#267 = DIRECTION('',(1.,-1.224646799147E-16,0.));
#268 = ORIENTED_EDGE('',*,*,#269,.F.);
#269 = EDGE_CURVE('',#270,#262,#272,.T.);
#270 = VERTEX_POINT('',#271);
#271 = CARTESIAN_POINT('',(16.75,-2.8,0.2));
#272 = LINE('',#273,#274);
#273 = CARTESIAN_POINT('',(16.75,-2.8,0.2));
#274 = VECTOR('',#275,1.);
#275 = DIRECTION('',(-0.,0.,-1.));
#276 = ORIENTED_EDGE('',*,*,#277,.T.);
#277 = EDGE_CURVE('',#270,#278,#280,.T.);
#278 = VERTEX_POINT('',#279);
#279 = CARTESIAN_POINT('',(15.25,-2.8,0.2));
#280 = LINE('',#281,#282);
#281 = CARTESIAN_POINT('',(16.75,-2.8,0.2));
#282 = VECTOR('',#283,1.);
#283 = DIRECTION('',(-1.,1.224646799147E-16,0.));
#284 = ORIENTED_EDGE('',*,*,#285,.T.);
#285 = EDGE_CURVE('',#278,#286,#288,.T.);
#286 = VERTEX_POINT('',#287);
#287 = CARTESIAN_POINT('',(15.25,-2.8,0.));
#288 = LINE('',#289,#290);
#289 = CARTESIAN_POINT('',(15.25,-2.8,0.2));
#290 = VECTOR('',#291,1.);
#291 = DIRECTION('',(-0.,0.,-1.));
#292 = ORIENTED_EDGE('',*,*,#293,.F.);
#293 = EDGE_CURVE('',#294,#286,#296,.T.);
#294 = VERTEX_POINT('',#295);
#295 = CARTESIAN_POINT('',(14.75,-2.8,0.));
#296 = LINE('',#297,#298);
#297 = CARTESIAN_POINT('',(-1.95,-2.8,0.));
#298 = VECTOR('',#299,1.);
#299 = DIRECTION('',(1.,-1.224646799147E-16,0.));
#300 = ORIENTED_EDGE('',*,*,#301,.F.);
#301 = EDGE_CURVE('',#302,#294,#304,.T.);
#302 = VERTEX_POINT('',#303);
#303 = CARTESIAN_POINT('',(14.75,-2.8,0.2));
#304 = LINE('',#305,#306);
#305 = CARTESIAN_POINT('',(14.75,-2.8,0.2));
#306 = VECTOR('',#307,1.);
#307 = DIRECTION('',(-0.,0.,-1.));
#308 = ORIENTED_EDGE('',*,*,#309,.T.);
#309 = EDGE_CURVE('',#302,#310,#312,.T.);
#310 = VERTEX_POINT('',#311);
#311 = CARTESIAN_POINT('',(13.25,-2.8,0.2));
#312 = LINE('',#313,#314);
#313 = CARTESIAN_POINT('',(14.75,-2.8,0.2));
#314 = VECTOR('',#315,1.);
#315 = DIRECTION('',(-1.,1.224646799147E-16,0.));
#316 = ORIENTED_EDGE('',*,*,#317,.T.);
#317 = EDGE_CURVE('',#310,#318,#320,.T.);
#318 = VERTEX_POINT('',#319);
#319 = CARTESIAN_POINT('',(13.25,-2.8,0.));
#320 = LINE('',#321,#322);
#321 = CARTESIAN_POINT('',(13.25,-2.8,0.2));
#322 = VECTOR('',#323,1.);
#323 = DIRECTION('',(-0.,0.,-1.));
#324 = ORIENTED_EDGE('',*,*,#325,.F.);
#325 = EDGE_CURVE('',#326,#318,#328,.T.);
#326 = VERTEX_POINT('',#327);
#327 = CARTESIAN_POINT('',(12.75,-2.8,0.));
#328 = LINE('',#329,#330);
#329 = CARTESIAN_POINT('',(-1.95,-2.8,0.));
#330 = VECTOR('',#331,1.);
#331 = DIRECTION('',(1.,-1.224646799147E-16,0.));
#332 = ORIENTED_EDGE('',*,*,#333,.F.);
#333 = EDGE_CURVE('',#334,#326,#336,.T.);
#334 = VERTEX_POINT('',#335);
#335 = CARTESIAN_POINT('',(12.75,-2.8,0.2));
#336 = LINE('',#337,#338);
#337 = CARTESIAN_POINT('',(12.75,-2.8,0.2));
#338 = VECTOR('',#339,1.);
#339 = DIRECTION('',(-0.,0.,-1.));
#340 = ORIENTED_EDGE('',*,*,#341,.T.);
#341 = EDGE_CURVE('',#334,#342,#344,.T.);
#342 = VERTEX_POINT('',#343);
#343 = CARTESIAN_POINT('',(11.25,-2.8,0.2));
#344 = LINE('',#345,#346);
#345 = CARTESIAN_POINT('',(12.75,-2.8,0.2));
#346 = VECTOR('',#347,1.);
#347 = DIRECTION('',(-1.,1.224646799147E-16,0.));
#348 = ORIENTED_EDGE('',*,*,#349,.T.);
#349 = EDGE_CURVE('',#342,#350,#352,.T.);
#350 = VERTEX_POINT('',#351);
#351 = CARTESIAN_POINT('',(11.25,-2.8,0.));
#352 = LINE('',#353,#354);
#353 = CARTESIAN_POINT('',(11.25,-2.8,0.2));
#354 = VECTOR('',#355,1.);
#355 = DIRECTION('',(-0.,0.,-1.));
#356 = ORIENTED_EDGE('',*,*,#357,.F.);
#357 = EDGE_CURVE('',#358,#350,#360,.T.);
#358 = VERTEX_POINT('',#359);
#359 = CARTESIAN_POINT('',(10.75,-2.8,0.));
#360 = LINE('',#361,#362);
#361 = CARTESIAN_POINT('',(-1.95,-2.8,0.));
#362 = VECTOR('',#363,1.);
#363 = DIRECTION('',(1.,-1.224646799147E-16,0.));
#364 = ORIENTED_EDGE('',*,*,#365,.F.);
#365 = EDGE_CURVE('',#366,#358,#368,.T.);
#366 = VERTEX_POINT('',#367);
#367 = CARTESIAN_POINT('',(10.75,-2.8,0.2));
#368 = LINE('',#369,#370);
#369 = CARTESIAN_POINT('',(10.75,-2.8,0.2));
#370 = VECTOR('',#371,1.);
#371 = DIRECTION('',(-0.,0.,-1.));
#372 = ORIENTED_EDGE('',*,*,#373,.T.);
#373 = EDGE_CURVE('',#366,#374,#376,.T.);
#374 = VERTEX_POINT('',#375);
#375 = CARTESIAN_POINT('',(9.25,-2.8,0.2));
#376 = LINE('',#377,#378);
#377 = CARTESIAN_POINT('',(10.75,-2.8,0.2));
#378 = VECTOR('',#379,1.);
#379 = DIRECTION('',(-1.,1.224646799147E-16,0.));
#380 = ORIENTED_EDGE('',*,*,#381,.T.);
#381 = EDGE_CURVE('',#374,#382,#384,.T.);
#382 = VERTEX_POINT('',#383);
#383 = CARTESIAN_POINT('',(9.25,-2.8,0.));
#384 = LINE('',#385,#386);
#385 = CARTESIAN_POINT('',(9.25,-2.8,0.2));
#386 = VECTOR('',#387,1.);
#387 = DIRECTION('',(-0.,0.,-1.));
#388 = ORIENTED_EDGE('',*,*,#389,.F.);
#389 = EDGE_CURVE('',#390,#382,#392,.T.);
#390 = VERTEX_POINT('',#391);
#391 = CARTESIAN_POINT('',(8.75,-2.8,0.));
#392 = LINE('',#393,#394);
#393 = CARTESIAN_POINT('',(-1.95,-2.8,0.));
#394 = VECTOR('',#395,1.);
#395 = DIRECTION('',(1.,-1.224646799147E-16,0.));
#396 = ORIENTED_EDGE('',*,*,#397,.F.);
#397 = EDGE_CURVE('',#398,#390,#400,.T.);
#398 = VERTEX_POINT('',#399);
#399 = CARTESIAN_POINT('',(8.75,-2.8,0.2));
#400 = LINE('',#401,#402);
#401 = CARTESIAN_POINT('',(8.75,-2.8,0.2));
#402 = VECTOR('',#403,1.);
#403 = DIRECTION('',(-0.,0.,-1.));
#404 = ORIENTED_EDGE('',*,*,#405,.T.);
#405 = EDGE_CURVE('',#398,#406,#408,.T.);
#406 = VERTEX_POINT('',#407);
#407 = CARTESIAN_POINT('',(7.25,-2.8,0.2));
#408 = LINE('',#409,#410);
#409 = CARTESIAN_POINT('',(8.75,-2.8,0.2));
#410 = VECTOR('',#411,1.);
#411 = DIRECTION('',(-1.,1.224646799147E-16,0.));
#412 = ORIENTED_EDGE('',*,*,#413,.T.);
#413 = EDGE_CURVE('',#406,#414,#416,.T.);
#414 = VERTEX_POINT('',#415);
#415 = CARTESIAN_POINT('',(7.25,-2.8,0.));
#416 = LINE('',#417,#418);
#417 = CARTESIAN_POINT('',(7.25,-2.8,0.2));
#418 = VECTOR('',#419,1.);
#419 = DIRECTION('',(-0.,0.,-1.));
#420 = ORIENTED_EDGE('',*,*,#421,.F.);
#421 = EDGE_CURVE('',#422,#414,#424,.T.);
#422 = VERTEX_POINT('',#423);
#423 = CARTESIAN_POINT('',(6.75,-2.8,0.));
#424 = LINE('',#425,#426);
#425 = CARTESIAN_POINT('',(-1.95,-2.8,0.));
#426 = VECTOR('',#427,1.);
#427 = DIRECTION('',(1.,-1.224646799147E-16,0.));
#428 = ORIENTED_EDGE('',*,*,#429,.F.);
#429 = EDGE_CURVE('',#430,#422,#432,.T.);
#430 = VERTEX_POINT('',#431);
#431 = CARTESIAN_POINT('',(6.75,-2.8,0.2));
#432 = LINE('',#433,#434);
#433 = CARTESIAN_POINT('',(6.75,-2.8,0.2));
#434 = VECTOR('',#435,1.);
#435 = DIRECTION('',(-0.,0.,-1.));
#436 = ORIENTED_EDGE('',*,*,#437,.T.);
#437 = EDGE_CURVE('',#430,#438,#440,.T.);
#438 = VERTEX_POINT('',#439);
#439 = CARTESIAN_POINT('',(5.25,-2.8,0.2));
#440 = LINE('',#441,#442);
#441 = CARTESIAN_POINT('',(6.75,-2.8,0.2));
#442 = VECTOR('',#443,1.);
#443 = DIRECTION('',(-1.,1.224646799147E-16,0.));
#444 = ORIENTED_EDGE('',*,*,#445,.T.);
#445 = EDGE_CURVE('',#438,#446,#448,.T.);
#446 = VERTEX_POINT('',#447);
#447 = CARTESIAN_POINT('',(5.25,-2.8,0.));
#448 = LINE('',#449,#450);
#449 = CARTESIAN_POINT('',(5.25,-2.8,0.2));
#450 = VECTOR('',#451,1.);
#451 = DIRECTION('',(-0.,0.,-1.));
#452 = ORIENTED_EDGE('',*,*,#453,.F.);
#453 = EDGE_CURVE('',#454,#446,#456,.T.);
#454 = VERTEX_POINT('',#455);
#455 = CARTESIAN_POINT('',(4.75,-2.8,0.));
#456 = LINE('',#457,#458);
#457 = CARTESIAN_POINT('',(-1.95,-2.8,0.));
#458 = VECTOR('',#459,1.);
#459 = DIRECTION('',(1.,-1.224646799147E-16,0.));
#460 = ORIENTED_EDGE('',*,*,#461,.F.);
#461 = EDGE_CURVE('',#462,#454,#464,.T.);
#462 = VERTEX_POINT('',#463);
#463 = CARTESIAN_POINT('',(4.75,-2.8,0.2));
#464 = LINE('',#465,#466);
#465 = CARTESIAN_POINT('',(4.75,-2.8,0.2));
#466 = VECTOR('',#467,1.);
#467 = DIRECTION('',(-0.,0.,-1.));
#468 = ORIENTED_EDGE('',*,*,#469,.T.);
#469 = EDGE_CURVE('',#462,#470,#472,.T.);
#470 = VERTEX_POINT('',#471);
#471 = CARTESIAN_POINT('',(3.25,-2.8,0.2));
#472 = LINE('',#473,#474);
#473 = CARTESIAN_POINT('',(4.75,-2.8,0.2));
#474 = VECTOR('',#475,1.);
#475 = DIRECTION('',(-1.,1.224646799147E-16,0.));
#476 = ORIENTED_EDGE('',*,*,#477,.T.);
#477 = EDGE_CURVE('',#470,#478,#480,.T.);
#478 = VERTEX_POINT('',#479);
#479 = CARTESIAN_POINT('',(3.25,-2.8,0.));
#480 = LINE('',#481,#482);
#481 = CARTESIAN_POINT('',(3.25,-2.8,0.2));
#482 = VECTOR('',#483,1.);
#483 = DIRECTION('',(-0.,0.,-1.));
#484 = ORIENTED_EDGE('',*,*,#485,.F.);
#485 = EDGE_CURVE('',#486,#478,#488,.T.);
#486 = VERTEX_POINT('',#487);
#487 = CARTESIAN_POINT('',(2.75,-2.8,0.));
#488 = LINE('',#489,#490);
#489 = CARTESIAN_POINT('',(-1.95,-2.8,0.));
#490 = VECTOR('',#491,1.);
#491 = DIRECTION('',(1.,-1.224646799147E-16,0.));
#492 = ORIENTED_EDGE('',*,*,#493,.F.);
#493 = EDGE_CURVE('',#494,#486,#496,.T.);
#494 = VERTEX_POINT('',#495);
#495 = CARTESIAN_POINT('',(2.75,-2.8,0.2));
#496 = LINE('',#497,#498);
#497 = CARTESIAN_POINT('',(2.75,-2.8,0.2));
#498 = VECTOR('',#499,1.);
#499 = DIRECTION('',(-0.,0.,-1.));
#500 = ORIENTED_EDGE('',*,*,#501,.T.);
#501 = EDGE_CURVE('',#494,#502,#504,.T.);
#502 = VERTEX_POINT('',#503);
#503 = CARTESIAN_POINT('',(1.25,-2.8,0.2));
#504 = LINE('',#505,#506);
#505 = CARTESIAN_POINT('',(2.75,-2.8,0.2));
#506 = VECTOR('',#507,1.);
#507 = DIRECTION('',(-1.,1.224646799147E-16,0.));
#508 = ORIENTED_EDGE('',*,*,#509,.T.);
#509 = EDGE_CURVE('',#502,#510,#512,.T.);
#510 = VERTEX_POINT('',#511);
#511 = CARTESIAN_POINT('',(1.25,-2.8,0.));
#512 = LINE('',#513,#514);
#513 = CARTESIAN_POINT('',(1.25,-2.8,0.2));
#514 = VECTOR('',#515,1.);
#515 = DIRECTION('',(-0.,0.,-1.));
#516 = ORIENTED_EDGE('',*,*,#517,.F.);
#517 = EDGE_CURVE('',#518,#510,#520,.T.);
#518 = VERTEX_POINT('',#519);
#519 = CARTESIAN_POINT('',(0.75,-2.8,0.));
#520 = LINE('',#521,#522);
#521 = CARTESIAN_POINT('',(-1.95,-2.8,0.));
#522 = VECTOR('',#523,1.);
#523 = DIRECTION('',(1.,-1.224646799147E-16,0.));
#524 = ORIENTED_EDGE('',*,*,#525,.F.);
#525 = EDGE_CURVE('',#526,#518,#528,.T.);
#526 = VERTEX_POINT('',#527);
#527 = CARTESIAN_POINT('',(0.75,-2.8,0.2));
#528 = LINE('',#529,#530);
#529 = CARTESIAN_POINT('',(0.75,-2.8,0.2));
#530 = VECTOR('',#531,1.);
#531 = DIRECTION('',(-0.,0.,-1.));
#532 = ORIENTED_EDGE('',*,*,#533,.T.);
#533 = EDGE_CURVE('',#526,#534,#536,.T.);
#534 = VERTEX_POINT('',#535);
#535 = CARTESIAN_POINT('',(-0.75,-2.8,0.2));
#536 = LINE('',#537,#538);
#537 = CARTESIAN_POINT('',(0.75,-2.8,0.2));
#538 = VECTOR('',#539,1.);
#539 = DIRECTION('',(-1.,1.224646799147E-16,0.));
#540 = ORIENTED_EDGE('',*,*,#541,.T.);
#541 = EDGE_CURVE('',#534,#150,#542,.T.);
#542 = LINE('',#543,#544);
#543 = CARTESIAN_POINT('',(-0.75,-2.8,0.2));
#544 = VECTOR('',#545,1.);
#545 = DIRECTION('',(-0.,0.,-1.));
#546 = PLANE('',#547);
#547 = AXIS2_PLACEMENT_3D('',#548,#549,#550);
#548 = CARTESIAN_POINT('',(-1.95,-2.8,0.));
#549 = DIRECTION('',(1.224646799147E-16,1.,0.));
#550 = DIRECTION('',(1.,-1.224646799147E-16,0.));
#551 = ADVANCED_FACE('',(#552),#586,.F.);
#552 = FACE_BOUND('',#553,.F.);
#553 = EDGE_LOOP('',(#554,#562,#570,#578,#584,#585));
#554 = ORIENTED_EDGE('',*,*,#555,.T.);
#555 = EDGE_CURVE('',#54,#556,#558,.T.);
#556 = VERTEX_POINT('',#557);
#557 = CARTESIAN_POINT('',(22.75,1.7,0.2));
#558 = LINE('',#559,#560);
#559 = CARTESIAN_POINT('',(22.75,1.7,0.));
#560 = VECTOR('',#561,1.);
#561 = DIRECTION('',(0.,0.,1.));
#562 = ORIENTED_EDGE('',*,*,#563,.T.);
#563 = EDGE_CURVE('',#556,#564,#566,.T.);
#564 = VERTEX_POINT('',#565);
#565 = CARTESIAN_POINT('',(22.75,0.5,0.1));
#566 = LINE('',#567,#568);
#567 = CARTESIAN_POINT('',(22.75,1.7,0.2));
#568 = VECTOR('',#569,1.);
#569 = DIRECTION('',(-1.220416573038E-16,-0.996545758245,
    -8.304547985373E-02));
#570 = ORIENTED_EDGE('',*,*,#571,.T.);
#571 = EDGE_CURVE('',#564,#572,#574,.T.);
#572 = VERTEX_POINT('',#573);
#573 = CARTESIAN_POINT('',(22.75,-0.5,0.1));
#574 = LINE('',#575,#576);
#575 = CARTESIAN_POINT('',(22.75,0.5,0.1));
#576 = VECTOR('',#577,1.);
#577 = DIRECTION('',(-1.224646799147E-16,-1.,0.));
#578 = ORIENTED_EDGE('',*,*,#579,.T.);
#579 = EDGE_CURVE('',#572,#174,#580,.T.);
#580 = LINE('',#581,#582);
#581 = CARTESIAN_POINT('',(22.75,-0.5,0.1));
#582 = VECTOR('',#583,1.);
#583 = DIRECTION('',(-1.223490926498E-16,-0.999056158355,
    4.343722427631E-02));
#584 = ORIENTED_EDGE('',*,*,#173,.T.);
#585 = ORIENTED_EDGE('',*,*,#61,.T.);
#586 = PLANE('',#587);
#587 = AXIS2_PLACEMENT_3D('',#588,#589,#590);
#588 = CARTESIAN_POINT('',(22.75,-0.549524476701,7.07980355453E-02));
#589 = DIRECTION('',(1.,-1.224646799147E-16,-0.));
#590 = DIRECTION('',(-0.,0.,-1.));
#591 = ADVANCED_FACE('',(#592,#1083),#1117,.F.);
#592 = FACE_BOUND('',#593,.F.);
#593 = EDGE_LOOP('',(#594,#595,#596,#604,#612,#620,#628,#636,#644,#652,
    #660,#668,#676,#684,#692,#700,#708,#716,#724,#732,#740,#748,#756,
    #764,#772,#780,#788,#796,#804,#812,#820,#828,#836,#844,#852,#860,
    #868,#876,#884,#892,#900,#908,#916,#924,#932,#940,#948,#956,#964,
    #972,#980,#988,#996,#1004,#1012,#1020,#1028,#1036,#1044,#1052,#1060,
    #1068,#1076,#1082));
#594 = ORIENTED_EDGE('',*,*,#53,.F.);
#595 = ORIENTED_EDGE('',*,*,#133,.T.);
#596 = ORIENTED_EDGE('',*,*,#597,.T.);
#597 = EDGE_CURVE('',#126,#598,#600,.T.);
#598 = VERTEX_POINT('',#599);
#599 = CARTESIAN_POINT('',(21.45,1.7,6.));
#600 = LINE('',#601,#602);
#601 = CARTESIAN_POINT('',(23.95,1.7,6.));
#602 = VECTOR('',#603,1.);
#603 = DIRECTION('',(-1.,1.224646799147E-16,0.));
#604 = ORIENTED_EDGE('',*,*,#605,.T.);
#605 = EDGE_CURVE('',#598,#606,#608,.T.);
#606 = VERTEX_POINT('',#607);
#607 = CARTESIAN_POINT('',(21.45,1.7,2.1));
#608 = LINE('',#609,#610);
#609 = CARTESIAN_POINT('',(21.45,1.7,6.));
#610 = VECTOR('',#611,1.);
#611 = DIRECTION('',(-0.,0.,-1.));
#612 = ORIENTED_EDGE('',*,*,#613,.T.);
#613 = EDGE_CURVE('',#606,#614,#616,.T.);
#614 = VERTEX_POINT('',#615);
#615 = CARTESIAN_POINT('',(0.55,1.7,2.1));
#616 = LINE('',#617,#618);
#617 = CARTESIAN_POINT('',(21.45,1.7,2.1));
#618 = VECTOR('',#619,1.);
#619 = DIRECTION('',(-1.,1.224646799147E-16,0.));
#620 = ORIENTED_EDGE('',*,*,#621,.T.);
#621 = EDGE_CURVE('',#614,#622,#624,.T.);
#622 = VERTEX_POINT('',#623);
#623 = CARTESIAN_POINT('',(0.55,1.7,6.));
#624 = LINE('',#625,#626);
#625 = CARTESIAN_POINT('',(0.55,1.7,2.1));
#626 = VECTOR('',#627,1.);
#627 = DIRECTION('',(0.,0.,1.));
#628 = ORIENTED_EDGE('',*,*,#629,.T.);
#629 = EDGE_CURVE('',#622,#630,#632,.T.);
#630 = VERTEX_POINT('',#631);
#631 = CARTESIAN_POINT('',(-0.45,1.7,6.));
#632 = LINE('',#633,#634);
#633 = CARTESIAN_POINT('',(23.95,1.7,6.));
#634 = VECTOR('',#635,1.);
#635 = DIRECTION('',(-1.,1.224646799147E-16,0.));
#636 = ORIENTED_EDGE('',*,*,#637,.F.);
#637 = EDGE_CURVE('',#638,#630,#640,.T.);
#638 = VERTEX_POINT('',#639);
#639 = CARTESIAN_POINT('',(-0.45,1.7,4.2));
#640 = LINE('',#641,#642);
#641 = CARTESIAN_POINT('',(-0.45,1.7,4.2));
#642 = VECTOR('',#643,1.);
#643 = DIRECTION('',(0.,0.,1.));
#644 = ORIENTED_EDGE('',*,*,#645,.F.);
#645 = EDGE_CURVE('',#646,#638,#648,.T.);
#646 = VERTEX_POINT('',#647);
#647 = CARTESIAN_POINT('',(-0.4,1.7,4.2));
#648 = LINE('',#649,#650);
#649 = CARTESIAN_POINT('',(-0.4,1.7,4.2));
#650 = VECTOR('',#651,1.);
#651 = DIRECTION('',(-1.,1.224646799147E-16,0.));
#652 = ORIENTED_EDGE('',*,*,#653,.F.);
#653 = EDGE_CURVE('',#654,#646,#656,.T.);
#654 = VERTEX_POINT('',#655);
#655 = CARTESIAN_POINT('',(-0.4,1.7,2.4));
#656 = LINE('',#657,#658);
#657 = CARTESIAN_POINT('',(-0.4,1.7,2.4));
#658 = VECTOR('',#659,1.);
#659 = DIRECTION('',(0.,0.,1.));
#660 = ORIENTED_EDGE('',*,*,#661,.F.);
#661 = EDGE_CURVE('',#662,#654,#664,.T.);
#662 = VERTEX_POINT('',#663);
#663 = CARTESIAN_POINT('',(-1.4,1.7,2.4));
#664 = LINE('',#665,#666);
#665 = CARTESIAN_POINT('',(-1.4,1.7,2.4));
#666 = VECTOR('',#667,1.);
#667 = DIRECTION('',(1.,-1.224646799147E-16,0.));
#668 = ORIENTED_EDGE('',*,*,#669,.F.);
#669 = EDGE_CURVE('',#670,#662,#672,.T.);
#670 = VERTEX_POINT('',#671);
#671 = CARTESIAN_POINT('',(-1.4,1.7,4.2));
#672 = LINE('',#673,#674);
#673 = CARTESIAN_POINT('',(-1.4,1.7,4.2));
#674 = VECTOR('',#675,1.);
#675 = DIRECTION('',(-0.,0.,-1.));
#676 = ORIENTED_EDGE('',*,*,#677,.F.);
#677 = EDGE_CURVE('',#678,#670,#680,.T.);
#678 = VERTEX_POINT('',#679);
#679 = CARTESIAN_POINT('',(-0.95,1.7,4.2));
#680 = LINE('',#681,#682);
#681 = CARTESIAN_POINT('',(-0.4,1.7,4.2));
#682 = VECTOR('',#683,1.);
#683 = DIRECTION('',(-1.,1.224646799147E-16,0.));
#684 = ORIENTED_EDGE('',*,*,#685,.T.);
#685 = EDGE_CURVE('',#678,#686,#688,.T.);
#686 = VERTEX_POINT('',#687);
#687 = CARTESIAN_POINT('',(-0.95,1.7,6.));
#688 = LINE('',#689,#690);
#689 = CARTESIAN_POINT('',(-0.95,1.7,4.2));
#690 = VECTOR('',#691,1.);
#691 = DIRECTION('',(0.,0.,1.));
#692 = ORIENTED_EDGE('',*,*,#693,.T.);
#693 = EDGE_CURVE('',#686,#694,#696,.T.);
#694 = VERTEX_POINT('',#695);
#695 = CARTESIAN_POINT('',(-1.95,1.7,6.));
#696 = LINE('',#697,#698);
#697 = CARTESIAN_POINT('',(23.95,1.7,6.));
#698 = VECTOR('',#699,1.);
#699 = DIRECTION('',(-1.,1.224646799147E-16,0.));
#700 = ORIENTED_EDGE('',*,*,#701,.F.);
#701 = EDGE_CURVE('',#702,#694,#704,.T.);
#702 = VERTEX_POINT('',#703);
#703 = CARTESIAN_POINT('',(-1.95,1.7,0.));
#704 = LINE('',#705,#706);
#705 = CARTESIAN_POINT('',(-1.95,1.7,0.));
#706 = VECTOR('',#707,1.);
#707 = DIRECTION('',(0.,0.,1.));
#708 = ORIENTED_EDGE('',*,*,#709,.F.);
#709 = EDGE_CURVE('',#710,#702,#712,.T.);
#710 = VERTEX_POINT('',#711);
#711 = CARTESIAN_POINT('',(-0.75,1.7,0.));
#712 = LINE('',#713,#714);
#713 = CARTESIAN_POINT('',(23.95,1.7,0.));
#714 = VECTOR('',#715,1.);
#715 = DIRECTION('',(-1.,1.224646799147E-16,0.));
#716 = ORIENTED_EDGE('',*,*,#717,.T.);
#717 = EDGE_CURVE('',#710,#718,#720,.T.);
#718 = VERTEX_POINT('',#719);
#719 = CARTESIAN_POINT('',(-0.75,1.7,0.2));
#720 = LINE('',#721,#722);
#721 = CARTESIAN_POINT('',(-0.75,1.7,0.));
#722 = VECTOR('',#723,1.);
#723 = DIRECTION('',(0.,0.,1.));
#724 = ORIENTED_EDGE('',*,*,#725,.F.);
#725 = EDGE_CURVE('',#726,#718,#728,.T.);
#726 = VERTEX_POINT('',#727);
#727 = CARTESIAN_POINT('',(0.75,1.7,0.2));
#728 = LINE('',#729,#730);
#729 = CARTESIAN_POINT('',(0.75,1.7,0.2));
#730 = VECTOR('',#731,1.);
#731 = DIRECTION('',(-1.,1.224646799147E-16,0.));
#732 = ORIENTED_EDGE('',*,*,#733,.F.);
#733 = EDGE_CURVE('',#734,#726,#736,.T.);
#734 = VERTEX_POINT('',#735);
#735 = CARTESIAN_POINT('',(0.75,1.7,0.));
#736 = LINE('',#737,#738);
#737 = CARTESIAN_POINT('',(0.75,1.7,0.));
#738 = VECTOR('',#739,1.);
#739 = DIRECTION('',(0.,0.,1.));
#740 = ORIENTED_EDGE('',*,*,#741,.F.);
#741 = EDGE_CURVE('',#742,#734,#744,.T.);
#742 = VERTEX_POINT('',#743);
#743 = CARTESIAN_POINT('',(1.25,1.7,0.));
#744 = LINE('',#745,#746);
#745 = CARTESIAN_POINT('',(23.95,1.7,0.));
#746 = VECTOR('',#747,1.);
#747 = DIRECTION('',(-1.,1.224646799147E-16,0.));
#748 = ORIENTED_EDGE('',*,*,#749,.T.);
#749 = EDGE_CURVE('',#742,#750,#752,.T.);
#750 = VERTEX_POINT('',#751);
#751 = CARTESIAN_POINT('',(1.25,1.7,0.2));
#752 = LINE('',#753,#754);
#753 = CARTESIAN_POINT('',(1.25,1.7,0.));
#754 = VECTOR('',#755,1.);
#755 = DIRECTION('',(0.,0.,1.));
#756 = ORIENTED_EDGE('',*,*,#757,.F.);
#757 = EDGE_CURVE('',#758,#750,#760,.T.);
#758 = VERTEX_POINT('',#759);
#759 = CARTESIAN_POINT('',(2.75,1.7,0.2));
#760 = LINE('',#761,#762);
#761 = CARTESIAN_POINT('',(2.75,1.7,0.2));
#762 = VECTOR('',#763,1.);
#763 = DIRECTION('',(-1.,1.224646799147E-16,0.));
#764 = ORIENTED_EDGE('',*,*,#765,.F.);
#765 = EDGE_CURVE('',#766,#758,#768,.T.);
#766 = VERTEX_POINT('',#767);
#767 = CARTESIAN_POINT('',(2.75,1.7,0.));
#768 = LINE('',#769,#770);
#769 = CARTESIAN_POINT('',(2.75,1.7,0.));
#770 = VECTOR('',#771,1.);
#771 = DIRECTION('',(0.,0.,1.));
#772 = ORIENTED_EDGE('',*,*,#773,.F.);
#773 = EDGE_CURVE('',#774,#766,#776,.T.);
#774 = VERTEX_POINT('',#775);
#775 = CARTESIAN_POINT('',(3.25,1.7,0.));
#776 = LINE('',#777,#778);
#777 = CARTESIAN_POINT('',(23.95,1.7,0.));
#778 = VECTOR('',#779,1.);
#779 = DIRECTION('',(-1.,1.224646799147E-16,0.));
#780 = ORIENTED_EDGE('',*,*,#781,.T.);
#781 = EDGE_CURVE('',#774,#782,#784,.T.);
#782 = VERTEX_POINT('',#783);
#783 = CARTESIAN_POINT('',(3.25,1.7,0.2));
#784 = LINE('',#785,#786);
#785 = CARTESIAN_POINT('',(3.25,1.7,0.));
#786 = VECTOR('',#787,1.);
#787 = DIRECTION('',(0.,0.,1.));
#788 = ORIENTED_EDGE('',*,*,#789,.F.);
#789 = EDGE_CURVE('',#790,#782,#792,.T.);
#790 = VERTEX_POINT('',#791);
#791 = CARTESIAN_POINT('',(4.75,1.7,0.2));
#792 = LINE('',#793,#794);
#793 = CARTESIAN_POINT('',(4.75,1.7,0.2));
#794 = VECTOR('',#795,1.);
#795 = DIRECTION('',(-1.,1.224646799147E-16,0.));
#796 = ORIENTED_EDGE('',*,*,#797,.F.);
#797 = EDGE_CURVE('',#798,#790,#800,.T.);
#798 = VERTEX_POINT('',#799);
#799 = CARTESIAN_POINT('',(4.75,1.7,0.));
#800 = LINE('',#801,#802);
#801 = CARTESIAN_POINT('',(4.75,1.7,0.));
#802 = VECTOR('',#803,1.);
#803 = DIRECTION('',(0.,0.,1.));
#804 = ORIENTED_EDGE('',*,*,#805,.F.);
#805 = EDGE_CURVE('',#806,#798,#808,.T.);
#806 = VERTEX_POINT('',#807);
#807 = CARTESIAN_POINT('',(5.25,1.7,0.));
#808 = LINE('',#809,#810);
#809 = CARTESIAN_POINT('',(23.95,1.7,0.));
#810 = VECTOR('',#811,1.);
#811 = DIRECTION('',(-1.,1.224646799147E-16,0.));
#812 = ORIENTED_EDGE('',*,*,#813,.T.);
#813 = EDGE_CURVE('',#806,#814,#816,.T.);
#814 = VERTEX_POINT('',#815);
#815 = CARTESIAN_POINT('',(5.25,1.7,0.2));
#816 = LINE('',#817,#818);
#817 = CARTESIAN_POINT('',(5.25,1.7,0.));
#818 = VECTOR('',#819,1.);
#819 = DIRECTION('',(0.,0.,1.));
#820 = ORIENTED_EDGE('',*,*,#821,.F.);
#821 = EDGE_CURVE('',#822,#814,#824,.T.);
#822 = VERTEX_POINT('',#823);
#823 = CARTESIAN_POINT('',(6.75,1.7,0.2));
#824 = LINE('',#825,#826);
#825 = CARTESIAN_POINT('',(6.75,1.7,0.2));
#826 = VECTOR('',#827,1.);
#827 = DIRECTION('',(-1.,1.224646799147E-16,0.));
#828 = ORIENTED_EDGE('',*,*,#829,.F.);
#829 = EDGE_CURVE('',#830,#822,#832,.T.);
#830 = VERTEX_POINT('',#831);
#831 = CARTESIAN_POINT('',(6.75,1.7,0.));
#832 = LINE('',#833,#834);
#833 = CARTESIAN_POINT('',(6.75,1.7,0.));
#834 = VECTOR('',#835,1.);
#835 = DIRECTION('',(0.,0.,1.));
#836 = ORIENTED_EDGE('',*,*,#837,.F.);
#837 = EDGE_CURVE('',#838,#830,#840,.T.);
#838 = VERTEX_POINT('',#839);
#839 = CARTESIAN_POINT('',(7.25,1.7,0.));
#840 = LINE('',#841,#842);
#841 = CARTESIAN_POINT('',(23.95,1.7,0.));
#842 = VECTOR('',#843,1.);
#843 = DIRECTION('',(-1.,1.224646799147E-16,0.));
#844 = ORIENTED_EDGE('',*,*,#845,.T.);
#845 = EDGE_CURVE('',#838,#846,#848,.T.);
#846 = VERTEX_POINT('',#847);
#847 = CARTESIAN_POINT('',(7.25,1.7,0.2));
#848 = LINE('',#849,#850);
#849 = CARTESIAN_POINT('',(7.25,1.7,0.));
#850 = VECTOR('',#851,1.);
#851 = DIRECTION('',(0.,0.,1.));
#852 = ORIENTED_EDGE('',*,*,#853,.F.);
#853 = EDGE_CURVE('',#854,#846,#856,.T.);
#854 = VERTEX_POINT('',#855);
#855 = CARTESIAN_POINT('',(8.75,1.7,0.2));
#856 = LINE('',#857,#858);
#857 = CARTESIAN_POINT('',(8.75,1.7,0.2));
#858 = VECTOR('',#859,1.);
#859 = DIRECTION('',(-1.,1.224646799147E-16,0.));
#860 = ORIENTED_EDGE('',*,*,#861,.F.);
#861 = EDGE_CURVE('',#862,#854,#864,.T.);
#862 = VERTEX_POINT('',#863);
#863 = CARTESIAN_POINT('',(8.75,1.7,0.));
#864 = LINE('',#865,#866);
#865 = CARTESIAN_POINT('',(8.75,1.7,0.));
#866 = VECTOR('',#867,1.);
#867 = DIRECTION('',(0.,0.,1.));
#868 = ORIENTED_EDGE('',*,*,#869,.F.);
#869 = EDGE_CURVE('',#870,#862,#872,.T.);
#870 = VERTEX_POINT('',#871);
#871 = CARTESIAN_POINT('',(9.25,1.7,0.));
#872 = LINE('',#873,#874);
#873 = CARTESIAN_POINT('',(23.95,1.7,0.));
#874 = VECTOR('',#875,1.);
#875 = DIRECTION('',(-1.,1.224646799147E-16,0.));
#876 = ORIENTED_EDGE('',*,*,#877,.T.);
#877 = EDGE_CURVE('',#870,#878,#880,.T.);
#878 = VERTEX_POINT('',#879);
#879 = CARTESIAN_POINT('',(9.25,1.7,0.2));
#880 = LINE('',#881,#882);
#881 = CARTESIAN_POINT('',(9.25,1.7,0.));
#882 = VECTOR('',#883,1.);
#883 = DIRECTION('',(0.,0.,1.));
#884 = ORIENTED_EDGE('',*,*,#885,.F.);
#885 = EDGE_CURVE('',#886,#878,#888,.T.);
#886 = VERTEX_POINT('',#887);
#887 = CARTESIAN_POINT('',(10.75,1.7,0.2));
#888 = LINE('',#889,#890);
#889 = CARTESIAN_POINT('',(10.75,1.7,0.2));
#890 = VECTOR('',#891,1.);
#891 = DIRECTION('',(-1.,1.224646799147E-16,0.));
#892 = ORIENTED_EDGE('',*,*,#893,.F.);
#893 = EDGE_CURVE('',#894,#886,#896,.T.);
#894 = VERTEX_POINT('',#895);
#895 = CARTESIAN_POINT('',(10.75,1.7,0.));
#896 = LINE('',#897,#898);
#897 = CARTESIAN_POINT('',(10.75,1.7,0.));
#898 = VECTOR('',#899,1.);
#899 = DIRECTION('',(0.,0.,1.));
#900 = ORIENTED_EDGE('',*,*,#901,.F.);
#901 = EDGE_CURVE('',#902,#894,#904,.T.);
#902 = VERTEX_POINT('',#903);
#903 = CARTESIAN_POINT('',(11.25,1.7,0.));
#904 = LINE('',#905,#906);
#905 = CARTESIAN_POINT('',(23.95,1.7,0.));
#906 = VECTOR('',#907,1.);
#907 = DIRECTION('',(-1.,1.224646799147E-16,0.));
#908 = ORIENTED_EDGE('',*,*,#909,.T.);
#909 = EDGE_CURVE('',#902,#910,#912,.T.);
#910 = VERTEX_POINT('',#911);
#911 = CARTESIAN_POINT('',(11.25,1.7,0.2));
#912 = LINE('',#913,#914);
#913 = CARTESIAN_POINT('',(11.25,1.7,0.));
#914 = VECTOR('',#915,1.);
#915 = DIRECTION('',(0.,0.,1.));
#916 = ORIENTED_EDGE('',*,*,#917,.F.);
#917 = EDGE_CURVE('',#918,#910,#920,.T.);
#918 = VERTEX_POINT('',#919);
#919 = CARTESIAN_POINT('',(12.75,1.7,0.2));
#920 = LINE('',#921,#922);
#921 = CARTESIAN_POINT('',(12.75,1.7,0.2));
#922 = VECTOR('',#923,1.);
#923 = DIRECTION('',(-1.,1.224646799147E-16,0.));
#924 = ORIENTED_EDGE('',*,*,#925,.F.);
#925 = EDGE_CURVE('',#926,#918,#928,.T.);
#926 = VERTEX_POINT('',#927);
#927 = CARTESIAN_POINT('',(12.75,1.7,0.));
#928 = LINE('',#929,#930);
#929 = CARTESIAN_POINT('',(12.75,1.7,0.));
#930 = VECTOR('',#931,1.);
#931 = DIRECTION('',(0.,0.,1.));
#932 = ORIENTED_EDGE('',*,*,#933,.F.);
#933 = EDGE_CURVE('',#934,#926,#936,.T.);
#934 = VERTEX_POINT('',#935);
#935 = CARTESIAN_POINT('',(13.25,1.7,0.));
#936 = LINE('',#937,#938);
#937 = CARTESIAN_POINT('',(23.95,1.7,0.));
#938 = VECTOR('',#939,1.);
#939 = DIRECTION('',(-1.,1.224646799147E-16,0.));
#940 = ORIENTED_EDGE('',*,*,#941,.T.);
#941 = EDGE_CURVE('',#934,#942,#944,.T.);
#942 = VERTEX_POINT('',#943);
#943 = CARTESIAN_POINT('',(13.25,1.7,0.2));
#944 = LINE('',#945,#946);
#945 = CARTESIAN_POINT('',(13.25,1.7,0.));
#946 = VECTOR('',#947,1.);
#947 = DIRECTION('',(0.,0.,1.));
#948 = ORIENTED_EDGE('',*,*,#949,.F.);
#949 = EDGE_CURVE('',#950,#942,#952,.T.);
#950 = VERTEX_POINT('',#951);
#951 = CARTESIAN_POINT('',(14.75,1.7,0.2));
#952 = LINE('',#953,#954);
#953 = CARTESIAN_POINT('',(14.75,1.7,0.2));
#954 = VECTOR('',#955,1.);
#955 = DIRECTION('',(-1.,1.224646799147E-16,0.));
#956 = ORIENTED_EDGE('',*,*,#957,.F.);
#957 = EDGE_CURVE('',#958,#950,#960,.T.);
#958 = VERTEX_POINT('',#959);
#959 = CARTESIAN_POINT('',(14.75,1.7,0.));
#960 = LINE('',#961,#962);
#961 = CARTESIAN_POINT('',(14.75,1.7,0.));
#962 = VECTOR('',#963,1.);
#963 = DIRECTION('',(0.,0.,1.));
#964 = ORIENTED_EDGE('',*,*,#965,.F.);
#965 = EDGE_CURVE('',#966,#958,#968,.T.);
#966 = VERTEX_POINT('',#967);
#967 = CARTESIAN_POINT('',(15.25,1.7,0.));
#968 = LINE('',#969,#970);
#969 = CARTESIAN_POINT('',(23.95,1.7,0.));
#970 = VECTOR('',#971,1.);
#971 = DIRECTION('',(-1.,1.224646799147E-16,0.));
#972 = ORIENTED_EDGE('',*,*,#973,.T.);
#973 = EDGE_CURVE('',#966,#974,#976,.T.);
#974 = VERTEX_POINT('',#975);
#975 = CARTESIAN_POINT('',(15.25,1.7,0.2));
#976 = LINE('',#977,#978);
#977 = CARTESIAN_POINT('',(15.25,1.7,0.));
#978 = VECTOR('',#979,1.);
#979 = DIRECTION('',(0.,0.,1.));
#980 = ORIENTED_EDGE('',*,*,#981,.F.);
#981 = EDGE_CURVE('',#982,#974,#984,.T.);
#982 = VERTEX_POINT('',#983);
#983 = CARTESIAN_POINT('',(16.75,1.7,0.2));
#984 = LINE('',#985,#986);
#985 = CARTESIAN_POINT('',(16.75,1.7,0.2));
#986 = VECTOR('',#987,1.);
#987 = DIRECTION('',(-1.,1.224646799147E-16,0.));
#988 = ORIENTED_EDGE('',*,*,#989,.F.);
#989 = EDGE_CURVE('',#990,#982,#992,.T.);
#990 = VERTEX_POINT('',#991);
#991 = CARTESIAN_POINT('',(16.75,1.7,0.));
#992 = LINE('',#993,#994);
#993 = CARTESIAN_POINT('',(16.75,1.7,0.));
#994 = VECTOR('',#995,1.);
#995 = DIRECTION('',(0.,0.,1.));
#996 = ORIENTED_EDGE('',*,*,#997,.F.);
#997 = EDGE_CURVE('',#998,#990,#1000,.T.);
#998 = VERTEX_POINT('',#999);
#999 = CARTESIAN_POINT('',(17.25,1.7,0.));
#1000 = LINE('',#1001,#1002);
#1001 = CARTESIAN_POINT('',(23.95,1.7,0.));
#1002 = VECTOR('',#1003,1.);
#1003 = DIRECTION('',(-1.,1.224646799147E-16,0.));
#1004 = ORIENTED_EDGE('',*,*,#1005,.T.);
#1005 = EDGE_CURVE('',#998,#1006,#1008,.T.);
#1006 = VERTEX_POINT('',#1007);
#1007 = CARTESIAN_POINT('',(17.25,1.7,0.2));
#1008 = LINE('',#1009,#1010);
#1009 = CARTESIAN_POINT('',(17.25,1.7,0.));
#1010 = VECTOR('',#1011,1.);
#1011 = DIRECTION('',(0.,0.,1.));
#1012 = ORIENTED_EDGE('',*,*,#1013,.F.);
#1013 = EDGE_CURVE('',#1014,#1006,#1016,.T.);
#1014 = VERTEX_POINT('',#1015);
#1015 = CARTESIAN_POINT('',(18.75,1.7,0.2));
#1016 = LINE('',#1017,#1018);
#1017 = CARTESIAN_POINT('',(18.75,1.7,0.2));
#1018 = VECTOR('',#1019,1.);
#1019 = DIRECTION('',(-1.,1.224646799147E-16,0.));
#1020 = ORIENTED_EDGE('',*,*,#1021,.F.);
#1021 = EDGE_CURVE('',#1022,#1014,#1024,.T.);
#1022 = VERTEX_POINT('',#1023);
#1023 = CARTESIAN_POINT('',(18.75,1.7,0.));
#1024 = LINE('',#1025,#1026);
#1025 = CARTESIAN_POINT('',(18.75,1.7,0.));
#1026 = VECTOR('',#1027,1.);
#1027 = DIRECTION('',(0.,0.,1.));
#1028 = ORIENTED_EDGE('',*,*,#1029,.F.);
#1029 = EDGE_CURVE('',#1030,#1022,#1032,.T.);
#1030 = VERTEX_POINT('',#1031);
#1031 = CARTESIAN_POINT('',(19.25,1.7,0.));
#1032 = LINE('',#1033,#1034);
#1033 = CARTESIAN_POINT('',(23.95,1.7,0.));
#1034 = VECTOR('',#1035,1.);
#1035 = DIRECTION('',(-1.,1.224646799147E-16,0.));
#1036 = ORIENTED_EDGE('',*,*,#1037,.T.);
#1037 = EDGE_CURVE('',#1030,#1038,#1040,.T.);
#1038 = VERTEX_POINT('',#1039);
#1039 = CARTESIAN_POINT('',(19.25,1.7,0.2));
#1040 = LINE('',#1041,#1042);
#1041 = CARTESIAN_POINT('',(19.25,1.7,0.));
#1042 = VECTOR('',#1043,1.);
#1043 = DIRECTION('',(0.,0.,1.));
#1044 = ORIENTED_EDGE('',*,*,#1045,.F.);
#1045 = EDGE_CURVE('',#1046,#1038,#1048,.T.);
#1046 = VERTEX_POINT('',#1047);
#1047 = CARTESIAN_POINT('',(20.75,1.7,0.2));
#1048 = LINE('',#1049,#1050);
#1049 = CARTESIAN_POINT('',(20.75,1.7,0.2));
#1050 = VECTOR('',#1051,1.);
#1051 = DIRECTION('',(-1.,1.224646799147E-16,0.));
#1052 = ORIENTED_EDGE('',*,*,#1053,.F.);
#1053 = EDGE_CURVE('',#1054,#1046,#1056,.T.);
#1054 = VERTEX_POINT('',#1055);
#1055 = CARTESIAN_POINT('',(20.75,1.7,0.));
#1056 = LINE('',#1057,#1058);
#1057 = CARTESIAN_POINT('',(20.75,1.7,0.));
#1058 = VECTOR('',#1059,1.);
#1059 = DIRECTION('',(0.,0.,1.));
#1060 = ORIENTED_EDGE('',*,*,#1061,.F.);
#1061 = EDGE_CURVE('',#1062,#1054,#1064,.T.);
#1062 = VERTEX_POINT('',#1063);
#1063 = CARTESIAN_POINT('',(21.25,1.7,0.));
#1064 = LINE('',#1065,#1066);
#1065 = CARTESIAN_POINT('',(23.95,1.7,0.));
#1066 = VECTOR('',#1067,1.);
#1067 = DIRECTION('',(-1.,1.224646799147E-16,0.));
#1068 = ORIENTED_EDGE('',*,*,#1069,.T.);
#1069 = EDGE_CURVE('',#1062,#1070,#1072,.T.);
#1070 = VERTEX_POINT('',#1071);
#1071 = CARTESIAN_POINT('',(21.25,1.7,0.2));
#1072 = LINE('',#1073,#1074);
#1073 = CARTESIAN_POINT('',(21.25,1.7,0.));
#1074 = VECTOR('',#1075,1.);
#1075 = DIRECTION('',(0.,0.,1.));
#1076 = ORIENTED_EDGE('',*,*,#1077,.F.);
#1077 = EDGE_CURVE('',#556,#1070,#1078,.T.);
#1078 = LINE('',#1079,#1080);
#1079 = CARTESIAN_POINT('',(22.75,1.7,0.2));
#1080 = VECTOR('',#1081,1.);
#1081 = DIRECTION('',(-1.,1.224646799147E-16,0.));
#1082 = ORIENTED_EDGE('',*,*,#555,.F.);
#1083 = FACE_BOUND('',#1084,.F.);
#1084 = EDGE_LOOP('',(#1085,#1095,#1103,#1111));
#1085 = ORIENTED_EDGE('',*,*,#1086,.T.);
#1086 = EDGE_CURVE('',#1087,#1089,#1091,.T.);
#1087 = VERTEX_POINT('',#1088);
#1088 = CARTESIAN_POINT('',(22.4,1.7,4.2));
#1089 = VERTEX_POINT('',#1090);
#1090 = CARTESIAN_POINT('',(23.4,1.7,4.2));
#1091 = LINE('',#1092,#1093);
#1092 = CARTESIAN_POINT('',(22.4,1.7,4.2));
#1093 = VECTOR('',#1094,1.);
#1094 = DIRECTION('',(1.,-1.224646799147E-16,0.));
#1095 = ORIENTED_EDGE('',*,*,#1096,.T.);
#1096 = EDGE_CURVE('',#1089,#1097,#1099,.T.);
#1097 = VERTEX_POINT('',#1098);
#1098 = CARTESIAN_POINT('',(23.4,1.7,2.4));
#1099 = LINE('',#1100,#1101);
#1100 = CARTESIAN_POINT('',(23.4,1.7,4.2));
#1101 = VECTOR('',#1102,1.);
#1102 = DIRECTION('',(-0.,0.,-1.));
#1103 = ORIENTED_EDGE('',*,*,#1104,.T.);
#1104 = EDGE_CURVE('',#1097,#1105,#1107,.T.);
#1105 = VERTEX_POINT('',#1106);
#1106 = CARTESIAN_POINT('',(22.4,1.7,2.4));
#1107 = LINE('',#1108,#1109);
#1108 = CARTESIAN_POINT('',(23.4,1.7,2.4));
#1109 = VECTOR('',#1110,1.);
#1110 = DIRECTION('',(-1.,1.224646799147E-16,0.));
#1111 = ORIENTED_EDGE('',*,*,#1112,.T.);
#1112 = EDGE_CURVE('',#1105,#1087,#1113,.T.);
#1113 = LINE('',#1114,#1115);
#1114 = CARTESIAN_POINT('',(22.4,1.7,2.4));
#1115 = VECTOR('',#1116,1.);
#1116 = DIRECTION('',(0.,0.,1.));
#1117 = PLANE('',#1118);
#1118 = AXIS2_PLACEMENT_3D('',#1119,#1120,#1121);
#1119 = CARTESIAN_POINT('',(23.95,1.7,0.));
#1120 = DIRECTION('',(-1.224646799147E-16,-1.,0.));
#1121 = DIRECTION('',(-1.,1.224646799147E-16,0.));
#1122 = ADVANCED_FACE('',(#1123),#1157,.T.);
#1123 = FACE_BOUND('',#1124,.T.);
#1124 = EDGE_LOOP('',(#1125,#1133,#1134,#1135,#1143,#1151));
#1125 = ORIENTED_EDGE('',*,*,#1126,.F.);
#1126 = EDGE_CURVE('',#118,#1127,#1129,.T.);
#1127 = VERTEX_POINT('',#1128);
#1128 = CARTESIAN_POINT('',(23.45,0.2,6.));
#1129 = LINE('',#1130,#1131);
#1130 = CARTESIAN_POINT('',(23.95,0.2,6.));
#1131 = VECTOR('',#1132,1.);
#1132 = DIRECTION('',(-1.,1.224646799147E-16,0.));
#1133 = ORIENTED_EDGE('',*,*,#125,.T.);
#1134 = ORIENTED_EDGE('',*,*,#597,.T.);
#1135 = ORIENTED_EDGE('',*,*,#1136,.T.);
#1136 = EDGE_CURVE('',#598,#1137,#1139,.T.);
#1137 = VERTEX_POINT('',#1138);
#1138 = CARTESIAN_POINT('',(21.45,1.1,6.));
#1139 = LINE('',#1140,#1141);
#1140 = CARTESIAN_POINT('',(21.45,1.7,6.));
#1141 = VECTOR('',#1142,1.);
#1142 = DIRECTION('',(-1.224646799147E-16,-1.,0.));
#1143 = ORIENTED_EDGE('',*,*,#1144,.F.);
#1144 = EDGE_CURVE('',#1145,#1137,#1147,.T.);
#1145 = VERTEX_POINT('',#1146);
#1146 = CARTESIAN_POINT('',(23.45,1.1,6.));
#1147 = LINE('',#1148,#1149);
#1148 = CARTESIAN_POINT('',(23.45,1.1,6.));
#1149 = VECTOR('',#1150,1.);
#1150 = DIRECTION('',(-1.,1.224646799147E-16,0.));
#1151 = ORIENTED_EDGE('',*,*,#1152,.F.);
#1152 = EDGE_CURVE('',#1127,#1145,#1153,.T.);
#1153 = LINE('',#1154,#1155);
#1154 = CARTESIAN_POINT('',(23.45,-2.3,6.));
#1155 = VECTOR('',#1156,1.);
#1156 = DIRECTION('',(1.224646799147E-16,1.,0.));
#1157 = PLANE('',#1158);
#1158 = AXIS2_PLACEMENT_3D('',#1159,#1160,#1161);
#1159 = CARTESIAN_POINT('',(11.,-0.55,6.));
#1160 = DIRECTION('',(0.,0.,1.));
#1161 = DIRECTION('',(-1.,1.224646799147E-16,0.));
#1162 = ADVANCED_FACE('',(#1163),#1181,.T.);
#1163 = FACE_BOUND('',#1164,.T.);
#1164 = EDGE_LOOP('',(#1165,#1166,#1167,#1175));
#1165 = ORIENTED_EDGE('',*,*,#117,.F.);
#1166 = ORIENTED_EDGE('',*,*,#1126,.T.);
#1167 = ORIENTED_EDGE('',*,*,#1168,.T.);
#1168 = EDGE_CURVE('',#1127,#1169,#1171,.T.);
#1169 = VERTEX_POINT('',#1170);
#1170 = CARTESIAN_POINT('',(23.45,0.2,4.4));
#1171 = LINE('',#1172,#1173);
#1172 = CARTESIAN_POINT('',(23.45,0.2,6.));
#1173 = VECTOR('',#1174,1.);
#1174 = DIRECTION('',(-0.,0.,-1.));
#1175 = ORIENTED_EDGE('',*,*,#1176,.F.);
#1176 = EDGE_CURVE('',#109,#1169,#1177,.T.);
#1177 = LINE('',#1178,#1179);
#1178 = CARTESIAN_POINT('',(23.95,0.2,4.4));
#1179 = VECTOR('',#1180,1.);
#1180 = DIRECTION('',(-1.,1.224646799147E-16,0.));
#1181 = PLANE('',#1182);
#1182 = AXIS2_PLACEMENT_3D('',#1183,#1184,#1185);
#1183 = CARTESIAN_POINT('',(23.95,0.2,6.));
#1184 = DIRECTION('',(-1.224646799147E-16,-1.,0.));
#1185 = DIRECTION('',(-0.,0.,-1.));
#1186 = ADVANCED_FACE('',(#1187),#1206,.F.);
#1187 = FACE_BOUND('',#1188,.F.);
#1188 = EDGE_LOOP('',(#1189,#1197,#1204,#1205));
#1189 = ORIENTED_EDGE('',*,*,#1190,.T.);
#1190 = EDGE_CURVE('',#101,#1191,#1193,.T.);
#1191 = VERTEX_POINT('',#1192);
#1192 = CARTESIAN_POINT('',(23.45,-0.6,4.4));
#1193 = LINE('',#1194,#1195);
#1194 = CARTESIAN_POINT('',(23.95,-0.6,4.4));
#1195 = VECTOR('',#1196,1.);
#1196 = DIRECTION('',(-1.,1.224646799147E-16,0.));
#1197 = ORIENTED_EDGE('',*,*,#1198,.T.);
#1198 = EDGE_CURVE('',#1191,#1169,#1199,.T.);
#1199 = CIRCLE('',#1200,0.4);
#1200 = AXIS2_PLACEMENT_3D('',#1201,#1202,#1203);
#1201 = CARTESIAN_POINT('',(23.45,-0.2,4.4));
#1202 = DIRECTION('',(1.,-1.224646799147E-16,0.));
#1203 = DIRECTION('',(1.224646799147E-16,1.,0.));
#1204 = ORIENTED_EDGE('',*,*,#1176,.F.);
#1205 = ORIENTED_EDGE('',*,*,#108,.T.);
#1206 = CYLINDRICAL_SURFACE('',#1207,0.4);
#1207 = AXIS2_PLACEMENT_3D('',#1208,#1209,#1210);
#1208 = CARTESIAN_POINT('',(23.95,-0.2,4.4));
#1209 = DIRECTION('',(1.,-1.224646799147E-16,-0.));
#1210 = DIRECTION('',(1.224646799147E-16,1.,0.));
#1211 = ADVANCED_FACE('',(#1212),#1230,.T.);
#1212 = FACE_BOUND('',#1213,.T.);
#1213 = EDGE_LOOP('',(#1214,#1215,#1216,#1224));
#1214 = ORIENTED_EDGE('',*,*,#100,.F.);
#1215 = ORIENTED_EDGE('',*,*,#1190,.T.);
#1216 = ORIENTED_EDGE('',*,*,#1217,.T.);
#1217 = EDGE_CURVE('',#1191,#1218,#1220,.T.);
#1218 = VERTEX_POINT('',#1219);
#1219 = CARTESIAN_POINT('',(23.45,-0.6,6.));
#1220 = LINE('',#1221,#1222);
#1221 = CARTESIAN_POINT('',(23.45,-0.6,5.2));
#1222 = VECTOR('',#1223,1.);
#1223 = DIRECTION('',(0.,0.,1.));
#1224 = ORIENTED_EDGE('',*,*,#1225,.F.);
#1225 = EDGE_CURVE('',#93,#1218,#1226,.T.);
#1226 = LINE('',#1227,#1228);
#1227 = CARTESIAN_POINT('',(23.95,-0.6,6.));
#1228 = VECTOR('',#1229,1.);
#1229 = DIRECTION('',(-1.,1.224646799147E-16,0.));
#1230 = PLANE('',#1231);
#1231 = AXIS2_PLACEMENT_3D('',#1232,#1233,#1234);
#1232 = CARTESIAN_POINT('',(23.95,-0.6,4.4));
#1233 = DIRECTION('',(1.224646799147E-16,1.,0.));
#1234 = DIRECTION('',(0.,-0.,1.));
#1235 = ADVANCED_FACE('',(#1236),#1279,.T.);
#1236 = FACE_BOUND('',#1237,.T.);
#1237 = EDGE_LOOP('',(#1238,#1239,#1240,#1248,#1256,#1264,#1272,#1278));
#1238 = ORIENTED_EDGE('',*,*,#92,.T.);
#1239 = ORIENTED_EDGE('',*,*,#1225,.T.);
#1240 = ORIENTED_EDGE('',*,*,#1241,.F.);
#1241 = EDGE_CURVE('',#1242,#1218,#1244,.T.);
#1242 = VERTEX_POINT('',#1243);
#1243 = CARTESIAN_POINT('',(23.45,-2.3,6.));
#1244 = LINE('',#1245,#1246);
#1245 = CARTESIAN_POINT('',(23.45,-2.3,6.));
#1246 = VECTOR('',#1247,1.);
#1247 = DIRECTION('',(1.224646799147E-16,1.,0.));
#1248 = ORIENTED_EDGE('',*,*,#1249,.F.);
#1249 = EDGE_CURVE('',#1250,#1242,#1252,.T.);
#1250 = VERTEX_POINT('',#1251);
#1251 = CARTESIAN_POINT('',(-1.45,-2.3,6.));
#1252 = LINE('',#1253,#1254);
#1253 = CARTESIAN_POINT('',(-1.45,-2.3,6.));
#1254 = VECTOR('',#1255,1.);
#1255 = DIRECTION('',(1.,-1.224646799147E-16,0.));
#1256 = ORIENTED_EDGE('',*,*,#1257,.F.);
#1257 = EDGE_CURVE('',#1258,#1250,#1260,.T.);
#1258 = VERTEX_POINT('',#1259);
#1259 = CARTESIAN_POINT('',(-1.45,-0.6,6.));
#1260 = LINE('',#1261,#1262);
#1261 = CARTESIAN_POINT('',(-1.45,1.1,6.));
#1262 = VECTOR('',#1263,1.);
#1263 = DIRECTION('',(-1.224646799147E-16,-1.,0.));
#1264 = ORIENTED_EDGE('',*,*,#1265,.T.);
#1265 = EDGE_CURVE('',#1258,#1266,#1268,.T.);
#1266 = VERTEX_POINT('',#1267);
#1267 = CARTESIAN_POINT('',(-1.95,-0.6,6.));
#1268 = LINE('',#1269,#1270);
#1269 = CARTESIAN_POINT('',(23.95,-0.6,6.));
#1270 = VECTOR('',#1271,1.);
#1271 = DIRECTION('',(-1.,1.224646799147E-16,0.));
#1272 = ORIENTED_EDGE('',*,*,#1273,.T.);
#1273 = EDGE_CURVE('',#1266,#158,#1274,.T.);
#1274 = LINE('',#1275,#1276);
#1275 = CARTESIAN_POINT('',(-1.95,1.7,6.));
#1276 = VECTOR('',#1277,1.);
#1277 = DIRECTION('',(-1.224646799147E-16,-1.,0.));
#1278 = ORIENTED_EDGE('',*,*,#165,.T.);
#1279 = PLANE('',#1280);
#1280 = AXIS2_PLACEMENT_3D('',#1281,#1282,#1283);
#1281 = CARTESIAN_POINT('',(11.,-0.55,6.));
#1282 = DIRECTION('',(0.,0.,1.));
#1283 = DIRECTION('',(-1.,1.224646799147E-16,0.));
#1284 = ADVANCED_FACE('',(#1285),#1301,.F.);
#1285 = FACE_BOUND('',#1286,.F.);
#1286 = EDGE_LOOP('',(#1287,#1288,#1294,#1295));
#1287 = ORIENTED_EDGE('',*,*,#709,.T.);
#1288 = ORIENTED_EDGE('',*,*,#1289,.T.);
#1289 = EDGE_CURVE('',#702,#148,#1290,.T.);
#1290 = LINE('',#1291,#1292);
#1291 = CARTESIAN_POINT('',(-1.95,1.7,0.));
#1292 = VECTOR('',#1293,1.);
#1293 = DIRECTION('',(-1.224646799147E-16,-1.,0.));
#1294 = ORIENTED_EDGE('',*,*,#147,.T.);
#1295 = ORIENTED_EDGE('',*,*,#1296,.T.);
#1296 = EDGE_CURVE('',#150,#710,#1297,.T.);
#1297 = LINE('',#1298,#1299);
#1298 = CARTESIAN_POINT('',(-0.75,-2.8,0.));
#1299 = VECTOR('',#1300,1.);
#1300 = DIRECTION('',(1.224646799147E-16,1.,0.));
#1301 = PLANE('',#1302);
#1302 = AXIS2_PLACEMENT_3D('',#1303,#1304,#1305);
#1303 = CARTESIAN_POINT('',(11.,-0.55,0.));
#1304 = DIRECTION('',(0.,0.,1.));
#1305 = DIRECTION('',(-1.,1.224646799147E-16,0.));
#1306 = ADVANCED_FACE('',(#1307),#1334,.T.);
#1307 = FACE_BOUND('',#1308,.T.);
#1308 = EDGE_LOOP('',(#1309,#1310,#1318,#1326,#1332,#1333));
#1309 = ORIENTED_EDGE('',*,*,#717,.T.);
#1310 = ORIENTED_EDGE('',*,*,#1311,.T.);
#1311 = EDGE_CURVE('',#718,#1312,#1314,.T.);
#1312 = VERTEX_POINT('',#1313);
#1313 = CARTESIAN_POINT('',(-0.75,0.5,0.1));
#1314 = LINE('',#1315,#1316);
#1315 = CARTESIAN_POINT('',(-0.75,1.7,0.2));
#1316 = VECTOR('',#1317,1.);
#1317 = DIRECTION('',(-1.220416573038E-16,-0.996545758245,
    -8.304547985373E-02));
#1318 = ORIENTED_EDGE('',*,*,#1319,.T.);
#1319 = EDGE_CURVE('',#1312,#1320,#1322,.T.);
#1320 = VERTEX_POINT('',#1321);
#1321 = CARTESIAN_POINT('',(-0.75,-0.5,0.1));
#1322 = LINE('',#1323,#1324);
#1323 = CARTESIAN_POINT('',(-0.75,0.5,0.1));
#1324 = VECTOR('',#1325,1.);
#1325 = DIRECTION('',(-1.224646799147E-16,-1.,0.));
#1326 = ORIENTED_EDGE('',*,*,#1327,.T.);
#1327 = EDGE_CURVE('',#1320,#534,#1328,.T.);
#1328 = LINE('',#1329,#1330);
#1329 = CARTESIAN_POINT('',(-0.75,-0.5,0.1));
#1330 = VECTOR('',#1331,1.);
#1331 = DIRECTION('',(-1.223490926498E-16,-0.999056158355,
    4.343722427631E-02));
#1332 = ORIENTED_EDGE('',*,*,#541,.T.);
#1333 = ORIENTED_EDGE('',*,*,#1296,.T.);
#1334 = PLANE('',#1335);
#1335 = AXIS2_PLACEMENT_3D('',#1336,#1337,#1338);
#1336 = CARTESIAN_POINT('',(-0.75,-0.549524476701,7.07980355453E-02));
#1337 = DIRECTION('',(1.,-1.224646799147E-16,-0.));
#1338 = DIRECTION('',(-0.,0.,-1.));
#1339 = ADVANCED_FACE('',(#1340),#1358,.F.);
#1340 = FACE_BOUND('',#1341,.F.);
#1341 = EDGE_LOOP('',(#1342,#1350,#1351,#1352));
#1342 = ORIENTED_EDGE('',*,*,#1343,.T.);
#1343 = EDGE_CURVE('',#1344,#1320,#1346,.T.);
#1344 = VERTEX_POINT('',#1345);
#1345 = CARTESIAN_POINT('',(0.75,-0.5,0.1));
#1346 = LINE('',#1347,#1348);
#1347 = CARTESIAN_POINT('',(0.75,-0.5,0.1));
#1348 = VECTOR('',#1349,1.);
#1349 = DIRECTION('',(-1.,1.224646799147E-16,0.));
#1350 = ORIENTED_EDGE('',*,*,#1327,.T.);
#1351 = ORIENTED_EDGE('',*,*,#533,.F.);
#1352 = ORIENTED_EDGE('',*,*,#1353,.F.);
#1353 = EDGE_CURVE('',#1344,#526,#1354,.T.);
#1354 = LINE('',#1355,#1356);
#1355 = CARTESIAN_POINT('',(0.75,-0.5,0.1));
#1356 = VECTOR('',#1357,1.);
#1357 = DIRECTION('',(-1.223490926498E-16,-0.999056158355,
    4.343722427631E-02));
#1358 = PLANE('',#1359);
#1359 = AXIS2_PLACEMENT_3D('',#1360,#1361,#1362);
#1360 = CARTESIAN_POINT('',(0.75,-0.5,0.1));
#1361 = DIRECTION('',(5.319525767383E-18,4.343722427631E-02,
    0.999056158355));
#1362 = DIRECTION('',(-1.223490926498E-16,-0.999056158355,
    4.343722427631E-02));
#1363 = ADVANCED_FACE('',(#1364),#1389,.F.);
#1364 = FACE_BOUND('',#1365,.F.);
#1365 = EDGE_LOOP('',(#1366,#1367,#1375,#1381,#1382,#1383));
#1366 = ORIENTED_EDGE('',*,*,#733,.T.);
#1367 = ORIENTED_EDGE('',*,*,#1368,.T.);
#1368 = EDGE_CURVE('',#726,#1369,#1371,.T.);
#1369 = VERTEX_POINT('',#1370);
#1370 = CARTESIAN_POINT('',(0.75,0.5,0.1));
#1371 = LINE('',#1372,#1373);
#1372 = CARTESIAN_POINT('',(0.75,1.7,0.2));
#1373 = VECTOR('',#1374,1.);
#1374 = DIRECTION('',(-1.220416573038E-16,-0.996545758245,
    -8.304547985373E-02));
#1375 = ORIENTED_EDGE('',*,*,#1376,.T.);
#1376 = EDGE_CURVE('',#1369,#1344,#1377,.T.);
#1377 = LINE('',#1378,#1379);
#1378 = CARTESIAN_POINT('',(0.75,0.5,0.1));
#1379 = VECTOR('',#1380,1.);
#1380 = DIRECTION('',(-1.224646799147E-16,-1.,0.));
#1381 = ORIENTED_EDGE('',*,*,#1353,.T.);
#1382 = ORIENTED_EDGE('',*,*,#525,.T.);
#1383 = ORIENTED_EDGE('',*,*,#1384,.T.);
#1384 = EDGE_CURVE('',#518,#734,#1385,.T.);
#1385 = LINE('',#1386,#1387);
#1386 = CARTESIAN_POINT('',(0.75,-2.8,0.));
#1387 = VECTOR('',#1388,1.);
#1388 = DIRECTION('',(1.224646799147E-16,1.,0.));
#1389 = PLANE('',#1390);
#1390 = AXIS2_PLACEMENT_3D('',#1391,#1392,#1393);
#1391 = CARTESIAN_POINT('',(0.75,-0.549524476701,7.07980355453E-02));
#1392 = DIRECTION('',(1.,-1.224646799147E-16,-0.));
#1393 = DIRECTION('',(-0.,0.,-1.));
#1394 = ADVANCED_FACE('',(#1395),#1406,.F.);
#1395 = FACE_BOUND('',#1396,.F.);
#1396 = EDGE_LOOP('',(#1397,#1398,#1399,#1400));
#1397 = ORIENTED_EDGE('',*,*,#741,.T.);
#1398 = ORIENTED_EDGE('',*,*,#1384,.F.);
#1399 = ORIENTED_EDGE('',*,*,#517,.T.);
#1400 = ORIENTED_EDGE('',*,*,#1401,.T.);
#1401 = EDGE_CURVE('',#510,#742,#1402,.T.);
#1402 = LINE('',#1403,#1404);
#1403 = CARTESIAN_POINT('',(1.25,-2.8,0.));
#1404 = VECTOR('',#1405,1.);
#1405 = DIRECTION('',(1.224646799147E-16,1.,0.));
#1406 = PLANE('',#1407);
#1407 = AXIS2_PLACEMENT_3D('',#1408,#1409,#1410);
#1408 = CARTESIAN_POINT('',(11.,-0.55,0.));
#1409 = DIRECTION('',(0.,0.,1.));
#1410 = DIRECTION('',(-1.,1.224646799147E-16,0.));
#1411 = ADVANCED_FACE('',(#1412),#1439,.T.);
#1412 = FACE_BOUND('',#1413,.T.);
#1413 = EDGE_LOOP('',(#1414,#1415,#1423,#1431,#1437,#1438));
#1414 = ORIENTED_EDGE('',*,*,#749,.T.);
#1415 = ORIENTED_EDGE('',*,*,#1416,.T.);
#1416 = EDGE_CURVE('',#750,#1417,#1419,.T.);
#1417 = VERTEX_POINT('',#1418);
#1418 = CARTESIAN_POINT('',(1.25,0.5,0.1));
#1419 = LINE('',#1420,#1421);
#1420 = CARTESIAN_POINT('',(1.25,1.7,0.2));
#1421 = VECTOR('',#1422,1.);
#1422 = DIRECTION('',(-1.220416573038E-16,-0.996545758245,
    -8.304547985373E-02));
#1423 = ORIENTED_EDGE('',*,*,#1424,.T.);
#1424 = EDGE_CURVE('',#1417,#1425,#1427,.T.);
#1425 = VERTEX_POINT('',#1426);
#1426 = CARTESIAN_POINT('',(1.25,-0.5,0.1));
#1427 = LINE('',#1428,#1429);
#1428 = CARTESIAN_POINT('',(1.25,0.5,0.1));
#1429 = VECTOR('',#1430,1.);
#1430 = DIRECTION('',(-1.224646799147E-16,-1.,0.));
#1431 = ORIENTED_EDGE('',*,*,#1432,.T.);
#1432 = EDGE_CURVE('',#1425,#502,#1433,.T.);
#1433 = LINE('',#1434,#1435);
#1434 = CARTESIAN_POINT('',(1.25,-0.5,0.1));
#1435 = VECTOR('',#1436,1.);
#1436 = DIRECTION('',(-1.223490926498E-16,-0.999056158355,
    4.343722427631E-02));
#1437 = ORIENTED_EDGE('',*,*,#509,.T.);
#1438 = ORIENTED_EDGE('',*,*,#1401,.T.);
#1439 = PLANE('',#1440);
#1440 = AXIS2_PLACEMENT_3D('',#1441,#1442,#1443);
#1441 = CARTESIAN_POINT('',(1.25,-0.549524476701,7.07980355453E-02));
#1442 = DIRECTION('',(1.,-1.224646799147E-16,-0.));
#1443 = DIRECTION('',(-0.,0.,-1.));
#1444 = ADVANCED_FACE('',(#1445),#1463,.F.);
#1445 = FACE_BOUND('',#1446,.F.);
#1446 = EDGE_LOOP('',(#1447,#1455,#1456,#1457));
#1447 = ORIENTED_EDGE('',*,*,#1448,.T.);
#1448 = EDGE_CURVE('',#1449,#1425,#1451,.T.);
#1449 = VERTEX_POINT('',#1450);
#1450 = CARTESIAN_POINT('',(2.75,-0.5,0.1));
#1451 = LINE('',#1452,#1453);
#1452 = CARTESIAN_POINT('',(2.75,-0.5,0.1));
#1453 = VECTOR('',#1454,1.);
#1454 = DIRECTION('',(-1.,1.224646799147E-16,0.));
#1455 = ORIENTED_EDGE('',*,*,#1432,.T.);
#1456 = ORIENTED_EDGE('',*,*,#501,.F.);
#1457 = ORIENTED_EDGE('',*,*,#1458,.F.);
#1458 = EDGE_CURVE('',#1449,#494,#1459,.T.);
#1459 = LINE('',#1460,#1461);
#1460 = CARTESIAN_POINT('',(2.75,-0.5,0.1));
#1461 = VECTOR('',#1462,1.);
#1462 = DIRECTION('',(-1.223490926498E-16,-0.999056158355,
    4.343722427631E-02));
#1463 = PLANE('',#1464);
#1464 = AXIS2_PLACEMENT_3D('',#1465,#1466,#1467);
#1465 = CARTESIAN_POINT('',(2.75,-0.5,0.1));
#1466 = DIRECTION('',(5.319525767383E-18,4.343722427631E-02,
    0.999056158355));
#1467 = DIRECTION('',(-1.223490926498E-16,-0.999056158355,
    4.343722427631E-02));
#1468 = ADVANCED_FACE('',(#1469),#1494,.F.);
#1469 = FACE_BOUND('',#1470,.F.);
#1470 = EDGE_LOOP('',(#1471,#1472,#1480,#1486,#1487,#1488));
#1471 = ORIENTED_EDGE('',*,*,#765,.T.);
#1472 = ORIENTED_EDGE('',*,*,#1473,.T.);
#1473 = EDGE_CURVE('',#758,#1474,#1476,.T.);
#1474 = VERTEX_POINT('',#1475);
#1475 = CARTESIAN_POINT('',(2.75,0.5,0.1));
#1476 = LINE('',#1477,#1478);
#1477 = CARTESIAN_POINT('',(2.75,1.7,0.2));
#1478 = VECTOR('',#1479,1.);
#1479 = DIRECTION('',(-1.220416573038E-16,-0.996545758245,
    -8.304547985373E-02));
#1480 = ORIENTED_EDGE('',*,*,#1481,.T.);
#1481 = EDGE_CURVE('',#1474,#1449,#1482,.T.);
#1482 = LINE('',#1483,#1484);
#1483 = CARTESIAN_POINT('',(2.75,0.5,0.1));
#1484 = VECTOR('',#1485,1.);
#1485 = DIRECTION('',(-1.224646799147E-16,-1.,0.));
#1486 = ORIENTED_EDGE('',*,*,#1458,.T.);
#1487 = ORIENTED_EDGE('',*,*,#493,.T.);
#1488 = ORIENTED_EDGE('',*,*,#1489,.T.);
#1489 = EDGE_CURVE('',#486,#766,#1490,.T.);
#1490 = LINE('',#1491,#1492);
#1491 = CARTESIAN_POINT('',(2.75,-2.8,0.));
#1492 = VECTOR('',#1493,1.);
#1493 = DIRECTION('',(1.224646799147E-16,1.,0.));
#1494 = PLANE('',#1495);
#1495 = AXIS2_PLACEMENT_3D('',#1496,#1497,#1498);
#1496 = CARTESIAN_POINT('',(2.75,-0.549524476701,7.07980355453E-02));
#1497 = DIRECTION('',(1.,-1.224646799147E-16,-0.));
#1498 = DIRECTION('',(-0.,0.,-1.));
#1499 = ADVANCED_FACE('',(#1500),#1511,.F.);
#1500 = FACE_BOUND('',#1501,.F.);
#1501 = EDGE_LOOP('',(#1502,#1503,#1504,#1510));
#1502 = ORIENTED_EDGE('',*,*,#1489,.F.);
#1503 = ORIENTED_EDGE('',*,*,#485,.T.);
#1504 = ORIENTED_EDGE('',*,*,#1505,.T.);
#1505 = EDGE_CURVE('',#478,#774,#1506,.T.);
#1506 = LINE('',#1507,#1508);
#1507 = CARTESIAN_POINT('',(3.25,-2.8,0.));
#1508 = VECTOR('',#1509,1.);
#1509 = DIRECTION('',(1.224646799147E-16,1.,0.));
#1510 = ORIENTED_EDGE('',*,*,#773,.T.);
#1511 = PLANE('',#1512);
#1512 = AXIS2_PLACEMENT_3D('',#1513,#1514,#1515);
#1513 = CARTESIAN_POINT('',(11.,-0.55,0.));
#1514 = DIRECTION('',(0.,0.,1.));
#1515 = DIRECTION('',(-1.,1.224646799147E-16,0.));
#1516 = ADVANCED_FACE('',(#1517),#1544,.T.);
#1517 = FACE_BOUND('',#1518,.T.);
#1518 = EDGE_LOOP('',(#1519,#1520,#1528,#1536,#1542,#1543));
#1519 = ORIENTED_EDGE('',*,*,#781,.T.);
#1520 = ORIENTED_EDGE('',*,*,#1521,.T.);
#1521 = EDGE_CURVE('',#782,#1522,#1524,.T.);
#1522 = VERTEX_POINT('',#1523);
#1523 = CARTESIAN_POINT('',(3.25,0.5,0.1));
#1524 = LINE('',#1525,#1526);
#1525 = CARTESIAN_POINT('',(3.25,1.7,0.2));
#1526 = VECTOR('',#1527,1.);
#1527 = DIRECTION('',(-1.220416573038E-16,-0.996545758245,
    -8.304547985373E-02));
#1528 = ORIENTED_EDGE('',*,*,#1529,.T.);
#1529 = EDGE_CURVE('',#1522,#1530,#1532,.T.);
#1530 = VERTEX_POINT('',#1531);
#1531 = CARTESIAN_POINT('',(3.25,-0.5,0.1));
#1532 = LINE('',#1533,#1534);
#1533 = CARTESIAN_POINT('',(3.25,0.5,0.1));
#1534 = VECTOR('',#1535,1.);
#1535 = DIRECTION('',(-1.224646799147E-16,-1.,0.));
#1536 = ORIENTED_EDGE('',*,*,#1537,.T.);
#1537 = EDGE_CURVE('',#1530,#470,#1538,.T.);
#1538 = LINE('',#1539,#1540);
#1539 = CARTESIAN_POINT('',(3.25,-0.5,0.1));
#1540 = VECTOR('',#1541,1.);
#1541 = DIRECTION('',(-1.223490926498E-16,-0.999056158355,
    4.343722427631E-02));
#1542 = ORIENTED_EDGE('',*,*,#477,.T.);
#1543 = ORIENTED_EDGE('',*,*,#1505,.T.);
#1544 = PLANE('',#1545);
#1545 = AXIS2_PLACEMENT_3D('',#1546,#1547,#1548);
#1546 = CARTESIAN_POINT('',(3.25,-0.549524476701,7.07980355453E-02));
#1547 = DIRECTION('',(1.,-1.224646799147E-16,-0.));
#1548 = DIRECTION('',(-0.,0.,-1.));
#1549 = ADVANCED_FACE('',(#1550),#1568,.F.);
#1550 = FACE_BOUND('',#1551,.F.);
#1551 = EDGE_LOOP('',(#1552,#1560,#1561,#1562));
#1552 = ORIENTED_EDGE('',*,*,#1553,.T.);
#1553 = EDGE_CURVE('',#1554,#1530,#1556,.T.);
#1554 = VERTEX_POINT('',#1555);
#1555 = CARTESIAN_POINT('',(4.75,-0.5,0.1));
#1556 = LINE('',#1557,#1558);
#1557 = CARTESIAN_POINT('',(4.75,-0.5,0.1));
#1558 = VECTOR('',#1559,1.);
#1559 = DIRECTION('',(-1.,1.224646799147E-16,0.));
#1560 = ORIENTED_EDGE('',*,*,#1537,.T.);
#1561 = ORIENTED_EDGE('',*,*,#469,.F.);
#1562 = ORIENTED_EDGE('',*,*,#1563,.F.);
#1563 = EDGE_CURVE('',#1554,#462,#1564,.T.);
#1564 = LINE('',#1565,#1566);
#1565 = CARTESIAN_POINT('',(4.75,-0.5,0.1));
#1566 = VECTOR('',#1567,1.);
#1567 = DIRECTION('',(-1.223490926498E-16,-0.999056158355,
    4.343722427631E-02));
#1568 = PLANE('',#1569);
#1569 = AXIS2_PLACEMENT_3D('',#1570,#1571,#1572);
#1570 = CARTESIAN_POINT('',(4.75,-0.5,0.1));
#1571 = DIRECTION('',(5.319525767383E-18,4.343722427631E-02,
    0.999056158355));
#1572 = DIRECTION('',(-1.223490926498E-16,-0.999056158355,
    4.343722427631E-02));
#1573 = ADVANCED_FACE('',(#1574),#1599,.F.);
#1574 = FACE_BOUND('',#1575,.F.);
#1575 = EDGE_LOOP('',(#1576,#1577,#1585,#1591,#1592,#1593));
#1576 = ORIENTED_EDGE('',*,*,#797,.T.);
#1577 = ORIENTED_EDGE('',*,*,#1578,.T.);
#1578 = EDGE_CURVE('',#790,#1579,#1581,.T.);
#1579 = VERTEX_POINT('',#1580);
#1580 = CARTESIAN_POINT('',(4.75,0.5,0.1));
#1581 = LINE('',#1582,#1583);
#1582 = CARTESIAN_POINT('',(4.75,1.7,0.2));
#1583 = VECTOR('',#1584,1.);
#1584 = DIRECTION('',(-1.220416573038E-16,-0.996545758245,
    -8.304547985373E-02));
#1585 = ORIENTED_EDGE('',*,*,#1586,.T.);
#1586 = EDGE_CURVE('',#1579,#1554,#1587,.T.);
#1587 = LINE('',#1588,#1589);
#1588 = CARTESIAN_POINT('',(4.75,0.5,0.1));
#1589 = VECTOR('',#1590,1.);
#1590 = DIRECTION('',(-1.224646799147E-16,-1.,0.));
#1591 = ORIENTED_EDGE('',*,*,#1563,.T.);
#1592 = ORIENTED_EDGE('',*,*,#461,.T.);
#1593 = ORIENTED_EDGE('',*,*,#1594,.T.);
#1594 = EDGE_CURVE('',#454,#798,#1595,.T.);
#1595 = LINE('',#1596,#1597);
#1596 = CARTESIAN_POINT('',(4.75,-2.8,0.));
#1597 = VECTOR('',#1598,1.);
#1598 = DIRECTION('',(1.224646799147E-16,1.,0.));
#1599 = PLANE('',#1600);
#1600 = AXIS2_PLACEMENT_3D('',#1601,#1602,#1603);
#1601 = CARTESIAN_POINT('',(4.75,-0.549524476701,7.07980355453E-02));
#1602 = DIRECTION('',(1.,-1.224646799147E-16,-0.));
#1603 = DIRECTION('',(-0.,0.,-1.));
#1604 = ADVANCED_FACE('',(#1605),#1616,.F.);
#1605 = FACE_BOUND('',#1606,.F.);
#1606 = EDGE_LOOP('',(#1607,#1608,#1614,#1615));
#1607 = ORIENTED_EDGE('',*,*,#453,.T.);
#1608 = ORIENTED_EDGE('',*,*,#1609,.T.);
#1609 = EDGE_CURVE('',#446,#806,#1610,.T.);
#1610 = LINE('',#1611,#1612);
#1611 = CARTESIAN_POINT('',(5.25,-2.8,0.));
#1612 = VECTOR('',#1613,1.);
#1613 = DIRECTION('',(1.224646799147E-16,1.,0.));
#1614 = ORIENTED_EDGE('',*,*,#805,.T.);
#1615 = ORIENTED_EDGE('',*,*,#1594,.F.);
#1616 = PLANE('',#1617);
#1617 = AXIS2_PLACEMENT_3D('',#1618,#1619,#1620);
#1618 = CARTESIAN_POINT('',(11.,-0.55,0.));
#1619 = DIRECTION('',(0.,0.,1.));
#1620 = DIRECTION('',(-1.,1.224646799147E-16,0.));
#1621 = ADVANCED_FACE('',(#1622),#1649,.T.);
#1622 = FACE_BOUND('',#1623,.T.);
#1623 = EDGE_LOOP('',(#1624,#1625,#1633,#1641,#1647,#1648));
#1624 = ORIENTED_EDGE('',*,*,#813,.T.);
#1625 = ORIENTED_EDGE('',*,*,#1626,.T.);
#1626 = EDGE_CURVE('',#814,#1627,#1629,.T.);
#1627 = VERTEX_POINT('',#1628);
#1628 = CARTESIAN_POINT('',(5.25,0.5,0.1));
#1629 = LINE('',#1630,#1631);
#1630 = CARTESIAN_POINT('',(5.25,1.7,0.2));
#1631 = VECTOR('',#1632,1.);
#1632 = DIRECTION('',(-1.220416573038E-16,-0.996545758245,
    -8.304547985373E-02));
#1633 = ORIENTED_EDGE('',*,*,#1634,.T.);
#1634 = EDGE_CURVE('',#1627,#1635,#1637,.T.);
#1635 = VERTEX_POINT('',#1636);
#1636 = CARTESIAN_POINT('',(5.25,-0.5,0.1));
#1637 = LINE('',#1638,#1639);
#1638 = CARTESIAN_POINT('',(5.25,0.5,0.1));
#1639 = VECTOR('',#1640,1.);
#1640 = DIRECTION('',(-1.224646799147E-16,-1.,0.));
#1641 = ORIENTED_EDGE('',*,*,#1642,.T.);
#1642 = EDGE_CURVE('',#1635,#438,#1643,.T.);
#1643 = LINE('',#1644,#1645);
#1644 = CARTESIAN_POINT('',(5.25,-0.5,0.1));
#1645 = VECTOR('',#1646,1.);
#1646 = DIRECTION('',(-1.223490926498E-16,-0.999056158355,
    4.343722427631E-02));
#1647 = ORIENTED_EDGE('',*,*,#445,.T.);
#1648 = ORIENTED_EDGE('',*,*,#1609,.T.);
#1649 = PLANE('',#1650);
#1650 = AXIS2_PLACEMENT_3D('',#1651,#1652,#1653);
#1651 = CARTESIAN_POINT('',(5.25,-0.549524476701,7.07980355453E-02));
#1652 = DIRECTION('',(1.,-1.224646799147E-16,-0.));
#1653 = DIRECTION('',(-0.,0.,-1.));
#1654 = ADVANCED_FACE('',(#1655),#1673,.F.);
#1655 = FACE_BOUND('',#1656,.F.);
#1656 = EDGE_LOOP('',(#1657,#1665,#1666,#1667));
#1657 = ORIENTED_EDGE('',*,*,#1658,.T.);
#1658 = EDGE_CURVE('',#1659,#1635,#1661,.T.);
#1659 = VERTEX_POINT('',#1660);
#1660 = CARTESIAN_POINT('',(6.75,-0.5,0.1));
#1661 = LINE('',#1662,#1663);
#1662 = CARTESIAN_POINT('',(6.75,-0.5,0.1));
#1663 = VECTOR('',#1664,1.);
#1664 = DIRECTION('',(-1.,1.224646799147E-16,0.));
#1665 = ORIENTED_EDGE('',*,*,#1642,.T.);
#1666 = ORIENTED_EDGE('',*,*,#437,.F.);
#1667 = ORIENTED_EDGE('',*,*,#1668,.F.);
#1668 = EDGE_CURVE('',#1659,#430,#1669,.T.);
#1669 = LINE('',#1670,#1671);
#1670 = CARTESIAN_POINT('',(6.75,-0.5,0.1));
#1671 = VECTOR('',#1672,1.);
#1672 = DIRECTION('',(-1.223490926498E-16,-0.999056158355,
    4.343722427631E-02));
#1673 = PLANE('',#1674);
#1674 = AXIS2_PLACEMENT_3D('',#1675,#1676,#1677);
#1675 = CARTESIAN_POINT('',(6.75,-0.5,0.1));
#1676 = DIRECTION('',(5.319525767383E-18,4.343722427631E-02,
    0.999056158355));
#1677 = DIRECTION('',(-1.223490926498E-16,-0.999056158355,
    4.343722427631E-02));
#1678 = ADVANCED_FACE('',(#1679),#1704,.F.);
#1679 = FACE_BOUND('',#1680,.F.);
#1680 = EDGE_LOOP('',(#1681,#1682,#1690,#1696,#1697,#1698));
#1681 = ORIENTED_EDGE('',*,*,#829,.T.);
#1682 = ORIENTED_EDGE('',*,*,#1683,.T.);
#1683 = EDGE_CURVE('',#822,#1684,#1686,.T.);
#1684 = VERTEX_POINT('',#1685);
#1685 = CARTESIAN_POINT('',(6.75,0.5,0.1));
#1686 = LINE('',#1687,#1688);
#1687 = CARTESIAN_POINT('',(6.75,1.7,0.2));
#1688 = VECTOR('',#1689,1.);
#1689 = DIRECTION('',(-1.220416573038E-16,-0.996545758245,
    -8.304547985373E-02));
#1690 = ORIENTED_EDGE('',*,*,#1691,.T.);
#1691 = EDGE_CURVE('',#1684,#1659,#1692,.T.);
#1692 = LINE('',#1693,#1694);
#1693 = CARTESIAN_POINT('',(6.75,0.5,0.1));
#1694 = VECTOR('',#1695,1.);
#1695 = DIRECTION('',(-1.224646799147E-16,-1.,0.));
#1696 = ORIENTED_EDGE('',*,*,#1668,.T.);
#1697 = ORIENTED_EDGE('',*,*,#429,.T.);
#1698 = ORIENTED_EDGE('',*,*,#1699,.T.);
#1699 = EDGE_CURVE('',#422,#830,#1700,.T.);
#1700 = LINE('',#1701,#1702);
#1701 = CARTESIAN_POINT('',(6.75,-2.8,0.));
#1702 = VECTOR('',#1703,1.);
#1703 = DIRECTION('',(1.224646799147E-16,1.,0.));
#1704 = PLANE('',#1705);
#1705 = AXIS2_PLACEMENT_3D('',#1706,#1707,#1708);
#1706 = CARTESIAN_POINT('',(6.75,-0.549524476701,7.07980355453E-02));
#1707 = DIRECTION('',(1.,-1.224646799147E-16,-0.));
#1708 = DIRECTION('',(-0.,0.,-1.));
#1709 = ADVANCED_FACE('',(#1710),#1721,.F.);
#1710 = FACE_BOUND('',#1711,.F.);
#1711 = EDGE_LOOP('',(#1712,#1718,#1719,#1720));
#1712 = ORIENTED_EDGE('',*,*,#1713,.T.);
#1713 = EDGE_CURVE('',#414,#838,#1714,.T.);
#1714 = LINE('',#1715,#1716);
#1715 = CARTESIAN_POINT('',(7.25,-2.8,0.));
#1716 = VECTOR('',#1717,1.);
#1717 = DIRECTION('',(1.224646799147E-16,1.,0.));
#1718 = ORIENTED_EDGE('',*,*,#837,.T.);
#1719 = ORIENTED_EDGE('',*,*,#1699,.F.);
#1720 = ORIENTED_EDGE('',*,*,#421,.T.);
#1721 = PLANE('',#1722);
#1722 = AXIS2_PLACEMENT_3D('',#1723,#1724,#1725);
#1723 = CARTESIAN_POINT('',(11.,-0.55,0.));
#1724 = DIRECTION('',(0.,0.,1.));
#1725 = DIRECTION('',(-1.,1.224646799147E-16,0.));
#1726 = ADVANCED_FACE('',(#1727),#1754,.T.);
#1727 = FACE_BOUND('',#1728,.T.);
#1728 = EDGE_LOOP('',(#1729,#1730,#1738,#1746,#1752,#1753));
#1729 = ORIENTED_EDGE('',*,*,#845,.T.);
#1730 = ORIENTED_EDGE('',*,*,#1731,.T.);
#1731 = EDGE_CURVE('',#846,#1732,#1734,.T.);
#1732 = VERTEX_POINT('',#1733);
#1733 = CARTESIAN_POINT('',(7.25,0.5,0.1));
#1734 = LINE('',#1735,#1736);
#1735 = CARTESIAN_POINT('',(7.25,1.7,0.2));
#1736 = VECTOR('',#1737,1.);
#1737 = DIRECTION('',(-1.220416573038E-16,-0.996545758245,
    -8.304547985373E-02));
#1738 = ORIENTED_EDGE('',*,*,#1739,.T.);
#1739 = EDGE_CURVE('',#1732,#1740,#1742,.T.);
#1740 = VERTEX_POINT('',#1741);
#1741 = CARTESIAN_POINT('',(7.25,-0.5,0.1));
#1742 = LINE('',#1743,#1744);
#1743 = CARTESIAN_POINT('',(7.25,0.5,0.1));
#1744 = VECTOR('',#1745,1.);
#1745 = DIRECTION('',(-1.224646799147E-16,-1.,0.));
#1746 = ORIENTED_EDGE('',*,*,#1747,.T.);
#1747 = EDGE_CURVE('',#1740,#406,#1748,.T.);
#1748 = LINE('',#1749,#1750);
#1749 = CARTESIAN_POINT('',(7.25,-0.5,0.1));
#1750 = VECTOR('',#1751,1.);
#1751 = DIRECTION('',(-1.223490926498E-16,-0.999056158355,
    4.343722427631E-02));
#1752 = ORIENTED_EDGE('',*,*,#413,.T.);
#1753 = ORIENTED_EDGE('',*,*,#1713,.T.);
#1754 = PLANE('',#1755);
#1755 = AXIS2_PLACEMENT_3D('',#1756,#1757,#1758);
#1756 = CARTESIAN_POINT('',(7.25,-0.549524476701,7.07980355453E-02));
#1757 = DIRECTION('',(1.,-1.224646799147E-16,-0.));
#1758 = DIRECTION('',(-0.,0.,-1.));
#1759 = ADVANCED_FACE('',(#1760),#1778,.F.);
#1760 = FACE_BOUND('',#1761,.F.);
#1761 = EDGE_LOOP('',(#1762,#1770,#1771,#1772));
#1762 = ORIENTED_EDGE('',*,*,#1763,.T.);
#1763 = EDGE_CURVE('',#1764,#1740,#1766,.T.);
#1764 = VERTEX_POINT('',#1765);
#1765 = CARTESIAN_POINT('',(8.75,-0.5,0.1));
#1766 = LINE('',#1767,#1768);
#1767 = CARTESIAN_POINT('',(8.75,-0.5,0.1));
#1768 = VECTOR('',#1769,1.);
#1769 = DIRECTION('',(-1.,1.224646799147E-16,0.));
#1770 = ORIENTED_EDGE('',*,*,#1747,.T.);
#1771 = ORIENTED_EDGE('',*,*,#405,.F.);
#1772 = ORIENTED_EDGE('',*,*,#1773,.F.);
#1773 = EDGE_CURVE('',#1764,#398,#1774,.T.);
#1774 = LINE('',#1775,#1776);
#1775 = CARTESIAN_POINT('',(8.75,-0.5,0.1));
#1776 = VECTOR('',#1777,1.);
#1777 = DIRECTION('',(-1.223490926498E-16,-0.999056158355,
    4.343722427631E-02));
#1778 = PLANE('',#1779);
#1779 = AXIS2_PLACEMENT_3D('',#1780,#1781,#1782);
#1780 = CARTESIAN_POINT('',(8.75,-0.5,0.1));
#1781 = DIRECTION('',(5.319525767383E-18,4.343722427631E-02,
    0.999056158355));
#1782 = DIRECTION('',(-1.223490926498E-16,-0.999056158355,
    4.343722427631E-02));
#1783 = ADVANCED_FACE('',(#1784),#1809,.F.);
#1784 = FACE_BOUND('',#1785,.F.);
#1785 = EDGE_LOOP('',(#1786,#1787,#1795,#1801,#1802,#1803));
#1786 = ORIENTED_EDGE('',*,*,#861,.T.);
#1787 = ORIENTED_EDGE('',*,*,#1788,.T.);
#1788 = EDGE_CURVE('',#854,#1789,#1791,.T.);
#1789 = VERTEX_POINT('',#1790);
#1790 = CARTESIAN_POINT('',(8.75,0.5,0.1));
#1791 = LINE('',#1792,#1793);
#1792 = CARTESIAN_POINT('',(8.75,1.7,0.2));
#1793 = VECTOR('',#1794,1.);
#1794 = DIRECTION('',(-1.220416573038E-16,-0.996545758245,
    -8.304547985373E-02));
#1795 = ORIENTED_EDGE('',*,*,#1796,.T.);
#1796 = EDGE_CURVE('',#1789,#1764,#1797,.T.);
#1797 = LINE('',#1798,#1799);
#1798 = CARTESIAN_POINT('',(8.75,0.5,0.1));
#1799 = VECTOR('',#1800,1.);
#1800 = DIRECTION('',(-1.224646799147E-16,-1.,0.));
#1801 = ORIENTED_EDGE('',*,*,#1773,.T.);
#1802 = ORIENTED_EDGE('',*,*,#397,.T.);
#1803 = ORIENTED_EDGE('',*,*,#1804,.T.);
#1804 = EDGE_CURVE('',#390,#862,#1805,.T.);
#1805 = LINE('',#1806,#1807);
#1806 = CARTESIAN_POINT('',(8.75,-2.8,0.));
#1807 = VECTOR('',#1808,1.);
#1808 = DIRECTION('',(1.224646799147E-16,1.,0.));
#1809 = PLANE('',#1810);
#1810 = AXIS2_PLACEMENT_3D('',#1811,#1812,#1813);
#1811 = CARTESIAN_POINT('',(8.75,-0.549524476701,7.07980355453E-02));
#1812 = DIRECTION('',(1.,-1.224646799147E-16,-0.));
#1813 = DIRECTION('',(-0.,0.,-1.));
#1814 = ADVANCED_FACE('',(#1815),#1826,.F.);
#1815 = FACE_BOUND('',#1816,.F.);
#1816 = EDGE_LOOP('',(#1817,#1818,#1819,#1820));
#1817 = ORIENTED_EDGE('',*,*,#869,.T.);
#1818 = ORIENTED_EDGE('',*,*,#1804,.F.);
#1819 = ORIENTED_EDGE('',*,*,#389,.T.);
#1820 = ORIENTED_EDGE('',*,*,#1821,.T.);
#1821 = EDGE_CURVE('',#382,#870,#1822,.T.);
#1822 = LINE('',#1823,#1824);
#1823 = CARTESIAN_POINT('',(9.25,-2.8,0.));
#1824 = VECTOR('',#1825,1.);
#1825 = DIRECTION('',(1.224646799147E-16,1.,0.));
#1826 = PLANE('',#1827);
#1827 = AXIS2_PLACEMENT_3D('',#1828,#1829,#1830);
#1828 = CARTESIAN_POINT('',(11.,-0.55,0.));
#1829 = DIRECTION('',(0.,0.,1.));
#1830 = DIRECTION('',(-1.,1.224646799147E-16,0.));
#1831 = ADVANCED_FACE('',(#1832),#1859,.T.);
#1832 = FACE_BOUND('',#1833,.T.);
#1833 = EDGE_LOOP('',(#1834,#1835,#1843,#1851,#1857,#1858));
#1834 = ORIENTED_EDGE('',*,*,#877,.T.);
#1835 = ORIENTED_EDGE('',*,*,#1836,.T.);
#1836 = EDGE_CURVE('',#878,#1837,#1839,.T.);
#1837 = VERTEX_POINT('',#1838);
#1838 = CARTESIAN_POINT('',(9.25,0.5,0.1));
#1839 = LINE('',#1840,#1841);
#1840 = CARTESIAN_POINT('',(9.25,1.7,0.2));
#1841 = VECTOR('',#1842,1.);
#1842 = DIRECTION('',(-1.220416573038E-16,-0.996545758245,
    -8.304547985373E-02));
#1843 = ORIENTED_EDGE('',*,*,#1844,.T.);
#1844 = EDGE_CURVE('',#1837,#1845,#1847,.T.);
#1845 = VERTEX_POINT('',#1846);
#1846 = CARTESIAN_POINT('',(9.25,-0.5,0.1));
#1847 = LINE('',#1848,#1849);
#1848 = CARTESIAN_POINT('',(9.25,0.5,0.1));
#1849 = VECTOR('',#1850,1.);
#1850 = DIRECTION('',(-1.224646799147E-16,-1.,0.));
#1851 = ORIENTED_EDGE('',*,*,#1852,.T.);
#1852 = EDGE_CURVE('',#1845,#374,#1853,.T.);
#1853 = LINE('',#1854,#1855);
#1854 = CARTESIAN_POINT('',(9.25,-0.5,0.1));
#1855 = VECTOR('',#1856,1.);
#1856 = DIRECTION('',(-1.223490926498E-16,-0.999056158355,
    4.343722427631E-02));
#1857 = ORIENTED_EDGE('',*,*,#381,.T.);
#1858 = ORIENTED_EDGE('',*,*,#1821,.T.);
#1859 = PLANE('',#1860);
#1860 = AXIS2_PLACEMENT_3D('',#1861,#1862,#1863);
#1861 = CARTESIAN_POINT('',(9.25,-0.549524476701,7.07980355453E-02));
#1862 = DIRECTION('',(1.,-1.224646799147E-16,-0.));
#1863 = DIRECTION('',(-0.,0.,-1.));
#1864 = ADVANCED_FACE('',(#1865),#1883,.F.);
#1865 = FACE_BOUND('',#1866,.F.);
#1866 = EDGE_LOOP('',(#1867,#1875,#1876,#1877));
#1867 = ORIENTED_EDGE('',*,*,#1868,.T.);
#1868 = EDGE_CURVE('',#1869,#1845,#1871,.T.);
#1869 = VERTEX_POINT('',#1870);
#1870 = CARTESIAN_POINT('',(10.75,-0.5,0.1));
#1871 = LINE('',#1872,#1873);
#1872 = CARTESIAN_POINT('',(10.75,-0.5,0.1));
#1873 = VECTOR('',#1874,1.);
#1874 = DIRECTION('',(-1.,1.224646799147E-16,0.));
#1875 = ORIENTED_EDGE('',*,*,#1852,.T.);
#1876 = ORIENTED_EDGE('',*,*,#373,.F.);
#1877 = ORIENTED_EDGE('',*,*,#1878,.F.);
#1878 = EDGE_CURVE('',#1869,#366,#1879,.T.);
#1879 = LINE('',#1880,#1881);
#1880 = CARTESIAN_POINT('',(10.75,-0.5,0.1));
#1881 = VECTOR('',#1882,1.);
#1882 = DIRECTION('',(-1.223490926498E-16,-0.999056158355,
    4.343722427631E-02));
#1883 = PLANE('',#1884);
#1884 = AXIS2_PLACEMENT_3D('',#1885,#1886,#1887);
#1885 = CARTESIAN_POINT('',(10.75,-0.5,0.1));
#1886 = DIRECTION('',(5.319525767383E-18,4.343722427631E-02,
    0.999056158355));
#1887 = DIRECTION('',(-1.223490926498E-16,-0.999056158355,
    4.343722427631E-02));
#1888 = ADVANCED_FACE('',(#1889),#1914,.F.);
#1889 = FACE_BOUND('',#1890,.F.);
#1890 = EDGE_LOOP('',(#1891,#1892,#1900,#1906,#1907,#1908));
#1891 = ORIENTED_EDGE('',*,*,#893,.T.);
#1892 = ORIENTED_EDGE('',*,*,#1893,.T.);
#1893 = EDGE_CURVE('',#886,#1894,#1896,.T.);
#1894 = VERTEX_POINT('',#1895);
#1895 = CARTESIAN_POINT('',(10.75,0.5,0.1));
#1896 = LINE('',#1897,#1898);
#1897 = CARTESIAN_POINT('',(10.75,1.7,0.2));
#1898 = VECTOR('',#1899,1.);
#1899 = DIRECTION('',(-1.220416573038E-16,-0.996545758245,
    -8.304547985373E-02));
#1900 = ORIENTED_EDGE('',*,*,#1901,.T.);
#1901 = EDGE_CURVE('',#1894,#1869,#1902,.T.);
#1902 = LINE('',#1903,#1904);
#1903 = CARTESIAN_POINT('',(10.75,0.5,0.1));
#1904 = VECTOR('',#1905,1.);
#1905 = DIRECTION('',(-1.224646799147E-16,-1.,0.));
#1906 = ORIENTED_EDGE('',*,*,#1878,.T.);
#1907 = ORIENTED_EDGE('',*,*,#365,.T.);
#1908 = ORIENTED_EDGE('',*,*,#1909,.T.);
#1909 = EDGE_CURVE('',#358,#894,#1910,.T.);
#1910 = LINE('',#1911,#1912);
#1911 = CARTESIAN_POINT('',(10.75,-2.8,0.));
#1912 = VECTOR('',#1913,1.);
#1913 = DIRECTION('',(1.224646799147E-16,1.,0.));
#1914 = PLANE('',#1915);
#1915 = AXIS2_PLACEMENT_3D('',#1916,#1917,#1918);
#1916 = CARTESIAN_POINT('',(10.75,-0.549524476701,7.07980355453E-02));
#1917 = DIRECTION('',(1.,-1.224646799147E-16,-0.));
#1918 = DIRECTION('',(-0.,0.,-1.));
#1919 = ADVANCED_FACE('',(#1920),#1931,.F.);
#1920 = FACE_BOUND('',#1921,.F.);
#1921 = EDGE_LOOP('',(#1922,#1923,#1924,#1930));
#1922 = ORIENTED_EDGE('',*,*,#1909,.F.);
#1923 = ORIENTED_EDGE('',*,*,#357,.T.);
#1924 = ORIENTED_EDGE('',*,*,#1925,.T.);
#1925 = EDGE_CURVE('',#350,#902,#1926,.T.);
#1926 = LINE('',#1927,#1928);
#1927 = CARTESIAN_POINT('',(11.25,-2.8,0.));
#1928 = VECTOR('',#1929,1.);
#1929 = DIRECTION('',(1.224646799147E-16,1.,0.));
#1930 = ORIENTED_EDGE('',*,*,#901,.T.);
#1931 = PLANE('',#1932);
#1932 = AXIS2_PLACEMENT_3D('',#1933,#1934,#1935);
#1933 = CARTESIAN_POINT('',(11.,-0.55,0.));
#1934 = DIRECTION('',(0.,0.,1.));
#1935 = DIRECTION('',(-1.,1.224646799147E-16,0.));
#1936 = ADVANCED_FACE('',(#1937),#1964,.T.);
#1937 = FACE_BOUND('',#1938,.T.);
#1938 = EDGE_LOOP('',(#1939,#1940,#1948,#1956,#1962,#1963));
#1939 = ORIENTED_EDGE('',*,*,#909,.T.);
#1940 = ORIENTED_EDGE('',*,*,#1941,.T.);
#1941 = EDGE_CURVE('',#910,#1942,#1944,.T.);
#1942 = VERTEX_POINT('',#1943);
#1943 = CARTESIAN_POINT('',(11.25,0.5,0.1));
#1944 = LINE('',#1945,#1946);
#1945 = CARTESIAN_POINT('',(11.25,1.7,0.2));
#1946 = VECTOR('',#1947,1.);
#1947 = DIRECTION('',(-1.220416573038E-16,-0.996545758245,
    -8.304547985373E-02));
#1948 = ORIENTED_EDGE('',*,*,#1949,.T.);
#1949 = EDGE_CURVE('',#1942,#1950,#1952,.T.);
#1950 = VERTEX_POINT('',#1951);
#1951 = CARTESIAN_POINT('',(11.25,-0.5,0.1));
#1952 = LINE('',#1953,#1954);
#1953 = CARTESIAN_POINT('',(11.25,0.5,0.1));
#1954 = VECTOR('',#1955,1.);
#1955 = DIRECTION('',(-1.224646799147E-16,-1.,0.));
#1956 = ORIENTED_EDGE('',*,*,#1957,.T.);
#1957 = EDGE_CURVE('',#1950,#342,#1958,.T.);
#1958 = LINE('',#1959,#1960);
#1959 = CARTESIAN_POINT('',(11.25,-0.5,0.1));
#1960 = VECTOR('',#1961,1.);
#1961 = DIRECTION('',(-1.223490926498E-16,-0.999056158355,
    4.343722427631E-02));
#1962 = ORIENTED_EDGE('',*,*,#349,.T.);
#1963 = ORIENTED_EDGE('',*,*,#1925,.T.);
#1964 = PLANE('',#1965);
#1965 = AXIS2_PLACEMENT_3D('',#1966,#1967,#1968);
#1966 = CARTESIAN_POINT('',(11.25,-0.549524476701,7.07980355453E-02));
#1967 = DIRECTION('',(1.,-1.224646799147E-16,-0.));
#1968 = DIRECTION('',(-0.,0.,-1.));
#1969 = ADVANCED_FACE('',(#1970),#1988,.F.);
#1970 = FACE_BOUND('',#1971,.F.);
#1971 = EDGE_LOOP('',(#1972,#1980,#1981,#1982));
#1972 = ORIENTED_EDGE('',*,*,#1973,.T.);
#1973 = EDGE_CURVE('',#1974,#1950,#1976,.T.);
#1974 = VERTEX_POINT('',#1975);
#1975 = CARTESIAN_POINT('',(12.75,-0.5,0.1));
#1976 = LINE('',#1977,#1978);
#1977 = CARTESIAN_POINT('',(12.75,-0.5,0.1));
#1978 = VECTOR('',#1979,1.);
#1979 = DIRECTION('',(-1.,1.224646799147E-16,0.));
#1980 = ORIENTED_EDGE('',*,*,#1957,.T.);
#1981 = ORIENTED_EDGE('',*,*,#341,.F.);
#1982 = ORIENTED_EDGE('',*,*,#1983,.F.);
#1983 = EDGE_CURVE('',#1974,#334,#1984,.T.);
#1984 = LINE('',#1985,#1986);
#1985 = CARTESIAN_POINT('',(12.75,-0.5,0.1));
#1986 = VECTOR('',#1987,1.);
#1987 = DIRECTION('',(-1.223490926498E-16,-0.999056158355,
    4.343722427631E-02));
#1988 = PLANE('',#1989);
#1989 = AXIS2_PLACEMENT_3D('',#1990,#1991,#1992);
#1990 = CARTESIAN_POINT('',(12.75,-0.5,0.1));
#1991 = DIRECTION('',(5.319525767383E-18,4.343722427631E-02,
    0.999056158355));
#1992 = DIRECTION('',(-1.223490926498E-16,-0.999056158355,
    4.343722427631E-02));
#1993 = ADVANCED_FACE('',(#1994),#2019,.F.);
#1994 = FACE_BOUND('',#1995,.F.);
#1995 = EDGE_LOOP('',(#1996,#1997,#2005,#2011,#2012,#2013));
#1996 = ORIENTED_EDGE('',*,*,#925,.T.);
#1997 = ORIENTED_EDGE('',*,*,#1998,.T.);
#1998 = EDGE_CURVE('',#918,#1999,#2001,.T.);
#1999 = VERTEX_POINT('',#2000);
#2000 = CARTESIAN_POINT('',(12.75,0.5,0.1));
#2001 = LINE('',#2002,#2003);
#2002 = CARTESIAN_POINT('',(12.75,1.7,0.2));
#2003 = VECTOR('',#2004,1.);
#2004 = DIRECTION('',(-1.220416573038E-16,-0.996545758245,
    -8.304547985373E-02));
#2005 = ORIENTED_EDGE('',*,*,#2006,.T.);
#2006 = EDGE_CURVE('',#1999,#1974,#2007,.T.);
#2007 = LINE('',#2008,#2009);
#2008 = CARTESIAN_POINT('',(12.75,0.5,0.1));
#2009 = VECTOR('',#2010,1.);
#2010 = DIRECTION('',(-1.224646799147E-16,-1.,0.));
#2011 = ORIENTED_EDGE('',*,*,#1983,.T.);
#2012 = ORIENTED_EDGE('',*,*,#333,.T.);
#2013 = ORIENTED_EDGE('',*,*,#2014,.T.);
#2014 = EDGE_CURVE('',#326,#926,#2015,.T.);
#2015 = LINE('',#2016,#2017);
#2016 = CARTESIAN_POINT('',(12.75,-2.8,0.));
#2017 = VECTOR('',#2018,1.);
#2018 = DIRECTION('',(1.224646799147E-16,1.,0.));
#2019 = PLANE('',#2020);
#2020 = AXIS2_PLACEMENT_3D('',#2021,#2022,#2023);
#2021 = CARTESIAN_POINT('',(12.75,-0.549524476701,7.07980355453E-02));
#2022 = DIRECTION('',(1.,-1.224646799147E-16,-0.));
#2023 = DIRECTION('',(-0.,0.,-1.));
#2024 = ADVANCED_FACE('',(#2025),#2036,.F.);
#2025 = FACE_BOUND('',#2026,.F.);
#2026 = EDGE_LOOP('',(#2027,#2028,#2034,#2035));
#2027 = ORIENTED_EDGE('',*,*,#325,.T.);
#2028 = ORIENTED_EDGE('',*,*,#2029,.T.);
#2029 = EDGE_CURVE('',#318,#934,#2030,.T.);
#2030 = LINE('',#2031,#2032);
#2031 = CARTESIAN_POINT('',(13.25,-2.8,0.));
#2032 = VECTOR('',#2033,1.);
#2033 = DIRECTION('',(1.224646799147E-16,1.,0.));
#2034 = ORIENTED_EDGE('',*,*,#933,.T.);
#2035 = ORIENTED_EDGE('',*,*,#2014,.F.);
#2036 = PLANE('',#2037);
#2037 = AXIS2_PLACEMENT_3D('',#2038,#2039,#2040);
#2038 = CARTESIAN_POINT('',(11.,-0.55,0.));
#2039 = DIRECTION('',(0.,0.,1.));
#2040 = DIRECTION('',(-1.,1.224646799147E-16,0.));
#2041 = ADVANCED_FACE('',(#2042),#2069,.T.);
#2042 = FACE_BOUND('',#2043,.T.);
#2043 = EDGE_LOOP('',(#2044,#2045,#2053,#2061,#2067,#2068));
#2044 = ORIENTED_EDGE('',*,*,#941,.T.);
#2045 = ORIENTED_EDGE('',*,*,#2046,.T.);
#2046 = EDGE_CURVE('',#942,#2047,#2049,.T.);
#2047 = VERTEX_POINT('',#2048);
#2048 = CARTESIAN_POINT('',(13.25,0.5,0.1));
#2049 = LINE('',#2050,#2051);
#2050 = CARTESIAN_POINT('',(13.25,1.7,0.2));
#2051 = VECTOR('',#2052,1.);
#2052 = DIRECTION('',(-1.220416573038E-16,-0.996545758245,
    -8.304547985373E-02));
#2053 = ORIENTED_EDGE('',*,*,#2054,.T.);
#2054 = EDGE_CURVE('',#2047,#2055,#2057,.T.);
#2055 = VERTEX_POINT('',#2056);
#2056 = CARTESIAN_POINT('',(13.25,-0.5,0.1));
#2057 = LINE('',#2058,#2059);
#2058 = CARTESIAN_POINT('',(13.25,0.5,0.1));
#2059 = VECTOR('',#2060,1.);
#2060 = DIRECTION('',(-1.224646799147E-16,-1.,0.));
#2061 = ORIENTED_EDGE('',*,*,#2062,.T.);
#2062 = EDGE_CURVE('',#2055,#310,#2063,.T.);
#2063 = LINE('',#2064,#2065);
#2064 = CARTESIAN_POINT('',(13.25,-0.5,0.1));
#2065 = VECTOR('',#2066,1.);
#2066 = DIRECTION('',(-1.223490926498E-16,-0.999056158355,
    4.343722427631E-02));
#2067 = ORIENTED_EDGE('',*,*,#317,.T.);
#2068 = ORIENTED_EDGE('',*,*,#2029,.T.);
#2069 = PLANE('',#2070);
#2070 = AXIS2_PLACEMENT_3D('',#2071,#2072,#2073);
#2071 = CARTESIAN_POINT('',(13.25,-0.549524476701,7.07980355453E-02));
#2072 = DIRECTION('',(1.,-1.224646799147E-16,-0.));
#2073 = DIRECTION('',(-0.,0.,-1.));
#2074 = ADVANCED_FACE('',(#2075),#2093,.F.);
#2075 = FACE_BOUND('',#2076,.F.);
#2076 = EDGE_LOOP('',(#2077,#2085,#2086,#2087));
#2077 = ORIENTED_EDGE('',*,*,#2078,.T.);
#2078 = EDGE_CURVE('',#2079,#2055,#2081,.T.);
#2079 = VERTEX_POINT('',#2080);
#2080 = CARTESIAN_POINT('',(14.75,-0.5,0.1));
#2081 = LINE('',#2082,#2083);
#2082 = CARTESIAN_POINT('',(14.75,-0.5,0.1));
#2083 = VECTOR('',#2084,1.);
#2084 = DIRECTION('',(-1.,1.224646799147E-16,0.));
#2085 = ORIENTED_EDGE('',*,*,#2062,.T.);
#2086 = ORIENTED_EDGE('',*,*,#309,.F.);
#2087 = ORIENTED_EDGE('',*,*,#2088,.F.);
#2088 = EDGE_CURVE('',#2079,#302,#2089,.T.);
#2089 = LINE('',#2090,#2091);
#2090 = CARTESIAN_POINT('',(14.75,-0.5,0.1));
#2091 = VECTOR('',#2092,1.);
#2092 = DIRECTION('',(-1.223490926498E-16,-0.999056158355,
    4.343722427631E-02));
#2093 = PLANE('',#2094);
#2094 = AXIS2_PLACEMENT_3D('',#2095,#2096,#2097);
#2095 = CARTESIAN_POINT('',(14.75,-0.5,0.1));
#2096 = DIRECTION('',(5.319525767383E-18,4.343722427631E-02,
    0.999056158355));
#2097 = DIRECTION('',(-1.223490926498E-16,-0.999056158355,
    4.343722427631E-02));
#2098 = ADVANCED_FACE('',(#2099),#2124,.F.);
#2099 = FACE_BOUND('',#2100,.F.);
#2100 = EDGE_LOOP('',(#2101,#2102,#2110,#2116,#2117,#2118));
#2101 = ORIENTED_EDGE('',*,*,#957,.T.);
#2102 = ORIENTED_EDGE('',*,*,#2103,.T.);
#2103 = EDGE_CURVE('',#950,#2104,#2106,.T.);
#2104 = VERTEX_POINT('',#2105);
#2105 = CARTESIAN_POINT('',(14.75,0.5,0.1));
#2106 = LINE('',#2107,#2108);
#2107 = CARTESIAN_POINT('',(14.75,1.7,0.2));
#2108 = VECTOR('',#2109,1.);
#2109 = DIRECTION('',(-1.220416573038E-16,-0.996545758245,
    -8.304547985373E-02));
#2110 = ORIENTED_EDGE('',*,*,#2111,.T.);
#2111 = EDGE_CURVE('',#2104,#2079,#2112,.T.);
#2112 = LINE('',#2113,#2114);
#2113 = CARTESIAN_POINT('',(14.75,0.5,0.1));
#2114 = VECTOR('',#2115,1.);
#2115 = DIRECTION('',(-1.224646799147E-16,-1.,0.));
#2116 = ORIENTED_EDGE('',*,*,#2088,.T.);
#2117 = ORIENTED_EDGE('',*,*,#301,.T.);
#2118 = ORIENTED_EDGE('',*,*,#2119,.T.);
#2119 = EDGE_CURVE('',#294,#958,#2120,.T.);
#2120 = LINE('',#2121,#2122);
#2121 = CARTESIAN_POINT('',(14.75,-2.8,0.));
#2122 = VECTOR('',#2123,1.);
#2123 = DIRECTION('',(1.224646799147E-16,1.,0.));
#2124 = PLANE('',#2125);
#2125 = AXIS2_PLACEMENT_3D('',#2126,#2127,#2128);
#2126 = CARTESIAN_POINT('',(14.75,-0.549524476701,7.07980355453E-02));
#2127 = DIRECTION('',(1.,-1.224646799147E-16,-0.));
#2128 = DIRECTION('',(-0.,0.,-1.));
#2129 = ADVANCED_FACE('',(#2130),#2141,.F.);
#2130 = FACE_BOUND('',#2131,.F.);
#2131 = EDGE_LOOP('',(#2132,#2138,#2139,#2140));
#2132 = ORIENTED_EDGE('',*,*,#2133,.T.);
#2133 = EDGE_CURVE('',#286,#966,#2134,.T.);
#2134 = LINE('',#2135,#2136);
#2135 = CARTESIAN_POINT('',(15.25,-2.8,0.));
#2136 = VECTOR('',#2137,1.);
#2137 = DIRECTION('',(1.224646799147E-16,1.,0.));
#2138 = ORIENTED_EDGE('',*,*,#965,.T.);
#2139 = ORIENTED_EDGE('',*,*,#2119,.F.);
#2140 = ORIENTED_EDGE('',*,*,#293,.T.);
#2141 = PLANE('',#2142);
#2142 = AXIS2_PLACEMENT_3D('',#2143,#2144,#2145);
#2143 = CARTESIAN_POINT('',(11.,-0.55,0.));
#2144 = DIRECTION('',(0.,0.,1.));
#2145 = DIRECTION('',(-1.,1.224646799147E-16,0.));
#2146 = ADVANCED_FACE('',(#2147),#2174,.T.);
#2147 = FACE_BOUND('',#2148,.T.);
#2148 = EDGE_LOOP('',(#2149,#2150,#2158,#2166,#2172,#2173));
#2149 = ORIENTED_EDGE('',*,*,#973,.T.);
#2150 = ORIENTED_EDGE('',*,*,#2151,.T.);
#2151 = EDGE_CURVE('',#974,#2152,#2154,.T.);
#2152 = VERTEX_POINT('',#2153);
#2153 = CARTESIAN_POINT('',(15.25,0.5,0.1));
#2154 = LINE('',#2155,#2156);
#2155 = CARTESIAN_POINT('',(15.25,1.7,0.2));
#2156 = VECTOR('',#2157,1.);
#2157 = DIRECTION('',(-1.220416573038E-16,-0.996545758245,
    -8.304547985373E-02));
#2158 = ORIENTED_EDGE('',*,*,#2159,.T.);
#2159 = EDGE_CURVE('',#2152,#2160,#2162,.T.);
#2160 = VERTEX_POINT('',#2161);
#2161 = CARTESIAN_POINT('',(15.25,-0.5,0.1));
#2162 = LINE('',#2163,#2164);
#2163 = CARTESIAN_POINT('',(15.25,0.5,0.1));
#2164 = VECTOR('',#2165,1.);
#2165 = DIRECTION('',(-1.224646799147E-16,-1.,0.));
#2166 = ORIENTED_EDGE('',*,*,#2167,.T.);
#2167 = EDGE_CURVE('',#2160,#278,#2168,.T.);
#2168 = LINE('',#2169,#2170);
#2169 = CARTESIAN_POINT('',(15.25,-0.5,0.1));
#2170 = VECTOR('',#2171,1.);
#2171 = DIRECTION('',(-1.223490926498E-16,-0.999056158355,
    4.343722427631E-02));
#2172 = ORIENTED_EDGE('',*,*,#285,.T.);
#2173 = ORIENTED_EDGE('',*,*,#2133,.T.);
#2174 = PLANE('',#2175);
#2175 = AXIS2_PLACEMENT_3D('',#2176,#2177,#2178);
#2176 = CARTESIAN_POINT('',(15.25,-0.549524476701,7.07980355453E-02));
#2177 = DIRECTION('',(1.,-1.224646799147E-16,-0.));
#2178 = DIRECTION('',(-0.,0.,-1.));
#2179 = ADVANCED_FACE('',(#2180),#2198,.F.);
#2180 = FACE_BOUND('',#2181,.F.);
#2181 = EDGE_LOOP('',(#2182,#2190,#2191,#2192));
#2182 = ORIENTED_EDGE('',*,*,#2183,.T.);
#2183 = EDGE_CURVE('',#2184,#2160,#2186,.T.);
#2184 = VERTEX_POINT('',#2185);
#2185 = CARTESIAN_POINT('',(16.75,-0.5,0.1));
#2186 = LINE('',#2187,#2188);
#2187 = CARTESIAN_POINT('',(16.75,-0.5,0.1));
#2188 = VECTOR('',#2189,1.);
#2189 = DIRECTION('',(-1.,1.224646799147E-16,0.));
#2190 = ORIENTED_EDGE('',*,*,#2167,.T.);
#2191 = ORIENTED_EDGE('',*,*,#277,.F.);
#2192 = ORIENTED_EDGE('',*,*,#2193,.F.);
#2193 = EDGE_CURVE('',#2184,#270,#2194,.T.);
#2194 = LINE('',#2195,#2196);
#2195 = CARTESIAN_POINT('',(16.75,-0.5,0.1));
#2196 = VECTOR('',#2197,1.);
#2197 = DIRECTION('',(-1.223490926498E-16,-0.999056158355,
    4.343722427631E-02));
#2198 = PLANE('',#2199);
#2199 = AXIS2_PLACEMENT_3D('',#2200,#2201,#2202);
#2200 = CARTESIAN_POINT('',(16.75,-0.5,0.1));
#2201 = DIRECTION('',(5.319525767383E-18,4.343722427631E-02,
    0.999056158355));
#2202 = DIRECTION('',(-1.223490926498E-16,-0.999056158355,
    4.343722427631E-02));
#2203 = ADVANCED_FACE('',(#2204),#2229,.F.);
#2204 = FACE_BOUND('',#2205,.F.);
#2205 = EDGE_LOOP('',(#2206,#2207,#2215,#2221,#2222,#2223));
#2206 = ORIENTED_EDGE('',*,*,#989,.T.);
#2207 = ORIENTED_EDGE('',*,*,#2208,.T.);
#2208 = EDGE_CURVE('',#982,#2209,#2211,.T.);
#2209 = VERTEX_POINT('',#2210);
#2210 = CARTESIAN_POINT('',(16.75,0.5,0.1));
#2211 = LINE('',#2212,#2213);
#2212 = CARTESIAN_POINT('',(16.75,1.7,0.2));
#2213 = VECTOR('',#2214,1.);
#2214 = DIRECTION('',(-1.220416573038E-16,-0.996545758245,
    -8.304547985373E-02));
#2215 = ORIENTED_EDGE('',*,*,#2216,.T.);
#2216 = EDGE_CURVE('',#2209,#2184,#2217,.T.);
#2217 = LINE('',#2218,#2219);
#2218 = CARTESIAN_POINT('',(16.75,0.5,0.1));
#2219 = VECTOR('',#2220,1.);
#2220 = DIRECTION('',(-1.224646799147E-16,-1.,0.));
#2221 = ORIENTED_EDGE('',*,*,#2193,.T.);
#2222 = ORIENTED_EDGE('',*,*,#269,.T.);
#2223 = ORIENTED_EDGE('',*,*,#2224,.T.);
#2224 = EDGE_CURVE('',#262,#990,#2225,.T.);
#2225 = LINE('',#2226,#2227);
#2226 = CARTESIAN_POINT('',(16.75,-2.8,0.));
#2227 = VECTOR('',#2228,1.);
#2228 = DIRECTION('',(1.224646799147E-16,1.,0.));
#2229 = PLANE('',#2230);
#2230 = AXIS2_PLACEMENT_3D('',#2231,#2232,#2233);
#2231 = CARTESIAN_POINT('',(16.75,-0.549524476701,7.07980355453E-02));
#2232 = DIRECTION('',(1.,-1.224646799147E-16,-0.));
#2233 = DIRECTION('',(-0.,0.,-1.));
#2234 = ADVANCED_FACE('',(#2235),#2246,.F.);
#2235 = FACE_BOUND('',#2236,.F.);
#2236 = EDGE_LOOP('',(#2237,#2238,#2239,#2240));
#2237 = ORIENTED_EDGE('',*,*,#997,.T.);
#2238 = ORIENTED_EDGE('',*,*,#2224,.F.);
#2239 = ORIENTED_EDGE('',*,*,#261,.T.);
#2240 = ORIENTED_EDGE('',*,*,#2241,.T.);
#2241 = EDGE_CURVE('',#254,#998,#2242,.T.);
#2242 = LINE('',#2243,#2244);
#2243 = CARTESIAN_POINT('',(17.25,-2.8,0.));
#2244 = VECTOR('',#2245,1.);
#2245 = DIRECTION('',(1.224646799147E-16,1.,0.));
#2246 = PLANE('',#2247);
#2247 = AXIS2_PLACEMENT_3D('',#2248,#2249,#2250);
#2248 = CARTESIAN_POINT('',(11.,-0.55,0.));
#2249 = DIRECTION('',(0.,0.,1.));
#2250 = DIRECTION('',(-1.,1.224646799147E-16,0.));
#2251 = ADVANCED_FACE('',(#2252),#2279,.T.);
#2252 = FACE_BOUND('',#2253,.T.);
#2253 = EDGE_LOOP('',(#2254,#2255,#2263,#2271,#2277,#2278));
#2254 = ORIENTED_EDGE('',*,*,#1005,.T.);
#2255 = ORIENTED_EDGE('',*,*,#2256,.T.);
#2256 = EDGE_CURVE('',#1006,#2257,#2259,.T.);
#2257 = VERTEX_POINT('',#2258);
#2258 = CARTESIAN_POINT('',(17.25,0.5,0.1));
#2259 = LINE('',#2260,#2261);
#2260 = CARTESIAN_POINT('',(17.25,1.7,0.2));
#2261 = VECTOR('',#2262,1.);
#2262 = DIRECTION('',(-1.220416573038E-16,-0.996545758245,
    -8.304547985373E-02));
#2263 = ORIENTED_EDGE('',*,*,#2264,.T.);
#2264 = EDGE_CURVE('',#2257,#2265,#2267,.T.);
#2265 = VERTEX_POINT('',#2266);
#2266 = CARTESIAN_POINT('',(17.25,-0.5,0.1));
#2267 = LINE('',#2268,#2269);
#2268 = CARTESIAN_POINT('',(17.25,0.5,0.1));
#2269 = VECTOR('',#2270,1.);
#2270 = DIRECTION('',(-1.224646799147E-16,-1.,0.));
#2271 = ORIENTED_EDGE('',*,*,#2272,.T.);
#2272 = EDGE_CURVE('',#2265,#246,#2273,.T.);
#2273 = LINE('',#2274,#2275);
#2274 = CARTESIAN_POINT('',(17.25,-0.5,0.1));
#2275 = VECTOR('',#2276,1.);
#2276 = DIRECTION('',(-1.223490926498E-16,-0.999056158355,
    4.343722427631E-02));
#2277 = ORIENTED_EDGE('',*,*,#253,.T.);
#2278 = ORIENTED_EDGE('',*,*,#2241,.T.);
#2279 = PLANE('',#2280);
#2280 = AXIS2_PLACEMENT_3D('',#2281,#2282,#2283);
#2281 = CARTESIAN_POINT('',(17.25,-0.549524476701,7.07980355453E-02));
#2282 = DIRECTION('',(1.,-1.224646799147E-16,-0.));
#2283 = DIRECTION('',(-0.,0.,-1.));
#2284 = ADVANCED_FACE('',(#2285),#2303,.F.);
#2285 = FACE_BOUND('',#2286,.F.);
#2286 = EDGE_LOOP('',(#2287,#2295,#2296,#2297));
#2287 = ORIENTED_EDGE('',*,*,#2288,.T.);
#2288 = EDGE_CURVE('',#2289,#2265,#2291,.T.);
#2289 = VERTEX_POINT('',#2290);
#2290 = CARTESIAN_POINT('',(18.75,-0.5,0.1));
#2291 = LINE('',#2292,#2293);
#2292 = CARTESIAN_POINT('',(18.75,-0.5,0.1));
#2293 = VECTOR('',#2294,1.);
#2294 = DIRECTION('',(-1.,1.224646799147E-16,0.));
#2295 = ORIENTED_EDGE('',*,*,#2272,.T.);
#2296 = ORIENTED_EDGE('',*,*,#245,.F.);
#2297 = ORIENTED_EDGE('',*,*,#2298,.F.);
#2298 = EDGE_CURVE('',#2289,#238,#2299,.T.);
#2299 = LINE('',#2300,#2301);
#2300 = CARTESIAN_POINT('',(18.75,-0.5,0.1));
#2301 = VECTOR('',#2302,1.);
#2302 = DIRECTION('',(-1.223490926498E-16,-0.999056158355,
    4.343722427631E-02));
#2303 = PLANE('',#2304);
#2304 = AXIS2_PLACEMENT_3D('',#2305,#2306,#2307);
#2305 = CARTESIAN_POINT('',(18.75,-0.5,0.1));
#2306 = DIRECTION('',(5.319525767383E-18,4.343722427631E-02,
    0.999056158355));
#2307 = DIRECTION('',(-1.223490926498E-16,-0.999056158355,
    4.343722427631E-02));
#2308 = ADVANCED_FACE('',(#2309),#2334,.F.);
#2309 = FACE_BOUND('',#2310,.F.);
#2310 = EDGE_LOOP('',(#2311,#2312,#2320,#2326,#2327,#2328));
#2311 = ORIENTED_EDGE('',*,*,#1021,.T.);
#2312 = ORIENTED_EDGE('',*,*,#2313,.T.);
#2313 = EDGE_CURVE('',#1014,#2314,#2316,.T.);
#2314 = VERTEX_POINT('',#2315);
#2315 = CARTESIAN_POINT('',(18.75,0.5,0.1));
#2316 = LINE('',#2317,#2318);
#2317 = CARTESIAN_POINT('',(18.75,1.7,0.2));
#2318 = VECTOR('',#2319,1.);
#2319 = DIRECTION('',(-1.220416573038E-16,-0.996545758245,
    -8.304547985373E-02));
#2320 = ORIENTED_EDGE('',*,*,#2321,.T.);
#2321 = EDGE_CURVE('',#2314,#2289,#2322,.T.);
#2322 = LINE('',#2323,#2324);
#2323 = CARTESIAN_POINT('',(18.75,0.5,0.1));
#2324 = VECTOR('',#2325,1.);
#2325 = DIRECTION('',(-1.224646799147E-16,-1.,0.));
#2326 = ORIENTED_EDGE('',*,*,#2298,.T.);
#2327 = ORIENTED_EDGE('',*,*,#237,.T.);
#2328 = ORIENTED_EDGE('',*,*,#2329,.T.);
#2329 = EDGE_CURVE('',#230,#1022,#2330,.T.);
#2330 = LINE('',#2331,#2332);
#2331 = CARTESIAN_POINT('',(18.75,-2.8,0.));
#2332 = VECTOR('',#2333,1.);
#2333 = DIRECTION('',(1.224646799147E-16,1.,0.));
#2334 = PLANE('',#2335);
#2335 = AXIS2_PLACEMENT_3D('',#2336,#2337,#2338);
#2336 = CARTESIAN_POINT('',(18.75,-0.549524476701,7.07980355453E-02));
#2337 = DIRECTION('',(1.,-1.224646799147E-16,-0.));
#2338 = DIRECTION('',(-0.,0.,-1.));
#2339 = ADVANCED_FACE('',(#2340),#2351,.F.);
#2340 = FACE_BOUND('',#2341,.F.);
#2341 = EDGE_LOOP('',(#2342,#2343,#2344,#2350));
#2342 = ORIENTED_EDGE('',*,*,#2329,.F.);
#2343 = ORIENTED_EDGE('',*,*,#229,.T.);
#2344 = ORIENTED_EDGE('',*,*,#2345,.T.);
#2345 = EDGE_CURVE('',#222,#1030,#2346,.T.);
#2346 = LINE('',#2347,#2348);
#2347 = CARTESIAN_POINT('',(19.25,-2.8,0.));
#2348 = VECTOR('',#2349,1.);
#2349 = DIRECTION('',(1.224646799147E-16,1.,0.));
#2350 = ORIENTED_EDGE('',*,*,#1029,.T.);
#2351 = PLANE('',#2352);
#2352 = AXIS2_PLACEMENT_3D('',#2353,#2354,#2355);
#2353 = CARTESIAN_POINT('',(11.,-0.55,0.));
#2354 = DIRECTION('',(0.,0.,1.));
#2355 = DIRECTION('',(-1.,1.224646799147E-16,0.));
#2356 = ADVANCED_FACE('',(#2357),#2384,.T.);
#2357 = FACE_BOUND('',#2358,.T.);
#2358 = EDGE_LOOP('',(#2359,#2360,#2368,#2376,#2382,#2383));
#2359 = ORIENTED_EDGE('',*,*,#1037,.T.);
#2360 = ORIENTED_EDGE('',*,*,#2361,.T.);
#2361 = EDGE_CURVE('',#1038,#2362,#2364,.T.);
#2362 = VERTEX_POINT('',#2363);
#2363 = CARTESIAN_POINT('',(19.25,0.5,0.1));
#2364 = LINE('',#2365,#2366);
#2365 = CARTESIAN_POINT('',(19.25,1.7,0.2));
#2366 = VECTOR('',#2367,1.);
#2367 = DIRECTION('',(-1.220416573038E-16,-0.996545758245,
    -8.304547985373E-02));
#2368 = ORIENTED_EDGE('',*,*,#2369,.T.);
#2369 = EDGE_CURVE('',#2362,#2370,#2372,.T.);
#2370 = VERTEX_POINT('',#2371);
#2371 = CARTESIAN_POINT('',(19.25,-0.5,0.1));
#2372 = LINE('',#2373,#2374);
#2373 = CARTESIAN_POINT('',(19.25,0.5,0.1));
#2374 = VECTOR('',#2375,1.);
#2375 = DIRECTION('',(-1.224646799147E-16,-1.,0.));
#2376 = ORIENTED_EDGE('',*,*,#2377,.T.);
#2377 = EDGE_CURVE('',#2370,#214,#2378,.T.);
#2378 = LINE('',#2379,#2380);
#2379 = CARTESIAN_POINT('',(19.25,-0.5,0.1));
#2380 = VECTOR('',#2381,1.);
#2381 = DIRECTION('',(-1.223490926498E-16,-0.999056158355,
    4.343722427631E-02));
#2382 = ORIENTED_EDGE('',*,*,#221,.T.);
#2383 = ORIENTED_EDGE('',*,*,#2345,.T.);
#2384 = PLANE('',#2385);
#2385 = AXIS2_PLACEMENT_3D('',#2386,#2387,#2388);
#2386 = CARTESIAN_POINT('',(19.25,-0.549524476701,7.07980355453E-02));
#2387 = DIRECTION('',(1.,-1.224646799147E-16,-0.));
#2388 = DIRECTION('',(-0.,0.,-1.));
#2389 = ADVANCED_FACE('',(#2390),#2408,.F.);
#2390 = FACE_BOUND('',#2391,.F.);
#2391 = EDGE_LOOP('',(#2392,#2400,#2401,#2402));
#2392 = ORIENTED_EDGE('',*,*,#2393,.T.);
#2393 = EDGE_CURVE('',#2394,#2370,#2396,.T.);
#2394 = VERTEX_POINT('',#2395);
#2395 = CARTESIAN_POINT('',(20.75,-0.5,0.1));
#2396 = LINE('',#2397,#2398);
#2397 = CARTESIAN_POINT('',(20.75,-0.5,0.1));
#2398 = VECTOR('',#2399,1.);
#2399 = DIRECTION('',(-1.,1.224646799147E-16,0.));
#2400 = ORIENTED_EDGE('',*,*,#2377,.T.);
#2401 = ORIENTED_EDGE('',*,*,#213,.F.);
#2402 = ORIENTED_EDGE('',*,*,#2403,.F.);
#2403 = EDGE_CURVE('',#2394,#206,#2404,.T.);
#2404 = LINE('',#2405,#2406);
#2405 = CARTESIAN_POINT('',(20.75,-0.5,0.1));
#2406 = VECTOR('',#2407,1.);
#2407 = DIRECTION('',(-1.223490926498E-16,-0.999056158355,
    4.343722427631E-02));
#2408 = PLANE('',#2409);
#2409 = AXIS2_PLACEMENT_3D('',#2410,#2411,#2412);
#2410 = CARTESIAN_POINT('',(20.75,-0.5,0.1));
#2411 = DIRECTION('',(5.319525767383E-18,4.343722427631E-02,
    0.999056158355));
#2412 = DIRECTION('',(-1.223490926498E-16,-0.999056158355,
    4.343722427631E-02));
#2413 = ADVANCED_FACE('',(#2414),#2439,.F.);
#2414 = FACE_BOUND('',#2415,.F.);
#2415 = EDGE_LOOP('',(#2416,#2417,#2425,#2431,#2432,#2433));
#2416 = ORIENTED_EDGE('',*,*,#1053,.T.);
#2417 = ORIENTED_EDGE('',*,*,#2418,.T.);
#2418 = EDGE_CURVE('',#1046,#2419,#2421,.T.);
#2419 = VERTEX_POINT('',#2420);
#2420 = CARTESIAN_POINT('',(20.75,0.5,0.1));
#2421 = LINE('',#2422,#2423);
#2422 = CARTESIAN_POINT('',(20.75,1.7,0.2));
#2423 = VECTOR('',#2424,1.);
#2424 = DIRECTION('',(-1.220416573038E-16,-0.996545758245,
    -8.304547985373E-02));
#2425 = ORIENTED_EDGE('',*,*,#2426,.T.);
#2426 = EDGE_CURVE('',#2419,#2394,#2427,.T.);
#2427 = LINE('',#2428,#2429);
#2428 = CARTESIAN_POINT('',(20.75,0.5,0.1));
#2429 = VECTOR('',#2430,1.);
#2430 = DIRECTION('',(-1.224646799147E-16,-1.,0.));
#2431 = ORIENTED_EDGE('',*,*,#2403,.T.);
#2432 = ORIENTED_EDGE('',*,*,#205,.T.);
#2433 = ORIENTED_EDGE('',*,*,#2434,.T.);
#2434 = EDGE_CURVE('',#198,#1054,#2435,.T.);
#2435 = LINE('',#2436,#2437);
#2436 = CARTESIAN_POINT('',(20.75,-2.8,0.));
#2437 = VECTOR('',#2438,1.);
#2438 = DIRECTION('',(1.224646799147E-16,1.,0.));
#2439 = PLANE('',#2440);
#2440 = AXIS2_PLACEMENT_3D('',#2441,#2442,#2443);
#2441 = CARTESIAN_POINT('',(20.75,-0.549524476701,7.07980355453E-02));
#2442 = DIRECTION('',(1.,-1.224646799147E-16,-0.));
#2443 = DIRECTION('',(-0.,0.,-1.));
#2444 = ADVANCED_FACE('',(#2445),#2456,.F.);
#2445 = FACE_BOUND('',#2446,.F.);
#2446 = EDGE_LOOP('',(#2447,#2448,#2454,#2455));
#2447 = ORIENTED_EDGE('',*,*,#197,.T.);
#2448 = ORIENTED_EDGE('',*,*,#2449,.T.);
#2449 = EDGE_CURVE('',#190,#1062,#2450,.T.);
#2450 = LINE('',#2451,#2452);
#2451 = CARTESIAN_POINT('',(21.25,-2.8,0.));
#2452 = VECTOR('',#2453,1.);
#2453 = DIRECTION('',(1.224646799147E-16,1.,0.));
#2454 = ORIENTED_EDGE('',*,*,#1061,.T.);
#2455 = ORIENTED_EDGE('',*,*,#2434,.F.);
#2456 = PLANE('',#2457);
#2457 = AXIS2_PLACEMENT_3D('',#2458,#2459,#2460);
#2458 = CARTESIAN_POINT('',(11.,-0.55,0.));
#2459 = DIRECTION('',(0.,0.,1.));
#2460 = DIRECTION('',(-1.,1.224646799147E-16,0.));
#2461 = ADVANCED_FACE('',(#2462),#2489,.T.);
#2462 = FACE_BOUND('',#2463,.T.);
#2463 = EDGE_LOOP('',(#2464,#2465,#2473,#2481,#2487,#2488));
#2464 = ORIENTED_EDGE('',*,*,#1069,.T.);
#2465 = ORIENTED_EDGE('',*,*,#2466,.T.);
#2466 = EDGE_CURVE('',#1070,#2467,#2469,.T.);
#2467 = VERTEX_POINT('',#2468);
#2468 = CARTESIAN_POINT('',(21.25,0.5,0.1));
#2469 = LINE('',#2470,#2471);
#2470 = CARTESIAN_POINT('',(21.25,1.7,0.2));
#2471 = VECTOR('',#2472,1.);
#2472 = DIRECTION('',(-1.220416573038E-16,-0.996545758245,
    -8.304547985373E-02));
#2473 = ORIENTED_EDGE('',*,*,#2474,.T.);
#2474 = EDGE_CURVE('',#2467,#2475,#2477,.T.);
#2475 = VERTEX_POINT('',#2476);
#2476 = CARTESIAN_POINT('',(21.25,-0.5,0.1));
#2477 = LINE('',#2478,#2479);
#2478 = CARTESIAN_POINT('',(21.25,0.5,0.1));
#2479 = VECTOR('',#2480,1.);
#2480 = DIRECTION('',(-1.224646799147E-16,-1.,0.));
#2481 = ORIENTED_EDGE('',*,*,#2482,.T.);
#2482 = EDGE_CURVE('',#2475,#182,#2483,.T.);
#2483 = LINE('',#2484,#2485);
#2484 = CARTESIAN_POINT('',(21.25,-0.5,0.1));
#2485 = VECTOR('',#2486,1.);
#2486 = DIRECTION('',(-1.223490926498E-16,-0.999056158355,
    4.343722427631E-02));
#2487 = ORIENTED_EDGE('',*,*,#189,.T.);
#2488 = ORIENTED_EDGE('',*,*,#2449,.T.);
#2489 = PLANE('',#2490);
#2490 = AXIS2_PLACEMENT_3D('',#2491,#2492,#2493);
#2491 = CARTESIAN_POINT('',(21.25,-0.549524476701,7.07980355453E-02));
#2492 = DIRECTION('',(1.,-1.224646799147E-16,-0.));
#2493 = DIRECTION('',(-0.,0.,-1.));
#2494 = ADVANCED_FACE('',(#2495),#2506,.F.);
#2495 = FACE_BOUND('',#2496,.F.);
#2496 = EDGE_LOOP('',(#2497,#2503,#2504,#2505));
#2497 = ORIENTED_EDGE('',*,*,#2498,.T.);
#2498 = EDGE_CURVE('',#572,#2475,#2499,.T.);
#2499 = LINE('',#2500,#2501);
#2500 = CARTESIAN_POINT('',(22.75,-0.5,0.1));
#2501 = VECTOR('',#2502,1.);
#2502 = DIRECTION('',(-1.,1.224646799147E-16,0.));
#2503 = ORIENTED_EDGE('',*,*,#2482,.T.);
#2504 = ORIENTED_EDGE('',*,*,#181,.F.);
#2505 = ORIENTED_EDGE('',*,*,#579,.F.);
#2506 = PLANE('',#2507);
#2507 = AXIS2_PLACEMENT_3D('',#2508,#2509,#2510);
#2508 = CARTESIAN_POINT('',(22.75,-0.5,0.1));
#2509 = DIRECTION('',(5.319525767383E-18,4.343722427631E-02,
    0.999056158355));
#2510 = DIRECTION('',(-1.223490926498E-16,-0.999056158355,
    4.343722427631E-02));
#2511 = ADVANCED_FACE('',(#2512),#2549,.F.);
#2512 = FACE_BOUND('',#2513,.F.);
#2513 = EDGE_LOOP('',(#2514,#2515,#2516,#2524,#2532,#2541,#2547,#2548));
#2514 = ORIENTED_EDGE('',*,*,#1289,.F.);
#2515 = ORIENTED_EDGE('',*,*,#701,.T.);
#2516 = ORIENTED_EDGE('',*,*,#2517,.T.);
#2517 = EDGE_CURVE('',#694,#2518,#2520,.T.);
#2518 = VERTEX_POINT('',#2519);
#2519 = CARTESIAN_POINT('',(-1.95,0.2,6.));
#2520 = LINE('',#2521,#2522);
#2521 = CARTESIAN_POINT('',(-1.95,1.7,6.));
#2522 = VECTOR('',#2523,1.);
#2523 = DIRECTION('',(-1.224646799147E-16,-1.,0.));
#2524 = ORIENTED_EDGE('',*,*,#2525,.T.);
#2525 = EDGE_CURVE('',#2518,#2526,#2528,.T.);
#2526 = VERTEX_POINT('',#2527);
#2527 = CARTESIAN_POINT('',(-1.95,0.2,4.4));
#2528 = LINE('',#2529,#2530);
#2529 = CARTESIAN_POINT('',(-1.95,0.2,3.));
#2530 = VECTOR('',#2531,1.);
#2531 = DIRECTION('',(-0.,0.,-1.));
#2532 = ORIENTED_EDGE('',*,*,#2533,.F.);
#2533 = EDGE_CURVE('',#2534,#2526,#2536,.T.);
#2534 = VERTEX_POINT('',#2535);
#2535 = CARTESIAN_POINT('',(-1.95,-0.6,4.4));
#2536 = CIRCLE('',#2537,0.4);
#2537 = AXIS2_PLACEMENT_3D('',#2538,#2539,#2540);
#2538 = CARTESIAN_POINT('',(-1.95,-0.2,4.4));
#2539 = DIRECTION('',(1.,-1.224646799147E-16,0.));
#2540 = DIRECTION('',(1.224646799147E-16,1.,0.));
#2541 = ORIENTED_EDGE('',*,*,#2542,.T.);
#2542 = EDGE_CURVE('',#2534,#1266,#2543,.T.);
#2543 = LINE('',#2544,#2545);
#2544 = CARTESIAN_POINT('',(-1.95,-0.6,2.2));
#2545 = VECTOR('',#2546,1.);
#2546 = DIRECTION('',(0.,0.,1.));
#2547 = ORIENTED_EDGE('',*,*,#1273,.T.);
#2548 = ORIENTED_EDGE('',*,*,#157,.F.);
#2549 = PLANE('',#2550);
#2550 = AXIS2_PLACEMENT_3D('',#2551,#2552,#2553);
#2551 = CARTESIAN_POINT('',(-1.95,1.7,0.));
#2552 = DIRECTION('',(1.,-1.224646799147E-16,0.));
#2553 = DIRECTION('',(-1.224646799147E-16,-1.,0.));
#2554 = ADVANCED_FACE('',(#2555),#2566,.F.);
#2555 = FACE_BOUND('',#2556,.F.);
#2556 = EDGE_LOOP('',(#2557,#2558,#2559,#2565));
#2557 = ORIENTED_EDGE('',*,*,#1077,.T.);
#2558 = ORIENTED_EDGE('',*,*,#2466,.T.);
#2559 = ORIENTED_EDGE('',*,*,#2560,.F.);
#2560 = EDGE_CURVE('',#564,#2467,#2561,.T.);
#2561 = LINE('',#2562,#2563);
#2562 = CARTESIAN_POINT('',(22.75,0.5,0.1));
#2563 = VECTOR('',#2564,1.);
#2564 = DIRECTION('',(-1.,1.224646799147E-16,0.));
#2565 = ORIENTED_EDGE('',*,*,#563,.F.);
#2566 = PLANE('',#2567);
#2567 = AXIS2_PLACEMENT_3D('',#2568,#2569,#2570);
#2568 = CARTESIAN_POINT('',(22.75,1.7,0.2));
#2569 = DIRECTION('',(-1.017013810865E-17,-8.304547985373E-02,
    0.996545758245));
#2570 = DIRECTION('',(-1.220416573038E-16,-0.996545758245,
    -8.304547985373E-02));
#2571 = ADVANCED_FACE('',(#2572,#2578),#2612,.F.);
#2572 = FACE_BOUND('',#2573,.F.);
#2573 = EDGE_LOOP('',(#2574,#2575,#2576,#2577));
#2574 = ORIENTED_EDGE('',*,*,#2560,.T.);
#2575 = ORIENTED_EDGE('',*,*,#2474,.T.);
#2576 = ORIENTED_EDGE('',*,*,#2498,.F.);
#2577 = ORIENTED_EDGE('',*,*,#571,.F.);
#2578 = FACE_BOUND('',#2579,.F.);
#2579 = EDGE_LOOP('',(#2580,#2590,#2598,#2606));
#2580 = ORIENTED_EDGE('',*,*,#2581,.F.);
#2581 = EDGE_CURVE('',#2582,#2584,#2586,.T.);
#2582 = VERTEX_POINT('',#2583);
#2583 = CARTESIAN_POINT('',(21.75,0.25,0.1));
#2584 = VERTEX_POINT('',#2585);
#2585 = CARTESIAN_POINT('',(21.75,-0.25,0.1));
#2586 = LINE('',#2587,#2588);
#2587 = CARTESIAN_POINT('',(21.75,0.271633216363,0.1));
#2588 = VECTOR('',#2589,1.);
#2589 = DIRECTION('',(-1.224646799147E-16,-1.,0.));
#2590 = ORIENTED_EDGE('',*,*,#2591,.T.);
#2591 = EDGE_CURVE('',#2582,#2592,#2594,.T.);
#2592 = VERTEX_POINT('',#2593);
#2593 = CARTESIAN_POINT('',(22.25,0.25,0.1));
#2594 = LINE('',#2595,#2596);
#2595 = CARTESIAN_POINT('',(22.5,0.25,0.1));
#2596 = VECTOR('',#2597,1.);
#2597 = DIRECTION('',(1.,-1.224646799147E-16,0.));
#2598 = ORIENTED_EDGE('',*,*,#2599,.T.);
#2599 = EDGE_CURVE('',#2592,#2600,#2602,.T.);
#2600 = VERTEX_POINT('',#2601);
#2601 = CARTESIAN_POINT('',(22.25,-0.25,0.1));
#2602 = LINE('',#2603,#2604);
#2603 = CARTESIAN_POINT('',(22.25,0.271633216363,0.1));
#2604 = VECTOR('',#2605,1.);
#2605 = DIRECTION('',(-1.224646799147E-16,-1.,0.));
#2606 = ORIENTED_EDGE('',*,*,#2607,.T.);
#2607 = EDGE_CURVE('',#2600,#2584,#2608,.T.);
#2608 = LINE('',#2609,#2610);
#2609 = CARTESIAN_POINT('',(22.5,-0.25,0.1));
#2610 = VECTOR('',#2611,1.);
#2611 = DIRECTION('',(-1.,1.224646799147E-16,0.));
#2612 = PLANE('',#2613);
#2613 = AXIS2_PLACEMENT_3D('',#2614,#2615,#2616);
#2614 = CARTESIAN_POINT('',(22.75,0.5,0.1));
#2615 = DIRECTION('',(0.,0.,1.));
#2616 = DIRECTION('',(-1.224646799147E-16,-1.,0.));
#2617 = ADVANCED_FACE('',(#2618),#2629,.F.);
#2618 = FACE_BOUND('',#2619,.F.);
#2619 = EDGE_LOOP('',(#2620,#2621,#2622,#2628));
#2620 = ORIENTED_EDGE('',*,*,#1045,.T.);
#2621 = ORIENTED_EDGE('',*,*,#2361,.T.);
#2622 = ORIENTED_EDGE('',*,*,#2623,.F.);
#2623 = EDGE_CURVE('',#2419,#2362,#2624,.T.);
#2624 = LINE('',#2625,#2626);
#2625 = CARTESIAN_POINT('',(20.75,0.5,0.1));
#2626 = VECTOR('',#2627,1.);
#2627 = DIRECTION('',(-1.,1.224646799147E-16,0.));
#2628 = ORIENTED_EDGE('',*,*,#2418,.F.);
#2629 = PLANE('',#2630);
#2630 = AXIS2_PLACEMENT_3D('',#2631,#2632,#2633);
#2631 = CARTESIAN_POINT('',(20.75,1.7,0.2));
#2632 = DIRECTION('',(-1.017013810865E-17,-8.304547985373E-02,
    0.996545758245));
#2633 = DIRECTION('',(-1.220416573038E-16,-0.996545758245,
    -8.304547985373E-02));
#2634 = ADVANCED_FACE('',(#2635),#2646,.F.);
#2635 = FACE_BOUND('',#2636,.F.);
#2636 = EDGE_LOOP('',(#2637,#2638,#2639,#2645));
#2637 = ORIENTED_EDGE('',*,*,#1013,.T.);
#2638 = ORIENTED_EDGE('',*,*,#2256,.T.);
#2639 = ORIENTED_EDGE('',*,*,#2640,.F.);
#2640 = EDGE_CURVE('',#2314,#2257,#2641,.T.);
#2641 = LINE('',#2642,#2643);
#2642 = CARTESIAN_POINT('',(18.75,0.5,0.1));
#2643 = VECTOR('',#2644,1.);
#2644 = DIRECTION('',(-1.,1.224646799147E-16,0.));
#2645 = ORIENTED_EDGE('',*,*,#2313,.F.);
#2646 = PLANE('',#2647);
#2647 = AXIS2_PLACEMENT_3D('',#2648,#2649,#2650);
#2648 = CARTESIAN_POINT('',(18.75,1.7,0.2));
#2649 = DIRECTION('',(-1.017013810865E-17,-8.304547985373E-02,
    0.996545758245));
#2650 = DIRECTION('',(-1.220416573038E-16,-0.996545758245,
    -8.304547985373E-02));
#2651 = ADVANCED_FACE('',(#2652),#2663,.F.);
#2652 = FACE_BOUND('',#2653,.F.);
#2653 = EDGE_LOOP('',(#2654,#2655,#2656,#2662));
#2654 = ORIENTED_EDGE('',*,*,#981,.T.);
#2655 = ORIENTED_EDGE('',*,*,#2151,.T.);
#2656 = ORIENTED_EDGE('',*,*,#2657,.F.);
#2657 = EDGE_CURVE('',#2209,#2152,#2658,.T.);
#2658 = LINE('',#2659,#2660);
#2659 = CARTESIAN_POINT('',(16.75,0.5,0.1));
#2660 = VECTOR('',#2661,1.);
#2661 = DIRECTION('',(-1.,1.224646799147E-16,0.));
#2662 = ORIENTED_EDGE('',*,*,#2208,.F.);
#2663 = PLANE('',#2664);
#2664 = AXIS2_PLACEMENT_3D('',#2665,#2666,#2667);
#2665 = CARTESIAN_POINT('',(16.75,1.7,0.2));
#2666 = DIRECTION('',(-1.017013810865E-17,-8.304547985373E-02,
    0.996545758245));
#2667 = DIRECTION('',(-1.220416573038E-16,-0.996545758245,
    -8.304547985373E-02));
#2668 = ADVANCED_FACE('',(#2669),#2680,.F.);
#2669 = FACE_BOUND('',#2670,.F.);
#2670 = EDGE_LOOP('',(#2671,#2672,#2673,#2679));
#2671 = ORIENTED_EDGE('',*,*,#949,.T.);
#2672 = ORIENTED_EDGE('',*,*,#2046,.T.);
#2673 = ORIENTED_EDGE('',*,*,#2674,.F.);
#2674 = EDGE_CURVE('',#2104,#2047,#2675,.T.);
#2675 = LINE('',#2676,#2677);
#2676 = CARTESIAN_POINT('',(14.75,0.5,0.1));
#2677 = VECTOR('',#2678,1.);
#2678 = DIRECTION('',(-1.,1.224646799147E-16,0.));
#2679 = ORIENTED_EDGE('',*,*,#2103,.F.);
#2680 = PLANE('',#2681);
#2681 = AXIS2_PLACEMENT_3D('',#2682,#2683,#2684);
#2682 = CARTESIAN_POINT('',(14.75,1.7,0.2));
#2683 = DIRECTION('',(-1.017013810865E-17,-8.304547985373E-02,
    0.996545758245));
#2684 = DIRECTION('',(-1.220416573038E-16,-0.996545758245,
    -8.304547985373E-02));
#2685 = ADVANCED_FACE('',(#2686),#2697,.F.);
#2686 = FACE_BOUND('',#2687,.F.);
#2687 = EDGE_LOOP('',(#2688,#2689,#2690,#2696));
#2688 = ORIENTED_EDGE('',*,*,#917,.T.);
#2689 = ORIENTED_EDGE('',*,*,#1941,.T.);
#2690 = ORIENTED_EDGE('',*,*,#2691,.F.);
#2691 = EDGE_CURVE('',#1999,#1942,#2692,.T.);
#2692 = LINE('',#2693,#2694);
#2693 = CARTESIAN_POINT('',(12.75,0.5,0.1));
#2694 = VECTOR('',#2695,1.);
#2695 = DIRECTION('',(-1.,1.224646799147E-16,0.));
#2696 = ORIENTED_EDGE('',*,*,#1998,.F.);
#2697 = PLANE('',#2698);
#2698 = AXIS2_PLACEMENT_3D('',#2699,#2700,#2701);
#2699 = CARTESIAN_POINT('',(12.75,1.7,0.2));
#2700 = DIRECTION('',(-1.017013810865E-17,-8.304547985373E-02,
    0.996545758245));
#2701 = DIRECTION('',(-1.220416573038E-16,-0.996545758245,
    -8.304547985373E-02));
#2702 = ADVANCED_FACE('',(#2703),#2714,.F.);
#2703 = FACE_BOUND('',#2704,.F.);
#2704 = EDGE_LOOP('',(#2705,#2706,#2707,#2713));
#2705 = ORIENTED_EDGE('',*,*,#885,.T.);
#2706 = ORIENTED_EDGE('',*,*,#1836,.T.);
#2707 = ORIENTED_EDGE('',*,*,#2708,.F.);
#2708 = EDGE_CURVE('',#1894,#1837,#2709,.T.);
#2709 = LINE('',#2710,#2711);
#2710 = CARTESIAN_POINT('',(10.75,0.5,0.1));
#2711 = VECTOR('',#2712,1.);
#2712 = DIRECTION('',(-1.,1.224646799147E-16,0.));
#2713 = ORIENTED_EDGE('',*,*,#1893,.F.);
#2714 = PLANE('',#2715);
#2715 = AXIS2_PLACEMENT_3D('',#2716,#2717,#2718);
#2716 = CARTESIAN_POINT('',(10.75,1.7,0.2));
#2717 = DIRECTION('',(-1.017013810865E-17,-8.304547985373E-02,
    0.996545758245));
#2718 = DIRECTION('',(-1.220416573038E-16,-0.996545758245,
    -8.304547985373E-02));
#2719 = ADVANCED_FACE('',(#2720),#2731,.F.);
#2720 = FACE_BOUND('',#2721,.F.);
#2721 = EDGE_LOOP('',(#2722,#2723,#2724,#2730));
#2722 = ORIENTED_EDGE('',*,*,#853,.T.);
#2723 = ORIENTED_EDGE('',*,*,#1731,.T.);
#2724 = ORIENTED_EDGE('',*,*,#2725,.F.);
#2725 = EDGE_CURVE('',#1789,#1732,#2726,.T.);
#2726 = LINE('',#2727,#2728);
#2727 = CARTESIAN_POINT('',(8.75,0.5,0.1));
#2728 = VECTOR('',#2729,1.);
#2729 = DIRECTION('',(-1.,1.224646799147E-16,0.));
#2730 = ORIENTED_EDGE('',*,*,#1788,.F.);
#2731 = PLANE('',#2732);
#2732 = AXIS2_PLACEMENT_3D('',#2733,#2734,#2735);
#2733 = CARTESIAN_POINT('',(8.75,1.7,0.2));
#2734 = DIRECTION('',(-1.017013810865E-17,-8.304547985373E-02,
    0.996545758245));
#2735 = DIRECTION('',(-1.220416573038E-16,-0.996545758245,
    -8.304547985373E-02));
#2736 = ADVANCED_FACE('',(#2737),#2748,.F.);
#2737 = FACE_BOUND('',#2738,.F.);
#2738 = EDGE_LOOP('',(#2739,#2740,#2741,#2747));
#2739 = ORIENTED_EDGE('',*,*,#821,.T.);
#2740 = ORIENTED_EDGE('',*,*,#1626,.T.);
#2741 = ORIENTED_EDGE('',*,*,#2742,.F.);
#2742 = EDGE_CURVE('',#1684,#1627,#2743,.T.);
#2743 = LINE('',#2744,#2745);
#2744 = CARTESIAN_POINT('',(6.75,0.5,0.1));
#2745 = VECTOR('',#2746,1.);
#2746 = DIRECTION('',(-1.,1.224646799147E-16,0.));
#2747 = ORIENTED_EDGE('',*,*,#1683,.F.);
#2748 = PLANE('',#2749);
#2749 = AXIS2_PLACEMENT_3D('',#2750,#2751,#2752);
#2750 = CARTESIAN_POINT('',(6.75,1.7,0.2));
#2751 = DIRECTION('',(-1.017013810865E-17,-8.304547985373E-02,
    0.996545758245));
#2752 = DIRECTION('',(-1.220416573038E-16,-0.996545758245,
    -8.304547985373E-02));
#2753 = ADVANCED_FACE('',(#2754),#2765,.F.);
#2754 = FACE_BOUND('',#2755,.F.);
#2755 = EDGE_LOOP('',(#2756,#2757,#2758,#2764));
#2756 = ORIENTED_EDGE('',*,*,#789,.T.);
#2757 = ORIENTED_EDGE('',*,*,#1521,.T.);
#2758 = ORIENTED_EDGE('',*,*,#2759,.F.);
#2759 = EDGE_CURVE('',#1579,#1522,#2760,.T.);
#2760 = LINE('',#2761,#2762);
#2761 = CARTESIAN_POINT('',(4.75,0.5,0.1));
#2762 = VECTOR('',#2763,1.);
#2763 = DIRECTION('',(-1.,1.224646799147E-16,0.));
#2764 = ORIENTED_EDGE('',*,*,#1578,.F.);
#2765 = PLANE('',#2766);
#2766 = AXIS2_PLACEMENT_3D('',#2767,#2768,#2769);
#2767 = CARTESIAN_POINT('',(4.75,1.7,0.2));
#2768 = DIRECTION('',(-1.017013810865E-17,-8.304547985373E-02,
    0.996545758245));
#2769 = DIRECTION('',(-1.220416573038E-16,-0.996545758245,
    -8.304547985373E-02));
#2770 = ADVANCED_FACE('',(#2771),#2782,.F.);
#2771 = FACE_BOUND('',#2772,.F.);
#2772 = EDGE_LOOP('',(#2773,#2774,#2775,#2781));
#2773 = ORIENTED_EDGE('',*,*,#757,.T.);
#2774 = ORIENTED_EDGE('',*,*,#1416,.T.);
#2775 = ORIENTED_EDGE('',*,*,#2776,.F.);
#2776 = EDGE_CURVE('',#1474,#1417,#2777,.T.);
#2777 = LINE('',#2778,#2779);
#2778 = CARTESIAN_POINT('',(2.75,0.5,0.1));
#2779 = VECTOR('',#2780,1.);
#2780 = DIRECTION('',(-1.,1.224646799147E-16,0.));
#2781 = ORIENTED_EDGE('',*,*,#1473,.F.);
#2782 = PLANE('',#2783);
#2783 = AXIS2_PLACEMENT_3D('',#2784,#2785,#2786);
#2784 = CARTESIAN_POINT('',(2.75,1.7,0.2));
#2785 = DIRECTION('',(-1.017013810865E-17,-8.304547985373E-02,
    0.996545758245));
#2786 = DIRECTION('',(-1.220416573038E-16,-0.996545758245,
    -8.304547985373E-02));
#2787 = ADVANCED_FACE('',(#2788),#2799,.F.);
#2788 = FACE_BOUND('',#2789,.F.);
#2789 = EDGE_LOOP('',(#2790,#2791,#2792,#2798));
#2790 = ORIENTED_EDGE('',*,*,#725,.T.);
#2791 = ORIENTED_EDGE('',*,*,#1311,.T.);
#2792 = ORIENTED_EDGE('',*,*,#2793,.F.);
#2793 = EDGE_CURVE('',#1369,#1312,#2794,.T.);
#2794 = LINE('',#2795,#2796);
#2795 = CARTESIAN_POINT('',(0.75,0.5,0.1));
#2796 = VECTOR('',#2797,1.);
#2797 = DIRECTION('',(-1.,1.224646799147E-16,0.));
#2798 = ORIENTED_EDGE('',*,*,#1368,.F.);
#2799 = PLANE('',#2800);
#2800 = AXIS2_PLACEMENT_3D('',#2801,#2802,#2803);
#2801 = CARTESIAN_POINT('',(0.75,1.7,0.2));
#2802 = DIRECTION('',(-1.017013810865E-17,-8.304547985373E-02,
    0.996545758245));
#2803 = DIRECTION('',(-1.220416573038E-16,-0.996545758245,
    -8.304547985373E-02));
#2804 = ADVANCED_FACE('',(#2805),#2862,.T.);
#2805 = FACE_BOUND('',#2806,.T.);
#2806 = EDGE_LOOP('',(#2807,#2815,#2816,#2824,#2832,#2838,#2839,#2840,
    #2848,#2856));
#2807 = ORIENTED_EDGE('',*,*,#2808,.F.);
#2808 = EDGE_CURVE('',#622,#2809,#2811,.T.);
#2809 = VERTEX_POINT('',#2810);
#2810 = CARTESIAN_POINT('',(0.55,1.1,6.));
#2811 = LINE('',#2812,#2813);
#2812 = CARTESIAN_POINT('',(0.55,1.7,6.));
#2813 = VECTOR('',#2814,1.);
#2814 = DIRECTION('',(-1.224646799147E-16,-1.,0.));
#2815 = ORIENTED_EDGE('',*,*,#629,.T.);
#2816 = ORIENTED_EDGE('',*,*,#2817,.T.);
#2817 = EDGE_CURVE('',#630,#2818,#2820,.T.);
#2818 = VERTEX_POINT('',#2819);
#2819 = CARTESIAN_POINT('',(-0.45,1.75,6.));
#2820 = LINE('',#2821,#2822);
#2821 = CARTESIAN_POINT('',(-0.45,1.7,6.));
#2822 = VECTOR('',#2823,1.);
#2823 = DIRECTION('',(1.224646799147E-16,1.,0.));
#2824 = ORIENTED_EDGE('',*,*,#2825,.T.);
#2825 = EDGE_CURVE('',#2818,#2826,#2828,.T.);
#2826 = VERTEX_POINT('',#2827);
#2827 = CARTESIAN_POINT('',(-0.95,1.75,6.));
#2828 = LINE('',#2829,#2830);
#2829 = CARTESIAN_POINT('',(-0.45,1.75,6.));
#2830 = VECTOR('',#2831,1.);
#2831 = DIRECTION('',(-1.,1.224646799147E-16,0.));
#2832 = ORIENTED_EDGE('',*,*,#2833,.T.);
#2833 = EDGE_CURVE('',#2826,#686,#2834,.T.);
#2834 = LINE('',#2835,#2836);
#2835 = CARTESIAN_POINT('',(-0.95,1.75,6.));
#2836 = VECTOR('',#2837,1.);
#2837 = DIRECTION('',(-1.224646799147E-16,-1.,0.));
#2838 = ORIENTED_EDGE('',*,*,#693,.T.);
#2839 = ORIENTED_EDGE('',*,*,#2517,.T.);
#2840 = ORIENTED_EDGE('',*,*,#2841,.F.);
#2841 = EDGE_CURVE('',#2842,#2518,#2844,.T.);
#2842 = VERTEX_POINT('',#2843);
#2843 = CARTESIAN_POINT('',(-1.45,0.2,6.));
#2844 = LINE('',#2845,#2846);
#2845 = CARTESIAN_POINT('',(23.95,0.2,6.));
#2846 = VECTOR('',#2847,1.);
#2847 = DIRECTION('',(-1.,1.224646799147E-16,0.));
#2848 = ORIENTED_EDGE('',*,*,#2849,.F.);
#2849 = EDGE_CURVE('',#2850,#2842,#2852,.T.);
#2850 = VERTEX_POINT('',#2851);
#2851 = CARTESIAN_POINT('',(-1.45,1.1,6.));
#2852 = LINE('',#2853,#2854);
#2853 = CARTESIAN_POINT('',(-1.45,1.1,6.));
#2854 = VECTOR('',#2855,1.);
#2855 = DIRECTION('',(-1.224646799147E-16,-1.,0.));
#2856 = ORIENTED_EDGE('',*,*,#2857,.F.);
#2857 = EDGE_CURVE('',#2809,#2850,#2858,.T.);
#2858 = LINE('',#2859,#2860);
#2859 = CARTESIAN_POINT('',(23.45,1.1,6.));
#2860 = VECTOR('',#2861,1.);
#2861 = DIRECTION('',(-1.,1.224646799147E-16,0.));
#2862 = PLANE('',#2863);
#2863 = AXIS2_PLACEMENT_3D('',#2864,#2865,#2866);
#2864 = CARTESIAN_POINT('',(-0.922222222222,1.18487654321,6.));
#2865 = DIRECTION('',(0.,0.,1.));
#2866 = DIRECTION('',(-1.,1.224646799147E-16,0.));
#2867 = ADVANCED_FACE('',(#2868),#2886,.F.);
#2868 = FACE_BOUND('',#2869,.F.);
#2869 = EDGE_LOOP('',(#2870,#2878,#2879,#2880));
#2870 = ORIENTED_EDGE('',*,*,#2871,.T.);
#2871 = EDGE_CURVE('',#2872,#2826,#2874,.T.);
#2872 = VERTEX_POINT('',#2873);
#2873 = CARTESIAN_POINT('',(-0.95,1.75,4.2));
#2874 = LINE('',#2875,#2876);
#2875 = CARTESIAN_POINT('',(-0.95,1.75,4.2));
#2876 = VECTOR('',#2877,1.);
#2877 = DIRECTION('',(0.,0.,1.));
#2878 = ORIENTED_EDGE('',*,*,#2833,.T.);
#2879 = ORIENTED_EDGE('',*,*,#685,.F.);
#2880 = ORIENTED_EDGE('',*,*,#2881,.F.);
#2881 = EDGE_CURVE('',#2872,#678,#2882,.T.);
#2882 = LINE('',#2883,#2884);
#2883 = CARTESIAN_POINT('',(-0.95,1.75,4.2));
#2884 = VECTOR('',#2885,1.);
#2885 = DIRECTION('',(-1.224646799147E-16,-1.,0.));
#2886 = PLANE('',#2887);
#2887 = AXIS2_PLACEMENT_3D('',#2888,#2889,#2890);
#2888 = CARTESIAN_POINT('',(-0.95,1.75,4.2));
#2889 = DIRECTION('',(1.,-1.224646799147E-16,0.));
#2890 = DIRECTION('',(-1.224646799147E-16,-1.,0.));
#2891 = ADVANCED_FACE('',(#2892),#2933,.T.);
#2892 = FACE_BOUND('',#2893,.T.);
#2893 = EDGE_LOOP('',(#2894,#2895,#2903,#2911,#2917,#2918,#2919,#2927));
#2894 = ORIENTED_EDGE('',*,*,#645,.F.);
#2895 = ORIENTED_EDGE('',*,*,#2896,.T.);
#2896 = EDGE_CURVE('',#646,#2897,#2899,.T.);
#2897 = VERTEX_POINT('',#2898);
#2898 = CARTESIAN_POINT('',(-0.4,1.1,4.2));
#2899 = LINE('',#2900,#2901);
#2900 = CARTESIAN_POINT('',(-0.4,1.7,4.2));
#2901 = VECTOR('',#2902,1.);
#2902 = DIRECTION('',(-1.224646799147E-16,-1.,0.));
#2903 = ORIENTED_EDGE('',*,*,#2904,.T.);
#2904 = EDGE_CURVE('',#2897,#2905,#2907,.T.);
#2905 = VERTEX_POINT('',#2906);
#2906 = CARTESIAN_POINT('',(-1.4,1.1,4.2));
#2907 = LINE('',#2908,#2909);
#2908 = CARTESIAN_POINT('',(11.525,1.1,4.2));
#2909 = VECTOR('',#2910,1.);
#2910 = DIRECTION('',(-1.,1.224646799147E-16,0.));
#2911 = ORIENTED_EDGE('',*,*,#2912,.F.);
#2912 = EDGE_CURVE('',#670,#2905,#2913,.T.);
#2913 = LINE('',#2914,#2915);
#2914 = CARTESIAN_POINT('',(-1.4,1.7,4.2));
#2915 = VECTOR('',#2916,1.);
#2916 = DIRECTION('',(-1.224646799147E-16,-1.,0.));
#2917 = ORIENTED_EDGE('',*,*,#677,.F.);
#2918 = ORIENTED_EDGE('',*,*,#2881,.F.);
#2919 = ORIENTED_EDGE('',*,*,#2920,.F.);
#2920 = EDGE_CURVE('',#2921,#2872,#2923,.T.);
#2921 = VERTEX_POINT('',#2922);
#2922 = CARTESIAN_POINT('',(-0.45,1.75,4.2));
#2923 = LINE('',#2924,#2925);
#2924 = CARTESIAN_POINT('',(-0.45,1.75,4.2));
#2925 = VECTOR('',#2926,1.);
#2926 = DIRECTION('',(-1.,1.224646799147E-16,0.));
#2927 = ORIENTED_EDGE('',*,*,#2928,.F.);
#2928 = EDGE_CURVE('',#638,#2921,#2929,.T.);
#2929 = LINE('',#2930,#2931);
#2930 = CARTESIAN_POINT('',(-0.45,1.7,4.2));
#2931 = VECTOR('',#2932,1.);
#2932 = DIRECTION('',(1.224646799147E-16,1.,0.));
#2933 = PLANE('',#2934);
#2934 = AXIS2_PLACEMENT_3D('',#2935,#2936,#2937);
#2935 = CARTESIAN_POINT('',(-0.893939393939,1.417424242424,4.2));
#2936 = DIRECTION('',(-1.677941384625E-29,2.22587685112E-30,-1.));
#2937 = DIRECTION('',(1.,-1.224646799147E-16,-1.677941384625E-29));
#2938 = ADVANCED_FACE('',(#2939),#2957,.T.);
#2939 = FACE_BOUND('',#2940,.T.);
#2940 = EDGE_LOOP('',(#2941,#2942,#2943,#2951));
#2941 = ORIENTED_EDGE('',*,*,#669,.F.);
#2942 = ORIENTED_EDGE('',*,*,#2912,.T.);
#2943 = ORIENTED_EDGE('',*,*,#2944,.T.);
#2944 = EDGE_CURVE('',#2905,#2945,#2947,.T.);
#2945 = VERTEX_POINT('',#2946);
#2946 = CARTESIAN_POINT('',(-1.4,1.1,2.4));
#2947 = LINE('',#2948,#2949);
#2948 = CARTESIAN_POINT('',(-1.4,1.1,5.1));
#2949 = VECTOR('',#2950,1.);
#2950 = DIRECTION('',(-0.,0.,-1.));
#2951 = ORIENTED_EDGE('',*,*,#2952,.F.);
#2952 = EDGE_CURVE('',#662,#2945,#2953,.T.);
#2953 = LINE('',#2954,#2955);
#2954 = CARTESIAN_POINT('',(-1.4,1.7,2.4));
#2955 = VECTOR('',#2956,1.);
#2956 = DIRECTION('',(-1.224646799147E-16,-1.,0.));
#2957 = PLANE('',#2958);
#2958 = AXIS2_PLACEMENT_3D('',#2959,#2960,#2961);
#2959 = CARTESIAN_POINT('',(-1.4,1.7,4.2));
#2960 = DIRECTION('',(1.,-1.224646799147E-16,-0.));
#2961 = DIRECTION('',(-0.,0.,-1.));
#2962 = ADVANCED_FACE('',(#2963),#2981,.T.);
#2963 = FACE_BOUND('',#2964,.T.);
#2964 = EDGE_LOOP('',(#2965,#2966,#2967,#2975));
#2965 = ORIENTED_EDGE('',*,*,#661,.F.);
#2966 = ORIENTED_EDGE('',*,*,#2952,.T.);
#2967 = ORIENTED_EDGE('',*,*,#2968,.T.);
#2968 = EDGE_CURVE('',#2945,#2969,#2971,.T.);
#2969 = VERTEX_POINT('',#2970);
#2970 = CARTESIAN_POINT('',(-0.4,1.1,2.4));
#2971 = LINE('',#2972,#2973);
#2972 = CARTESIAN_POINT('',(11.025,1.1,2.4));
#2973 = VECTOR('',#2974,1.);
#2974 = DIRECTION('',(1.,-1.224646799147E-16,0.));
#2975 = ORIENTED_EDGE('',*,*,#2976,.F.);
#2976 = EDGE_CURVE('',#654,#2969,#2977,.T.);
#2977 = LINE('',#2978,#2979);
#2978 = CARTESIAN_POINT('',(-0.4,1.7,2.4));
#2979 = VECTOR('',#2980,1.);
#2980 = DIRECTION('',(-1.224646799147E-16,-1.,0.));
#2981 = PLANE('',#2982);
#2982 = AXIS2_PLACEMENT_3D('',#2983,#2984,#2985);
#2983 = CARTESIAN_POINT('',(-1.4,1.7,2.4));
#2984 = DIRECTION('',(0.,0.,1.));
#2985 = DIRECTION('',(1.,-1.224646799147E-16,0.));
#2986 = ADVANCED_FACE('',(#2987),#2998,.T.);
#2987 = FACE_BOUND('',#2988,.T.);
#2988 = EDGE_LOOP('',(#2989,#2990,#2991,#2997));
#2989 = ORIENTED_EDGE('',*,*,#653,.F.);
#2990 = ORIENTED_EDGE('',*,*,#2976,.T.);
#2991 = ORIENTED_EDGE('',*,*,#2992,.T.);
#2992 = EDGE_CURVE('',#2969,#2897,#2993,.T.);
#2993 = LINE('',#2994,#2995);
#2994 = CARTESIAN_POINT('',(-0.4,1.1,4.2));
#2995 = VECTOR('',#2996,1.);
#2996 = DIRECTION('',(0.,0.,1.));
#2997 = ORIENTED_EDGE('',*,*,#2896,.F.);
#2998 = PLANE('',#2999);
#2999 = AXIS2_PLACEMENT_3D('',#3000,#3001,#3002);
#3000 = CARTESIAN_POINT('',(-0.4,1.7,2.4));
#3001 = DIRECTION('',(-1.,1.224646799147E-16,0.));
#3002 = DIRECTION('',(0.,0.,1.));
#3003 = ADVANCED_FACE('',(#3004),#3015,.F.);
#3004 = FACE_BOUND('',#3005,.F.);
#3005 = EDGE_LOOP('',(#3006,#3007,#3008,#3014));
#3006 = ORIENTED_EDGE('',*,*,#637,.T.);
#3007 = ORIENTED_EDGE('',*,*,#2817,.T.);
#3008 = ORIENTED_EDGE('',*,*,#3009,.F.);
#3009 = EDGE_CURVE('',#2921,#2818,#3010,.T.);
#3010 = LINE('',#3011,#3012);
#3011 = CARTESIAN_POINT('',(-0.45,1.75,4.2));
#3012 = VECTOR('',#3013,1.);
#3013 = DIRECTION('',(0.,0.,1.));
#3014 = ORIENTED_EDGE('',*,*,#2928,.F.);
#3015 = PLANE('',#3016);
#3016 = AXIS2_PLACEMENT_3D('',#3017,#3018,#3019);
#3017 = CARTESIAN_POINT('',(-0.45,1.7,4.2));
#3018 = DIRECTION('',(-1.,1.224646799147E-16,0.));
#3019 = DIRECTION('',(1.224646799147E-16,1.,0.));
#3020 = ADVANCED_FACE('',(#3021),#3039,.F.);
#3021 = FACE_BOUND('',#3022,.F.);
#3022 = EDGE_LOOP('',(#3023,#3024,#3032,#3038));
#3023 = ORIENTED_EDGE('',*,*,#621,.F.);
#3024 = ORIENTED_EDGE('',*,*,#3025,.T.);
#3025 = EDGE_CURVE('',#614,#3026,#3028,.T.);
#3026 = VERTEX_POINT('',#3027);
#3027 = CARTESIAN_POINT('',(0.55,1.1,2.1));
#3028 = LINE('',#3029,#3030);
#3029 = CARTESIAN_POINT('',(0.55,1.7,2.1));
#3030 = VECTOR('',#3031,1.);
#3031 = DIRECTION('',(-1.224646799147E-16,-1.,0.));
#3032 = ORIENTED_EDGE('',*,*,#3033,.T.);
#3033 = EDGE_CURVE('',#3026,#2809,#3034,.T.);
#3034 = LINE('',#3035,#3036);
#3035 = CARTESIAN_POINT('',(0.55,1.1,4.05));
#3036 = VECTOR('',#3037,1.);
#3037 = DIRECTION('',(0.,0.,1.));
#3038 = ORIENTED_EDGE('',*,*,#2808,.F.);
#3039 = PLANE('',#3040);
#3040 = AXIS2_PLACEMENT_3D('',#3041,#3042,#3043);
#3041 = CARTESIAN_POINT('',(0.55,1.7,2.1));
#3042 = DIRECTION('',(-1.,1.224646799147E-16,0.));
#3043 = DIRECTION('',(0.,0.,1.));
#3044 = ADVANCED_FACE('',(#3045),#3063,.F.);
#3045 = FACE_BOUND('',#3046,.F.);
#3046 = EDGE_LOOP('',(#3047,#3048,#3056,#3062));
#3047 = ORIENTED_EDGE('',*,*,#613,.F.);
#3048 = ORIENTED_EDGE('',*,*,#3049,.T.);
#3049 = EDGE_CURVE('',#606,#3050,#3052,.T.);
#3050 = VERTEX_POINT('',#3051);
#3051 = CARTESIAN_POINT('',(21.45,1.1,2.1));
#3052 = LINE('',#3053,#3054);
#3053 = CARTESIAN_POINT('',(21.45,1.7,2.1));
#3054 = VECTOR('',#3055,1.);
#3055 = DIRECTION('',(-1.224646799147E-16,-1.,0.));
#3056 = ORIENTED_EDGE('',*,*,#3057,.T.);
#3057 = EDGE_CURVE('',#3050,#3026,#3058,.T.);
#3058 = LINE('',#3059,#3060);
#3059 = CARTESIAN_POINT('',(22.45,1.1,2.1));
#3060 = VECTOR('',#3061,1.);
#3061 = DIRECTION('',(-1.,1.224646799147E-16,0.));
#3062 = ORIENTED_EDGE('',*,*,#3025,.F.);
#3063 = PLANE('',#3064);
#3064 = AXIS2_PLACEMENT_3D('',#3065,#3066,#3067);
#3065 = CARTESIAN_POINT('',(21.45,1.7,2.1));
#3066 = DIRECTION('',(-0.,0.,-1.));
#3067 = DIRECTION('',(-1.,1.224646799147E-16,0.));
#3068 = ADVANCED_FACE('',(#3069),#3080,.F.);
#3069 = FACE_BOUND('',#3070,.F.);
#3070 = EDGE_LOOP('',(#3071,#3072,#3073,#3079));
#3071 = ORIENTED_EDGE('',*,*,#605,.F.);
#3072 = ORIENTED_EDGE('',*,*,#1136,.T.);
#3073 = ORIENTED_EDGE('',*,*,#3074,.T.);
#3074 = EDGE_CURVE('',#1137,#3050,#3075,.T.);
#3075 = LINE('',#3076,#3077);
#3076 = CARTESIAN_POINT('',(21.45,1.1,6.));
#3077 = VECTOR('',#3078,1.);
#3078 = DIRECTION('',(-0.,0.,-1.));
#3079 = ORIENTED_EDGE('',*,*,#3049,.F.);
#3080 = PLANE('',#3081);
#3081 = AXIS2_PLACEMENT_3D('',#3082,#3083,#3084);
#3082 = CARTESIAN_POINT('',(21.45,1.7,6.));
#3083 = DIRECTION('',(1.,-1.224646799147E-16,0.));
#3084 = DIRECTION('',(0.,-0.,-1.));
#3085 = ADVANCED_FACE('',(#3086),#3111,.F.);
#3086 = FACE_BOUND('',#3087,.F.);
#3087 = EDGE_LOOP('',(#3088,#3089,#3097,#3105));
#3088 = ORIENTED_EDGE('',*,*,#1086,.F.);
#3089 = ORIENTED_EDGE('',*,*,#3090,.T.);
#3090 = EDGE_CURVE('',#1087,#3091,#3093,.T.);
#3091 = VERTEX_POINT('',#3092);
#3092 = CARTESIAN_POINT('',(22.4,1.1,4.2));
#3093 = LINE('',#3094,#3095);
#3094 = CARTESIAN_POINT('',(22.4,1.7,4.2));
#3095 = VECTOR('',#3096,1.);
#3096 = DIRECTION('',(-1.224646799147E-16,-1.,0.));
#3097 = ORIENTED_EDGE('',*,*,#3098,.T.);
#3098 = EDGE_CURVE('',#3091,#3099,#3101,.T.);
#3099 = VERTEX_POINT('',#3100);
#3100 = CARTESIAN_POINT('',(23.4,1.1,4.2));
#3101 = LINE('',#3102,#3103);
#3102 = CARTESIAN_POINT('',(22.925,1.1,4.2));
#3103 = VECTOR('',#3104,1.);
#3104 = DIRECTION('',(1.,-1.224646799147E-16,0.));
#3105 = ORIENTED_EDGE('',*,*,#3106,.F.);
#3106 = EDGE_CURVE('',#1089,#3099,#3107,.T.);
#3107 = LINE('',#3108,#3109);
#3108 = CARTESIAN_POINT('',(23.4,1.7,4.2));
#3109 = VECTOR('',#3110,1.);
#3110 = DIRECTION('',(-1.224646799147E-16,-1.,0.));
#3111 = PLANE('',#3112);
#3112 = AXIS2_PLACEMENT_3D('',#3113,#3114,#3115);
#3113 = CARTESIAN_POINT('',(22.4,1.7,4.2));
#3114 = DIRECTION('',(0.,0.,1.));
#3115 = DIRECTION('',(1.,-1.224646799147E-16,0.));
#3116 = ADVANCED_FACE('',(#3117),#3135,.F.);
#3117 = FACE_BOUND('',#3118,.F.);
#3118 = EDGE_LOOP('',(#3119,#3120,#3128,#3134));
#3119 = ORIENTED_EDGE('',*,*,#1112,.F.);
#3120 = ORIENTED_EDGE('',*,*,#3121,.T.);
#3121 = EDGE_CURVE('',#1105,#3122,#3124,.T.);
#3122 = VERTEX_POINT('',#3123);
#3123 = CARTESIAN_POINT('',(22.4,1.1,2.4));
#3124 = LINE('',#3125,#3126);
#3125 = CARTESIAN_POINT('',(22.4,1.7,2.4));
#3126 = VECTOR('',#3127,1.);
#3127 = DIRECTION('',(-1.224646799147E-16,-1.,0.));
#3128 = ORIENTED_EDGE('',*,*,#3129,.T.);
#3129 = EDGE_CURVE('',#3122,#3091,#3130,.T.);
#3130 = LINE('',#3131,#3132);
#3131 = CARTESIAN_POINT('',(22.4,1.1,4.2));
#3132 = VECTOR('',#3133,1.);
#3133 = DIRECTION('',(0.,0.,1.));
#3134 = ORIENTED_EDGE('',*,*,#3090,.F.);
#3135 = PLANE('',#3136);
#3136 = AXIS2_PLACEMENT_3D('',#3137,#3138,#3139);
#3137 = CARTESIAN_POINT('',(22.4,1.7,2.4));
#3138 = DIRECTION('',(-1.,1.224646799147E-16,0.));
#3139 = DIRECTION('',(0.,0.,1.));
#3140 = ADVANCED_FACE('',(#3141),#3159,.F.);
#3141 = FACE_BOUND('',#3142,.F.);
#3142 = EDGE_LOOP('',(#3143,#3144,#3145,#3153));
#3143 = ORIENTED_EDGE('',*,*,#1096,.F.);
#3144 = ORIENTED_EDGE('',*,*,#3106,.T.);
#3145 = ORIENTED_EDGE('',*,*,#3146,.T.);
#3146 = EDGE_CURVE('',#3099,#3147,#3149,.T.);
#3147 = VERTEX_POINT('',#3148);
#3148 = CARTESIAN_POINT('',(23.4,1.1,2.4));
#3149 = LINE('',#3150,#3151);
#3150 = CARTESIAN_POINT('',(23.4,1.1,5.1));
#3151 = VECTOR('',#3152,1.);
#3152 = DIRECTION('',(-0.,0.,-1.));
#3153 = ORIENTED_EDGE('',*,*,#3154,.F.);
#3154 = EDGE_CURVE('',#1097,#3147,#3155,.T.);
#3155 = LINE('',#3156,#3157);
#3156 = CARTESIAN_POINT('',(23.4,1.7,2.4));
#3157 = VECTOR('',#3158,1.);
#3158 = DIRECTION('',(-1.224646799147E-16,-1.,0.));
#3159 = PLANE('',#3160);
#3160 = AXIS2_PLACEMENT_3D('',#3161,#3162,#3163);
#3161 = CARTESIAN_POINT('',(23.4,1.7,4.2));
#3162 = DIRECTION('',(1.,-1.224646799147E-16,-0.));
#3163 = DIRECTION('',(-0.,0.,-1.));
#3164 = ADVANCED_FACE('',(#3165),#3176,.F.);
#3165 = FACE_BOUND('',#3166,.F.);
#3166 = EDGE_LOOP('',(#3167,#3168,#3169,#3175));
#3167 = ORIENTED_EDGE('',*,*,#1104,.F.);
#3168 = ORIENTED_EDGE('',*,*,#3154,.T.);
#3169 = ORIENTED_EDGE('',*,*,#3170,.T.);
#3170 = EDGE_CURVE('',#3147,#3122,#3171,.T.);
#3171 = LINE('',#3172,#3173);
#3172 = CARTESIAN_POINT('',(23.425,1.1,2.4));
#3173 = VECTOR('',#3174,1.);
#3174 = DIRECTION('',(-1.,1.224646799147E-16,0.));
#3175 = ORIENTED_EDGE('',*,*,#3121,.F.);
#3176 = PLANE('',#3177);
#3177 = AXIS2_PLACEMENT_3D('',#3178,#3179,#3180);
#3178 = CARTESIAN_POINT('',(23.4,1.7,2.4));
#3179 = DIRECTION('',(-0.,0.,-1.));
#3180 = DIRECTION('',(-1.,1.224646799147E-16,0.));
#3181 = ADVANCED_FACE('',(#3182),#3211,.F.);
#3182 = FACE_BOUND('',#3183,.F.);
#3183 = EDGE_LOOP('',(#3184,#3185,#3193,#3201,#3207,#3208,#3209,#3210));
#3184 = ORIENTED_EDGE('',*,*,#1241,.F.);
#3185 = ORIENTED_EDGE('',*,*,#3186,.T.);
#3186 = EDGE_CURVE('',#1242,#3187,#3189,.T.);
#3187 = VERTEX_POINT('',#3188);
#3188 = CARTESIAN_POINT('',(23.45,-2.3,1.8));
#3189 = LINE('',#3190,#3191);
#3190 = CARTESIAN_POINT('',(23.45,-2.3,6.));
#3191 = VECTOR('',#3192,1.);
#3192 = DIRECTION('',(0.,0.,-1.));
#3193 = ORIENTED_EDGE('',*,*,#3194,.T.);
#3194 = EDGE_CURVE('',#3187,#3195,#3197,.T.);
#3195 = VERTEX_POINT('',#3196);
#3196 = CARTESIAN_POINT('',(23.45,1.1,1.8));
#3197 = LINE('',#3198,#3199);
#3198 = CARTESIAN_POINT('',(23.45,-2.3,1.8));
#3199 = VECTOR('',#3200,1.);
#3200 = DIRECTION('',(1.224646799147E-16,1.,0.));
#3201 = ORIENTED_EDGE('',*,*,#3202,.F.);
#3202 = EDGE_CURVE('',#1145,#3195,#3203,.T.);
#3203 = LINE('',#3204,#3205);
#3204 = CARTESIAN_POINT('',(23.45,1.1,6.));
#3205 = VECTOR('',#3206,1.);
#3206 = DIRECTION('',(0.,0.,-1.));
#3207 = ORIENTED_EDGE('',*,*,#1152,.F.);
#3208 = ORIENTED_EDGE('',*,*,#1168,.T.);
#3209 = ORIENTED_EDGE('',*,*,#1198,.F.);
#3210 = ORIENTED_EDGE('',*,*,#1217,.T.);
#3211 = PLANE('',#3212);
#3212 = AXIS2_PLACEMENT_3D('',#3213,#3214,#3215);
#3213 = CARTESIAN_POINT('',(23.45,-2.3,6.));
#3214 = DIRECTION('',(1.,-1.224646799147E-16,0.));
#3215 = DIRECTION('',(1.224646799147E-16,1.,0.));
#3216 = ADVANCED_FACE('',(#3217,#3239,#3245),#3251,.F.);
#3217 = FACE_BOUND('',#3218,.F.);
#3218 = EDGE_LOOP('',(#3219,#3220,#3221,#3229,#3235,#3236,#3237,#3238));
#3219 = ORIENTED_EDGE('',*,*,#1144,.F.);
#3220 = ORIENTED_EDGE('',*,*,#3202,.T.);
#3221 = ORIENTED_EDGE('',*,*,#3222,.T.);
#3222 = EDGE_CURVE('',#3195,#3223,#3225,.T.);
#3223 = VERTEX_POINT('',#3224);
#3224 = CARTESIAN_POINT('',(-1.45,1.1,1.8));
#3225 = LINE('',#3226,#3227);
#3226 = CARTESIAN_POINT('',(23.45,1.1,1.8));
#3227 = VECTOR('',#3228,1.);
#3228 = DIRECTION('',(-1.,1.224646799147E-16,0.));
#3229 = ORIENTED_EDGE('',*,*,#3230,.F.);
#3230 = EDGE_CURVE('',#2850,#3223,#3231,.T.);
#3231 = LINE('',#3232,#3233);
#3232 = CARTESIAN_POINT('',(-1.45,1.1,6.));
#3233 = VECTOR('',#3234,1.);
#3234 = DIRECTION('',(0.,0.,-1.));
#3235 = ORIENTED_EDGE('',*,*,#2857,.F.);
#3236 = ORIENTED_EDGE('',*,*,#3033,.F.);
#3237 = ORIENTED_EDGE('',*,*,#3057,.F.);
#3238 = ORIENTED_EDGE('',*,*,#3074,.F.);
#3239 = FACE_BOUND('',#3240,.F.);
#3240 = EDGE_LOOP('',(#3241,#3242,#3243,#3244));
#3241 = ORIENTED_EDGE('',*,*,#2944,.T.);
#3242 = ORIENTED_EDGE('',*,*,#2968,.T.);
#3243 = ORIENTED_EDGE('',*,*,#2992,.T.);
#3244 = ORIENTED_EDGE('',*,*,#2904,.T.);
#3245 = FACE_BOUND('',#3246,.F.);
#3246 = EDGE_LOOP('',(#3247,#3248,#3249,#3250));
#3247 = ORIENTED_EDGE('',*,*,#3170,.F.);
#3248 = ORIENTED_EDGE('',*,*,#3146,.F.);
#3249 = ORIENTED_EDGE('',*,*,#3098,.F.);
#3250 = ORIENTED_EDGE('',*,*,#3129,.F.);
#3251 = PLANE('',#3252);
#3252 = AXIS2_PLACEMENT_3D('',#3253,#3254,#3255);
#3253 = CARTESIAN_POINT('',(23.45,1.1,6.));
#3254 = DIRECTION('',(1.224646799147E-16,1.,0.));
#3255 = DIRECTION('',(-1.,1.224646799147E-16,0.));
#3256 = ADVANCED_FACE('',(#3257),#3275,.T.);
#3257 = FACE_BOUND('',#3258,.T.);
#3258 = EDGE_LOOP('',(#3259,#3267,#3273,#3274));
#3259 = ORIENTED_EDGE('',*,*,#3260,.T.);
#3260 = EDGE_CURVE('',#1258,#3261,#3263,.T.);
#3261 = VERTEX_POINT('',#3262);
#3262 = CARTESIAN_POINT('',(-1.45,-0.6,4.4));
#3263 = LINE('',#3264,#3265);
#3264 = CARTESIAN_POINT('',(-1.45,-0.6,5.2));
#3265 = VECTOR('',#3266,1.);
#3266 = DIRECTION('',(-0.,0.,-1.));
#3267 = ORIENTED_EDGE('',*,*,#3268,.T.);
#3268 = EDGE_CURVE('',#3261,#2534,#3269,.T.);
#3269 = LINE('',#3270,#3271);
#3270 = CARTESIAN_POINT('',(23.95,-0.6,4.4));
#3271 = VECTOR('',#3272,1.);
#3272 = DIRECTION('',(-1.,1.224646799147E-16,0.));
#3273 = ORIENTED_EDGE('',*,*,#2542,.T.);
#3274 = ORIENTED_EDGE('',*,*,#1265,.F.);
#3275 = PLANE('',#3276);
#3276 = AXIS2_PLACEMENT_3D('',#3277,#3278,#3279);
#3277 = CARTESIAN_POINT('',(23.95,-0.6,4.4));
#3278 = DIRECTION('',(1.224646799147E-16,1.,0.));
#3279 = DIRECTION('',(0.,-0.,1.));
#3280 = ADVANCED_FACE('',(#3281),#3316,.F.);
#3281 = FACE_BOUND('',#3282,.F.);
#3282 = EDGE_LOOP('',(#3283,#3284,#3285,#3293,#3299,#3300,#3301,#3310));
#3283 = ORIENTED_EDGE('',*,*,#2849,.F.);
#3284 = ORIENTED_EDGE('',*,*,#3230,.T.);
#3285 = ORIENTED_EDGE('',*,*,#3286,.T.);
#3286 = EDGE_CURVE('',#3223,#3287,#3289,.T.);
#3287 = VERTEX_POINT('',#3288);
#3288 = CARTESIAN_POINT('',(-1.45,-2.3,1.8));
#3289 = LINE('',#3290,#3291);
#3290 = CARTESIAN_POINT('',(-1.45,1.1,1.8));
#3291 = VECTOR('',#3292,1.);
#3292 = DIRECTION('',(-1.224646799147E-16,-1.,0.));
#3293 = ORIENTED_EDGE('',*,*,#3294,.F.);
#3294 = EDGE_CURVE('',#1250,#3287,#3295,.T.);
#3295 = LINE('',#3296,#3297);
#3296 = CARTESIAN_POINT('',(-1.45,-2.3,6.));
#3297 = VECTOR('',#3298,1.);
#3298 = DIRECTION('',(0.,0.,-1.));
#3299 = ORIENTED_EDGE('',*,*,#1257,.F.);
#3300 = ORIENTED_EDGE('',*,*,#3260,.T.);
#3301 = ORIENTED_EDGE('',*,*,#3302,.T.);
#3302 = EDGE_CURVE('',#3261,#3303,#3305,.T.);
#3303 = VERTEX_POINT('',#3304);
#3304 = CARTESIAN_POINT('',(-1.45,0.2,4.4));
#3305 = CIRCLE('',#3306,0.4);
#3306 = AXIS2_PLACEMENT_3D('',#3307,#3308,#3309);
#3307 = CARTESIAN_POINT('',(-1.45,-0.2,4.4));
#3308 = DIRECTION('',(1.,-1.224646799147E-16,0.));
#3309 = DIRECTION('',(1.224646799147E-16,1.,0.));
#3310 = ORIENTED_EDGE('',*,*,#3311,.T.);
#3311 = EDGE_CURVE('',#3303,#2842,#3312,.T.);
#3312 = LINE('',#3313,#3314);
#3313 = CARTESIAN_POINT('',(-1.45,0.2,6.));
#3314 = VECTOR('',#3315,1.);
#3315 = DIRECTION('',(0.,0.,1.));
#3316 = PLANE('',#3317);
#3317 = AXIS2_PLACEMENT_3D('',#3318,#3319,#3320);
#3318 = CARTESIAN_POINT('',(-1.45,1.1,6.));
#3319 = DIRECTION('',(-1.,1.224646799147E-16,0.));
#3320 = DIRECTION('',(-1.224646799147E-16,-1.,0.));
#3321 = ADVANCED_FACE('',(#3322),#3685,.F.);
#3322 = FACE_BOUND('',#3323,.F.);
#3323 = EDGE_LOOP('',(#3324,#3325,#3326,#3334,#3342,#3350,#3358,#3366,
    #3374,#3382,#3390,#3398,#3406,#3414,#3422,#3430,#3438,#3446,#3454,
    #3462,#3470,#3478,#3486,#3494,#3502,#3510,#3518,#3526,#3534,#3542,
    #3550,#3558,#3566,#3574,#3582,#3590,#3598,#3606,#3614,#3622,#3630,
    #3638,#3646,#3654,#3662,#3670,#3678,#3684));
#3324 = ORIENTED_EDGE('',*,*,#1249,.F.);
#3325 = ORIENTED_EDGE('',*,*,#3294,.T.);
#3326 = ORIENTED_EDGE('',*,*,#3327,.T.);
#3327 = EDGE_CURVE('',#3287,#3328,#3330,.T.);
#3328 = VERTEX_POINT('',#3329);
#3329 = CARTESIAN_POINT('',(0.8,-2.3,1.8));
#3330 = LINE('',#3331,#3332);
#3331 = CARTESIAN_POINT('',(-1.45,-2.3,1.8));
#3332 = VECTOR('',#3333,1.);
#3333 = DIRECTION('',(1.,-1.224646799147E-16,0.));
#3334 = ORIENTED_EDGE('',*,*,#3335,.T.);
#3335 = EDGE_CURVE('',#3328,#3336,#3338,.T.);
#3336 = VERTEX_POINT('',#3337);
#3337 = CARTESIAN_POINT('',(0.8,-2.3,3.7));
#3338 = LINE('',#3339,#3340);
#3339 = CARTESIAN_POINT('',(0.8,-2.3,1.8));
#3340 = VECTOR('',#3341,1.);
#3341 = DIRECTION('',(0.,0.,1.));
#3342 = ORIENTED_EDGE('',*,*,#3343,.T.);
#3343 = EDGE_CURVE('',#3336,#3344,#3346,.T.);
#3344 = VERTEX_POINT('',#3345);
#3345 = CARTESIAN_POINT('',(1.2,-2.3,3.7));
#3346 = LINE('',#3347,#3348);
#3347 = CARTESIAN_POINT('',(0.8,-2.3,3.7));
#3348 = VECTOR('',#3349,1.);
#3349 = DIRECTION('',(1.,-1.224646799147E-16,0.));
#3350 = ORIENTED_EDGE('',*,*,#3351,.F.);
#3351 = EDGE_CURVE('',#3352,#3344,#3354,.T.);
#3352 = VERTEX_POINT('',#3353);
#3353 = CARTESIAN_POINT('',(1.2,-2.3,1.8));
#3354 = LINE('',#3355,#3356);
#3355 = CARTESIAN_POINT('',(1.2,-2.3,1.8));
#3356 = VECTOR('',#3357,1.);
#3357 = DIRECTION('',(0.,0.,1.));
#3358 = ORIENTED_EDGE('',*,*,#3359,.T.);
#3359 = EDGE_CURVE('',#3352,#3360,#3362,.T.);
#3360 = VERTEX_POINT('',#3361);
#3361 = CARTESIAN_POINT('',(2.8,-2.3,1.8));
#3362 = LINE('',#3363,#3364);
#3363 = CARTESIAN_POINT('',(-1.45,-2.3,1.8));
#3364 = VECTOR('',#3365,1.);
#3365 = DIRECTION('',(1.,-1.224646799147E-16,0.));
#3366 = ORIENTED_EDGE('',*,*,#3367,.T.);
#3367 = EDGE_CURVE('',#3360,#3368,#3370,.T.);
#3368 = VERTEX_POINT('',#3369);
#3369 = CARTESIAN_POINT('',(2.8,-2.3,3.7));
#3370 = LINE('',#3371,#3372);
#3371 = CARTESIAN_POINT('',(2.8,-2.3,1.8));
#3372 = VECTOR('',#3373,1.);
#3373 = DIRECTION('',(0.,0.,1.));
#3374 = ORIENTED_EDGE('',*,*,#3375,.T.);
#3375 = EDGE_CURVE('',#3368,#3376,#3378,.T.);
#3376 = VERTEX_POINT('',#3377);
#3377 = CARTESIAN_POINT('',(3.2,-2.3,3.7));
#3378 = LINE('',#3379,#3380);
#3379 = CARTESIAN_POINT('',(2.8,-2.3,3.7));
#3380 = VECTOR('',#3381,1.);
#3381 = DIRECTION('',(1.,-1.224646799147E-16,0.));
#3382 = ORIENTED_EDGE('',*,*,#3383,.F.);
#3383 = EDGE_CURVE('',#3384,#3376,#3386,.T.);
#3384 = VERTEX_POINT('',#3385);
#3385 = CARTESIAN_POINT('',(3.2,-2.3,1.8));
#3386 = LINE('',#3387,#3388);
#3387 = CARTESIAN_POINT('',(3.2,-2.3,1.8));
#3388 = VECTOR('',#3389,1.);
#3389 = DIRECTION('',(0.,0.,1.));
#3390 = ORIENTED_EDGE('',*,*,#3391,.T.);
#3391 = EDGE_CURVE('',#3384,#3392,#3394,.T.);
#3392 = VERTEX_POINT('',#3393);
#3393 = CARTESIAN_POINT('',(4.8,-2.3,1.8));
#3394 = LINE('',#3395,#3396);
#3395 = CARTESIAN_POINT('',(-1.45,-2.3,1.8));
#3396 = VECTOR('',#3397,1.);
#3397 = DIRECTION('',(1.,-1.224646799147E-16,0.));
#3398 = ORIENTED_EDGE('',*,*,#3399,.T.);
#3399 = EDGE_CURVE('',#3392,#3400,#3402,.T.);
#3400 = VERTEX_POINT('',#3401);
#3401 = CARTESIAN_POINT('',(4.8,-2.3,3.7));
#3402 = LINE('',#3403,#3404);
#3403 = CARTESIAN_POINT('',(4.8,-2.3,1.8));
#3404 = VECTOR('',#3405,1.);
#3405 = DIRECTION('',(0.,0.,1.));
#3406 = ORIENTED_EDGE('',*,*,#3407,.T.);
#3407 = EDGE_CURVE('',#3400,#3408,#3410,.T.);
#3408 = VERTEX_POINT('',#3409);
#3409 = CARTESIAN_POINT('',(5.2,-2.3,3.7));
#3410 = LINE('',#3411,#3412);
#3411 = CARTESIAN_POINT('',(4.8,-2.3,3.7));
#3412 = VECTOR('',#3413,1.);
#3413 = DIRECTION('',(1.,-1.224646799147E-16,0.));
#3414 = ORIENTED_EDGE('',*,*,#3415,.F.);
#3415 = EDGE_CURVE('',#3416,#3408,#3418,.T.);
#3416 = VERTEX_POINT('',#3417);
#3417 = CARTESIAN_POINT('',(5.2,-2.3,1.8));
#3418 = LINE('',#3419,#3420);
#3419 = CARTESIAN_POINT('',(5.2,-2.3,1.8));
#3420 = VECTOR('',#3421,1.);
#3421 = DIRECTION('',(0.,0.,1.));
#3422 = ORIENTED_EDGE('',*,*,#3423,.T.);
#3423 = EDGE_CURVE('',#3416,#3424,#3426,.T.);
#3424 = VERTEX_POINT('',#3425);
#3425 = CARTESIAN_POINT('',(6.8,-2.3,1.8));
#3426 = LINE('',#3427,#3428);
#3427 = CARTESIAN_POINT('',(-1.45,-2.3,1.8));
#3428 = VECTOR('',#3429,1.);
#3429 = DIRECTION('',(1.,-1.224646799147E-16,0.));
#3430 = ORIENTED_EDGE('',*,*,#3431,.T.);
#3431 = EDGE_CURVE('',#3424,#3432,#3434,.T.);
#3432 = VERTEX_POINT('',#3433);
#3433 = CARTESIAN_POINT('',(6.8,-2.3,3.7));
#3434 = LINE('',#3435,#3436);
#3435 = CARTESIAN_POINT('',(6.8,-2.3,1.8));
#3436 = VECTOR('',#3437,1.);
#3437 = DIRECTION('',(0.,0.,1.));
#3438 = ORIENTED_EDGE('',*,*,#3439,.T.);
#3439 = EDGE_CURVE('',#3432,#3440,#3442,.T.);
#3440 = VERTEX_POINT('',#3441);
#3441 = CARTESIAN_POINT('',(7.2,-2.3,3.7));
#3442 = LINE('',#3443,#3444);
#3443 = CARTESIAN_POINT('',(6.8,-2.3,3.7));
#3444 = VECTOR('',#3445,1.);
#3445 = DIRECTION('',(1.,-1.224646799147E-16,0.));
#3446 = ORIENTED_EDGE('',*,*,#3447,.F.);
#3447 = EDGE_CURVE('',#3448,#3440,#3450,.T.);
#3448 = VERTEX_POINT('',#3449);
#3449 = CARTESIAN_POINT('',(7.2,-2.3,1.8));
#3450 = LINE('',#3451,#3452);
#3451 = CARTESIAN_POINT('',(7.2,-2.3,1.8));
#3452 = VECTOR('',#3453,1.);
#3453 = DIRECTION('',(0.,0.,1.));
#3454 = ORIENTED_EDGE('',*,*,#3455,.T.);
#3455 = EDGE_CURVE('',#3448,#3456,#3458,.T.);
#3456 = VERTEX_POINT('',#3457);
#3457 = CARTESIAN_POINT('',(8.8,-2.3,1.8));
#3458 = LINE('',#3459,#3460);
#3459 = CARTESIAN_POINT('',(-1.45,-2.3,1.8));
#3460 = VECTOR('',#3461,1.);
#3461 = DIRECTION('',(1.,-1.224646799147E-16,0.));
#3462 = ORIENTED_EDGE('',*,*,#3463,.T.);
#3463 = EDGE_CURVE('',#3456,#3464,#3466,.T.);
#3464 = VERTEX_POINT('',#3465);
#3465 = CARTESIAN_POINT('',(8.8,-2.3,3.7));
#3466 = LINE('',#3467,#3468);
#3467 = CARTESIAN_POINT('',(8.8,-2.3,1.8));
#3468 = VECTOR('',#3469,1.);
#3469 = DIRECTION('',(0.,0.,1.));
#3470 = ORIENTED_EDGE('',*,*,#3471,.T.);
#3471 = EDGE_CURVE('',#3464,#3472,#3474,.T.);
#3472 = VERTEX_POINT('',#3473);
#3473 = CARTESIAN_POINT('',(9.2,-2.3,3.7));
#3474 = LINE('',#3475,#3476);
#3475 = CARTESIAN_POINT('',(8.8,-2.3,3.7));
#3476 = VECTOR('',#3477,1.);
#3477 = DIRECTION('',(1.,-1.224646799147E-16,0.));
#3478 = ORIENTED_EDGE('',*,*,#3479,.F.);
#3479 = EDGE_CURVE('',#3480,#3472,#3482,.T.);
#3480 = VERTEX_POINT('',#3481);
#3481 = CARTESIAN_POINT('',(9.2,-2.3,1.8));
#3482 = LINE('',#3483,#3484);
#3483 = CARTESIAN_POINT('',(9.2,-2.3,1.8));
#3484 = VECTOR('',#3485,1.);
#3485 = DIRECTION('',(0.,0.,1.));
#3486 = ORIENTED_EDGE('',*,*,#3487,.T.);
#3487 = EDGE_CURVE('',#3480,#3488,#3490,.T.);
#3488 = VERTEX_POINT('',#3489);
#3489 = CARTESIAN_POINT('',(10.8,-2.3,1.8));
#3490 = LINE('',#3491,#3492);
#3491 = CARTESIAN_POINT('',(-1.45,-2.3,1.8));
#3492 = VECTOR('',#3493,1.);
#3493 = DIRECTION('',(1.,-1.224646799147E-16,0.));
#3494 = ORIENTED_EDGE('',*,*,#3495,.T.);
#3495 = EDGE_CURVE('',#3488,#3496,#3498,.T.);
#3496 = VERTEX_POINT('',#3497);
#3497 = CARTESIAN_POINT('',(10.8,-2.3,3.7));
#3498 = LINE('',#3499,#3500);
#3499 = CARTESIAN_POINT('',(10.8,-2.3,1.8));
#3500 = VECTOR('',#3501,1.);
#3501 = DIRECTION('',(0.,0.,1.));
#3502 = ORIENTED_EDGE('',*,*,#3503,.T.);
#3503 = EDGE_CURVE('',#3496,#3504,#3506,.T.);
#3504 = VERTEX_POINT('',#3505);
#3505 = CARTESIAN_POINT('',(11.2,-2.3,3.7));
#3506 = LINE('',#3507,#3508);
#3507 = CARTESIAN_POINT('',(10.8,-2.3,3.7));
#3508 = VECTOR('',#3509,1.);
#3509 = DIRECTION('',(1.,-1.224646799147E-16,0.));
#3510 = ORIENTED_EDGE('',*,*,#3511,.F.);
#3511 = EDGE_CURVE('',#3512,#3504,#3514,.T.);
#3512 = VERTEX_POINT('',#3513);
#3513 = CARTESIAN_POINT('',(11.2,-2.3,1.8));
#3514 = LINE('',#3515,#3516);
#3515 = CARTESIAN_POINT('',(11.2,-2.3,1.8));
#3516 = VECTOR('',#3517,1.);
#3517 = DIRECTION('',(0.,0.,1.));
#3518 = ORIENTED_EDGE('',*,*,#3519,.T.);
#3519 = EDGE_CURVE('',#3512,#3520,#3522,.T.);
#3520 = VERTEX_POINT('',#3521);
#3521 = CARTESIAN_POINT('',(12.8,-2.3,1.8));
#3522 = LINE('',#3523,#3524);
#3523 = CARTESIAN_POINT('',(-1.45,-2.3,1.8));
#3524 = VECTOR('',#3525,1.);
#3525 = DIRECTION('',(1.,-1.224646799147E-16,0.));
#3526 = ORIENTED_EDGE('',*,*,#3527,.T.);
#3527 = EDGE_CURVE('',#3520,#3528,#3530,.T.);
#3528 = VERTEX_POINT('',#3529);
#3529 = CARTESIAN_POINT('',(12.8,-2.3,3.7));
#3530 = LINE('',#3531,#3532);
#3531 = CARTESIAN_POINT('',(12.8,-2.3,1.8));
#3532 = VECTOR('',#3533,1.);
#3533 = DIRECTION('',(0.,0.,1.));
#3534 = ORIENTED_EDGE('',*,*,#3535,.T.);
#3535 = EDGE_CURVE('',#3528,#3536,#3538,.T.);
#3536 = VERTEX_POINT('',#3537);
#3537 = CARTESIAN_POINT('',(13.2,-2.3,3.7));
#3538 = LINE('',#3539,#3540);
#3539 = CARTESIAN_POINT('',(12.8,-2.3,3.7));
#3540 = VECTOR('',#3541,1.);
#3541 = DIRECTION('',(1.,-1.224646799147E-16,0.));
#3542 = ORIENTED_EDGE('',*,*,#3543,.F.);
#3543 = EDGE_CURVE('',#3544,#3536,#3546,.T.);
#3544 = VERTEX_POINT('',#3545);
#3545 = CARTESIAN_POINT('',(13.2,-2.3,1.8));
#3546 = LINE('',#3547,#3548);
#3547 = CARTESIAN_POINT('',(13.2,-2.3,1.8));
#3548 = VECTOR('',#3549,1.);
#3549 = DIRECTION('',(0.,0.,1.));
#3550 = ORIENTED_EDGE('',*,*,#3551,.T.);
#3551 = EDGE_CURVE('',#3544,#3552,#3554,.T.);
#3552 = VERTEX_POINT('',#3553);
#3553 = CARTESIAN_POINT('',(14.8,-2.3,1.8));
#3554 = LINE('',#3555,#3556);
#3555 = CARTESIAN_POINT('',(-1.45,-2.3,1.8));
#3556 = VECTOR('',#3557,1.);
#3557 = DIRECTION('',(1.,-1.224646799147E-16,0.));
#3558 = ORIENTED_EDGE('',*,*,#3559,.T.);
#3559 = EDGE_CURVE('',#3552,#3560,#3562,.T.);
#3560 = VERTEX_POINT('',#3561);
#3561 = CARTESIAN_POINT('',(14.8,-2.3,3.7));
#3562 = LINE('',#3563,#3564);
#3563 = CARTESIAN_POINT('',(14.8,-2.3,1.8));
#3564 = VECTOR('',#3565,1.);
#3565 = DIRECTION('',(0.,0.,1.));
#3566 = ORIENTED_EDGE('',*,*,#3567,.T.);
#3567 = EDGE_CURVE('',#3560,#3568,#3570,.T.);
#3568 = VERTEX_POINT('',#3569);
#3569 = CARTESIAN_POINT('',(15.2,-2.3,3.7));
#3570 = LINE('',#3571,#3572);
#3571 = CARTESIAN_POINT('',(14.8,-2.3,3.7));
#3572 = VECTOR('',#3573,1.);
#3573 = DIRECTION('',(1.,-1.224646799147E-16,0.));
#3574 = ORIENTED_EDGE('',*,*,#3575,.F.);
#3575 = EDGE_CURVE('',#3576,#3568,#3578,.T.);
#3576 = VERTEX_POINT('',#3577);
#3577 = CARTESIAN_POINT('',(15.2,-2.3,1.8));
#3578 = LINE('',#3579,#3580);
#3579 = CARTESIAN_POINT('',(15.2,-2.3,1.8));
#3580 = VECTOR('',#3581,1.);
#3581 = DIRECTION('',(0.,0.,1.));
#3582 = ORIENTED_EDGE('',*,*,#3583,.T.);
#3583 = EDGE_CURVE('',#3576,#3584,#3586,.T.);
#3584 = VERTEX_POINT('',#3585);
#3585 = CARTESIAN_POINT('',(16.8,-2.3,1.8));
#3586 = LINE('',#3587,#3588);
#3587 = CARTESIAN_POINT('',(-1.45,-2.3,1.8));
#3588 = VECTOR('',#3589,1.);
#3589 = DIRECTION('',(1.,-1.224646799147E-16,0.));
#3590 = ORIENTED_EDGE('',*,*,#3591,.T.);
#3591 = EDGE_CURVE('',#3584,#3592,#3594,.T.);
#3592 = VERTEX_POINT('',#3593);
#3593 = CARTESIAN_POINT('',(16.8,-2.3,3.7));
#3594 = LINE('',#3595,#3596);
#3595 = CARTESIAN_POINT('',(16.8,-2.3,1.8));
#3596 = VECTOR('',#3597,1.);
#3597 = DIRECTION('',(0.,0.,1.));
#3598 = ORIENTED_EDGE('',*,*,#3599,.T.);
#3599 = EDGE_CURVE('',#3592,#3600,#3602,.T.);
#3600 = VERTEX_POINT('',#3601);
#3601 = CARTESIAN_POINT('',(17.2,-2.3,3.7));
#3602 = LINE('',#3603,#3604);
#3603 = CARTESIAN_POINT('',(16.8,-2.3,3.7));
#3604 = VECTOR('',#3605,1.);
#3605 = DIRECTION('',(1.,-1.224646799147E-16,0.));
#3606 = ORIENTED_EDGE('',*,*,#3607,.F.);
#3607 = EDGE_CURVE('',#3608,#3600,#3610,.T.);
#3608 = VERTEX_POINT('',#3609);
#3609 = CARTESIAN_POINT('',(17.2,-2.3,1.8));
#3610 = LINE('',#3611,#3612);
#3611 = CARTESIAN_POINT('',(17.2,-2.3,1.8));
#3612 = VECTOR('',#3613,1.);
#3613 = DIRECTION('',(0.,0.,1.));
#3614 = ORIENTED_EDGE('',*,*,#3615,.T.);
#3615 = EDGE_CURVE('',#3608,#3616,#3618,.T.);
#3616 = VERTEX_POINT('',#3617);
#3617 = CARTESIAN_POINT('',(18.8,-2.3,1.8));
#3618 = LINE('',#3619,#3620);
#3619 = CARTESIAN_POINT('',(-1.45,-2.3,1.8));
#3620 = VECTOR('',#3621,1.);
#3621 = DIRECTION('',(1.,-1.224646799147E-16,0.));
#3622 = ORIENTED_EDGE('',*,*,#3623,.T.);
#3623 = EDGE_CURVE('',#3616,#3624,#3626,.T.);
#3624 = VERTEX_POINT('',#3625);
#3625 = CARTESIAN_POINT('',(18.8,-2.3,3.7));
#3626 = LINE('',#3627,#3628);
#3627 = CARTESIAN_POINT('',(18.8,-2.3,1.8));
#3628 = VECTOR('',#3629,1.);
#3629 = DIRECTION('',(0.,0.,1.));
#3630 = ORIENTED_EDGE('',*,*,#3631,.T.);
#3631 = EDGE_CURVE('',#3624,#3632,#3634,.T.);
#3632 = VERTEX_POINT('',#3633);
#3633 = CARTESIAN_POINT('',(19.2,-2.3,3.7));
#3634 = LINE('',#3635,#3636);
#3635 = CARTESIAN_POINT('',(18.8,-2.3,3.7));
#3636 = VECTOR('',#3637,1.);
#3637 = DIRECTION('',(1.,-1.224646799147E-16,0.));
#3638 = ORIENTED_EDGE('',*,*,#3639,.F.);
#3639 = EDGE_CURVE('',#3640,#3632,#3642,.T.);
#3640 = VERTEX_POINT('',#3641);
#3641 = CARTESIAN_POINT('',(19.2,-2.3,1.8));
#3642 = LINE('',#3643,#3644);
#3643 = CARTESIAN_POINT('',(19.2,-2.3,1.8));
#3644 = VECTOR('',#3645,1.);
#3645 = DIRECTION('',(0.,0.,1.));
#3646 = ORIENTED_EDGE('',*,*,#3647,.T.);
#3647 = EDGE_CURVE('',#3640,#3648,#3650,.T.);
#3648 = VERTEX_POINT('',#3649);
#3649 = CARTESIAN_POINT('',(20.8,-2.3,1.8));
#3650 = LINE('',#3651,#3652);
#3651 = CARTESIAN_POINT('',(-1.45,-2.3,1.8));
#3652 = VECTOR('',#3653,1.);
#3653 = DIRECTION('',(1.,-1.224646799147E-16,0.));
#3654 = ORIENTED_EDGE('',*,*,#3655,.T.);
#3655 = EDGE_CURVE('',#3648,#3656,#3658,.T.);
#3656 = VERTEX_POINT('',#3657);
#3657 = CARTESIAN_POINT('',(20.8,-2.3,3.7));
#3658 = LINE('',#3659,#3660);
#3659 = CARTESIAN_POINT('',(20.8,-2.3,1.8));
#3660 = VECTOR('',#3661,1.);
#3661 = DIRECTION('',(0.,0.,1.));
#3662 = ORIENTED_EDGE('',*,*,#3663,.T.);
#3663 = EDGE_CURVE('',#3656,#3664,#3666,.T.);
#3664 = VERTEX_POINT('',#3665);
#3665 = CARTESIAN_POINT('',(21.2,-2.3,3.7));
#3666 = LINE('',#3667,#3668);
#3667 = CARTESIAN_POINT('',(20.8,-2.3,3.7));
#3668 = VECTOR('',#3669,1.);
#3669 = DIRECTION('',(1.,-1.224646799147E-16,0.));
#3670 = ORIENTED_EDGE('',*,*,#3671,.F.);
#3671 = EDGE_CURVE('',#3672,#3664,#3674,.T.);
#3672 = VERTEX_POINT('',#3673);
#3673 = CARTESIAN_POINT('',(21.2,-2.3,1.8));
#3674 = LINE('',#3675,#3676);
#3675 = CARTESIAN_POINT('',(21.2,-2.3,1.8));
#3676 = VECTOR('',#3677,1.);
#3677 = DIRECTION('',(0.,0.,1.));
#3678 = ORIENTED_EDGE('',*,*,#3679,.T.);
#3679 = EDGE_CURVE('',#3672,#3187,#3680,.T.);
#3680 = LINE('',#3681,#3682);
#3681 = CARTESIAN_POINT('',(-1.45,-2.3,1.8));
#3682 = VECTOR('',#3683,1.);
#3683 = DIRECTION('',(1.,-1.224646799147E-16,0.));
#3684 = ORIENTED_EDGE('',*,*,#3186,.F.);
#3685 = PLANE('',#3686);
#3686 = AXIS2_PLACEMENT_3D('',#3687,#3688,#3689);
#3687 = CARTESIAN_POINT('',(-1.45,-2.3,6.));
#3688 = DIRECTION('',(-1.224646799147E-16,-1.,0.));
#3689 = DIRECTION('',(1.,-1.224646799147E-16,0.));
#3690 = ADVANCED_FACE('',(#3691,#3697),#3731,.F.);
#3691 = FACE_BOUND('',#3692,.F.);
#3692 = EDGE_LOOP('',(#3693,#3694,#3695,#3696));
#3693 = ORIENTED_EDGE('',*,*,#2793,.T.);
#3694 = ORIENTED_EDGE('',*,*,#1319,.T.);
#3695 = ORIENTED_EDGE('',*,*,#1343,.F.);
#3696 = ORIENTED_EDGE('',*,*,#1376,.F.);
#3697 = FACE_BOUND('',#3698,.F.);
#3698 = EDGE_LOOP('',(#3699,#3709,#3717,#3725));
#3699 = ORIENTED_EDGE('',*,*,#3700,.F.);
#3700 = EDGE_CURVE('',#3701,#3703,#3705,.T.);
#3701 = VERTEX_POINT('',#3702);
#3702 = CARTESIAN_POINT('',(-0.25,0.25,0.1));
#3703 = VERTEX_POINT('',#3704);
#3704 = CARTESIAN_POINT('',(-0.25,-0.25,0.1));
#3705 = LINE('',#3706,#3707);
#3706 = CARTESIAN_POINT('',(-0.25,0.271633216363,0.1));
#3707 = VECTOR('',#3708,1.);
#3708 = DIRECTION('',(-1.224646799147E-16,-1.,0.));
#3709 = ORIENTED_EDGE('',*,*,#3710,.T.);
#3710 = EDGE_CURVE('',#3701,#3711,#3713,.T.);
#3711 = VERTEX_POINT('',#3712);
#3712 = CARTESIAN_POINT('',(0.25,0.25,0.1));
#3713 = LINE('',#3714,#3715);
#3714 = CARTESIAN_POINT('',(0.5,0.25,0.1));
#3715 = VECTOR('',#3716,1.);
#3716 = DIRECTION('',(1.,-1.224646799147E-16,0.));
#3717 = ORIENTED_EDGE('',*,*,#3718,.T.);
#3718 = EDGE_CURVE('',#3711,#3719,#3721,.T.);
#3719 = VERTEX_POINT('',#3720);
#3720 = CARTESIAN_POINT('',(0.25,-0.25,0.1));
#3721 = LINE('',#3722,#3723);
#3722 = CARTESIAN_POINT('',(0.25,0.271633216363,0.1));
#3723 = VECTOR('',#3724,1.);
#3724 = DIRECTION('',(-1.224646799147E-16,-1.,0.));
#3725 = ORIENTED_EDGE('',*,*,#3726,.T.);
#3726 = EDGE_CURVE('',#3719,#3703,#3727,.T.);
#3727 = LINE('',#3728,#3729);
#3728 = CARTESIAN_POINT('',(0.5,-0.25,0.1));
#3729 = VECTOR('',#3730,1.);
#3730 = DIRECTION('',(-1.,1.224646799147E-16,0.));
#3731 = PLANE('',#3732);
#3732 = AXIS2_PLACEMENT_3D('',#3733,#3734,#3735);
#3733 = CARTESIAN_POINT('',(0.75,0.5,0.1));
#3734 = DIRECTION('',(0.,0.,1.));
#3735 = DIRECTION('',(-1.224646799147E-16,-1.,0.));
#3736 = ADVANCED_FACE('',(#3737,#3743),#3777,.F.);
#3737 = FACE_BOUND('',#3738,.F.);
#3738 = EDGE_LOOP('',(#3739,#3740,#3741,#3742));
#3739 = ORIENTED_EDGE('',*,*,#2776,.T.);
#3740 = ORIENTED_EDGE('',*,*,#1424,.T.);
#3741 = ORIENTED_EDGE('',*,*,#1448,.F.);
#3742 = ORIENTED_EDGE('',*,*,#1481,.F.);
#3743 = FACE_BOUND('',#3744,.F.);
#3744 = EDGE_LOOP('',(#3745,#3755,#3763,#3771));
#3745 = ORIENTED_EDGE('',*,*,#3746,.T.);
#3746 = EDGE_CURVE('',#3747,#3749,#3751,.T.);
#3747 = VERTEX_POINT('',#3748);
#3748 = CARTESIAN_POINT('',(2.25,0.25,0.1));
#3749 = VERTEX_POINT('',#3750);
#3750 = CARTESIAN_POINT('',(2.25,-0.25,0.1));
#3751 = LINE('',#3752,#3753);
#3752 = CARTESIAN_POINT('',(2.25,0.25,0.1));
#3753 = VECTOR('',#3754,1.);
#3754 = DIRECTION('',(-1.224646799147E-16,-1.,0.));
#3755 = ORIENTED_EDGE('',*,*,#3756,.T.);
#3756 = EDGE_CURVE('',#3749,#3757,#3759,.T.);
#3757 = VERTEX_POINT('',#3758);
#3758 = CARTESIAN_POINT('',(1.75,-0.25,0.1));
#3759 = LINE('',#3760,#3761);
#3760 = CARTESIAN_POINT('',(2.5,-0.25,0.1));
#3761 = VECTOR('',#3762,1.);
#3762 = DIRECTION('',(-1.,1.224646799147E-16,0.));
#3763 = ORIENTED_EDGE('',*,*,#3764,.F.);
#3764 = EDGE_CURVE('',#3765,#3757,#3767,.T.);
#3765 = VERTEX_POINT('',#3766);
#3766 = CARTESIAN_POINT('',(1.75,0.25,0.1));
#3767 = LINE('',#3768,#3769);
#3768 = CARTESIAN_POINT('',(1.75,0.25,0.1));
#3769 = VECTOR('',#3770,1.);
#3770 = DIRECTION('',(-1.224646799147E-16,-1.,0.));
#3771 = ORIENTED_EDGE('',*,*,#3772,.T.);
#3772 = EDGE_CURVE('',#3765,#3747,#3773,.T.);
#3773 = LINE('',#3774,#3775);
#3774 = CARTESIAN_POINT('',(2.5,0.25,0.1));
#3775 = VECTOR('',#3776,1.);
#3776 = DIRECTION('',(1.,-1.224646799147E-16,0.));
#3777 = PLANE('',#3778);
#3778 = AXIS2_PLACEMENT_3D('',#3779,#3780,#3781);
#3779 = CARTESIAN_POINT('',(2.75,0.5,0.1));
#3780 = DIRECTION('',(0.,0.,1.));
#3781 = DIRECTION('',(-1.224646799147E-16,-1.,0.));
#3782 = ADVANCED_FACE('',(#3783,#3789),#3823,.F.);
#3783 = FACE_BOUND('',#3784,.F.);
#3784 = EDGE_LOOP('',(#3785,#3786,#3787,#3788));
#3785 = ORIENTED_EDGE('',*,*,#2759,.T.);
#3786 = ORIENTED_EDGE('',*,*,#1529,.T.);
#3787 = ORIENTED_EDGE('',*,*,#1553,.F.);
#3788 = ORIENTED_EDGE('',*,*,#1586,.F.);
#3789 = FACE_BOUND('',#3790,.F.);
#3790 = EDGE_LOOP('',(#3791,#3801,#3809,#3817));
#3791 = ORIENTED_EDGE('',*,*,#3792,.T.);
#3792 = EDGE_CURVE('',#3793,#3795,#3797,.T.);
#3793 = VERTEX_POINT('',#3794);
#3794 = CARTESIAN_POINT('',(3.75,0.25,0.1));
#3795 = VERTEX_POINT('',#3796);
#3796 = CARTESIAN_POINT('',(4.25,0.25,0.1));
#3797 = LINE('',#3798,#3799);
#3798 = CARTESIAN_POINT('',(4.5,0.25,0.1));
#3799 = VECTOR('',#3800,1.);
#3800 = DIRECTION('',(1.,-1.224646799147E-16,0.));
#3801 = ORIENTED_EDGE('',*,*,#3802,.T.);
#3802 = EDGE_CURVE('',#3795,#3803,#3805,.T.);
#3803 = VERTEX_POINT('',#3804);
#3804 = CARTESIAN_POINT('',(4.25,-0.25,0.1));
#3805 = LINE('',#3806,#3807);
#3806 = CARTESIAN_POINT('',(4.25,0.25,0.1));
#3807 = VECTOR('',#3808,1.);
#3808 = DIRECTION('',(-1.224646799147E-16,-1.,0.));
#3809 = ORIENTED_EDGE('',*,*,#3810,.T.);
#3810 = EDGE_CURVE('',#3803,#3811,#3813,.T.);
#3811 = VERTEX_POINT('',#3812);
#3812 = CARTESIAN_POINT('',(3.75,-0.25,0.1));
#3813 = LINE('',#3814,#3815);
#3814 = CARTESIAN_POINT('',(4.5,-0.25,0.1));
#3815 = VECTOR('',#3816,1.);
#3816 = DIRECTION('',(-1.,1.224646799147E-16,0.));
#3817 = ORIENTED_EDGE('',*,*,#3818,.F.);
#3818 = EDGE_CURVE('',#3793,#3811,#3819,.T.);
#3819 = LINE('',#3820,#3821);
#3820 = CARTESIAN_POINT('',(3.75,0.25,0.1));
#3821 = VECTOR('',#3822,1.);
#3822 = DIRECTION('',(-1.224646799147E-16,-1.,0.));
#3823 = PLANE('',#3824);
#3824 = AXIS2_PLACEMENT_3D('',#3825,#3826,#3827);
#3825 = CARTESIAN_POINT('',(4.75,0.5,0.1));
#3826 = DIRECTION('',(0.,0.,1.));
#3827 = DIRECTION('',(-1.224646799147E-16,-1.,0.));
#3828 = ADVANCED_FACE('',(#3829,#3835),#3869,.F.);
#3829 = FACE_BOUND('',#3830,.F.);
#3830 = EDGE_LOOP('',(#3831,#3832,#3833,#3834));
#3831 = ORIENTED_EDGE('',*,*,#2742,.T.);
#3832 = ORIENTED_EDGE('',*,*,#1634,.T.);
#3833 = ORIENTED_EDGE('',*,*,#1658,.F.);
#3834 = ORIENTED_EDGE('',*,*,#1691,.F.);
#3835 = FACE_BOUND('',#3836,.F.);
#3836 = EDGE_LOOP('',(#3837,#3847,#3855,#3863));
#3837 = ORIENTED_EDGE('',*,*,#3838,.T.);
#3838 = EDGE_CURVE('',#3839,#3841,#3843,.T.);
#3839 = VERTEX_POINT('',#3840);
#3840 = CARTESIAN_POINT('',(6.25,0.25,0.1));
#3841 = VERTEX_POINT('',#3842);
#3842 = CARTESIAN_POINT('',(6.25,-0.25,0.1));
#3843 = LINE('',#3844,#3845);
#3844 = CARTESIAN_POINT('',(6.25,0.25,0.1));
#3845 = VECTOR('',#3846,1.);
#3846 = DIRECTION('',(-1.224646799147E-16,-1.,0.));
#3847 = ORIENTED_EDGE('',*,*,#3848,.T.);
#3848 = EDGE_CURVE('',#3841,#3849,#3851,.T.);
#3849 = VERTEX_POINT('',#3850);
#3850 = CARTESIAN_POINT('',(5.75,-0.25,0.1));
#3851 = LINE('',#3852,#3853);
#3852 = CARTESIAN_POINT('',(6.5,-0.25,0.1));
#3853 = VECTOR('',#3854,1.);
#3854 = DIRECTION('',(-1.,1.224646799147E-16,0.));
#3855 = ORIENTED_EDGE('',*,*,#3856,.F.);
#3856 = EDGE_CURVE('',#3857,#3849,#3859,.T.);
#3857 = VERTEX_POINT('',#3858);
#3858 = CARTESIAN_POINT('',(5.75,0.25,0.1));
#3859 = LINE('',#3860,#3861);
#3860 = CARTESIAN_POINT('',(5.75,0.25,0.1));
#3861 = VECTOR('',#3862,1.);
#3862 = DIRECTION('',(-1.224646799147E-16,-1.,0.));
#3863 = ORIENTED_EDGE('',*,*,#3864,.T.);
#3864 = EDGE_CURVE('',#3857,#3839,#3865,.T.);
#3865 = LINE('',#3866,#3867);
#3866 = CARTESIAN_POINT('',(6.5,0.25,0.1));
#3867 = VECTOR('',#3868,1.);
#3868 = DIRECTION('',(1.,-1.224646799147E-16,0.));
#3869 = PLANE('',#3870);
#3870 = AXIS2_PLACEMENT_3D('',#3871,#3872,#3873);
#3871 = CARTESIAN_POINT('',(6.75,0.5,0.1));
#3872 = DIRECTION('',(0.,0.,1.));
#3873 = DIRECTION('',(-1.224646799147E-16,-1.,0.));
#3874 = ADVANCED_FACE('',(#3875,#3881),#3915,.F.);
#3875 = FACE_BOUND('',#3876,.F.);
#3876 = EDGE_LOOP('',(#3877,#3878,#3879,#3880));
#3877 = ORIENTED_EDGE('',*,*,#2725,.T.);
#3878 = ORIENTED_EDGE('',*,*,#1739,.T.);
#3879 = ORIENTED_EDGE('',*,*,#1763,.F.);
#3880 = ORIENTED_EDGE('',*,*,#1796,.F.);
#3881 = FACE_BOUND('',#3882,.F.);
#3882 = EDGE_LOOP('',(#3883,#3893,#3901,#3909));
#3883 = ORIENTED_EDGE('',*,*,#3884,.T.);
#3884 = EDGE_CURVE('',#3885,#3887,#3889,.T.);
#3885 = VERTEX_POINT('',#3886);
#3886 = CARTESIAN_POINT('',(8.25,0.25,0.1));
#3887 = VERTEX_POINT('',#3888);
#3888 = CARTESIAN_POINT('',(8.25,-0.25,0.1));
#3889 = LINE('',#3890,#3891);
#3890 = CARTESIAN_POINT('',(8.25,0.25,0.1));
#3891 = VECTOR('',#3892,1.);
#3892 = DIRECTION('',(-1.224646799147E-16,-1.,0.));
#3893 = ORIENTED_EDGE('',*,*,#3894,.T.);
#3894 = EDGE_CURVE('',#3887,#3895,#3897,.T.);
#3895 = VERTEX_POINT('',#3896);
#3896 = CARTESIAN_POINT('',(7.75,-0.25,0.1));
#3897 = LINE('',#3898,#3899);
#3898 = CARTESIAN_POINT('',(8.5,-0.25,0.1));
#3899 = VECTOR('',#3900,1.);
#3900 = DIRECTION('',(-1.,1.224646799147E-16,0.));
#3901 = ORIENTED_EDGE('',*,*,#3902,.F.);
#3902 = EDGE_CURVE('',#3903,#3895,#3905,.T.);
#3903 = VERTEX_POINT('',#3904);
#3904 = CARTESIAN_POINT('',(7.75,0.25,0.1));
#3905 = LINE('',#3906,#3907);
#3906 = CARTESIAN_POINT('',(7.75,0.25,0.1));
#3907 = VECTOR('',#3908,1.);
#3908 = DIRECTION('',(-1.224646799147E-16,-1.,0.));
#3909 = ORIENTED_EDGE('',*,*,#3910,.T.);
#3910 = EDGE_CURVE('',#3903,#3885,#3911,.T.);
#3911 = LINE('',#3912,#3913);
#3912 = CARTESIAN_POINT('',(8.5,0.25,0.1));
#3913 = VECTOR('',#3914,1.);
#3914 = DIRECTION('',(1.,-1.224646799147E-16,0.));
#3915 = PLANE('',#3916);
#3916 = AXIS2_PLACEMENT_3D('',#3917,#3918,#3919);
#3917 = CARTESIAN_POINT('',(8.75,0.5,0.1));
#3918 = DIRECTION('',(0.,0.,1.));
#3919 = DIRECTION('',(-1.224646799147E-16,-1.,0.));
#3920 = ADVANCED_FACE('',(#3921,#3927),#3961,.F.);
#3921 = FACE_BOUND('',#3922,.F.);
#3922 = EDGE_LOOP('',(#3923,#3924,#3925,#3926));
#3923 = ORIENTED_EDGE('',*,*,#2708,.T.);
#3924 = ORIENTED_EDGE('',*,*,#1844,.T.);
#3925 = ORIENTED_EDGE('',*,*,#1868,.F.);
#3926 = ORIENTED_EDGE('',*,*,#1901,.F.);
#3927 = FACE_BOUND('',#3928,.F.);
#3928 = EDGE_LOOP('',(#3929,#3939,#3947,#3955));
#3929 = ORIENTED_EDGE('',*,*,#3930,.T.);
#3930 = EDGE_CURVE('',#3931,#3933,#3935,.T.);
#3931 = VERTEX_POINT('',#3932);
#3932 = CARTESIAN_POINT('',(9.75,0.25,0.1));
#3933 = VERTEX_POINT('',#3934);
#3934 = CARTESIAN_POINT('',(10.25,0.25,0.1));
#3935 = LINE('',#3936,#3937);
#3936 = CARTESIAN_POINT('',(10.5,0.25,0.1));
#3937 = VECTOR('',#3938,1.);
#3938 = DIRECTION('',(1.,-1.224646799147E-16,0.));
#3939 = ORIENTED_EDGE('',*,*,#3940,.T.);
#3940 = EDGE_CURVE('',#3933,#3941,#3943,.T.);
#3941 = VERTEX_POINT('',#3942);
#3942 = CARTESIAN_POINT('',(10.25,-0.25,0.1));
#3943 = LINE('',#3944,#3945);
#3944 = CARTESIAN_POINT('',(10.25,0.25,0.1));
#3945 = VECTOR('',#3946,1.);
#3946 = DIRECTION('',(-1.224646799147E-16,-1.,0.));
#3947 = ORIENTED_EDGE('',*,*,#3948,.T.);
#3948 = EDGE_CURVE('',#3941,#3949,#3951,.T.);
#3949 = VERTEX_POINT('',#3950);
#3950 = CARTESIAN_POINT('',(9.75,-0.25,0.1));
#3951 = LINE('',#3952,#3953);
#3952 = CARTESIAN_POINT('',(10.5,-0.25,0.1));
#3953 = VECTOR('',#3954,1.);
#3954 = DIRECTION('',(-1.,1.224646799147E-16,0.));
#3955 = ORIENTED_EDGE('',*,*,#3956,.F.);
#3956 = EDGE_CURVE('',#3931,#3949,#3957,.T.);
#3957 = LINE('',#3958,#3959);
#3958 = CARTESIAN_POINT('',(9.75,0.25,0.1));
#3959 = VECTOR('',#3960,1.);
#3960 = DIRECTION('',(-1.224646799147E-16,-1.,0.));
#3961 = PLANE('',#3962);
#3962 = AXIS2_PLACEMENT_3D('',#3963,#3964,#3965);
#3963 = CARTESIAN_POINT('',(10.75,0.5,0.1));
#3964 = DIRECTION('',(0.,0.,1.));
#3965 = DIRECTION('',(-1.224646799147E-16,-1.,0.));
#3966 = ADVANCED_FACE('',(#3967,#3973),#4007,.F.);
#3967 = FACE_BOUND('',#3968,.F.);
#3968 = EDGE_LOOP('',(#3969,#3970,#3971,#3972));
#3969 = ORIENTED_EDGE('',*,*,#2691,.T.);
#3970 = ORIENTED_EDGE('',*,*,#1949,.T.);
#3971 = ORIENTED_EDGE('',*,*,#1973,.F.);
#3972 = ORIENTED_EDGE('',*,*,#2006,.F.);
#3973 = FACE_BOUND('',#3974,.F.);
#3974 = EDGE_LOOP('',(#3975,#3985,#3993,#4001));
#3975 = ORIENTED_EDGE('',*,*,#3976,.T.);
#3976 = EDGE_CURVE('',#3977,#3979,#3981,.T.);
#3977 = VERTEX_POINT('',#3978);
#3978 = CARTESIAN_POINT('',(12.25,0.25,0.1));
#3979 = VERTEX_POINT('',#3980);
#3980 = CARTESIAN_POINT('',(12.25,-0.25,0.1));
#3981 = LINE('',#3982,#3983);
#3982 = CARTESIAN_POINT('',(12.25,0.25,0.1));
#3983 = VECTOR('',#3984,1.);
#3984 = DIRECTION('',(-1.224646799147E-16,-1.,0.));
#3985 = ORIENTED_EDGE('',*,*,#3986,.T.);
#3986 = EDGE_CURVE('',#3979,#3987,#3989,.T.);
#3987 = VERTEX_POINT('',#3988);
#3988 = CARTESIAN_POINT('',(11.75,-0.25,0.1));
#3989 = LINE('',#3990,#3991);
#3990 = CARTESIAN_POINT('',(12.5,-0.25,0.1));
#3991 = VECTOR('',#3992,1.);
#3992 = DIRECTION('',(-1.,1.224646799147E-16,0.));
#3993 = ORIENTED_EDGE('',*,*,#3994,.F.);
#3994 = EDGE_CURVE('',#3995,#3987,#3997,.T.);
#3995 = VERTEX_POINT('',#3996);
#3996 = CARTESIAN_POINT('',(11.75,0.25,0.1));
#3997 = LINE('',#3998,#3999);
#3998 = CARTESIAN_POINT('',(11.75,0.25,0.1));
#3999 = VECTOR('',#4000,1.);
#4000 = DIRECTION('',(-1.224646799147E-16,-1.,0.));
#4001 = ORIENTED_EDGE('',*,*,#4002,.T.);
#4002 = EDGE_CURVE('',#3995,#3977,#4003,.T.);
#4003 = LINE('',#4004,#4005);
#4004 = CARTESIAN_POINT('',(12.5,0.25,0.1));
#4005 = VECTOR('',#4006,1.);
#4006 = DIRECTION('',(1.,-1.224646799147E-16,0.));
#4007 = PLANE('',#4008);
#4008 = AXIS2_PLACEMENT_3D('',#4009,#4010,#4011);
#4009 = CARTESIAN_POINT('',(12.75,0.5,0.1));
#4010 = DIRECTION('',(0.,0.,1.));
#4011 = DIRECTION('',(-1.224646799147E-16,-1.,0.));
#4012 = ADVANCED_FACE('',(#4013,#4019),#4053,.F.);
#4013 = FACE_BOUND('',#4014,.F.);
#4014 = EDGE_LOOP('',(#4015,#4016,#4017,#4018));
#4015 = ORIENTED_EDGE('',*,*,#2674,.T.);
#4016 = ORIENTED_EDGE('',*,*,#2054,.T.);
#4017 = ORIENTED_EDGE('',*,*,#2078,.F.);
#4018 = ORIENTED_EDGE('',*,*,#2111,.F.);
#4019 = FACE_BOUND('',#4020,.F.);
#4020 = EDGE_LOOP('',(#4021,#4031,#4039,#4047));
#4021 = ORIENTED_EDGE('',*,*,#4022,.F.);
#4022 = EDGE_CURVE('',#4023,#4025,#4027,.T.);
#4023 = VERTEX_POINT('',#4024);
#4024 = CARTESIAN_POINT('',(13.75,0.25,0.1));
#4025 = VERTEX_POINT('',#4026);
#4026 = CARTESIAN_POINT('',(13.75,-0.25,0.1));
#4027 = LINE('',#4028,#4029);
#4028 = CARTESIAN_POINT('',(13.75,0.25,0.1));
#4029 = VECTOR('',#4030,1.);
#4030 = DIRECTION('',(-1.224646799147E-16,-1.,0.));
#4031 = ORIENTED_EDGE('',*,*,#4032,.T.);
#4032 = EDGE_CURVE('',#4023,#4033,#4035,.T.);
#4033 = VERTEX_POINT('',#4034);
#4034 = CARTESIAN_POINT('',(14.25,0.25,0.1));
#4035 = LINE('',#4036,#4037);
#4036 = CARTESIAN_POINT('',(14.5,0.25,0.1));
#4037 = VECTOR('',#4038,1.);
#4038 = DIRECTION('',(1.,-1.224646799147E-16,0.));
#4039 = ORIENTED_EDGE('',*,*,#4040,.T.);
#4040 = EDGE_CURVE('',#4033,#4041,#4043,.T.);
#4041 = VERTEX_POINT('',#4042);
#4042 = CARTESIAN_POINT('',(14.25,-0.25,0.1));
#4043 = LINE('',#4044,#4045);
#4044 = CARTESIAN_POINT('',(14.25,0.25,0.1));
#4045 = VECTOR('',#4046,1.);
#4046 = DIRECTION('',(-1.224646799147E-16,-1.,0.));
#4047 = ORIENTED_EDGE('',*,*,#4048,.T.);
#4048 = EDGE_CURVE('',#4041,#4025,#4049,.T.);
#4049 = LINE('',#4050,#4051);
#4050 = CARTESIAN_POINT('',(14.5,-0.25,0.1));
#4051 = VECTOR('',#4052,1.);
#4052 = DIRECTION('',(-1.,1.224646799147E-16,0.));
#4053 = PLANE('',#4054);
#4054 = AXIS2_PLACEMENT_3D('',#4055,#4056,#4057);
#4055 = CARTESIAN_POINT('',(14.75,0.5,0.1));
#4056 = DIRECTION('',(0.,0.,1.));
#4057 = DIRECTION('',(-1.224646799147E-16,-1.,0.));
#4058 = ADVANCED_FACE('',(#4059,#4065),#4099,.F.);
#4059 = FACE_BOUND('',#4060,.F.);
#4060 = EDGE_LOOP('',(#4061,#4062,#4063,#4064));
#4061 = ORIENTED_EDGE('',*,*,#2657,.T.);
#4062 = ORIENTED_EDGE('',*,*,#2159,.T.);
#4063 = ORIENTED_EDGE('',*,*,#2183,.F.);
#4064 = ORIENTED_EDGE('',*,*,#2216,.F.);
#4065 = FACE_BOUND('',#4066,.F.);
#4066 = EDGE_LOOP('',(#4067,#4077,#4085,#4093));
#4067 = ORIENTED_EDGE('',*,*,#4068,.T.);
#4068 = EDGE_CURVE('',#4069,#4071,#4073,.T.);
#4069 = VERTEX_POINT('',#4070);
#4070 = CARTESIAN_POINT('',(16.25,0.25,0.1));
#4071 = VERTEX_POINT('',#4072);
#4072 = CARTESIAN_POINT('',(16.25,-0.25,0.1));
#4073 = LINE('',#4074,#4075);
#4074 = CARTESIAN_POINT('',(16.25,0.25,0.1));
#4075 = VECTOR('',#4076,1.);
#4076 = DIRECTION('',(-1.224646799147E-16,-1.,0.));
#4077 = ORIENTED_EDGE('',*,*,#4078,.T.);
#4078 = EDGE_CURVE('',#4071,#4079,#4081,.T.);
#4079 = VERTEX_POINT('',#4080);
#4080 = CARTESIAN_POINT('',(15.75,-0.25,0.1));
#4081 = LINE('',#4082,#4083);
#4082 = CARTESIAN_POINT('',(16.5,-0.25,0.1));
#4083 = VECTOR('',#4084,1.);
#4084 = DIRECTION('',(-1.,1.224646799147E-16,0.));
#4085 = ORIENTED_EDGE('',*,*,#4086,.F.);
#4086 = EDGE_CURVE('',#4087,#4079,#4089,.T.);
#4087 = VERTEX_POINT('',#4088);
#4088 = CARTESIAN_POINT('',(15.75,0.25,0.1));
#4089 = LINE('',#4090,#4091);
#4090 = CARTESIAN_POINT('',(15.75,0.25,0.1));
#4091 = VECTOR('',#4092,1.);
#4092 = DIRECTION('',(-1.224646799147E-16,-1.,0.));
#4093 = ORIENTED_EDGE('',*,*,#4094,.T.);
#4094 = EDGE_CURVE('',#4087,#4069,#4095,.T.);
#4095 = LINE('',#4096,#4097);
#4096 = CARTESIAN_POINT('',(16.5,0.25,0.1));
#4097 = VECTOR('',#4098,1.);
#4098 = DIRECTION('',(1.,-1.224646799147E-16,0.));
#4099 = PLANE('',#4100);
#4100 = AXIS2_PLACEMENT_3D('',#4101,#4102,#4103);
#4101 = CARTESIAN_POINT('',(16.75,0.5,0.1));
#4102 = DIRECTION('',(0.,0.,1.));
#4103 = DIRECTION('',(-1.224646799147E-16,-1.,0.));
#4104 = ADVANCED_FACE('',(#4105,#4111),#4145,.F.);
#4105 = FACE_BOUND('',#4106,.F.);
#4106 = EDGE_LOOP('',(#4107,#4108,#4109,#4110));
#4107 = ORIENTED_EDGE('',*,*,#2640,.T.);
#4108 = ORIENTED_EDGE('',*,*,#2264,.T.);
#4109 = ORIENTED_EDGE('',*,*,#2288,.F.);
#4110 = ORIENTED_EDGE('',*,*,#2321,.F.);
#4111 = FACE_BOUND('',#4112,.F.);
#4112 = EDGE_LOOP('',(#4113,#4123,#4131,#4139));
#4113 = ORIENTED_EDGE('',*,*,#4114,.F.);
#4114 = EDGE_CURVE('',#4115,#4117,#4119,.T.);
#4115 = VERTEX_POINT('',#4116);
#4116 = CARTESIAN_POINT('',(17.75,0.25,0.1));
#4117 = VERTEX_POINT('',#4118);
#4118 = CARTESIAN_POINT('',(17.75,-0.25,0.1));
#4119 = LINE('',#4120,#4121);
#4120 = CARTESIAN_POINT('',(17.75,0.25,0.1));
#4121 = VECTOR('',#4122,1.);
#4122 = DIRECTION('',(-1.224646799147E-16,-1.,0.));
#4123 = ORIENTED_EDGE('',*,*,#4124,.T.);
#4124 = EDGE_CURVE('',#4115,#4125,#4127,.T.);
#4125 = VERTEX_POINT('',#4126);
#4126 = CARTESIAN_POINT('',(18.25,0.25,0.1));
#4127 = LINE('',#4128,#4129);
#4128 = CARTESIAN_POINT('',(18.5,0.25,0.1));
#4129 = VECTOR('',#4130,1.);
#4130 = DIRECTION('',(1.,-1.224646799147E-16,0.));
#4131 = ORIENTED_EDGE('',*,*,#4132,.T.);
#4132 = EDGE_CURVE('',#4125,#4133,#4135,.T.);
#4133 = VERTEX_POINT('',#4134);
#4134 = CARTESIAN_POINT('',(18.25,-0.25,0.1));
#4135 = LINE('',#4136,#4137);
#4136 = CARTESIAN_POINT('',(18.25,0.25,0.1));
#4137 = VECTOR('',#4138,1.);
#4138 = DIRECTION('',(-1.224646799147E-16,-1.,0.));
#4139 = ORIENTED_EDGE('',*,*,#4140,.T.);
#4140 = EDGE_CURVE('',#4133,#4117,#4141,.T.);
#4141 = LINE('',#4142,#4143);
#4142 = CARTESIAN_POINT('',(18.5,-0.25,0.1));
#4143 = VECTOR('',#4144,1.);
#4144 = DIRECTION('',(-1.,1.224646799147E-16,0.));
#4145 = PLANE('',#4146);
#4146 = AXIS2_PLACEMENT_3D('',#4147,#4148,#4149);
#4147 = CARTESIAN_POINT('',(18.75,0.5,0.1));
#4148 = DIRECTION('',(0.,0.,1.));
#4149 = DIRECTION('',(-1.224646799147E-16,-1.,0.));
#4150 = ADVANCED_FACE('',(#4151,#4157),#4191,.F.);
#4151 = FACE_BOUND('',#4152,.F.);
#4152 = EDGE_LOOP('',(#4153,#4154,#4155,#4156));
#4153 = ORIENTED_EDGE('',*,*,#2623,.T.);
#4154 = ORIENTED_EDGE('',*,*,#2369,.T.);
#4155 = ORIENTED_EDGE('',*,*,#2393,.F.);
#4156 = ORIENTED_EDGE('',*,*,#2426,.F.);
#4157 = FACE_BOUND('',#4158,.F.);
#4158 = EDGE_LOOP('',(#4159,#4169,#4177,#4185));
#4159 = ORIENTED_EDGE('',*,*,#4160,.T.);
#4160 = EDGE_CURVE('',#4161,#4163,#4165,.T.);
#4161 = VERTEX_POINT('',#4162);
#4162 = CARTESIAN_POINT('',(20.25,0.25,0.1));
#4163 = VERTEX_POINT('',#4164);
#4164 = CARTESIAN_POINT('',(20.25,-0.25,0.1));
#4165 = LINE('',#4166,#4167);
#4166 = CARTESIAN_POINT('',(20.25,0.25,0.1));
#4167 = VECTOR('',#4168,1.);
#4168 = DIRECTION('',(-1.224646799147E-16,-1.,0.));
#4169 = ORIENTED_EDGE('',*,*,#4170,.T.);
#4170 = EDGE_CURVE('',#4163,#4171,#4173,.T.);
#4171 = VERTEX_POINT('',#4172);
#4172 = CARTESIAN_POINT('',(19.75,-0.25,0.1));
#4173 = LINE('',#4174,#4175);
#4174 = CARTESIAN_POINT('',(20.5,-0.25,0.1));
#4175 = VECTOR('',#4176,1.);
#4176 = DIRECTION('',(-1.,1.224646799147E-16,0.));
#4177 = ORIENTED_EDGE('',*,*,#4178,.F.);
#4178 = EDGE_CURVE('',#4179,#4171,#4181,.T.);
#4179 = VERTEX_POINT('',#4180);
#4180 = CARTESIAN_POINT('',(19.75,0.25,0.1));
#4181 = LINE('',#4182,#4183);
#4182 = CARTESIAN_POINT('',(19.75,0.25,0.1));
#4183 = VECTOR('',#4184,1.);
#4184 = DIRECTION('',(-1.224646799147E-16,-1.,0.));
#4185 = ORIENTED_EDGE('',*,*,#4186,.T.);
#4186 = EDGE_CURVE('',#4179,#4161,#4187,.T.);
#4187 = LINE('',#4188,#4189);
#4188 = CARTESIAN_POINT('',(20.5,0.25,0.1));
#4189 = VECTOR('',#4190,1.);
#4190 = DIRECTION('',(1.,-1.224646799147E-16,0.));
#4191 = PLANE('',#4192);
#4192 = AXIS2_PLACEMENT_3D('',#4193,#4194,#4195);
#4193 = CARTESIAN_POINT('',(20.75,0.5,0.1));
#4194 = DIRECTION('',(0.,0.,1.));
#4195 = DIRECTION('',(-1.224646799147E-16,-1.,0.));
#4196 = ADVANCED_FACE('',(#4197),#4208,.F.);
#4197 = FACE_BOUND('',#4198,.F.);
#4198 = EDGE_LOOP('',(#4199,#4200,#4201,#4207));
#4199 = ORIENTED_EDGE('',*,*,#3268,.T.);
#4200 = ORIENTED_EDGE('',*,*,#2533,.T.);
#4201 = ORIENTED_EDGE('',*,*,#4202,.F.);
#4202 = EDGE_CURVE('',#3303,#2526,#4203,.T.);
#4203 = LINE('',#4204,#4205);
#4204 = CARTESIAN_POINT('',(23.95,0.2,4.4));
#4205 = VECTOR('',#4206,1.);
#4206 = DIRECTION('',(-1.,1.224646799147E-16,0.));
#4207 = ORIENTED_EDGE('',*,*,#3302,.F.);
#4208 = CYLINDRICAL_SURFACE('',#4209,0.4);
#4209 = AXIS2_PLACEMENT_3D('',#4210,#4211,#4212);
#4210 = CARTESIAN_POINT('',(23.95,-0.2,4.4));
#4211 = DIRECTION('',(1.,-1.224646799147E-16,-0.));
#4212 = DIRECTION('',(1.224646799147E-16,1.,0.));
#4213 = ADVANCED_FACE('',(#4214),#4220,.T.);
#4214 = FACE_BOUND('',#4215,.T.);
#4215 = EDGE_LOOP('',(#4216,#4217,#4218,#4219));
#4216 = ORIENTED_EDGE('',*,*,#3311,.T.);
#4217 = ORIENTED_EDGE('',*,*,#2841,.T.);
#4218 = ORIENTED_EDGE('',*,*,#2525,.T.);
#4219 = ORIENTED_EDGE('',*,*,#4202,.F.);
#4220 = PLANE('',#4221);
#4221 = AXIS2_PLACEMENT_3D('',#4222,#4223,#4224);
#4222 = CARTESIAN_POINT('',(23.95,0.2,6.));
#4223 = DIRECTION('',(-1.224646799147E-16,-1.,0.));
#4224 = DIRECTION('',(-0.,0.,-1.));
#4225 = ADVANCED_FACE('',(#4226),#4283,.T.);
#4226 = FACE_BOUND('',#4227,.T.);
#4227 = EDGE_LOOP('',(#4228,#4238,#4246,#4254,#4260,#4261,#4269,#4277));
#4228 = ORIENTED_EDGE('',*,*,#4229,.T.);
#4229 = EDGE_CURVE('',#4230,#4232,#4234,.T.);
#4230 = VERTEX_POINT('',#4231);
#4231 = CARTESIAN_POINT('',(21.75,0.281578947368,-3.2));
#4232 = VERTEX_POINT('',#4233);
#4233 = CARTESIAN_POINT('',(21.75,-0.218421052632,-3.2));
#4234 = LINE('',#4235,#4236);
#4235 = CARTESIAN_POINT('',(21.75,0.25,-3.2));
#4236 = VECTOR('',#4237,1.);
#4237 = DIRECTION('',(-1.224646799147E-16,-1.,0.));
#4238 = ORIENTED_EDGE('',*,*,#4239,.T.);
#4239 = EDGE_CURVE('',#4232,#4240,#4242,.T.);
#4240 = VERTEX_POINT('',#4241);
#4241 = CARTESIAN_POINT('',(21.75,5.E-02,-1.5));
#4242 = LINE('',#4243,#4244);
#4243 = CARTESIAN_POINT('',(21.75,-0.25,-3.4));
#4244 = VECTOR('',#4245,1.);
#4245 = DIRECTION('',(1.909990663905E-17,0.155962573473,0.987762965329)
  );
#4246 = ORIENTED_EDGE('',*,*,#4247,.T.);
#4247 = EDGE_CURVE('',#4240,#4248,#4250,.T.);
#4248 = VERTEX_POINT('',#4249);
#4249 = CARTESIAN_POINT('',(21.75,-0.25,-0.9));
#4250 = LINE('',#4251,#4252);
#4251 = CARTESIAN_POINT('',(21.75,5.E-02,-1.5));
#4252 = VECTOR('',#4253,1.);
#4253 = DIRECTION('',(-5.476786982641E-17,-0.4472135955,0.894427191));
#4254 = ORIENTED_EDGE('',*,*,#4255,.T.);
#4255 = EDGE_CURVE('',#4248,#2584,#4256,.T.);
#4256 = LINE('',#4257,#4258);
#4257 = CARTESIAN_POINT('',(21.75,-0.25,-0.9));
#4258 = VECTOR('',#4259,1.);
#4259 = DIRECTION('',(0.,0.,1.));
#4260 = ORIENTED_EDGE('',*,*,#2581,.F.);
#4261 = ORIENTED_EDGE('',*,*,#4262,.T.);
#4262 = EDGE_CURVE('',#2582,#4263,#4265,.T.);
#4263 = VERTEX_POINT('',#4264);
#4264 = CARTESIAN_POINT('',(21.75,0.25,-0.9));
#4265 = LINE('',#4266,#4267);
#4266 = CARTESIAN_POINT('',(21.75,0.25,5.));
#4267 = VECTOR('',#4268,1.);
#4268 = DIRECTION('',(-0.,0.,-1.));
#4269 = ORIENTED_EDGE('',*,*,#4270,.T.);
#4270 = EDGE_CURVE('',#4263,#4271,#4273,.T.);
#4271 = VERTEX_POINT('',#4272);
#4272 = CARTESIAN_POINT('',(21.75,0.55,-1.5));
#4273 = LINE('',#4274,#4275);
#4274 = CARTESIAN_POINT('',(21.75,0.25,-0.9));
#4275 = VECTOR('',#4276,1.);
#4276 = DIRECTION('',(5.476786982641E-17,0.4472135955,-0.894427191));
#4277 = ORIENTED_EDGE('',*,*,#4278,.T.);
#4278 = EDGE_CURVE('',#4271,#4230,#4279,.T.);
#4279 = LINE('',#4280,#4281);
#4280 = CARTESIAN_POINT('',(21.75,0.55,-1.5));
#4281 = VECTOR('',#4282,1.);
#4282 = DIRECTION('',(-1.909990663905E-17,-0.155962573473,
    -0.987762965329));
#4283 = PLANE('',#4284);
#4284 = AXIS2_PLACEMENT_3D('',#4285,#4286,#4287);
#4285 = CARTESIAN_POINT('',(21.75,4.326643272645E-02,0.775746953017));
#4286 = DIRECTION('',(-1.,1.224646799147E-16,0.));
#4287 = DIRECTION('',(0.,0.,1.));
#4288 = ADVANCED_FACE('',(#4289),#4307,.F.);
#4289 = FACE_BOUND('',#4290,.F.);
#4290 = EDGE_LOOP('',(#4291,#4299,#4305,#4306));
#4291 = ORIENTED_EDGE('',*,*,#4292,.F.);
#4292 = EDGE_CURVE('',#4293,#2600,#4295,.T.);
#4293 = VERTEX_POINT('',#4294);
#4294 = CARTESIAN_POINT('',(22.25,-0.25,-0.9));
#4295 = LINE('',#4296,#4297);
#4296 = CARTESIAN_POINT('',(22.25,-0.25,-0.9));
#4297 = VECTOR('',#4298,1.);
#4298 = DIRECTION('',(0.,0.,1.));
#4299 = ORIENTED_EDGE('',*,*,#4300,.T.);
#4300 = EDGE_CURVE('',#4293,#4248,#4301,.T.);
#4301 = LINE('',#4302,#4303);
#4302 = CARTESIAN_POINT('',(22.25,-0.25,-0.9));
#4303 = VECTOR('',#4304,1.);
#4304 = DIRECTION('',(-1.,1.224646799147E-16,0.));
#4305 = ORIENTED_EDGE('',*,*,#4255,.T.);
#4306 = ORIENTED_EDGE('',*,*,#2607,.F.);
#4307 = PLANE('',#4308);
#4308 = AXIS2_PLACEMENT_3D('',#4309,#4310,#4311);
#4309 = CARTESIAN_POINT('',(22.25,-0.25,-0.9));
#4310 = DIRECTION('',(1.224646799147E-16,1.,0.));
#4311 = DIRECTION('',(0.,-0.,1.));
#4312 = ADVANCED_FACE('',(#4313),#4363,.F.);
#4313 = FACE_BOUND('',#4314,.F.);
#4314 = EDGE_LOOP('',(#4315,#4325,#4333,#4339,#4340,#4341,#4349,#4357));
#4315 = ORIENTED_EDGE('',*,*,#4316,.T.);
#4316 = EDGE_CURVE('',#4317,#4319,#4321,.T.);
#4317 = VERTEX_POINT('',#4318);
#4318 = CARTESIAN_POINT('',(22.25,0.281578947368,-3.2));
#4319 = VERTEX_POINT('',#4320);
#4320 = CARTESIAN_POINT('',(22.25,-0.218421052632,-3.2));
#4321 = LINE('',#4322,#4323);
#4322 = CARTESIAN_POINT('',(22.25,0.25,-3.2));
#4323 = VECTOR('',#4324,1.);
#4324 = DIRECTION('',(-1.224646799147E-16,-1.,0.));
#4325 = ORIENTED_EDGE('',*,*,#4326,.T.);
#4326 = EDGE_CURVE('',#4319,#4327,#4329,.T.);
#4327 = VERTEX_POINT('',#4328);
#4328 = CARTESIAN_POINT('',(22.25,5.E-02,-1.5));
#4329 = LINE('',#4330,#4331);
#4330 = CARTESIAN_POINT('',(22.25,-0.25,-3.4));
#4331 = VECTOR('',#4332,1.);
#4332 = DIRECTION('',(1.909990663905E-17,0.155962573473,0.987762965329)
  );
#4333 = ORIENTED_EDGE('',*,*,#4334,.T.);
#4334 = EDGE_CURVE('',#4327,#4293,#4335,.T.);
#4335 = LINE('',#4336,#4337);
#4336 = CARTESIAN_POINT('',(22.25,5.E-02,-1.5));
#4337 = VECTOR('',#4338,1.);
#4338 = DIRECTION('',(-5.476786982641E-17,-0.4472135955,0.894427191));
#4339 = ORIENTED_EDGE('',*,*,#4292,.T.);
#4340 = ORIENTED_EDGE('',*,*,#2599,.F.);
#4341 = ORIENTED_EDGE('',*,*,#4342,.T.);
#4342 = EDGE_CURVE('',#2592,#4343,#4345,.T.);
#4343 = VERTEX_POINT('',#4344);
#4344 = CARTESIAN_POINT('',(22.25,0.25,-0.9));
#4345 = LINE('',#4346,#4347);
#4346 = CARTESIAN_POINT('',(22.25,0.25,5.));
#4347 = VECTOR('',#4348,1.);
#4348 = DIRECTION('',(-0.,0.,-1.));
#4349 = ORIENTED_EDGE('',*,*,#4350,.T.);
#4350 = EDGE_CURVE('',#4343,#4351,#4353,.T.);
#4351 = VERTEX_POINT('',#4352);
#4352 = CARTESIAN_POINT('',(22.25,0.55,-1.5));
#4353 = LINE('',#4354,#4355);
#4354 = CARTESIAN_POINT('',(22.25,0.25,-0.9));
#4355 = VECTOR('',#4356,1.);
#4356 = DIRECTION('',(5.476786982641E-17,0.4472135955,-0.894427191));
#4357 = ORIENTED_EDGE('',*,*,#4358,.T.);
#4358 = EDGE_CURVE('',#4351,#4317,#4359,.T.);
#4359 = LINE('',#4360,#4361);
#4360 = CARTESIAN_POINT('',(22.25,0.55,-1.5));
#4361 = VECTOR('',#4362,1.);
#4362 = DIRECTION('',(-1.909990663905E-17,-0.155962573473,
    -0.987762965329));
#4363 = PLANE('',#4364);
#4364 = AXIS2_PLACEMENT_3D('',#4365,#4366,#4367);
#4365 = CARTESIAN_POINT('',(22.25,4.326643272645E-02,0.775746953017));
#4366 = DIRECTION('',(-1.,1.224646799147E-16,0.));
#4367 = DIRECTION('',(0.,0.,1.));
#4368 = ADVANCED_FACE('',(#4369),#4380,.F.);
#4369 = FACE_BOUND('',#4370,.F.);
#4370 = EDGE_LOOP('',(#4371,#4372,#4373,#4374));
#4371 = ORIENTED_EDGE('',*,*,#4342,.F.);
#4372 = ORIENTED_EDGE('',*,*,#2591,.F.);
#4373 = ORIENTED_EDGE('',*,*,#4262,.T.);
#4374 = ORIENTED_EDGE('',*,*,#4375,.F.);
#4375 = EDGE_CURVE('',#4343,#4263,#4376,.T.);
#4376 = LINE('',#4377,#4378);
#4377 = CARTESIAN_POINT('',(22.25,0.25,-0.9));
#4378 = VECTOR('',#4379,1.);
#4379 = DIRECTION('',(-1.,1.224646799147E-16,0.));
#4380 = PLANE('',#4381);
#4381 = AXIS2_PLACEMENT_3D('',#4382,#4383,#4384);
#4382 = CARTESIAN_POINT('',(22.25,0.25,5.));
#4383 = DIRECTION('',(-1.224646799147E-16,-1.,0.));
#4384 = DIRECTION('',(-0.,0.,-1.));
#4385 = ADVANCED_FACE('',(#4386),#4392,.F.);
#4386 = FACE_BOUND('',#4387,.F.);
#4387 = EDGE_LOOP('',(#4388,#4389,#4390,#4391));
#4388 = ORIENTED_EDGE('',*,*,#3009,.T.);
#4389 = ORIENTED_EDGE('',*,*,#2825,.T.);
#4390 = ORIENTED_EDGE('',*,*,#2871,.F.);
#4391 = ORIENTED_EDGE('',*,*,#2920,.F.);
#4392 = PLANE('',#4393);
#4393 = AXIS2_PLACEMENT_3D('',#4394,#4395,#4396);
#4394 = CARTESIAN_POINT('',(-0.45,1.75,4.2));
#4395 = DIRECTION('',(-1.224646799147E-16,-1.,0.));
#4396 = DIRECTION('',(-1.,1.224646799147E-16,0.));
#4397 = ADVANCED_FACE('',(#4398,#4657,#4691,#4725,#4759,#4793,#4827,
    #4861,#4895,#4929,#4963,#4997,#5031),#5065,.T.);
#4398 = FACE_BOUND('',#4399,.T.);
#4399 = EDGE_LOOP('',(#4400,#4408,#4409,#4410,#4411,#4412,#4413,#4421,
    #4429,#4435,#4436,#4444,#4452,#4458,#4459,#4467,#4475,#4481,#4482,
    #4490,#4498,#4504,#4505,#4513,#4521,#4527,#4528,#4536,#4544,#4550,
    #4551,#4559,#4567,#4573,#4574,#4582,#4590,#4596,#4597,#4605,#4613,
    #4619,#4620,#4628,#4636,#4642,#4643,#4651));
#4400 = ORIENTED_EDGE('',*,*,#4401,.F.);
#4401 = EDGE_CURVE('',#3672,#4402,#4404,.T.);
#4402 = VERTEX_POINT('',#4403);
#4403 = CARTESIAN_POINT('',(21.2,-2.,1.8));
#4404 = LINE('',#4405,#4406);
#4405 = CARTESIAN_POINT('',(21.2,-2.3,1.8));
#4406 = VECTOR('',#4407,1.);
#4407 = DIRECTION('',(1.224646799147E-16,1.,0.));
#4408 = ORIENTED_EDGE('',*,*,#3679,.T.);
#4409 = ORIENTED_EDGE('',*,*,#3194,.T.);
#4410 = ORIENTED_EDGE('',*,*,#3222,.T.);
#4411 = ORIENTED_EDGE('',*,*,#3286,.T.);
#4412 = ORIENTED_EDGE('',*,*,#3327,.T.);
#4413 = ORIENTED_EDGE('',*,*,#4414,.F.);
#4414 = EDGE_CURVE('',#4415,#3328,#4417,.T.);
#4415 = VERTEX_POINT('',#4416);
#4416 = CARTESIAN_POINT('',(0.8,-2.,1.8));
#4417 = LINE('',#4418,#4419);
#4418 = CARTESIAN_POINT('',(0.8,-2.,1.8));
#4419 = VECTOR('',#4420,1.);
#4420 = DIRECTION('',(-1.224646799147E-16,-1.,0.));
#4421 = ORIENTED_EDGE('',*,*,#4422,.F.);
#4422 = EDGE_CURVE('',#4423,#4415,#4425,.T.);
#4423 = VERTEX_POINT('',#4424);
#4424 = CARTESIAN_POINT('',(1.2,-2.,1.8));
#4425 = LINE('',#4426,#4427);
#4426 = CARTESIAN_POINT('',(1.2,-2.,1.8));
#4427 = VECTOR('',#4428,1.);
#4428 = DIRECTION('',(-1.,1.224646799147E-16,0.));
#4429 = ORIENTED_EDGE('',*,*,#4430,.F.);
#4430 = EDGE_CURVE('',#3352,#4423,#4431,.T.);
#4431 = LINE('',#4432,#4433);
#4432 = CARTESIAN_POINT('',(1.2,-2.3,1.8));
#4433 = VECTOR('',#4434,1.);
#4434 = DIRECTION('',(1.224646799147E-16,1.,0.));
#4435 = ORIENTED_EDGE('',*,*,#3359,.T.);
#4436 = ORIENTED_EDGE('',*,*,#4437,.F.);
#4437 = EDGE_CURVE('',#4438,#3360,#4440,.T.);
#4438 = VERTEX_POINT('',#4439);
#4439 = CARTESIAN_POINT('',(2.8,-2.,1.8));
#4440 = LINE('',#4441,#4442);
#4441 = CARTESIAN_POINT('',(2.8,-2.,1.8));
#4442 = VECTOR('',#4443,1.);
#4443 = DIRECTION('',(-1.224646799147E-16,-1.,0.));
#4444 = ORIENTED_EDGE('',*,*,#4445,.F.);
#4445 = EDGE_CURVE('',#4446,#4438,#4448,.T.);
#4446 = VERTEX_POINT('',#4447);
#4447 = CARTESIAN_POINT('',(3.2,-2.,1.8));
#4448 = LINE('',#4449,#4450);
#4449 = CARTESIAN_POINT('',(3.2,-2.,1.8));
#4450 = VECTOR('',#4451,1.);
#4451 = DIRECTION('',(-1.,1.224646799147E-16,0.));
#4452 = ORIENTED_EDGE('',*,*,#4453,.F.);
#4453 = EDGE_CURVE('',#3384,#4446,#4454,.T.);
#4454 = LINE('',#4455,#4456);
#4455 = CARTESIAN_POINT('',(3.2,-2.3,1.8));
#4456 = VECTOR('',#4457,1.);
#4457 = DIRECTION('',(1.224646799147E-16,1.,0.));
#4458 = ORIENTED_EDGE('',*,*,#3391,.T.);
#4459 = ORIENTED_EDGE('',*,*,#4460,.F.);
#4460 = EDGE_CURVE('',#4461,#3392,#4463,.T.);
#4461 = VERTEX_POINT('',#4462);
#4462 = CARTESIAN_POINT('',(4.8,-2.,1.8));
#4463 = LINE('',#4464,#4465);
#4464 = CARTESIAN_POINT('',(4.8,-2.,1.8));
#4465 = VECTOR('',#4466,1.);
#4466 = DIRECTION('',(-1.224646799147E-16,-1.,0.));
#4467 = ORIENTED_EDGE('',*,*,#4468,.F.);
#4468 = EDGE_CURVE('',#4469,#4461,#4471,.T.);
#4469 = VERTEX_POINT('',#4470);
#4470 = CARTESIAN_POINT('',(5.2,-2.,1.8));
#4471 = LINE('',#4472,#4473);
#4472 = CARTESIAN_POINT('',(5.2,-2.,1.8));
#4473 = VECTOR('',#4474,1.);
#4474 = DIRECTION('',(-1.,1.224646799147E-16,0.));
#4475 = ORIENTED_EDGE('',*,*,#4476,.F.);
#4476 = EDGE_CURVE('',#3416,#4469,#4477,.T.);
#4477 = LINE('',#4478,#4479);
#4478 = CARTESIAN_POINT('',(5.2,-2.3,1.8));
#4479 = VECTOR('',#4480,1.);
#4480 = DIRECTION('',(1.224646799147E-16,1.,0.));
#4481 = ORIENTED_EDGE('',*,*,#3423,.T.);
#4482 = ORIENTED_EDGE('',*,*,#4483,.F.);
#4483 = EDGE_CURVE('',#4484,#3424,#4486,.T.);
#4484 = VERTEX_POINT('',#4485);
#4485 = CARTESIAN_POINT('',(6.8,-2.,1.8));
#4486 = LINE('',#4487,#4488);
#4487 = CARTESIAN_POINT('',(6.8,-2.,1.8));
#4488 = VECTOR('',#4489,1.);
#4489 = DIRECTION('',(-1.224646799147E-16,-1.,0.));
#4490 = ORIENTED_EDGE('',*,*,#4491,.F.);
#4491 = EDGE_CURVE('',#4492,#4484,#4494,.T.);
#4492 = VERTEX_POINT('',#4493);
#4493 = CARTESIAN_POINT('',(7.2,-2.,1.8));
#4494 = LINE('',#4495,#4496);
#4495 = CARTESIAN_POINT('',(7.2,-2.,1.8));
#4496 = VECTOR('',#4497,1.);
#4497 = DIRECTION('',(-1.,1.224646799147E-16,0.));
#4498 = ORIENTED_EDGE('',*,*,#4499,.F.);
#4499 = EDGE_CURVE('',#3448,#4492,#4500,.T.);
#4500 = LINE('',#4501,#4502);
#4501 = CARTESIAN_POINT('',(7.2,-2.3,1.8));
#4502 = VECTOR('',#4503,1.);
#4503 = DIRECTION('',(1.224646799147E-16,1.,0.));
#4504 = ORIENTED_EDGE('',*,*,#3455,.T.);
#4505 = ORIENTED_EDGE('',*,*,#4506,.F.);
#4506 = EDGE_CURVE('',#4507,#3456,#4509,.T.);
#4507 = VERTEX_POINT('',#4508);
#4508 = CARTESIAN_POINT('',(8.8,-2.,1.8));
#4509 = LINE('',#4510,#4511);
#4510 = CARTESIAN_POINT('',(8.8,-2.,1.8));
#4511 = VECTOR('',#4512,1.);
#4512 = DIRECTION('',(-1.224646799147E-16,-1.,0.));
#4513 = ORIENTED_EDGE('',*,*,#4514,.F.);
#4514 = EDGE_CURVE('',#4515,#4507,#4517,.T.);
#4515 = VERTEX_POINT('',#4516);
#4516 = CARTESIAN_POINT('',(9.2,-2.,1.8));
#4517 = LINE('',#4518,#4519);
#4518 = CARTESIAN_POINT('',(9.2,-2.,1.8));
#4519 = VECTOR('',#4520,1.);
#4520 = DIRECTION('',(-1.,1.224646799147E-16,0.));
#4521 = ORIENTED_EDGE('',*,*,#4522,.F.);
#4522 = EDGE_CURVE('',#3480,#4515,#4523,.T.);
#4523 = LINE('',#4524,#4525);
#4524 = CARTESIAN_POINT('',(9.2,-2.3,1.8));
#4525 = VECTOR('',#4526,1.);
#4526 = DIRECTION('',(1.224646799147E-16,1.,0.));
#4527 = ORIENTED_EDGE('',*,*,#3487,.T.);
#4528 = ORIENTED_EDGE('',*,*,#4529,.F.);
#4529 = EDGE_CURVE('',#4530,#3488,#4532,.T.);
#4530 = VERTEX_POINT('',#4531);
#4531 = CARTESIAN_POINT('',(10.8,-2.,1.8));
#4532 = LINE('',#4533,#4534);
#4533 = CARTESIAN_POINT('',(10.8,-2.,1.8));
#4534 = VECTOR('',#4535,1.);
#4535 = DIRECTION('',(-1.224646799147E-16,-1.,0.));
#4536 = ORIENTED_EDGE('',*,*,#4537,.F.);
#4537 = EDGE_CURVE('',#4538,#4530,#4540,.T.);
#4538 = VERTEX_POINT('',#4539);
#4539 = CARTESIAN_POINT('',(11.2,-2.,1.8));
#4540 = LINE('',#4541,#4542);
#4541 = CARTESIAN_POINT('',(11.2,-2.,1.8));
#4542 = VECTOR('',#4543,1.);
#4543 = DIRECTION('',(-1.,1.224646799147E-16,0.));
#4544 = ORIENTED_EDGE('',*,*,#4545,.F.);
#4545 = EDGE_CURVE('',#3512,#4538,#4546,.T.);
#4546 = LINE('',#4547,#4548);
#4547 = CARTESIAN_POINT('',(11.2,-2.3,1.8));
#4548 = VECTOR('',#4549,1.);
#4549 = DIRECTION('',(1.224646799147E-16,1.,0.));
#4550 = ORIENTED_EDGE('',*,*,#3519,.T.);
#4551 = ORIENTED_EDGE('',*,*,#4552,.F.);
#4552 = EDGE_CURVE('',#4553,#3520,#4555,.T.);
#4553 = VERTEX_POINT('',#4554);
#4554 = CARTESIAN_POINT('',(12.8,-2.,1.8));
#4555 = LINE('',#4556,#4557);
#4556 = CARTESIAN_POINT('',(12.8,-2.,1.8));
#4557 = VECTOR('',#4558,1.);
#4558 = DIRECTION('',(-1.224646799147E-16,-1.,0.));
#4559 = ORIENTED_EDGE('',*,*,#4560,.F.);
#4560 = EDGE_CURVE('',#4561,#4553,#4563,.T.);
#4561 = VERTEX_POINT('',#4562);
#4562 = CARTESIAN_POINT('',(13.2,-2.,1.8));
#4563 = LINE('',#4564,#4565);
#4564 = CARTESIAN_POINT('',(13.2,-2.,1.8));
#4565 = VECTOR('',#4566,1.);
#4566 = DIRECTION('',(-1.,1.224646799147E-16,0.));
#4567 = ORIENTED_EDGE('',*,*,#4568,.F.);
#4568 = EDGE_CURVE('',#3544,#4561,#4569,.T.);
#4569 = LINE('',#4570,#4571);
#4570 = CARTESIAN_POINT('',(13.2,-2.3,1.8));
#4571 = VECTOR('',#4572,1.);
#4572 = DIRECTION('',(1.224646799147E-16,1.,0.));
#4573 = ORIENTED_EDGE('',*,*,#3551,.T.);
#4574 = ORIENTED_EDGE('',*,*,#4575,.F.);
#4575 = EDGE_CURVE('',#4576,#3552,#4578,.T.);
#4576 = VERTEX_POINT('',#4577);
#4577 = CARTESIAN_POINT('',(14.8,-2.,1.8));
#4578 = LINE('',#4579,#4580);
#4579 = CARTESIAN_POINT('',(14.8,-2.,1.8));
#4580 = VECTOR('',#4581,1.);
#4581 = DIRECTION('',(-1.224646799147E-16,-1.,0.));
#4582 = ORIENTED_EDGE('',*,*,#4583,.F.);
#4583 = EDGE_CURVE('',#4584,#4576,#4586,.T.);
#4584 = VERTEX_POINT('',#4585);
#4585 = CARTESIAN_POINT('',(15.2,-2.,1.8));
#4586 = LINE('',#4587,#4588);
#4587 = CARTESIAN_POINT('',(15.2,-2.,1.8));
#4588 = VECTOR('',#4589,1.);
#4589 = DIRECTION('',(-1.,1.224646799147E-16,0.));
#4590 = ORIENTED_EDGE('',*,*,#4591,.F.);
#4591 = EDGE_CURVE('',#3576,#4584,#4592,.T.);
#4592 = LINE('',#4593,#4594);
#4593 = CARTESIAN_POINT('',(15.2,-2.3,1.8));
#4594 = VECTOR('',#4595,1.);
#4595 = DIRECTION('',(1.224646799147E-16,1.,0.));
#4596 = ORIENTED_EDGE('',*,*,#3583,.T.);
#4597 = ORIENTED_EDGE('',*,*,#4598,.F.);
#4598 = EDGE_CURVE('',#4599,#3584,#4601,.T.);
#4599 = VERTEX_POINT('',#4600);
#4600 = CARTESIAN_POINT('',(16.8,-2.,1.8));
#4601 = LINE('',#4602,#4603);
#4602 = CARTESIAN_POINT('',(16.8,-2.,1.8));
#4603 = VECTOR('',#4604,1.);
#4604 = DIRECTION('',(-1.224646799147E-16,-1.,0.));
#4605 = ORIENTED_EDGE('',*,*,#4606,.F.);
#4606 = EDGE_CURVE('',#4607,#4599,#4609,.T.);
#4607 = VERTEX_POINT('',#4608);
#4608 = CARTESIAN_POINT('',(17.2,-2.,1.8));
#4609 = LINE('',#4610,#4611);
#4610 = CARTESIAN_POINT('',(17.2,-2.,1.8));
#4611 = VECTOR('',#4612,1.);
#4612 = DIRECTION('',(-1.,1.224646799147E-16,0.));
#4613 = ORIENTED_EDGE('',*,*,#4614,.F.);
#4614 = EDGE_CURVE('',#3608,#4607,#4615,.T.);
#4615 = LINE('',#4616,#4617);
#4616 = CARTESIAN_POINT('',(17.2,-2.3,1.8));
#4617 = VECTOR('',#4618,1.);
#4618 = DIRECTION('',(1.224646799147E-16,1.,0.));
#4619 = ORIENTED_EDGE('',*,*,#3615,.T.);
#4620 = ORIENTED_EDGE('',*,*,#4621,.F.);
#4621 = EDGE_CURVE('',#4622,#3616,#4624,.T.);
#4622 = VERTEX_POINT('',#4623);
#4623 = CARTESIAN_POINT('',(18.8,-2.,1.8));
#4624 = LINE('',#4625,#4626);
#4625 = CARTESIAN_POINT('',(18.8,-2.,1.8));
#4626 = VECTOR('',#4627,1.);
#4627 = DIRECTION('',(-1.224646799147E-16,-1.,0.));
#4628 = ORIENTED_EDGE('',*,*,#4629,.F.);
#4629 = EDGE_CURVE('',#4630,#4622,#4632,.T.);
#4630 = VERTEX_POINT('',#4631);
#4631 = CARTESIAN_POINT('',(19.2,-2.,1.8));
#4632 = LINE('',#4633,#4634);
#4633 = CARTESIAN_POINT('',(19.2,-2.,1.8));
#4634 = VECTOR('',#4635,1.);
#4635 = DIRECTION('',(-1.,1.224646799147E-16,0.));
#4636 = ORIENTED_EDGE('',*,*,#4637,.F.);
#4637 = EDGE_CURVE('',#3640,#4630,#4638,.T.);
#4638 = LINE('',#4639,#4640);
#4639 = CARTESIAN_POINT('',(19.2,-2.3,1.8));
#4640 = VECTOR('',#4641,1.);
#4641 = DIRECTION('',(1.224646799147E-16,1.,0.));
#4642 = ORIENTED_EDGE('',*,*,#3647,.T.);
#4643 = ORIENTED_EDGE('',*,*,#4644,.F.);
#4644 = EDGE_CURVE('',#4645,#3648,#4647,.T.);
#4645 = VERTEX_POINT('',#4646);
#4646 = CARTESIAN_POINT('',(20.8,-2.,1.8));
#4647 = LINE('',#4648,#4649);
#4648 = CARTESIAN_POINT('',(20.8,-2.,1.8));
#4649 = VECTOR('',#4650,1.);
#4650 = DIRECTION('',(-1.224646799147E-16,-1.,0.));
#4651 = ORIENTED_EDGE('',*,*,#4652,.F.);
#4652 = EDGE_CURVE('',#4402,#4645,#4653,.T.);
#4653 = LINE('',#4654,#4655);
#4654 = CARTESIAN_POINT('',(21.2,-2.,1.8));
#4655 = VECTOR('',#4656,1.);
#4656 = DIRECTION('',(-1.,1.224646799147E-16,0.));
#4657 = FACE_BOUND('',#4658,.T.);
#4658 = EDGE_LOOP('',(#4659,#4669,#4677,#4685));
#4659 = ORIENTED_EDGE('',*,*,#4660,.T.);
#4660 = EDGE_CURVE('',#4661,#4663,#4665,.T.);
#4661 = VERTEX_POINT('',#4662);
#4662 = CARTESIAN_POINT('',(20.25,0.25,1.8));
#4663 = VERTEX_POINT('',#4664);
#4664 = CARTESIAN_POINT('',(20.25,-0.25,1.8));
#4665 = LINE('',#4666,#4667);
#4666 = CARTESIAN_POINT('',(20.25,-0.3,1.8));
#4667 = VECTOR('',#4668,1.);
#4668 = DIRECTION('',(-1.224646799147E-16,-1.,2.476734558289E-31));
#4669 = ORIENTED_EDGE('',*,*,#4670,.T.);
#4670 = EDGE_CURVE('',#4663,#4671,#4673,.T.);
#4671 = VERTEX_POINT('',#4672);
#4672 = CARTESIAN_POINT('',(19.75,-0.25,1.8));
#4673 = LINE('',#4674,#4675);
#4674 = CARTESIAN_POINT('',(15.625,-0.25,1.8));
#4675 = VECTOR('',#4676,1.);
#4676 = DIRECTION('',(-1.,1.224646799147E-16,6.045168501843E-32));
#4677 = ORIENTED_EDGE('',*,*,#4678,.F.);
#4678 = EDGE_CURVE('',#4679,#4671,#4681,.T.);
#4679 = VERTEX_POINT('',#4680);
#4680 = CARTESIAN_POINT('',(19.75,0.25,1.8));
#4681 = LINE('',#4682,#4683);
#4682 = CARTESIAN_POINT('',(19.75,-0.3,1.8));
#4683 = VECTOR('',#4684,1.);
#4684 = DIRECTION('',(-1.224646799147E-16,-1.,2.476734558289E-31));
#4685 = ORIENTED_EDGE('',*,*,#4686,.T.);
#4686 = EDGE_CURVE('',#4679,#4661,#4687,.T.);
#4687 = LINE('',#4688,#4689);
#4688 = CARTESIAN_POINT('',(15.625,0.25,1.8));
#4689 = VECTOR('',#4690,1.);
#4690 = DIRECTION('',(1.,-1.224646799147E-16,-6.045168501843E-32));
#4691 = FACE_BOUND('',#4692,.T.);
#4692 = EDGE_LOOP('',(#4693,#4703,#4711,#4719));
#4693 = ORIENTED_EDGE('',*,*,#4694,.F.);
#4694 = EDGE_CURVE('',#4695,#4697,#4699,.T.);
#4695 = VERTEX_POINT('',#4696);
#4696 = CARTESIAN_POINT('',(17.75,0.25,1.8));
#4697 = VERTEX_POINT('',#4698);
#4698 = CARTESIAN_POINT('',(17.75,-0.25,1.8));
#4699 = LINE('',#4700,#4701);
#4700 = CARTESIAN_POINT('',(17.75,-0.3,1.8));
#4701 = VECTOR('',#4702,1.);
#4702 = DIRECTION('',(-1.224646799147E-16,-1.,2.476734558289E-31));
#4703 = ORIENTED_EDGE('',*,*,#4704,.T.);
#4704 = EDGE_CURVE('',#4695,#4705,#4707,.T.);
#4705 = VERTEX_POINT('',#4706);
#4706 = CARTESIAN_POINT('',(18.25,0.25,1.8));
#4707 = LINE('',#4708,#4709);
#4708 = CARTESIAN_POINT('',(14.625,0.25,1.8));
#4709 = VECTOR('',#4710,1.);
#4710 = DIRECTION('',(1.,-1.224646799147E-16,-6.045168501843E-32));
#4711 = ORIENTED_EDGE('',*,*,#4712,.T.);
#4712 = EDGE_CURVE('',#4705,#4713,#4715,.T.);
#4713 = VERTEX_POINT('',#4714);
#4714 = CARTESIAN_POINT('',(18.25,-0.25,1.8));
#4715 = LINE('',#4716,#4717);
#4716 = CARTESIAN_POINT('',(18.25,-0.3,1.8));
#4717 = VECTOR('',#4718,1.);
#4718 = DIRECTION('',(-1.224646799147E-16,-1.,2.476734558289E-31));
#4719 = ORIENTED_EDGE('',*,*,#4720,.T.);
#4720 = EDGE_CURVE('',#4713,#4697,#4721,.T.);
#4721 = LINE('',#4722,#4723);
#4722 = CARTESIAN_POINT('',(14.625,-0.25,1.8));
#4723 = VECTOR('',#4724,1.);
#4724 = DIRECTION('',(-1.,1.224646799147E-16,6.045168501843E-32));
#4725 = FACE_BOUND('',#4726,.T.);
#4726 = EDGE_LOOP('',(#4727,#4737,#4745,#4753));
#4727 = ORIENTED_EDGE('',*,*,#4728,.F.);
#4728 = EDGE_CURVE('',#4729,#4731,#4733,.T.);
#4729 = VERTEX_POINT('',#4730);
#4730 = CARTESIAN_POINT('',(13.75,0.25,1.8));
#4731 = VERTEX_POINT('',#4732);
#4732 = CARTESIAN_POINT('',(13.75,-0.25,1.8));
#4733 = LINE('',#4734,#4735);
#4734 = CARTESIAN_POINT('',(13.75,-0.3,1.8));
#4735 = VECTOR('',#4736,1.);
#4736 = DIRECTION('',(-1.224646799147E-16,-1.,2.476734558289E-31));
#4737 = ORIENTED_EDGE('',*,*,#4738,.T.);
#4738 = EDGE_CURVE('',#4729,#4739,#4741,.T.);
#4739 = VERTEX_POINT('',#4740);
#4740 = CARTESIAN_POINT('',(14.25,0.25,1.8));
#4741 = LINE('',#4742,#4743);
#4742 = CARTESIAN_POINT('',(12.625,0.25,1.8));
#4743 = VECTOR('',#4744,1.);
#4744 = DIRECTION('',(1.,-1.224646799147E-16,-6.045168501843E-32));
#4745 = ORIENTED_EDGE('',*,*,#4746,.T.);
#4746 = EDGE_CURVE('',#4739,#4747,#4749,.T.);
#4747 = VERTEX_POINT('',#4748);
#4748 = CARTESIAN_POINT('',(14.25,-0.25,1.8));
#4749 = LINE('',#4750,#4751);
#4750 = CARTESIAN_POINT('',(14.25,-0.3,1.8));
#4751 = VECTOR('',#4752,1.);
#4752 = DIRECTION('',(-1.224646799147E-16,-1.,2.476734558289E-31));
#4753 = ORIENTED_EDGE('',*,*,#4754,.T.);
#4754 = EDGE_CURVE('',#4747,#4731,#4755,.T.);
#4755 = LINE('',#4756,#4757);
#4756 = CARTESIAN_POINT('',(12.625,-0.25,1.8));
#4757 = VECTOR('',#4758,1.);
#4758 = DIRECTION('',(-1.,1.224646799147E-16,6.045168501843E-32));
#4759 = FACE_BOUND('',#4760,.T.);
#4760 = EDGE_LOOP('',(#4761,#4771,#4779,#4787));
#4761 = ORIENTED_EDGE('',*,*,#4762,.T.);
#4762 = EDGE_CURVE('',#4763,#4765,#4767,.T.);
#4763 = VERTEX_POINT('',#4764);
#4764 = CARTESIAN_POINT('',(16.25,0.25,1.8));
#4765 = VERTEX_POINT('',#4766);
#4766 = CARTESIAN_POINT('',(16.25,-0.25,1.8));
#4767 = LINE('',#4768,#4769);
#4768 = CARTESIAN_POINT('',(16.25,-0.3,1.8));
#4769 = VECTOR('',#4770,1.);
#4770 = DIRECTION('',(-1.224646799147E-16,-1.,2.476734558289E-31));
#4771 = ORIENTED_EDGE('',*,*,#4772,.T.);
#4772 = EDGE_CURVE('',#4765,#4773,#4775,.T.);
#4773 = VERTEX_POINT('',#4774);
#4774 = CARTESIAN_POINT('',(15.75,-0.25,1.8));
#4775 = LINE('',#4776,#4777);
#4776 = CARTESIAN_POINT('',(13.625,-0.25,1.8));
#4777 = VECTOR('',#4778,1.);
#4778 = DIRECTION('',(-1.,1.224646799147E-16,6.045168501843E-32));
#4779 = ORIENTED_EDGE('',*,*,#4780,.F.);
#4780 = EDGE_CURVE('',#4781,#4773,#4783,.T.);
#4781 = VERTEX_POINT('',#4782);
#4782 = CARTESIAN_POINT('',(15.75,0.25,1.8));
#4783 = LINE('',#4784,#4785);
#4784 = CARTESIAN_POINT('',(15.75,-0.3,1.8));
#4785 = VECTOR('',#4786,1.);
#4786 = DIRECTION('',(-1.224646799147E-16,-1.,2.476734558289E-31));
#4787 = ORIENTED_EDGE('',*,*,#4788,.T.);
#4788 = EDGE_CURVE('',#4781,#4763,#4789,.T.);
#4789 = LINE('',#4790,#4791);
#4790 = CARTESIAN_POINT('',(13.625,0.25,1.8));
#4791 = VECTOR('',#4792,1.);
#4792 = DIRECTION('',(1.,-1.224646799147E-16,-6.045168501843E-32));
#4793 = FACE_BOUND('',#4794,.T.);
#4794 = EDGE_LOOP('',(#4795,#4805,#4813,#4821));
#4795 = ORIENTED_EDGE('',*,*,#4796,.T.);
#4796 = EDGE_CURVE('',#4797,#4799,#4801,.T.);
#4797 = VERTEX_POINT('',#4798);
#4798 = CARTESIAN_POINT('',(6.25,0.25,1.8));
#4799 = VERTEX_POINT('',#4800);
#4800 = CARTESIAN_POINT('',(6.25,-0.25,1.8));
#4801 = LINE('',#4802,#4803);
#4802 = CARTESIAN_POINT('',(6.25,-0.3,1.8));
#4803 = VECTOR('',#4804,1.);
#4804 = DIRECTION('',(-1.224646799147E-16,-1.,2.476734558289E-31));
#4805 = ORIENTED_EDGE('',*,*,#4806,.T.);
#4806 = EDGE_CURVE('',#4799,#4807,#4809,.T.);
#4807 = VERTEX_POINT('',#4808);
#4808 = CARTESIAN_POINT('',(5.75,-0.25,1.8));
#4809 = LINE('',#4810,#4811);
#4810 = CARTESIAN_POINT('',(8.625,-0.25,1.8));
#4811 = VECTOR('',#4812,1.);
#4812 = DIRECTION('',(-1.,1.224646799147E-16,6.045168501843E-32));
#4813 = ORIENTED_EDGE('',*,*,#4814,.F.);
#4814 = EDGE_CURVE('',#4815,#4807,#4817,.T.);
#4815 = VERTEX_POINT('',#4816);
#4816 = CARTESIAN_POINT('',(5.75,0.25,1.8));
#4817 = LINE('',#4818,#4819);
#4818 = CARTESIAN_POINT('',(5.75,-0.3,1.8));
#4819 = VECTOR('',#4820,1.);
#4820 = DIRECTION('',(-1.224646799147E-16,-1.,2.476734558289E-31));
#4821 = ORIENTED_EDGE('',*,*,#4822,.T.);
#4822 = EDGE_CURVE('',#4815,#4797,#4823,.T.);
#4823 = LINE('',#4824,#4825);
#4824 = CARTESIAN_POINT('',(8.625,0.25,1.8));
#4825 = VECTOR('',#4826,1.);
#4826 = DIRECTION('',(1.,-1.224646799147E-16,-6.045168501843E-32));
#4827 = FACE_BOUND('',#4828,.T.);
#4828 = EDGE_LOOP('',(#4829,#4839,#4847,#4855));
#4829 = ORIENTED_EDGE('',*,*,#4830,.T.);
#4830 = EDGE_CURVE('',#4831,#4833,#4835,.T.);
#4831 = VERTEX_POINT('',#4832);
#4832 = CARTESIAN_POINT('',(8.25,0.25,1.8));
#4833 = VERTEX_POINT('',#4834);
#4834 = CARTESIAN_POINT('',(8.25,-0.25,1.8));
#4835 = LINE('',#4836,#4837);
#4836 = CARTESIAN_POINT('',(8.25,-0.3,1.8));
#4837 = VECTOR('',#4838,1.);
#4838 = DIRECTION('',(-1.224646799147E-16,-1.,2.476734558289E-31));
#4839 = ORIENTED_EDGE('',*,*,#4840,.T.);
#4840 = EDGE_CURVE('',#4833,#4841,#4843,.T.);
#4841 = VERTEX_POINT('',#4842);
#4842 = CARTESIAN_POINT('',(7.75,-0.25,1.8));
#4843 = LINE('',#4844,#4845);
#4844 = CARTESIAN_POINT('',(9.625,-0.25,1.8));
#4845 = VECTOR('',#4846,1.);
#4846 = DIRECTION('',(-1.,1.224646799147E-16,6.045168501843E-32));
#4847 = ORIENTED_EDGE('',*,*,#4848,.F.);
#4848 = EDGE_CURVE('',#4849,#4841,#4851,.T.);
#4849 = VERTEX_POINT('',#4850);
#4850 = CARTESIAN_POINT('',(7.75,0.25,1.8));
#4851 = LINE('',#4852,#4853);
#4852 = CARTESIAN_POINT('',(7.75,-0.3,1.8));
#4853 = VECTOR('',#4854,1.);
#4854 = DIRECTION('',(-1.224646799147E-16,-1.,2.476734558289E-31));
#4855 = ORIENTED_EDGE('',*,*,#4856,.T.);
#4856 = EDGE_CURVE('',#4849,#4831,#4857,.T.);
#4857 = LINE('',#4858,#4859);
#4858 = CARTESIAN_POINT('',(9.625,0.25,1.8));
#4859 = VECTOR('',#4860,1.);
#4860 = DIRECTION('',(1.,-1.224646799147E-16,-6.045168501843E-32));
#4861 = FACE_BOUND('',#4862,.T.);
#4862 = EDGE_LOOP('',(#4863,#4873,#4881,#4889));
#4863 = ORIENTED_EDGE('',*,*,#4864,.T.);
#4864 = EDGE_CURVE('',#4865,#4867,#4869,.T.);
#4865 = VERTEX_POINT('',#4866);
#4866 = CARTESIAN_POINT('',(9.75,0.25,1.8));
#4867 = VERTEX_POINT('',#4868);
#4868 = CARTESIAN_POINT('',(10.25,0.25,1.8));
#4869 = LINE('',#4870,#4871);
#4870 = CARTESIAN_POINT('',(10.625,0.25,1.8));
#4871 = VECTOR('',#4872,1.);
#4872 = DIRECTION('',(1.,-1.224646799147E-16,-6.045168501843E-32));
#4873 = ORIENTED_EDGE('',*,*,#4874,.T.);
#4874 = EDGE_CURVE('',#4867,#4875,#4877,.T.);
#4875 = VERTEX_POINT('',#4876);
#4876 = CARTESIAN_POINT('',(10.25,-0.25,1.8));
#4877 = LINE('',#4878,#4879);
#4878 = CARTESIAN_POINT('',(10.25,-0.3,1.8));
#4879 = VECTOR('',#4880,1.);
#4880 = DIRECTION('',(-1.224646799147E-16,-1.,2.476734558289E-31));
#4881 = ORIENTED_EDGE('',*,*,#4882,.T.);
#4882 = EDGE_CURVE('',#4875,#4883,#4885,.T.);
#4883 = VERTEX_POINT('',#4884);
#4884 = CARTESIAN_POINT('',(9.75,-0.25,1.8));
#4885 = LINE('',#4886,#4887);
#4886 = CARTESIAN_POINT('',(10.625,-0.25,1.8));
#4887 = VECTOR('',#4888,1.);
#4888 = DIRECTION('',(-1.,1.224646799147E-16,6.045168501843E-32));
#4889 = ORIENTED_EDGE('',*,*,#4890,.F.);
#4890 = EDGE_CURVE('',#4865,#4883,#4891,.T.);
#4891 = LINE('',#4892,#4893);
#4892 = CARTESIAN_POINT('',(9.75,-0.3,1.8));
#4893 = VECTOR('',#4894,1.);
#4894 = DIRECTION('',(-1.224646799147E-16,-1.,2.476734558289E-31));
#4895 = FACE_BOUND('',#4896,.T.);
#4896 = EDGE_LOOP('',(#4897,#4907,#4915,#4923));
#4897 = ORIENTED_EDGE('',*,*,#4898,.T.);
#4898 = EDGE_CURVE('',#4899,#4901,#4903,.T.);
#4899 = VERTEX_POINT('',#4900);
#4900 = CARTESIAN_POINT('',(12.25,0.25,1.8));
#4901 = VERTEX_POINT('',#4902);
#4902 = CARTESIAN_POINT('',(12.25,-0.25,1.8));
#4903 = LINE('',#4904,#4905);
#4904 = CARTESIAN_POINT('',(12.25,-0.3,1.8));
#4905 = VECTOR('',#4906,1.);
#4906 = DIRECTION('',(-1.224646799147E-16,-1.,2.476734558289E-31));
#4907 = ORIENTED_EDGE('',*,*,#4908,.T.);
#4908 = EDGE_CURVE('',#4901,#4909,#4911,.T.);
#4909 = VERTEX_POINT('',#4910);
#4910 = CARTESIAN_POINT('',(11.75,-0.25,1.8));
#4911 = LINE('',#4912,#4913);
#4912 = CARTESIAN_POINT('',(11.625,-0.25,1.8));
#4913 = VECTOR('',#4914,1.);
#4914 = DIRECTION('',(-1.,1.224646799147E-16,6.045168501843E-32));
#4915 = ORIENTED_EDGE('',*,*,#4916,.F.);
#4916 = EDGE_CURVE('',#4917,#4909,#4919,.T.);
#4917 = VERTEX_POINT('',#4918);
#4918 = CARTESIAN_POINT('',(11.75,0.25,1.8));
#4919 = LINE('',#4920,#4921);
#4920 = CARTESIAN_POINT('',(11.75,-0.3,1.8));
#4921 = VECTOR('',#4922,1.);
#4922 = DIRECTION('',(-1.224646799147E-16,-1.,2.476734558289E-31));
#4923 = ORIENTED_EDGE('',*,*,#4924,.T.);
#4924 = EDGE_CURVE('',#4917,#4899,#4925,.T.);
#4925 = LINE('',#4926,#4927);
#4926 = CARTESIAN_POINT('',(11.625,0.25,1.8));
#4927 = VECTOR('',#4928,1.);
#4928 = DIRECTION('',(1.,-1.224646799147E-16,-6.045168501843E-32));
#4929 = FACE_BOUND('',#4930,.T.);
#4930 = EDGE_LOOP('',(#4931,#4941,#4949,#4957));
#4931 = ORIENTED_EDGE('',*,*,#4932,.F.);
#4932 = EDGE_CURVE('',#4933,#4935,#4937,.T.);
#4933 = VERTEX_POINT('',#4934);
#4934 = CARTESIAN_POINT('',(-0.25,0.25,1.8));
#4935 = VERTEX_POINT('',#4936);
#4936 = CARTESIAN_POINT('',(-0.25,-0.25,1.8));
#4937 = LINE('',#4938,#4939);
#4938 = CARTESIAN_POINT('',(-0.25,-0.278366783637,1.8));
#4939 = VECTOR('',#4940,1.);
#4940 = DIRECTION('',(-1.224646799147E-16,-1.,2.476734558289E-31));
#4941 = ORIENTED_EDGE('',*,*,#4942,.T.);
#4942 = EDGE_CURVE('',#4933,#4943,#4945,.T.);
#4943 = VERTEX_POINT('',#4944);
#4944 = CARTESIAN_POINT('',(0.25,0.25,1.8));
#4945 = LINE('',#4946,#4947);
#4946 = CARTESIAN_POINT('',(5.625,0.25,1.8));
#4947 = VECTOR('',#4948,1.);
#4948 = DIRECTION('',(1.,-1.224646799147E-16,-6.045168501843E-32));
#4949 = ORIENTED_EDGE('',*,*,#4950,.T.);
#4950 = EDGE_CURVE('',#4943,#4951,#4953,.T.);
#4951 = VERTEX_POINT('',#4952);
#4952 = CARTESIAN_POINT('',(0.25,-0.25,1.8));
#4953 = LINE('',#4954,#4955);
#4954 = CARTESIAN_POINT('',(0.25,-0.278366783637,1.8));
#4955 = VECTOR('',#4956,1.);
#4956 = DIRECTION('',(-1.224646799147E-16,-1.,2.476734558289E-31));
#4957 = ORIENTED_EDGE('',*,*,#4958,.T.);
#4958 = EDGE_CURVE('',#4951,#4935,#4959,.T.);
#4959 = LINE('',#4960,#4961);
#4960 = CARTESIAN_POINT('',(5.625,-0.25,1.8));
#4961 = VECTOR('',#4962,1.);
#4962 = DIRECTION('',(-1.,1.224646799147E-16,6.045168501843E-32));
#4963 = FACE_BOUND('',#4964,.T.);
#4964 = EDGE_LOOP('',(#4965,#4975,#4983,#4991));
#4965 = ORIENTED_EDGE('',*,*,#4966,.T.);
#4966 = EDGE_CURVE('',#4967,#4969,#4971,.T.);
#4967 = VERTEX_POINT('',#4968);
#4968 = CARTESIAN_POINT('',(2.25,0.25,1.8));
#4969 = VERTEX_POINT('',#4970);
#4970 = CARTESIAN_POINT('',(2.25,-0.25,1.8));
#4971 = LINE('',#4972,#4973);
#4972 = CARTESIAN_POINT('',(2.25,-0.3,1.8));
#4973 = VECTOR('',#4974,1.);
#4974 = DIRECTION('',(-1.224646799147E-16,-1.,2.476734558289E-31));
#4975 = ORIENTED_EDGE('',*,*,#4976,.T.);
#4976 = EDGE_CURVE('',#4969,#4977,#4979,.T.);
#4977 = VERTEX_POINT('',#4978);
#4978 = CARTESIAN_POINT('',(1.75,-0.25,1.8));
#4979 = LINE('',#4980,#4981);
#4980 = CARTESIAN_POINT('',(6.625,-0.25,1.8));
#4981 = VECTOR('',#4982,1.);
#4982 = DIRECTION('',(-1.,1.224646799147E-16,6.045168501843E-32));
#4983 = ORIENTED_EDGE('',*,*,#4984,.F.);
#4984 = EDGE_CURVE('',#4985,#4977,#4987,.T.);
#4985 = VERTEX_POINT('',#4986);
#4986 = CARTESIAN_POINT('',(1.75,0.25,1.8));
#4987 = LINE('',#4988,#4989);
#4988 = CARTESIAN_POINT('',(1.75,-0.3,1.8));
#4989 = VECTOR('',#4990,1.);
#4990 = DIRECTION('',(-1.224646799147E-16,-1.,2.476734558289E-31));
#4991 = ORIENTED_EDGE('',*,*,#4992,.T.);
#4992 = EDGE_CURVE('',#4985,#4967,#4993,.T.);
#4993 = LINE('',#4994,#4995);
#4994 = CARTESIAN_POINT('',(6.625,0.25,1.8));
#4995 = VECTOR('',#4996,1.);
#4996 = DIRECTION('',(1.,-1.224646799147E-16,-6.045168501843E-32));
#4997 = FACE_BOUND('',#4998,.T.);
#4998 = EDGE_LOOP('',(#4999,#5009,#5017,#5025));
#4999 = ORIENTED_EDGE('',*,*,#5000,.T.);
#5000 = EDGE_CURVE('',#5001,#5003,#5005,.T.);
#5001 = VERTEX_POINT('',#5002);
#5002 = CARTESIAN_POINT('',(3.75,0.25,1.8));
#5003 = VERTEX_POINT('',#5004);
#5004 = CARTESIAN_POINT('',(4.25,0.25,1.8));
#5005 = LINE('',#5006,#5007);
#5006 = CARTESIAN_POINT('',(7.625,0.25,1.8));
#5007 = VECTOR('',#5008,1.);
#5008 = DIRECTION('',(1.,-1.224646799147E-16,-6.045168501843E-32));
#5009 = ORIENTED_EDGE('',*,*,#5010,.T.);
#5010 = EDGE_CURVE('',#5003,#5011,#5013,.T.);
#5011 = VERTEX_POINT('',#5012);
#5012 = CARTESIAN_POINT('',(4.25,-0.25,1.8));
#5013 = LINE('',#5014,#5015);
#5014 = CARTESIAN_POINT('',(4.25,-0.3,1.8));
#5015 = VECTOR('',#5016,1.);
#5016 = DIRECTION('',(-1.224646799147E-16,-1.,2.476734558289E-31));
#5017 = ORIENTED_EDGE('',*,*,#5018,.T.);
#5018 = EDGE_CURVE('',#5011,#5019,#5021,.T.);
#5019 = VERTEX_POINT('',#5020);
#5020 = CARTESIAN_POINT('',(3.75,-0.25,1.8));
#5021 = LINE('',#5022,#5023);
#5022 = CARTESIAN_POINT('',(7.625,-0.25,1.8));
#5023 = VECTOR('',#5024,1.);
#5024 = DIRECTION('',(-1.,1.224646799147E-16,6.045168501843E-32));
#5025 = ORIENTED_EDGE('',*,*,#5026,.F.);
#5026 = EDGE_CURVE('',#5001,#5019,#5027,.T.);
#5027 = LINE('',#5028,#5029);
#5028 = CARTESIAN_POINT('',(3.75,-0.3,1.8));
#5029 = VECTOR('',#5030,1.);
#5030 = DIRECTION('',(-1.224646799147E-16,-1.,2.476734558289E-31));
#5031 = FACE_BOUND('',#5032,.T.);
#5032 = EDGE_LOOP('',(#5033,#5043,#5051,#5059));
#5033 = ORIENTED_EDGE('',*,*,#5034,.F.);
#5034 = EDGE_CURVE('',#5035,#5037,#5039,.T.);
#5035 = VERTEX_POINT('',#5036);
#5036 = CARTESIAN_POINT('',(21.75,0.25,1.8));
#5037 = VERTEX_POINT('',#5038);
#5038 = CARTESIAN_POINT('',(21.75,-0.25,1.8));
#5039 = LINE('',#5040,#5041);
#5040 = CARTESIAN_POINT('',(21.75,-0.278366783637,1.8));
#5041 = VECTOR('',#5042,1.);
#5042 = DIRECTION('',(-1.224646799147E-16,-1.,2.476734558289E-31));
#5043 = ORIENTED_EDGE('',*,*,#5044,.T.);
#5044 = EDGE_CURVE('',#5035,#5045,#5047,.T.);
#5045 = VERTEX_POINT('',#5046);
#5046 = CARTESIAN_POINT('',(22.25,0.25,1.8));
#5047 = LINE('',#5048,#5049);
#5048 = CARTESIAN_POINT('',(16.625,0.25,1.8));
#5049 = VECTOR('',#5050,1.);
#5050 = DIRECTION('',(1.,-1.224646799147E-16,-6.045168501843E-32));
#5051 = ORIENTED_EDGE('',*,*,#5052,.T.);
#5052 = EDGE_CURVE('',#5045,#5053,#5055,.T.);
#5053 = VERTEX_POINT('',#5054);
#5054 = CARTESIAN_POINT('',(22.25,-0.25,1.8));
#5055 = LINE('',#5056,#5057);
#5056 = CARTESIAN_POINT('',(22.25,-0.278366783637,1.8));
#5057 = VECTOR('',#5058,1.);
#5058 = DIRECTION('',(-1.224646799147E-16,-1.,2.476734558289E-31));
#5059 = ORIENTED_EDGE('',*,*,#5060,.T.);
#5060 = EDGE_CURVE('',#5053,#5037,#5061,.T.);
#5061 = LINE('',#5062,#5063);
#5062 = CARTESIAN_POINT('',(16.625,-0.25,1.8));
#5063 = VECTOR('',#5064,1.);
#5064 = DIRECTION('',(-1.,1.224646799147E-16,6.045168501843E-32));
#5065 = PLANE('',#5066);
#5066 = AXIS2_PLACEMENT_3D('',#5067,#5068,#5069);
#5067 = CARTESIAN_POINT('',(11.,-0.6,1.8));
#5068 = DIRECTION('',(6.045168501843E-32,2.476734558289E-31,1.));
#5069 = DIRECTION('',(-1.224646799147E-16,-1.,2.476734558289E-31));
#5070 = ADVANCED_FACE('',(#5071),#5089,.F.);
#5071 = FACE_BOUND('',#5072,.F.);
#5072 = EDGE_LOOP('',(#5073,#5074,#5082,#5088));
#5073 = ORIENTED_EDGE('',*,*,#3671,.T.);
#5074 = ORIENTED_EDGE('',*,*,#5075,.T.);
#5075 = EDGE_CURVE('',#3664,#5076,#5078,.T.);
#5076 = VERTEX_POINT('',#5077);
#5077 = CARTESIAN_POINT('',(21.2,-2.,3.7));
#5078 = LINE('',#5079,#5080);
#5079 = CARTESIAN_POINT('',(21.2,-2.3,3.7));
#5080 = VECTOR('',#5081,1.);
#5081 = DIRECTION('',(1.224646799147E-16,1.,0.));
#5082 = ORIENTED_EDGE('',*,*,#5083,.F.);
#5083 = EDGE_CURVE('',#4402,#5076,#5084,.T.);
#5084 = LINE('',#5085,#5086);
#5085 = CARTESIAN_POINT('',(21.2,-2.,1.8));
#5086 = VECTOR('',#5087,1.);
#5087 = DIRECTION('',(0.,0.,1.));
#5088 = ORIENTED_EDGE('',*,*,#4401,.F.);
#5089 = PLANE('',#5090);
#5090 = AXIS2_PLACEMENT_3D('',#5091,#5092,#5093);
#5091 = CARTESIAN_POINT('',(21.2,-2.3,1.8));
#5092 = DIRECTION('',(-1.,1.224646799147E-16,0.));
#5093 = DIRECTION('',(1.224646799147E-16,1.,0.));
#5094 = ADVANCED_FACE('',(#5095),#5113,.T.);
#5095 = FACE_BOUND('',#5096,.T.);
#5096 = EDGE_LOOP('',(#5097,#5105,#5111,#5112));
#5097 = ORIENTED_EDGE('',*,*,#5098,.T.);
#5098 = EDGE_CURVE('',#5076,#5099,#5101,.T.);
#5099 = VERTEX_POINT('',#5100);
#5100 = CARTESIAN_POINT('',(20.8,-2.,3.7));
#5101 = LINE('',#5102,#5103);
#5102 = CARTESIAN_POINT('',(21.2,-2.,3.7));
#5103 = VECTOR('',#5104,1.);
#5104 = DIRECTION('',(-1.,1.224646799147E-16,0.));
#5105 = ORIENTED_EDGE('',*,*,#5106,.T.);
#5106 = EDGE_CURVE('',#5099,#3656,#5107,.T.);
#5107 = LINE('',#5108,#5109);
#5108 = CARTESIAN_POINT('',(20.8,-2.,3.7));
#5109 = VECTOR('',#5110,1.);
#5110 = DIRECTION('',(-1.224646799147E-16,-1.,0.));
#5111 = ORIENTED_EDGE('',*,*,#3663,.T.);
#5112 = ORIENTED_EDGE('',*,*,#5075,.T.);
#5113 = PLANE('',#5114);
#5114 = AXIS2_PLACEMENT_3D('',#5115,#5116,#5117);
#5115 = CARTESIAN_POINT('',(21.,-2.15,3.7));
#5116 = DIRECTION('',(0.,0.,1.));
#5117 = DIRECTION('',(-1.,1.224646799147E-16,0.));
#5118 = ADVANCED_FACE('',(#5119),#5130,.F.);
#5119 = FACE_BOUND('',#5120,.F.);
#5120 = EDGE_LOOP('',(#5121,#5127,#5128,#5129));
#5121 = ORIENTED_EDGE('',*,*,#5122,.T.);
#5122 = EDGE_CURVE('',#4645,#5099,#5123,.T.);
#5123 = LINE('',#5124,#5125);
#5124 = CARTESIAN_POINT('',(20.8,-2.,1.8));
#5125 = VECTOR('',#5126,1.);
#5126 = DIRECTION('',(0.,0.,1.));
#5127 = ORIENTED_EDGE('',*,*,#5106,.T.);
#5128 = ORIENTED_EDGE('',*,*,#3655,.F.);
#5129 = ORIENTED_EDGE('',*,*,#4644,.F.);
#5130 = PLANE('',#5131);
#5131 = AXIS2_PLACEMENT_3D('',#5132,#5133,#5134);
#5132 = CARTESIAN_POINT('',(20.8,-2.,1.8));
#5133 = DIRECTION('',(1.,-1.224646799147E-16,0.));
#5134 = DIRECTION('',(-1.224646799147E-16,-1.,0.));
#5135 = ADVANCED_FACE('',(#5136),#5154,.F.);
#5136 = FACE_BOUND('',#5137,.F.);
#5137 = EDGE_LOOP('',(#5138,#5139,#5147,#5153));
#5138 = ORIENTED_EDGE('',*,*,#3639,.T.);
#5139 = ORIENTED_EDGE('',*,*,#5140,.T.);
#5140 = EDGE_CURVE('',#3632,#5141,#5143,.T.);
#5141 = VERTEX_POINT('',#5142);
#5142 = CARTESIAN_POINT('',(19.2,-2.,3.7));
#5143 = LINE('',#5144,#5145);
#5144 = CARTESIAN_POINT('',(19.2,-2.3,3.7));
#5145 = VECTOR('',#5146,1.);
#5146 = DIRECTION('',(1.224646799147E-16,1.,0.));
#5147 = ORIENTED_EDGE('',*,*,#5148,.F.);
#5148 = EDGE_CURVE('',#4630,#5141,#5149,.T.);
#5149 = LINE('',#5150,#5151);
#5150 = CARTESIAN_POINT('',(19.2,-2.,1.8));
#5151 = VECTOR('',#5152,1.);
#5152 = DIRECTION('',(0.,0.,1.));
#5153 = ORIENTED_EDGE('',*,*,#4637,.F.);
#5154 = PLANE('',#5155);
#5155 = AXIS2_PLACEMENT_3D('',#5156,#5157,#5158);
#5156 = CARTESIAN_POINT('',(19.2,-2.3,1.8));
#5157 = DIRECTION('',(-1.,1.224646799147E-16,0.));
#5158 = DIRECTION('',(1.224646799147E-16,1.,0.));
#5159 = ADVANCED_FACE('',(#5160),#5178,.T.);
#5160 = FACE_BOUND('',#5161,.T.);
#5161 = EDGE_LOOP('',(#5162,#5170,#5176,#5177));
#5162 = ORIENTED_EDGE('',*,*,#5163,.T.);
#5163 = EDGE_CURVE('',#5141,#5164,#5166,.T.);
#5164 = VERTEX_POINT('',#5165);
#5165 = CARTESIAN_POINT('',(18.8,-2.,3.7));
#5166 = LINE('',#5167,#5168);
#5167 = CARTESIAN_POINT('',(19.2,-2.,3.7));
#5168 = VECTOR('',#5169,1.);
#5169 = DIRECTION('',(-1.,1.224646799147E-16,0.));
#5170 = ORIENTED_EDGE('',*,*,#5171,.T.);
#5171 = EDGE_CURVE('',#5164,#3624,#5172,.T.);
#5172 = LINE('',#5173,#5174);
#5173 = CARTESIAN_POINT('',(18.8,-2.,3.7));
#5174 = VECTOR('',#5175,1.);
#5175 = DIRECTION('',(-1.224646799147E-16,-1.,0.));
#5176 = ORIENTED_EDGE('',*,*,#3631,.T.);
#5177 = ORIENTED_EDGE('',*,*,#5140,.T.);
#5178 = PLANE('',#5179);
#5179 = AXIS2_PLACEMENT_3D('',#5180,#5181,#5182);
#5180 = CARTESIAN_POINT('',(19.,-2.15,3.7));
#5181 = DIRECTION('',(0.,0.,1.));
#5182 = DIRECTION('',(-1.,1.224646799147E-16,0.));
#5183 = ADVANCED_FACE('',(#5184),#5195,.F.);
#5184 = FACE_BOUND('',#5185,.F.);
#5185 = EDGE_LOOP('',(#5186,#5192,#5193,#5194));
#5186 = ORIENTED_EDGE('',*,*,#5187,.T.);
#5187 = EDGE_CURVE('',#4622,#5164,#5188,.T.);
#5188 = LINE('',#5189,#5190);
#5189 = CARTESIAN_POINT('',(18.8,-2.,1.8));
#5190 = VECTOR('',#5191,1.);
#5191 = DIRECTION('',(0.,0.,1.));
#5192 = ORIENTED_EDGE('',*,*,#5171,.T.);
#5193 = ORIENTED_EDGE('',*,*,#3623,.F.);
#5194 = ORIENTED_EDGE('',*,*,#4621,.F.);
#5195 = PLANE('',#5196);
#5196 = AXIS2_PLACEMENT_3D('',#5197,#5198,#5199);
#5197 = CARTESIAN_POINT('',(18.8,-2.,1.8));
#5198 = DIRECTION('',(1.,-1.224646799147E-16,0.));
#5199 = DIRECTION('',(-1.224646799147E-16,-1.,0.));
#5200 = ADVANCED_FACE('',(#5201),#5219,.F.);
#5201 = FACE_BOUND('',#5202,.F.);
#5202 = EDGE_LOOP('',(#5203,#5204,#5212,#5218));
#5203 = ORIENTED_EDGE('',*,*,#3607,.T.);
#5204 = ORIENTED_EDGE('',*,*,#5205,.T.);
#5205 = EDGE_CURVE('',#3600,#5206,#5208,.T.);
#5206 = VERTEX_POINT('',#5207);
#5207 = CARTESIAN_POINT('',(17.2,-2.,3.7));
#5208 = LINE('',#5209,#5210);
#5209 = CARTESIAN_POINT('',(17.2,-2.3,3.7));
#5210 = VECTOR('',#5211,1.);
#5211 = DIRECTION('',(1.224646799147E-16,1.,0.));
#5212 = ORIENTED_EDGE('',*,*,#5213,.F.);
#5213 = EDGE_CURVE('',#4607,#5206,#5214,.T.);
#5214 = LINE('',#5215,#5216);
#5215 = CARTESIAN_POINT('',(17.2,-2.,1.8));
#5216 = VECTOR('',#5217,1.);
#5217 = DIRECTION('',(0.,0.,1.));
#5218 = ORIENTED_EDGE('',*,*,#4614,.F.);
#5219 = PLANE('',#5220);
#5220 = AXIS2_PLACEMENT_3D('',#5221,#5222,#5223);
#5221 = CARTESIAN_POINT('',(17.2,-2.3,1.8));
#5222 = DIRECTION('',(-1.,1.224646799147E-16,0.));
#5223 = DIRECTION('',(1.224646799147E-16,1.,0.));
#5224 = ADVANCED_FACE('',(#5225),#5243,.T.);
#5225 = FACE_BOUND('',#5226,.T.);
#5226 = EDGE_LOOP('',(#5227,#5235,#5241,#5242));
#5227 = ORIENTED_EDGE('',*,*,#5228,.T.);
#5228 = EDGE_CURVE('',#5206,#5229,#5231,.T.);
#5229 = VERTEX_POINT('',#5230);
#5230 = CARTESIAN_POINT('',(16.8,-2.,3.7));
#5231 = LINE('',#5232,#5233);
#5232 = CARTESIAN_POINT('',(17.2,-2.,3.7));
#5233 = VECTOR('',#5234,1.);
#5234 = DIRECTION('',(-1.,1.224646799147E-16,0.));
#5235 = ORIENTED_EDGE('',*,*,#5236,.T.);
#5236 = EDGE_CURVE('',#5229,#3592,#5237,.T.);
#5237 = LINE('',#5238,#5239);
#5238 = CARTESIAN_POINT('',(16.8,-2.,3.7));
#5239 = VECTOR('',#5240,1.);
#5240 = DIRECTION('',(-1.224646799147E-16,-1.,0.));
#5241 = ORIENTED_EDGE('',*,*,#3599,.T.);
#5242 = ORIENTED_EDGE('',*,*,#5205,.T.);
#5243 = PLANE('',#5244);
#5244 = AXIS2_PLACEMENT_3D('',#5245,#5246,#5247);
#5245 = CARTESIAN_POINT('',(17.,-2.15,3.7));
#5246 = DIRECTION('',(0.,0.,1.));
#5247 = DIRECTION('',(-1.,1.224646799147E-16,0.));
#5248 = ADVANCED_FACE('',(#5249),#5260,.F.);
#5249 = FACE_BOUND('',#5250,.F.);
#5250 = EDGE_LOOP('',(#5251,#5257,#5258,#5259));
#5251 = ORIENTED_EDGE('',*,*,#5252,.T.);
#5252 = EDGE_CURVE('',#4599,#5229,#5253,.T.);
#5253 = LINE('',#5254,#5255);
#5254 = CARTESIAN_POINT('',(16.8,-2.,1.8));
#5255 = VECTOR('',#5256,1.);
#5256 = DIRECTION('',(0.,0.,1.));
#5257 = ORIENTED_EDGE('',*,*,#5236,.T.);
#5258 = ORIENTED_EDGE('',*,*,#3591,.F.);
#5259 = ORIENTED_EDGE('',*,*,#4598,.F.);
#5260 = PLANE('',#5261);
#5261 = AXIS2_PLACEMENT_3D('',#5262,#5263,#5264);
#5262 = CARTESIAN_POINT('',(16.8,-2.,1.8));
#5263 = DIRECTION('',(1.,-1.224646799147E-16,0.));
#5264 = DIRECTION('',(-1.224646799147E-16,-1.,0.));
#5265 = ADVANCED_FACE('',(#5266),#5284,.F.);
#5266 = FACE_BOUND('',#5267,.F.);
#5267 = EDGE_LOOP('',(#5268,#5269,#5277,#5283));
#5268 = ORIENTED_EDGE('',*,*,#3575,.T.);
#5269 = ORIENTED_EDGE('',*,*,#5270,.T.);
#5270 = EDGE_CURVE('',#3568,#5271,#5273,.T.);
#5271 = VERTEX_POINT('',#5272);
#5272 = CARTESIAN_POINT('',(15.2,-2.,3.7));
#5273 = LINE('',#5274,#5275);
#5274 = CARTESIAN_POINT('',(15.2,-2.3,3.7));
#5275 = VECTOR('',#5276,1.);
#5276 = DIRECTION('',(1.224646799147E-16,1.,0.));
#5277 = ORIENTED_EDGE('',*,*,#5278,.F.);
#5278 = EDGE_CURVE('',#4584,#5271,#5279,.T.);
#5279 = LINE('',#5280,#5281);
#5280 = CARTESIAN_POINT('',(15.2,-2.,1.8));
#5281 = VECTOR('',#5282,1.);
#5282 = DIRECTION('',(0.,0.,1.));
#5283 = ORIENTED_EDGE('',*,*,#4591,.F.);
#5284 = PLANE('',#5285);
#5285 = AXIS2_PLACEMENT_3D('',#5286,#5287,#5288);
#5286 = CARTESIAN_POINT('',(15.2,-2.3,1.8));
#5287 = DIRECTION('',(-1.,1.224646799147E-16,0.));
#5288 = DIRECTION('',(1.224646799147E-16,1.,0.));
#5289 = ADVANCED_FACE('',(#5290),#5308,.T.);
#5290 = FACE_BOUND('',#5291,.T.);
#5291 = EDGE_LOOP('',(#5292,#5300,#5306,#5307));
#5292 = ORIENTED_EDGE('',*,*,#5293,.T.);
#5293 = EDGE_CURVE('',#5271,#5294,#5296,.T.);
#5294 = VERTEX_POINT('',#5295);
#5295 = CARTESIAN_POINT('',(14.8,-2.,3.7));
#5296 = LINE('',#5297,#5298);
#5297 = CARTESIAN_POINT('',(15.2,-2.,3.7));
#5298 = VECTOR('',#5299,1.);
#5299 = DIRECTION('',(-1.,1.224646799147E-16,0.));
#5300 = ORIENTED_EDGE('',*,*,#5301,.T.);
#5301 = EDGE_CURVE('',#5294,#3560,#5302,.T.);
#5302 = LINE('',#5303,#5304);
#5303 = CARTESIAN_POINT('',(14.8,-2.,3.7));
#5304 = VECTOR('',#5305,1.);
#5305 = DIRECTION('',(-1.224646799147E-16,-1.,0.));
#5306 = ORIENTED_EDGE('',*,*,#3567,.T.);
#5307 = ORIENTED_EDGE('',*,*,#5270,.T.);
#5308 = PLANE('',#5309);
#5309 = AXIS2_PLACEMENT_3D('',#5310,#5311,#5312);
#5310 = CARTESIAN_POINT('',(15.,-2.15,3.7));
#5311 = DIRECTION('',(0.,0.,1.));
#5312 = DIRECTION('',(-1.,1.224646799147E-16,0.));
#5313 = ADVANCED_FACE('',(#5314),#5325,.F.);
#5314 = FACE_BOUND('',#5315,.F.);
#5315 = EDGE_LOOP('',(#5316,#5322,#5323,#5324));
#5316 = ORIENTED_EDGE('',*,*,#5317,.T.);
#5317 = EDGE_CURVE('',#4576,#5294,#5318,.T.);
#5318 = LINE('',#5319,#5320);
#5319 = CARTESIAN_POINT('',(14.8,-2.,1.8));
#5320 = VECTOR('',#5321,1.);
#5321 = DIRECTION('',(0.,0.,1.));
#5322 = ORIENTED_EDGE('',*,*,#5301,.T.);
#5323 = ORIENTED_EDGE('',*,*,#3559,.F.);
#5324 = ORIENTED_EDGE('',*,*,#4575,.F.);
#5325 = PLANE('',#5326);
#5326 = AXIS2_PLACEMENT_3D('',#5327,#5328,#5329);
#5327 = CARTESIAN_POINT('',(14.8,-2.,1.8));
#5328 = DIRECTION('',(1.,-1.224646799147E-16,0.));
#5329 = DIRECTION('',(-1.224646799147E-16,-1.,0.));
#5330 = ADVANCED_FACE('',(#5331),#5349,.F.);
#5331 = FACE_BOUND('',#5332,.F.);
#5332 = EDGE_LOOP('',(#5333,#5334,#5342,#5348));
#5333 = ORIENTED_EDGE('',*,*,#3543,.T.);
#5334 = ORIENTED_EDGE('',*,*,#5335,.T.);
#5335 = EDGE_CURVE('',#3536,#5336,#5338,.T.);
#5336 = VERTEX_POINT('',#5337);
#5337 = CARTESIAN_POINT('',(13.2,-2.,3.7));
#5338 = LINE('',#5339,#5340);
#5339 = CARTESIAN_POINT('',(13.2,-2.3,3.7));
#5340 = VECTOR('',#5341,1.);
#5341 = DIRECTION('',(1.224646799147E-16,1.,0.));
#5342 = ORIENTED_EDGE('',*,*,#5343,.F.);
#5343 = EDGE_CURVE('',#4561,#5336,#5344,.T.);
#5344 = LINE('',#5345,#5346);
#5345 = CARTESIAN_POINT('',(13.2,-2.,1.8));
#5346 = VECTOR('',#5347,1.);
#5347 = DIRECTION('',(0.,0.,1.));
#5348 = ORIENTED_EDGE('',*,*,#4568,.F.);
#5349 = PLANE('',#5350);
#5350 = AXIS2_PLACEMENT_3D('',#5351,#5352,#5353);
#5351 = CARTESIAN_POINT('',(13.2,-2.3,1.8));
#5352 = DIRECTION('',(-1.,1.224646799147E-16,0.));
#5353 = DIRECTION('',(1.224646799147E-16,1.,0.));
#5354 = ADVANCED_FACE('',(#5355),#5373,.T.);
#5355 = FACE_BOUND('',#5356,.T.);
#5356 = EDGE_LOOP('',(#5357,#5365,#5371,#5372));
#5357 = ORIENTED_EDGE('',*,*,#5358,.T.);
#5358 = EDGE_CURVE('',#5336,#5359,#5361,.T.);
#5359 = VERTEX_POINT('',#5360);
#5360 = CARTESIAN_POINT('',(12.8,-2.,3.7));
#5361 = LINE('',#5362,#5363);
#5362 = CARTESIAN_POINT('',(13.2,-2.,3.7));
#5363 = VECTOR('',#5364,1.);
#5364 = DIRECTION('',(-1.,1.224646799147E-16,0.));
#5365 = ORIENTED_EDGE('',*,*,#5366,.T.);
#5366 = EDGE_CURVE('',#5359,#3528,#5367,.T.);
#5367 = LINE('',#5368,#5369);
#5368 = CARTESIAN_POINT('',(12.8,-2.,3.7));
#5369 = VECTOR('',#5370,1.);
#5370 = DIRECTION('',(-1.224646799147E-16,-1.,0.));
#5371 = ORIENTED_EDGE('',*,*,#3535,.T.);
#5372 = ORIENTED_EDGE('',*,*,#5335,.T.);
#5373 = PLANE('',#5374);
#5374 = AXIS2_PLACEMENT_3D('',#5375,#5376,#5377);
#5375 = CARTESIAN_POINT('',(13.,-2.15,3.7));
#5376 = DIRECTION('',(0.,0.,1.));
#5377 = DIRECTION('',(-1.,1.224646799147E-16,0.));
#5378 = ADVANCED_FACE('',(#5379),#5390,.F.);
#5379 = FACE_BOUND('',#5380,.F.);
#5380 = EDGE_LOOP('',(#5381,#5387,#5388,#5389));
#5381 = ORIENTED_EDGE('',*,*,#5382,.T.);
#5382 = EDGE_CURVE('',#4553,#5359,#5383,.T.);
#5383 = LINE('',#5384,#5385);
#5384 = CARTESIAN_POINT('',(12.8,-2.,1.8));
#5385 = VECTOR('',#5386,1.);
#5386 = DIRECTION('',(0.,0.,1.));
#5387 = ORIENTED_EDGE('',*,*,#5366,.T.);
#5388 = ORIENTED_EDGE('',*,*,#3527,.F.);
#5389 = ORIENTED_EDGE('',*,*,#4552,.F.);
#5390 = PLANE('',#5391);
#5391 = AXIS2_PLACEMENT_3D('',#5392,#5393,#5394);
#5392 = CARTESIAN_POINT('',(12.8,-2.,1.8));
#5393 = DIRECTION('',(1.,-1.224646799147E-16,0.));
#5394 = DIRECTION('',(-1.224646799147E-16,-1.,0.));
#5395 = ADVANCED_FACE('',(#5396),#5414,.F.);
#5396 = FACE_BOUND('',#5397,.F.);
#5397 = EDGE_LOOP('',(#5398,#5399,#5407,#5413));
#5398 = ORIENTED_EDGE('',*,*,#3511,.T.);
#5399 = ORIENTED_EDGE('',*,*,#5400,.T.);
#5400 = EDGE_CURVE('',#3504,#5401,#5403,.T.);
#5401 = VERTEX_POINT('',#5402);
#5402 = CARTESIAN_POINT('',(11.2,-2.,3.7));
#5403 = LINE('',#5404,#5405);
#5404 = CARTESIAN_POINT('',(11.2,-2.3,3.7));
#5405 = VECTOR('',#5406,1.);
#5406 = DIRECTION('',(1.224646799147E-16,1.,0.));
#5407 = ORIENTED_EDGE('',*,*,#5408,.F.);
#5408 = EDGE_CURVE('',#4538,#5401,#5409,.T.);
#5409 = LINE('',#5410,#5411);
#5410 = CARTESIAN_POINT('',(11.2,-2.,1.8));
#5411 = VECTOR('',#5412,1.);
#5412 = DIRECTION('',(0.,0.,1.));
#5413 = ORIENTED_EDGE('',*,*,#4545,.F.);
#5414 = PLANE('',#5415);
#5415 = AXIS2_PLACEMENT_3D('',#5416,#5417,#5418);
#5416 = CARTESIAN_POINT('',(11.2,-2.3,1.8));
#5417 = DIRECTION('',(-1.,1.224646799147E-16,0.));
#5418 = DIRECTION('',(1.224646799147E-16,1.,0.));
#5419 = ADVANCED_FACE('',(#5420),#5438,.T.);
#5420 = FACE_BOUND('',#5421,.T.);
#5421 = EDGE_LOOP('',(#5422,#5430,#5436,#5437));
#5422 = ORIENTED_EDGE('',*,*,#5423,.T.);
#5423 = EDGE_CURVE('',#5401,#5424,#5426,.T.);
#5424 = VERTEX_POINT('',#5425);
#5425 = CARTESIAN_POINT('',(10.8,-2.,3.7));
#5426 = LINE('',#5427,#5428);
#5427 = CARTESIAN_POINT('',(11.2,-2.,3.7));
#5428 = VECTOR('',#5429,1.);
#5429 = DIRECTION('',(-1.,1.224646799147E-16,0.));
#5430 = ORIENTED_EDGE('',*,*,#5431,.T.);
#5431 = EDGE_CURVE('',#5424,#3496,#5432,.T.);
#5432 = LINE('',#5433,#5434);
#5433 = CARTESIAN_POINT('',(10.8,-2.,3.7));
#5434 = VECTOR('',#5435,1.);
#5435 = DIRECTION('',(-1.224646799147E-16,-1.,0.));
#5436 = ORIENTED_EDGE('',*,*,#3503,.T.);
#5437 = ORIENTED_EDGE('',*,*,#5400,.T.);
#5438 = PLANE('',#5439);
#5439 = AXIS2_PLACEMENT_3D('',#5440,#5441,#5442);
#5440 = CARTESIAN_POINT('',(11.,-2.15,3.7));
#5441 = DIRECTION('',(0.,0.,1.));
#5442 = DIRECTION('',(-1.,1.224646799147E-16,0.));
#5443 = ADVANCED_FACE('',(#5444),#5455,.F.);
#5444 = FACE_BOUND('',#5445,.F.);
#5445 = EDGE_LOOP('',(#5446,#5452,#5453,#5454));
#5446 = ORIENTED_EDGE('',*,*,#5447,.T.);
#5447 = EDGE_CURVE('',#4530,#5424,#5448,.T.);
#5448 = LINE('',#5449,#5450);
#5449 = CARTESIAN_POINT('',(10.8,-2.,1.8));
#5450 = VECTOR('',#5451,1.);
#5451 = DIRECTION('',(0.,0.,1.));
#5452 = ORIENTED_EDGE('',*,*,#5431,.T.);
#5453 = ORIENTED_EDGE('',*,*,#3495,.F.);
#5454 = ORIENTED_EDGE('',*,*,#4529,.F.);
#5455 = PLANE('',#5456);
#5456 = AXIS2_PLACEMENT_3D('',#5457,#5458,#5459);
#5457 = CARTESIAN_POINT('',(10.8,-2.,1.8));
#5458 = DIRECTION('',(1.,-1.224646799147E-16,0.));
#5459 = DIRECTION('',(-1.224646799147E-16,-1.,0.));
#5460 = ADVANCED_FACE('',(#5461),#5479,.F.);
#5461 = FACE_BOUND('',#5462,.F.);
#5462 = EDGE_LOOP('',(#5463,#5464,#5472,#5478));
#5463 = ORIENTED_EDGE('',*,*,#3479,.T.);
#5464 = ORIENTED_EDGE('',*,*,#5465,.T.);
#5465 = EDGE_CURVE('',#3472,#5466,#5468,.T.);
#5466 = VERTEX_POINT('',#5467);
#5467 = CARTESIAN_POINT('',(9.2,-2.,3.7));
#5468 = LINE('',#5469,#5470);
#5469 = CARTESIAN_POINT('',(9.2,-2.3,3.7));
#5470 = VECTOR('',#5471,1.);
#5471 = DIRECTION('',(1.224646799147E-16,1.,0.));
#5472 = ORIENTED_EDGE('',*,*,#5473,.F.);
#5473 = EDGE_CURVE('',#4515,#5466,#5474,.T.);
#5474 = LINE('',#5475,#5476);
#5475 = CARTESIAN_POINT('',(9.2,-2.,1.8));
#5476 = VECTOR('',#5477,1.);
#5477 = DIRECTION('',(0.,0.,1.));
#5478 = ORIENTED_EDGE('',*,*,#4522,.F.);
#5479 = PLANE('',#5480);
#5480 = AXIS2_PLACEMENT_3D('',#5481,#5482,#5483);
#5481 = CARTESIAN_POINT('',(9.2,-2.3,1.8));
#5482 = DIRECTION('',(-1.,1.224646799147E-16,0.));
#5483 = DIRECTION('',(1.224646799147E-16,1.,0.));
#5484 = ADVANCED_FACE('',(#5485),#5503,.T.);
#5485 = FACE_BOUND('',#5486,.T.);
#5486 = EDGE_LOOP('',(#5487,#5495,#5501,#5502));
#5487 = ORIENTED_EDGE('',*,*,#5488,.T.);
#5488 = EDGE_CURVE('',#5466,#5489,#5491,.T.);
#5489 = VERTEX_POINT('',#5490);
#5490 = CARTESIAN_POINT('',(8.8,-2.,3.7));
#5491 = LINE('',#5492,#5493);
#5492 = CARTESIAN_POINT('',(9.2,-2.,3.7));
#5493 = VECTOR('',#5494,1.);
#5494 = DIRECTION('',(-1.,1.224646799147E-16,0.));
#5495 = ORIENTED_EDGE('',*,*,#5496,.T.);
#5496 = EDGE_CURVE('',#5489,#3464,#5497,.T.);
#5497 = LINE('',#5498,#5499);
#5498 = CARTESIAN_POINT('',(8.8,-2.,3.7));
#5499 = VECTOR('',#5500,1.);
#5500 = DIRECTION('',(-1.224646799147E-16,-1.,0.));
#5501 = ORIENTED_EDGE('',*,*,#3471,.T.);
#5502 = ORIENTED_EDGE('',*,*,#5465,.T.);
#5503 = PLANE('',#5504);
#5504 = AXIS2_PLACEMENT_3D('',#5505,#5506,#5507);
#5505 = CARTESIAN_POINT('',(9.,-2.15,3.7));
#5506 = DIRECTION('',(0.,0.,1.));
#5507 = DIRECTION('',(-1.,1.224646799147E-16,0.));
#5508 = ADVANCED_FACE('',(#5509),#5520,.F.);
#5509 = FACE_BOUND('',#5510,.F.);
#5510 = EDGE_LOOP('',(#5511,#5517,#5518,#5519));
#5511 = ORIENTED_EDGE('',*,*,#5512,.T.);
#5512 = EDGE_CURVE('',#4507,#5489,#5513,.T.);
#5513 = LINE('',#5514,#5515);
#5514 = CARTESIAN_POINT('',(8.8,-2.,1.8));
#5515 = VECTOR('',#5516,1.);
#5516 = DIRECTION('',(0.,0.,1.));
#5517 = ORIENTED_EDGE('',*,*,#5496,.T.);
#5518 = ORIENTED_EDGE('',*,*,#3463,.F.);
#5519 = ORIENTED_EDGE('',*,*,#4506,.F.);
#5520 = PLANE('',#5521);
#5521 = AXIS2_PLACEMENT_3D('',#5522,#5523,#5524);
#5522 = CARTESIAN_POINT('',(8.8,-2.,1.8));
#5523 = DIRECTION('',(1.,-1.224646799147E-16,0.));
#5524 = DIRECTION('',(-1.224646799147E-16,-1.,0.));
#5525 = ADVANCED_FACE('',(#5526),#5544,.F.);
#5526 = FACE_BOUND('',#5527,.F.);
#5527 = EDGE_LOOP('',(#5528,#5529,#5537,#5543));
#5528 = ORIENTED_EDGE('',*,*,#3447,.T.);
#5529 = ORIENTED_EDGE('',*,*,#5530,.T.);
#5530 = EDGE_CURVE('',#3440,#5531,#5533,.T.);
#5531 = VERTEX_POINT('',#5532);
#5532 = CARTESIAN_POINT('',(7.2,-2.,3.7));
#5533 = LINE('',#5534,#5535);
#5534 = CARTESIAN_POINT('',(7.2,-2.3,3.7));
#5535 = VECTOR('',#5536,1.);
#5536 = DIRECTION('',(1.224646799147E-16,1.,0.));
#5537 = ORIENTED_EDGE('',*,*,#5538,.F.);
#5538 = EDGE_CURVE('',#4492,#5531,#5539,.T.);
#5539 = LINE('',#5540,#5541);
#5540 = CARTESIAN_POINT('',(7.2,-2.,1.8));
#5541 = VECTOR('',#5542,1.);
#5542 = DIRECTION('',(0.,0.,1.));
#5543 = ORIENTED_EDGE('',*,*,#4499,.F.);
#5544 = PLANE('',#5545);
#5545 = AXIS2_PLACEMENT_3D('',#5546,#5547,#5548);
#5546 = CARTESIAN_POINT('',(7.2,-2.3,1.8));
#5547 = DIRECTION('',(-1.,1.224646799147E-16,0.));
#5548 = DIRECTION('',(1.224646799147E-16,1.,0.));
#5549 = ADVANCED_FACE('',(#5550),#5568,.T.);
#5550 = FACE_BOUND('',#5551,.T.);
#5551 = EDGE_LOOP('',(#5552,#5560,#5566,#5567));
#5552 = ORIENTED_EDGE('',*,*,#5553,.T.);
#5553 = EDGE_CURVE('',#5531,#5554,#5556,.T.);
#5554 = VERTEX_POINT('',#5555);
#5555 = CARTESIAN_POINT('',(6.8,-2.,3.7));
#5556 = LINE('',#5557,#5558);
#5557 = CARTESIAN_POINT('',(7.2,-2.,3.7));
#5558 = VECTOR('',#5559,1.);
#5559 = DIRECTION('',(-1.,1.224646799147E-16,0.));
#5560 = ORIENTED_EDGE('',*,*,#5561,.T.);
#5561 = EDGE_CURVE('',#5554,#3432,#5562,.T.);
#5562 = LINE('',#5563,#5564);
#5563 = CARTESIAN_POINT('',(6.8,-2.,3.7));
#5564 = VECTOR('',#5565,1.);
#5565 = DIRECTION('',(-1.224646799147E-16,-1.,0.));
#5566 = ORIENTED_EDGE('',*,*,#3439,.T.);
#5567 = ORIENTED_EDGE('',*,*,#5530,.T.);
#5568 = PLANE('',#5569);
#5569 = AXIS2_PLACEMENT_3D('',#5570,#5571,#5572);
#5570 = CARTESIAN_POINT('',(7.,-2.15,3.7));
#5571 = DIRECTION('',(0.,0.,1.));
#5572 = DIRECTION('',(-1.,1.224646799147E-16,0.));
#5573 = ADVANCED_FACE('',(#5574),#5585,.F.);
#5574 = FACE_BOUND('',#5575,.F.);
#5575 = EDGE_LOOP('',(#5576,#5582,#5583,#5584));
#5576 = ORIENTED_EDGE('',*,*,#5577,.T.);
#5577 = EDGE_CURVE('',#4484,#5554,#5578,.T.);
#5578 = LINE('',#5579,#5580);
#5579 = CARTESIAN_POINT('',(6.8,-2.,1.8));
#5580 = VECTOR('',#5581,1.);
#5581 = DIRECTION('',(0.,0.,1.));
#5582 = ORIENTED_EDGE('',*,*,#5561,.T.);
#5583 = ORIENTED_EDGE('',*,*,#3431,.F.);
#5584 = ORIENTED_EDGE('',*,*,#4483,.F.);
#5585 = PLANE('',#5586);
#5586 = AXIS2_PLACEMENT_3D('',#5587,#5588,#5589);
#5587 = CARTESIAN_POINT('',(6.8,-2.,1.8));
#5588 = DIRECTION('',(1.,-1.224646799147E-16,0.));
#5589 = DIRECTION('',(-1.224646799147E-16,-1.,0.));
#5590 = ADVANCED_FACE('',(#5591),#5609,.F.);
#5591 = FACE_BOUND('',#5592,.F.);
#5592 = EDGE_LOOP('',(#5593,#5594,#5602,#5608));
#5593 = ORIENTED_EDGE('',*,*,#3415,.T.);
#5594 = ORIENTED_EDGE('',*,*,#5595,.T.);
#5595 = EDGE_CURVE('',#3408,#5596,#5598,.T.);
#5596 = VERTEX_POINT('',#5597);
#5597 = CARTESIAN_POINT('',(5.2,-2.,3.7));
#5598 = LINE('',#5599,#5600);
#5599 = CARTESIAN_POINT('',(5.2,-2.3,3.7));
#5600 = VECTOR('',#5601,1.);
#5601 = DIRECTION('',(1.224646799147E-16,1.,0.));
#5602 = ORIENTED_EDGE('',*,*,#5603,.F.);
#5603 = EDGE_CURVE('',#4469,#5596,#5604,.T.);
#5604 = LINE('',#5605,#5606);
#5605 = CARTESIAN_POINT('',(5.2,-2.,1.8));
#5606 = VECTOR('',#5607,1.);
#5607 = DIRECTION('',(0.,0.,1.));
#5608 = ORIENTED_EDGE('',*,*,#4476,.F.);
#5609 = PLANE('',#5610);
#5610 = AXIS2_PLACEMENT_3D('',#5611,#5612,#5613);
#5611 = CARTESIAN_POINT('',(5.2,-2.3,1.8));
#5612 = DIRECTION('',(-1.,1.224646799147E-16,0.));
#5613 = DIRECTION('',(1.224646799147E-16,1.,0.));
#5614 = ADVANCED_FACE('',(#5615),#5633,.T.);
#5615 = FACE_BOUND('',#5616,.T.);
#5616 = EDGE_LOOP('',(#5617,#5625,#5631,#5632));
#5617 = ORIENTED_EDGE('',*,*,#5618,.T.);
#5618 = EDGE_CURVE('',#5596,#5619,#5621,.T.);
#5619 = VERTEX_POINT('',#5620);
#5620 = CARTESIAN_POINT('',(4.8,-2.,3.7));
#5621 = LINE('',#5622,#5623);
#5622 = CARTESIAN_POINT('',(5.2,-2.,3.7));
#5623 = VECTOR('',#5624,1.);
#5624 = DIRECTION('',(-1.,1.224646799147E-16,0.));
#5625 = ORIENTED_EDGE('',*,*,#5626,.T.);
#5626 = EDGE_CURVE('',#5619,#3400,#5627,.T.);
#5627 = LINE('',#5628,#5629);
#5628 = CARTESIAN_POINT('',(4.8,-2.,3.7));
#5629 = VECTOR('',#5630,1.);
#5630 = DIRECTION('',(-1.224646799147E-16,-1.,0.));
#5631 = ORIENTED_EDGE('',*,*,#3407,.T.);
#5632 = ORIENTED_EDGE('',*,*,#5595,.T.);
#5633 = PLANE('',#5634);
#5634 = AXIS2_PLACEMENT_3D('',#5635,#5636,#5637);
#5635 = CARTESIAN_POINT('',(5.,-2.15,3.7));
#5636 = DIRECTION('',(0.,0.,1.));
#5637 = DIRECTION('',(-1.,1.224646799147E-16,0.));
#5638 = ADVANCED_FACE('',(#5639),#5650,.F.);
#5639 = FACE_BOUND('',#5640,.F.);
#5640 = EDGE_LOOP('',(#5641,#5647,#5648,#5649));
#5641 = ORIENTED_EDGE('',*,*,#5642,.T.);
#5642 = EDGE_CURVE('',#4461,#5619,#5643,.T.);
#5643 = LINE('',#5644,#5645);
#5644 = CARTESIAN_POINT('',(4.8,-2.,1.8));
#5645 = VECTOR('',#5646,1.);
#5646 = DIRECTION('',(0.,0.,1.));
#5647 = ORIENTED_EDGE('',*,*,#5626,.T.);
#5648 = ORIENTED_EDGE('',*,*,#3399,.F.);
#5649 = ORIENTED_EDGE('',*,*,#4460,.F.);
#5650 = PLANE('',#5651);
#5651 = AXIS2_PLACEMENT_3D('',#5652,#5653,#5654);
#5652 = CARTESIAN_POINT('',(4.8,-2.,1.8));
#5653 = DIRECTION('',(1.,-1.224646799147E-16,0.));
#5654 = DIRECTION('',(-1.224646799147E-16,-1.,0.));
#5655 = ADVANCED_FACE('',(#5656),#5674,.F.);
#5656 = FACE_BOUND('',#5657,.F.);
#5657 = EDGE_LOOP('',(#5658,#5659,#5667,#5673));
#5658 = ORIENTED_EDGE('',*,*,#3383,.T.);
#5659 = ORIENTED_EDGE('',*,*,#5660,.T.);
#5660 = EDGE_CURVE('',#3376,#5661,#5663,.T.);
#5661 = VERTEX_POINT('',#5662);
#5662 = CARTESIAN_POINT('',(3.2,-2.,3.7));
#5663 = LINE('',#5664,#5665);
#5664 = CARTESIAN_POINT('',(3.2,-2.3,3.7));
#5665 = VECTOR('',#5666,1.);
#5666 = DIRECTION('',(1.224646799147E-16,1.,0.));
#5667 = ORIENTED_EDGE('',*,*,#5668,.F.);
#5668 = EDGE_CURVE('',#4446,#5661,#5669,.T.);
#5669 = LINE('',#5670,#5671);
#5670 = CARTESIAN_POINT('',(3.2,-2.,1.8));
#5671 = VECTOR('',#5672,1.);
#5672 = DIRECTION('',(0.,0.,1.));
#5673 = ORIENTED_EDGE('',*,*,#4453,.F.);
#5674 = PLANE('',#5675);
#5675 = AXIS2_PLACEMENT_3D('',#5676,#5677,#5678);
#5676 = CARTESIAN_POINT('',(3.2,-2.3,1.8));
#5677 = DIRECTION('',(-1.,1.224646799147E-16,0.));
#5678 = DIRECTION('',(1.224646799147E-16,1.,0.));
#5679 = ADVANCED_FACE('',(#5680),#5698,.T.);
#5680 = FACE_BOUND('',#5681,.T.);
#5681 = EDGE_LOOP('',(#5682,#5690,#5696,#5697));
#5682 = ORIENTED_EDGE('',*,*,#5683,.T.);
#5683 = EDGE_CURVE('',#5661,#5684,#5686,.T.);
#5684 = VERTEX_POINT('',#5685);
#5685 = CARTESIAN_POINT('',(2.8,-2.,3.7));
#5686 = LINE('',#5687,#5688);
#5687 = CARTESIAN_POINT('',(3.2,-2.,3.7));
#5688 = VECTOR('',#5689,1.);
#5689 = DIRECTION('',(-1.,1.224646799147E-16,0.));
#5690 = ORIENTED_EDGE('',*,*,#5691,.T.);
#5691 = EDGE_CURVE('',#5684,#3368,#5692,.T.);
#5692 = LINE('',#5693,#5694);
#5693 = CARTESIAN_POINT('',(2.8,-2.,3.7));
#5694 = VECTOR('',#5695,1.);
#5695 = DIRECTION('',(-1.224646799147E-16,-1.,0.));
#5696 = ORIENTED_EDGE('',*,*,#3375,.T.);
#5697 = ORIENTED_EDGE('',*,*,#5660,.T.);
#5698 = PLANE('',#5699);
#5699 = AXIS2_PLACEMENT_3D('',#5700,#5701,#5702);
#5700 = CARTESIAN_POINT('',(3.,-2.15,3.7));
#5701 = DIRECTION('',(0.,0.,1.));
#5702 = DIRECTION('',(-1.,1.224646799147E-16,0.));
#5703 = ADVANCED_FACE('',(#5704),#5715,.F.);
#5704 = FACE_BOUND('',#5705,.F.);
#5705 = EDGE_LOOP('',(#5706,#5712,#5713,#5714));
#5706 = ORIENTED_EDGE('',*,*,#5707,.T.);
#5707 = EDGE_CURVE('',#4438,#5684,#5708,.T.);
#5708 = LINE('',#5709,#5710);
#5709 = CARTESIAN_POINT('',(2.8,-2.,1.8));
#5710 = VECTOR('',#5711,1.);
#5711 = DIRECTION('',(0.,0.,1.));
#5712 = ORIENTED_EDGE('',*,*,#5691,.T.);
#5713 = ORIENTED_EDGE('',*,*,#3367,.F.);
#5714 = ORIENTED_EDGE('',*,*,#4437,.F.);
#5715 = PLANE('',#5716);
#5716 = AXIS2_PLACEMENT_3D('',#5717,#5718,#5719);
#5717 = CARTESIAN_POINT('',(2.8,-2.,1.8));
#5718 = DIRECTION('',(1.,-1.224646799147E-16,0.));
#5719 = DIRECTION('',(-1.224646799147E-16,-1.,0.));
#5720 = ADVANCED_FACE('',(#5721),#5739,.F.);
#5721 = FACE_BOUND('',#5722,.F.);
#5722 = EDGE_LOOP('',(#5723,#5724,#5732,#5738));
#5723 = ORIENTED_EDGE('',*,*,#3351,.T.);
#5724 = ORIENTED_EDGE('',*,*,#5725,.T.);
#5725 = EDGE_CURVE('',#3344,#5726,#5728,.T.);
#5726 = VERTEX_POINT('',#5727);
#5727 = CARTESIAN_POINT('',(1.2,-2.,3.7));
#5728 = LINE('',#5729,#5730);
#5729 = CARTESIAN_POINT('',(1.2,-2.3,3.7));
#5730 = VECTOR('',#5731,1.);
#5731 = DIRECTION('',(1.224646799147E-16,1.,0.));
#5732 = ORIENTED_EDGE('',*,*,#5733,.F.);
#5733 = EDGE_CURVE('',#4423,#5726,#5734,.T.);
#5734 = LINE('',#5735,#5736);
#5735 = CARTESIAN_POINT('',(1.2,-2.,1.8));
#5736 = VECTOR('',#5737,1.);
#5737 = DIRECTION('',(0.,0.,1.));
#5738 = ORIENTED_EDGE('',*,*,#4430,.F.);
#5739 = PLANE('',#5740);
#5740 = AXIS2_PLACEMENT_3D('',#5741,#5742,#5743);
#5741 = CARTESIAN_POINT('',(1.2,-2.3,1.8));
#5742 = DIRECTION('',(-1.,1.224646799147E-16,0.));
#5743 = DIRECTION('',(1.224646799147E-16,1.,0.));
#5744 = ADVANCED_FACE('',(#5745),#5763,.T.);
#5745 = FACE_BOUND('',#5746,.T.);
#5746 = EDGE_LOOP('',(#5747,#5755,#5761,#5762));
#5747 = ORIENTED_EDGE('',*,*,#5748,.T.);
#5748 = EDGE_CURVE('',#5726,#5749,#5751,.T.);
#5749 = VERTEX_POINT('',#5750);
#5750 = CARTESIAN_POINT('',(0.8,-2.,3.7));
#5751 = LINE('',#5752,#5753);
#5752 = CARTESIAN_POINT('',(1.2,-2.,3.7));
#5753 = VECTOR('',#5754,1.);
#5754 = DIRECTION('',(-1.,1.224646799147E-16,0.));
#5755 = ORIENTED_EDGE('',*,*,#5756,.T.);
#5756 = EDGE_CURVE('',#5749,#3336,#5757,.T.);
#5757 = LINE('',#5758,#5759);
#5758 = CARTESIAN_POINT('',(0.8,-2.,3.7));
#5759 = VECTOR('',#5760,1.);
#5760 = DIRECTION('',(-1.224646799147E-16,-1.,0.));
#5761 = ORIENTED_EDGE('',*,*,#3343,.T.);
#5762 = ORIENTED_EDGE('',*,*,#5725,.T.);
#5763 = PLANE('',#5764);
#5764 = AXIS2_PLACEMENT_3D('',#5765,#5766,#5767);
#5765 = CARTESIAN_POINT('',(1.,-2.15,3.7));
#5766 = DIRECTION('',(0.,0.,1.));
#5767 = DIRECTION('',(-1.,1.224646799147E-16,0.));
#5768 = ADVANCED_FACE('',(#5769),#5780,.F.);
#5769 = FACE_BOUND('',#5770,.F.);
#5770 = EDGE_LOOP('',(#5771,#5777,#5778,#5779));
#5771 = ORIENTED_EDGE('',*,*,#5772,.T.);
#5772 = EDGE_CURVE('',#4415,#5749,#5773,.T.);
#5773 = LINE('',#5774,#5775);
#5774 = CARTESIAN_POINT('',(0.8,-2.,1.8));
#5775 = VECTOR('',#5776,1.);
#5776 = DIRECTION('',(0.,0.,1.));
#5777 = ORIENTED_EDGE('',*,*,#5756,.T.);
#5778 = ORIENTED_EDGE('',*,*,#3335,.F.);
#5779 = ORIENTED_EDGE('',*,*,#4414,.F.);
#5780 = PLANE('',#5781);
#5781 = AXIS2_PLACEMENT_3D('',#5782,#5783,#5784);
#5782 = CARTESIAN_POINT('',(0.8,-2.,1.8));
#5783 = DIRECTION('',(1.,-1.224646799147E-16,0.));
#5784 = DIRECTION('',(-1.224646799147E-16,-1.,0.));
#5785 = ADVANCED_FACE('',(#5786),#5843,.T.);
#5786 = FACE_BOUND('',#5787,.T.);
#5787 = EDGE_LOOP('',(#5788,#5798,#5806,#5814,#5820,#5821,#5829,#5837));
#5788 = ORIENTED_EDGE('',*,*,#5789,.T.);
#5789 = EDGE_CURVE('',#5790,#5792,#5794,.T.);
#5790 = VERTEX_POINT('',#5791);
#5791 = CARTESIAN_POINT('',(-0.25,0.281578947368,-3.2));
#5792 = VERTEX_POINT('',#5793);
#5793 = CARTESIAN_POINT('',(-0.25,-0.218421052632,-3.2));
#5794 = LINE('',#5795,#5796);
#5795 = CARTESIAN_POINT('',(-0.25,0.25,-3.2));
#5796 = VECTOR('',#5797,1.);
#5797 = DIRECTION('',(-1.224646799147E-16,-1.,0.));
#5798 = ORIENTED_EDGE('',*,*,#5799,.T.);
#5799 = EDGE_CURVE('',#5792,#5800,#5802,.T.);
#5800 = VERTEX_POINT('',#5801);
#5801 = CARTESIAN_POINT('',(-0.25,5.E-02,-1.5));
#5802 = LINE('',#5803,#5804);
#5803 = CARTESIAN_POINT('',(-0.25,-0.25,-3.4));
#5804 = VECTOR('',#5805,1.);
#5805 = DIRECTION('',(1.909990663905E-17,0.155962573473,0.987762965329)
  );
#5806 = ORIENTED_EDGE('',*,*,#5807,.T.);
#5807 = EDGE_CURVE('',#5800,#5808,#5810,.T.);
#5808 = VERTEX_POINT('',#5809);
#5809 = CARTESIAN_POINT('',(-0.25,-0.25,-0.9));
#5810 = LINE('',#5811,#5812);
#5811 = CARTESIAN_POINT('',(-0.25,5.E-02,-1.5));
#5812 = VECTOR('',#5813,1.);
#5813 = DIRECTION('',(-5.476786982641E-17,-0.4472135955,0.894427191));
#5814 = ORIENTED_EDGE('',*,*,#5815,.T.);
#5815 = EDGE_CURVE('',#5808,#3703,#5816,.T.);
#5816 = LINE('',#5817,#5818);
#5817 = CARTESIAN_POINT('',(-0.25,-0.25,-0.9));
#5818 = VECTOR('',#5819,1.);
#5819 = DIRECTION('',(0.,0.,1.));
#5820 = ORIENTED_EDGE('',*,*,#3700,.F.);
#5821 = ORIENTED_EDGE('',*,*,#5822,.T.);
#5822 = EDGE_CURVE('',#3701,#5823,#5825,.T.);
#5823 = VERTEX_POINT('',#5824);
#5824 = CARTESIAN_POINT('',(-0.25,0.25,-0.9));
#5825 = LINE('',#5826,#5827);
#5826 = CARTESIAN_POINT('',(-0.25,0.25,5.));
#5827 = VECTOR('',#5828,1.);
#5828 = DIRECTION('',(-0.,0.,-1.));
#5829 = ORIENTED_EDGE('',*,*,#5830,.T.);
#5830 = EDGE_CURVE('',#5823,#5831,#5833,.T.);
#5831 = VERTEX_POINT('',#5832);
#5832 = CARTESIAN_POINT('',(-0.25,0.55,-1.5));
#5833 = LINE('',#5834,#5835);
#5834 = CARTESIAN_POINT('',(-0.25,0.25,-0.9));
#5835 = VECTOR('',#5836,1.);
#5836 = DIRECTION('',(5.476786982641E-17,0.4472135955,-0.894427191));
#5837 = ORIENTED_EDGE('',*,*,#5838,.T.);
#5838 = EDGE_CURVE('',#5831,#5790,#5839,.T.);
#5839 = LINE('',#5840,#5841);
#5840 = CARTESIAN_POINT('',(-0.25,0.55,-1.5));
#5841 = VECTOR('',#5842,1.);
#5842 = DIRECTION('',(-1.909990663905E-17,-0.155962573473,
    -0.987762965329));
#5843 = PLANE('',#5844);
#5844 = AXIS2_PLACEMENT_3D('',#5845,#5846,#5847);
#5845 = CARTESIAN_POINT('',(-0.25,4.326643272645E-02,0.775746953017));
#5846 = DIRECTION('',(-1.,1.224646799147E-16,0.));
#5847 = DIRECTION('',(0.,0.,1.));
#5848 = ADVANCED_FACE('',(#5849),#5867,.F.);
#5849 = FACE_BOUND('',#5850,.F.);
#5850 = EDGE_LOOP('',(#5851,#5859,#5865,#5866));
#5851 = ORIENTED_EDGE('',*,*,#5852,.F.);
#5852 = EDGE_CURVE('',#5853,#3719,#5855,.T.);
#5853 = VERTEX_POINT('',#5854);
#5854 = CARTESIAN_POINT('',(0.25,-0.25,-0.9));
#5855 = LINE('',#5856,#5857);
#5856 = CARTESIAN_POINT('',(0.25,-0.25,-0.9));
#5857 = VECTOR('',#5858,1.);
#5858 = DIRECTION('',(0.,0.,1.));
#5859 = ORIENTED_EDGE('',*,*,#5860,.T.);
#5860 = EDGE_CURVE('',#5853,#5808,#5861,.T.);
#5861 = LINE('',#5862,#5863);
#5862 = CARTESIAN_POINT('',(0.25,-0.25,-0.9));
#5863 = VECTOR('',#5864,1.);
#5864 = DIRECTION('',(-1.,1.224646799147E-16,0.));
#5865 = ORIENTED_EDGE('',*,*,#5815,.T.);
#5866 = ORIENTED_EDGE('',*,*,#3726,.F.);
#5867 = PLANE('',#5868);
#5868 = AXIS2_PLACEMENT_3D('',#5869,#5870,#5871);
#5869 = CARTESIAN_POINT('',(0.25,-0.25,-0.9));
#5870 = DIRECTION('',(1.224646799147E-16,1.,0.));
#5871 = DIRECTION('',(0.,-0.,1.));
#5872 = ADVANCED_FACE('',(#5873),#5923,.F.);
#5873 = FACE_BOUND('',#5874,.F.);
#5874 = EDGE_LOOP('',(#5875,#5885,#5893,#5899,#5900,#5901,#5909,#5917));
#5875 = ORIENTED_EDGE('',*,*,#5876,.T.);
#5876 = EDGE_CURVE('',#5877,#5879,#5881,.T.);
#5877 = VERTEX_POINT('',#5878);
#5878 = CARTESIAN_POINT('',(0.25,0.281578947368,-3.2));
#5879 = VERTEX_POINT('',#5880);
#5880 = CARTESIAN_POINT('',(0.25,-0.218421052632,-3.2));
#5881 = LINE('',#5882,#5883);
#5882 = CARTESIAN_POINT('',(0.25,0.25,-3.2));
#5883 = VECTOR('',#5884,1.);
#5884 = DIRECTION('',(-1.224646799147E-16,-1.,0.));
#5885 = ORIENTED_EDGE('',*,*,#5886,.T.);
#5886 = EDGE_CURVE('',#5879,#5887,#5889,.T.);
#5887 = VERTEX_POINT('',#5888);
#5888 = CARTESIAN_POINT('',(0.25,5.E-02,-1.5));
#5889 = LINE('',#5890,#5891);
#5890 = CARTESIAN_POINT('',(0.25,-0.25,-3.4));
#5891 = VECTOR('',#5892,1.);
#5892 = DIRECTION('',(1.909990663905E-17,0.155962573473,0.987762965329)
  );
#5893 = ORIENTED_EDGE('',*,*,#5894,.T.);
#5894 = EDGE_CURVE('',#5887,#5853,#5895,.T.);
#5895 = LINE('',#5896,#5897);
#5896 = CARTESIAN_POINT('',(0.25,5.E-02,-1.5));
#5897 = VECTOR('',#5898,1.);
#5898 = DIRECTION('',(-5.476786982641E-17,-0.4472135955,0.894427191));
#5899 = ORIENTED_EDGE('',*,*,#5852,.T.);
#5900 = ORIENTED_EDGE('',*,*,#3718,.F.);
#5901 = ORIENTED_EDGE('',*,*,#5902,.T.);
#5902 = EDGE_CURVE('',#3711,#5903,#5905,.T.);
#5903 = VERTEX_POINT('',#5904);
#5904 = CARTESIAN_POINT('',(0.25,0.25,-0.9));
#5905 = LINE('',#5906,#5907);
#5906 = CARTESIAN_POINT('',(0.25,0.25,5.));
#5907 = VECTOR('',#5908,1.);
#5908 = DIRECTION('',(-0.,0.,-1.));
#5909 = ORIENTED_EDGE('',*,*,#5910,.T.);
#5910 = EDGE_CURVE('',#5903,#5911,#5913,.T.);
#5911 = VERTEX_POINT('',#5912);
#5912 = CARTESIAN_POINT('',(0.25,0.55,-1.5));
#5913 = LINE('',#5914,#5915);
#5914 = CARTESIAN_POINT('',(0.25,0.25,-0.9));
#5915 = VECTOR('',#5916,1.);
#5916 = DIRECTION('',(5.476786982641E-17,0.4472135955,-0.894427191));
#5917 = ORIENTED_EDGE('',*,*,#5918,.T.);
#5918 = EDGE_CURVE('',#5911,#5877,#5919,.T.);
#5919 = LINE('',#5920,#5921);
#5920 = CARTESIAN_POINT('',(0.25,0.55,-1.5));
#5921 = VECTOR('',#5922,1.);
#5922 = DIRECTION('',(-1.909990663905E-17,-0.155962573473,
    -0.987762965329));
#5923 = PLANE('',#5924);
#5924 = AXIS2_PLACEMENT_3D('',#5925,#5926,#5927);
#5925 = CARTESIAN_POINT('',(0.25,4.326643272645E-02,0.775746953017));
#5926 = DIRECTION('',(-1.,1.224646799147E-16,0.));
#5927 = DIRECTION('',(0.,0.,1.));
#5928 = ADVANCED_FACE('',(#5929),#5940,.F.);
#5929 = FACE_BOUND('',#5930,.F.);
#5930 = EDGE_LOOP('',(#5931,#5932,#5933,#5934));
#5931 = ORIENTED_EDGE('',*,*,#5902,.F.);
#5932 = ORIENTED_EDGE('',*,*,#3710,.F.);
#5933 = ORIENTED_EDGE('',*,*,#5822,.T.);
#5934 = ORIENTED_EDGE('',*,*,#5935,.F.);
#5935 = EDGE_CURVE('',#5903,#5823,#5936,.T.);
#5936 = LINE('',#5937,#5938);
#5937 = CARTESIAN_POINT('',(0.25,0.25,-0.9));
#5938 = VECTOR('',#5939,1.);
#5939 = DIRECTION('',(-1.,1.224646799147E-16,0.));
#5940 = PLANE('',#5941);
#5941 = AXIS2_PLACEMENT_3D('',#5942,#5943,#5944);
#5942 = CARTESIAN_POINT('',(0.25,0.25,5.));
#5943 = DIRECTION('',(-1.224646799147E-16,-1.,0.));
#5944 = DIRECTION('',(-0.,0.,-1.));
#5945 = ADVANCED_FACE('',(#5946),#5971,.F.);
#5946 = FACE_BOUND('',#5947,.F.);
#5947 = EDGE_LOOP('',(#5948,#5958,#5964,#5965));
#5948 = ORIENTED_EDGE('',*,*,#5949,.T.);
#5949 = EDGE_CURVE('',#5950,#5952,#5954,.T.);
#5950 = VERTEX_POINT('',#5951);
#5951 = CARTESIAN_POINT('',(2.25,0.25,-3.2));
#5952 = VERTEX_POINT('',#5953);
#5953 = CARTESIAN_POINT('',(2.25,-0.25,-3.2));
#5954 = LINE('',#5955,#5956);
#5955 = CARTESIAN_POINT('',(2.25,0.25,-3.2));
#5956 = VECTOR('',#5957,1.);
#5957 = DIRECTION('',(-1.224646799147E-16,-1.,0.));
#5958 = ORIENTED_EDGE('',*,*,#5959,.T.);
#5959 = EDGE_CURVE('',#5952,#3749,#5960,.T.);
#5960 = LINE('',#5961,#5962);
#5961 = CARTESIAN_POINT('',(2.25,-0.25,-3.4));
#5962 = VECTOR('',#5963,1.);
#5963 = DIRECTION('',(0.,0.,1.));
#5964 = ORIENTED_EDGE('',*,*,#3746,.F.);
#5965 = ORIENTED_EDGE('',*,*,#5966,.T.);
#5966 = EDGE_CURVE('',#3747,#5950,#5967,.T.);
#5967 = LINE('',#5968,#5969);
#5968 = CARTESIAN_POINT('',(2.25,0.25,5.));
#5969 = VECTOR('',#5970,1.);
#5970 = DIRECTION('',(-0.,0.,-1.));
#5971 = PLANE('',#5972);
#5972 = AXIS2_PLACEMENT_3D('',#5973,#5974,#5975);
#5973 = CARTESIAN_POINT('',(2.25,1.071565949254E-15,0.8));
#5974 = DIRECTION('',(-1.,1.224646799147E-16,0.));
#5975 = DIRECTION('',(0.,0.,1.));
#5976 = ADVANCED_FACE('',(#5977),#5995,.F.);
#5977 = FACE_BOUND('',#5978,.F.);
#5978 = EDGE_LOOP('',(#5979,#5980,#5981,#5989));
#5979 = ORIENTED_EDGE('',*,*,#5966,.F.);
#5980 = ORIENTED_EDGE('',*,*,#3772,.F.);
#5981 = ORIENTED_EDGE('',*,*,#5982,.T.);
#5982 = EDGE_CURVE('',#3765,#5983,#5985,.T.);
#5983 = VERTEX_POINT('',#5984);
#5984 = CARTESIAN_POINT('',(1.75,0.25,-3.2));
#5985 = LINE('',#5986,#5987);
#5986 = CARTESIAN_POINT('',(1.75,0.25,5.));
#5987 = VECTOR('',#5988,1.);
#5988 = DIRECTION('',(-0.,0.,-1.));
#5989 = ORIENTED_EDGE('',*,*,#5990,.F.);
#5990 = EDGE_CURVE('',#5950,#5983,#5991,.T.);
#5991 = LINE('',#5992,#5993);
#5992 = CARTESIAN_POINT('',(2.25,0.25,-3.2));
#5993 = VECTOR('',#5994,1.);
#5994 = DIRECTION('',(-1.,1.224646799147E-16,0.));
#5995 = PLANE('',#5996);
#5996 = AXIS2_PLACEMENT_3D('',#5997,#5998,#5999);
#5997 = CARTESIAN_POINT('',(2.25,0.25,5.));
#5998 = DIRECTION('',(-1.224646799147E-16,-1.,0.));
#5999 = DIRECTION('',(-0.,0.,-1.));
#6000 = ADVANCED_FACE('',(#6001),#6019,.T.);
#6001 = FACE_BOUND('',#6002,.T.);
#6002 = EDGE_LOOP('',(#6003,#6011,#6017,#6018));
#6003 = ORIENTED_EDGE('',*,*,#6004,.T.);
#6004 = EDGE_CURVE('',#5983,#6005,#6007,.T.);
#6005 = VERTEX_POINT('',#6006);
#6006 = CARTESIAN_POINT('',(1.75,-0.25,-3.2));
#6007 = LINE('',#6008,#6009);
#6008 = CARTESIAN_POINT('',(1.75,0.25,-3.2));
#6009 = VECTOR('',#6010,1.);
#6010 = DIRECTION('',(-1.224646799147E-16,-1.,0.));
#6011 = ORIENTED_EDGE('',*,*,#6012,.T.);
#6012 = EDGE_CURVE('',#6005,#3757,#6013,.T.);
#6013 = LINE('',#6014,#6015);
#6014 = CARTESIAN_POINT('',(1.75,-0.25,-3.4));
#6015 = VECTOR('',#6016,1.);
#6016 = DIRECTION('',(0.,0.,1.));
#6017 = ORIENTED_EDGE('',*,*,#3764,.F.);
#6018 = ORIENTED_EDGE('',*,*,#5982,.T.);
#6019 = PLANE('',#6020);
#6020 = AXIS2_PLACEMENT_3D('',#6021,#6022,#6023);
#6021 = CARTESIAN_POINT('',(1.75,1.132798289211E-15,0.8));
#6022 = DIRECTION('',(-1.,1.224646799147E-16,0.));
#6023 = DIRECTION('',(0.,0.,1.));
#6024 = ADVANCED_FACE('',(#6025),#6036,.F.);
#6025 = FACE_BOUND('',#6026,.F.);
#6026 = EDGE_LOOP('',(#6027,#6028,#6034,#6035));
#6027 = ORIENTED_EDGE('',*,*,#5959,.F.);
#6028 = ORIENTED_EDGE('',*,*,#6029,.T.);
#6029 = EDGE_CURVE('',#5952,#6005,#6030,.T.);
#6030 = LINE('',#6031,#6032);
#6031 = CARTESIAN_POINT('',(2.25,-0.25,-3.2));
#6032 = VECTOR('',#6033,1.);
#6033 = DIRECTION('',(-1.,1.224646799147E-16,0.));
#6034 = ORIENTED_EDGE('',*,*,#6012,.T.);
#6035 = ORIENTED_EDGE('',*,*,#3756,.F.);
#6036 = PLANE('',#6037);
#6037 = AXIS2_PLACEMENT_3D('',#6038,#6039,#6040);
#6038 = CARTESIAN_POINT('',(2.25,-0.25,-3.4));
#6039 = DIRECTION('',(1.224646799147E-16,1.,0.));
#6040 = DIRECTION('',(0.,-0.,1.));
#6041 = ADVANCED_FACE('',(#6042),#6067,.F.);
#6042 = FACE_BOUND('',#6043,.F.);
#6043 = EDGE_LOOP('',(#6044,#6052,#6053,#6061));
#6044 = ORIENTED_EDGE('',*,*,#6045,.F.);
#6045 = EDGE_CURVE('',#3795,#6046,#6048,.T.);
#6046 = VERTEX_POINT('',#6047);
#6047 = CARTESIAN_POINT('',(4.25,0.25,-3.2));
#6048 = LINE('',#6049,#6050);
#6049 = CARTESIAN_POINT('',(4.25,0.25,5.));
#6050 = VECTOR('',#6051,1.);
#6051 = DIRECTION('',(-0.,0.,-1.));
#6052 = ORIENTED_EDGE('',*,*,#3792,.F.);
#6053 = ORIENTED_EDGE('',*,*,#6054,.T.);
#6054 = EDGE_CURVE('',#3793,#6055,#6057,.T.);
#6055 = VERTEX_POINT('',#6056);
#6056 = CARTESIAN_POINT('',(3.75,0.25,-3.2));
#6057 = LINE('',#6058,#6059);
#6058 = CARTESIAN_POINT('',(3.75,0.25,5.));
#6059 = VECTOR('',#6060,1.);
#6060 = DIRECTION('',(-0.,0.,-1.));
#6061 = ORIENTED_EDGE('',*,*,#6062,.F.);
#6062 = EDGE_CURVE('',#6046,#6055,#6063,.T.);
#6063 = LINE('',#6064,#6065);
#6064 = CARTESIAN_POINT('',(4.25,0.25,-3.2));
#6065 = VECTOR('',#6066,1.);
#6066 = DIRECTION('',(-1.,1.224646799147E-16,0.));
#6067 = PLANE('',#6068);
#6068 = AXIS2_PLACEMENT_3D('',#6069,#6070,#6071);
#6069 = CARTESIAN_POINT('',(4.25,0.25,5.));
#6070 = DIRECTION('',(-1.224646799147E-16,-1.,0.));
#6071 = DIRECTION('',(-0.,0.,-1.));
#6072 = ADVANCED_FACE('',(#6073),#6091,.T.);
#6073 = FACE_BOUND('',#6074,.T.);
#6074 = EDGE_LOOP('',(#6075,#6083,#6089,#6090));
#6075 = ORIENTED_EDGE('',*,*,#6076,.T.);
#6076 = EDGE_CURVE('',#6055,#6077,#6079,.T.);
#6077 = VERTEX_POINT('',#6078);
#6078 = CARTESIAN_POINT('',(3.75,-0.25,-3.2));
#6079 = LINE('',#6080,#6081);
#6080 = CARTESIAN_POINT('',(3.75,0.25,-3.2));
#6081 = VECTOR('',#6082,1.);
#6082 = DIRECTION('',(-1.224646799147E-16,-1.,0.));
#6083 = ORIENTED_EDGE('',*,*,#6084,.T.);
#6084 = EDGE_CURVE('',#6077,#3811,#6085,.T.);
#6085 = LINE('',#6086,#6087);
#6086 = CARTESIAN_POINT('',(3.75,-0.25,-3.4));
#6087 = VECTOR('',#6088,1.);
#6088 = DIRECTION('',(0.,0.,1.));
#6089 = ORIENTED_EDGE('',*,*,#3818,.F.);
#6090 = ORIENTED_EDGE('',*,*,#6054,.T.);
#6091 = PLANE('',#6092);
#6092 = AXIS2_PLACEMENT_3D('',#6093,#6094,#6095);
#6093 = CARTESIAN_POINT('',(3.75,8.878689293818E-16,0.8));
#6094 = DIRECTION('',(-1.,1.224646799147E-16,0.));
#6095 = DIRECTION('',(0.,0.,1.));
#6096 = ADVANCED_FACE('',(#6097),#6115,.F.);
#6097 = FACE_BOUND('',#6098,.F.);
#6098 = EDGE_LOOP('',(#6099,#6107,#6113,#6114));
#6099 = ORIENTED_EDGE('',*,*,#6100,.F.);
#6100 = EDGE_CURVE('',#6101,#3803,#6103,.T.);
#6101 = VERTEX_POINT('',#6102);
#6102 = CARTESIAN_POINT('',(4.25,-0.25,-3.2));
#6103 = LINE('',#6104,#6105);
#6104 = CARTESIAN_POINT('',(4.25,-0.25,-3.4));
#6105 = VECTOR('',#6106,1.);
#6106 = DIRECTION('',(0.,0.,1.));
#6107 = ORIENTED_EDGE('',*,*,#6108,.T.);
#6108 = EDGE_CURVE('',#6101,#6077,#6109,.T.);
#6109 = LINE('',#6110,#6111);
#6110 = CARTESIAN_POINT('',(4.25,-0.25,-3.2));
#6111 = VECTOR('',#6112,1.);
#6112 = DIRECTION('',(-1.,1.224646799147E-16,0.));
#6113 = ORIENTED_EDGE('',*,*,#6084,.T.);
#6114 = ORIENTED_EDGE('',*,*,#3810,.F.);
#6115 = PLANE('',#6116);
#6116 = AXIS2_PLACEMENT_3D('',#6117,#6118,#6119);
#6117 = CARTESIAN_POINT('',(4.25,-0.25,-3.4));
#6118 = DIRECTION('',(1.224646799147E-16,1.,0.));
#6119 = DIRECTION('',(0.,-0.,1.));
#6120 = ADVANCED_FACE('',(#6121),#6132,.F.);
#6121 = FACE_BOUND('',#6122,.F.);
#6122 = EDGE_LOOP('',(#6123,#6129,#6130,#6131));
#6123 = ORIENTED_EDGE('',*,*,#6124,.T.);
#6124 = EDGE_CURVE('',#6046,#6101,#6125,.T.);
#6125 = LINE('',#6126,#6127);
#6126 = CARTESIAN_POINT('',(4.25,0.25,-3.2));
#6127 = VECTOR('',#6128,1.);
#6128 = DIRECTION('',(-1.224646799147E-16,-1.,0.));
#6129 = ORIENTED_EDGE('',*,*,#6100,.T.);
#6130 = ORIENTED_EDGE('',*,*,#3802,.F.);
#6131 = ORIENTED_EDGE('',*,*,#6045,.T.);
#6132 = PLANE('',#6133);
#6133 = AXIS2_PLACEMENT_3D('',#6134,#6135,#6136);
#6134 = CARTESIAN_POINT('',(4.25,8.266365894245E-16,0.8));
#6135 = DIRECTION('',(-1.,1.224646799147E-16,0.));
#6136 = DIRECTION('',(0.,0.,1.));
#6137 = ADVANCED_FACE('',(#6138),#6163,.F.);
#6138 = FACE_BOUND('',#6139,.F.);
#6139 = EDGE_LOOP('',(#6140,#6150,#6156,#6157));
#6140 = ORIENTED_EDGE('',*,*,#6141,.T.);
#6141 = EDGE_CURVE('',#6142,#6144,#6146,.T.);
#6142 = VERTEX_POINT('',#6143);
#6143 = CARTESIAN_POINT('',(6.25,0.25,-3.2));
#6144 = VERTEX_POINT('',#6145);
#6145 = CARTESIAN_POINT('',(6.25,-0.25,-3.2));
#6146 = LINE('',#6147,#6148);
#6147 = CARTESIAN_POINT('',(6.25,0.25,-3.2));
#6148 = VECTOR('',#6149,1.);
#6149 = DIRECTION('',(-1.224646799147E-16,-1.,0.));
#6150 = ORIENTED_EDGE('',*,*,#6151,.T.);
#6151 = EDGE_CURVE('',#6144,#3841,#6152,.T.);
#6152 = LINE('',#6153,#6154);
#6153 = CARTESIAN_POINT('',(6.25,-0.25,-3.4));
#6154 = VECTOR('',#6155,1.);
#6155 = DIRECTION('',(0.,0.,1.));
#6156 = ORIENTED_EDGE('',*,*,#3838,.F.);
#6157 = ORIENTED_EDGE('',*,*,#6158,.T.);
#6158 = EDGE_CURVE('',#3839,#6142,#6159,.T.);
#6159 = LINE('',#6160,#6161);
#6160 = CARTESIAN_POINT('',(6.25,0.25,5.));
#6161 = VECTOR('',#6162,1.);
#6162 = DIRECTION('',(-0.,0.,-1.));
#6163 = PLANE('',#6164);
#6164 = AXIS2_PLACEMENT_3D('',#6165,#6166,#6167);
#6165 = CARTESIAN_POINT('',(6.25,5.81707229595E-16,0.8));
#6166 = DIRECTION('',(-1.,1.224646799147E-16,0.));
#6167 = DIRECTION('',(0.,0.,1.));
#6168 = ADVANCED_FACE('',(#6169),#6187,.F.);
#6169 = FACE_BOUND('',#6170,.F.);
#6170 = EDGE_LOOP('',(#6171,#6172,#6173,#6181));
#6171 = ORIENTED_EDGE('',*,*,#6158,.F.);
#6172 = ORIENTED_EDGE('',*,*,#3864,.F.);
#6173 = ORIENTED_EDGE('',*,*,#6174,.T.);
#6174 = EDGE_CURVE('',#3857,#6175,#6177,.T.);
#6175 = VERTEX_POINT('',#6176);
#6176 = CARTESIAN_POINT('',(5.75,0.25,-3.2));
#6177 = LINE('',#6178,#6179);
#6178 = CARTESIAN_POINT('',(5.75,0.25,5.));
#6179 = VECTOR('',#6180,1.);
#6180 = DIRECTION('',(-0.,0.,-1.));
#6181 = ORIENTED_EDGE('',*,*,#6182,.F.);
#6182 = EDGE_CURVE('',#6142,#6175,#6183,.T.);
#6183 = LINE('',#6184,#6185);
#6184 = CARTESIAN_POINT('',(6.25,0.25,-3.2));
#6185 = VECTOR('',#6186,1.);
#6186 = DIRECTION('',(-1.,1.224646799147E-16,0.));
#6187 = PLANE('',#6188);
#6188 = AXIS2_PLACEMENT_3D('',#6189,#6190,#6191);
#6189 = CARTESIAN_POINT('',(6.25,0.25,5.));
#6190 = DIRECTION('',(-1.224646799147E-16,-1.,0.));
#6191 = DIRECTION('',(-0.,0.,-1.));
#6192 = ADVANCED_FACE('',(#6193),#6211,.T.);
#6193 = FACE_BOUND('',#6194,.T.);
#6194 = EDGE_LOOP('',(#6195,#6203,#6209,#6210));
#6195 = ORIENTED_EDGE('',*,*,#6196,.T.);
#6196 = EDGE_CURVE('',#6175,#6197,#6199,.T.);
#6197 = VERTEX_POINT('',#6198);
#6198 = CARTESIAN_POINT('',(5.75,-0.25,-3.2));
#6199 = LINE('',#6200,#6201);
#6200 = CARTESIAN_POINT('',(5.75,0.25,-3.2));
#6201 = VECTOR('',#6202,1.);
#6202 = DIRECTION('',(-1.224646799147E-16,-1.,0.));
#6203 = ORIENTED_EDGE('',*,*,#6204,.T.);
#6204 = EDGE_CURVE('',#6197,#3849,#6205,.T.);
#6205 = LINE('',#6206,#6207);
#6206 = CARTESIAN_POINT('',(5.75,-0.25,-3.4));
#6207 = VECTOR('',#6208,1.);
#6208 = DIRECTION('',(0.,0.,1.));
#6209 = ORIENTED_EDGE('',*,*,#3856,.F.);
#6210 = ORIENTED_EDGE('',*,*,#6174,.T.);
#6211 = PLANE('',#6212);
#6212 = AXIS2_PLACEMENT_3D('',#6213,#6214,#6215);
#6213 = CARTESIAN_POINT('',(5.75,6.429395695524E-16,0.8));
#6214 = DIRECTION('',(-1.,1.224646799147E-16,0.));
#6215 = DIRECTION('',(0.,0.,1.));
#6216 = ADVANCED_FACE('',(#6217),#6228,.F.);
#6217 = FACE_BOUND('',#6218,.F.);
#6218 = EDGE_LOOP('',(#6219,#6220,#6226,#6227));
#6219 = ORIENTED_EDGE('',*,*,#6151,.F.);
#6220 = ORIENTED_EDGE('',*,*,#6221,.T.);
#6221 = EDGE_CURVE('',#6144,#6197,#6222,.T.);
#6222 = LINE('',#6223,#6224);
#6223 = CARTESIAN_POINT('',(6.25,-0.25,-3.2));
#6224 = VECTOR('',#6225,1.);
#6225 = DIRECTION('',(-1.,1.224646799147E-16,0.));
#6226 = ORIENTED_EDGE('',*,*,#6204,.T.);
#6227 = ORIENTED_EDGE('',*,*,#3848,.F.);
#6228 = PLANE('',#6229);
#6229 = AXIS2_PLACEMENT_3D('',#6230,#6231,#6232);
#6230 = CARTESIAN_POINT('',(6.25,-0.25,-3.4));
#6231 = DIRECTION('',(1.224646799147E-16,1.,0.));
#6232 = DIRECTION('',(0.,-0.,1.));
#6233 = ADVANCED_FACE('',(#6234),#6259,.F.);
#6234 = FACE_BOUND('',#6235,.F.);
#6235 = EDGE_LOOP('',(#6236,#6246,#6252,#6253));
#6236 = ORIENTED_EDGE('',*,*,#6237,.T.);
#6237 = EDGE_CURVE('',#6238,#6240,#6242,.T.);
#6238 = VERTEX_POINT('',#6239);
#6239 = CARTESIAN_POINT('',(8.25,0.25,-3.2));
#6240 = VERTEX_POINT('',#6241);
#6241 = CARTESIAN_POINT('',(8.25,-0.25,-3.2));
#6242 = LINE('',#6243,#6244);
#6243 = CARTESIAN_POINT('',(8.25,0.25,-3.2));
#6244 = VECTOR('',#6245,1.);
#6245 = DIRECTION('',(-1.224646799147E-16,-1.,0.));
#6246 = ORIENTED_EDGE('',*,*,#6247,.T.);
#6247 = EDGE_CURVE('',#6240,#3887,#6248,.T.);
#6248 = LINE('',#6249,#6250);
#6249 = CARTESIAN_POINT('',(8.25,-0.25,-3.4));
#6250 = VECTOR('',#6251,1.);
#6251 = DIRECTION('',(0.,0.,1.));
#6252 = ORIENTED_EDGE('',*,*,#3884,.F.);
#6253 = ORIENTED_EDGE('',*,*,#6254,.T.);
#6254 = EDGE_CURVE('',#3885,#6238,#6255,.T.);
#6255 = LINE('',#6256,#6257);
#6256 = CARTESIAN_POINT('',(8.25,0.25,5.));
#6257 = VECTOR('',#6258,1.);
#6258 = DIRECTION('',(-0.,0.,-1.));
#6259 = PLANE('',#6260);
#6260 = AXIS2_PLACEMENT_3D('',#6261,#6262,#6263);
#6261 = CARTESIAN_POINT('',(8.25,3.367778697655E-16,0.8));
#6262 = DIRECTION('',(-1.,1.224646799147E-16,0.));
#6263 = DIRECTION('',(0.,0.,1.));
#6264 = ADVANCED_FACE('',(#6265),#6283,.F.);
#6265 = FACE_BOUND('',#6266,.F.);
#6266 = EDGE_LOOP('',(#6267,#6268,#6269,#6277));
#6267 = ORIENTED_EDGE('',*,*,#6254,.F.);
#6268 = ORIENTED_EDGE('',*,*,#3910,.F.);
#6269 = ORIENTED_EDGE('',*,*,#6270,.T.);
#6270 = EDGE_CURVE('',#3903,#6271,#6273,.T.);
#6271 = VERTEX_POINT('',#6272);
#6272 = CARTESIAN_POINT('',(7.75,0.25,-3.2));
#6273 = LINE('',#6274,#6275);
#6274 = CARTESIAN_POINT('',(7.75,0.25,5.));
#6275 = VECTOR('',#6276,1.);
#6276 = DIRECTION('',(-0.,0.,-1.));
#6277 = ORIENTED_EDGE('',*,*,#6278,.F.);
#6278 = EDGE_CURVE('',#6238,#6271,#6279,.T.);
#6279 = LINE('',#6280,#6281);
#6280 = CARTESIAN_POINT('',(8.25,0.25,-3.2));
#6281 = VECTOR('',#6282,1.);
#6282 = DIRECTION('',(-1.,1.224646799147E-16,0.));
#6283 = PLANE('',#6284);
#6284 = AXIS2_PLACEMENT_3D('',#6285,#6286,#6287);
#6285 = CARTESIAN_POINT('',(8.25,0.25,5.));
#6286 = DIRECTION('',(-1.224646799147E-16,-1.,0.));
#6287 = DIRECTION('',(-0.,0.,-1.));
#6288 = ADVANCED_FACE('',(#6289),#6307,.T.);
#6289 = FACE_BOUND('',#6290,.T.);
#6290 = EDGE_LOOP('',(#6291,#6299,#6305,#6306));
#6291 = ORIENTED_EDGE('',*,*,#6292,.T.);
#6292 = EDGE_CURVE('',#6271,#6293,#6295,.T.);
#6293 = VERTEX_POINT('',#6294);
#6294 = CARTESIAN_POINT('',(7.75,-0.25,-3.2));
#6295 = LINE('',#6296,#6297);
#6296 = CARTESIAN_POINT('',(7.75,0.25,-3.2));
#6297 = VECTOR('',#6298,1.);
#6298 = DIRECTION('',(-1.224646799147E-16,-1.,0.));
#6299 = ORIENTED_EDGE('',*,*,#6300,.T.);
#6300 = EDGE_CURVE('',#6293,#3895,#6301,.T.);
#6301 = LINE('',#6302,#6303);
#6302 = CARTESIAN_POINT('',(7.75,-0.25,-3.4));
#6303 = VECTOR('',#6304,1.);
#6304 = DIRECTION('',(0.,0.,1.));
#6305 = ORIENTED_EDGE('',*,*,#3902,.F.);
#6306 = ORIENTED_EDGE('',*,*,#6270,.T.);
#6307 = PLANE('',#6308);
#6308 = AXIS2_PLACEMENT_3D('',#6309,#6310,#6311);
#6309 = CARTESIAN_POINT('',(7.75,3.980102097229E-16,0.8));
#6310 = DIRECTION('',(-1.,1.224646799147E-16,0.));
#6311 = DIRECTION('',(0.,0.,1.));
#6312 = ADVANCED_FACE('',(#6313),#6324,.F.);
#6313 = FACE_BOUND('',#6314,.F.);
#6314 = EDGE_LOOP('',(#6315,#6316,#6322,#6323));
#6315 = ORIENTED_EDGE('',*,*,#6247,.F.);
#6316 = ORIENTED_EDGE('',*,*,#6317,.T.);
#6317 = EDGE_CURVE('',#6240,#6293,#6318,.T.);
#6318 = LINE('',#6319,#6320);
#6319 = CARTESIAN_POINT('',(8.25,-0.25,-3.2));
#6320 = VECTOR('',#6321,1.);
#6321 = DIRECTION('',(-1.,1.224646799147E-16,0.));
#6322 = ORIENTED_EDGE('',*,*,#6300,.T.);
#6323 = ORIENTED_EDGE('',*,*,#3894,.F.);
#6324 = PLANE('',#6325);
#6325 = AXIS2_PLACEMENT_3D('',#6326,#6327,#6328);
#6326 = CARTESIAN_POINT('',(8.25,-0.25,-3.4));
#6327 = DIRECTION('',(1.224646799147E-16,1.,0.));
#6328 = DIRECTION('',(0.,-0.,1.));
#6329 = ADVANCED_FACE('',(#6330),#6355,.F.);
#6330 = FACE_BOUND('',#6331,.F.);
#6331 = EDGE_LOOP('',(#6332,#6340,#6341,#6349));
#6332 = ORIENTED_EDGE('',*,*,#6333,.F.);
#6333 = EDGE_CURVE('',#3933,#6334,#6336,.T.);
#6334 = VERTEX_POINT('',#6335);
#6335 = CARTESIAN_POINT('',(10.25,0.25,-3.2));
#6336 = LINE('',#6337,#6338);
#6337 = CARTESIAN_POINT('',(10.25,0.25,5.));
#6338 = VECTOR('',#6339,1.);
#6339 = DIRECTION('',(-0.,0.,-1.));
#6340 = ORIENTED_EDGE('',*,*,#3930,.F.);
#6341 = ORIENTED_EDGE('',*,*,#6342,.T.);
#6342 = EDGE_CURVE('',#3931,#6343,#6345,.T.);
#6343 = VERTEX_POINT('',#6344);
#6344 = CARTESIAN_POINT('',(9.75,0.25,-3.2));
#6345 = LINE('',#6346,#6347);
#6346 = CARTESIAN_POINT('',(9.75,0.25,5.));
#6347 = VECTOR('',#6348,1.);
#6348 = DIRECTION('',(-0.,0.,-1.));
#6349 = ORIENTED_EDGE('',*,*,#6350,.F.);
#6350 = EDGE_CURVE('',#6334,#6343,#6351,.T.);
#6351 = LINE('',#6352,#6353);
#6352 = CARTESIAN_POINT('',(10.25,0.25,-3.2));
#6353 = VECTOR('',#6354,1.);
#6354 = DIRECTION('',(-1.,1.224646799147E-16,0.));
#6355 = PLANE('',#6356);
#6356 = AXIS2_PLACEMENT_3D('',#6357,#6358,#6359);
#6357 = CARTESIAN_POINT('',(10.25,0.25,5.));
#6358 = DIRECTION('',(-1.224646799147E-16,-1.,0.));
#6359 = DIRECTION('',(-0.,0.,-1.));
#6360 = ADVANCED_FACE('',(#6361),#6379,.T.);
#6361 = FACE_BOUND('',#6362,.T.);
#6362 = EDGE_LOOP('',(#6363,#6371,#6377,#6378));
#6363 = ORIENTED_EDGE('',*,*,#6364,.T.);
#6364 = EDGE_CURVE('',#6343,#6365,#6367,.T.);
#6365 = VERTEX_POINT('',#6366);
#6366 = CARTESIAN_POINT('',(9.75,-0.25,-3.2));
#6367 = LINE('',#6368,#6369);
#6368 = CARTESIAN_POINT('',(9.75,0.25,-3.2));
#6369 = VECTOR('',#6370,1.);
#6370 = DIRECTION('',(-1.224646799147E-16,-1.,0.));
#6371 = ORIENTED_EDGE('',*,*,#6372,.T.);
#6372 = EDGE_CURVE('',#6365,#3949,#6373,.T.);
#6373 = LINE('',#6374,#6375);
#6374 = CARTESIAN_POINT('',(9.75,-0.25,-3.4));
#6375 = VECTOR('',#6376,1.);
#6376 = DIRECTION('',(0.,0.,1.));
#6377 = ORIENTED_EDGE('',*,*,#3956,.F.);
#6378 = ORIENTED_EDGE('',*,*,#6342,.T.);
#6379 = PLANE('',#6380);
#6380 = AXIS2_PLACEMENT_3D('',#6381,#6382,#6383);
#6381 = CARTESIAN_POINT('',(9.75,1.530808498934E-16,0.8));
#6382 = DIRECTION('',(-1.,1.224646799147E-16,0.));
#6383 = DIRECTION('',(0.,0.,1.));
#6384 = ADVANCED_FACE('',(#6385),#6403,.F.);
#6385 = FACE_BOUND('',#6386,.F.);
#6386 = EDGE_LOOP('',(#6387,#6395,#6401,#6402));
#6387 = ORIENTED_EDGE('',*,*,#6388,.F.);
#6388 = EDGE_CURVE('',#6389,#3941,#6391,.T.);
#6389 = VERTEX_POINT('',#6390);
#6390 = CARTESIAN_POINT('',(10.25,-0.25,-3.2));
#6391 = LINE('',#6392,#6393);
#6392 = CARTESIAN_POINT('',(10.25,-0.25,-3.4));
#6393 = VECTOR('',#6394,1.);
#6394 = DIRECTION('',(0.,0.,1.));
#6395 = ORIENTED_EDGE('',*,*,#6396,.T.);
#6396 = EDGE_CURVE('',#6389,#6365,#6397,.T.);
#6397 = LINE('',#6398,#6399);
#6398 = CARTESIAN_POINT('',(10.25,-0.25,-3.2));
#6399 = VECTOR('',#6400,1.);
#6400 = DIRECTION('',(-1.,1.224646799147E-16,0.));
#6401 = ORIENTED_EDGE('',*,*,#6372,.T.);
#6402 = ORIENTED_EDGE('',*,*,#3948,.F.);
#6403 = PLANE('',#6404);
#6404 = AXIS2_PLACEMENT_3D('',#6405,#6406,#6407);
#6405 = CARTESIAN_POINT('',(10.25,-0.25,-3.4));
#6406 = DIRECTION('',(1.224646799147E-16,1.,0.));
#6407 = DIRECTION('',(0.,-0.,1.));
#6408 = ADVANCED_FACE('',(#6409),#6420,.F.);
#6409 = FACE_BOUND('',#6410,.F.);
#6410 = EDGE_LOOP('',(#6411,#6417,#6418,#6419));
#6411 = ORIENTED_EDGE('',*,*,#6412,.T.);
#6412 = EDGE_CURVE('',#6334,#6389,#6413,.T.);
#6413 = LINE('',#6414,#6415);
#6414 = CARTESIAN_POINT('',(10.25,0.25,-3.2));
#6415 = VECTOR('',#6416,1.);
#6416 = DIRECTION('',(-1.224646799147E-16,-1.,0.));
#6417 = ORIENTED_EDGE('',*,*,#6388,.T.);
#6418 = ORIENTED_EDGE('',*,*,#3940,.F.);
#6419 = ORIENTED_EDGE('',*,*,#6333,.T.);
#6420 = PLANE('',#6421);
#6421 = AXIS2_PLACEMENT_3D('',#6422,#6423,#6424);
#6422 = CARTESIAN_POINT('',(10.25,9.184850993605E-17,0.8));
#6423 = DIRECTION('',(-1.,1.224646799147E-16,0.));
#6424 = DIRECTION('',(0.,0.,1.));
#6425 = ADVANCED_FACE('',(#6426),#6451,.F.);
#6426 = FACE_BOUND('',#6427,.F.);
#6427 = EDGE_LOOP('',(#6428,#6438,#6444,#6445));
#6428 = ORIENTED_EDGE('',*,*,#6429,.T.);
#6429 = EDGE_CURVE('',#6430,#6432,#6434,.T.);
#6430 = VERTEX_POINT('',#6431);
#6431 = CARTESIAN_POINT('',(12.25,0.25,-3.2));
#6432 = VERTEX_POINT('',#6433);
#6433 = CARTESIAN_POINT('',(12.25,-0.25,-3.2));
#6434 = LINE('',#6435,#6436);
#6435 = CARTESIAN_POINT('',(12.25,0.25,-3.2));
#6436 = VECTOR('',#6437,1.);
#6437 = DIRECTION('',(-1.224646799147E-16,-1.,0.));
#6438 = ORIENTED_EDGE('',*,*,#6439,.T.);
#6439 = EDGE_CURVE('',#6432,#3979,#6440,.T.);
#6440 = LINE('',#6441,#6442);
#6441 = CARTESIAN_POINT('',(12.25,-0.25,-3.4));
#6442 = VECTOR('',#6443,1.);
#6443 = DIRECTION('',(0.,0.,1.));
#6444 = ORIENTED_EDGE('',*,*,#3976,.F.);
#6445 = ORIENTED_EDGE('',*,*,#6446,.T.);
#6446 = EDGE_CURVE('',#3977,#6430,#6447,.T.);
#6447 = LINE('',#6448,#6449);
#6448 = CARTESIAN_POINT('',(12.25,0.25,5.));
#6449 = VECTOR('',#6450,1.);
#6450 = DIRECTION('',(-0.,0.,-1.));
#6451 = PLANE('',#6452);
#6452 = AXIS2_PLACEMENT_3D('',#6453,#6454,#6455);
#6453 = CARTESIAN_POINT('',(12.25,-1.530808498934E-16,0.8));
#6454 = DIRECTION('',(-1.,1.224646799147E-16,0.));
#6455 = DIRECTION('',(0.,0.,1.));
#6456 = ADVANCED_FACE('',(#6457),#6475,.F.);
#6457 = FACE_BOUND('',#6458,.F.);
#6458 = EDGE_LOOP('',(#6459,#6460,#6461,#6469));
#6459 = ORIENTED_EDGE('',*,*,#6446,.F.);
#6460 = ORIENTED_EDGE('',*,*,#4002,.F.);
#6461 = ORIENTED_EDGE('',*,*,#6462,.T.);
#6462 = EDGE_CURVE('',#3995,#6463,#6465,.T.);
#6463 = VERTEX_POINT('',#6464);
#6464 = CARTESIAN_POINT('',(11.75,0.25,-3.2));
#6465 = LINE('',#6466,#6467);
#6466 = CARTESIAN_POINT('',(11.75,0.25,5.));
#6467 = VECTOR('',#6468,1.);
#6468 = DIRECTION('',(-0.,0.,-1.));
#6469 = ORIENTED_EDGE('',*,*,#6470,.F.);
#6470 = EDGE_CURVE('',#6430,#6463,#6471,.T.);
#6471 = LINE('',#6472,#6473);
#6472 = CARTESIAN_POINT('',(12.25,0.25,-3.2));
#6473 = VECTOR('',#6474,1.);
#6474 = DIRECTION('',(-1.,1.224646799147E-16,0.));
#6475 = PLANE('',#6476);
#6476 = AXIS2_PLACEMENT_3D('',#6477,#6478,#6479);
#6477 = CARTESIAN_POINT('',(12.25,0.25,5.));
#6478 = DIRECTION('',(-1.224646799147E-16,-1.,0.));
#6479 = DIRECTION('',(-0.,0.,-1.));
#6480 = ADVANCED_FACE('',(#6481),#6499,.T.);
#6481 = FACE_BOUND('',#6482,.T.);
#6482 = EDGE_LOOP('',(#6483,#6491,#6497,#6498));
#6483 = ORIENTED_EDGE('',*,*,#6484,.T.);
#6484 = EDGE_CURVE('',#6463,#6485,#6487,.T.);
#6485 = VERTEX_POINT('',#6486);
#6486 = CARTESIAN_POINT('',(11.75,-0.25,-3.2));
#6487 = LINE('',#6488,#6489);
#6488 = CARTESIAN_POINT('',(11.75,0.25,-3.2));
#6489 = VECTOR('',#6490,1.);
#6490 = DIRECTION('',(-1.224646799147E-16,-1.,0.));
#6491 = ORIENTED_EDGE('',*,*,#6492,.T.);
#6492 = EDGE_CURVE('',#6485,#3987,#6493,.T.);
#6493 = LINE('',#6494,#6495);
#6494 = CARTESIAN_POINT('',(11.75,-0.25,-3.4));
#6495 = VECTOR('',#6496,1.);
#6496 = DIRECTION('',(0.,0.,1.));
#6497 = ORIENTED_EDGE('',*,*,#3994,.F.);
#6498 = ORIENTED_EDGE('',*,*,#6462,.T.);
#6499 = PLANE('',#6500);
#6500 = AXIS2_PLACEMENT_3D('',#6501,#6502,#6503);
#6501 = CARTESIAN_POINT('',(11.75,-9.184850993605E-17,0.8));
#6502 = DIRECTION('',(-1.,1.224646799147E-16,0.));
#6503 = DIRECTION('',(0.,0.,1.));
#6504 = ADVANCED_FACE('',(#6505),#6516,.F.);
#6505 = FACE_BOUND('',#6506,.F.);
#6506 = EDGE_LOOP('',(#6507,#6508,#6514,#6515));
#6507 = ORIENTED_EDGE('',*,*,#6439,.F.);
#6508 = ORIENTED_EDGE('',*,*,#6509,.T.);
#6509 = EDGE_CURVE('',#6432,#6485,#6510,.T.);
#6510 = LINE('',#6511,#6512);
#6511 = CARTESIAN_POINT('',(12.25,-0.25,-3.2));
#6512 = VECTOR('',#6513,1.);
#6513 = DIRECTION('',(-1.,1.224646799147E-16,0.));
#6514 = ORIENTED_EDGE('',*,*,#6492,.T.);
#6515 = ORIENTED_EDGE('',*,*,#3986,.F.);
#6516 = PLANE('',#6517);
#6517 = AXIS2_PLACEMENT_3D('',#6518,#6519,#6520);
#6518 = CARTESIAN_POINT('',(12.25,-0.25,-3.4));
#6519 = DIRECTION('',(1.224646799147E-16,1.,0.));
#6520 = DIRECTION('',(0.,-0.,1.));
#6521 = ADVANCED_FACE('',(#6522),#6547,.T.);
#6522 = FACE_BOUND('',#6523,.T.);
#6523 = EDGE_LOOP('',(#6524,#6534,#6540,#6541));
#6524 = ORIENTED_EDGE('',*,*,#6525,.T.);
#6525 = EDGE_CURVE('',#6526,#6528,#6530,.T.);
#6526 = VERTEX_POINT('',#6527);
#6527 = CARTESIAN_POINT('',(13.75,0.25,-3.2));
#6528 = VERTEX_POINT('',#6529);
#6529 = CARTESIAN_POINT('',(13.75,-0.25,-3.2));
#6530 = LINE('',#6531,#6532);
#6531 = CARTESIAN_POINT('',(13.75,0.25,-3.2));
#6532 = VECTOR('',#6533,1.);
#6533 = DIRECTION('',(-1.224646799147E-16,-1.,0.));
#6534 = ORIENTED_EDGE('',*,*,#6535,.T.);
#6535 = EDGE_CURVE('',#6528,#4025,#6536,.T.);
#6536 = LINE('',#6537,#6538);
#6537 = CARTESIAN_POINT('',(13.75,-0.25,-3.4));
#6538 = VECTOR('',#6539,1.);
#6539 = DIRECTION('',(0.,0.,1.));
#6540 = ORIENTED_EDGE('',*,*,#4022,.F.);
#6541 = ORIENTED_EDGE('',*,*,#6542,.T.);
#6542 = EDGE_CURVE('',#4023,#6526,#6543,.T.);
#6543 = LINE('',#6544,#6545);
#6544 = CARTESIAN_POINT('',(13.75,0.25,5.));
#6545 = VECTOR('',#6546,1.);
#6546 = DIRECTION('',(-0.,0.,-1.));
#6547 = PLANE('',#6548);
#6548 = AXIS2_PLACEMENT_3D('',#6549,#6550,#6551);
#6549 = CARTESIAN_POINT('',(13.75,-3.367778697655E-16,0.8));
#6550 = DIRECTION('',(-1.,1.224646799147E-16,0.));
#6551 = DIRECTION('',(0.,0.,1.));
#6552 = ADVANCED_FACE('',(#6553),#6571,.F.);
#6553 = FACE_BOUND('',#6554,.F.);
#6554 = EDGE_LOOP('',(#6555,#6563,#6569,#6570));
#6555 = ORIENTED_EDGE('',*,*,#6556,.F.);
#6556 = EDGE_CURVE('',#6557,#4041,#6559,.T.);
#6557 = VERTEX_POINT('',#6558);
#6558 = CARTESIAN_POINT('',(14.25,-0.25,-3.2));
#6559 = LINE('',#6560,#6561);
#6560 = CARTESIAN_POINT('',(14.25,-0.25,-3.4));
#6561 = VECTOR('',#6562,1.);
#6562 = DIRECTION('',(0.,0.,1.));
#6563 = ORIENTED_EDGE('',*,*,#6564,.T.);
#6564 = EDGE_CURVE('',#6557,#6528,#6565,.T.);
#6565 = LINE('',#6566,#6567);
#6566 = CARTESIAN_POINT('',(14.25,-0.25,-3.2));
#6567 = VECTOR('',#6568,1.);
#6568 = DIRECTION('',(-1.,1.224646799147E-16,0.));
#6569 = ORIENTED_EDGE('',*,*,#6535,.T.);
#6570 = ORIENTED_EDGE('',*,*,#4048,.F.);
#6571 = PLANE('',#6572);
#6572 = AXIS2_PLACEMENT_3D('',#6573,#6574,#6575);
#6573 = CARTESIAN_POINT('',(14.25,-0.25,-3.4));
#6574 = DIRECTION('',(1.224646799147E-16,1.,0.));
#6575 = DIRECTION('',(0.,-0.,1.));
#6576 = ADVANCED_FACE('',(#6577),#6595,.F.);
#6577 = FACE_BOUND('',#6578,.F.);
#6578 = EDGE_LOOP('',(#6579,#6587,#6588,#6589));
#6579 = ORIENTED_EDGE('',*,*,#6580,.T.);
#6580 = EDGE_CURVE('',#6581,#6557,#6583,.T.);
#6581 = VERTEX_POINT('',#6582);
#6582 = CARTESIAN_POINT('',(14.25,0.25,-3.2));
#6583 = LINE('',#6584,#6585);
#6584 = CARTESIAN_POINT('',(14.25,0.25,-3.2));
#6585 = VECTOR('',#6586,1.);
#6586 = DIRECTION('',(-1.224646799147E-16,-1.,0.));
#6587 = ORIENTED_EDGE('',*,*,#6556,.T.);
#6588 = ORIENTED_EDGE('',*,*,#4040,.F.);
#6589 = ORIENTED_EDGE('',*,*,#6590,.T.);
#6590 = EDGE_CURVE('',#4033,#6581,#6591,.T.);
#6591 = LINE('',#6592,#6593);
#6592 = CARTESIAN_POINT('',(14.25,0.25,5.));
#6593 = VECTOR('',#6594,1.);
#6594 = DIRECTION('',(-0.,0.,-1.));
#6595 = PLANE('',#6596);
#6596 = AXIS2_PLACEMENT_3D('',#6597,#6598,#6599);
#6597 = CARTESIAN_POINT('',(14.25,-3.980102097229E-16,0.8));
#6598 = DIRECTION('',(-1.,1.224646799147E-16,0.));
#6599 = DIRECTION('',(0.,0.,1.));
#6600 = ADVANCED_FACE('',(#6601),#6612,.F.);
#6601 = FACE_BOUND('',#6602,.F.);
#6602 = EDGE_LOOP('',(#6603,#6604,#6605,#6606));
#6603 = ORIENTED_EDGE('',*,*,#6590,.F.);
#6604 = ORIENTED_EDGE('',*,*,#4032,.F.);
#6605 = ORIENTED_EDGE('',*,*,#6542,.T.);
#6606 = ORIENTED_EDGE('',*,*,#6607,.F.);
#6607 = EDGE_CURVE('',#6581,#6526,#6608,.T.);
#6608 = LINE('',#6609,#6610);
#6609 = CARTESIAN_POINT('',(14.25,0.25,-3.2));
#6610 = VECTOR('',#6611,1.);
#6611 = DIRECTION('',(-1.,1.224646799147E-16,0.));
#6612 = PLANE('',#6613);
#6613 = AXIS2_PLACEMENT_3D('',#6614,#6615,#6616);
#6614 = CARTESIAN_POINT('',(14.25,0.25,5.));
#6615 = DIRECTION('',(-1.224646799147E-16,-1.,0.));
#6616 = DIRECTION('',(-0.,0.,-1.));
#6617 = ADVANCED_FACE('',(#6618),#6643,.F.);
#6618 = FACE_BOUND('',#6619,.F.);
#6619 = EDGE_LOOP('',(#6620,#6630,#6636,#6637));
#6620 = ORIENTED_EDGE('',*,*,#6621,.T.);
#6621 = EDGE_CURVE('',#6622,#6624,#6626,.T.);
#6622 = VERTEX_POINT('',#6623);
#6623 = CARTESIAN_POINT('',(16.25,0.25,-3.2));
#6624 = VERTEX_POINT('',#6625);
#6625 = CARTESIAN_POINT('',(16.25,-0.25,-3.2));
#6626 = LINE('',#6627,#6628);
#6627 = CARTESIAN_POINT('',(16.25,0.25,-3.2));
#6628 = VECTOR('',#6629,1.);
#6629 = DIRECTION('',(-1.224646799147E-16,-1.,0.));
#6630 = ORIENTED_EDGE('',*,*,#6631,.T.);
#6631 = EDGE_CURVE('',#6624,#4071,#6632,.T.);
#6632 = LINE('',#6633,#6634);
#6633 = CARTESIAN_POINT('',(16.25,-0.25,-3.4));
#6634 = VECTOR('',#6635,1.);
#6635 = DIRECTION('',(0.,0.,1.));
#6636 = ORIENTED_EDGE('',*,*,#4068,.F.);
#6637 = ORIENTED_EDGE('',*,*,#6638,.T.);
#6638 = EDGE_CURVE('',#4069,#6622,#6639,.T.);
#6639 = LINE('',#6640,#6641);
#6640 = CARTESIAN_POINT('',(16.25,0.25,5.));
#6641 = VECTOR('',#6642,1.);
#6642 = DIRECTION('',(-0.,0.,-1.));
#6643 = PLANE('',#6644);
#6644 = AXIS2_PLACEMENT_3D('',#6645,#6646,#6647);
#6645 = CARTESIAN_POINT('',(16.25,-6.429395695524E-16,0.8));
#6646 = DIRECTION('',(-1.,1.224646799147E-16,0.));
#6647 = DIRECTION('',(0.,0.,1.));
#6648 = ADVANCED_FACE('',(#6649),#6667,.F.);
#6649 = FACE_BOUND('',#6650,.F.);
#6650 = EDGE_LOOP('',(#6651,#6652,#6653,#6661));
#6651 = ORIENTED_EDGE('',*,*,#6638,.F.);
#6652 = ORIENTED_EDGE('',*,*,#4094,.F.);
#6653 = ORIENTED_EDGE('',*,*,#6654,.T.);
#6654 = EDGE_CURVE('',#4087,#6655,#6657,.T.);
#6655 = VERTEX_POINT('',#6656);
#6656 = CARTESIAN_POINT('',(15.75,0.25,-3.2));
#6657 = LINE('',#6658,#6659);
#6658 = CARTESIAN_POINT('',(15.75,0.25,5.));
#6659 = VECTOR('',#6660,1.);
#6660 = DIRECTION('',(-0.,0.,-1.));
#6661 = ORIENTED_EDGE('',*,*,#6662,.F.);
#6662 = EDGE_CURVE('',#6622,#6655,#6663,.T.);
#6663 = LINE('',#6664,#6665);
#6664 = CARTESIAN_POINT('',(16.25,0.25,-3.2));
#6665 = VECTOR('',#6666,1.);
#6666 = DIRECTION('',(-1.,1.224646799147E-16,0.));
#6667 = PLANE('',#6668);
#6668 = AXIS2_PLACEMENT_3D('',#6669,#6670,#6671);
#6669 = CARTESIAN_POINT('',(16.25,0.25,5.));
#6670 = DIRECTION('',(-1.224646799147E-16,-1.,0.));
#6671 = DIRECTION('',(-0.,0.,-1.));
#6672 = ADVANCED_FACE('',(#6673),#6691,.T.);
#6673 = FACE_BOUND('',#6674,.T.);
#6674 = EDGE_LOOP('',(#6675,#6683,#6689,#6690));
#6675 = ORIENTED_EDGE('',*,*,#6676,.T.);
#6676 = EDGE_CURVE('',#6655,#6677,#6679,.T.);
#6677 = VERTEX_POINT('',#6678);
#6678 = CARTESIAN_POINT('',(15.75,-0.25,-3.2));
#6679 = LINE('',#6680,#6681);
#6680 = CARTESIAN_POINT('',(15.75,0.25,-3.2));
#6681 = VECTOR('',#6682,1.);
#6682 = DIRECTION('',(-1.224646799147E-16,-1.,0.));
#6683 = ORIENTED_EDGE('',*,*,#6684,.T.);
#6684 = EDGE_CURVE('',#6677,#4079,#6685,.T.);
#6685 = LINE('',#6686,#6687);
#6686 = CARTESIAN_POINT('',(15.75,-0.25,-3.4));
#6687 = VECTOR('',#6688,1.);
#6688 = DIRECTION('',(0.,0.,1.));
#6689 = ORIENTED_EDGE('',*,*,#4086,.F.);
#6690 = ORIENTED_EDGE('',*,*,#6654,.T.);
#6691 = PLANE('',#6692);
#6692 = AXIS2_PLACEMENT_3D('',#6693,#6694,#6695);
#6693 = CARTESIAN_POINT('',(15.75,-5.81707229595E-16,0.8));
#6694 = DIRECTION('',(-1.,1.224646799147E-16,0.));
#6695 = DIRECTION('',(0.,0.,1.));
#6696 = ADVANCED_FACE('',(#6697),#6708,.F.);
#6697 = FACE_BOUND('',#6698,.F.);
#6698 = EDGE_LOOP('',(#6699,#6700,#6706,#6707));
#6699 = ORIENTED_EDGE('',*,*,#6631,.F.);
#6700 = ORIENTED_EDGE('',*,*,#6701,.T.);
#6701 = EDGE_CURVE('',#6624,#6677,#6702,.T.);
#6702 = LINE('',#6703,#6704);
#6703 = CARTESIAN_POINT('',(16.25,-0.25,-3.2));
#6704 = VECTOR('',#6705,1.);
#6705 = DIRECTION('',(-1.,1.224646799147E-16,0.));
#6706 = ORIENTED_EDGE('',*,*,#6684,.T.);
#6707 = ORIENTED_EDGE('',*,*,#4078,.F.);
#6708 = PLANE('',#6709);
#6709 = AXIS2_PLACEMENT_3D('',#6710,#6711,#6712);
#6710 = CARTESIAN_POINT('',(16.25,-0.25,-3.4));
#6711 = DIRECTION('',(1.224646799147E-16,1.,0.));
#6712 = DIRECTION('',(0.,-0.,1.));
#6713 = ADVANCED_FACE('',(#6714),#6739,.T.);
#6714 = FACE_BOUND('',#6715,.T.);
#6715 = EDGE_LOOP('',(#6716,#6726,#6732,#6733));
#6716 = ORIENTED_EDGE('',*,*,#6717,.T.);
#6717 = EDGE_CURVE('',#6718,#6720,#6722,.T.);
#6718 = VERTEX_POINT('',#6719);
#6719 = CARTESIAN_POINT('',(17.75,0.25,-3.2));
#6720 = VERTEX_POINT('',#6721);
#6721 = CARTESIAN_POINT('',(17.75,-0.25,-3.2));
#6722 = LINE('',#6723,#6724);
#6723 = CARTESIAN_POINT('',(17.75,0.25,-3.2));
#6724 = VECTOR('',#6725,1.);
#6725 = DIRECTION('',(-1.224646799147E-16,-1.,0.));
#6726 = ORIENTED_EDGE('',*,*,#6727,.T.);
#6727 = EDGE_CURVE('',#6720,#4117,#6728,.T.);
#6728 = LINE('',#6729,#6730);
#6729 = CARTESIAN_POINT('',(17.75,-0.25,-3.4));
#6730 = VECTOR('',#6731,1.);
#6731 = DIRECTION('',(0.,0.,1.));
#6732 = ORIENTED_EDGE('',*,*,#4114,.F.);
#6733 = ORIENTED_EDGE('',*,*,#6734,.T.);
#6734 = EDGE_CURVE('',#4115,#6718,#6735,.T.);
#6735 = LINE('',#6736,#6737);
#6736 = CARTESIAN_POINT('',(17.75,0.25,5.));
#6737 = VECTOR('',#6738,1.);
#6738 = DIRECTION('',(-0.,0.,-1.));
#6739 = PLANE('',#6740);
#6740 = AXIS2_PLACEMENT_3D('',#6741,#6742,#6743);
#6741 = CARTESIAN_POINT('',(17.75,-8.266365894245E-16,0.8));
#6742 = DIRECTION('',(-1.,1.224646799147E-16,0.));
#6743 = DIRECTION('',(0.,0.,1.));
#6744 = ADVANCED_FACE('',(#6745),#6763,.F.);
#6745 = FACE_BOUND('',#6746,.F.);
#6746 = EDGE_LOOP('',(#6747,#6755,#6761,#6762));
#6747 = ORIENTED_EDGE('',*,*,#6748,.F.);
#6748 = EDGE_CURVE('',#6749,#4133,#6751,.T.);
#6749 = VERTEX_POINT('',#6750);
#6750 = CARTESIAN_POINT('',(18.25,-0.25,-3.2));
#6751 = LINE('',#6752,#6753);
#6752 = CARTESIAN_POINT('',(18.25,-0.25,-3.4));
#6753 = VECTOR('',#6754,1.);
#6754 = DIRECTION('',(0.,0.,1.));
#6755 = ORIENTED_EDGE('',*,*,#6756,.T.);
#6756 = EDGE_CURVE('',#6749,#6720,#6757,.T.);
#6757 = LINE('',#6758,#6759);
#6758 = CARTESIAN_POINT('',(18.25,-0.25,-3.2));
#6759 = VECTOR('',#6760,1.);
#6760 = DIRECTION('',(-1.,1.224646799147E-16,0.));
#6761 = ORIENTED_EDGE('',*,*,#6727,.T.);
#6762 = ORIENTED_EDGE('',*,*,#4140,.F.);
#6763 = PLANE('',#6764);
#6764 = AXIS2_PLACEMENT_3D('',#6765,#6766,#6767);
#6765 = CARTESIAN_POINT('',(18.25,-0.25,-3.4));
#6766 = DIRECTION('',(1.224646799147E-16,1.,0.));
#6767 = DIRECTION('',(0.,-0.,1.));
#6768 = ADVANCED_FACE('',(#6769),#6787,.F.);
#6769 = FACE_BOUND('',#6770,.F.);
#6770 = EDGE_LOOP('',(#6771,#6779,#6780,#6781));
#6771 = ORIENTED_EDGE('',*,*,#6772,.T.);
#6772 = EDGE_CURVE('',#6773,#6749,#6775,.T.);
#6773 = VERTEX_POINT('',#6774);
#6774 = CARTESIAN_POINT('',(18.25,0.25,-3.2));
#6775 = LINE('',#6776,#6777);
#6776 = CARTESIAN_POINT('',(18.25,0.25,-3.2));
#6777 = VECTOR('',#6778,1.);
#6778 = DIRECTION('',(-1.224646799147E-16,-1.,0.));
#6779 = ORIENTED_EDGE('',*,*,#6748,.T.);
#6780 = ORIENTED_EDGE('',*,*,#4132,.F.);
#6781 = ORIENTED_EDGE('',*,*,#6782,.T.);
#6782 = EDGE_CURVE('',#4125,#6773,#6783,.T.);
#6783 = LINE('',#6784,#6785);
#6784 = CARTESIAN_POINT('',(18.25,0.25,5.));
#6785 = VECTOR('',#6786,1.);
#6786 = DIRECTION('',(-0.,0.,-1.));
#6787 = PLANE('',#6788);
#6788 = AXIS2_PLACEMENT_3D('',#6789,#6790,#6791);
#6789 = CARTESIAN_POINT('',(18.25,-8.878689293818E-16,0.8));
#6790 = DIRECTION('',(-1.,1.224646799147E-16,0.));
#6791 = DIRECTION('',(0.,0.,1.));
#6792 = ADVANCED_FACE('',(#6793),#6804,.F.);
#6793 = FACE_BOUND('',#6794,.F.);
#6794 = EDGE_LOOP('',(#6795,#6796,#6797,#6798));
#6795 = ORIENTED_EDGE('',*,*,#6782,.F.);
#6796 = ORIENTED_EDGE('',*,*,#4124,.F.);
#6797 = ORIENTED_EDGE('',*,*,#6734,.T.);
#6798 = ORIENTED_EDGE('',*,*,#6799,.F.);
#6799 = EDGE_CURVE('',#6773,#6718,#6800,.T.);
#6800 = LINE('',#6801,#6802);
#6801 = CARTESIAN_POINT('',(18.25,0.25,-3.2));
#6802 = VECTOR('',#6803,1.);
#6803 = DIRECTION('',(-1.,1.224646799147E-16,0.));
#6804 = PLANE('',#6805);
#6805 = AXIS2_PLACEMENT_3D('',#6806,#6807,#6808);
#6806 = CARTESIAN_POINT('',(18.25,0.25,5.));
#6807 = DIRECTION('',(-1.224646799147E-16,-1.,0.));
#6808 = DIRECTION('',(-0.,0.,-1.));
#6809 = ADVANCED_FACE('',(#6810),#6835,.F.);
#6810 = FACE_BOUND('',#6811,.F.);
#6811 = EDGE_LOOP('',(#6812,#6822,#6828,#6829));
#6812 = ORIENTED_EDGE('',*,*,#6813,.T.);
#6813 = EDGE_CURVE('',#6814,#6816,#6818,.T.);
#6814 = VERTEX_POINT('',#6815);
#6815 = CARTESIAN_POINT('',(20.25,0.25,-3.2));
#6816 = VERTEX_POINT('',#6817);
#6817 = CARTESIAN_POINT('',(20.25,-0.25,-3.2));
#6818 = LINE('',#6819,#6820);
#6819 = CARTESIAN_POINT('',(20.25,0.25,-3.2));
#6820 = VECTOR('',#6821,1.);
#6821 = DIRECTION('',(-1.224646799147E-16,-1.,0.));
#6822 = ORIENTED_EDGE('',*,*,#6823,.T.);
#6823 = EDGE_CURVE('',#6816,#4163,#6824,.T.);
#6824 = LINE('',#6825,#6826);
#6825 = CARTESIAN_POINT('',(20.25,-0.25,-3.4));
#6826 = VECTOR('',#6827,1.);
#6827 = DIRECTION('',(0.,0.,1.));
#6828 = ORIENTED_EDGE('',*,*,#4160,.F.);
#6829 = ORIENTED_EDGE('',*,*,#6830,.T.);
#6830 = EDGE_CURVE('',#4161,#6814,#6831,.T.);
#6831 = LINE('',#6832,#6833);
#6832 = CARTESIAN_POINT('',(20.25,0.25,5.));
#6833 = VECTOR('',#6834,1.);
#6834 = DIRECTION('',(-0.,0.,-1.));
#6835 = PLANE('',#6836);
#6836 = AXIS2_PLACEMENT_3D('',#6837,#6838,#6839);
#6837 = CARTESIAN_POINT('',(20.25,-1.132798289211E-15,0.8));
#6838 = DIRECTION('',(-1.,1.224646799147E-16,0.));
#6839 = DIRECTION('',(0.,0.,1.));
#6840 = ADVANCED_FACE('',(#6841),#6859,.F.);
#6841 = FACE_BOUND('',#6842,.F.);
#6842 = EDGE_LOOP('',(#6843,#6844,#6845,#6853));
#6843 = ORIENTED_EDGE('',*,*,#6830,.F.);
#6844 = ORIENTED_EDGE('',*,*,#4186,.F.);
#6845 = ORIENTED_EDGE('',*,*,#6846,.T.);
#6846 = EDGE_CURVE('',#4179,#6847,#6849,.T.);
#6847 = VERTEX_POINT('',#6848);
#6848 = CARTESIAN_POINT('',(19.75,0.25,-3.2));
#6849 = LINE('',#6850,#6851);
#6850 = CARTESIAN_POINT('',(19.75,0.25,5.));
#6851 = VECTOR('',#6852,1.);
#6852 = DIRECTION('',(-0.,0.,-1.));
#6853 = ORIENTED_EDGE('',*,*,#6854,.F.);
#6854 = EDGE_CURVE('',#6814,#6847,#6855,.T.);
#6855 = LINE('',#6856,#6857);
#6856 = CARTESIAN_POINT('',(20.25,0.25,-3.2));
#6857 = VECTOR('',#6858,1.);
#6858 = DIRECTION('',(-1.,1.224646799147E-16,0.));
#6859 = PLANE('',#6860);
#6860 = AXIS2_PLACEMENT_3D('',#6861,#6862,#6863);
#6861 = CARTESIAN_POINT('',(20.25,0.25,5.));
#6862 = DIRECTION('',(-1.224646799147E-16,-1.,0.));
#6863 = DIRECTION('',(-0.,0.,-1.));
#6864 = ADVANCED_FACE('',(#6865),#6883,.T.);
#6865 = FACE_BOUND('',#6866,.T.);
#6866 = EDGE_LOOP('',(#6867,#6875,#6881,#6882));
#6867 = ORIENTED_EDGE('',*,*,#6868,.T.);
#6868 = EDGE_CURVE('',#6847,#6869,#6871,.T.);
#6869 = VERTEX_POINT('',#6870);
#6870 = CARTESIAN_POINT('',(19.75,-0.25,-3.2));
#6871 = LINE('',#6872,#6873);
#6872 = CARTESIAN_POINT('',(19.75,0.25,-3.2));
#6873 = VECTOR('',#6874,1.);
#6874 = DIRECTION('',(-1.224646799147E-16,-1.,0.));
#6875 = ORIENTED_EDGE('',*,*,#6876,.T.);
#6876 = EDGE_CURVE('',#6869,#4171,#6877,.T.);
#6877 = LINE('',#6878,#6879);
#6878 = CARTESIAN_POINT('',(19.75,-0.25,-3.4));
#6879 = VECTOR('',#6880,1.);
#6880 = DIRECTION('',(0.,0.,1.));
#6881 = ORIENTED_EDGE('',*,*,#4178,.F.);
#6882 = ORIENTED_EDGE('',*,*,#6846,.T.);
#6883 = PLANE('',#6884);
#6884 = AXIS2_PLACEMENT_3D('',#6885,#6886,#6887);
#6885 = CARTESIAN_POINT('',(19.75,-1.071565949254E-15,0.8));
#6886 = DIRECTION('',(-1.,1.224646799147E-16,0.));
#6887 = DIRECTION('',(0.,0.,1.));
#6888 = ADVANCED_FACE('',(#6889),#6900,.F.);
#6889 = FACE_BOUND('',#6890,.F.);
#6890 = EDGE_LOOP('',(#6891,#6892,#6898,#6899));
#6891 = ORIENTED_EDGE('',*,*,#6823,.F.);
#6892 = ORIENTED_EDGE('',*,*,#6893,.T.);
#6893 = EDGE_CURVE('',#6816,#6869,#6894,.T.);
#6894 = LINE('',#6895,#6896);
#6895 = CARTESIAN_POINT('',(20.25,-0.25,-3.2));
#6896 = VECTOR('',#6897,1.);
#6897 = DIRECTION('',(-1.,1.224646799147E-16,0.));
#6898 = ORIENTED_EDGE('',*,*,#6876,.T.);
#6899 = ORIENTED_EDGE('',*,*,#4170,.F.);
#6900 = PLANE('',#6901);
#6901 = AXIS2_PLACEMENT_3D('',#6902,#6903,#6904);
#6902 = CARTESIAN_POINT('',(20.25,-0.25,-3.4));
#6903 = DIRECTION('',(1.224646799147E-16,1.,0.));
#6904 = DIRECTION('',(0.,-0.,1.));
#6905 = ADVANCED_FACE('',(#6906),#6947,.F.);
#6906 = FACE_BOUND('',#6907,.T.);
#6907 = EDGE_LOOP('',(#6908,#6918,#6924,#6925,#6933,#6941));
#6908 = ORIENTED_EDGE('',*,*,#6909,.T.);
#6909 = EDGE_CURVE('',#6910,#6912,#6914,.T.);
#6910 = VERTEX_POINT('',#6911);
#6911 = CARTESIAN_POINT('',(21.95,-5.E-02,-3.4));
#6912 = VERTEX_POINT('',#6913);
#6913 = CARTESIAN_POINT('',(21.752447406934,-0.218807485305,
    -3.202447406934));
#6914 = LINE('',#6915,#6916);
#6915 = CARTESIAN_POINT('',(21.983963101414,-2.097873708559E-02,
    -3.433963101414));
#6916 = VECTOR('',#6917,1.);
#6917 = DIRECTION('',(-0.605209817607,-0.517148096144,0.605209817607));
#6918 = ORIENTED_EDGE('',*,*,#6919,.T.);
#6919 = EDGE_CURVE('',#6912,#4232,#6920,.T.);
#6920 = LINE('',#6921,#6922);
#6921 = CARTESIAN_POINT('',(21.955198358413,-0.250820793434,
    -3.405198358413));
#6922 = VECTOR('',#6923,1.);
#6923 = DIRECTION('',(-0.702740385383,0.110959008218,0.702740385383));
#6924 = ORIENTED_EDGE('',*,*,#4229,.F.);
#6925 = ORIENTED_EDGE('',*,*,#6926,.F.);
#6926 = EDGE_CURVE('',#6927,#4230,#6929,.T.);
#6927 = VERTEX_POINT('',#6928);
#6928 = CARTESIAN_POINT('',(21.752447406934,0.281192514695,
    -3.202447406934));
#6929 = LINE('',#6930,#6931);
#6930 = CARTESIAN_POINT('',(21.493844049248,0.322024623803,
    -2.943844049248));
#6931 = VECTOR('',#6932,1.);
#6932 = DIRECTION('',(-0.702740385383,0.110959008218,0.702740385383));
#6933 = ORIENTED_EDGE('',*,*,#6934,.F.);
#6934 = EDGE_CURVE('',#6935,#6927,#6937,.T.);
#6935 = VERTEX_POINT('',#6936);
#6936 = CARTESIAN_POINT('',(21.95,5.E-02,-3.4));
#6937 = LINE('',#6938,#6939);
#6938 = CARTESIAN_POINT('',(21.895376695718,0.113924744707,
    -3.345376695718));
#6939 = VECTOR('',#6940,1.);
#6940 = DIRECTION('',(-0.544770019249,0.63753529491,0.544770019249));
#6941 = ORIENTED_EDGE('',*,*,#6942,.T.);
#6942 = EDGE_CURVE('',#6935,#6910,#6943,.T.);
#6943 = LINE('',#6944,#6945);
#6944 = CARTESIAN_POINT('',(21.95,0.25,-3.4));
#6945 = VECTOR('',#6946,1.);
#6946 = DIRECTION('',(-1.224646799147E-16,-1.,0.));
#6947 = PLANE('',#6948);
#6948 = AXIS2_PLACEMENT_3D('',#6949,#6950,#6951);
#6949 = CARTESIAN_POINT('',(21.85,0.25,-3.3));
#6950 = DIRECTION('',(0.707106781187,-8.833102285013E-17,0.707106781187)
  );
#6951 = DIRECTION('',(1.236918052038E-16,1.,1.227125289097E-18));
#6952 = ADVANCED_FACE('',(#6953),#6978,.F.);
#6953 = FACE_BOUND('',#6954,.F.);
#6954 = EDGE_LOOP('',(#6955,#6956,#6962,#6963,#6964,#6972));
#6955 = ORIENTED_EDGE('',*,*,#4358,.F.);
#6956 = ORIENTED_EDGE('',*,*,#6957,.T.);
#6957 = EDGE_CURVE('',#4351,#4271,#6958,.T.);
#6958 = LINE('',#6959,#6960);
#6959 = CARTESIAN_POINT('',(22.25,0.55,-1.5));
#6960 = VECTOR('',#6961,1.);
#6961 = DIRECTION('',(-1.,1.224646799147E-16,0.));
#6962 = ORIENTED_EDGE('',*,*,#4278,.T.);
#6963 = ORIENTED_EDGE('',*,*,#6926,.F.);
#6964 = ORIENTED_EDGE('',*,*,#6965,.F.);
#6965 = EDGE_CURVE('',#6966,#6927,#6968,.T.);
#6966 = VERTEX_POINT('',#6967);
#6967 = CARTESIAN_POINT('',(22.247552593066,0.281192514695,
    -3.202447406934));
#6968 = LINE('',#6969,#6970);
#6969 = CARTESIAN_POINT('',(22.25,0.281192514695,-3.202447406934));
#6970 = VECTOR('',#6971,1.);
#6971 = DIRECTION('',(-1.,1.224646799147E-16,0.));
#6972 = ORIENTED_EDGE('',*,*,#6973,.T.);
#6973 = EDGE_CURVE('',#6966,#4317,#6974,.T.);
#6974 = LINE('',#6975,#6976);
#6975 = CARTESIAN_POINT('',(22.629616963064,0.341518467852,
    -2.820383036936));
#6976 = VECTOR('',#6977,1.);
#6977 = DIRECTION('',(0.702740385383,0.110959008218,0.702740385383));
#6978 = PLANE('',#6979);
#6979 = AXIS2_PLACEMENT_3D('',#6980,#6981,#6982);
#6980 = CARTESIAN_POINT('',(22.25,0.55,-1.5));
#6981 = DIRECTION('',(-1.209660753807E-16,-0.987762965329,0.155962573473
    ));
#6982 = DIRECTION('',(-1.909990663905E-17,-0.155962573473,
    -0.987762965329));
#6983 = ADVANCED_FACE('',(#6984),#6990,.F.);
#6984 = FACE_BOUND('',#6985,.F.);
#6985 = EDGE_LOOP('',(#6986,#6987,#6988,#6989));
#6986 = ORIENTED_EDGE('',*,*,#4375,.T.);
#6987 = ORIENTED_EDGE('',*,*,#4270,.T.);
#6988 = ORIENTED_EDGE('',*,*,#6957,.F.);
#6989 = ORIENTED_EDGE('',*,*,#4350,.F.);
#6990 = PLANE('',#6991);
#6991 = AXIS2_PLACEMENT_3D('',#6992,#6993,#6994);
#6992 = CARTESIAN_POINT('',(22.25,0.25,-0.9));
#6993 = DIRECTION('',(-1.095357396528E-16,-0.894427191,-0.4472135955));
#6994 = DIRECTION('',(5.476786982641E-17,0.4472135955,-0.894427191));
#6995 = ADVANCED_FACE('',(#6996),#7007,.F.);
#6996 = FACE_BOUND('',#6997,.F.);
#6997 = EDGE_LOOP('',(#6998,#7004,#7005,#7006));
#6998 = ORIENTED_EDGE('',*,*,#6999,.T.);
#6999 = EDGE_CURVE('',#4327,#4240,#7000,.T.);
#7000 = LINE('',#7001,#7002);
#7001 = CARTESIAN_POINT('',(22.25,5.E-02,-1.5));
#7002 = VECTOR('',#7003,1.);
#7003 = DIRECTION('',(-1.,1.224646799147E-16,0.));
#7004 = ORIENTED_EDGE('',*,*,#4247,.T.);
#7005 = ORIENTED_EDGE('',*,*,#4300,.F.);
#7006 = ORIENTED_EDGE('',*,*,#4334,.F.);
#7007 = PLANE('',#7008);
#7008 = AXIS2_PLACEMENT_3D('',#7009,#7010,#7011);
#7009 = CARTESIAN_POINT('',(22.25,5.E-02,-1.5));
#7010 = DIRECTION('',(1.095357396528E-16,0.894427191,0.4472135955));
#7011 = DIRECTION('',(-5.476786982641E-17,-0.4472135955,0.894427191));
#7012 = ADVANCED_FACE('',(#7013),#7033,.F.);
#7013 = FACE_BOUND('',#7014,.F.);
#7014 = EDGE_LOOP('',(#7015,#7016,#7024,#7030,#7031,#7032));
#7015 = ORIENTED_EDGE('',*,*,#4326,.F.);
#7016 = ORIENTED_EDGE('',*,*,#7017,.F.);
#7017 = EDGE_CURVE('',#7018,#4319,#7020,.T.);
#7018 = VERTEX_POINT('',#7019);
#7019 = CARTESIAN_POINT('',(22.247552593066,-0.218807485305,
    -3.202447406934));
#7020 = LINE('',#7021,#7022);
#7021 = CARTESIAN_POINT('',(22.168262653899,-0.231326949384,
    -3.281737346101));
#7022 = VECTOR('',#7023,1.);
#7023 = DIRECTION('',(0.702740385383,0.110959008218,0.702740385383));
#7024 = ORIENTED_EDGE('',*,*,#7025,.T.);
#7025 = EDGE_CURVE('',#7018,#6912,#7026,.T.);
#7026 = LINE('',#7027,#7028);
#7027 = CARTESIAN_POINT('',(22.25,-0.218807485305,-3.202447406934));
#7028 = VECTOR('',#7029,1.);
#7029 = DIRECTION('',(-1.,1.224646799147E-16,0.));
#7030 = ORIENTED_EDGE('',*,*,#6919,.T.);
#7031 = ORIENTED_EDGE('',*,*,#4239,.T.);
#7032 = ORIENTED_EDGE('',*,*,#6999,.F.);
#7033 = PLANE('',#7034);
#7034 = AXIS2_PLACEMENT_3D('',#7035,#7036,#7037);
#7035 = CARTESIAN_POINT('',(22.25,-0.25,-3.4));
#7036 = DIRECTION('',(1.209660753807E-16,0.987762965329,-0.155962573473)
  );
#7037 = DIRECTION('',(1.909990663905E-17,0.155962573473,0.987762965329)
  );
#7038 = ADVANCED_FACE('',(#7039),#7066,.T.);
#7039 = FACE_BOUND('',#7040,.F.);
#7040 = EDGE_LOOP('',(#7041,#7049,#7050,#7051,#7052,#7060));
#7041 = ORIENTED_EDGE('',*,*,#7042,.T.);
#7042 = EDGE_CURVE('',#7043,#7018,#7045,.T.);
#7043 = VERTEX_POINT('',#7044);
#7044 = CARTESIAN_POINT('',(22.05,-5.E-02,-3.4));
#7045 = LINE('',#7046,#7047);
#7046 = CARTESIAN_POINT('',(22.107606629418,-9.922451332131E-02,
    -3.342393370582));
#7047 = VECTOR('',#7048,1.);
#7048 = DIRECTION('',(0.605209817607,-0.517148096144,0.605209817607));
#7049 = ORIENTED_EDGE('',*,*,#7017,.T.);
#7050 = ORIENTED_EDGE('',*,*,#4316,.F.);
#7051 = ORIENTED_EDGE('',*,*,#6973,.F.);
#7052 = ORIENTED_EDGE('',*,*,#7053,.F.);
#7053 = EDGE_CURVE('',#7054,#6966,#7056,.T.);
#7054 = VERTEX_POINT('',#7055);
#7055 = CARTESIAN_POINT('',(22.05,5.E-02,-3.4));
#7056 = LINE('',#7057,#7058);
#7057 = CARTESIAN_POINT('',(22.17881689775,0.200752273427,-3.27118310225
    ));
#7058 = VECTOR('',#7059,1.);
#7059 = DIRECTION('',(0.544770019249,0.63753529491,0.544770019249));
#7060 = ORIENTED_EDGE('',*,*,#7061,.T.);
#7061 = EDGE_CURVE('',#7054,#7043,#7062,.T.);
#7062 = LINE('',#7063,#7064);
#7063 = CARTESIAN_POINT('',(22.05,0.25,-3.4));
#7064 = VECTOR('',#7065,1.);
#7065 = DIRECTION('',(-1.224646799147E-16,-1.,0.));
#7066 = PLANE('',#7067);
#7067 = AXIS2_PLACEMENT_3D('',#7068,#7069,#7070);
#7068 = CARTESIAN_POINT('',(22.15,0.25,-3.3));
#7069 = DIRECTION('',(0.707106781187,-8.486018839685E-17,-0.707106781187
    ));
#7070 = DIRECTION('',(1.212375546256E-16,1.,1.227125289196E-18));
#7071 = ADVANCED_FACE('',(#7072),#7078,.F.);
#7072 = FACE_BOUND('',#7073,.F.);
#7073 = EDGE_LOOP('',(#7074,#7075,#7076,#7077));
#7074 = ORIENTED_EDGE('',*,*,#5083,.T.);
#7075 = ORIENTED_EDGE('',*,*,#5098,.T.);
#7076 = ORIENTED_EDGE('',*,*,#5122,.F.);
#7077 = ORIENTED_EDGE('',*,*,#4652,.F.);
#7078 = PLANE('',#7079);
#7079 = AXIS2_PLACEMENT_3D('',#7080,#7081,#7082);
#7080 = CARTESIAN_POINT('',(21.2,-2.,1.8));
#7081 = DIRECTION('',(-1.224646799147E-16,-1.,0.));
#7082 = DIRECTION('',(-1.,1.224646799147E-16,0.));
#7083 = ADVANCED_FACE('',(#7084),#7090,.F.);
#7084 = FACE_BOUND('',#7085,.F.);
#7085 = EDGE_LOOP('',(#7086,#7087,#7088,#7089));
#7086 = ORIENTED_EDGE('',*,*,#5148,.T.);
#7087 = ORIENTED_EDGE('',*,*,#5163,.T.);
#7088 = ORIENTED_EDGE('',*,*,#5187,.F.);
#7089 = ORIENTED_EDGE('',*,*,#4629,.F.);
#7090 = PLANE('',#7091);
#7091 = AXIS2_PLACEMENT_3D('',#7092,#7093,#7094);
#7092 = CARTESIAN_POINT('',(19.2,-2.,1.8));
#7093 = DIRECTION('',(-1.224646799147E-16,-1.,0.));
#7094 = DIRECTION('',(-1.,1.224646799147E-16,0.));
#7095 = ADVANCED_FACE('',(#7096),#7102,.F.);
#7096 = FACE_BOUND('',#7097,.F.);
#7097 = EDGE_LOOP('',(#7098,#7099,#7100,#7101));
#7098 = ORIENTED_EDGE('',*,*,#5733,.T.);
#7099 = ORIENTED_EDGE('',*,*,#5748,.T.);
#7100 = ORIENTED_EDGE('',*,*,#5772,.F.);
#7101 = ORIENTED_EDGE('',*,*,#4422,.F.);
#7102 = PLANE('',#7103);
#7103 = AXIS2_PLACEMENT_3D('',#7104,#7105,#7106);
#7104 = CARTESIAN_POINT('',(1.2,-2.,1.8));
#7105 = DIRECTION('',(-1.224646799147E-16,-1.,0.));
#7106 = DIRECTION('',(-1.,1.224646799147E-16,0.));
#7107 = ADVANCED_FACE('',(#7108),#7114,.F.);
#7108 = FACE_BOUND('',#7109,.F.);
#7109 = EDGE_LOOP('',(#7110,#7111,#7112,#7113));
#7110 = ORIENTED_EDGE('',*,*,#5213,.T.);
#7111 = ORIENTED_EDGE('',*,*,#5228,.T.);
#7112 = ORIENTED_EDGE('',*,*,#5252,.F.);
#7113 = ORIENTED_EDGE('',*,*,#4606,.F.);
#7114 = PLANE('',#7115);
#7115 = AXIS2_PLACEMENT_3D('',#7116,#7117,#7118);
#7116 = CARTESIAN_POINT('',(17.2,-2.,1.8));
#7117 = DIRECTION('',(-1.224646799147E-16,-1.,0.));
#7118 = DIRECTION('',(-1.,1.224646799147E-16,0.));
#7119 = ADVANCED_FACE('',(#7120),#7126,.F.);
#7120 = FACE_BOUND('',#7121,.F.);
#7121 = EDGE_LOOP('',(#7122,#7123,#7124,#7125));
#7122 = ORIENTED_EDGE('',*,*,#5668,.T.);
#7123 = ORIENTED_EDGE('',*,*,#5683,.T.);
#7124 = ORIENTED_EDGE('',*,*,#5707,.F.);
#7125 = ORIENTED_EDGE('',*,*,#4445,.F.);
#7126 = PLANE('',#7127);
#7127 = AXIS2_PLACEMENT_3D('',#7128,#7129,#7130);
#7128 = CARTESIAN_POINT('',(3.2,-2.,1.8));
#7129 = DIRECTION('',(-1.224646799147E-16,-1.,0.));
#7130 = DIRECTION('',(-1.,1.224646799147E-16,0.));
#7131 = ADVANCED_FACE('',(#7132),#7138,.F.);
#7132 = FACE_BOUND('',#7133,.F.);
#7133 = EDGE_LOOP('',(#7134,#7135,#7136,#7137));
#7134 = ORIENTED_EDGE('',*,*,#5278,.T.);
#7135 = ORIENTED_EDGE('',*,*,#5293,.T.);
#7136 = ORIENTED_EDGE('',*,*,#5317,.F.);
#7137 = ORIENTED_EDGE('',*,*,#4583,.F.);
#7138 = PLANE('',#7139);
#7139 = AXIS2_PLACEMENT_3D('',#7140,#7141,#7142);
#7140 = CARTESIAN_POINT('',(15.2,-2.,1.8));
#7141 = DIRECTION('',(-1.224646799147E-16,-1.,0.));
#7142 = DIRECTION('',(-1.,1.224646799147E-16,0.));
#7143 = ADVANCED_FACE('',(#7144),#7150,.F.);
#7144 = FACE_BOUND('',#7145,.F.);
#7145 = EDGE_LOOP('',(#7146,#7147,#7148,#7149));
#7146 = ORIENTED_EDGE('',*,*,#5603,.T.);
#7147 = ORIENTED_EDGE('',*,*,#5618,.T.);
#7148 = ORIENTED_EDGE('',*,*,#5642,.F.);
#7149 = ORIENTED_EDGE('',*,*,#4468,.F.);
#7150 = PLANE('',#7151);
#7151 = AXIS2_PLACEMENT_3D('',#7152,#7153,#7154);
#7152 = CARTESIAN_POINT('',(5.2,-2.,1.8));
#7153 = DIRECTION('',(-1.224646799147E-16,-1.,0.));
#7154 = DIRECTION('',(-1.,1.224646799147E-16,0.));
#7155 = ADVANCED_FACE('',(#7156),#7162,.F.);
#7156 = FACE_BOUND('',#7157,.F.);
#7157 = EDGE_LOOP('',(#7158,#7159,#7160,#7161));
#7158 = ORIENTED_EDGE('',*,*,#5343,.T.);
#7159 = ORIENTED_EDGE('',*,*,#5358,.T.);
#7160 = ORIENTED_EDGE('',*,*,#5382,.F.);
#7161 = ORIENTED_EDGE('',*,*,#4560,.F.);
#7162 = PLANE('',#7163);
#7163 = AXIS2_PLACEMENT_3D('',#7164,#7165,#7166);
#7164 = CARTESIAN_POINT('',(13.2,-2.,1.8));
#7165 = DIRECTION('',(-1.224646799147E-16,-1.,0.));
#7166 = DIRECTION('',(-1.,1.224646799147E-16,0.));
#7167 = ADVANCED_FACE('',(#7168),#7174,.F.);
#7168 = FACE_BOUND('',#7169,.F.);
#7169 = EDGE_LOOP('',(#7170,#7171,#7172,#7173));
#7170 = ORIENTED_EDGE('',*,*,#5538,.T.);
#7171 = ORIENTED_EDGE('',*,*,#5553,.T.);
#7172 = ORIENTED_EDGE('',*,*,#5577,.F.);
#7173 = ORIENTED_EDGE('',*,*,#4491,.F.);
#7174 = PLANE('',#7175);
#7175 = AXIS2_PLACEMENT_3D('',#7176,#7177,#7178);
#7176 = CARTESIAN_POINT('',(7.2,-2.,1.8));
#7177 = DIRECTION('',(-1.224646799147E-16,-1.,0.));
#7178 = DIRECTION('',(-1.,1.224646799147E-16,0.));
#7179 = ADVANCED_FACE('',(#7180),#7186,.F.);
#7180 = FACE_BOUND('',#7181,.F.);
#7181 = EDGE_LOOP('',(#7182,#7183,#7184,#7185));
#7182 = ORIENTED_EDGE('',*,*,#5408,.T.);
#7183 = ORIENTED_EDGE('',*,*,#5423,.T.);
#7184 = ORIENTED_EDGE('',*,*,#5447,.F.);
#7185 = ORIENTED_EDGE('',*,*,#4537,.F.);
#7186 = PLANE('',#7187);
#7187 = AXIS2_PLACEMENT_3D('',#7188,#7189,#7190);
#7188 = CARTESIAN_POINT('',(11.2,-2.,1.8));
#7189 = DIRECTION('',(-1.224646799147E-16,-1.,0.));
#7190 = DIRECTION('',(-1.,1.224646799147E-16,0.));
#7191 = ADVANCED_FACE('',(#7192),#7198,.F.);
#7192 = FACE_BOUND('',#7193,.F.);
#7193 = EDGE_LOOP('',(#7194,#7195,#7196,#7197));
#7194 = ORIENTED_EDGE('',*,*,#5473,.T.);
#7195 = ORIENTED_EDGE('',*,*,#5488,.T.);
#7196 = ORIENTED_EDGE('',*,*,#5512,.F.);
#7197 = ORIENTED_EDGE('',*,*,#4514,.F.);
#7198 = PLANE('',#7199);
#7199 = AXIS2_PLACEMENT_3D('',#7200,#7201,#7202);
#7200 = CARTESIAN_POINT('',(9.2,-2.,1.8));
#7201 = DIRECTION('',(-1.224646799147E-16,-1.,0.));
#7202 = DIRECTION('',(-1.,1.224646799147E-16,0.));
#7203 = ADVANCED_FACE('',(#7204),#7229,.F.);
#7204 = FACE_BOUND('',#7205,.F.);
#7205 = EDGE_LOOP('',(#7206,#7207,#7215,#7223));
#7206 = ORIENTED_EDGE('',*,*,#4660,.T.);
#7207 = ORIENTED_EDGE('',*,*,#7208,.T.);
#7208 = EDGE_CURVE('',#4663,#7209,#7211,.T.);
#7209 = VERTEX_POINT('',#7210);
#7210 = CARTESIAN_POINT('',(20.25,-0.25,4.8));
#7211 = LINE('',#7212,#7213);
#7212 = CARTESIAN_POINT('',(20.25,-0.25,-3.4));
#7213 = VECTOR('',#7214,1.);
#7214 = DIRECTION('',(0.,0.,1.));
#7215 = ORIENTED_EDGE('',*,*,#7216,.T.);
#7216 = EDGE_CURVE('',#7209,#7217,#7219,.T.);
#7217 = VERTEX_POINT('',#7218);
#7218 = CARTESIAN_POINT('',(20.25,0.25,4.8));
#7219 = LINE('',#7220,#7221);
#7220 = CARTESIAN_POINT('',(20.25,-0.25,4.8));
#7221 = VECTOR('',#7222,1.);
#7222 = DIRECTION('',(1.224646799147E-16,1.,0.));
#7223 = ORIENTED_EDGE('',*,*,#7224,.T.);
#7224 = EDGE_CURVE('',#7217,#4661,#7225,.T.);
#7225 = LINE('',#7226,#7227);
#7226 = CARTESIAN_POINT('',(20.25,0.25,5.));
#7227 = VECTOR('',#7228,1.);
#7228 = DIRECTION('',(-0.,0.,-1.));
#7229 = PLANE('',#7230);
#7230 = AXIS2_PLACEMENT_3D('',#7231,#7232,#7233);
#7231 = CARTESIAN_POINT('',(20.25,-1.132798289211E-15,0.8));
#7232 = DIRECTION('',(-1.,1.224646799147E-16,0.));
#7233 = DIRECTION('',(0.,0.,1.));
#7234 = ADVANCED_FACE('',(#7235),#7253,.F.);
#7235 = FACE_BOUND('',#7236,.F.);
#7236 = EDGE_LOOP('',(#7237,#7238,#7246,#7252));
#7237 = ORIENTED_EDGE('',*,*,#7224,.F.);
#7238 = ORIENTED_EDGE('',*,*,#7239,.T.);
#7239 = EDGE_CURVE('',#7217,#7240,#7242,.T.);
#7240 = VERTEX_POINT('',#7241);
#7241 = CARTESIAN_POINT('',(19.75,0.25,4.8));
#7242 = LINE('',#7243,#7244);
#7243 = CARTESIAN_POINT('',(20.25,0.25,4.8));
#7244 = VECTOR('',#7245,1.);
#7245 = DIRECTION('',(-1.,1.224646799147E-16,0.));
#7246 = ORIENTED_EDGE('',*,*,#7247,.T.);
#7247 = EDGE_CURVE('',#7240,#4679,#7248,.T.);
#7248 = LINE('',#7249,#7250);
#7249 = CARTESIAN_POINT('',(19.75,0.25,5.));
#7250 = VECTOR('',#7251,1.);
#7251 = DIRECTION('',(-0.,0.,-1.));
#7252 = ORIENTED_EDGE('',*,*,#4686,.T.);
#7253 = PLANE('',#7254);
#7254 = AXIS2_PLACEMENT_3D('',#7255,#7256,#7257);
#7255 = CARTESIAN_POINT('',(20.25,0.25,5.));
#7256 = DIRECTION('',(-1.224646799147E-16,-1.,0.));
#7257 = DIRECTION('',(-0.,0.,-1.));
#7258 = ADVANCED_FACE('',(#7259),#7277,.T.);
#7259 = FACE_BOUND('',#7260,.T.);
#7260 = EDGE_LOOP('',(#7261,#7262,#7270,#7276));
#7261 = ORIENTED_EDGE('',*,*,#4678,.T.);
#7262 = ORIENTED_EDGE('',*,*,#7263,.T.);
#7263 = EDGE_CURVE('',#4671,#7264,#7266,.T.);
#7264 = VERTEX_POINT('',#7265);
#7265 = CARTESIAN_POINT('',(19.75,-0.25,4.8));
#7266 = LINE('',#7267,#7268);
#7267 = CARTESIAN_POINT('',(19.75,-0.25,-3.4));
#7268 = VECTOR('',#7269,1.);
#7269 = DIRECTION('',(0.,0.,1.));
#7270 = ORIENTED_EDGE('',*,*,#7271,.T.);
#7271 = EDGE_CURVE('',#7264,#7240,#7272,.T.);
#7272 = LINE('',#7273,#7274);
#7273 = CARTESIAN_POINT('',(19.75,-0.25,4.8));
#7274 = VECTOR('',#7275,1.);
#7275 = DIRECTION('',(1.224646799147E-16,1.,0.));
#7276 = ORIENTED_EDGE('',*,*,#7247,.T.);
#7277 = PLANE('',#7278);
#7278 = AXIS2_PLACEMENT_3D('',#7279,#7280,#7281);
#7279 = CARTESIAN_POINT('',(19.75,-1.071565949254E-15,0.8));
#7280 = DIRECTION('',(-1.,1.224646799147E-16,0.));
#7281 = DIRECTION('',(0.,0.,1.));
#7282 = ADVANCED_FACE('',(#7283),#7294,.F.);
#7283 = FACE_BOUND('',#7284,.F.);
#7284 = EDGE_LOOP('',(#7285,#7286,#7287,#7288));
#7285 = ORIENTED_EDGE('',*,*,#7208,.F.);
#7286 = ORIENTED_EDGE('',*,*,#4670,.T.);
#7287 = ORIENTED_EDGE('',*,*,#7263,.T.);
#7288 = ORIENTED_EDGE('',*,*,#7289,.F.);
#7289 = EDGE_CURVE('',#7209,#7264,#7290,.T.);
#7290 = LINE('',#7291,#7292);
#7291 = CARTESIAN_POINT('',(20.25,-0.25,4.8));
#7292 = VECTOR('',#7293,1.);
#7293 = DIRECTION('',(-1.,1.224646799147E-16,0.));
#7294 = PLANE('',#7295);
#7295 = AXIS2_PLACEMENT_3D('',#7296,#7297,#7298);
#7296 = CARTESIAN_POINT('',(20.25,-0.25,-3.4));
#7297 = DIRECTION('',(1.224646799147E-16,1.,0.));
#7298 = DIRECTION('',(0.,-0.,1.));
#7299 = ADVANCED_FACE('',(#7300),#7325,.T.);
#7300 = FACE_BOUND('',#7301,.T.);
#7301 = EDGE_LOOP('',(#7302,#7303,#7311,#7319));
#7302 = ORIENTED_EDGE('',*,*,#4694,.T.);
#7303 = ORIENTED_EDGE('',*,*,#7304,.T.);
#7304 = EDGE_CURVE('',#4697,#7305,#7307,.T.);
#7305 = VERTEX_POINT('',#7306);
#7306 = CARTESIAN_POINT('',(17.75,-0.25,4.8));
#7307 = LINE('',#7308,#7309);
#7308 = CARTESIAN_POINT('',(17.75,-0.25,-3.4));
#7309 = VECTOR('',#7310,1.);
#7310 = DIRECTION('',(0.,0.,1.));
#7311 = ORIENTED_EDGE('',*,*,#7312,.T.);
#7312 = EDGE_CURVE('',#7305,#7313,#7315,.T.);
#7313 = VERTEX_POINT('',#7314);
#7314 = CARTESIAN_POINT('',(17.75,0.25,4.8));
#7315 = LINE('',#7316,#7317);
#7316 = CARTESIAN_POINT('',(17.75,-0.25,4.8));
#7317 = VECTOR('',#7318,1.);
#7318 = DIRECTION('',(1.224646799147E-16,1.,0.));
#7319 = ORIENTED_EDGE('',*,*,#7320,.T.);
#7320 = EDGE_CURVE('',#7313,#4695,#7321,.T.);
#7321 = LINE('',#7322,#7323);
#7322 = CARTESIAN_POINT('',(17.75,0.25,5.));
#7323 = VECTOR('',#7324,1.);
#7324 = DIRECTION('',(-0.,0.,-1.));
#7325 = PLANE('',#7326);
#7326 = AXIS2_PLACEMENT_3D('',#7327,#7328,#7329);
#7327 = CARTESIAN_POINT('',(17.75,-8.266365894245E-16,0.8));
#7328 = DIRECTION('',(-1.,1.224646799147E-16,0.));
#7329 = DIRECTION('',(0.,0.,1.));
#7330 = ADVANCED_FACE('',(#7331),#7349,.F.);
#7331 = FACE_BOUND('',#7332,.F.);
#7332 = EDGE_LOOP('',(#7333,#7341,#7342,#7343));
#7333 = ORIENTED_EDGE('',*,*,#7334,.F.);
#7334 = EDGE_CURVE('',#4713,#7335,#7337,.T.);
#7335 = VERTEX_POINT('',#7336);
#7336 = CARTESIAN_POINT('',(18.25,-0.25,4.8));
#7337 = LINE('',#7338,#7339);
#7338 = CARTESIAN_POINT('',(18.25,-0.25,-3.4));
#7339 = VECTOR('',#7340,1.);
#7340 = DIRECTION('',(0.,0.,1.));
#7341 = ORIENTED_EDGE('',*,*,#4720,.T.);
#7342 = ORIENTED_EDGE('',*,*,#7304,.T.);
#7343 = ORIENTED_EDGE('',*,*,#7344,.F.);
#7344 = EDGE_CURVE('',#7335,#7305,#7345,.T.);
#7345 = LINE('',#7346,#7347);
#7346 = CARTESIAN_POINT('',(18.25,-0.25,4.8));
#7347 = VECTOR('',#7348,1.);
#7348 = DIRECTION('',(-1.,1.224646799147E-16,0.));
#7349 = PLANE('',#7350);
#7350 = AXIS2_PLACEMENT_3D('',#7351,#7352,#7353);
#7351 = CARTESIAN_POINT('',(18.25,-0.25,-3.4));
#7352 = DIRECTION('',(1.224646799147E-16,1.,0.));
#7353 = DIRECTION('',(0.,-0.,1.));
#7354 = ADVANCED_FACE('',(#7355),#7373,.F.);
#7355 = FACE_BOUND('',#7356,.F.);
#7356 = EDGE_LOOP('',(#7357,#7358,#7359,#7367));
#7357 = ORIENTED_EDGE('',*,*,#4712,.T.);
#7358 = ORIENTED_EDGE('',*,*,#7334,.T.);
#7359 = ORIENTED_EDGE('',*,*,#7360,.T.);
#7360 = EDGE_CURVE('',#7335,#7361,#7363,.T.);
#7361 = VERTEX_POINT('',#7362);
#7362 = CARTESIAN_POINT('',(18.25,0.25,4.8));
#7363 = LINE('',#7364,#7365);
#7364 = CARTESIAN_POINT('',(18.25,-0.25,4.8));
#7365 = VECTOR('',#7366,1.);
#7366 = DIRECTION('',(1.224646799147E-16,1.,0.));
#7367 = ORIENTED_EDGE('',*,*,#7368,.T.);
#7368 = EDGE_CURVE('',#7361,#4705,#7369,.T.);
#7369 = LINE('',#7370,#7371);
#7370 = CARTESIAN_POINT('',(18.25,0.25,5.));
#7371 = VECTOR('',#7372,1.);
#7372 = DIRECTION('',(-0.,0.,-1.));
#7373 = PLANE('',#7374);
#7374 = AXIS2_PLACEMENT_3D('',#7375,#7376,#7377);
#7375 = CARTESIAN_POINT('',(18.25,-8.878689293818E-16,0.8));
#7376 = DIRECTION('',(-1.,1.224646799147E-16,0.));
#7377 = DIRECTION('',(0.,0.,1.));
#7378 = ADVANCED_FACE('',(#7379),#7390,.F.);
#7379 = FACE_BOUND('',#7380,.F.);
#7380 = EDGE_LOOP('',(#7381,#7382,#7388,#7389));
#7381 = ORIENTED_EDGE('',*,*,#7368,.F.);
#7382 = ORIENTED_EDGE('',*,*,#7383,.T.);
#7383 = EDGE_CURVE('',#7361,#7313,#7384,.T.);
#7384 = LINE('',#7385,#7386);
#7385 = CARTESIAN_POINT('',(18.25,0.25,4.8));
#7386 = VECTOR('',#7387,1.);
#7387 = DIRECTION('',(-1.,1.224646799147E-16,0.));
#7388 = ORIENTED_EDGE('',*,*,#7320,.T.);
#7389 = ORIENTED_EDGE('',*,*,#4704,.T.);
#7390 = PLANE('',#7391);
#7391 = AXIS2_PLACEMENT_3D('',#7392,#7393,#7394);
#7392 = CARTESIAN_POINT('',(18.25,0.25,5.));
#7393 = DIRECTION('',(-1.224646799147E-16,-1.,0.));
#7394 = DIRECTION('',(-0.,0.,-1.));
#7395 = ADVANCED_FACE('',(#7396),#7421,.T.);
#7396 = FACE_BOUND('',#7397,.T.);
#7397 = EDGE_LOOP('',(#7398,#7399,#7407,#7415));
#7398 = ORIENTED_EDGE('',*,*,#4728,.T.);
#7399 = ORIENTED_EDGE('',*,*,#7400,.T.);
#7400 = EDGE_CURVE('',#4731,#7401,#7403,.T.);
#7401 = VERTEX_POINT('',#7402);
#7402 = CARTESIAN_POINT('',(13.75,-0.25,4.8));
#7403 = LINE('',#7404,#7405);
#7404 = CARTESIAN_POINT('',(13.75,-0.25,-3.4));
#7405 = VECTOR('',#7406,1.);
#7406 = DIRECTION('',(0.,0.,1.));
#7407 = ORIENTED_EDGE('',*,*,#7408,.T.);
#7408 = EDGE_CURVE('',#7401,#7409,#7411,.T.);
#7409 = VERTEX_POINT('',#7410);
#7410 = CARTESIAN_POINT('',(13.75,0.25,4.8));
#7411 = LINE('',#7412,#7413);
#7412 = CARTESIAN_POINT('',(13.75,-0.25,4.8));
#7413 = VECTOR('',#7414,1.);
#7414 = DIRECTION('',(1.224646799147E-16,1.,0.));
#7415 = ORIENTED_EDGE('',*,*,#7416,.T.);
#7416 = EDGE_CURVE('',#7409,#4729,#7417,.T.);
#7417 = LINE('',#7418,#7419);
#7418 = CARTESIAN_POINT('',(13.75,0.25,5.));
#7419 = VECTOR('',#7420,1.);
#7420 = DIRECTION('',(-0.,0.,-1.));
#7421 = PLANE('',#7422);
#7422 = AXIS2_PLACEMENT_3D('',#7423,#7424,#7425);
#7423 = CARTESIAN_POINT('',(13.75,-3.367778697655E-16,0.8));
#7424 = DIRECTION('',(-1.,1.224646799147E-16,0.));
#7425 = DIRECTION('',(0.,0.,1.));
#7426 = ADVANCED_FACE('',(#7427),#7445,.F.);
#7427 = FACE_BOUND('',#7428,.F.);
#7428 = EDGE_LOOP('',(#7429,#7437,#7438,#7439));
#7429 = ORIENTED_EDGE('',*,*,#7430,.F.);
#7430 = EDGE_CURVE('',#4747,#7431,#7433,.T.);
#7431 = VERTEX_POINT('',#7432);
#7432 = CARTESIAN_POINT('',(14.25,-0.25,4.8));
#7433 = LINE('',#7434,#7435);
#7434 = CARTESIAN_POINT('',(14.25,-0.25,-3.4));
#7435 = VECTOR('',#7436,1.);
#7436 = DIRECTION('',(0.,0.,1.));
#7437 = ORIENTED_EDGE('',*,*,#4754,.T.);
#7438 = ORIENTED_EDGE('',*,*,#7400,.T.);
#7439 = ORIENTED_EDGE('',*,*,#7440,.F.);
#7440 = EDGE_CURVE('',#7431,#7401,#7441,.T.);
#7441 = LINE('',#7442,#7443);
#7442 = CARTESIAN_POINT('',(14.25,-0.25,4.8));
#7443 = VECTOR('',#7444,1.);
#7444 = DIRECTION('',(-1.,1.224646799147E-16,0.));
#7445 = PLANE('',#7446);
#7446 = AXIS2_PLACEMENT_3D('',#7447,#7448,#7449);
#7447 = CARTESIAN_POINT('',(14.25,-0.25,-3.4));
#7448 = DIRECTION('',(1.224646799147E-16,1.,0.));
#7449 = DIRECTION('',(0.,-0.,1.));
#7450 = ADVANCED_FACE('',(#7451),#7469,.F.);
#7451 = FACE_BOUND('',#7452,.F.);
#7452 = EDGE_LOOP('',(#7453,#7454,#7455,#7463));
#7453 = ORIENTED_EDGE('',*,*,#4746,.T.);
#7454 = ORIENTED_EDGE('',*,*,#7430,.T.);
#7455 = ORIENTED_EDGE('',*,*,#7456,.T.);
#7456 = EDGE_CURVE('',#7431,#7457,#7459,.T.);
#7457 = VERTEX_POINT('',#7458);
#7458 = CARTESIAN_POINT('',(14.25,0.25,4.8));
#7459 = LINE('',#7460,#7461);
#7460 = CARTESIAN_POINT('',(14.25,-0.25,4.8));
#7461 = VECTOR('',#7462,1.);
#7462 = DIRECTION('',(1.224646799147E-16,1.,0.));
#7463 = ORIENTED_EDGE('',*,*,#7464,.T.);
#7464 = EDGE_CURVE('',#7457,#4739,#7465,.T.);
#7465 = LINE('',#7466,#7467);
#7466 = CARTESIAN_POINT('',(14.25,0.25,5.));
#7467 = VECTOR('',#7468,1.);
#7468 = DIRECTION('',(-0.,0.,-1.));
#7469 = PLANE('',#7470);
#7470 = AXIS2_PLACEMENT_3D('',#7471,#7472,#7473);
#7471 = CARTESIAN_POINT('',(14.25,-3.980102097229E-16,0.8));
#7472 = DIRECTION('',(-1.,1.224646799147E-16,0.));
#7473 = DIRECTION('',(0.,0.,1.));
#7474 = ADVANCED_FACE('',(#7475),#7486,.F.);
#7475 = FACE_BOUND('',#7476,.F.);
#7476 = EDGE_LOOP('',(#7477,#7478,#7484,#7485));
#7477 = ORIENTED_EDGE('',*,*,#7464,.F.);
#7478 = ORIENTED_EDGE('',*,*,#7479,.T.);
#7479 = EDGE_CURVE('',#7457,#7409,#7480,.T.);
#7480 = LINE('',#7481,#7482);
#7481 = CARTESIAN_POINT('',(14.25,0.25,4.8));
#7482 = VECTOR('',#7483,1.);
#7483 = DIRECTION('',(-1.,1.224646799147E-16,0.));
#7484 = ORIENTED_EDGE('',*,*,#7416,.T.);
#7485 = ORIENTED_EDGE('',*,*,#4738,.T.);
#7486 = PLANE('',#7487);
#7487 = AXIS2_PLACEMENT_3D('',#7488,#7489,#7490);
#7488 = CARTESIAN_POINT('',(14.25,0.25,5.));
#7489 = DIRECTION('',(-1.224646799147E-16,-1.,0.));
#7490 = DIRECTION('',(-0.,0.,-1.));
#7491 = ADVANCED_FACE('',(#7492),#7517,.F.);
#7492 = FACE_BOUND('',#7493,.F.);
#7493 = EDGE_LOOP('',(#7494,#7495,#7503,#7511));
#7494 = ORIENTED_EDGE('',*,*,#4762,.T.);
#7495 = ORIENTED_EDGE('',*,*,#7496,.T.);
#7496 = EDGE_CURVE('',#4765,#7497,#7499,.T.);
#7497 = VERTEX_POINT('',#7498);
#7498 = CARTESIAN_POINT('',(16.25,-0.25,4.8));
#7499 = LINE('',#7500,#7501);
#7500 = CARTESIAN_POINT('',(16.25,-0.25,-3.4));
#7501 = VECTOR('',#7502,1.);
#7502 = DIRECTION('',(0.,0.,1.));
#7503 = ORIENTED_EDGE('',*,*,#7504,.T.);
#7504 = EDGE_CURVE('',#7497,#7505,#7507,.T.);
#7505 = VERTEX_POINT('',#7506);
#7506 = CARTESIAN_POINT('',(16.25,0.25,4.8));
#7507 = LINE('',#7508,#7509);
#7508 = CARTESIAN_POINT('',(16.25,-0.25,4.8));
#7509 = VECTOR('',#7510,1.);
#7510 = DIRECTION('',(1.224646799147E-16,1.,0.));
#7511 = ORIENTED_EDGE('',*,*,#7512,.T.);
#7512 = EDGE_CURVE('',#7505,#4763,#7513,.T.);
#7513 = LINE('',#7514,#7515);
#7514 = CARTESIAN_POINT('',(16.25,0.25,5.));
#7515 = VECTOR('',#7516,1.);
#7516 = DIRECTION('',(-0.,0.,-1.));
#7517 = PLANE('',#7518);
#7518 = AXIS2_PLACEMENT_3D('',#7519,#7520,#7521);
#7519 = CARTESIAN_POINT('',(16.25,-6.429395695524E-16,0.8));
#7520 = DIRECTION('',(-1.,1.224646799147E-16,0.));
#7521 = DIRECTION('',(0.,0.,1.));
#7522 = ADVANCED_FACE('',(#7523),#7541,.F.);
#7523 = FACE_BOUND('',#7524,.F.);
#7524 = EDGE_LOOP('',(#7525,#7526,#7534,#7540));
#7525 = ORIENTED_EDGE('',*,*,#7512,.F.);
#7526 = ORIENTED_EDGE('',*,*,#7527,.T.);
#7527 = EDGE_CURVE('',#7505,#7528,#7530,.T.);
#7528 = VERTEX_POINT('',#7529);
#7529 = CARTESIAN_POINT('',(15.75,0.25,4.8));
#7530 = LINE('',#7531,#7532);
#7531 = CARTESIAN_POINT('',(16.25,0.25,4.8));
#7532 = VECTOR('',#7533,1.);
#7533 = DIRECTION('',(-1.,1.224646799147E-16,0.));
#7534 = ORIENTED_EDGE('',*,*,#7535,.T.);
#7535 = EDGE_CURVE('',#7528,#4781,#7536,.T.);
#7536 = LINE('',#7537,#7538);
#7537 = CARTESIAN_POINT('',(15.75,0.25,5.));
#7538 = VECTOR('',#7539,1.);
#7539 = DIRECTION('',(-0.,0.,-1.));
#7540 = ORIENTED_EDGE('',*,*,#4788,.T.);
#7541 = PLANE('',#7542);
#7542 = AXIS2_PLACEMENT_3D('',#7543,#7544,#7545);
#7543 = CARTESIAN_POINT('',(16.25,0.25,5.));
#7544 = DIRECTION('',(-1.224646799147E-16,-1.,0.));
#7545 = DIRECTION('',(-0.,0.,-1.));
#7546 = ADVANCED_FACE('',(#7547),#7565,.T.);
#7547 = FACE_BOUND('',#7548,.T.);
#7548 = EDGE_LOOP('',(#7549,#7550,#7558,#7564));
#7549 = ORIENTED_EDGE('',*,*,#4780,.T.);
#7550 = ORIENTED_EDGE('',*,*,#7551,.T.);
#7551 = EDGE_CURVE('',#4773,#7552,#7554,.T.);
#7552 = VERTEX_POINT('',#7553);
#7553 = CARTESIAN_POINT('',(15.75,-0.25,4.8));
#7554 = LINE('',#7555,#7556);
#7555 = CARTESIAN_POINT('',(15.75,-0.25,-3.4));
#7556 = VECTOR('',#7557,1.);
#7557 = DIRECTION('',(0.,0.,1.));
#7558 = ORIENTED_EDGE('',*,*,#7559,.T.);
#7559 = EDGE_CURVE('',#7552,#7528,#7560,.T.);
#7560 = LINE('',#7561,#7562);
#7561 = CARTESIAN_POINT('',(15.75,-0.25,4.8));
#7562 = VECTOR('',#7563,1.);
#7563 = DIRECTION('',(1.224646799147E-16,1.,0.));
#7564 = ORIENTED_EDGE('',*,*,#7535,.T.);
#7565 = PLANE('',#7566);
#7566 = AXIS2_PLACEMENT_3D('',#7567,#7568,#7569);
#7567 = CARTESIAN_POINT('',(15.75,-5.81707229595E-16,0.8));
#7568 = DIRECTION('',(-1.,1.224646799147E-16,0.));
#7569 = DIRECTION('',(0.,0.,1.));
#7570 = ADVANCED_FACE('',(#7571),#7582,.F.);
#7571 = FACE_BOUND('',#7572,.F.);
#7572 = EDGE_LOOP('',(#7573,#7574,#7575,#7576));
#7573 = ORIENTED_EDGE('',*,*,#7496,.F.);
#7574 = ORIENTED_EDGE('',*,*,#4772,.T.);
#7575 = ORIENTED_EDGE('',*,*,#7551,.T.);
#7576 = ORIENTED_EDGE('',*,*,#7577,.F.);
#7577 = EDGE_CURVE('',#7497,#7552,#7578,.T.);
#7578 = LINE('',#7579,#7580);
#7579 = CARTESIAN_POINT('',(16.25,-0.25,4.8));
#7580 = VECTOR('',#7581,1.);
#7581 = DIRECTION('',(-1.,1.224646799147E-16,0.));
#7582 = PLANE('',#7583);
#7583 = AXIS2_PLACEMENT_3D('',#7584,#7585,#7586);
#7584 = CARTESIAN_POINT('',(16.25,-0.25,-3.4));
#7585 = DIRECTION('',(1.224646799147E-16,1.,0.));
#7586 = DIRECTION('',(0.,-0.,1.));
#7587 = ADVANCED_FACE('',(#7588),#7613,.F.);
#7588 = FACE_BOUND('',#7589,.F.);
#7589 = EDGE_LOOP('',(#7590,#7591,#7599,#7607));
#7590 = ORIENTED_EDGE('',*,*,#4796,.T.);
#7591 = ORIENTED_EDGE('',*,*,#7592,.T.);
#7592 = EDGE_CURVE('',#4799,#7593,#7595,.T.);
#7593 = VERTEX_POINT('',#7594);
#7594 = CARTESIAN_POINT('',(6.25,-0.25,4.8));
#7595 = LINE('',#7596,#7597);
#7596 = CARTESIAN_POINT('',(6.25,-0.25,-3.4));
#7597 = VECTOR('',#7598,1.);
#7598 = DIRECTION('',(0.,0.,1.));
#7599 = ORIENTED_EDGE('',*,*,#7600,.T.);
#7600 = EDGE_CURVE('',#7593,#7601,#7603,.T.);
#7601 = VERTEX_POINT('',#7602);
#7602 = CARTESIAN_POINT('',(6.25,0.25,4.8));
#7603 = LINE('',#7604,#7605);
#7604 = CARTESIAN_POINT('',(6.25,-0.25,4.8));
#7605 = VECTOR('',#7606,1.);
#7606 = DIRECTION('',(1.224646799147E-16,1.,0.));
#7607 = ORIENTED_EDGE('',*,*,#7608,.T.);
#7608 = EDGE_CURVE('',#7601,#4797,#7609,.T.);
#7609 = LINE('',#7610,#7611);
#7610 = CARTESIAN_POINT('',(6.25,0.25,5.));
#7611 = VECTOR('',#7612,1.);
#7612 = DIRECTION('',(-0.,0.,-1.));
#7613 = PLANE('',#7614);
#7614 = AXIS2_PLACEMENT_3D('',#7615,#7616,#7617);
#7615 = CARTESIAN_POINT('',(6.25,5.81707229595E-16,0.8));
#7616 = DIRECTION('',(-1.,1.224646799147E-16,0.));
#7617 = DIRECTION('',(0.,0.,1.));
#7618 = ADVANCED_FACE('',(#7619),#7637,.F.);
#7619 = FACE_BOUND('',#7620,.F.);
#7620 = EDGE_LOOP('',(#7621,#7622,#7630,#7636));
#7621 = ORIENTED_EDGE('',*,*,#7608,.F.);
#7622 = ORIENTED_EDGE('',*,*,#7623,.T.);
#7623 = EDGE_CURVE('',#7601,#7624,#7626,.T.);
#7624 = VERTEX_POINT('',#7625);
#7625 = CARTESIAN_POINT('',(5.75,0.25,4.8));
#7626 = LINE('',#7627,#7628);
#7627 = CARTESIAN_POINT('',(6.25,0.25,4.8));
#7628 = VECTOR('',#7629,1.);
#7629 = DIRECTION('',(-1.,1.224646799147E-16,0.));
#7630 = ORIENTED_EDGE('',*,*,#7631,.T.);
#7631 = EDGE_CURVE('',#7624,#4815,#7632,.T.);
#7632 = LINE('',#7633,#7634);
#7633 = CARTESIAN_POINT('',(5.75,0.25,5.));
#7634 = VECTOR('',#7635,1.);
#7635 = DIRECTION('',(-0.,0.,-1.));
#7636 = ORIENTED_EDGE('',*,*,#4822,.T.);
#7637 = PLANE('',#7638);
#7638 = AXIS2_PLACEMENT_3D('',#7639,#7640,#7641);
#7639 = CARTESIAN_POINT('',(6.25,0.25,5.));
#7640 = DIRECTION('',(-1.224646799147E-16,-1.,0.));
#7641 = DIRECTION('',(-0.,0.,-1.));
#7642 = ADVANCED_FACE('',(#7643),#7661,.T.);
#7643 = FACE_BOUND('',#7644,.T.);
#7644 = EDGE_LOOP('',(#7645,#7646,#7654,#7660));
#7645 = ORIENTED_EDGE('',*,*,#4814,.T.);
#7646 = ORIENTED_EDGE('',*,*,#7647,.T.);
#7647 = EDGE_CURVE('',#4807,#7648,#7650,.T.);
#7648 = VERTEX_POINT('',#7649);
#7649 = CARTESIAN_POINT('',(5.75,-0.25,4.8));
#7650 = LINE('',#7651,#7652);
#7651 = CARTESIAN_POINT('',(5.75,-0.25,-3.4));
#7652 = VECTOR('',#7653,1.);
#7653 = DIRECTION('',(0.,0.,1.));
#7654 = ORIENTED_EDGE('',*,*,#7655,.T.);
#7655 = EDGE_CURVE('',#7648,#7624,#7656,.T.);
#7656 = LINE('',#7657,#7658);
#7657 = CARTESIAN_POINT('',(5.75,-0.25,4.8));
#7658 = VECTOR('',#7659,1.);
#7659 = DIRECTION('',(1.224646799147E-16,1.,0.));
#7660 = ORIENTED_EDGE('',*,*,#7631,.T.);
#7661 = PLANE('',#7662);
#7662 = AXIS2_PLACEMENT_3D('',#7663,#7664,#7665);
#7663 = CARTESIAN_POINT('',(5.75,6.429395695524E-16,0.8));
#7664 = DIRECTION('',(-1.,1.224646799147E-16,0.));
#7665 = DIRECTION('',(0.,0.,1.));
#7666 = ADVANCED_FACE('',(#7667),#7678,.F.);
#7667 = FACE_BOUND('',#7668,.F.);
#7668 = EDGE_LOOP('',(#7669,#7670,#7671,#7672));
#7669 = ORIENTED_EDGE('',*,*,#7592,.F.);
#7670 = ORIENTED_EDGE('',*,*,#4806,.T.);
#7671 = ORIENTED_EDGE('',*,*,#7647,.T.);
#7672 = ORIENTED_EDGE('',*,*,#7673,.F.);
#7673 = EDGE_CURVE('',#7593,#7648,#7674,.T.);
#7674 = LINE('',#7675,#7676);
#7675 = CARTESIAN_POINT('',(6.25,-0.25,4.8));
#7676 = VECTOR('',#7677,1.);
#7677 = DIRECTION('',(-1.,1.224646799147E-16,0.));
#7678 = PLANE('',#7679);
#7679 = AXIS2_PLACEMENT_3D('',#7680,#7681,#7682);
#7680 = CARTESIAN_POINT('',(6.25,-0.25,-3.4));
#7681 = DIRECTION('',(1.224646799147E-16,1.,0.));
#7682 = DIRECTION('',(0.,-0.,1.));
#7683 = ADVANCED_FACE('',(#7684),#7709,.F.);
#7684 = FACE_BOUND('',#7685,.F.);
#7685 = EDGE_LOOP('',(#7686,#7687,#7695,#7703));
#7686 = ORIENTED_EDGE('',*,*,#4830,.T.);
#7687 = ORIENTED_EDGE('',*,*,#7688,.T.);
#7688 = EDGE_CURVE('',#4833,#7689,#7691,.T.);
#7689 = VERTEX_POINT('',#7690);
#7690 = CARTESIAN_POINT('',(8.25,-0.25,4.8));
#7691 = LINE('',#7692,#7693);
#7692 = CARTESIAN_POINT('',(8.25,-0.25,-3.4));
#7693 = VECTOR('',#7694,1.);
#7694 = DIRECTION('',(0.,0.,1.));
#7695 = ORIENTED_EDGE('',*,*,#7696,.T.);
#7696 = EDGE_CURVE('',#7689,#7697,#7699,.T.);
#7697 = VERTEX_POINT('',#7698);
#7698 = CARTESIAN_POINT('',(8.25,0.25,4.8));
#7699 = LINE('',#7700,#7701);
#7700 = CARTESIAN_POINT('',(8.25,-0.25,4.8));
#7701 = VECTOR('',#7702,1.);
#7702 = DIRECTION('',(1.224646799147E-16,1.,0.));
#7703 = ORIENTED_EDGE('',*,*,#7704,.T.);
#7704 = EDGE_CURVE('',#7697,#4831,#7705,.T.);
#7705 = LINE('',#7706,#7707);
#7706 = CARTESIAN_POINT('',(8.25,0.25,5.));
#7707 = VECTOR('',#7708,1.);
#7708 = DIRECTION('',(-0.,0.,-1.));
#7709 = PLANE('',#7710);
#7710 = AXIS2_PLACEMENT_3D('',#7711,#7712,#7713);
#7711 = CARTESIAN_POINT('',(8.25,3.367778697655E-16,0.8));
#7712 = DIRECTION('',(-1.,1.224646799147E-16,0.));
#7713 = DIRECTION('',(0.,0.,1.));
#7714 = ADVANCED_FACE('',(#7715),#7733,.F.);
#7715 = FACE_BOUND('',#7716,.F.);
#7716 = EDGE_LOOP('',(#7717,#7718,#7726,#7732));
#7717 = ORIENTED_EDGE('',*,*,#7704,.F.);
#7718 = ORIENTED_EDGE('',*,*,#7719,.T.);
#7719 = EDGE_CURVE('',#7697,#7720,#7722,.T.);
#7720 = VERTEX_POINT('',#7721);
#7721 = CARTESIAN_POINT('',(7.75,0.25,4.8));
#7722 = LINE('',#7723,#7724);
#7723 = CARTESIAN_POINT('',(8.25,0.25,4.8));
#7724 = VECTOR('',#7725,1.);
#7725 = DIRECTION('',(-1.,1.224646799147E-16,0.));
#7726 = ORIENTED_EDGE('',*,*,#7727,.T.);
#7727 = EDGE_CURVE('',#7720,#4849,#7728,.T.);
#7728 = LINE('',#7729,#7730);
#7729 = CARTESIAN_POINT('',(7.75,0.25,5.));
#7730 = VECTOR('',#7731,1.);
#7731 = DIRECTION('',(-0.,0.,-1.));
#7732 = ORIENTED_EDGE('',*,*,#4856,.T.);
#7733 = PLANE('',#7734);
#7734 = AXIS2_PLACEMENT_3D('',#7735,#7736,#7737);
#7735 = CARTESIAN_POINT('',(8.25,0.25,5.));
#7736 = DIRECTION('',(-1.224646799147E-16,-1.,0.));
#7737 = DIRECTION('',(-0.,0.,-1.));
#7738 = ADVANCED_FACE('',(#7739),#7757,.T.);
#7739 = FACE_BOUND('',#7740,.T.);
#7740 = EDGE_LOOP('',(#7741,#7742,#7750,#7756));
#7741 = ORIENTED_EDGE('',*,*,#4848,.T.);
#7742 = ORIENTED_EDGE('',*,*,#7743,.T.);
#7743 = EDGE_CURVE('',#4841,#7744,#7746,.T.);
#7744 = VERTEX_POINT('',#7745);
#7745 = CARTESIAN_POINT('',(7.75,-0.25,4.8));
#7746 = LINE('',#7747,#7748);
#7747 = CARTESIAN_POINT('',(7.75,-0.25,-3.4));
#7748 = VECTOR('',#7749,1.);
#7749 = DIRECTION('',(0.,0.,1.));
#7750 = ORIENTED_EDGE('',*,*,#7751,.T.);
#7751 = EDGE_CURVE('',#7744,#7720,#7752,.T.);
#7752 = LINE('',#7753,#7754);
#7753 = CARTESIAN_POINT('',(7.75,-0.25,4.8));
#7754 = VECTOR('',#7755,1.);
#7755 = DIRECTION('',(1.224646799147E-16,1.,0.));
#7756 = ORIENTED_EDGE('',*,*,#7727,.T.);
#7757 = PLANE('',#7758);
#7758 = AXIS2_PLACEMENT_3D('',#7759,#7760,#7761);
#7759 = CARTESIAN_POINT('',(7.75,3.980102097229E-16,0.8));
#7760 = DIRECTION('',(-1.,1.224646799147E-16,0.));
#7761 = DIRECTION('',(0.,0.,1.));
#7762 = ADVANCED_FACE('',(#7763),#7774,.F.);
#7763 = FACE_BOUND('',#7764,.F.);
#7764 = EDGE_LOOP('',(#7765,#7766,#7767,#7768));
#7765 = ORIENTED_EDGE('',*,*,#7688,.F.);
#7766 = ORIENTED_EDGE('',*,*,#4840,.T.);
#7767 = ORIENTED_EDGE('',*,*,#7743,.T.);
#7768 = ORIENTED_EDGE('',*,*,#7769,.F.);
#7769 = EDGE_CURVE('',#7689,#7744,#7770,.T.);
#7770 = LINE('',#7771,#7772);
#7771 = CARTESIAN_POINT('',(8.25,-0.25,4.8));
#7772 = VECTOR('',#7773,1.);
#7773 = DIRECTION('',(-1.,1.224646799147E-16,0.));
#7774 = PLANE('',#7775);
#7775 = AXIS2_PLACEMENT_3D('',#7776,#7777,#7778);
#7776 = CARTESIAN_POINT('',(8.25,-0.25,-3.4));
#7777 = DIRECTION('',(1.224646799147E-16,1.,0.));
#7778 = DIRECTION('',(0.,-0.,1.));
#7779 = ADVANCED_FACE('',(#7780),#7805,.F.);
#7780 = FACE_BOUND('',#7781,.F.);
#7781 = EDGE_LOOP('',(#7782,#7790,#7798,#7804));
#7782 = ORIENTED_EDGE('',*,*,#7783,.F.);
#7783 = EDGE_CURVE('',#7784,#4867,#7786,.T.);
#7784 = VERTEX_POINT('',#7785);
#7785 = CARTESIAN_POINT('',(10.25,0.25,4.8));
#7786 = LINE('',#7787,#7788);
#7787 = CARTESIAN_POINT('',(10.25,0.25,5.));
#7788 = VECTOR('',#7789,1.);
#7789 = DIRECTION('',(-0.,0.,-1.));
#7790 = ORIENTED_EDGE('',*,*,#7791,.T.);
#7791 = EDGE_CURVE('',#7784,#7792,#7794,.T.);
#7792 = VERTEX_POINT('',#7793);
#7793 = CARTESIAN_POINT('',(9.75,0.25,4.8));
#7794 = LINE('',#7795,#7796);
#7795 = CARTESIAN_POINT('',(10.25,0.25,4.8));
#7796 = VECTOR('',#7797,1.);
#7797 = DIRECTION('',(-1.,1.224646799147E-16,0.));
#7798 = ORIENTED_EDGE('',*,*,#7799,.T.);
#7799 = EDGE_CURVE('',#7792,#4865,#7800,.T.);
#7800 = LINE('',#7801,#7802);
#7801 = CARTESIAN_POINT('',(9.75,0.25,5.));
#7802 = VECTOR('',#7803,1.);
#7803 = DIRECTION('',(-0.,0.,-1.));
#7804 = ORIENTED_EDGE('',*,*,#4864,.T.);
#7805 = PLANE('',#7806);
#7806 = AXIS2_PLACEMENT_3D('',#7807,#7808,#7809);
#7807 = CARTESIAN_POINT('',(10.25,0.25,5.));
#7808 = DIRECTION('',(-1.224646799147E-16,-1.,0.));
#7809 = DIRECTION('',(-0.,0.,-1.));
#7810 = ADVANCED_FACE('',(#7811),#7829,.T.);
#7811 = FACE_BOUND('',#7812,.T.);
#7812 = EDGE_LOOP('',(#7813,#7814,#7822,#7828));
#7813 = ORIENTED_EDGE('',*,*,#4890,.T.);
#7814 = ORIENTED_EDGE('',*,*,#7815,.T.);
#7815 = EDGE_CURVE('',#4883,#7816,#7818,.T.);
#7816 = VERTEX_POINT('',#7817);
#7817 = CARTESIAN_POINT('',(9.75,-0.25,4.8));
#7818 = LINE('',#7819,#7820);
#7819 = CARTESIAN_POINT('',(9.75,-0.25,-3.4));
#7820 = VECTOR('',#7821,1.);
#7821 = DIRECTION('',(0.,0.,1.));
#7822 = ORIENTED_EDGE('',*,*,#7823,.T.);
#7823 = EDGE_CURVE('',#7816,#7792,#7824,.T.);
#7824 = LINE('',#7825,#7826);
#7825 = CARTESIAN_POINT('',(9.75,-0.25,4.8));
#7826 = VECTOR('',#7827,1.);
#7827 = DIRECTION('',(1.224646799147E-16,1.,0.));
#7828 = ORIENTED_EDGE('',*,*,#7799,.T.);
#7829 = PLANE('',#7830);
#7830 = AXIS2_PLACEMENT_3D('',#7831,#7832,#7833);
#7831 = CARTESIAN_POINT('',(9.75,1.530808498934E-16,0.8));
#7832 = DIRECTION('',(-1.,1.224646799147E-16,0.));
#7833 = DIRECTION('',(0.,0.,1.));
#7834 = ADVANCED_FACE('',(#7835),#7853,.F.);
#7835 = FACE_BOUND('',#7836,.F.);
#7836 = EDGE_LOOP('',(#7837,#7845,#7846,#7847));
#7837 = ORIENTED_EDGE('',*,*,#7838,.F.);
#7838 = EDGE_CURVE('',#4875,#7839,#7841,.T.);
#7839 = VERTEX_POINT('',#7840);
#7840 = CARTESIAN_POINT('',(10.25,-0.25,4.8));
#7841 = LINE('',#7842,#7843);
#7842 = CARTESIAN_POINT('',(10.25,-0.25,-3.4));
#7843 = VECTOR('',#7844,1.);
#7844 = DIRECTION('',(0.,0.,1.));
#7845 = ORIENTED_EDGE('',*,*,#4882,.T.);
#7846 = ORIENTED_EDGE('',*,*,#7815,.T.);
#7847 = ORIENTED_EDGE('',*,*,#7848,.F.);
#7848 = EDGE_CURVE('',#7839,#7816,#7849,.T.);
#7849 = LINE('',#7850,#7851);
#7850 = CARTESIAN_POINT('',(10.25,-0.25,4.8));
#7851 = VECTOR('',#7852,1.);
#7852 = DIRECTION('',(-1.,1.224646799147E-16,0.));
#7853 = PLANE('',#7854);
#7854 = AXIS2_PLACEMENT_3D('',#7855,#7856,#7857);
#7855 = CARTESIAN_POINT('',(10.25,-0.25,-3.4));
#7856 = DIRECTION('',(1.224646799147E-16,1.,0.));
#7857 = DIRECTION('',(0.,-0.,1.));
#7858 = ADVANCED_FACE('',(#7859),#7870,.F.);
#7859 = FACE_BOUND('',#7860,.F.);
#7860 = EDGE_LOOP('',(#7861,#7862,#7863,#7869));
#7861 = ORIENTED_EDGE('',*,*,#4874,.T.);
#7862 = ORIENTED_EDGE('',*,*,#7838,.T.);
#7863 = ORIENTED_EDGE('',*,*,#7864,.T.);
#7864 = EDGE_CURVE('',#7839,#7784,#7865,.T.);
#7865 = LINE('',#7866,#7867);
#7866 = CARTESIAN_POINT('',(10.25,-0.25,4.8));
#7867 = VECTOR('',#7868,1.);
#7868 = DIRECTION('',(1.224646799147E-16,1.,0.));
#7869 = ORIENTED_EDGE('',*,*,#7783,.T.);
#7870 = PLANE('',#7871);
#7871 = AXIS2_PLACEMENT_3D('',#7872,#7873,#7874);
#7872 = CARTESIAN_POINT('',(10.25,9.184850993605E-17,0.8));
#7873 = DIRECTION('',(-1.,1.224646799147E-16,0.));
#7874 = DIRECTION('',(0.,0.,1.));
#7875 = ADVANCED_FACE('',(#7876),#7901,.F.);
#7876 = FACE_BOUND('',#7877,.F.);
#7877 = EDGE_LOOP('',(#7878,#7879,#7887,#7895));
#7878 = ORIENTED_EDGE('',*,*,#4898,.T.);
#7879 = ORIENTED_EDGE('',*,*,#7880,.T.);
#7880 = EDGE_CURVE('',#4901,#7881,#7883,.T.);
#7881 = VERTEX_POINT('',#7882);
#7882 = CARTESIAN_POINT('',(12.25,-0.25,4.8));
#7883 = LINE('',#7884,#7885);
#7884 = CARTESIAN_POINT('',(12.25,-0.25,-3.4));
#7885 = VECTOR('',#7886,1.);
#7886 = DIRECTION('',(0.,0.,1.));
#7887 = ORIENTED_EDGE('',*,*,#7888,.T.);
#7888 = EDGE_CURVE('',#7881,#7889,#7891,.T.);
#7889 = VERTEX_POINT('',#7890);
#7890 = CARTESIAN_POINT('',(12.25,0.25,4.8));
#7891 = LINE('',#7892,#7893);
#7892 = CARTESIAN_POINT('',(12.25,-0.25,4.8));
#7893 = VECTOR('',#7894,1.);
#7894 = DIRECTION('',(1.224646799147E-16,1.,0.));
#7895 = ORIENTED_EDGE('',*,*,#7896,.T.);
#7896 = EDGE_CURVE('',#7889,#4899,#7897,.T.);
#7897 = LINE('',#7898,#7899);
#7898 = CARTESIAN_POINT('',(12.25,0.25,5.));
#7899 = VECTOR('',#7900,1.);
#7900 = DIRECTION('',(-0.,0.,-1.));
#7901 = PLANE('',#7902);
#7902 = AXIS2_PLACEMENT_3D('',#7903,#7904,#7905);
#7903 = CARTESIAN_POINT('',(12.25,-1.530808498934E-16,0.8));
#7904 = DIRECTION('',(-1.,1.224646799147E-16,0.));
#7905 = DIRECTION('',(0.,0.,1.));
#7906 = ADVANCED_FACE('',(#7907),#7925,.F.);
#7907 = FACE_BOUND('',#7908,.F.);
#7908 = EDGE_LOOP('',(#7909,#7910,#7918,#7924));
#7909 = ORIENTED_EDGE('',*,*,#7896,.F.);
#7910 = ORIENTED_EDGE('',*,*,#7911,.T.);
#7911 = EDGE_CURVE('',#7889,#7912,#7914,.T.);
#7912 = VERTEX_POINT('',#7913);
#7913 = CARTESIAN_POINT('',(11.75,0.25,4.8));
#7914 = LINE('',#7915,#7916);
#7915 = CARTESIAN_POINT('',(12.25,0.25,4.8));
#7916 = VECTOR('',#7917,1.);
#7917 = DIRECTION('',(-1.,1.224646799147E-16,0.));
#7918 = ORIENTED_EDGE('',*,*,#7919,.T.);
#7919 = EDGE_CURVE('',#7912,#4917,#7920,.T.);
#7920 = LINE('',#7921,#7922);
#7921 = CARTESIAN_POINT('',(11.75,0.25,5.));
#7922 = VECTOR('',#7923,1.);
#7923 = DIRECTION('',(-0.,0.,-1.));
#7924 = ORIENTED_EDGE('',*,*,#4924,.T.);
#7925 = PLANE('',#7926);
#7926 = AXIS2_PLACEMENT_3D('',#7927,#7928,#7929);
#7927 = CARTESIAN_POINT('',(12.25,0.25,5.));
#7928 = DIRECTION('',(-1.224646799147E-16,-1.,0.));
#7929 = DIRECTION('',(-0.,0.,-1.));
#7930 = ADVANCED_FACE('',(#7931),#7949,.T.);
#7931 = FACE_BOUND('',#7932,.T.);
#7932 = EDGE_LOOP('',(#7933,#7934,#7942,#7948));
#7933 = ORIENTED_EDGE('',*,*,#4916,.T.);
#7934 = ORIENTED_EDGE('',*,*,#7935,.T.);
#7935 = EDGE_CURVE('',#4909,#7936,#7938,.T.);
#7936 = VERTEX_POINT('',#7937);
#7937 = CARTESIAN_POINT('',(11.75,-0.25,4.8));
#7938 = LINE('',#7939,#7940);
#7939 = CARTESIAN_POINT('',(11.75,-0.25,-3.4));
#7940 = VECTOR('',#7941,1.);
#7941 = DIRECTION('',(0.,0.,1.));
#7942 = ORIENTED_EDGE('',*,*,#7943,.T.);
#7943 = EDGE_CURVE('',#7936,#7912,#7944,.T.);
#7944 = LINE('',#7945,#7946);
#7945 = CARTESIAN_POINT('',(11.75,-0.25,4.8));
#7946 = VECTOR('',#7947,1.);
#7947 = DIRECTION('',(1.224646799147E-16,1.,0.));
#7948 = ORIENTED_EDGE('',*,*,#7919,.T.);
#7949 = PLANE('',#7950);
#7950 = AXIS2_PLACEMENT_3D('',#7951,#7952,#7953);
#7951 = CARTESIAN_POINT('',(11.75,-9.184850993605E-17,0.8));
#7952 = DIRECTION('',(-1.,1.224646799147E-16,0.));
#7953 = DIRECTION('',(0.,0.,1.));
#7954 = ADVANCED_FACE('',(#7955),#7966,.F.);
#7955 = FACE_BOUND('',#7956,.F.);
#7956 = EDGE_LOOP('',(#7957,#7958,#7959,#7960));
#7957 = ORIENTED_EDGE('',*,*,#7880,.F.);
#7958 = ORIENTED_EDGE('',*,*,#4908,.T.);
#7959 = ORIENTED_EDGE('',*,*,#7935,.T.);
#7960 = ORIENTED_EDGE('',*,*,#7961,.F.);
#7961 = EDGE_CURVE('',#7881,#7936,#7962,.T.);
#7962 = LINE('',#7963,#7964);
#7963 = CARTESIAN_POINT('',(12.25,-0.25,4.8));
#7964 = VECTOR('',#7965,1.);
#7965 = DIRECTION('',(-1.,1.224646799147E-16,0.));
#7966 = PLANE('',#7967);
#7967 = AXIS2_PLACEMENT_3D('',#7968,#7969,#7970);
#7968 = CARTESIAN_POINT('',(12.25,-0.25,-3.4));
#7969 = DIRECTION('',(1.224646799147E-16,1.,0.));
#7970 = DIRECTION('',(0.,-0.,1.));
#7971 = ADVANCED_FACE('',(#7972),#7997,.T.);
#7972 = FACE_BOUND('',#7973,.T.);
#7973 = EDGE_LOOP('',(#7974,#7975,#7983,#7991));
#7974 = ORIENTED_EDGE('',*,*,#4932,.T.);
#7975 = ORIENTED_EDGE('',*,*,#7976,.T.);
#7976 = EDGE_CURVE('',#4935,#7977,#7979,.T.);
#7977 = VERTEX_POINT('',#7978);
#7978 = CARTESIAN_POINT('',(-0.25,-0.25,4.8));
#7979 = LINE('',#7980,#7981);
#7980 = CARTESIAN_POINT('',(-0.25,-0.25,-0.9));
#7981 = VECTOR('',#7982,1.);
#7982 = DIRECTION('',(0.,0.,1.));
#7983 = ORIENTED_EDGE('',*,*,#7984,.T.);
#7984 = EDGE_CURVE('',#7977,#7985,#7987,.T.);
#7985 = VERTEX_POINT('',#7986);
#7986 = CARTESIAN_POINT('',(-0.25,0.25,4.8));
#7987 = LINE('',#7988,#7989);
#7988 = CARTESIAN_POINT('',(-0.25,-0.25,4.8));
#7989 = VECTOR('',#7990,1.);
#7990 = DIRECTION('',(1.224646799147E-16,1.,0.));
#7991 = ORIENTED_EDGE('',*,*,#7992,.T.);
#7992 = EDGE_CURVE('',#7985,#4933,#7993,.T.);
#7993 = LINE('',#7994,#7995);
#7994 = CARTESIAN_POINT('',(-0.25,0.25,5.));
#7995 = VECTOR('',#7996,1.);
#7996 = DIRECTION('',(-0.,0.,-1.));
#7997 = PLANE('',#7998);
#7998 = AXIS2_PLACEMENT_3D('',#7999,#8000,#8001);
#7999 = CARTESIAN_POINT('',(-0.25,4.326643272645E-02,0.775746953017));
#8000 = DIRECTION('',(-1.,1.224646799147E-16,0.));
#8001 = DIRECTION('',(0.,0.,1.));
#8002 = ADVANCED_FACE('',(#8003),#8021,.F.);
#8003 = FACE_BOUND('',#8004,.F.);
#8004 = EDGE_LOOP('',(#8005,#8013,#8014,#8015));
#8005 = ORIENTED_EDGE('',*,*,#8006,.F.);
#8006 = EDGE_CURVE('',#4951,#8007,#8009,.T.);
#8007 = VERTEX_POINT('',#8008);
#8008 = CARTESIAN_POINT('',(0.25,-0.25,4.8));
#8009 = LINE('',#8010,#8011);
#8010 = CARTESIAN_POINT('',(0.25,-0.25,-0.9));
#8011 = VECTOR('',#8012,1.);
#8012 = DIRECTION('',(0.,0.,1.));
#8013 = ORIENTED_EDGE('',*,*,#4958,.T.);
#8014 = ORIENTED_EDGE('',*,*,#7976,.T.);
#8015 = ORIENTED_EDGE('',*,*,#8016,.F.);
#8016 = EDGE_CURVE('',#8007,#7977,#8017,.T.);
#8017 = LINE('',#8018,#8019);
#8018 = CARTESIAN_POINT('',(0.25,-0.25,4.8));
#8019 = VECTOR('',#8020,1.);
#8020 = DIRECTION('',(-1.,1.224646799147E-16,0.));
#8021 = PLANE('',#8022);
#8022 = AXIS2_PLACEMENT_3D('',#8023,#8024,#8025);
#8023 = CARTESIAN_POINT('',(0.25,-0.25,-0.9));
#8024 = DIRECTION('',(1.224646799147E-16,1.,0.));
#8025 = DIRECTION('',(0.,-0.,1.));
#8026 = ADVANCED_FACE('',(#8027),#8045,.F.);
#8027 = FACE_BOUND('',#8028,.F.);
#8028 = EDGE_LOOP('',(#8029,#8030,#8031,#8039));
#8029 = ORIENTED_EDGE('',*,*,#4950,.T.);
#8030 = ORIENTED_EDGE('',*,*,#8006,.T.);
#8031 = ORIENTED_EDGE('',*,*,#8032,.T.);
#8032 = EDGE_CURVE('',#8007,#8033,#8035,.T.);
#8033 = VERTEX_POINT('',#8034);
#8034 = CARTESIAN_POINT('',(0.25,0.25,4.8));
#8035 = LINE('',#8036,#8037);
#8036 = CARTESIAN_POINT('',(0.25,-0.25,4.8));
#8037 = VECTOR('',#8038,1.);
#8038 = DIRECTION('',(1.224646799147E-16,1.,0.));
#8039 = ORIENTED_EDGE('',*,*,#8040,.T.);
#8040 = EDGE_CURVE('',#8033,#4943,#8041,.T.);
#8041 = LINE('',#8042,#8043);
#8042 = CARTESIAN_POINT('',(0.25,0.25,5.));
#8043 = VECTOR('',#8044,1.);
#8044 = DIRECTION('',(-0.,0.,-1.));
#8045 = PLANE('',#8046);
#8046 = AXIS2_PLACEMENT_3D('',#8047,#8048,#8049);
#8047 = CARTESIAN_POINT('',(0.25,4.326643272645E-02,0.775746953017));
#8048 = DIRECTION('',(-1.,1.224646799147E-16,0.));
#8049 = DIRECTION('',(0.,0.,1.));
#8050 = ADVANCED_FACE('',(#8051),#8062,.F.);
#8051 = FACE_BOUND('',#8052,.F.);
#8052 = EDGE_LOOP('',(#8053,#8054,#8060,#8061));
#8053 = ORIENTED_EDGE('',*,*,#8040,.F.);
#8054 = ORIENTED_EDGE('',*,*,#8055,.T.);
#8055 = EDGE_CURVE('',#8033,#7985,#8056,.T.);
#8056 = LINE('',#8057,#8058);
#8057 = CARTESIAN_POINT('',(0.25,0.25,4.8));
#8058 = VECTOR('',#8059,1.);
#8059 = DIRECTION('',(-1.,1.224646799147E-16,0.));
#8060 = ORIENTED_EDGE('',*,*,#7992,.T.);
#8061 = ORIENTED_EDGE('',*,*,#4942,.T.);
#8062 = PLANE('',#8063);
#8063 = AXIS2_PLACEMENT_3D('',#8064,#8065,#8066);
#8064 = CARTESIAN_POINT('',(0.25,0.25,5.));
#8065 = DIRECTION('',(-1.224646799147E-16,-1.,0.));
#8066 = DIRECTION('',(-0.,0.,-1.));
#8067 = ADVANCED_FACE('',(#8068),#8093,.F.);
#8068 = FACE_BOUND('',#8069,.F.);
#8069 = EDGE_LOOP('',(#8070,#8071,#8079,#8087));
#8070 = ORIENTED_EDGE('',*,*,#4966,.T.);
#8071 = ORIENTED_EDGE('',*,*,#8072,.T.);
#8072 = EDGE_CURVE('',#4969,#8073,#8075,.T.);
#8073 = VERTEX_POINT('',#8074);
#8074 = CARTESIAN_POINT('',(2.25,-0.25,4.8));
#8075 = LINE('',#8076,#8077);
#8076 = CARTESIAN_POINT('',(2.25,-0.25,-3.4));
#8077 = VECTOR('',#8078,1.);
#8078 = DIRECTION('',(0.,0.,1.));
#8079 = ORIENTED_EDGE('',*,*,#8080,.T.);
#8080 = EDGE_CURVE('',#8073,#8081,#8083,.T.);
#8081 = VERTEX_POINT('',#8082);
#8082 = CARTESIAN_POINT('',(2.25,0.25,4.8));
#8083 = LINE('',#8084,#8085);
#8084 = CARTESIAN_POINT('',(2.25,-0.25,4.8));
#8085 = VECTOR('',#8086,1.);
#8086 = DIRECTION('',(1.224646799147E-16,1.,0.));
#8087 = ORIENTED_EDGE('',*,*,#8088,.T.);
#8088 = EDGE_CURVE('',#8081,#4967,#8089,.T.);
#8089 = LINE('',#8090,#8091);
#8090 = CARTESIAN_POINT('',(2.25,0.25,5.));
#8091 = VECTOR('',#8092,1.);
#8092 = DIRECTION('',(-0.,0.,-1.));
#8093 = PLANE('',#8094);
#8094 = AXIS2_PLACEMENT_3D('',#8095,#8096,#8097);
#8095 = CARTESIAN_POINT('',(2.25,1.071565949254E-15,0.8));
#8096 = DIRECTION('',(-1.,1.224646799147E-16,0.));
#8097 = DIRECTION('',(0.,0.,1.));
#8098 = ADVANCED_FACE('',(#8099),#8117,.F.);
#8099 = FACE_BOUND('',#8100,.F.);
#8100 = EDGE_LOOP('',(#8101,#8102,#8110,#8116));
#8101 = ORIENTED_EDGE('',*,*,#8088,.F.);
#8102 = ORIENTED_EDGE('',*,*,#8103,.T.);
#8103 = EDGE_CURVE('',#8081,#8104,#8106,.T.);
#8104 = VERTEX_POINT('',#8105);
#8105 = CARTESIAN_POINT('',(1.75,0.25,4.8));
#8106 = LINE('',#8107,#8108);
#8107 = CARTESIAN_POINT('',(2.25,0.25,4.8));
#8108 = VECTOR('',#8109,1.);
#8109 = DIRECTION('',(-1.,1.224646799147E-16,0.));
#8110 = ORIENTED_EDGE('',*,*,#8111,.T.);
#8111 = EDGE_CURVE('',#8104,#4985,#8112,.T.);
#8112 = LINE('',#8113,#8114);
#8113 = CARTESIAN_POINT('',(1.75,0.25,5.));
#8114 = VECTOR('',#8115,1.);
#8115 = DIRECTION('',(-0.,0.,-1.));
#8116 = ORIENTED_EDGE('',*,*,#4992,.T.);
#8117 = PLANE('',#8118);
#8118 = AXIS2_PLACEMENT_3D('',#8119,#8120,#8121);
#8119 = CARTESIAN_POINT('',(2.25,0.25,5.));
#8120 = DIRECTION('',(-1.224646799147E-16,-1.,0.));
#8121 = DIRECTION('',(-0.,0.,-1.));
#8122 = ADVANCED_FACE('',(#8123),#8141,.T.);
#8123 = FACE_BOUND('',#8124,.T.);
#8124 = EDGE_LOOP('',(#8125,#8126,#8134,#8140));
#8125 = ORIENTED_EDGE('',*,*,#4984,.T.);
#8126 = ORIENTED_EDGE('',*,*,#8127,.T.);
#8127 = EDGE_CURVE('',#4977,#8128,#8130,.T.);
#8128 = VERTEX_POINT('',#8129);
#8129 = CARTESIAN_POINT('',(1.75,-0.25,4.8));
#8130 = LINE('',#8131,#8132);
#8131 = CARTESIAN_POINT('',(1.75,-0.25,-3.4));
#8132 = VECTOR('',#8133,1.);
#8133 = DIRECTION('',(0.,0.,1.));
#8134 = ORIENTED_EDGE('',*,*,#8135,.T.);
#8135 = EDGE_CURVE('',#8128,#8104,#8136,.T.);
#8136 = LINE('',#8137,#8138);
#8137 = CARTESIAN_POINT('',(1.75,-0.25,4.8));
#8138 = VECTOR('',#8139,1.);
#8139 = DIRECTION('',(1.224646799147E-16,1.,0.));
#8140 = ORIENTED_EDGE('',*,*,#8111,.T.);
#8141 = PLANE('',#8142);
#8142 = AXIS2_PLACEMENT_3D('',#8143,#8144,#8145);
#8143 = CARTESIAN_POINT('',(1.75,1.132798289211E-15,0.8));
#8144 = DIRECTION('',(-1.,1.224646799147E-16,0.));
#8145 = DIRECTION('',(0.,0.,1.));
#8146 = ADVANCED_FACE('',(#8147),#8158,.F.);
#8147 = FACE_BOUND('',#8148,.F.);
#8148 = EDGE_LOOP('',(#8149,#8150,#8151,#8152));
#8149 = ORIENTED_EDGE('',*,*,#8072,.F.);
#8150 = ORIENTED_EDGE('',*,*,#4976,.T.);
#8151 = ORIENTED_EDGE('',*,*,#8127,.T.);
#8152 = ORIENTED_EDGE('',*,*,#8153,.F.);
#8153 = EDGE_CURVE('',#8073,#8128,#8154,.T.);
#8154 = LINE('',#8155,#8156);
#8155 = CARTESIAN_POINT('',(2.25,-0.25,4.8));
#8156 = VECTOR('',#8157,1.);
#8157 = DIRECTION('',(-1.,1.224646799147E-16,0.));
#8158 = PLANE('',#8159);
#8159 = AXIS2_PLACEMENT_3D('',#8160,#8161,#8162);
#8160 = CARTESIAN_POINT('',(2.25,-0.25,-3.4));
#8161 = DIRECTION('',(1.224646799147E-16,1.,0.));
#8162 = DIRECTION('',(0.,-0.,1.));
#8163 = ADVANCED_FACE('',(#8164),#8189,.F.);
#8164 = FACE_BOUND('',#8165,.F.);
#8165 = EDGE_LOOP('',(#8166,#8174,#8182,#8188));
#8166 = ORIENTED_EDGE('',*,*,#8167,.F.);
#8167 = EDGE_CURVE('',#8168,#5003,#8170,.T.);
#8168 = VERTEX_POINT('',#8169);
#8169 = CARTESIAN_POINT('',(4.25,0.25,4.8));
#8170 = LINE('',#8171,#8172);
#8171 = CARTESIAN_POINT('',(4.25,0.25,5.));
#8172 = VECTOR('',#8173,1.);
#8173 = DIRECTION('',(-0.,0.,-1.));
#8174 = ORIENTED_EDGE('',*,*,#8175,.T.);
#8175 = EDGE_CURVE('',#8168,#8176,#8178,.T.);
#8176 = VERTEX_POINT('',#8177);
#8177 = CARTESIAN_POINT('',(3.75,0.25,4.8));
#8178 = LINE('',#8179,#8180);
#8179 = CARTESIAN_POINT('',(4.25,0.25,4.8));
#8180 = VECTOR('',#8181,1.);
#8181 = DIRECTION('',(-1.,1.224646799147E-16,0.));
#8182 = ORIENTED_EDGE('',*,*,#8183,.T.);
#8183 = EDGE_CURVE('',#8176,#5001,#8184,.T.);
#8184 = LINE('',#8185,#8186);
#8185 = CARTESIAN_POINT('',(3.75,0.25,5.));
#8186 = VECTOR('',#8187,1.);
#8187 = DIRECTION('',(-0.,0.,-1.));
#8188 = ORIENTED_EDGE('',*,*,#5000,.T.);
#8189 = PLANE('',#8190);
#8190 = AXIS2_PLACEMENT_3D('',#8191,#8192,#8193);
#8191 = CARTESIAN_POINT('',(4.25,0.25,5.));
#8192 = DIRECTION('',(-1.224646799147E-16,-1.,0.));
#8193 = DIRECTION('',(-0.,0.,-1.));
#8194 = ADVANCED_FACE('',(#8195),#8213,.T.);
#8195 = FACE_BOUND('',#8196,.T.);
#8196 = EDGE_LOOP('',(#8197,#8198,#8206,#8212));
#8197 = ORIENTED_EDGE('',*,*,#5026,.T.);
#8198 = ORIENTED_EDGE('',*,*,#8199,.T.);
#8199 = EDGE_CURVE('',#5019,#8200,#8202,.T.);
#8200 = VERTEX_POINT('',#8201);
#8201 = CARTESIAN_POINT('',(3.75,-0.25,4.8));
#8202 = LINE('',#8203,#8204);
#8203 = CARTESIAN_POINT('',(3.75,-0.25,-3.4));
#8204 = VECTOR('',#8205,1.);
#8205 = DIRECTION('',(0.,0.,1.));
#8206 = ORIENTED_EDGE('',*,*,#8207,.T.);
#8207 = EDGE_CURVE('',#8200,#8176,#8208,.T.);
#8208 = LINE('',#8209,#8210);
#8209 = CARTESIAN_POINT('',(3.75,-0.25,4.8));
#8210 = VECTOR('',#8211,1.);
#8211 = DIRECTION('',(1.224646799147E-16,1.,0.));
#8212 = ORIENTED_EDGE('',*,*,#8183,.T.);
#8213 = PLANE('',#8214);
#8214 = AXIS2_PLACEMENT_3D('',#8215,#8216,#8217);
#8215 = CARTESIAN_POINT('',(3.75,8.878689293818E-16,0.8));
#8216 = DIRECTION('',(-1.,1.224646799147E-16,0.));
#8217 = DIRECTION('',(0.,0.,1.));
#8218 = ADVANCED_FACE('',(#8219),#8237,.F.);
#8219 = FACE_BOUND('',#8220,.F.);
#8220 = EDGE_LOOP('',(#8221,#8229,#8230,#8231));
#8221 = ORIENTED_EDGE('',*,*,#8222,.F.);
#8222 = EDGE_CURVE('',#5011,#8223,#8225,.T.);
#8223 = VERTEX_POINT('',#8224);
#8224 = CARTESIAN_POINT('',(4.25,-0.25,4.8));
#8225 = LINE('',#8226,#8227);
#8226 = CARTESIAN_POINT('',(4.25,-0.25,-3.4));
#8227 = VECTOR('',#8228,1.);
#8228 = DIRECTION('',(0.,0.,1.));
#8229 = ORIENTED_EDGE('',*,*,#5018,.T.);
#8230 = ORIENTED_EDGE('',*,*,#8199,.T.);
#8231 = ORIENTED_EDGE('',*,*,#8232,.F.);
#8232 = EDGE_CURVE('',#8223,#8200,#8233,.T.);
#8233 = LINE('',#8234,#8235);
#8234 = CARTESIAN_POINT('',(4.25,-0.25,4.8));
#8235 = VECTOR('',#8236,1.);
#8236 = DIRECTION('',(-1.,1.224646799147E-16,0.));
#8237 = PLANE('',#8238);
#8238 = AXIS2_PLACEMENT_3D('',#8239,#8240,#8241);
#8239 = CARTESIAN_POINT('',(4.25,-0.25,-3.4));
#8240 = DIRECTION('',(1.224646799147E-16,1.,0.));
#8241 = DIRECTION('',(0.,-0.,1.));
#8242 = ADVANCED_FACE('',(#8243),#8254,.F.);
#8243 = FACE_BOUND('',#8244,.F.);
#8244 = EDGE_LOOP('',(#8245,#8246,#8247,#8253));
#8245 = ORIENTED_EDGE('',*,*,#5010,.T.);
#8246 = ORIENTED_EDGE('',*,*,#8222,.T.);
#8247 = ORIENTED_EDGE('',*,*,#8248,.T.);
#8248 = EDGE_CURVE('',#8223,#8168,#8249,.T.);
#8249 = LINE('',#8250,#8251);
#8250 = CARTESIAN_POINT('',(4.25,-0.25,4.8));
#8251 = VECTOR('',#8252,1.);
#8252 = DIRECTION('',(1.224646799147E-16,1.,0.));
#8253 = ORIENTED_EDGE('',*,*,#8167,.T.);
#8254 = PLANE('',#8255);
#8255 = AXIS2_PLACEMENT_3D('',#8256,#8257,#8258);
#8256 = CARTESIAN_POINT('',(4.25,8.266365894245E-16,0.8));
#8257 = DIRECTION('',(-1.,1.224646799147E-16,0.));
#8258 = DIRECTION('',(0.,0.,1.));
#8259 = ADVANCED_FACE('',(#8260),#8285,.T.);
#8260 = FACE_BOUND('',#8261,.T.);
#8261 = EDGE_LOOP('',(#8262,#8263,#8271,#8279));
#8262 = ORIENTED_EDGE('',*,*,#5034,.T.);
#8263 = ORIENTED_EDGE('',*,*,#8264,.T.);
#8264 = EDGE_CURVE('',#5037,#8265,#8267,.T.);
#8265 = VERTEX_POINT('',#8266);
#8266 = CARTESIAN_POINT('',(21.75,-0.25,4.8));
#8267 = LINE('',#8268,#8269);
#8268 = CARTESIAN_POINT('',(21.75,-0.25,-0.9));
#8269 = VECTOR('',#8270,1.);
#8270 = DIRECTION('',(0.,0.,1.));
#8271 = ORIENTED_EDGE('',*,*,#8272,.T.);
#8272 = EDGE_CURVE('',#8265,#8273,#8275,.T.);
#8273 = VERTEX_POINT('',#8274);
#8274 = CARTESIAN_POINT('',(21.75,0.25,4.8));
#8275 = LINE('',#8276,#8277);
#8276 = CARTESIAN_POINT('',(21.75,-0.25,4.8));
#8277 = VECTOR('',#8278,1.);
#8278 = DIRECTION('',(1.224646799147E-16,1.,0.));
#8279 = ORIENTED_EDGE('',*,*,#8280,.T.);
#8280 = EDGE_CURVE('',#8273,#5035,#8281,.T.);
#8281 = LINE('',#8282,#8283);
#8282 = CARTESIAN_POINT('',(21.75,0.25,5.));
#8283 = VECTOR('',#8284,1.);
#8284 = DIRECTION('',(-0.,0.,-1.));
#8285 = PLANE('',#8286);
#8286 = AXIS2_PLACEMENT_3D('',#8287,#8288,#8289);
#8287 = CARTESIAN_POINT('',(21.75,4.326643272645E-02,0.775746953017));
#8288 = DIRECTION('',(-1.,1.224646799147E-16,0.));
#8289 = DIRECTION('',(0.,0.,1.));
#8290 = ADVANCED_FACE('',(#8291),#8309,.F.);
#8291 = FACE_BOUND('',#8292,.F.);
#8292 = EDGE_LOOP('',(#8293,#8301,#8302,#8303));
#8293 = ORIENTED_EDGE('',*,*,#8294,.F.);
#8294 = EDGE_CURVE('',#5053,#8295,#8297,.T.);
#8295 = VERTEX_POINT('',#8296);
#8296 = CARTESIAN_POINT('',(22.25,-0.25,4.8));
#8297 = LINE('',#8298,#8299);
#8298 = CARTESIAN_POINT('',(22.25,-0.25,-0.9));
#8299 = VECTOR('',#8300,1.);
#8300 = DIRECTION('',(0.,0.,1.));
#8301 = ORIENTED_EDGE('',*,*,#5060,.T.);
#8302 = ORIENTED_EDGE('',*,*,#8264,.T.);
#8303 = ORIENTED_EDGE('',*,*,#8304,.F.);
#8304 = EDGE_CURVE('',#8295,#8265,#8305,.T.);
#8305 = LINE('',#8306,#8307);
#8306 = CARTESIAN_POINT('',(22.25,-0.25,4.8));
#8307 = VECTOR('',#8308,1.);
#8308 = DIRECTION('',(-1.,1.224646799147E-16,0.));
#8309 = PLANE('',#8310);
#8310 = AXIS2_PLACEMENT_3D('',#8311,#8312,#8313);
#8311 = CARTESIAN_POINT('',(22.25,-0.25,-0.9));
#8312 = DIRECTION('',(1.224646799147E-16,1.,0.));
#8313 = DIRECTION('',(0.,-0.,1.));
#8314 = ADVANCED_FACE('',(#8315),#8333,.F.);
#8315 = FACE_BOUND('',#8316,.F.);
#8316 = EDGE_LOOP('',(#8317,#8318,#8319,#8327));
#8317 = ORIENTED_EDGE('',*,*,#5052,.T.);
#8318 = ORIENTED_EDGE('',*,*,#8294,.T.);
#8319 = ORIENTED_EDGE('',*,*,#8320,.T.);
#8320 = EDGE_CURVE('',#8295,#8321,#8323,.T.);
#8321 = VERTEX_POINT('',#8322);
#8322 = CARTESIAN_POINT('',(22.25,0.25,4.8));
#8323 = LINE('',#8324,#8325);
#8324 = CARTESIAN_POINT('',(22.25,-0.25,4.8));
#8325 = VECTOR('',#8326,1.);
#8326 = DIRECTION('',(1.224646799147E-16,1.,0.));
#8327 = ORIENTED_EDGE('',*,*,#8328,.T.);
#8328 = EDGE_CURVE('',#8321,#5045,#8329,.T.);
#8329 = LINE('',#8330,#8331);
#8330 = CARTESIAN_POINT('',(22.25,0.25,5.));
#8331 = VECTOR('',#8332,1.);
#8332 = DIRECTION('',(-0.,0.,-1.));
#8333 = PLANE('',#8334);
#8334 = AXIS2_PLACEMENT_3D('',#8335,#8336,#8337);
#8335 = CARTESIAN_POINT('',(22.25,4.326643272645E-02,0.775746953017));
#8336 = DIRECTION('',(-1.,1.224646799147E-16,0.));
#8337 = DIRECTION('',(0.,0.,1.));
#8338 = ADVANCED_FACE('',(#8339),#8350,.F.);
#8339 = FACE_BOUND('',#8340,.F.);
#8340 = EDGE_LOOP('',(#8341,#8342,#8348,#8349));
#8341 = ORIENTED_EDGE('',*,*,#8328,.F.);
#8342 = ORIENTED_EDGE('',*,*,#8343,.T.);
#8343 = EDGE_CURVE('',#8321,#8273,#8344,.T.);
#8344 = LINE('',#8345,#8346);
#8345 = CARTESIAN_POINT('',(22.25,0.25,4.8));
#8346 = VECTOR('',#8347,1.);
#8347 = DIRECTION('',(-1.,1.224646799147E-16,0.));
#8348 = ORIENTED_EDGE('',*,*,#8280,.T.);
#8349 = ORIENTED_EDGE('',*,*,#5044,.T.);
#8350 = PLANE('',#8351);
#8351 = AXIS2_PLACEMENT_3D('',#8352,#8353,#8354);
#8352 = CARTESIAN_POINT('',(22.25,0.25,5.));
#8353 = DIRECTION('',(-1.224646799147E-16,-1.,0.));
#8354 = DIRECTION('',(-0.,0.,-1.));
#8355 = ADVANCED_FACE('',(#8356),#8397,.F.);
#8356 = FACE_BOUND('',#8357,.T.);
#8357 = EDGE_LOOP('',(#8358,#8368,#8374,#8375,#8383,#8391));
#8358 = ORIENTED_EDGE('',*,*,#8359,.T.);
#8359 = EDGE_CURVE('',#8360,#8362,#8364,.T.);
#8360 = VERTEX_POINT('',#8361);
#8361 = CARTESIAN_POINT('',(-5.E-02,-5.E-02,-3.4));
#8362 = VERTEX_POINT('',#8363);
#8363 = CARTESIAN_POINT('',(-0.247552593066,-0.218807485305,
    -3.202447406934));
#8364 = LINE('',#8365,#8366);
#8365 = CARTESIAN_POINT('',(-1.603689858649E-02,-2.097873708559E-02,
    -3.433963101414));
#8366 = VECTOR('',#8367,1.);
#8367 = DIRECTION('',(-0.605209817607,-0.517148096144,0.605209817607));
#8368 = ORIENTED_EDGE('',*,*,#8369,.T.);
#8369 = EDGE_CURVE('',#8362,#5792,#8370,.T.);
#8370 = LINE('',#8371,#8372);
#8371 = CARTESIAN_POINT('',(-4.480164158687E-02,-0.250820793434,
    -3.405198358413));
#8372 = VECTOR('',#8373,1.);
#8373 = DIRECTION('',(-0.702740385383,0.110959008218,0.702740385383));
#8374 = ORIENTED_EDGE('',*,*,#5789,.F.);
#8375 = ORIENTED_EDGE('',*,*,#8376,.F.);
#8376 = EDGE_CURVE('',#8377,#5790,#8379,.T.);
#8377 = VERTEX_POINT('',#8378);
#8378 = CARTESIAN_POINT('',(-0.247552593066,0.281192514695,
    -3.202447406934));
#8379 = LINE('',#8380,#8381);
#8380 = CARTESIAN_POINT('',(-0.506155950752,0.322024623803,
    -2.943844049248));
#8381 = VECTOR('',#8382,1.);
#8382 = DIRECTION('',(-0.702740385383,0.110959008218,0.702740385383));
#8383 = ORIENTED_EDGE('',*,*,#8384,.F.);
#8384 = EDGE_CURVE('',#8385,#8377,#8387,.T.);
#8385 = VERTEX_POINT('',#8386);
#8386 = CARTESIAN_POINT('',(-5.E-02,5.E-02,-3.4));
#8387 = LINE('',#8388,#8389);
#8388 = CARTESIAN_POINT('',(-0.104623304282,0.113924744707,
    -3.345376695718));
#8389 = VECTOR('',#8390,1.);
#8390 = DIRECTION('',(-0.544770019249,0.63753529491,0.544770019249));
#8391 = ORIENTED_EDGE('',*,*,#8392,.T.);
#8392 = EDGE_CURVE('',#8385,#8360,#8393,.T.);
#8393 = LINE('',#8394,#8395);
#8394 = CARTESIAN_POINT('',(-5.E-02,0.25,-3.4));
#8395 = VECTOR('',#8396,1.);
#8396 = DIRECTION('',(-1.224646799147E-16,-1.,0.));
#8397 = PLANE('',#8398);
#8398 = AXIS2_PLACEMENT_3D('',#8399,#8400,#8401);
#8399 = CARTESIAN_POINT('',(-0.15,0.25,-3.3));
#8400 = DIRECTION('',(0.707106781187,-8.833102285013E-17,0.707106781187)
  );
#8401 = DIRECTION('',(1.236918052038E-16,1.,1.227125289097E-18));
#8402 = ADVANCED_FACE('',(#8403),#8428,.F.);
#8403 = FACE_BOUND('',#8404,.F.);
#8404 = EDGE_LOOP('',(#8405,#8406,#8412,#8413,#8414,#8422));
#8405 = ORIENTED_EDGE('',*,*,#5918,.F.);
#8406 = ORIENTED_EDGE('',*,*,#8407,.T.);
#8407 = EDGE_CURVE('',#5911,#5831,#8408,.T.);
#8408 = LINE('',#8409,#8410);
#8409 = CARTESIAN_POINT('',(0.25,0.55,-1.5));
#8410 = VECTOR('',#8411,1.);
#8411 = DIRECTION('',(-1.,1.224646799147E-16,0.));
#8412 = ORIENTED_EDGE('',*,*,#5838,.T.);
#8413 = ORIENTED_EDGE('',*,*,#8376,.F.);
#8414 = ORIENTED_EDGE('',*,*,#8415,.F.);
#8415 = EDGE_CURVE('',#8416,#8377,#8418,.T.);
#8416 = VERTEX_POINT('',#8417);
#8417 = CARTESIAN_POINT('',(0.247552593066,0.281192514695,
    -3.202447406934));
#8418 = LINE('',#8419,#8420);
#8419 = CARTESIAN_POINT('',(0.25,0.281192514695,-3.202447406934));
#8420 = VECTOR('',#8421,1.);
#8421 = DIRECTION('',(-1.,1.224646799147E-16,0.));
#8422 = ORIENTED_EDGE('',*,*,#8423,.T.);
#8423 = EDGE_CURVE('',#8416,#5877,#8424,.T.);
#8424 = LINE('',#8425,#8426);
#8425 = CARTESIAN_POINT('',(0.629616963064,0.341518467852,
    -2.820383036936));
#8426 = VECTOR('',#8427,1.);
#8427 = DIRECTION('',(0.702740385383,0.110959008218,0.702740385383));
#8428 = PLANE('',#8429);
#8429 = AXIS2_PLACEMENT_3D('',#8430,#8431,#8432);
#8430 = CARTESIAN_POINT('',(0.25,0.55,-1.5));
#8431 = DIRECTION('',(-1.209660753807E-16,-0.987762965329,0.155962573473
    ));
#8432 = DIRECTION('',(-1.909990663905E-17,-0.155962573473,
    -0.987762965329));
#8433 = ADVANCED_FACE('',(#8434),#8440,.F.);
#8434 = FACE_BOUND('',#8435,.F.);
#8435 = EDGE_LOOP('',(#8436,#8437,#8438,#8439));
#8436 = ORIENTED_EDGE('',*,*,#5935,.T.);
#8437 = ORIENTED_EDGE('',*,*,#5830,.T.);
#8438 = ORIENTED_EDGE('',*,*,#8407,.F.);
#8439 = ORIENTED_EDGE('',*,*,#5910,.F.);
#8440 = PLANE('',#8441);
#8441 = AXIS2_PLACEMENT_3D('',#8442,#8443,#8444);
#8442 = CARTESIAN_POINT('',(0.25,0.25,-0.9));
#8443 = DIRECTION('',(-1.095357396528E-16,-0.894427191,-0.4472135955));
#8444 = DIRECTION('',(5.476786982641E-17,0.4472135955,-0.894427191));
#8445 = ADVANCED_FACE('',(#8446),#8457,.F.);
#8446 = FACE_BOUND('',#8447,.F.);
#8447 = EDGE_LOOP('',(#8448,#8454,#8455,#8456));
#8448 = ORIENTED_EDGE('',*,*,#8449,.T.);
#8449 = EDGE_CURVE('',#5887,#5800,#8450,.T.);
#8450 = LINE('',#8451,#8452);
#8451 = CARTESIAN_POINT('',(0.25,5.E-02,-1.5));
#8452 = VECTOR('',#8453,1.);
#8453 = DIRECTION('',(-1.,1.224646799147E-16,0.));
#8454 = ORIENTED_EDGE('',*,*,#5807,.T.);
#8455 = ORIENTED_EDGE('',*,*,#5860,.F.);
#8456 = ORIENTED_EDGE('',*,*,#5894,.F.);
#8457 = PLANE('',#8458);
#8458 = AXIS2_PLACEMENT_3D('',#8459,#8460,#8461);
#8459 = CARTESIAN_POINT('',(0.25,5.E-02,-1.5));
#8460 = DIRECTION('',(1.095357396528E-16,0.894427191,0.4472135955));
#8461 = DIRECTION('',(-5.476786982641E-17,-0.4472135955,0.894427191));
#8462 = ADVANCED_FACE('',(#8463),#8483,.F.);
#8463 = FACE_BOUND('',#8464,.F.);
#8464 = EDGE_LOOP('',(#8465,#8466,#8474,#8480,#8481,#8482));
#8465 = ORIENTED_EDGE('',*,*,#5886,.F.);
#8466 = ORIENTED_EDGE('',*,*,#8467,.F.);
#8467 = EDGE_CURVE('',#8468,#5879,#8470,.T.);
#8468 = VERTEX_POINT('',#8469);
#8469 = CARTESIAN_POINT('',(0.247552593066,-0.218807485305,
    -3.202447406934));
#8470 = LINE('',#8471,#8472);
#8471 = CARTESIAN_POINT('',(0.168262653899,-0.231326949384,
    -3.281737346101));
#8472 = VECTOR('',#8473,1.);
#8473 = DIRECTION('',(0.702740385383,0.110959008218,0.702740385383));
#8474 = ORIENTED_EDGE('',*,*,#8475,.T.);
#8475 = EDGE_CURVE('',#8468,#8362,#8476,.T.);
#8476 = LINE('',#8477,#8478);
#8477 = CARTESIAN_POINT('',(0.25,-0.218807485305,-3.202447406934));
#8478 = VECTOR('',#8479,1.);
#8479 = DIRECTION('',(-1.,1.224646799147E-16,0.));
#8480 = ORIENTED_EDGE('',*,*,#8369,.T.);
#8481 = ORIENTED_EDGE('',*,*,#5799,.T.);
#8482 = ORIENTED_EDGE('',*,*,#8449,.F.);
#8483 = PLANE('',#8484);
#8484 = AXIS2_PLACEMENT_3D('',#8485,#8486,#8487);
#8485 = CARTESIAN_POINT('',(0.25,-0.25,-3.4));
#8486 = DIRECTION('',(1.209660753807E-16,0.987762965329,-0.155962573473)
  );
#8487 = DIRECTION('',(1.909990663905E-17,0.155962573473,0.987762965329)
  );
#8488 = ADVANCED_FACE('',(#8489),#8516,.T.);
#8489 = FACE_BOUND('',#8490,.F.);
#8490 = EDGE_LOOP('',(#8491,#8499,#8500,#8501,#8502,#8510));
#8491 = ORIENTED_EDGE('',*,*,#8492,.T.);
#8492 = EDGE_CURVE('',#8493,#8468,#8495,.T.);
#8493 = VERTEX_POINT('',#8494);
#8494 = CARTESIAN_POINT('',(5.E-02,-5.E-02,-3.4));
#8495 = LINE('',#8496,#8497);
#8496 = CARTESIAN_POINT('',(0.107606629418,-9.92245133213E-02,
    -3.342393370582));
#8497 = VECTOR('',#8498,1.);
#8498 = DIRECTION('',(0.605209817607,-0.517148096144,0.605209817607));
#8499 = ORIENTED_EDGE('',*,*,#8467,.T.);
#8500 = ORIENTED_EDGE('',*,*,#5876,.F.);
#8501 = ORIENTED_EDGE('',*,*,#8423,.F.);
#8502 = ORIENTED_EDGE('',*,*,#8503,.F.);
#8503 = EDGE_CURVE('',#8504,#8416,#8506,.T.);
#8504 = VERTEX_POINT('',#8505);
#8505 = CARTESIAN_POINT('',(5.E-02,5.E-02,-3.4));
#8506 = LINE('',#8507,#8508);
#8507 = CARTESIAN_POINT('',(0.17881689775,0.200752273427,-3.27118310225)
  );
#8508 = VECTOR('',#8509,1.);
#8509 = DIRECTION('',(0.544770019249,0.63753529491,0.544770019249));
#8510 = ORIENTED_EDGE('',*,*,#8511,.T.);
#8511 = EDGE_CURVE('',#8504,#8493,#8512,.T.);
#8512 = LINE('',#8513,#8514);
#8513 = CARTESIAN_POINT('',(5.E-02,0.25,-3.4));
#8514 = VECTOR('',#8515,1.);
#8515 = DIRECTION('',(-1.224646799147E-16,-1.,0.));
#8516 = PLANE('',#8517);
#8517 = AXIS2_PLACEMENT_3D('',#8518,#8519,#8520);
#8518 = CARTESIAN_POINT('',(0.15,0.25,-3.3));
#8519 = DIRECTION('',(0.707106781187,-8.486018839685E-17,-0.707106781187
    ));
#8520 = DIRECTION('',(1.212375546256E-16,1.,1.227125289196E-18));
#8521 = ADVANCED_FACE('',(#8522),#8547,.T.);
#8522 = FACE_BOUND('',#8523,.F.);
#8523 = EDGE_LOOP('',(#8524,#8532,#8540,#8546));
#8524 = ORIENTED_EDGE('',*,*,#8525,.F.);
#8525 = EDGE_CURVE('',#8526,#5950,#8528,.T.);
#8526 = VERTEX_POINT('',#8527);
#8527 = CARTESIAN_POINT('',(2.05,5.E-02,-3.4));
#8528 = LINE('',#8529,#8530);
#8529 = CARTESIAN_POINT('',(2.183333333333,0.183333333333,
    -3.266666666667));
#8530 = VECTOR('',#8531,1.);
#8531 = DIRECTION('',(0.57735026919,0.57735026919,0.57735026919));
#8532 = ORIENTED_EDGE('',*,*,#8533,.T.);
#8533 = EDGE_CURVE('',#8526,#8534,#8536,.T.);
#8534 = VERTEX_POINT('',#8535);
#8535 = CARTESIAN_POINT('',(2.05,-5.E-02,-3.4));
#8536 = LINE('',#8537,#8538);
#8537 = CARTESIAN_POINT('',(2.05,0.25,-3.4));
#8538 = VECTOR('',#8539,1.);
#8539 = DIRECTION('',(-1.224646799147E-16,-1.,0.));
#8540 = ORIENTED_EDGE('',*,*,#8541,.T.);
#8541 = EDGE_CURVE('',#8534,#5952,#8542,.T.);
#8542 = LINE('',#8543,#8544);
#8543 = CARTESIAN_POINT('',(2.1,-0.1,-3.35));
#8544 = VECTOR('',#8545,1.);
#8545 = DIRECTION('',(0.57735026919,-0.57735026919,0.57735026919));
#8546 = ORIENTED_EDGE('',*,*,#5949,.F.);
#8547 = PLANE('',#8548);
#8548 = AXIS2_PLACEMENT_3D('',#8549,#8550,#8551);
#8549 = CARTESIAN_POINT('',(2.15,0.25,-3.3));
#8550 = DIRECTION('',(0.707106781187,-8.486018839685E-17,-0.707106781187
    ));
#8551 = DIRECTION('',(1.212375546256E-16,1.,1.227125289196E-18));
#8552 = ADVANCED_FACE('',(#8553),#8571,.T.);
#8553 = FACE_BOUND('',#8554,.T.);
#8554 = EDGE_LOOP('',(#8555,#8556,#8564,#8570));
#8555 = ORIENTED_EDGE('',*,*,#8525,.F.);
#8556 = ORIENTED_EDGE('',*,*,#8557,.T.);
#8557 = EDGE_CURVE('',#8526,#8558,#8560,.T.);
#8558 = VERTEX_POINT('',#8559);
#8559 = CARTESIAN_POINT('',(1.95,5.E-02,-3.4));
#8560 = LINE('',#8561,#8562);
#8561 = CARTESIAN_POINT('',(2.25,5.E-02,-3.4));
#8562 = VECTOR('',#8563,1.);
#8563 = DIRECTION('',(-1.,1.224646799147E-16,0.));
#8564 = ORIENTED_EDGE('',*,*,#8565,.T.);
#8565 = EDGE_CURVE('',#8558,#5983,#8566,.T.);
#8566 = LINE('',#8567,#8568);
#8567 = CARTESIAN_POINT('',(1.9,0.1,-3.35));
#8568 = VECTOR('',#8569,1.);
#8569 = DIRECTION('',(-0.57735026919,0.57735026919,0.57735026919));
#8570 = ORIENTED_EDGE('',*,*,#5990,.F.);
#8571 = PLANE('',#8572);
#8572 = AXIS2_PLACEMENT_3D('',#8573,#8574,#8575);
#8573 = CARTESIAN_POINT('',(2.25,0.15,-3.3));
#8574 = DIRECTION('',(8.486018839685E-17,0.707106781187,-0.707106781187)
  );
#8575 = DIRECTION('',(-1.,1.212375546256E-16,1.227125289196E-18));
#8576 = ADVANCED_FACE('',(#8577),#8595,.F.);
#8577 = FACE_BOUND('',#8578,.T.);
#8578 = EDGE_LOOP('',(#8579,#8580,#8588,#8594));
#8579 = ORIENTED_EDGE('',*,*,#8565,.F.);
#8580 = ORIENTED_EDGE('',*,*,#8581,.T.);
#8581 = EDGE_CURVE('',#8558,#8582,#8584,.T.);
#8582 = VERTEX_POINT('',#8583);
#8583 = CARTESIAN_POINT('',(1.95,-5.E-02,-3.4));
#8584 = LINE('',#8585,#8586);
#8585 = CARTESIAN_POINT('',(1.95,0.25,-3.4));
#8586 = VECTOR('',#8587,1.);
#8587 = DIRECTION('',(-1.224646799147E-16,-1.,0.));
#8588 = ORIENTED_EDGE('',*,*,#8589,.T.);
#8589 = EDGE_CURVE('',#8582,#6005,#8590,.T.);
#8590 = LINE('',#8591,#8592);
#8591 = CARTESIAN_POINT('',(1.983333333333,-1.666666666667E-02,
    -3.433333333333));
#8592 = VECTOR('',#8593,1.);
#8593 = DIRECTION('',(-0.57735026919,-0.57735026919,0.57735026919));
#8594 = ORIENTED_EDGE('',*,*,#6004,.F.);
#8595 = PLANE('',#8596);
#8596 = AXIS2_PLACEMENT_3D('',#8597,#8598,#8599);
#8597 = CARTESIAN_POINT('',(1.85,0.25,-3.3));
#8598 = DIRECTION('',(0.707106781187,-8.833102285013E-17,0.707106781187)
  );
#8599 = DIRECTION('',(1.236918052038E-16,1.,1.227125289097E-18));
#8600 = ADVANCED_FACE('',(#8601),#8612,.T.);
#8601 = FACE_BOUND('',#8602,.F.);
#8602 = EDGE_LOOP('',(#8603,#8604,#8610,#8611));
#8603 = ORIENTED_EDGE('',*,*,#8541,.F.);
#8604 = ORIENTED_EDGE('',*,*,#8605,.T.);
#8605 = EDGE_CURVE('',#8534,#8582,#8606,.T.);
#8606 = LINE('',#8607,#8608);
#8607 = CARTESIAN_POINT('',(2.25,-5.E-02,-3.4));
#8608 = VECTOR('',#8609,1.);
#8609 = DIRECTION('',(-1.,1.224646799147E-16,0.));
#8610 = ORIENTED_EDGE('',*,*,#8589,.T.);
#8611 = ORIENTED_EDGE('',*,*,#6029,.F.);
#8612 = PLANE('',#8613);
#8613 = AXIS2_PLACEMENT_3D('',#8614,#8615,#8616);
#8614 = CARTESIAN_POINT('',(2.25,-0.15,-3.3));
#8615 = DIRECTION('',(-8.486018839685E-17,-0.707106781187,
    -0.707106781187));
#8616 = DIRECTION('',(1.,-1.212375546256E-16,1.227125289196E-18));
#8617 = ADVANCED_FACE('',(#8618),#8643,.T.);
#8618 = FACE_BOUND('',#8619,.T.);
#8619 = EDGE_LOOP('',(#8620,#8628,#8636,#8642));
#8620 = ORIENTED_EDGE('',*,*,#8621,.F.);
#8621 = EDGE_CURVE('',#8622,#6046,#8624,.T.);
#8622 = VERTEX_POINT('',#8623);
#8623 = CARTESIAN_POINT('',(4.05,5.E-02,-3.4));
#8624 = LINE('',#8625,#8626);
#8625 = CARTESIAN_POINT('',(4.183333333333,0.183333333333,
    -3.266666666667));
#8626 = VECTOR('',#8627,1.);
#8627 = DIRECTION('',(0.57735026919,0.57735026919,0.57735026919));
#8628 = ORIENTED_EDGE('',*,*,#8629,.T.);
#8629 = EDGE_CURVE('',#8622,#8630,#8632,.T.);
#8630 = VERTEX_POINT('',#8631);
#8631 = CARTESIAN_POINT('',(3.95,5.E-02,-3.4));
#8632 = LINE('',#8633,#8634);
#8633 = CARTESIAN_POINT('',(4.25,5.E-02,-3.4));
#8634 = VECTOR('',#8635,1.);
#8635 = DIRECTION('',(-1.,1.224646799147E-16,0.));
#8636 = ORIENTED_EDGE('',*,*,#8637,.T.);
#8637 = EDGE_CURVE('',#8630,#6055,#8638,.T.);
#8638 = LINE('',#8639,#8640);
#8639 = CARTESIAN_POINT('',(3.9,0.1,-3.35));
#8640 = VECTOR('',#8641,1.);
#8641 = DIRECTION('',(-0.57735026919,0.57735026919,0.57735026919));
#8642 = ORIENTED_EDGE('',*,*,#6062,.F.);
#8643 = PLANE('',#8644);
#8644 = AXIS2_PLACEMENT_3D('',#8645,#8646,#8647);
#8645 = CARTESIAN_POINT('',(4.25,0.15,-3.3));
#8646 = DIRECTION('',(8.486018839685E-17,0.707106781187,-0.707106781187)
  );
#8647 = DIRECTION('',(-1.,1.212375546256E-16,1.227125289196E-18));
#8648 = ADVANCED_FACE('',(#8649),#8667,.F.);
#8649 = FACE_BOUND('',#8650,.T.);
#8650 = EDGE_LOOP('',(#8651,#8652,#8660,#8666));
#8651 = ORIENTED_EDGE('',*,*,#8637,.F.);
#8652 = ORIENTED_EDGE('',*,*,#8653,.T.);
#8653 = EDGE_CURVE('',#8630,#8654,#8656,.T.);
#8654 = VERTEX_POINT('',#8655);
#8655 = CARTESIAN_POINT('',(3.95,-5.E-02,-3.4));
#8656 = LINE('',#8657,#8658);
#8657 = CARTESIAN_POINT('',(3.95,0.25,-3.4));
#8658 = VECTOR('',#8659,1.);
#8659 = DIRECTION('',(-1.224646799147E-16,-1.,0.));
#8660 = ORIENTED_EDGE('',*,*,#8661,.T.);
#8661 = EDGE_CURVE('',#8654,#6077,#8662,.T.);
#8662 = LINE('',#8663,#8664);
#8663 = CARTESIAN_POINT('',(3.983333333333,-1.666666666667E-02,
    -3.433333333333));
#8664 = VECTOR('',#8665,1.);
#8665 = DIRECTION('',(-0.57735026919,-0.57735026919,0.57735026919));
#8666 = ORIENTED_EDGE('',*,*,#6076,.F.);
#8667 = PLANE('',#8668);
#8668 = AXIS2_PLACEMENT_3D('',#8669,#8670,#8671);
#8669 = CARTESIAN_POINT('',(3.85,0.25,-3.3));
#8670 = DIRECTION('',(0.707106781187,-8.833102285013E-17,0.707106781187)
  );
#8671 = DIRECTION('',(1.236918052038E-16,1.,1.227125289097E-18));
#8672 = ADVANCED_FACE('',(#8673),#8691,.T.);
#8673 = FACE_BOUND('',#8674,.F.);
#8674 = EDGE_LOOP('',(#8675,#8683,#8689,#8690));
#8675 = ORIENTED_EDGE('',*,*,#8676,.F.);
#8676 = EDGE_CURVE('',#8677,#6101,#8679,.T.);
#8677 = VERTEX_POINT('',#8678);
#8678 = CARTESIAN_POINT('',(4.05,-5.E-02,-3.4));
#8679 = LINE('',#8680,#8681);
#8680 = CARTESIAN_POINT('',(4.1,-0.1,-3.35));
#8681 = VECTOR('',#8682,1.);
#8682 = DIRECTION('',(0.57735026919,-0.57735026919,0.57735026919));
#8683 = ORIENTED_EDGE('',*,*,#8684,.T.);
#8684 = EDGE_CURVE('',#8677,#8654,#8685,.T.);
#8685 = LINE('',#8686,#8687);
#8686 = CARTESIAN_POINT('',(4.25,-5.E-02,-3.4));
#8687 = VECTOR('',#8688,1.);
#8688 = DIRECTION('',(-1.,1.224646799147E-16,0.));
#8689 = ORIENTED_EDGE('',*,*,#8661,.T.);
#8690 = ORIENTED_EDGE('',*,*,#6108,.F.);
#8691 = PLANE('',#8692);
#8692 = AXIS2_PLACEMENT_3D('',#8693,#8694,#8695);
#8693 = CARTESIAN_POINT('',(4.25,-0.15,-3.3));
#8694 = DIRECTION('',(-8.486018839685E-17,-0.707106781187,
    -0.707106781187));
#8695 = DIRECTION('',(1.,-1.212375546256E-16,1.227125289196E-18));
#8696 = ADVANCED_FACE('',(#8697),#8708,.T.);
#8697 = FACE_BOUND('',#8698,.F.);
#8698 = EDGE_LOOP('',(#8699,#8700,#8706,#8707));
#8699 = ORIENTED_EDGE('',*,*,#8621,.F.);
#8700 = ORIENTED_EDGE('',*,*,#8701,.T.);
#8701 = EDGE_CURVE('',#8622,#8677,#8702,.T.);
#8702 = LINE('',#8703,#8704);
#8703 = CARTESIAN_POINT('',(4.05,0.25,-3.4));
#8704 = VECTOR('',#8705,1.);
#8705 = DIRECTION('',(-1.224646799147E-16,-1.,0.));
#8706 = ORIENTED_EDGE('',*,*,#8676,.T.);
#8707 = ORIENTED_EDGE('',*,*,#6124,.F.);
#8708 = PLANE('',#8709);
#8709 = AXIS2_PLACEMENT_3D('',#8710,#8711,#8712);
#8710 = CARTESIAN_POINT('',(4.15,0.25,-3.3));
#8711 = DIRECTION('',(0.707106781187,-8.486018839685E-17,-0.707106781187
    ));
#8712 = DIRECTION('',(1.212375546256E-16,1.,1.227125289196E-18));
#8713 = ADVANCED_FACE('',(#8714),#8739,.T.);
#8714 = FACE_BOUND('',#8715,.F.);
#8715 = EDGE_LOOP('',(#8716,#8724,#8732,#8738));
#8716 = ORIENTED_EDGE('',*,*,#8717,.F.);
#8717 = EDGE_CURVE('',#8718,#6142,#8720,.T.);
#8718 = VERTEX_POINT('',#8719);
#8719 = CARTESIAN_POINT('',(6.05,5.E-02,-3.4));
#8720 = LINE('',#8721,#8722);
#8721 = CARTESIAN_POINT('',(6.183333333333,0.183333333333,
    -3.266666666667));
#8722 = VECTOR('',#8723,1.);
#8723 = DIRECTION('',(0.57735026919,0.57735026919,0.57735026919));
#8724 = ORIENTED_EDGE('',*,*,#8725,.T.);
#8725 = EDGE_CURVE('',#8718,#8726,#8728,.T.);
#8726 = VERTEX_POINT('',#8727);
#8727 = CARTESIAN_POINT('',(6.05,-5.E-02,-3.4));
#8728 = LINE('',#8729,#8730);
#8729 = CARTESIAN_POINT('',(6.05,0.25,-3.4));
#8730 = VECTOR('',#8731,1.);
#8731 = DIRECTION('',(-1.224646799147E-16,-1.,0.));
#8732 = ORIENTED_EDGE('',*,*,#8733,.T.);
#8733 = EDGE_CURVE('',#8726,#6144,#8734,.T.);
#8734 = LINE('',#8735,#8736);
#8735 = CARTESIAN_POINT('',(6.1,-0.1,-3.35));
#8736 = VECTOR('',#8737,1.);
#8737 = DIRECTION('',(0.57735026919,-0.57735026919,0.57735026919));
#8738 = ORIENTED_EDGE('',*,*,#6141,.F.);
#8739 = PLANE('',#8740);
#8740 = AXIS2_PLACEMENT_3D('',#8741,#8742,#8743);
#8741 = CARTESIAN_POINT('',(6.15,0.25,-3.3));
#8742 = DIRECTION('',(0.707106781187,-8.486018839685E-17,-0.707106781187
    ));
#8743 = DIRECTION('',(1.212375546256E-16,1.,1.227125289196E-18));
#8744 = ADVANCED_FACE('',(#8745),#8763,.T.);
#8745 = FACE_BOUND('',#8746,.T.);
#8746 = EDGE_LOOP('',(#8747,#8748,#8756,#8762));
#8747 = ORIENTED_EDGE('',*,*,#8717,.F.);
#8748 = ORIENTED_EDGE('',*,*,#8749,.T.);
#8749 = EDGE_CURVE('',#8718,#8750,#8752,.T.);
#8750 = VERTEX_POINT('',#8751);
#8751 = CARTESIAN_POINT('',(5.95,5.E-02,-3.4));
#8752 = LINE('',#8753,#8754);
#8753 = CARTESIAN_POINT('',(6.25,5.E-02,-3.4));
#8754 = VECTOR('',#8755,1.);
#8755 = DIRECTION('',(-1.,1.224646799147E-16,0.));
#8756 = ORIENTED_EDGE('',*,*,#8757,.T.);
#8757 = EDGE_CURVE('',#8750,#6175,#8758,.T.);
#8758 = LINE('',#8759,#8760);
#8759 = CARTESIAN_POINT('',(5.9,0.1,-3.35));
#8760 = VECTOR('',#8761,1.);
#8761 = DIRECTION('',(-0.57735026919,0.57735026919,0.57735026919));
#8762 = ORIENTED_EDGE('',*,*,#6182,.F.);
#8763 = PLANE('',#8764);
#8764 = AXIS2_PLACEMENT_3D('',#8765,#8766,#8767);
#8765 = CARTESIAN_POINT('',(6.25,0.15,-3.3));
#8766 = DIRECTION('',(8.486018839685E-17,0.707106781187,-0.707106781187)
  );
#8767 = DIRECTION('',(-1.,1.212375546256E-16,1.227125289196E-18));
#8768 = ADVANCED_FACE('',(#8769),#8787,.F.);
#8769 = FACE_BOUND('',#8770,.T.);
#8770 = EDGE_LOOP('',(#8771,#8772,#8780,#8786));
#8771 = ORIENTED_EDGE('',*,*,#8757,.F.);
#8772 = ORIENTED_EDGE('',*,*,#8773,.T.);
#8773 = EDGE_CURVE('',#8750,#8774,#8776,.T.);
#8774 = VERTEX_POINT('',#8775);
#8775 = CARTESIAN_POINT('',(5.95,-5.E-02,-3.4));
#8776 = LINE('',#8777,#8778);
#8777 = CARTESIAN_POINT('',(5.95,0.25,-3.4));
#8778 = VECTOR('',#8779,1.);
#8779 = DIRECTION('',(-1.224646799147E-16,-1.,0.));
#8780 = ORIENTED_EDGE('',*,*,#8781,.T.);
#8781 = EDGE_CURVE('',#8774,#6197,#8782,.T.);
#8782 = LINE('',#8783,#8784);
#8783 = CARTESIAN_POINT('',(5.983333333333,-1.666666666667E-02,
    -3.433333333333));
#8784 = VECTOR('',#8785,1.);
#8785 = DIRECTION('',(-0.57735026919,-0.57735026919,0.57735026919));
#8786 = ORIENTED_EDGE('',*,*,#6196,.F.);
#8787 = PLANE('',#8788);
#8788 = AXIS2_PLACEMENT_3D('',#8789,#8790,#8791);
#8789 = CARTESIAN_POINT('',(5.85,0.25,-3.3));
#8790 = DIRECTION('',(0.707106781187,-8.833102285013E-17,0.707106781187)
  );
#8791 = DIRECTION('',(1.236918052038E-16,1.,1.227125289097E-18));
#8792 = ADVANCED_FACE('',(#8793),#8804,.T.);
#8793 = FACE_BOUND('',#8794,.F.);
#8794 = EDGE_LOOP('',(#8795,#8796,#8802,#8803));
#8795 = ORIENTED_EDGE('',*,*,#8733,.F.);
#8796 = ORIENTED_EDGE('',*,*,#8797,.T.);
#8797 = EDGE_CURVE('',#8726,#8774,#8798,.T.);
#8798 = LINE('',#8799,#8800);
#8799 = CARTESIAN_POINT('',(6.25,-5.E-02,-3.4));
#8800 = VECTOR('',#8801,1.);
#8801 = DIRECTION('',(-1.,1.224646799147E-16,0.));
#8802 = ORIENTED_EDGE('',*,*,#8781,.T.);
#8803 = ORIENTED_EDGE('',*,*,#6221,.F.);
#8804 = PLANE('',#8805);
#8805 = AXIS2_PLACEMENT_3D('',#8806,#8807,#8808);
#8806 = CARTESIAN_POINT('',(6.25,-0.15,-3.3));
#8807 = DIRECTION('',(-8.486018839685E-17,-0.707106781187,
    -0.707106781187));
#8808 = DIRECTION('',(1.,-1.212375546256E-16,1.227125289196E-18));
#8809 = ADVANCED_FACE('',(#8810),#8835,.T.);
#8810 = FACE_BOUND('',#8811,.F.);
#8811 = EDGE_LOOP('',(#8812,#8820,#8828,#8834));
#8812 = ORIENTED_EDGE('',*,*,#8813,.F.);
#8813 = EDGE_CURVE('',#8814,#6238,#8816,.T.);
#8814 = VERTEX_POINT('',#8815);
#8815 = CARTESIAN_POINT('',(8.05,5.E-02,-3.4));
#8816 = LINE('',#8817,#8818);
#8817 = CARTESIAN_POINT('',(8.183333333333,0.183333333333,
    -3.266666666667));
#8818 = VECTOR('',#8819,1.);
#8819 = DIRECTION('',(0.57735026919,0.57735026919,0.57735026919));
#8820 = ORIENTED_EDGE('',*,*,#8821,.T.);
#8821 = EDGE_CURVE('',#8814,#8822,#8824,.T.);
#8822 = VERTEX_POINT('',#8823);
#8823 = CARTESIAN_POINT('',(8.05,-5.E-02,-3.4));
#8824 = LINE('',#8825,#8826);
#8825 = CARTESIAN_POINT('',(8.05,0.25,-3.4));
#8826 = VECTOR('',#8827,1.);
#8827 = DIRECTION('',(-1.224646799147E-16,-1.,0.));
#8828 = ORIENTED_EDGE('',*,*,#8829,.T.);
#8829 = EDGE_CURVE('',#8822,#6240,#8830,.T.);
#8830 = LINE('',#8831,#8832);
#8831 = CARTESIAN_POINT('',(8.1,-0.1,-3.35));
#8832 = VECTOR('',#8833,1.);
#8833 = DIRECTION('',(0.57735026919,-0.57735026919,0.57735026919));
#8834 = ORIENTED_EDGE('',*,*,#6237,.F.);
#8835 = PLANE('',#8836);
#8836 = AXIS2_PLACEMENT_3D('',#8837,#8838,#8839);
#8837 = CARTESIAN_POINT('',(8.15,0.25,-3.3));
#8838 = DIRECTION('',(0.707106781187,-8.486018839685E-17,-0.707106781187
    ));
#8839 = DIRECTION('',(1.212375546256E-16,1.,1.227125289196E-18));
#8840 = ADVANCED_FACE('',(#8841),#8859,.T.);
#8841 = FACE_BOUND('',#8842,.T.);
#8842 = EDGE_LOOP('',(#8843,#8844,#8852,#8858));
#8843 = ORIENTED_EDGE('',*,*,#8813,.F.);
#8844 = ORIENTED_EDGE('',*,*,#8845,.T.);
#8845 = EDGE_CURVE('',#8814,#8846,#8848,.T.);
#8846 = VERTEX_POINT('',#8847);
#8847 = CARTESIAN_POINT('',(7.95,5.E-02,-3.4));
#8848 = LINE('',#8849,#8850);
#8849 = CARTESIAN_POINT('',(8.25,5.E-02,-3.4));
#8850 = VECTOR('',#8851,1.);
#8851 = DIRECTION('',(-1.,1.224646799147E-16,0.));
#8852 = ORIENTED_EDGE('',*,*,#8853,.T.);
#8853 = EDGE_CURVE('',#8846,#6271,#8854,.T.);
#8854 = LINE('',#8855,#8856);
#8855 = CARTESIAN_POINT('',(7.9,0.1,-3.35));
#8856 = VECTOR('',#8857,1.);
#8857 = DIRECTION('',(-0.57735026919,0.57735026919,0.57735026919));
#8858 = ORIENTED_EDGE('',*,*,#6278,.F.);
#8859 = PLANE('',#8860);
#8860 = AXIS2_PLACEMENT_3D('',#8861,#8862,#8863);
#8861 = CARTESIAN_POINT('',(8.25,0.15,-3.3));
#8862 = DIRECTION('',(8.486018839685E-17,0.707106781187,-0.707106781187)
  );
#8863 = DIRECTION('',(-1.,1.212375546256E-16,1.227125289196E-18));
#8864 = ADVANCED_FACE('',(#8865),#8883,.F.);
#8865 = FACE_BOUND('',#8866,.T.);
#8866 = EDGE_LOOP('',(#8867,#8868,#8876,#8882));
#8867 = ORIENTED_EDGE('',*,*,#8853,.F.);
#8868 = ORIENTED_EDGE('',*,*,#8869,.T.);
#8869 = EDGE_CURVE('',#8846,#8870,#8872,.T.);
#8870 = VERTEX_POINT('',#8871);
#8871 = CARTESIAN_POINT('',(7.95,-5.E-02,-3.4));
#8872 = LINE('',#8873,#8874);
#8873 = CARTESIAN_POINT('',(7.95,0.25,-3.4));
#8874 = VECTOR('',#8875,1.);
#8875 = DIRECTION('',(-1.224646799147E-16,-1.,0.));
#8876 = ORIENTED_EDGE('',*,*,#8877,.T.);
#8877 = EDGE_CURVE('',#8870,#6293,#8878,.T.);
#8878 = LINE('',#8879,#8880);
#8879 = CARTESIAN_POINT('',(7.983333333333,-1.666666666667E-02,
    -3.433333333333));
#8880 = VECTOR('',#8881,1.);
#8881 = DIRECTION('',(-0.57735026919,-0.57735026919,0.57735026919));
#8882 = ORIENTED_EDGE('',*,*,#6292,.F.);
#8883 = PLANE('',#8884);
#8884 = AXIS2_PLACEMENT_3D('',#8885,#8886,#8887);
#8885 = CARTESIAN_POINT('',(7.85,0.25,-3.3));
#8886 = DIRECTION('',(0.707106781187,-8.833102285013E-17,0.707106781187)
  );
#8887 = DIRECTION('',(1.236918052038E-16,1.,1.227125289097E-18));
#8888 = ADVANCED_FACE('',(#8889),#8900,.T.);
#8889 = FACE_BOUND('',#8890,.F.);
#8890 = EDGE_LOOP('',(#8891,#8892,#8898,#8899));
#8891 = ORIENTED_EDGE('',*,*,#8829,.F.);
#8892 = ORIENTED_EDGE('',*,*,#8893,.T.);
#8893 = EDGE_CURVE('',#8822,#8870,#8894,.T.);
#8894 = LINE('',#8895,#8896);
#8895 = CARTESIAN_POINT('',(8.25,-5.E-02,-3.4));
#8896 = VECTOR('',#8897,1.);
#8897 = DIRECTION('',(-1.,1.224646799147E-16,0.));
#8898 = ORIENTED_EDGE('',*,*,#8877,.T.);
#8899 = ORIENTED_EDGE('',*,*,#6317,.F.);
#8900 = PLANE('',#8901);
#8901 = AXIS2_PLACEMENT_3D('',#8902,#8903,#8904);
#8902 = CARTESIAN_POINT('',(8.25,-0.15,-3.3));
#8903 = DIRECTION('',(-8.486018839685E-17,-0.707106781187,
    -0.707106781187));
#8904 = DIRECTION('',(1.,-1.212375546256E-16,1.227125289196E-18));
#8905 = ADVANCED_FACE('',(#8906),#8931,.T.);
#8906 = FACE_BOUND('',#8907,.T.);
#8907 = EDGE_LOOP('',(#8908,#8916,#8924,#8930));
#8908 = ORIENTED_EDGE('',*,*,#8909,.F.);
#8909 = EDGE_CURVE('',#8910,#6334,#8912,.T.);
#8910 = VERTEX_POINT('',#8911);
#8911 = CARTESIAN_POINT('',(10.05,5.E-02,-3.4));
#8912 = LINE('',#8913,#8914);
#8913 = CARTESIAN_POINT('',(10.183333333333,0.183333333333,
    -3.266666666667));
#8914 = VECTOR('',#8915,1.);
#8915 = DIRECTION('',(0.57735026919,0.57735026919,0.57735026919));
#8916 = ORIENTED_EDGE('',*,*,#8917,.T.);
#8917 = EDGE_CURVE('',#8910,#8918,#8920,.T.);
#8918 = VERTEX_POINT('',#8919);
#8919 = CARTESIAN_POINT('',(9.95,5.E-02,-3.4));
#8920 = LINE('',#8921,#8922);
#8921 = CARTESIAN_POINT('',(10.25,5.E-02,-3.4));
#8922 = VECTOR('',#8923,1.);
#8923 = DIRECTION('',(-1.,1.224646799147E-16,0.));
#8924 = ORIENTED_EDGE('',*,*,#8925,.T.);
#8925 = EDGE_CURVE('',#8918,#6343,#8926,.T.);
#8926 = LINE('',#8927,#8928);
#8927 = CARTESIAN_POINT('',(9.9,0.1,-3.35));
#8928 = VECTOR('',#8929,1.);
#8929 = DIRECTION('',(-0.57735026919,0.57735026919,0.57735026919));
#8930 = ORIENTED_EDGE('',*,*,#6350,.F.);
#8931 = PLANE('',#8932);
#8932 = AXIS2_PLACEMENT_3D('',#8933,#8934,#8935);
#8933 = CARTESIAN_POINT('',(10.25,0.15,-3.3));
#8934 = DIRECTION('',(8.486018839685E-17,0.707106781187,-0.707106781187)
  );
#8935 = DIRECTION('',(-1.,1.212375546256E-16,1.227125289196E-18));
#8936 = ADVANCED_FACE('',(#8937),#8955,.F.);
#8937 = FACE_BOUND('',#8938,.T.);
#8938 = EDGE_LOOP('',(#8939,#8940,#8948,#8954));
#8939 = ORIENTED_EDGE('',*,*,#8925,.F.);
#8940 = ORIENTED_EDGE('',*,*,#8941,.T.);
#8941 = EDGE_CURVE('',#8918,#8942,#8944,.T.);
#8942 = VERTEX_POINT('',#8943);
#8943 = CARTESIAN_POINT('',(9.95,-5.E-02,-3.4));
#8944 = LINE('',#8945,#8946);
#8945 = CARTESIAN_POINT('',(9.95,0.25,-3.4));
#8946 = VECTOR('',#8947,1.);
#8947 = DIRECTION('',(-1.224646799147E-16,-1.,0.));
#8948 = ORIENTED_EDGE('',*,*,#8949,.T.);
#8949 = EDGE_CURVE('',#8942,#6365,#8950,.T.);
#8950 = LINE('',#8951,#8952);
#8951 = CARTESIAN_POINT('',(9.983333333333,-1.666666666667E-02,
    -3.433333333333));
#8952 = VECTOR('',#8953,1.);
#8953 = DIRECTION('',(-0.57735026919,-0.57735026919,0.57735026919));
#8954 = ORIENTED_EDGE('',*,*,#6364,.F.);
#8955 = PLANE('',#8956);
#8956 = AXIS2_PLACEMENT_3D('',#8957,#8958,#8959);
#8957 = CARTESIAN_POINT('',(9.85,0.25,-3.3));
#8958 = DIRECTION('',(0.707106781187,-8.833102285013E-17,0.707106781187)
  );
#8959 = DIRECTION('',(1.236918052038E-16,1.,1.227125289097E-18));
#8960 = ADVANCED_FACE('',(#8961),#8979,.T.);
#8961 = FACE_BOUND('',#8962,.F.);
#8962 = EDGE_LOOP('',(#8963,#8971,#8977,#8978));
#8963 = ORIENTED_EDGE('',*,*,#8964,.F.);
#8964 = EDGE_CURVE('',#8965,#6389,#8967,.T.);
#8965 = VERTEX_POINT('',#8966);
#8966 = CARTESIAN_POINT('',(10.05,-5.E-02,-3.4));
#8967 = LINE('',#8968,#8969);
#8968 = CARTESIAN_POINT('',(10.1,-0.1,-3.35));
#8969 = VECTOR('',#8970,1.);
#8970 = DIRECTION('',(0.57735026919,-0.57735026919,0.57735026919));
#8971 = ORIENTED_EDGE('',*,*,#8972,.T.);
#8972 = EDGE_CURVE('',#8965,#8942,#8973,.T.);
#8973 = LINE('',#8974,#8975);
#8974 = CARTESIAN_POINT('',(10.25,-5.E-02,-3.4));
#8975 = VECTOR('',#8976,1.);
#8976 = DIRECTION('',(-1.,1.224646799147E-16,0.));
#8977 = ORIENTED_EDGE('',*,*,#8949,.T.);
#8978 = ORIENTED_EDGE('',*,*,#6396,.F.);
#8979 = PLANE('',#8980);
#8980 = AXIS2_PLACEMENT_3D('',#8981,#8982,#8983);
#8981 = CARTESIAN_POINT('',(10.25,-0.15,-3.3));
#8982 = DIRECTION('',(-8.486018839685E-17,-0.707106781187,
    -0.707106781187));
#8983 = DIRECTION('',(1.,-1.212375546256E-16,1.227125289196E-18));
#8984 = ADVANCED_FACE('',(#8985),#8996,.T.);
#8985 = FACE_BOUND('',#8986,.F.);
#8986 = EDGE_LOOP('',(#8987,#8988,#8994,#8995));
#8987 = ORIENTED_EDGE('',*,*,#8909,.F.);
#8988 = ORIENTED_EDGE('',*,*,#8989,.T.);
#8989 = EDGE_CURVE('',#8910,#8965,#8990,.T.);
#8990 = LINE('',#8991,#8992);
#8991 = CARTESIAN_POINT('',(10.05,0.25,-3.4));
#8992 = VECTOR('',#8993,1.);
#8993 = DIRECTION('',(-1.224646799147E-16,-1.,0.));
#8994 = ORIENTED_EDGE('',*,*,#8964,.T.);
#8995 = ORIENTED_EDGE('',*,*,#6412,.F.);
#8996 = PLANE('',#8997);
#8997 = AXIS2_PLACEMENT_3D('',#8998,#8999,#9000);
#8998 = CARTESIAN_POINT('',(10.15,0.25,-3.3));
#8999 = DIRECTION('',(0.707106781187,-8.486018839685E-17,-0.707106781187
    ));
#9000 = DIRECTION('',(1.212375546256E-16,1.,1.227125289196E-18));
#9001 = ADVANCED_FACE('',(#9002),#9027,.T.);
#9002 = FACE_BOUND('',#9003,.F.);
#9003 = EDGE_LOOP('',(#9004,#9012,#9020,#9026));
#9004 = ORIENTED_EDGE('',*,*,#9005,.F.);
#9005 = EDGE_CURVE('',#9006,#6430,#9008,.T.);
#9006 = VERTEX_POINT('',#9007);
#9007 = CARTESIAN_POINT('',(12.05,5.E-02,-3.4));
#9008 = LINE('',#9009,#9010);
#9009 = CARTESIAN_POINT('',(12.183333333333,0.183333333333,
    -3.266666666667));
#9010 = VECTOR('',#9011,1.);
#9011 = DIRECTION('',(0.57735026919,0.57735026919,0.57735026919));
#9012 = ORIENTED_EDGE('',*,*,#9013,.T.);
#9013 = EDGE_CURVE('',#9006,#9014,#9016,.T.);
#9014 = VERTEX_POINT('',#9015);
#9015 = CARTESIAN_POINT('',(12.05,-5.E-02,-3.4));
#9016 = LINE('',#9017,#9018);
#9017 = CARTESIAN_POINT('',(12.05,0.25,-3.4));
#9018 = VECTOR('',#9019,1.);
#9019 = DIRECTION('',(-1.224646799147E-16,-1.,0.));
#9020 = ORIENTED_EDGE('',*,*,#9021,.T.);
#9021 = EDGE_CURVE('',#9014,#6432,#9022,.T.);
#9022 = LINE('',#9023,#9024);
#9023 = CARTESIAN_POINT('',(12.1,-0.1,-3.35));
#9024 = VECTOR('',#9025,1.);
#9025 = DIRECTION('',(0.57735026919,-0.57735026919,0.57735026919));
#9026 = ORIENTED_EDGE('',*,*,#6429,.F.);
#9027 = PLANE('',#9028);
#9028 = AXIS2_PLACEMENT_3D('',#9029,#9030,#9031);
#9029 = CARTESIAN_POINT('',(12.15,0.25,-3.3));
#9030 = DIRECTION('',(0.707106781187,-8.486018839685E-17,-0.707106781187
    ));
#9031 = DIRECTION('',(1.212375546256E-16,1.,1.227125289196E-18));
#9032 = ADVANCED_FACE('',(#9033),#9051,.T.);
#9033 = FACE_BOUND('',#9034,.T.);
#9034 = EDGE_LOOP('',(#9035,#9036,#9044,#9050));
#9035 = ORIENTED_EDGE('',*,*,#9005,.F.);
#9036 = ORIENTED_EDGE('',*,*,#9037,.T.);
#9037 = EDGE_CURVE('',#9006,#9038,#9040,.T.);
#9038 = VERTEX_POINT('',#9039);
#9039 = CARTESIAN_POINT('',(11.95,5.E-02,-3.4));
#9040 = LINE('',#9041,#9042);
#9041 = CARTESIAN_POINT('',(12.25,5.E-02,-3.4));
#9042 = VECTOR('',#9043,1.);
#9043 = DIRECTION('',(-1.,1.224646799147E-16,0.));
#9044 = ORIENTED_EDGE('',*,*,#9045,.T.);
#9045 = EDGE_CURVE('',#9038,#6463,#9046,.T.);
#9046 = LINE('',#9047,#9048);
#9047 = CARTESIAN_POINT('',(11.9,0.1,-3.35));
#9048 = VECTOR('',#9049,1.);
#9049 = DIRECTION('',(-0.57735026919,0.57735026919,0.57735026919));
#9050 = ORIENTED_EDGE('',*,*,#6470,.F.);
#9051 = PLANE('',#9052);
#9052 = AXIS2_PLACEMENT_3D('',#9053,#9054,#9055);
#9053 = CARTESIAN_POINT('',(12.25,0.15,-3.3));
#9054 = DIRECTION('',(8.486018839685E-17,0.707106781187,-0.707106781187)
  );
#9055 = DIRECTION('',(-1.,1.212375546256E-16,1.227125289196E-18));
#9056 = ADVANCED_FACE('',(#9057),#9075,.F.);
#9057 = FACE_BOUND('',#9058,.T.);
#9058 = EDGE_LOOP('',(#9059,#9060,#9068,#9074));
#9059 = ORIENTED_EDGE('',*,*,#9045,.F.);
#9060 = ORIENTED_EDGE('',*,*,#9061,.T.);
#9061 = EDGE_CURVE('',#9038,#9062,#9064,.T.);
#9062 = VERTEX_POINT('',#9063);
#9063 = CARTESIAN_POINT('',(11.95,-5.E-02,-3.4));
#9064 = LINE('',#9065,#9066);
#9065 = CARTESIAN_POINT('',(11.95,0.25,-3.4));
#9066 = VECTOR('',#9067,1.);
#9067 = DIRECTION('',(-1.224646799147E-16,-1.,0.));
#9068 = ORIENTED_EDGE('',*,*,#9069,.T.);
#9069 = EDGE_CURVE('',#9062,#6485,#9070,.T.);
#9070 = LINE('',#9071,#9072);
#9071 = CARTESIAN_POINT('',(11.983333333333,-1.666666666667E-02,
    -3.433333333333));
#9072 = VECTOR('',#9073,1.);
#9073 = DIRECTION('',(-0.57735026919,-0.57735026919,0.57735026919));
#9074 = ORIENTED_EDGE('',*,*,#6484,.F.);
#9075 = PLANE('',#9076);
#9076 = AXIS2_PLACEMENT_3D('',#9077,#9078,#9079);
#9077 = CARTESIAN_POINT('',(11.85,0.25,-3.3));
#9078 = DIRECTION('',(0.707106781187,-8.833102285013E-17,0.707106781187)
  );
#9079 = DIRECTION('',(1.236918052038E-16,1.,1.227125289097E-18));
#9080 = ADVANCED_FACE('',(#9081),#9092,.T.);
#9081 = FACE_BOUND('',#9082,.F.);
#9082 = EDGE_LOOP('',(#9083,#9084,#9090,#9091));
#9083 = ORIENTED_EDGE('',*,*,#9021,.F.);
#9084 = ORIENTED_EDGE('',*,*,#9085,.T.);
#9085 = EDGE_CURVE('',#9014,#9062,#9086,.T.);
#9086 = LINE('',#9087,#9088);
#9087 = CARTESIAN_POINT('',(12.25,-5.E-02,-3.4));
#9088 = VECTOR('',#9089,1.);
#9089 = DIRECTION('',(-1.,1.224646799147E-16,0.));
#9090 = ORIENTED_EDGE('',*,*,#9069,.T.);
#9091 = ORIENTED_EDGE('',*,*,#6509,.F.);
#9092 = PLANE('',#9093);
#9093 = AXIS2_PLACEMENT_3D('',#9094,#9095,#9096);
#9094 = CARTESIAN_POINT('',(12.25,-0.15,-3.3));
#9095 = DIRECTION('',(-8.486018839685E-17,-0.707106781187,
    -0.707106781187));
#9096 = DIRECTION('',(1.,-1.212375546256E-16,1.227125289196E-18));
#9097 = ADVANCED_FACE('',(#9098),#9123,.F.);
#9098 = FACE_BOUND('',#9099,.T.);
#9099 = EDGE_LOOP('',(#9100,#9108,#9116,#9122));
#9100 = ORIENTED_EDGE('',*,*,#9101,.F.);
#9101 = EDGE_CURVE('',#9102,#6526,#9104,.T.);
#9102 = VERTEX_POINT('',#9103);
#9103 = CARTESIAN_POINT('',(13.95,5.E-02,-3.4));
#9104 = LINE('',#9105,#9106);
#9105 = CARTESIAN_POINT('',(13.9,0.1,-3.35));
#9106 = VECTOR('',#9107,1.);
#9107 = DIRECTION('',(-0.57735026919,0.57735026919,0.57735026919));
#9108 = ORIENTED_EDGE('',*,*,#9109,.T.);
#9109 = EDGE_CURVE('',#9102,#9110,#9112,.T.);
#9110 = VERTEX_POINT('',#9111);
#9111 = CARTESIAN_POINT('',(13.95,-5.E-02,-3.4));
#9112 = LINE('',#9113,#9114);
#9113 = CARTESIAN_POINT('',(13.95,0.25,-3.4));
#9114 = VECTOR('',#9115,1.);
#9115 = DIRECTION('',(-1.224646799147E-16,-1.,0.));
#9116 = ORIENTED_EDGE('',*,*,#9117,.T.);
#9117 = EDGE_CURVE('',#9110,#6528,#9118,.T.);
#9118 = LINE('',#9119,#9120);
#9119 = CARTESIAN_POINT('',(13.983333333333,-1.666666666667E-02,
    -3.433333333333));
#9120 = VECTOR('',#9121,1.);
#9121 = DIRECTION('',(-0.57735026919,-0.57735026919,0.57735026919));
#9122 = ORIENTED_EDGE('',*,*,#6525,.F.);
#9123 = PLANE('',#9124);
#9124 = AXIS2_PLACEMENT_3D('',#9125,#9126,#9127);
#9125 = CARTESIAN_POINT('',(13.85,0.25,-3.3));
#9126 = DIRECTION('',(0.707106781187,-8.833102285013E-17,0.707106781187)
  );
#9127 = DIRECTION('',(1.236918052038E-16,1.,1.227125289097E-18));
#9128 = ADVANCED_FACE('',(#9129),#9147,.T.);
#9129 = FACE_BOUND('',#9130,.F.);
#9130 = EDGE_LOOP('',(#9131,#9139,#9145,#9146));
#9131 = ORIENTED_EDGE('',*,*,#9132,.F.);
#9132 = EDGE_CURVE('',#9133,#6557,#9135,.T.);
#9133 = VERTEX_POINT('',#9134);
#9134 = CARTESIAN_POINT('',(14.05,-5.E-02,-3.4));
#9135 = LINE('',#9136,#9137);
#9136 = CARTESIAN_POINT('',(14.1,-0.1,-3.35));
#9137 = VECTOR('',#9138,1.);
#9138 = DIRECTION('',(0.57735026919,-0.57735026919,0.57735026919));
#9139 = ORIENTED_EDGE('',*,*,#9140,.T.);
#9140 = EDGE_CURVE('',#9133,#9110,#9141,.T.);
#9141 = LINE('',#9142,#9143);
#9142 = CARTESIAN_POINT('',(14.25,-5.E-02,-3.4));
#9143 = VECTOR('',#9144,1.);
#9144 = DIRECTION('',(-1.,1.224646799147E-16,0.));
#9145 = ORIENTED_EDGE('',*,*,#9117,.T.);
#9146 = ORIENTED_EDGE('',*,*,#6564,.F.);
#9147 = PLANE('',#9148);
#9148 = AXIS2_PLACEMENT_3D('',#9149,#9150,#9151);
#9149 = CARTESIAN_POINT('',(14.25,-0.15,-3.3));
#9150 = DIRECTION('',(-8.486018839685E-17,-0.707106781187,
    -0.707106781187));
#9151 = DIRECTION('',(1.,-1.212375546256E-16,1.227125289196E-18));
#9152 = ADVANCED_FACE('',(#9153),#9171,.T.);
#9153 = FACE_BOUND('',#9154,.F.);
#9154 = EDGE_LOOP('',(#9155,#9163,#9169,#9170));
#9155 = ORIENTED_EDGE('',*,*,#9156,.F.);
#9156 = EDGE_CURVE('',#9157,#6581,#9159,.T.);
#9157 = VERTEX_POINT('',#9158);
#9158 = CARTESIAN_POINT('',(14.05,5.E-02,-3.4));
#9159 = LINE('',#9160,#9161);
#9160 = CARTESIAN_POINT('',(14.183333333333,0.183333333333,
    -3.266666666667));
#9161 = VECTOR('',#9162,1.);
#9162 = DIRECTION('',(0.57735026919,0.57735026919,0.57735026919));
#9163 = ORIENTED_EDGE('',*,*,#9164,.T.);
#9164 = EDGE_CURVE('',#9157,#9133,#9165,.T.);
#9165 = LINE('',#9166,#9167);
#9166 = CARTESIAN_POINT('',(14.05,0.25,-3.4));
#9167 = VECTOR('',#9168,1.);
#9168 = DIRECTION('',(-1.224646799147E-16,-1.,0.));
#9169 = ORIENTED_EDGE('',*,*,#9132,.T.);
#9170 = ORIENTED_EDGE('',*,*,#6580,.F.);
#9171 = PLANE('',#9172);
#9172 = AXIS2_PLACEMENT_3D('',#9173,#9174,#9175);
#9173 = CARTESIAN_POINT('',(14.15,0.25,-3.3));
#9174 = DIRECTION('',(0.707106781187,-8.486018839685E-17,-0.707106781187
    ));
#9175 = DIRECTION('',(1.212375546256E-16,1.,1.227125289196E-18));
#9176 = ADVANCED_FACE('',(#9177),#9188,.T.);
#9177 = FACE_BOUND('',#9178,.T.);
#9178 = EDGE_LOOP('',(#9179,#9180,#9186,#9187));
#9179 = ORIENTED_EDGE('',*,*,#9156,.F.);
#9180 = ORIENTED_EDGE('',*,*,#9181,.T.);
#9181 = EDGE_CURVE('',#9157,#9102,#9182,.T.);
#9182 = LINE('',#9183,#9184);
#9183 = CARTESIAN_POINT('',(14.25,5.E-02,-3.4));
#9184 = VECTOR('',#9185,1.);
#9185 = DIRECTION('',(-1.,1.224646799147E-16,0.));
#9186 = ORIENTED_EDGE('',*,*,#9101,.T.);
#9187 = ORIENTED_EDGE('',*,*,#6607,.F.);
#9188 = PLANE('',#9189);
#9189 = AXIS2_PLACEMENT_3D('',#9190,#9191,#9192);
#9190 = CARTESIAN_POINT('',(14.25,0.15,-3.3));
#9191 = DIRECTION('',(8.486018839685E-17,0.707106781187,-0.707106781187)
  );
#9192 = DIRECTION('',(-1.,1.212375546256E-16,1.227125289196E-18));
#9193 = ADVANCED_FACE('',(#9194),#9219,.T.);
#9194 = FACE_BOUND('',#9195,.F.);
#9195 = EDGE_LOOP('',(#9196,#9204,#9212,#9218));
#9196 = ORIENTED_EDGE('',*,*,#9197,.F.);
#9197 = EDGE_CURVE('',#9198,#6622,#9200,.T.);
#9198 = VERTEX_POINT('',#9199);
#9199 = CARTESIAN_POINT('',(16.05,5.E-02,-3.4));
#9200 = LINE('',#9201,#9202);
#9201 = CARTESIAN_POINT('',(16.183333333333,0.183333333333,
    -3.266666666667));
#9202 = VECTOR('',#9203,1.);
#9203 = DIRECTION('',(0.57735026919,0.57735026919,0.57735026919));
#9204 = ORIENTED_EDGE('',*,*,#9205,.T.);
#9205 = EDGE_CURVE('',#9198,#9206,#9208,.T.);
#9206 = VERTEX_POINT('',#9207);
#9207 = CARTESIAN_POINT('',(16.05,-5.E-02,-3.4));
#9208 = LINE('',#9209,#9210);
#9209 = CARTESIAN_POINT('',(16.05,0.25,-3.4));
#9210 = VECTOR('',#9211,1.);
#9211 = DIRECTION('',(-1.224646799147E-16,-1.,0.));
#9212 = ORIENTED_EDGE('',*,*,#9213,.T.);
#9213 = EDGE_CURVE('',#9206,#6624,#9214,.T.);
#9214 = LINE('',#9215,#9216);
#9215 = CARTESIAN_POINT('',(16.1,-0.1,-3.35));
#9216 = VECTOR('',#9217,1.);
#9217 = DIRECTION('',(0.57735026919,-0.57735026919,0.57735026919));
#9218 = ORIENTED_EDGE('',*,*,#6621,.F.);
#9219 = PLANE('',#9220);
#9220 = AXIS2_PLACEMENT_3D('',#9221,#9222,#9223);
#9221 = CARTESIAN_POINT('',(16.15,0.25,-3.3));
#9222 = DIRECTION('',(0.707106781187,-8.486018839685E-17,-0.707106781187
    ));
#9223 = DIRECTION('',(1.212375546256E-16,1.,1.227125289196E-18));
#9224 = ADVANCED_FACE('',(#9225),#9243,.T.);
#9225 = FACE_BOUND('',#9226,.T.);
#9226 = EDGE_LOOP('',(#9227,#9228,#9236,#9242));
#9227 = ORIENTED_EDGE('',*,*,#9197,.F.);
#9228 = ORIENTED_EDGE('',*,*,#9229,.T.);
#9229 = EDGE_CURVE('',#9198,#9230,#9232,.T.);
#9230 = VERTEX_POINT('',#9231);
#9231 = CARTESIAN_POINT('',(15.95,5.E-02,-3.4));
#9232 = LINE('',#9233,#9234);
#9233 = CARTESIAN_POINT('',(16.25,5.E-02,-3.4));
#9234 = VECTOR('',#9235,1.);
#9235 = DIRECTION('',(-1.,1.224646799147E-16,0.));
#9236 = ORIENTED_EDGE('',*,*,#9237,.T.);
#9237 = EDGE_CURVE('',#9230,#6655,#9238,.T.);
#9238 = LINE('',#9239,#9240);
#9239 = CARTESIAN_POINT('',(15.9,0.1,-3.35));
#9240 = VECTOR('',#9241,1.);
#9241 = DIRECTION('',(-0.57735026919,0.57735026919,0.57735026919));
#9242 = ORIENTED_EDGE('',*,*,#6662,.F.);
#9243 = PLANE('',#9244);
#9244 = AXIS2_PLACEMENT_3D('',#9245,#9246,#9247);
#9245 = CARTESIAN_POINT('',(16.25,0.15,-3.3));
#9246 = DIRECTION('',(8.486018839685E-17,0.707106781187,-0.707106781187)
  );
#9247 = DIRECTION('',(-1.,1.212375546256E-16,1.227125289196E-18));
#9248 = ADVANCED_FACE('',(#9249),#9267,.F.);
#9249 = FACE_BOUND('',#9250,.T.);
#9250 = EDGE_LOOP('',(#9251,#9252,#9260,#9266));
#9251 = ORIENTED_EDGE('',*,*,#9237,.F.);
#9252 = ORIENTED_EDGE('',*,*,#9253,.T.);
#9253 = EDGE_CURVE('',#9230,#9254,#9256,.T.);
#9254 = VERTEX_POINT('',#9255);
#9255 = CARTESIAN_POINT('',(15.95,-5.E-02,-3.4));
#9256 = LINE('',#9257,#9258);
#9257 = CARTESIAN_POINT('',(15.95,0.25,-3.4));
#9258 = VECTOR('',#9259,1.);
#9259 = DIRECTION('',(-1.224646799147E-16,-1.,0.));
#9260 = ORIENTED_EDGE('',*,*,#9261,.T.);
#9261 = EDGE_CURVE('',#9254,#6677,#9262,.T.);
#9262 = LINE('',#9263,#9264);
#9263 = CARTESIAN_POINT('',(15.983333333333,-1.666666666667E-02,
    -3.433333333333));
#9264 = VECTOR('',#9265,1.);
#9265 = DIRECTION('',(-0.57735026919,-0.57735026919,0.57735026919));
#9266 = ORIENTED_EDGE('',*,*,#6676,.F.);
#9267 = PLANE('',#9268);
#9268 = AXIS2_PLACEMENT_3D('',#9269,#9270,#9271);
#9269 = CARTESIAN_POINT('',(15.85,0.25,-3.3));
#9270 = DIRECTION('',(0.707106781187,-8.833102285013E-17,0.707106781187)
  );
#9271 = DIRECTION('',(1.236918052038E-16,1.,1.227125289097E-18));
#9272 = ADVANCED_FACE('',(#9273),#9284,.T.);
#9273 = FACE_BOUND('',#9274,.F.);
#9274 = EDGE_LOOP('',(#9275,#9276,#9282,#9283));
#9275 = ORIENTED_EDGE('',*,*,#9213,.F.);
#9276 = ORIENTED_EDGE('',*,*,#9277,.T.);
#9277 = EDGE_CURVE('',#9206,#9254,#9278,.T.);
#9278 = LINE('',#9279,#9280);
#9279 = CARTESIAN_POINT('',(16.25,-5.E-02,-3.4));
#9280 = VECTOR('',#9281,1.);
#9281 = DIRECTION('',(-1.,1.224646799147E-16,0.));
#9282 = ORIENTED_EDGE('',*,*,#9261,.T.);
#9283 = ORIENTED_EDGE('',*,*,#6701,.F.);
#9284 = PLANE('',#9285);
#9285 = AXIS2_PLACEMENT_3D('',#9286,#9287,#9288);
#9286 = CARTESIAN_POINT('',(16.25,-0.15,-3.3));
#9287 = DIRECTION('',(-8.486018839685E-17,-0.707106781187,
    -0.707106781187));
#9288 = DIRECTION('',(1.,-1.212375546256E-16,1.227125289196E-18));
#9289 = ADVANCED_FACE('',(#9290),#9315,.F.);
#9290 = FACE_BOUND('',#9291,.T.);
#9291 = EDGE_LOOP('',(#9292,#9300,#9308,#9314));
#9292 = ORIENTED_EDGE('',*,*,#9293,.F.);
#9293 = EDGE_CURVE('',#9294,#6718,#9296,.T.);
#9294 = VERTEX_POINT('',#9295);
#9295 = CARTESIAN_POINT('',(17.95,5.E-02,-3.4));
#9296 = LINE('',#9297,#9298);
#9297 = CARTESIAN_POINT('',(17.9,0.1,-3.35));
#9298 = VECTOR('',#9299,1.);
#9299 = DIRECTION('',(-0.57735026919,0.57735026919,0.57735026919));
#9300 = ORIENTED_EDGE('',*,*,#9301,.T.);
#9301 = EDGE_CURVE('',#9294,#9302,#9304,.T.);
#9302 = VERTEX_POINT('',#9303);
#9303 = CARTESIAN_POINT('',(17.95,-5.E-02,-3.4));
#9304 = LINE('',#9305,#9306);
#9305 = CARTESIAN_POINT('',(17.95,0.25,-3.4));
#9306 = VECTOR('',#9307,1.);
#9307 = DIRECTION('',(-1.224646799147E-16,-1.,0.));
#9308 = ORIENTED_EDGE('',*,*,#9309,.T.);
#9309 = EDGE_CURVE('',#9302,#6720,#9310,.T.);
#9310 = LINE('',#9311,#9312);
#9311 = CARTESIAN_POINT('',(17.983333333333,-1.666666666667E-02,
    -3.433333333333));
#9312 = VECTOR('',#9313,1.);
#9313 = DIRECTION('',(-0.57735026919,-0.57735026919,0.57735026919));
#9314 = ORIENTED_EDGE('',*,*,#6717,.F.);
#9315 = PLANE('',#9316);
#9316 = AXIS2_PLACEMENT_3D('',#9317,#9318,#9319);
#9317 = CARTESIAN_POINT('',(17.85,0.25,-3.3));
#9318 = DIRECTION('',(0.707106781187,-8.833102285013E-17,0.707106781187)
  );
#9319 = DIRECTION('',(1.236918052038E-16,1.,1.227125289097E-18));
#9320 = ADVANCED_FACE('',(#9321),#9339,.T.);
#9321 = FACE_BOUND('',#9322,.F.);
#9322 = EDGE_LOOP('',(#9323,#9331,#9337,#9338));
#9323 = ORIENTED_EDGE('',*,*,#9324,.F.);
#9324 = EDGE_CURVE('',#9325,#6749,#9327,.T.);
#9325 = VERTEX_POINT('',#9326);
#9326 = CARTESIAN_POINT('',(18.05,-5.E-02,-3.4));
#9327 = LINE('',#9328,#9329);
#9328 = CARTESIAN_POINT('',(18.1,-0.1,-3.35));
#9329 = VECTOR('',#9330,1.);
#9330 = DIRECTION('',(0.57735026919,-0.57735026919,0.57735026919));
#9331 = ORIENTED_EDGE('',*,*,#9332,.T.);
#9332 = EDGE_CURVE('',#9325,#9302,#9333,.T.);
#9333 = LINE('',#9334,#9335);
#9334 = CARTESIAN_POINT('',(18.25,-5.E-02,-3.4));
#9335 = VECTOR('',#9336,1.);
#9336 = DIRECTION('',(-1.,1.224646799147E-16,0.));
#9337 = ORIENTED_EDGE('',*,*,#9309,.T.);
#9338 = ORIENTED_EDGE('',*,*,#6756,.F.);
#9339 = PLANE('',#9340);
#9340 = AXIS2_PLACEMENT_3D('',#9341,#9342,#9343);
#9341 = CARTESIAN_POINT('',(18.25,-0.15,-3.3));
#9342 = DIRECTION('',(-8.486018839685E-17,-0.707106781187,
    -0.707106781187));
#9343 = DIRECTION('',(1.,-1.212375546256E-16,1.227125289196E-18));
#9344 = ADVANCED_FACE('',(#9345),#9363,.T.);
#9345 = FACE_BOUND('',#9346,.F.);
#9346 = EDGE_LOOP('',(#9347,#9355,#9361,#9362));
#9347 = ORIENTED_EDGE('',*,*,#9348,.F.);
#9348 = EDGE_CURVE('',#9349,#6773,#9351,.T.);
#9349 = VERTEX_POINT('',#9350);
#9350 = CARTESIAN_POINT('',(18.05,5.E-02,-3.4));
#9351 = LINE('',#9352,#9353);
#9352 = CARTESIAN_POINT('',(18.183333333333,0.183333333333,
    -3.266666666667));
#9353 = VECTOR('',#9354,1.);
#9354 = DIRECTION('',(0.57735026919,0.57735026919,0.57735026919));
#9355 = ORIENTED_EDGE('',*,*,#9356,.T.);
#9356 = EDGE_CURVE('',#9349,#9325,#9357,.T.);
#9357 = LINE('',#9358,#9359);
#9358 = CARTESIAN_POINT('',(18.05,0.25,-3.4));
#9359 = VECTOR('',#9360,1.);
#9360 = DIRECTION('',(-1.224646799147E-16,-1.,0.));
#9361 = ORIENTED_EDGE('',*,*,#9324,.T.);
#9362 = ORIENTED_EDGE('',*,*,#6772,.F.);
#9363 = PLANE('',#9364);
#9364 = AXIS2_PLACEMENT_3D('',#9365,#9366,#9367);
#9365 = CARTESIAN_POINT('',(18.15,0.25,-3.3));
#9366 = DIRECTION('',(0.707106781187,-8.486018839685E-17,-0.707106781187
    ));
#9367 = DIRECTION('',(1.212375546256E-16,1.,1.227125289196E-18));
#9368 = ADVANCED_FACE('',(#9369),#9380,.T.);
#9369 = FACE_BOUND('',#9370,.T.);
#9370 = EDGE_LOOP('',(#9371,#9372,#9378,#9379));
#9371 = ORIENTED_EDGE('',*,*,#9348,.F.);
#9372 = ORIENTED_EDGE('',*,*,#9373,.T.);
#9373 = EDGE_CURVE('',#9349,#9294,#9374,.T.);
#9374 = LINE('',#9375,#9376);
#9375 = CARTESIAN_POINT('',(18.25,5.E-02,-3.4));
#9376 = VECTOR('',#9377,1.);
#9377 = DIRECTION('',(-1.,1.224646799147E-16,0.));
#9378 = ORIENTED_EDGE('',*,*,#9293,.T.);
#9379 = ORIENTED_EDGE('',*,*,#6799,.F.);
#9380 = PLANE('',#9381);
#9381 = AXIS2_PLACEMENT_3D('',#9382,#9383,#9384);
#9382 = CARTESIAN_POINT('',(18.25,0.15,-3.3));
#9383 = DIRECTION('',(8.486018839685E-17,0.707106781187,-0.707106781187)
  );
#9384 = DIRECTION('',(-1.,1.212375546256E-16,1.227125289196E-18));
#9385 = ADVANCED_FACE('',(#9386),#9411,.T.);
#9386 = FACE_BOUND('',#9387,.F.);
#9387 = EDGE_LOOP('',(#9388,#9396,#9404,#9410));
#9388 = ORIENTED_EDGE('',*,*,#9389,.F.);
#9389 = EDGE_CURVE('',#9390,#6814,#9392,.T.);
#9390 = VERTEX_POINT('',#9391);
#9391 = CARTESIAN_POINT('',(20.05,5.E-02,-3.4));
#9392 = LINE('',#9393,#9394);
#9393 = CARTESIAN_POINT('',(20.183333333333,0.183333333333,
    -3.266666666667));
#9394 = VECTOR('',#9395,1.);
#9395 = DIRECTION('',(0.57735026919,0.57735026919,0.57735026919));
#9396 = ORIENTED_EDGE('',*,*,#9397,.T.);
#9397 = EDGE_CURVE('',#9390,#9398,#9400,.T.);
#9398 = VERTEX_POINT('',#9399);
#9399 = CARTESIAN_POINT('',(20.05,-5.E-02,-3.4));
#9400 = LINE('',#9401,#9402);
#9401 = CARTESIAN_POINT('',(20.05,0.25,-3.4));
#9402 = VECTOR('',#9403,1.);
#9403 = DIRECTION('',(-1.224646799147E-16,-1.,0.));
#9404 = ORIENTED_EDGE('',*,*,#9405,.T.);
#9405 = EDGE_CURVE('',#9398,#6816,#9406,.T.);
#9406 = LINE('',#9407,#9408);
#9407 = CARTESIAN_POINT('',(20.1,-0.1,-3.35));
#9408 = VECTOR('',#9409,1.);
#9409 = DIRECTION('',(0.57735026919,-0.57735026919,0.57735026919));
#9410 = ORIENTED_EDGE('',*,*,#6813,.F.);
#9411 = PLANE('',#9412);
#9412 = AXIS2_PLACEMENT_3D('',#9413,#9414,#9415);
#9413 = CARTESIAN_POINT('',(20.15,0.25,-3.3));
#9414 = DIRECTION('',(0.707106781187,-8.486018839685E-17,-0.707106781187
    ));
#9415 = DIRECTION('',(1.212375546256E-16,1.,1.227125289196E-18));
#9416 = ADVANCED_FACE('',(#9417),#9435,.T.);
#9417 = FACE_BOUND('',#9418,.T.);
#9418 = EDGE_LOOP('',(#9419,#9420,#9428,#9434));
#9419 = ORIENTED_EDGE('',*,*,#9389,.F.);
#9420 = ORIENTED_EDGE('',*,*,#9421,.T.);
#9421 = EDGE_CURVE('',#9390,#9422,#9424,.T.);
#9422 = VERTEX_POINT('',#9423);
#9423 = CARTESIAN_POINT('',(19.95,5.E-02,-3.4));
#9424 = LINE('',#9425,#9426);
#9425 = CARTESIAN_POINT('',(20.25,5.E-02,-3.4));
#9426 = VECTOR('',#9427,1.);
#9427 = DIRECTION('',(-1.,1.224646799147E-16,0.));
#9428 = ORIENTED_EDGE('',*,*,#9429,.T.);
#9429 = EDGE_CURVE('',#9422,#6847,#9430,.T.);
#9430 = LINE('',#9431,#9432);
#9431 = CARTESIAN_POINT('',(19.9,0.1,-3.35));
#9432 = VECTOR('',#9433,1.);
#9433 = DIRECTION('',(-0.57735026919,0.57735026919,0.57735026919));
#9434 = ORIENTED_EDGE('',*,*,#6854,.F.);
#9435 = PLANE('',#9436);
#9436 = AXIS2_PLACEMENT_3D('',#9437,#9438,#9439);
#9437 = CARTESIAN_POINT('',(20.25,0.15,-3.3));
#9438 = DIRECTION('',(8.486018839685E-17,0.707106781187,-0.707106781187)
  );
#9439 = DIRECTION('',(-1.,1.212375546256E-16,1.227125289196E-18));
#9440 = ADVANCED_FACE('',(#9441),#9459,.F.);
#9441 = FACE_BOUND('',#9442,.T.);
#9442 = EDGE_LOOP('',(#9443,#9444,#9452,#9458));
#9443 = ORIENTED_EDGE('',*,*,#9429,.F.);
#9444 = ORIENTED_EDGE('',*,*,#9445,.T.);
#9445 = EDGE_CURVE('',#9422,#9446,#9448,.T.);
#9446 = VERTEX_POINT('',#9447);
#9447 = CARTESIAN_POINT('',(19.95,-5.E-02,-3.4));
#9448 = LINE('',#9449,#9450);
#9449 = CARTESIAN_POINT('',(19.95,0.25,-3.4));
#9450 = VECTOR('',#9451,1.);
#9451 = DIRECTION('',(-1.224646799147E-16,-1.,0.));
#9452 = ORIENTED_EDGE('',*,*,#9453,.T.);
#9453 = EDGE_CURVE('',#9446,#6869,#9454,.T.);
#9454 = LINE('',#9455,#9456);
#9455 = CARTESIAN_POINT('',(19.983333333333,-1.666666666667E-02,
    -3.433333333333));
#9456 = VECTOR('',#9457,1.);
#9457 = DIRECTION('',(-0.57735026919,-0.57735026919,0.57735026919));
#9458 = ORIENTED_EDGE('',*,*,#6868,.F.);
#9459 = PLANE('',#9460);
#9460 = AXIS2_PLACEMENT_3D('',#9461,#9462,#9463);
#9461 = CARTESIAN_POINT('',(19.85,0.25,-3.3));
#9462 = DIRECTION('',(0.707106781187,-8.833102285013E-17,0.707106781187)
  );
#9463 = DIRECTION('',(1.236918052038E-16,1.,1.227125289097E-18));
#9464 = ADVANCED_FACE('',(#9465),#9476,.T.);
#9465 = FACE_BOUND('',#9466,.F.);
#9466 = EDGE_LOOP('',(#9467,#9468,#9474,#9475));
#9467 = ORIENTED_EDGE('',*,*,#9405,.F.);
#9468 = ORIENTED_EDGE('',*,*,#9469,.T.);
#9469 = EDGE_CURVE('',#9398,#9446,#9470,.T.);
#9470 = LINE('',#9471,#9472);
#9471 = CARTESIAN_POINT('',(20.25,-5.E-02,-3.4));
#9472 = VECTOR('',#9473,1.);
#9473 = DIRECTION('',(-1.,1.224646799147E-16,0.));
#9474 = ORIENTED_EDGE('',*,*,#9453,.T.);
#9475 = ORIENTED_EDGE('',*,*,#6893,.F.);
#9476 = PLANE('',#9477);
#9477 = AXIS2_PLACEMENT_3D('',#9478,#9479,#9480);
#9478 = CARTESIAN_POINT('',(20.25,-0.15,-3.3));
#9479 = DIRECTION('',(-8.486018839685E-17,-0.707106781187,
    -0.707106781187));
#9480 = DIRECTION('',(1.,-1.212375546256E-16,1.227125289196E-18));
#9481 = ADVANCED_FACE('',(#9482),#9493,.T.);
#9482 = FACE_BOUND('',#9483,.F.);
#9483 = EDGE_LOOP('',(#9484,#9485,#9491,#9492));
#9484 = ORIENTED_EDGE('',*,*,#7042,.F.);
#9485 = ORIENTED_EDGE('',*,*,#9486,.T.);
#9486 = EDGE_CURVE('',#7043,#6910,#9487,.T.);
#9487 = LINE('',#9488,#9489);
#9488 = CARTESIAN_POINT('',(22.25,-5.E-02,-3.4));
#9489 = VECTOR('',#9490,1.);
#9490 = DIRECTION('',(-1.,1.224646799147E-16,0.));
#9491 = ORIENTED_EDGE('',*,*,#6909,.T.);
#9492 = ORIENTED_EDGE('',*,*,#7025,.F.);
#9493 = PLANE('',#9494);
#9494 = AXIS2_PLACEMENT_3D('',#9495,#9496,#9497);
#9495 = CARTESIAN_POINT('',(22.25,-0.134403742653,-3.301223703467));
#9496 = DIRECTION('',(-9.136856246232E-17,-0.760250805153,-0.64962967394
    ));
#9497 = DIRECTION('',(1.,-1.211454098155E-16,1.127308249542E-18));
#9498 = ADVANCED_FACE('',(#9499),#9510,.F.);
#9499 = FACE_BOUND('',#9500,.F.);
#9500 = EDGE_LOOP('',(#9501,#9502,#9503,#9509));
#9501 = ORIENTED_EDGE('',*,*,#9486,.F.);
#9502 = ORIENTED_EDGE('',*,*,#7061,.F.);
#9503 = ORIENTED_EDGE('',*,*,#9504,.T.);
#9504 = EDGE_CURVE('',#7054,#6935,#9505,.T.);
#9505 = LINE('',#9506,#9507);
#9506 = CARTESIAN_POINT('',(22.25,5.E-02,-3.4));
#9507 = VECTOR('',#9508,1.);
#9508 = DIRECTION('',(-1.,1.224646799147E-16,0.));
#9509 = ORIENTED_EDGE('',*,*,#6942,.T.);
#9510 = PLANE('',#9511);
#9511 = AXIS2_PLACEMENT_3D('',#9512,#9513,#9514);
#9512 = CARTESIAN_POINT('',(22.25,0.25,-3.4));
#9513 = DIRECTION('',(0.,0.,1.));
#9514 = DIRECTION('',(-1.224646799147E-16,-1.,0.));
#9515 = ADVANCED_FACE('',(#9516),#9522,.T.);
#9516 = FACE_BOUND('',#9517,.T.);
#9517 = EDGE_LOOP('',(#9518,#9519,#9520,#9521));
#9518 = ORIENTED_EDGE('',*,*,#7053,.F.);
#9519 = ORIENTED_EDGE('',*,*,#9504,.T.);
#9520 = ORIENTED_EDGE('',*,*,#6934,.T.);
#9521 = ORIENTED_EDGE('',*,*,#6965,.F.);
#9522 = PLANE('',#9523);
#9523 = AXIS2_PLACEMENT_3D('',#9524,#9525,#9526);
#9524 = CARTESIAN_POINT('',(22.25,0.165596257347,-3.301223703467));
#9525 = DIRECTION('',(8.302774088379E-17,0.64962967394,-0.760250805153)
  );
#9526 = DIRECTION('',(-1.,1.247195775152E-16,-2.638869166629E-18));
#9527 = ADVANCED_FACE('',(#9528),#9553,.T.);
#9528 = FACE_BOUND('',#9529,.F.);
#9529 = EDGE_LOOP('',(#9530,#9538,#9546,#9552));
#9530 = ORIENTED_EDGE('',*,*,#9531,.T.);
#9531 = EDGE_CURVE('',#7209,#9532,#9534,.T.);
#9532 = VERTEX_POINT('',#9533);
#9533 = CARTESIAN_POINT('',(20.05,-5.E-02,5.));
#9534 = LINE('',#9535,#9536);
#9535 = CARTESIAN_POINT('',(20.183333333333,-0.183333333333,
    4.866666666667));
#9536 = VECTOR('',#9537,1.);
#9537 = DIRECTION('',(-0.57735026919,0.57735026919,0.57735026919));
#9538 = ORIENTED_EDGE('',*,*,#9539,.T.);
#9539 = EDGE_CURVE('',#9532,#9540,#9542,.T.);
#9540 = VERTEX_POINT('',#9541);
#9541 = CARTESIAN_POINT('',(20.05,5.E-02,5.));
#9542 = LINE('',#9543,#9544);
#9543 = CARTESIAN_POINT('',(20.05,-0.25,5.));
#9544 = VECTOR('',#9545,1.);
#9545 = DIRECTION('',(1.224646799147E-16,1.,0.));
#9546 = ORIENTED_EDGE('',*,*,#9547,.T.);
#9547 = EDGE_CURVE('',#9540,#7217,#9548,.T.);
#9548 = LINE('',#9549,#9550);
#9549 = CARTESIAN_POINT('',(20.1,0.1,4.95));
#9550 = VECTOR('',#9551,1.);
#9551 = DIRECTION('',(0.57735026919,0.57735026919,-0.57735026919));
#9552 = ORIENTED_EDGE('',*,*,#7216,.F.);
#9553 = PLANE('',#9554);
#9554 = AXIS2_PLACEMENT_3D('',#9555,#9556,#9557);
#9555 = CARTESIAN_POINT('',(20.15,-0.25,4.9));
#9556 = DIRECTION('',(0.707106781187,-8.833102285013E-17,0.707106781187)
  );
#9557 = DIRECTION('',(-1.236918052038E-16,-1.,-1.227125289097E-18));
#9558 = ADVANCED_FACE('',(#9559),#9577,.T.);
#9559 = FACE_BOUND('',#9560,.F.);
#9560 = EDGE_LOOP('',(#9561,#9562,#9570,#9576));
#9561 = ORIENTED_EDGE('',*,*,#9547,.F.);
#9562 = ORIENTED_EDGE('',*,*,#9563,.T.);
#9563 = EDGE_CURVE('',#9540,#9564,#9566,.T.);
#9564 = VERTEX_POINT('',#9565);
#9565 = CARTESIAN_POINT('',(19.95,5.E-02,5.));
#9566 = LINE('',#9567,#9568);
#9567 = CARTESIAN_POINT('',(20.25,5.E-02,5.));
#9568 = VECTOR('',#9569,1.);
#9569 = DIRECTION('',(-1.,1.224646799147E-16,0.));
#9570 = ORIENTED_EDGE('',*,*,#9571,.T.);
#9571 = EDGE_CURVE('',#9564,#7240,#9572,.T.);
#9572 = LINE('',#9573,#9574);
#9573 = CARTESIAN_POINT('',(19.983333333333,1.666666666667E-02,
    5.033333333333));
#9574 = VECTOR('',#9575,1.);
#9575 = DIRECTION('',(-0.57735026919,0.57735026919,-0.57735026919));
#9576 = ORIENTED_EDGE('',*,*,#7239,.F.);
#9577 = PLANE('',#9578);
#9578 = AXIS2_PLACEMENT_3D('',#9579,#9580,#9581);
#9579 = CARTESIAN_POINT('',(20.25,0.15,4.9));
#9580 = DIRECTION('',(8.833102285013E-17,0.707106781187,0.707106781187)
  );
#9581 = DIRECTION('',(1.,-1.236918052038E-16,-1.227125289097E-18));
#9582 = ADVANCED_FACE('',(#9583),#9601,.F.);
#9583 = FACE_BOUND('',#9584,.T.);
#9584 = EDGE_LOOP('',(#9585,#9593,#9599,#9600));
#9585 = ORIENTED_EDGE('',*,*,#9586,.T.);
#9586 = EDGE_CURVE('',#7264,#9587,#9589,.T.);
#9587 = VERTEX_POINT('',#9588);
#9588 = CARTESIAN_POINT('',(19.95,-5.E-02,5.));
#9589 = LINE('',#9590,#9591);
#9590 = CARTESIAN_POINT('',(19.9,-0.1,4.95));
#9591 = VECTOR('',#9592,1.);
#9592 = DIRECTION('',(0.57735026919,0.57735026919,0.57735026919));
#9593 = ORIENTED_EDGE('',*,*,#9594,.T.);
#9594 = EDGE_CURVE('',#9587,#9564,#9595,.T.);
#9595 = LINE('',#9596,#9597);
#9596 = CARTESIAN_POINT('',(19.95,-0.25,5.));
#9597 = VECTOR('',#9598,1.);
#9598 = DIRECTION('',(1.224646799147E-16,1.,0.));
#9599 = ORIENTED_EDGE('',*,*,#9571,.T.);
#9600 = ORIENTED_EDGE('',*,*,#7271,.F.);
#9601 = PLANE('',#9602);
#9602 = AXIS2_PLACEMENT_3D('',#9603,#9604,#9605);
#9603 = CARTESIAN_POINT('',(19.85,-0.25,4.9));
#9604 = DIRECTION('',(0.707106781187,-8.486018839685E-17,-0.707106781187
    ));
#9605 = DIRECTION('',(-1.212375546256E-16,-1.,-1.227125289196E-18));
#9606 = ADVANCED_FACE('',(#9607),#9618,.T.);
#9607 = FACE_BOUND('',#9608,.F.);
#9608 = EDGE_LOOP('',(#9609,#9610,#9611,#9612));
#9609 = ORIENTED_EDGE('',*,*,#9531,.F.);
#9610 = ORIENTED_EDGE('',*,*,#7289,.T.);
#9611 = ORIENTED_EDGE('',*,*,#9586,.T.);
#9612 = ORIENTED_EDGE('',*,*,#9613,.F.);
#9613 = EDGE_CURVE('',#9532,#9587,#9614,.T.);
#9614 = LINE('',#9615,#9616);
#9615 = CARTESIAN_POINT('',(20.25,-5.E-02,5.));
#9616 = VECTOR('',#9617,1.);
#9617 = DIRECTION('',(-1.,1.224646799147E-16,0.));
#9618 = PLANE('',#9619);
#9619 = AXIS2_PLACEMENT_3D('',#9620,#9621,#9622);
#9620 = CARTESIAN_POINT('',(20.25,-0.15,4.9));
#9621 = DIRECTION('',(-8.833102285013E-17,-0.707106781187,0.707106781187
    ));
#9622 = DIRECTION('',(1.,-1.236918052038E-16,1.227125289097E-18));
#9623 = ADVANCED_FACE('',(#9624),#9649,.F.);
#9624 = FACE_BOUND('',#9625,.T.);
#9625 = EDGE_LOOP('',(#9626,#9634,#9642,#9648));
#9626 = ORIENTED_EDGE('',*,*,#9627,.T.);
#9627 = EDGE_CURVE('',#7305,#9628,#9630,.T.);
#9628 = VERTEX_POINT('',#9629);
#9629 = CARTESIAN_POINT('',(17.95,-5.E-02,5.));
#9630 = LINE('',#9631,#9632);
#9631 = CARTESIAN_POINT('',(17.9,-0.1,4.95));
#9632 = VECTOR('',#9633,1.);
#9633 = DIRECTION('',(0.57735026919,0.57735026919,0.57735026919));
#9634 = ORIENTED_EDGE('',*,*,#9635,.T.);
#9635 = EDGE_CURVE('',#9628,#9636,#9638,.T.);
#9636 = VERTEX_POINT('',#9637);
#9637 = CARTESIAN_POINT('',(17.95,5.E-02,5.));
#9638 = LINE('',#9639,#9640);
#9639 = CARTESIAN_POINT('',(17.95,-0.25,5.));
#9640 = VECTOR('',#9641,1.);
#9641 = DIRECTION('',(1.224646799147E-16,1.,0.));
#9642 = ORIENTED_EDGE('',*,*,#9643,.T.);
#9643 = EDGE_CURVE('',#9636,#7313,#9644,.T.);
#9644 = LINE('',#9645,#9646);
#9645 = CARTESIAN_POINT('',(17.983333333333,1.666666666667E-02,
    5.033333333333));
#9646 = VECTOR('',#9647,1.);
#9647 = DIRECTION('',(-0.57735026919,0.57735026919,-0.57735026919));
#9648 = ORIENTED_EDGE('',*,*,#7312,.F.);
#9649 = PLANE('',#9650);
#9650 = AXIS2_PLACEMENT_3D('',#9651,#9652,#9653);
#9651 = CARTESIAN_POINT('',(17.85,-0.25,4.9));
#9652 = DIRECTION('',(0.707106781187,-8.486018839685E-17,-0.707106781187
    ));
#9653 = DIRECTION('',(-1.212375546256E-16,-1.,-1.227125289196E-18));
#9654 = ADVANCED_FACE('',(#9655),#9673,.T.);
#9655 = FACE_BOUND('',#9656,.F.);
#9656 = EDGE_LOOP('',(#9657,#9665,#9666,#9667));
#9657 = ORIENTED_EDGE('',*,*,#9658,.F.);
#9658 = EDGE_CURVE('',#7335,#9659,#9661,.T.);
#9659 = VERTEX_POINT('',#9660);
#9660 = CARTESIAN_POINT('',(18.05,-5.E-02,5.));
#9661 = LINE('',#9662,#9663);
#9662 = CARTESIAN_POINT('',(18.183333333333,-0.183333333333,
    4.866666666667));
#9663 = VECTOR('',#9664,1.);
#9664 = DIRECTION('',(-0.57735026919,0.57735026919,0.57735026919));
#9665 = ORIENTED_EDGE('',*,*,#7344,.T.);
#9666 = ORIENTED_EDGE('',*,*,#9627,.T.);
#9667 = ORIENTED_EDGE('',*,*,#9668,.F.);
#9668 = EDGE_CURVE('',#9659,#9628,#9669,.T.);
#9669 = LINE('',#9670,#9671);
#9670 = CARTESIAN_POINT('',(18.25,-5.E-02,5.));
#9671 = VECTOR('',#9672,1.);
#9672 = DIRECTION('',(-1.,1.224646799147E-16,0.));
#9673 = PLANE('',#9674);
#9674 = AXIS2_PLACEMENT_3D('',#9675,#9676,#9677);
#9675 = CARTESIAN_POINT('',(18.25,-0.15,4.9));
#9676 = DIRECTION('',(-8.833102285013E-17,-0.707106781187,0.707106781187
    ));
#9677 = DIRECTION('',(1.,-1.236918052038E-16,1.227125289097E-18));
#9678 = ADVANCED_FACE('',(#9679),#9697,.T.);
#9679 = FACE_BOUND('',#9680,.F.);
#9680 = EDGE_LOOP('',(#9681,#9682,#9690,#9696));
#9681 = ORIENTED_EDGE('',*,*,#9658,.T.);
#9682 = ORIENTED_EDGE('',*,*,#9683,.T.);
#9683 = EDGE_CURVE('',#9659,#9684,#9686,.T.);
#9684 = VERTEX_POINT('',#9685);
#9685 = CARTESIAN_POINT('',(18.05,5.E-02,5.));
#9686 = LINE('',#9687,#9688);
#9687 = CARTESIAN_POINT('',(18.05,-0.25,5.));
#9688 = VECTOR('',#9689,1.);
#9689 = DIRECTION('',(1.224646799147E-16,1.,0.));
#9690 = ORIENTED_EDGE('',*,*,#9691,.T.);
#9691 = EDGE_CURVE('',#9684,#7361,#9692,.T.);
#9692 = LINE('',#9693,#9694);
#9693 = CARTESIAN_POINT('',(18.1,0.1,4.95));
#9694 = VECTOR('',#9695,1.);
#9695 = DIRECTION('',(0.57735026919,0.57735026919,-0.57735026919));
#9696 = ORIENTED_EDGE('',*,*,#7360,.F.);
#9697 = PLANE('',#9698);
#9698 = AXIS2_PLACEMENT_3D('',#9699,#9700,#9701);
#9699 = CARTESIAN_POINT('',(18.15,-0.25,4.9));
#9700 = DIRECTION('',(0.707106781187,-8.833102285013E-17,0.707106781187)
  );
#9701 = DIRECTION('',(-1.236918052038E-16,-1.,-1.227125289097E-18));
#9702 = ADVANCED_FACE('',(#9703),#9714,.T.);
#9703 = FACE_BOUND('',#9704,.F.);
#9704 = EDGE_LOOP('',(#9705,#9706,#9712,#9713));
#9705 = ORIENTED_EDGE('',*,*,#9691,.F.);
#9706 = ORIENTED_EDGE('',*,*,#9707,.T.);
#9707 = EDGE_CURVE('',#9684,#9636,#9708,.T.);
#9708 = LINE('',#9709,#9710);
#9709 = CARTESIAN_POINT('',(18.25,5.E-02,5.));
#9710 = VECTOR('',#9711,1.);
#9711 = DIRECTION('',(-1.,1.224646799147E-16,0.));
#9712 = ORIENTED_EDGE('',*,*,#9643,.T.);
#9713 = ORIENTED_EDGE('',*,*,#7383,.F.);
#9714 = PLANE('',#9715);
#9715 = AXIS2_PLACEMENT_3D('',#9716,#9717,#9718);
#9716 = CARTESIAN_POINT('',(18.25,0.15,4.9));
#9717 = DIRECTION('',(8.833102285013E-17,0.707106781187,0.707106781187)
  );
#9718 = DIRECTION('',(1.,-1.236918052038E-16,-1.227125289097E-18));
#9719 = ADVANCED_FACE('',(#9720),#9745,.F.);
#9720 = FACE_BOUND('',#9721,.T.);
#9721 = EDGE_LOOP('',(#9722,#9730,#9738,#9744));
#9722 = ORIENTED_EDGE('',*,*,#9723,.T.);
#9723 = EDGE_CURVE('',#7401,#9724,#9726,.T.);
#9724 = VERTEX_POINT('',#9725);
#9725 = CARTESIAN_POINT('',(13.95,-5.E-02,5.));
#9726 = LINE('',#9727,#9728);
#9727 = CARTESIAN_POINT('',(13.9,-0.1,4.95));
#9728 = VECTOR('',#9729,1.);
#9729 = DIRECTION('',(0.57735026919,0.57735026919,0.57735026919));
#9730 = ORIENTED_EDGE('',*,*,#9731,.T.);
#9731 = EDGE_CURVE('',#9724,#9732,#9734,.T.);
#9732 = VERTEX_POINT('',#9733);
#9733 = CARTESIAN_POINT('',(13.95,5.E-02,5.));
#9734 = LINE('',#9735,#9736);
#9735 = CARTESIAN_POINT('',(13.95,-0.25,5.));
#9736 = VECTOR('',#9737,1.);
#9737 = DIRECTION('',(1.224646799147E-16,1.,0.));
#9738 = ORIENTED_EDGE('',*,*,#9739,.T.);
#9739 = EDGE_CURVE('',#9732,#7409,#9740,.T.);
#9740 = LINE('',#9741,#9742);
#9741 = CARTESIAN_POINT('',(13.983333333333,1.666666666667E-02,
    5.033333333333));
#9742 = VECTOR('',#9743,1.);
#9743 = DIRECTION('',(-0.57735026919,0.57735026919,-0.57735026919));
#9744 = ORIENTED_EDGE('',*,*,#7408,.F.);
#9745 = PLANE('',#9746);
#9746 = AXIS2_PLACEMENT_3D('',#9747,#9748,#9749);
#9747 = CARTESIAN_POINT('',(13.85,-0.25,4.9));
#9748 = DIRECTION('',(0.707106781187,-8.486018839685E-17,-0.707106781187
    ));
#9749 = DIRECTION('',(-1.212375546256E-16,-1.,-1.227125289196E-18));
#9750 = ADVANCED_FACE('',(#9751),#9769,.T.);
#9751 = FACE_BOUND('',#9752,.F.);
#9752 = EDGE_LOOP('',(#9753,#9761,#9762,#9763));
#9753 = ORIENTED_EDGE('',*,*,#9754,.F.);
#9754 = EDGE_CURVE('',#7431,#9755,#9757,.T.);
#9755 = VERTEX_POINT('',#9756);
#9756 = CARTESIAN_POINT('',(14.05,-5.E-02,5.));
#9757 = LINE('',#9758,#9759);
#9758 = CARTESIAN_POINT('',(14.183333333333,-0.183333333333,
    4.866666666667));
#9759 = VECTOR('',#9760,1.);
#9760 = DIRECTION('',(-0.57735026919,0.57735026919,0.57735026919));
#9761 = ORIENTED_EDGE('',*,*,#7440,.T.);
#9762 = ORIENTED_EDGE('',*,*,#9723,.T.);
#9763 = ORIENTED_EDGE('',*,*,#9764,.F.);
#9764 = EDGE_CURVE('',#9755,#9724,#9765,.T.);
#9765 = LINE('',#9766,#9767);
#9766 = CARTESIAN_POINT('',(14.25,-5.E-02,5.));
#9767 = VECTOR('',#9768,1.);
#9768 = DIRECTION('',(-1.,1.224646799147E-16,0.));
#9769 = PLANE('',#9770);
#9770 = AXIS2_PLACEMENT_3D('',#9771,#9772,#9773);
#9771 = CARTESIAN_POINT('',(14.25,-0.15,4.9));
#9772 = DIRECTION('',(-8.833102285013E-17,-0.707106781187,0.707106781187
    ));
#9773 = DIRECTION('',(1.,-1.236918052038E-16,1.227125289097E-18));
#9774 = ADVANCED_FACE('',(#9775),#9793,.T.);
#9775 = FACE_BOUND('',#9776,.F.);
#9776 = EDGE_LOOP('',(#9777,#9778,#9786,#9792));
#9777 = ORIENTED_EDGE('',*,*,#9754,.T.);
#9778 = ORIENTED_EDGE('',*,*,#9779,.T.);
#9779 = EDGE_CURVE('',#9755,#9780,#9782,.T.);
#9780 = VERTEX_POINT('',#9781);
#9781 = CARTESIAN_POINT('',(14.05,5.E-02,5.));
#9782 = LINE('',#9783,#9784);
#9783 = CARTESIAN_POINT('',(14.05,-0.25,5.));
#9784 = VECTOR('',#9785,1.);
#9785 = DIRECTION('',(1.224646799147E-16,1.,0.));
#9786 = ORIENTED_EDGE('',*,*,#9787,.T.);
#9787 = EDGE_CURVE('',#9780,#7457,#9788,.T.);
#9788 = LINE('',#9789,#9790);
#9789 = CARTESIAN_POINT('',(14.1,0.1,4.95));
#9790 = VECTOR('',#9791,1.);
#9791 = DIRECTION('',(0.57735026919,0.57735026919,-0.57735026919));
#9792 = ORIENTED_EDGE('',*,*,#7456,.F.);
#9793 = PLANE('',#9794);
#9794 = AXIS2_PLACEMENT_3D('',#9795,#9796,#9797);
#9795 = CARTESIAN_POINT('',(14.15,-0.25,4.9));
#9796 = DIRECTION('',(0.707106781187,-8.833102285013E-17,0.707106781187)
  );
#9797 = DIRECTION('',(-1.236918052038E-16,-1.,-1.227125289097E-18));
#9798 = ADVANCED_FACE('',(#9799),#9810,.T.);
#9799 = FACE_BOUND('',#9800,.F.);
#9800 = EDGE_LOOP('',(#9801,#9802,#9808,#9809));
#9801 = ORIENTED_EDGE('',*,*,#9787,.F.);
#9802 = ORIENTED_EDGE('',*,*,#9803,.T.);
#9803 = EDGE_CURVE('',#9780,#9732,#9804,.T.);
#9804 = LINE('',#9805,#9806);
#9805 = CARTESIAN_POINT('',(14.25,5.E-02,5.));
#9806 = VECTOR('',#9807,1.);
#9807 = DIRECTION('',(-1.,1.224646799147E-16,0.));
#9808 = ORIENTED_EDGE('',*,*,#9739,.T.);
#9809 = ORIENTED_EDGE('',*,*,#7479,.F.);
#9810 = PLANE('',#9811);
#9811 = AXIS2_PLACEMENT_3D('',#9812,#9813,#9814);
#9812 = CARTESIAN_POINT('',(14.25,0.15,4.9));
#9813 = DIRECTION('',(8.833102285013E-17,0.707106781187,0.707106781187)
  );
#9814 = DIRECTION('',(1.,-1.236918052038E-16,-1.227125289097E-18));
#9815 = ADVANCED_FACE('',(#9816),#9841,.T.);
#9816 = FACE_BOUND('',#9817,.F.);
#9817 = EDGE_LOOP('',(#9818,#9826,#9834,#9840));
#9818 = ORIENTED_EDGE('',*,*,#9819,.T.);
#9819 = EDGE_CURVE('',#7497,#9820,#9822,.T.);
#9820 = VERTEX_POINT('',#9821);
#9821 = CARTESIAN_POINT('',(16.05,-5.E-02,5.));
#9822 = LINE('',#9823,#9824);
#9823 = CARTESIAN_POINT('',(16.183333333333,-0.183333333333,
    4.866666666667));
#9824 = VECTOR('',#9825,1.);
#9825 = DIRECTION('',(-0.57735026919,0.57735026919,0.57735026919));
#9826 = ORIENTED_EDGE('',*,*,#9827,.T.);
#9827 = EDGE_CURVE('',#9820,#9828,#9830,.T.);
#9828 = VERTEX_POINT('',#9829);
#9829 = CARTESIAN_POINT('',(16.05,5.E-02,5.));
#9830 = LINE('',#9831,#9832);
#9831 = CARTESIAN_POINT('',(16.05,-0.25,5.));
#9832 = VECTOR('',#9833,1.);
#9833 = DIRECTION('',(1.224646799147E-16,1.,0.));
#9834 = ORIENTED_EDGE('',*,*,#9835,.T.);
#9835 = EDGE_CURVE('',#9828,#7505,#9836,.T.);
#9836 = LINE('',#9837,#9838);
#9837 = CARTESIAN_POINT('',(16.1,0.1,4.95));
#9838 = VECTOR('',#9839,1.);
#9839 = DIRECTION('',(0.57735026919,0.57735026919,-0.57735026919));
#9840 = ORIENTED_EDGE('',*,*,#7504,.F.);
#9841 = PLANE('',#9842);
#9842 = AXIS2_PLACEMENT_3D('',#9843,#9844,#9845);
#9843 = CARTESIAN_POINT('',(16.15,-0.25,4.9));
#9844 = DIRECTION('',(0.707106781187,-8.833102285013E-17,0.707106781187)
  );
#9845 = DIRECTION('',(-1.236918052038E-16,-1.,-1.227125289097E-18));
#9846 = ADVANCED_FACE('',(#9847),#9865,.T.);
#9847 = FACE_BOUND('',#9848,.F.);
#9848 = EDGE_LOOP('',(#9849,#9850,#9858,#9864));
#9849 = ORIENTED_EDGE('',*,*,#9835,.F.);
#9850 = ORIENTED_EDGE('',*,*,#9851,.T.);
#9851 = EDGE_CURVE('',#9828,#9852,#9854,.T.);
#9852 = VERTEX_POINT('',#9853);
#9853 = CARTESIAN_POINT('',(15.95,5.E-02,5.));
#9854 = LINE('',#9855,#9856);
#9855 = CARTESIAN_POINT('',(16.25,5.E-02,5.));
#9856 = VECTOR('',#9857,1.);
#9857 = DIRECTION('',(-1.,1.224646799147E-16,0.));
#9858 = ORIENTED_EDGE('',*,*,#9859,.T.);
#9859 = EDGE_CURVE('',#9852,#7528,#9860,.T.);
#9860 = LINE('',#9861,#9862);
#9861 = CARTESIAN_POINT('',(15.983333333333,1.666666666667E-02,
    5.033333333333));
#9862 = VECTOR('',#9863,1.);
#9863 = DIRECTION('',(-0.57735026919,0.57735026919,-0.57735026919));
#9864 = ORIENTED_EDGE('',*,*,#7527,.F.);
#9865 = PLANE('',#9866);
#9866 = AXIS2_PLACEMENT_3D('',#9867,#9868,#9869);
#9867 = CARTESIAN_POINT('',(16.25,0.15,4.9));
#9868 = DIRECTION('',(8.833102285013E-17,0.707106781187,0.707106781187)
  );
#9869 = DIRECTION('',(1.,-1.236918052038E-16,-1.227125289097E-18));
#9870 = ADVANCED_FACE('',(#9871),#9889,.F.);
#9871 = FACE_BOUND('',#9872,.T.);
#9872 = EDGE_LOOP('',(#9873,#9881,#9887,#9888));
#9873 = ORIENTED_EDGE('',*,*,#9874,.T.);
#9874 = EDGE_CURVE('',#7552,#9875,#9877,.T.);
#9875 = VERTEX_POINT('',#9876);
#9876 = CARTESIAN_POINT('',(15.95,-5.E-02,5.));
#9877 = LINE('',#9878,#9879);
#9878 = CARTESIAN_POINT('',(15.9,-0.1,4.95));
#9879 = VECTOR('',#9880,1.);
#9880 = DIRECTION('',(0.57735026919,0.57735026919,0.57735026919));
#9881 = ORIENTED_EDGE('',*,*,#9882,.T.);
#9882 = EDGE_CURVE('',#9875,#9852,#9883,.T.);
#9883 = LINE('',#9884,#9885);
#9884 = CARTESIAN_POINT('',(15.95,-0.25,5.));
#9885 = VECTOR('',#9886,1.);
#9886 = DIRECTION('',(1.224646799147E-16,1.,0.));
#9887 = ORIENTED_EDGE('',*,*,#9859,.T.);
#9888 = ORIENTED_EDGE('',*,*,#7559,.F.);
#9889 = PLANE('',#9890);
#9890 = AXIS2_PLACEMENT_3D('',#9891,#9892,#9893);
#9891 = CARTESIAN_POINT('',(15.85,-0.25,4.9));
#9892 = DIRECTION('',(0.707106781187,-8.486018839685E-17,-0.707106781187
    ));
#9893 = DIRECTION('',(-1.212375546256E-16,-1.,-1.227125289196E-18));
#9894 = ADVANCED_FACE('',(#9895),#9906,.T.);
#9895 = FACE_BOUND('',#9896,.F.);
#9896 = EDGE_LOOP('',(#9897,#9898,#9899,#9900));
#9897 = ORIENTED_EDGE('',*,*,#9819,.F.);
#9898 = ORIENTED_EDGE('',*,*,#7577,.T.);
#9899 = ORIENTED_EDGE('',*,*,#9874,.T.);
#9900 = ORIENTED_EDGE('',*,*,#9901,.F.);
#9901 = EDGE_CURVE('',#9820,#9875,#9902,.T.);
#9902 = LINE('',#9903,#9904);
#9903 = CARTESIAN_POINT('',(16.25,-5.E-02,5.));
#9904 = VECTOR('',#9905,1.);
#9905 = DIRECTION('',(-1.,1.224646799147E-16,0.));
#9906 = PLANE('',#9907);
#9907 = AXIS2_PLACEMENT_3D('',#9908,#9909,#9910);
#9908 = CARTESIAN_POINT('',(16.25,-0.15,4.9));
#9909 = DIRECTION('',(-8.833102285013E-17,-0.707106781187,0.707106781187
    ));
#9910 = DIRECTION('',(1.,-1.236918052038E-16,1.227125289097E-18));
#9911 = ADVANCED_FACE('',(#9912),#9937,.T.);
#9912 = FACE_BOUND('',#9913,.F.);
#9913 = EDGE_LOOP('',(#9914,#9922,#9930,#9936));
#9914 = ORIENTED_EDGE('',*,*,#9915,.T.);
#9915 = EDGE_CURVE('',#7593,#9916,#9918,.T.);
#9916 = VERTEX_POINT('',#9917);
#9917 = CARTESIAN_POINT('',(6.05,-5.E-02,5.));
#9918 = LINE('',#9919,#9920);
#9919 = CARTESIAN_POINT('',(6.183333333333,-0.183333333333,
    4.866666666667));
#9920 = VECTOR('',#9921,1.);
#9921 = DIRECTION('',(-0.57735026919,0.57735026919,0.57735026919));
#9922 = ORIENTED_EDGE('',*,*,#9923,.T.);
#9923 = EDGE_CURVE('',#9916,#9924,#9926,.T.);
#9924 = VERTEX_POINT('',#9925);
#9925 = CARTESIAN_POINT('',(6.05,5.E-02,5.));
#9926 = LINE('',#9927,#9928);
#9927 = CARTESIAN_POINT('',(6.05,-0.25,5.));
#9928 = VECTOR('',#9929,1.);
#9929 = DIRECTION('',(1.224646799147E-16,1.,0.));
#9930 = ORIENTED_EDGE('',*,*,#9931,.T.);
#9931 = EDGE_CURVE('',#9924,#7601,#9932,.T.);
#9932 = LINE('',#9933,#9934);
#9933 = CARTESIAN_POINT('',(6.1,0.1,4.95));
#9934 = VECTOR('',#9935,1.);
#9935 = DIRECTION('',(0.57735026919,0.57735026919,-0.57735026919));
#9936 = ORIENTED_EDGE('',*,*,#7600,.F.);
#9937 = PLANE('',#9938);
#9938 = AXIS2_PLACEMENT_3D('',#9939,#9940,#9941);
#9939 = CARTESIAN_POINT('',(6.15,-0.25,4.9));
#9940 = DIRECTION('',(0.707106781187,-8.833102285013E-17,0.707106781187)
  );
#9941 = DIRECTION('',(-1.236918052038E-16,-1.,-1.227125289097E-18));
#9942 = ADVANCED_FACE('',(#9943),#9961,.T.);
#9943 = FACE_BOUND('',#9944,.F.);
#9944 = EDGE_LOOP('',(#9945,#9946,#9954,#9960));
#9945 = ORIENTED_EDGE('',*,*,#9931,.F.);
#9946 = ORIENTED_EDGE('',*,*,#9947,.T.);
#9947 = EDGE_CURVE('',#9924,#9948,#9950,.T.);
#9948 = VERTEX_POINT('',#9949);
#9949 = CARTESIAN_POINT('',(5.95,5.E-02,5.));
#9950 = LINE('',#9951,#9952);
#9951 = CARTESIAN_POINT('',(6.25,5.E-02,5.));
#9952 = VECTOR('',#9953,1.);
#9953 = DIRECTION('',(-1.,1.224646799147E-16,0.));
#9954 = ORIENTED_EDGE('',*,*,#9955,.T.);
#9955 = EDGE_CURVE('',#9948,#7624,#9956,.T.);
#9956 = LINE('',#9957,#9958);
#9957 = CARTESIAN_POINT('',(5.983333333333,1.666666666667E-02,
    5.033333333333));
#9958 = VECTOR('',#9959,1.);
#9959 = DIRECTION('',(-0.57735026919,0.57735026919,-0.57735026919));
#9960 = ORIENTED_EDGE('',*,*,#7623,.F.);
#9961 = PLANE('',#9962);
#9962 = AXIS2_PLACEMENT_3D('',#9963,#9964,#9965);
#9963 = CARTESIAN_POINT('',(6.25,0.15,4.9));
#9964 = DIRECTION('',(8.833102285013E-17,0.707106781187,0.707106781187)
  );
#9965 = DIRECTION('',(1.,-1.236918052038E-16,-1.227125289097E-18));
#9966 = ADVANCED_FACE('',(#9967),#9985,.F.);
#9967 = FACE_BOUND('',#9968,.T.);
#9968 = EDGE_LOOP('',(#9969,#9977,#9983,#9984));
#9969 = ORIENTED_EDGE('',*,*,#9970,.T.);
#9970 = EDGE_CURVE('',#7648,#9971,#9973,.T.);
#9971 = VERTEX_POINT('',#9972);
#9972 = CARTESIAN_POINT('',(5.95,-5.E-02,5.));
#9973 = LINE('',#9974,#9975);
#9974 = CARTESIAN_POINT('',(5.9,-0.1,4.95));
#9975 = VECTOR('',#9976,1.);
#9976 = DIRECTION('',(0.57735026919,0.57735026919,0.57735026919));
#9977 = ORIENTED_EDGE('',*,*,#9978,.T.);
#9978 = EDGE_CURVE('',#9971,#9948,#9979,.T.);
#9979 = LINE('',#9980,#9981);
#9980 = CARTESIAN_POINT('',(5.95,-0.25,5.));
#9981 = VECTOR('',#9982,1.);
#9982 = DIRECTION('',(1.224646799147E-16,1.,0.));
#9983 = ORIENTED_EDGE('',*,*,#9955,.T.);
#9984 = ORIENTED_EDGE('',*,*,#7655,.F.);
#9985 = PLANE('',#9986);
#9986 = AXIS2_PLACEMENT_3D('',#9987,#9988,#9989);
#9987 = CARTESIAN_POINT('',(5.85,-0.25,4.9));
#9988 = DIRECTION('',(0.707106781187,-8.486018839685E-17,-0.707106781187
    ));
#9989 = DIRECTION('',(-1.212375546256E-16,-1.,-1.227125289196E-18));
#9990 = ADVANCED_FACE('',(#9991),#10002,.T.);
#9991 = FACE_BOUND('',#9992,.F.);
#9992 = EDGE_LOOP('',(#9993,#9994,#9995,#9996));
#9993 = ORIENTED_EDGE('',*,*,#9915,.F.);
#9994 = ORIENTED_EDGE('',*,*,#7673,.T.);
#9995 = ORIENTED_EDGE('',*,*,#9970,.T.);
#9996 = ORIENTED_EDGE('',*,*,#9997,.F.);
#9997 = EDGE_CURVE('',#9916,#9971,#9998,.T.);
#9998 = LINE('',#9999,#10000);
#9999 = CARTESIAN_POINT('',(6.25,-5.E-02,5.));
#10000 = VECTOR('',#10001,1.);
#10001 = DIRECTION('',(-1.,1.224646799147E-16,0.));
#10002 = PLANE('',#10003);
#10003 = AXIS2_PLACEMENT_3D('',#10004,#10005,#10006);
#10004 = CARTESIAN_POINT('',(6.25,-0.15,4.9));
#10005 = DIRECTION('',(-8.833102285013E-17,-0.707106781187,
    0.707106781187));
#10006 = DIRECTION('',(1.,-1.236918052038E-16,1.227125289097E-18));
#10007 = ADVANCED_FACE('',(#10008),#10033,.T.);
#10008 = FACE_BOUND('',#10009,.F.);
#10009 = EDGE_LOOP('',(#10010,#10018,#10026,#10032));
#10010 = ORIENTED_EDGE('',*,*,#10011,.T.);
#10011 = EDGE_CURVE('',#7689,#10012,#10014,.T.);
#10012 = VERTEX_POINT('',#10013);
#10013 = CARTESIAN_POINT('',(8.05,-5.E-02,5.));
#10014 = LINE('',#10015,#10016);
#10015 = CARTESIAN_POINT('',(8.183333333333,-0.183333333333,
    4.866666666667));
#10016 = VECTOR('',#10017,1.);
#10017 = DIRECTION('',(-0.57735026919,0.57735026919,0.57735026919));
#10018 = ORIENTED_EDGE('',*,*,#10019,.T.);
#10019 = EDGE_CURVE('',#10012,#10020,#10022,.T.);
#10020 = VERTEX_POINT('',#10021);
#10021 = CARTESIAN_POINT('',(8.05,5.E-02,5.));
#10022 = LINE('',#10023,#10024);
#10023 = CARTESIAN_POINT('',(8.05,-0.25,5.));
#10024 = VECTOR('',#10025,1.);
#10025 = DIRECTION('',(1.224646799147E-16,1.,0.));
#10026 = ORIENTED_EDGE('',*,*,#10027,.T.);
#10027 = EDGE_CURVE('',#10020,#7697,#10028,.T.);
#10028 = LINE('',#10029,#10030);
#10029 = CARTESIAN_POINT('',(8.1,0.1,4.95));
#10030 = VECTOR('',#10031,1.);
#10031 = DIRECTION('',(0.57735026919,0.57735026919,-0.57735026919));
#10032 = ORIENTED_EDGE('',*,*,#7696,.F.);
#10033 = PLANE('',#10034);
#10034 = AXIS2_PLACEMENT_3D('',#10035,#10036,#10037);
#10035 = CARTESIAN_POINT('',(8.15,-0.25,4.9));
#10036 = DIRECTION('',(0.707106781187,-8.833102285013E-17,0.707106781187
    ));
#10037 = DIRECTION('',(-1.236918052038E-16,-1.,-1.227125289097E-18));
#10038 = ADVANCED_FACE('',(#10039),#10057,.T.);
#10039 = FACE_BOUND('',#10040,.F.);
#10040 = EDGE_LOOP('',(#10041,#10042,#10050,#10056));
#10041 = ORIENTED_EDGE('',*,*,#10027,.F.);
#10042 = ORIENTED_EDGE('',*,*,#10043,.T.);
#10043 = EDGE_CURVE('',#10020,#10044,#10046,.T.);
#10044 = VERTEX_POINT('',#10045);
#10045 = CARTESIAN_POINT('',(7.95,5.E-02,5.));
#10046 = LINE('',#10047,#10048);
#10047 = CARTESIAN_POINT('',(8.25,5.E-02,5.));
#10048 = VECTOR('',#10049,1.);
#10049 = DIRECTION('',(-1.,1.224646799147E-16,0.));
#10050 = ORIENTED_EDGE('',*,*,#10051,.T.);
#10051 = EDGE_CURVE('',#10044,#7720,#10052,.T.);
#10052 = LINE('',#10053,#10054);
#10053 = CARTESIAN_POINT('',(7.983333333333,1.666666666667E-02,
    5.033333333333));
#10054 = VECTOR('',#10055,1.);
#10055 = DIRECTION('',(-0.57735026919,0.57735026919,-0.57735026919));
#10056 = ORIENTED_EDGE('',*,*,#7719,.F.);
#10057 = PLANE('',#10058);
#10058 = AXIS2_PLACEMENT_3D('',#10059,#10060,#10061);
#10059 = CARTESIAN_POINT('',(8.25,0.15,4.9));
#10060 = DIRECTION('',(8.833102285013E-17,0.707106781187,0.707106781187)
  );
#10061 = DIRECTION('',(1.,-1.236918052038E-16,-1.227125289097E-18));
#10062 = ADVANCED_FACE('',(#10063),#10081,.F.);
#10063 = FACE_BOUND('',#10064,.T.);
#10064 = EDGE_LOOP('',(#10065,#10073,#10079,#10080));
#10065 = ORIENTED_EDGE('',*,*,#10066,.T.);
#10066 = EDGE_CURVE('',#7744,#10067,#10069,.T.);
#10067 = VERTEX_POINT('',#10068);
#10068 = CARTESIAN_POINT('',(7.95,-5.E-02,5.));
#10069 = LINE('',#10070,#10071);
#10070 = CARTESIAN_POINT('',(7.9,-0.1,4.95));
#10071 = VECTOR('',#10072,1.);
#10072 = DIRECTION('',(0.57735026919,0.57735026919,0.57735026919));
#10073 = ORIENTED_EDGE('',*,*,#10074,.T.);
#10074 = EDGE_CURVE('',#10067,#10044,#10075,.T.);
#10075 = LINE('',#10076,#10077);
#10076 = CARTESIAN_POINT('',(7.95,-0.25,5.));
#10077 = VECTOR('',#10078,1.);
#10078 = DIRECTION('',(1.224646799147E-16,1.,0.));
#10079 = ORIENTED_EDGE('',*,*,#10051,.T.);
#10080 = ORIENTED_EDGE('',*,*,#7751,.F.);
#10081 = PLANE('',#10082);
#10082 = AXIS2_PLACEMENT_3D('',#10083,#10084,#10085);
#10083 = CARTESIAN_POINT('',(7.85,-0.25,4.9));
#10084 = DIRECTION('',(0.707106781187,-8.486018839685E-17,
    -0.707106781187));
#10085 = DIRECTION('',(-1.212375546256E-16,-1.,-1.227125289196E-18));
#10086 = ADVANCED_FACE('',(#10087),#10098,.T.);
#10087 = FACE_BOUND('',#10088,.F.);
#10088 = EDGE_LOOP('',(#10089,#10090,#10091,#10092));
#10089 = ORIENTED_EDGE('',*,*,#10011,.F.);
#10090 = ORIENTED_EDGE('',*,*,#7769,.T.);
#10091 = ORIENTED_EDGE('',*,*,#10066,.T.);
#10092 = ORIENTED_EDGE('',*,*,#10093,.F.);
#10093 = EDGE_CURVE('',#10012,#10067,#10094,.T.);
#10094 = LINE('',#10095,#10096);
#10095 = CARTESIAN_POINT('',(8.25,-5.E-02,5.));
#10096 = VECTOR('',#10097,1.);
#10097 = DIRECTION('',(-1.,1.224646799147E-16,0.));
#10098 = PLANE('',#10099);
#10099 = AXIS2_PLACEMENT_3D('',#10100,#10101,#10102);
#10100 = CARTESIAN_POINT('',(8.25,-0.15,4.9));
#10101 = DIRECTION('',(-8.833102285013E-17,-0.707106781187,
    0.707106781187));
#10102 = DIRECTION('',(1.,-1.236918052038E-16,1.227125289097E-18));
#10103 = ADVANCED_FACE('',(#10104),#10129,.T.);
#10104 = FACE_BOUND('',#10105,.F.);
#10105 = EDGE_LOOP('',(#10106,#10114,#10122,#10128));
#10106 = ORIENTED_EDGE('',*,*,#10107,.F.);
#10107 = EDGE_CURVE('',#10108,#7784,#10110,.T.);
#10108 = VERTEX_POINT('',#10109);
#10109 = CARTESIAN_POINT('',(10.05,5.E-02,5.));
#10110 = LINE('',#10111,#10112);
#10111 = CARTESIAN_POINT('',(10.1,0.1,4.95));
#10112 = VECTOR('',#10113,1.);
#10113 = DIRECTION('',(0.57735026919,0.57735026919,-0.57735026919));
#10114 = ORIENTED_EDGE('',*,*,#10115,.T.);
#10115 = EDGE_CURVE('',#10108,#10116,#10118,.T.);
#10116 = VERTEX_POINT('',#10117);
#10117 = CARTESIAN_POINT('',(9.95,5.E-02,5.));
#10118 = LINE('',#10119,#10120);
#10119 = CARTESIAN_POINT('',(10.25,5.E-02,5.));
#10120 = VECTOR('',#10121,1.);
#10121 = DIRECTION('',(-1.,1.224646799147E-16,0.));
#10122 = ORIENTED_EDGE('',*,*,#10123,.T.);
#10123 = EDGE_CURVE('',#10116,#7792,#10124,.T.);
#10124 = LINE('',#10125,#10126);
#10125 = CARTESIAN_POINT('',(9.983333333333,1.666666666667E-02,
    5.033333333333));
#10126 = VECTOR('',#10127,1.);
#10127 = DIRECTION('',(-0.57735026919,0.57735026919,-0.57735026919));
#10128 = ORIENTED_EDGE('',*,*,#7791,.F.);
#10129 = PLANE('',#10130);
#10130 = AXIS2_PLACEMENT_3D('',#10131,#10132,#10133);
#10131 = CARTESIAN_POINT('',(10.25,0.15,4.9));
#10132 = DIRECTION('',(8.833102285013E-17,0.707106781187,0.707106781187)
  );
#10133 = DIRECTION('',(1.,-1.236918052038E-16,-1.227125289097E-18));
#10134 = ADVANCED_FACE('',(#10135),#10153,.F.);
#10135 = FACE_BOUND('',#10136,.T.);
#10136 = EDGE_LOOP('',(#10137,#10145,#10151,#10152));
#10137 = ORIENTED_EDGE('',*,*,#10138,.T.);
#10138 = EDGE_CURVE('',#7816,#10139,#10141,.T.);
#10139 = VERTEX_POINT('',#10140);
#10140 = CARTESIAN_POINT('',(9.95,-5.E-02,5.));
#10141 = LINE('',#10142,#10143);
#10142 = CARTESIAN_POINT('',(9.9,-0.1,4.95));
#10143 = VECTOR('',#10144,1.);
#10144 = DIRECTION('',(0.57735026919,0.57735026919,0.57735026919));
#10145 = ORIENTED_EDGE('',*,*,#10146,.T.);
#10146 = EDGE_CURVE('',#10139,#10116,#10147,.T.);
#10147 = LINE('',#10148,#10149);
#10148 = CARTESIAN_POINT('',(9.95,-0.25,5.));
#10149 = VECTOR('',#10150,1.);
#10150 = DIRECTION('',(1.224646799147E-16,1.,0.));
#10151 = ORIENTED_EDGE('',*,*,#10123,.T.);
#10152 = ORIENTED_EDGE('',*,*,#7823,.F.);
#10153 = PLANE('',#10154);
#10154 = AXIS2_PLACEMENT_3D('',#10155,#10156,#10157);
#10155 = CARTESIAN_POINT('',(9.85,-0.25,4.9));
#10156 = DIRECTION('',(0.707106781187,-8.486018839685E-17,
    -0.707106781187));
#10157 = DIRECTION('',(-1.212375546256E-16,-1.,-1.227125289196E-18));
#10158 = ADVANCED_FACE('',(#10159),#10177,.T.);
#10159 = FACE_BOUND('',#10160,.F.);
#10160 = EDGE_LOOP('',(#10161,#10169,#10170,#10171));
#10161 = ORIENTED_EDGE('',*,*,#10162,.F.);
#10162 = EDGE_CURVE('',#7839,#10163,#10165,.T.);
#10163 = VERTEX_POINT('',#10164);
#10164 = CARTESIAN_POINT('',(10.05,-5.E-02,5.));
#10165 = LINE('',#10166,#10167);
#10166 = CARTESIAN_POINT('',(10.183333333333,-0.183333333333,
    4.866666666667));
#10167 = VECTOR('',#10168,1.);
#10168 = DIRECTION('',(-0.57735026919,0.57735026919,0.57735026919));
#10169 = ORIENTED_EDGE('',*,*,#7848,.T.);
#10170 = ORIENTED_EDGE('',*,*,#10138,.T.);
#10171 = ORIENTED_EDGE('',*,*,#10172,.F.);
#10172 = EDGE_CURVE('',#10163,#10139,#10173,.T.);
#10173 = LINE('',#10174,#10175);
#10174 = CARTESIAN_POINT('',(10.25,-5.E-02,5.));
#10175 = VECTOR('',#10176,1.);
#10176 = DIRECTION('',(-1.,1.224646799147E-16,0.));
#10177 = PLANE('',#10178);
#10178 = AXIS2_PLACEMENT_3D('',#10179,#10180,#10181);
#10179 = CARTESIAN_POINT('',(10.25,-0.15,4.9));
#10180 = DIRECTION('',(-8.833102285013E-17,-0.707106781187,
    0.707106781187));
#10181 = DIRECTION('',(1.,-1.236918052038E-16,1.227125289097E-18));
#10182 = ADVANCED_FACE('',(#10183),#10194,.T.);
#10183 = FACE_BOUND('',#10184,.F.);
#10184 = EDGE_LOOP('',(#10185,#10186,#10192,#10193));
#10185 = ORIENTED_EDGE('',*,*,#10162,.T.);
#10186 = ORIENTED_EDGE('',*,*,#10187,.T.);
#10187 = EDGE_CURVE('',#10163,#10108,#10188,.T.);
#10188 = LINE('',#10189,#10190);
#10189 = CARTESIAN_POINT('',(10.05,-0.25,5.));
#10190 = VECTOR('',#10191,1.);
#10191 = DIRECTION('',(1.224646799147E-16,1.,0.));
#10192 = ORIENTED_EDGE('',*,*,#10107,.T.);
#10193 = ORIENTED_EDGE('',*,*,#7864,.F.);
#10194 = PLANE('',#10195);
#10195 = AXIS2_PLACEMENT_3D('',#10196,#10197,#10198);
#10196 = CARTESIAN_POINT('',(10.15,-0.25,4.9));
#10197 = DIRECTION('',(0.707106781187,-8.833102285013E-17,0.707106781187
    ));
#10198 = DIRECTION('',(-1.236918052038E-16,-1.,-1.227125289097E-18));
#10199 = ADVANCED_FACE('',(#10200),#10225,.T.);
#10200 = FACE_BOUND('',#10201,.F.);
#10201 = EDGE_LOOP('',(#10202,#10210,#10218,#10224));
#10202 = ORIENTED_EDGE('',*,*,#10203,.T.);
#10203 = EDGE_CURVE('',#7881,#10204,#10206,.T.);
#10204 = VERTEX_POINT('',#10205);
#10205 = CARTESIAN_POINT('',(12.05,-5.E-02,5.));
#10206 = LINE('',#10207,#10208);
#10207 = CARTESIAN_POINT('',(12.183333333333,-0.183333333333,
    4.866666666667));
#10208 = VECTOR('',#10209,1.);
#10209 = DIRECTION('',(-0.57735026919,0.57735026919,0.57735026919));
#10210 = ORIENTED_EDGE('',*,*,#10211,.T.);
#10211 = EDGE_CURVE('',#10204,#10212,#10214,.T.);
#10212 = VERTEX_POINT('',#10213);
#10213 = CARTESIAN_POINT('',(12.05,5.E-02,5.));
#10214 = LINE('',#10215,#10216);
#10215 = CARTESIAN_POINT('',(12.05,-0.25,5.));
#10216 = VECTOR('',#10217,1.);
#10217 = DIRECTION('',(1.224646799147E-16,1.,0.));
#10218 = ORIENTED_EDGE('',*,*,#10219,.T.);
#10219 = EDGE_CURVE('',#10212,#7889,#10220,.T.);
#10220 = LINE('',#10221,#10222);
#10221 = CARTESIAN_POINT('',(12.1,0.1,4.95));
#10222 = VECTOR('',#10223,1.);
#10223 = DIRECTION('',(0.57735026919,0.57735026919,-0.57735026919));
#10224 = ORIENTED_EDGE('',*,*,#7888,.F.);
#10225 = PLANE('',#10226);
#10226 = AXIS2_PLACEMENT_3D('',#10227,#10228,#10229);
#10227 = CARTESIAN_POINT('',(12.15,-0.25,4.9));
#10228 = DIRECTION('',(0.707106781187,-8.833102285013E-17,0.707106781187
    ));
#10229 = DIRECTION('',(-1.236918052038E-16,-1.,-1.227125289097E-18));
#10230 = ADVANCED_FACE('',(#10231),#10249,.T.);
#10231 = FACE_BOUND('',#10232,.F.);
#10232 = EDGE_LOOP('',(#10233,#10234,#10242,#10248));
#10233 = ORIENTED_EDGE('',*,*,#10219,.F.);
#10234 = ORIENTED_EDGE('',*,*,#10235,.T.);
#10235 = EDGE_CURVE('',#10212,#10236,#10238,.T.);
#10236 = VERTEX_POINT('',#10237);
#10237 = CARTESIAN_POINT('',(11.95,5.E-02,5.));
#10238 = LINE('',#10239,#10240);
#10239 = CARTESIAN_POINT('',(12.25,5.E-02,5.));
#10240 = VECTOR('',#10241,1.);
#10241 = DIRECTION('',(-1.,1.224646799147E-16,0.));
#10242 = ORIENTED_EDGE('',*,*,#10243,.T.);
#10243 = EDGE_CURVE('',#10236,#7912,#10244,.T.);
#10244 = LINE('',#10245,#10246);
#10245 = CARTESIAN_POINT('',(11.983333333333,1.666666666667E-02,
    5.033333333333));
#10246 = VECTOR('',#10247,1.);
#10247 = DIRECTION('',(-0.57735026919,0.57735026919,-0.57735026919));
#10248 = ORIENTED_EDGE('',*,*,#7911,.F.);
#10249 = PLANE('',#10250);
#10250 = AXIS2_PLACEMENT_3D('',#10251,#10252,#10253);
#10251 = CARTESIAN_POINT('',(12.25,0.15,4.9));
#10252 = DIRECTION('',(8.833102285013E-17,0.707106781187,0.707106781187)
  );
#10253 = DIRECTION('',(1.,-1.236918052038E-16,-1.227125289097E-18));
#10254 = ADVANCED_FACE('',(#10255),#10273,.F.);
#10255 = FACE_BOUND('',#10256,.T.);
#10256 = EDGE_LOOP('',(#10257,#10265,#10271,#10272));
#10257 = ORIENTED_EDGE('',*,*,#10258,.T.);
#10258 = EDGE_CURVE('',#7936,#10259,#10261,.T.);
#10259 = VERTEX_POINT('',#10260);
#10260 = CARTESIAN_POINT('',(11.95,-5.E-02,5.));
#10261 = LINE('',#10262,#10263);
#10262 = CARTESIAN_POINT('',(11.9,-0.1,4.95));
#10263 = VECTOR('',#10264,1.);
#10264 = DIRECTION('',(0.57735026919,0.57735026919,0.57735026919));
#10265 = ORIENTED_EDGE('',*,*,#10266,.T.);
#10266 = EDGE_CURVE('',#10259,#10236,#10267,.T.);
#10267 = LINE('',#10268,#10269);
#10268 = CARTESIAN_POINT('',(11.95,-0.25,5.));
#10269 = VECTOR('',#10270,1.);
#10270 = DIRECTION('',(1.224646799147E-16,1.,0.));
#10271 = ORIENTED_EDGE('',*,*,#10243,.T.);
#10272 = ORIENTED_EDGE('',*,*,#7943,.F.);
#10273 = PLANE('',#10274);
#10274 = AXIS2_PLACEMENT_3D('',#10275,#10276,#10277);
#10275 = CARTESIAN_POINT('',(11.85,-0.25,4.9));
#10276 = DIRECTION('',(0.707106781187,-8.486018839685E-17,
    -0.707106781187));
#10277 = DIRECTION('',(-1.212375546256E-16,-1.,-1.227125289196E-18));
#10278 = ADVANCED_FACE('',(#10279),#10290,.T.);
#10279 = FACE_BOUND('',#10280,.F.);
#10280 = EDGE_LOOP('',(#10281,#10282,#10283,#10284));
#10281 = ORIENTED_EDGE('',*,*,#10203,.F.);
#10282 = ORIENTED_EDGE('',*,*,#7961,.T.);
#10283 = ORIENTED_EDGE('',*,*,#10258,.T.);
#10284 = ORIENTED_EDGE('',*,*,#10285,.F.);
#10285 = EDGE_CURVE('',#10204,#10259,#10286,.T.);
#10286 = LINE('',#10287,#10288);
#10287 = CARTESIAN_POINT('',(12.25,-5.E-02,5.));
#10288 = VECTOR('',#10289,1.);
#10289 = DIRECTION('',(-1.,1.224646799147E-16,0.));
#10290 = PLANE('',#10291);
#10291 = AXIS2_PLACEMENT_3D('',#10292,#10293,#10294);
#10292 = CARTESIAN_POINT('',(12.25,-0.15,4.9));
#10293 = DIRECTION('',(-8.833102285013E-17,-0.707106781187,
    0.707106781187));
#10294 = DIRECTION('',(1.,-1.236918052038E-16,1.227125289097E-18));
#10295 = ADVANCED_FACE('',(#10296),#10321,.F.);
#10296 = FACE_BOUND('',#10297,.T.);
#10297 = EDGE_LOOP('',(#10298,#10306,#10314,#10320));
#10298 = ORIENTED_EDGE('',*,*,#10299,.F.);
#10299 = EDGE_CURVE('',#10300,#7977,#10302,.T.);
#10300 = VERTEX_POINT('',#10301);
#10301 = CARTESIAN_POINT('',(-5.E-02,-5.E-02,5.));
#10302 = LINE('',#10303,#10304);
#10303 = CARTESIAN_POINT('',(-0.1,-0.1,4.95));
#10304 = VECTOR('',#10305,1.);
#10305 = DIRECTION('',(-0.57735026919,-0.57735026919,-0.57735026919));
#10306 = ORIENTED_EDGE('',*,*,#10307,.T.);
#10307 = EDGE_CURVE('',#10300,#10308,#10310,.T.);
#10308 = VERTEX_POINT('',#10309);
#10309 = CARTESIAN_POINT('',(-5.E-02,5.E-02,5.));
#10310 = LINE('',#10311,#10312);
#10311 = CARTESIAN_POINT('',(-5.E-02,-0.25,5.));
#10312 = VECTOR('',#10313,1.);
#10313 = DIRECTION('',(1.224646799147E-16,1.,0.));
#10314 = ORIENTED_EDGE('',*,*,#10315,.T.);
#10315 = EDGE_CURVE('',#10308,#7985,#10316,.T.);
#10316 = LINE('',#10317,#10318);
#10317 = CARTESIAN_POINT('',(-1.666666666667E-02,1.666666666667E-02,
    5.033333333333));
#10318 = VECTOR('',#10319,1.);
#10319 = DIRECTION('',(-0.57735026919,0.57735026919,-0.57735026919));
#10320 = ORIENTED_EDGE('',*,*,#7984,.F.);
#10321 = PLANE('',#10322);
#10322 = AXIS2_PLACEMENT_3D('',#10323,#10324,#10325);
#10323 = CARTESIAN_POINT('',(-0.15,-0.25,4.9));
#10324 = DIRECTION('',(0.707106781187,-8.486018839685E-17,
    -0.707106781187));
#10325 = DIRECTION('',(-1.212375546256E-16,-1.,-1.227125289196E-18));
#10326 = ADVANCED_FACE('',(#10327),#10345,.T.);
#10327 = FACE_BOUND('',#10328,.F.);
#10328 = EDGE_LOOP('',(#10329,#10337,#10338,#10339));
#10329 = ORIENTED_EDGE('',*,*,#10330,.T.);
#10330 = EDGE_CURVE('',#10331,#8007,#10333,.T.);
#10331 = VERTEX_POINT('',#10332);
#10332 = CARTESIAN_POINT('',(5.E-02,-5.E-02,5.));
#10333 = LINE('',#10334,#10335);
#10334 = CARTESIAN_POINT('',(0.183333333333,-0.183333333333,
    4.866666666667));
#10335 = VECTOR('',#10336,1.);
#10336 = DIRECTION('',(0.57735026919,-0.57735026919,-0.57735026919));
#10337 = ORIENTED_EDGE('',*,*,#8016,.T.);
#10338 = ORIENTED_EDGE('',*,*,#10299,.F.);
#10339 = ORIENTED_EDGE('',*,*,#10340,.F.);
#10340 = EDGE_CURVE('',#10331,#10300,#10341,.T.);
#10341 = LINE('',#10342,#10343);
#10342 = CARTESIAN_POINT('',(0.25,-5.E-02,5.));
#10343 = VECTOR('',#10344,1.);
#10344 = DIRECTION('',(-1.,1.224646799147E-16,0.));
#10345 = PLANE('',#10346);
#10346 = AXIS2_PLACEMENT_3D('',#10347,#10348,#10349);
#10347 = CARTESIAN_POINT('',(0.25,-0.15,4.9));
#10348 = DIRECTION('',(-8.833102285013E-17,-0.707106781187,
    0.707106781187));
#10349 = DIRECTION('',(1.,-1.236918052038E-16,1.227125289097E-18));
#10350 = ADVANCED_FACE('',(#10351),#10369,.T.);
#10351 = FACE_BOUND('',#10352,.F.);
#10352 = EDGE_LOOP('',(#10353,#10354,#10362,#10368));
#10353 = ORIENTED_EDGE('',*,*,#10330,.F.);
#10354 = ORIENTED_EDGE('',*,*,#10355,.T.);
#10355 = EDGE_CURVE('',#10331,#10356,#10358,.T.);
#10356 = VERTEX_POINT('',#10357);
#10357 = CARTESIAN_POINT('',(5.E-02,5.E-02,5.));
#10358 = LINE('',#10359,#10360);
#10359 = CARTESIAN_POINT('',(5.E-02,-0.25,5.));
#10360 = VECTOR('',#10361,1.);
#10361 = DIRECTION('',(1.224646799147E-16,1.,0.));
#10362 = ORIENTED_EDGE('',*,*,#10363,.T.);
#10363 = EDGE_CURVE('',#10356,#8033,#10364,.T.);
#10364 = LINE('',#10365,#10366);
#10365 = CARTESIAN_POINT('',(0.1,0.1,4.95));
#10366 = VECTOR('',#10367,1.);
#10367 = DIRECTION('',(0.57735026919,0.57735026919,-0.57735026919));
#10368 = ORIENTED_EDGE('',*,*,#8032,.F.);
#10369 = PLANE('',#10370);
#10370 = AXIS2_PLACEMENT_3D('',#10371,#10372,#10373);
#10371 = CARTESIAN_POINT('',(0.15,-0.25,4.9));
#10372 = DIRECTION('',(0.707106781187,-8.833102285013E-17,0.707106781187
    ));
#10373 = DIRECTION('',(-1.236918052038E-16,-1.,-1.227125289097E-18));
#10374 = ADVANCED_FACE('',(#10375),#10386,.T.);
#10375 = FACE_BOUND('',#10376,.F.);
#10376 = EDGE_LOOP('',(#10377,#10378,#10384,#10385));
#10377 = ORIENTED_EDGE('',*,*,#10363,.F.);
#10378 = ORIENTED_EDGE('',*,*,#10379,.T.);
#10379 = EDGE_CURVE('',#10356,#10308,#10380,.T.);
#10380 = LINE('',#10381,#10382);
#10381 = CARTESIAN_POINT('',(0.25,5.E-02,5.));
#10382 = VECTOR('',#10383,1.);
#10383 = DIRECTION('',(-1.,1.224646799147E-16,0.));
#10384 = ORIENTED_EDGE('',*,*,#10315,.T.);
#10385 = ORIENTED_EDGE('',*,*,#8055,.F.);
#10386 = PLANE('',#10387);
#10387 = AXIS2_PLACEMENT_3D('',#10388,#10389,#10390);
#10388 = CARTESIAN_POINT('',(0.25,0.15,4.9));
#10389 = DIRECTION('',(8.833102285013E-17,0.707106781187,0.707106781187)
  );
#10390 = DIRECTION('',(1.,-1.236918052038E-16,-1.227125289097E-18));
#10391 = ADVANCED_FACE('',(#10392),#10417,.T.);
#10392 = FACE_BOUND('',#10393,.F.);
#10393 = EDGE_LOOP('',(#10394,#10402,#10410,#10416));
#10394 = ORIENTED_EDGE('',*,*,#10395,.T.);
#10395 = EDGE_CURVE('',#8073,#10396,#10398,.T.);
#10396 = VERTEX_POINT('',#10397);
#10397 = CARTESIAN_POINT('',(2.05,-5.E-02,5.));
#10398 = LINE('',#10399,#10400);
#10399 = CARTESIAN_POINT('',(2.183333333333,-0.183333333333,
    4.866666666667));
#10400 = VECTOR('',#10401,1.);
#10401 = DIRECTION('',(-0.57735026919,0.57735026919,0.57735026919));
#10402 = ORIENTED_EDGE('',*,*,#10403,.T.);
#10403 = EDGE_CURVE('',#10396,#10404,#10406,.T.);
#10404 = VERTEX_POINT('',#10405);
#10405 = CARTESIAN_POINT('',(2.05,5.E-02,5.));
#10406 = LINE('',#10407,#10408);
#10407 = CARTESIAN_POINT('',(2.05,-0.25,5.));
#10408 = VECTOR('',#10409,1.);
#10409 = DIRECTION('',(1.224646799147E-16,1.,0.));
#10410 = ORIENTED_EDGE('',*,*,#10411,.T.);
#10411 = EDGE_CURVE('',#10404,#8081,#10412,.T.);
#10412 = LINE('',#10413,#10414);
#10413 = CARTESIAN_POINT('',(2.1,0.1,4.95));
#10414 = VECTOR('',#10415,1.);
#10415 = DIRECTION('',(0.57735026919,0.57735026919,-0.57735026919));
#10416 = ORIENTED_EDGE('',*,*,#8080,.F.);
#10417 = PLANE('',#10418);
#10418 = AXIS2_PLACEMENT_3D('',#10419,#10420,#10421);
#10419 = CARTESIAN_POINT('',(2.15,-0.25,4.9));
#10420 = DIRECTION('',(0.707106781187,-8.833102285013E-17,0.707106781187
    ));
#10421 = DIRECTION('',(-1.236918052038E-16,-1.,-1.227125289097E-18));
#10422 = ADVANCED_FACE('',(#10423),#10441,.T.);
#10423 = FACE_BOUND('',#10424,.F.);
#10424 = EDGE_LOOP('',(#10425,#10426,#10434,#10440));
#10425 = ORIENTED_EDGE('',*,*,#10411,.F.);
#10426 = ORIENTED_EDGE('',*,*,#10427,.T.);
#10427 = EDGE_CURVE('',#10404,#10428,#10430,.T.);
#10428 = VERTEX_POINT('',#10429);
#10429 = CARTESIAN_POINT('',(1.95,5.E-02,5.));
#10430 = LINE('',#10431,#10432);
#10431 = CARTESIAN_POINT('',(2.25,5.E-02,5.));
#10432 = VECTOR('',#10433,1.);
#10433 = DIRECTION('',(-1.,1.224646799147E-16,0.));
#10434 = ORIENTED_EDGE('',*,*,#10435,.T.);
#10435 = EDGE_CURVE('',#10428,#8104,#10436,.T.);
#10436 = LINE('',#10437,#10438);
#10437 = CARTESIAN_POINT('',(1.983333333333,1.666666666667E-02,
    5.033333333333));
#10438 = VECTOR('',#10439,1.);
#10439 = DIRECTION('',(-0.57735026919,0.57735026919,-0.57735026919));
#10440 = ORIENTED_EDGE('',*,*,#8103,.F.);
#10441 = PLANE('',#10442);
#10442 = AXIS2_PLACEMENT_3D('',#10443,#10444,#10445);
#10443 = CARTESIAN_POINT('',(2.25,0.15,4.9));
#10444 = DIRECTION('',(8.833102285013E-17,0.707106781187,0.707106781187)
  );
#10445 = DIRECTION('',(1.,-1.236918052038E-16,-1.227125289097E-18));
#10446 = ADVANCED_FACE('',(#10447),#10465,.F.);
#10447 = FACE_BOUND('',#10448,.T.);
#10448 = EDGE_LOOP('',(#10449,#10457,#10463,#10464));
#10449 = ORIENTED_EDGE('',*,*,#10450,.T.);
#10450 = EDGE_CURVE('',#8128,#10451,#10453,.T.);
#10451 = VERTEX_POINT('',#10452);
#10452 = CARTESIAN_POINT('',(1.95,-5.E-02,5.));
#10453 = LINE('',#10454,#10455);
#10454 = CARTESIAN_POINT('',(1.9,-0.1,4.95));
#10455 = VECTOR('',#10456,1.);
#10456 = DIRECTION('',(0.57735026919,0.57735026919,0.57735026919));
#10457 = ORIENTED_EDGE('',*,*,#10458,.T.);
#10458 = EDGE_CURVE('',#10451,#10428,#10459,.T.);
#10459 = LINE('',#10460,#10461);
#10460 = CARTESIAN_POINT('',(1.95,-0.25,5.));
#10461 = VECTOR('',#10462,1.);
#10462 = DIRECTION('',(1.224646799147E-16,1.,0.));
#10463 = ORIENTED_EDGE('',*,*,#10435,.T.);
#10464 = ORIENTED_EDGE('',*,*,#8135,.F.);
#10465 = PLANE('',#10466);
#10466 = AXIS2_PLACEMENT_3D('',#10467,#10468,#10469);
#10467 = CARTESIAN_POINT('',(1.85,-0.25,4.9));
#10468 = DIRECTION('',(0.707106781187,-8.486018839685E-17,
    -0.707106781187));
#10469 = DIRECTION('',(-1.212375546256E-16,-1.,-1.227125289196E-18));
#10470 = ADVANCED_FACE('',(#10471),#10482,.T.);
#10471 = FACE_BOUND('',#10472,.F.);
#10472 = EDGE_LOOP('',(#10473,#10474,#10475,#10476));
#10473 = ORIENTED_EDGE('',*,*,#10395,.F.);
#10474 = ORIENTED_EDGE('',*,*,#8153,.T.);
#10475 = ORIENTED_EDGE('',*,*,#10450,.T.);
#10476 = ORIENTED_EDGE('',*,*,#10477,.F.);
#10477 = EDGE_CURVE('',#10396,#10451,#10478,.T.);
#10478 = LINE('',#10479,#10480);
#10479 = CARTESIAN_POINT('',(2.25,-5.E-02,5.));
#10480 = VECTOR('',#10481,1.);
#10481 = DIRECTION('',(-1.,1.224646799147E-16,0.));
#10482 = PLANE('',#10483);
#10483 = AXIS2_PLACEMENT_3D('',#10484,#10485,#10486);
#10484 = CARTESIAN_POINT('',(2.25,-0.15,4.9));
#10485 = DIRECTION('',(-8.833102285013E-17,-0.707106781187,
    0.707106781187));
#10486 = DIRECTION('',(1.,-1.236918052038E-16,1.227125289097E-18));
#10487 = ADVANCED_FACE('',(#10488),#10513,.T.);
#10488 = FACE_BOUND('',#10489,.F.);
#10489 = EDGE_LOOP('',(#10490,#10498,#10506,#10512));
#10490 = ORIENTED_EDGE('',*,*,#10491,.F.);
#10491 = EDGE_CURVE('',#10492,#8168,#10494,.T.);
#10492 = VERTEX_POINT('',#10493);
#10493 = CARTESIAN_POINT('',(4.05,5.E-02,5.));
#10494 = LINE('',#10495,#10496);
#10495 = CARTESIAN_POINT('',(4.1,0.1,4.95));
#10496 = VECTOR('',#10497,1.);
#10497 = DIRECTION('',(0.57735026919,0.57735026919,-0.57735026919));
#10498 = ORIENTED_EDGE('',*,*,#10499,.T.);
#10499 = EDGE_CURVE('',#10492,#10500,#10502,.T.);
#10500 = VERTEX_POINT('',#10501);
#10501 = CARTESIAN_POINT('',(3.95,5.E-02,5.));
#10502 = LINE('',#10503,#10504);
#10503 = CARTESIAN_POINT('',(4.25,5.E-02,5.));
#10504 = VECTOR('',#10505,1.);
#10505 = DIRECTION('',(-1.,1.224646799147E-16,0.));
#10506 = ORIENTED_EDGE('',*,*,#10507,.T.);
#10507 = EDGE_CURVE('',#10500,#8176,#10508,.T.);
#10508 = LINE('',#10509,#10510);
#10509 = CARTESIAN_POINT('',(3.983333333333,1.666666666667E-02,
    5.033333333333));
#10510 = VECTOR('',#10511,1.);
#10511 = DIRECTION('',(-0.57735026919,0.57735026919,-0.57735026919));
#10512 = ORIENTED_EDGE('',*,*,#8175,.F.);
#10513 = PLANE('',#10514);
#10514 = AXIS2_PLACEMENT_3D('',#10515,#10516,#10517);
#10515 = CARTESIAN_POINT('',(4.25,0.15,4.9));
#10516 = DIRECTION('',(8.833102285013E-17,0.707106781187,0.707106781187)
  );
#10517 = DIRECTION('',(1.,-1.236918052038E-16,-1.227125289097E-18));
#10518 = ADVANCED_FACE('',(#10519),#10537,.F.);
#10519 = FACE_BOUND('',#10520,.T.);
#10520 = EDGE_LOOP('',(#10521,#10529,#10535,#10536));
#10521 = ORIENTED_EDGE('',*,*,#10522,.T.);
#10522 = EDGE_CURVE('',#8200,#10523,#10525,.T.);
#10523 = VERTEX_POINT('',#10524);
#10524 = CARTESIAN_POINT('',(3.95,-5.E-02,5.));
#10525 = LINE('',#10526,#10527);
#10526 = CARTESIAN_POINT('',(3.9,-0.1,4.95));
#10527 = VECTOR('',#10528,1.);
#10528 = DIRECTION('',(0.57735026919,0.57735026919,0.57735026919));
#10529 = ORIENTED_EDGE('',*,*,#10530,.T.);
#10530 = EDGE_CURVE('',#10523,#10500,#10531,.T.);
#10531 = LINE('',#10532,#10533);
#10532 = CARTESIAN_POINT('',(3.95,-0.25,5.));
#10533 = VECTOR('',#10534,1.);
#10534 = DIRECTION('',(1.224646799147E-16,1.,0.));
#10535 = ORIENTED_EDGE('',*,*,#10507,.T.);
#10536 = ORIENTED_EDGE('',*,*,#8207,.F.);
#10537 = PLANE('',#10538);
#10538 = AXIS2_PLACEMENT_3D('',#10539,#10540,#10541);
#10539 = CARTESIAN_POINT('',(3.85,-0.25,4.9));
#10540 = DIRECTION('',(0.707106781187,-8.486018839685E-17,
    -0.707106781187));
#10541 = DIRECTION('',(-1.212375546256E-16,-1.,-1.227125289196E-18));
#10542 = ADVANCED_FACE('',(#10543),#10561,.T.);
#10543 = FACE_BOUND('',#10544,.F.);
#10544 = EDGE_LOOP('',(#10545,#10553,#10554,#10555));
#10545 = ORIENTED_EDGE('',*,*,#10546,.F.);
#10546 = EDGE_CURVE('',#8223,#10547,#10549,.T.);
#10547 = VERTEX_POINT('',#10548);
#10548 = CARTESIAN_POINT('',(4.05,-5.E-02,5.));
#10549 = LINE('',#10550,#10551);
#10550 = CARTESIAN_POINT('',(4.183333333333,-0.183333333333,
    4.866666666667));
#10551 = VECTOR('',#10552,1.);
#10552 = DIRECTION('',(-0.57735026919,0.57735026919,0.57735026919));
#10553 = ORIENTED_EDGE('',*,*,#8232,.T.);
#10554 = ORIENTED_EDGE('',*,*,#10522,.T.);
#10555 = ORIENTED_EDGE('',*,*,#10556,.F.);
#10556 = EDGE_CURVE('',#10547,#10523,#10557,.T.);
#10557 = LINE('',#10558,#10559);
#10558 = CARTESIAN_POINT('',(4.25,-5.E-02,5.));
#10559 = VECTOR('',#10560,1.);
#10560 = DIRECTION('',(-1.,1.224646799147E-16,0.));
#10561 = PLANE('',#10562);
#10562 = AXIS2_PLACEMENT_3D('',#10563,#10564,#10565);
#10563 = CARTESIAN_POINT('',(4.25,-0.15,4.9));
#10564 = DIRECTION('',(-8.833102285013E-17,-0.707106781187,
    0.707106781187));
#10565 = DIRECTION('',(1.,-1.236918052038E-16,1.227125289097E-18));
#10566 = ADVANCED_FACE('',(#10567),#10578,.T.);
#10567 = FACE_BOUND('',#10568,.F.);
#10568 = EDGE_LOOP('',(#10569,#10570,#10576,#10577));
#10569 = ORIENTED_EDGE('',*,*,#10546,.T.);
#10570 = ORIENTED_EDGE('',*,*,#10571,.T.);
#10571 = EDGE_CURVE('',#10547,#10492,#10572,.T.);
#10572 = LINE('',#10573,#10574);
#10573 = CARTESIAN_POINT('',(4.05,-0.25,5.));
#10574 = VECTOR('',#10575,1.);
#10575 = DIRECTION('',(1.224646799147E-16,1.,0.));
#10576 = ORIENTED_EDGE('',*,*,#10491,.T.);
#10577 = ORIENTED_EDGE('',*,*,#8248,.F.);
#10578 = PLANE('',#10579);
#10579 = AXIS2_PLACEMENT_3D('',#10580,#10581,#10582);
#10580 = CARTESIAN_POINT('',(4.15,-0.25,4.9));
#10581 = DIRECTION('',(0.707106781187,-8.833102285013E-17,0.707106781187
    ));
#10582 = DIRECTION('',(-1.236918052038E-16,-1.,-1.227125289097E-18));
#10583 = ADVANCED_FACE('',(#10584),#10609,.F.);
#10584 = FACE_BOUND('',#10585,.T.);
#10585 = EDGE_LOOP('',(#10586,#10594,#10602,#10608));
#10586 = ORIENTED_EDGE('',*,*,#10587,.F.);
#10587 = EDGE_CURVE('',#10588,#8265,#10590,.T.);
#10588 = VERTEX_POINT('',#10589);
#10589 = CARTESIAN_POINT('',(21.95,-5.E-02,5.));
#10590 = LINE('',#10591,#10592);
#10591 = CARTESIAN_POINT('',(21.9,-0.1,4.95));
#10592 = VECTOR('',#10593,1.);
#10593 = DIRECTION('',(-0.57735026919,-0.57735026919,-0.57735026919));
#10594 = ORIENTED_EDGE('',*,*,#10595,.T.);
#10595 = EDGE_CURVE('',#10588,#10596,#10598,.T.);
#10596 = VERTEX_POINT('',#10597);
#10597 = CARTESIAN_POINT('',(21.95,5.E-02,5.));
#10598 = LINE('',#10599,#10600);
#10599 = CARTESIAN_POINT('',(21.95,-0.25,5.));
#10600 = VECTOR('',#10601,1.);
#10601 = DIRECTION('',(1.224646799147E-16,1.,0.));
#10602 = ORIENTED_EDGE('',*,*,#10603,.T.);
#10603 = EDGE_CURVE('',#10596,#8273,#10604,.T.);
#10604 = LINE('',#10605,#10606);
#10605 = CARTESIAN_POINT('',(21.983333333333,1.666666666667E-02,
    5.033333333333));
#10606 = VECTOR('',#10607,1.);
#10607 = DIRECTION('',(-0.57735026919,0.57735026919,-0.57735026919));
#10608 = ORIENTED_EDGE('',*,*,#8272,.F.);
#10609 = PLANE('',#10610);
#10610 = AXIS2_PLACEMENT_3D('',#10611,#10612,#10613);
#10611 = CARTESIAN_POINT('',(21.85,-0.25,4.9));
#10612 = DIRECTION('',(0.707106781187,-8.486018839685E-17,
    -0.707106781187));
#10613 = DIRECTION('',(-1.212375546256E-16,-1.,-1.227125289196E-18));
#10614 = ADVANCED_FACE('',(#10615),#10633,.T.);
#10615 = FACE_BOUND('',#10616,.F.);
#10616 = EDGE_LOOP('',(#10617,#10625,#10626,#10627));
#10617 = ORIENTED_EDGE('',*,*,#10618,.T.);
#10618 = EDGE_CURVE('',#10619,#8295,#10621,.T.);
#10619 = VERTEX_POINT('',#10620);
#10620 = CARTESIAN_POINT('',(22.05,-5.E-02,5.));
#10621 = LINE('',#10622,#10623);
#10622 = CARTESIAN_POINT('',(22.183333333333,-0.183333333333,
    4.866666666667));
#10623 = VECTOR('',#10624,1.);
#10624 = DIRECTION('',(0.57735026919,-0.57735026919,-0.57735026919));
#10625 = ORIENTED_EDGE('',*,*,#8304,.T.);
#10626 = ORIENTED_EDGE('',*,*,#10587,.F.);
#10627 = ORIENTED_EDGE('',*,*,#10628,.F.);
#10628 = EDGE_CURVE('',#10619,#10588,#10629,.T.);
#10629 = LINE('',#10630,#10631);
#10630 = CARTESIAN_POINT('',(22.25,-5.E-02,5.));
#10631 = VECTOR('',#10632,1.);
#10632 = DIRECTION('',(-1.,1.224646799147E-16,0.));
#10633 = PLANE('',#10634);
#10634 = AXIS2_PLACEMENT_3D('',#10635,#10636,#10637);
#10635 = CARTESIAN_POINT('',(22.25,-0.15,4.9));
#10636 = DIRECTION('',(-8.833102285013E-17,-0.707106781187,
    0.707106781187));
#10637 = DIRECTION('',(1.,-1.236918052038E-16,1.227125289097E-18));
#10638 = ADVANCED_FACE('',(#10639),#10657,.T.);
#10639 = FACE_BOUND('',#10640,.F.);
#10640 = EDGE_LOOP('',(#10641,#10642,#10650,#10656));
#10641 = ORIENTED_EDGE('',*,*,#10618,.F.);
#10642 = ORIENTED_EDGE('',*,*,#10643,.T.);
#10643 = EDGE_CURVE('',#10619,#10644,#10646,.T.);
#10644 = VERTEX_POINT('',#10645);
#10645 = CARTESIAN_POINT('',(22.05,5.E-02,5.));
#10646 = LINE('',#10647,#10648);
#10647 = CARTESIAN_POINT('',(22.05,-0.25,5.));
#10648 = VECTOR('',#10649,1.);
#10649 = DIRECTION('',(1.224646799147E-16,1.,0.));
#10650 = ORIENTED_EDGE('',*,*,#10651,.T.);
#10651 = EDGE_CURVE('',#10644,#8321,#10652,.T.);
#10652 = LINE('',#10653,#10654);
#10653 = CARTESIAN_POINT('',(22.1,0.1,4.95));
#10654 = VECTOR('',#10655,1.);
#10655 = DIRECTION('',(0.57735026919,0.57735026919,-0.57735026919));
#10656 = ORIENTED_EDGE('',*,*,#8320,.F.);
#10657 = PLANE('',#10658);
#10658 = AXIS2_PLACEMENT_3D('',#10659,#10660,#10661);
#10659 = CARTESIAN_POINT('',(22.15,-0.25,4.9));
#10660 = DIRECTION('',(0.707106781187,-8.833102285013E-17,0.707106781187
    ));
#10661 = DIRECTION('',(-1.236918052038E-16,-1.,-1.227125289097E-18));
#10662 = ADVANCED_FACE('',(#10663),#10674,.T.);
#10663 = FACE_BOUND('',#10664,.F.);
#10664 = EDGE_LOOP('',(#10665,#10666,#10672,#10673));
#10665 = ORIENTED_EDGE('',*,*,#10651,.F.);
#10666 = ORIENTED_EDGE('',*,*,#10667,.T.);
#10667 = EDGE_CURVE('',#10644,#10596,#10668,.T.);
#10668 = LINE('',#10669,#10670);
#10669 = CARTESIAN_POINT('',(22.25,5.E-02,5.));
#10670 = VECTOR('',#10671,1.);
#10671 = DIRECTION('',(-1.,1.224646799147E-16,0.));
#10672 = ORIENTED_EDGE('',*,*,#10603,.T.);
#10673 = ORIENTED_EDGE('',*,*,#8343,.F.);
#10674 = PLANE('',#10675);
#10675 = AXIS2_PLACEMENT_3D('',#10676,#10677,#10678);
#10676 = CARTESIAN_POINT('',(22.25,0.15,4.9));
#10677 = DIRECTION('',(8.833102285013E-17,0.707106781187,0.707106781187)
  );
#10678 = DIRECTION('',(1.,-1.236918052038E-16,-1.227125289097E-18));
#10679 = ADVANCED_FACE('',(#10680),#10691,.T.);
#10680 = FACE_BOUND('',#10681,.F.);
#10681 = EDGE_LOOP('',(#10682,#10683,#10689,#10690));
#10682 = ORIENTED_EDGE('',*,*,#8492,.F.);
#10683 = ORIENTED_EDGE('',*,*,#10684,.T.);
#10684 = EDGE_CURVE('',#8493,#8360,#10685,.T.);
#10685 = LINE('',#10686,#10687);
#10686 = CARTESIAN_POINT('',(0.25,-5.E-02,-3.4));
#10687 = VECTOR('',#10688,1.);
#10688 = DIRECTION('',(-1.,1.224646799147E-16,0.));
#10689 = ORIENTED_EDGE('',*,*,#8359,.T.);
#10690 = ORIENTED_EDGE('',*,*,#8475,.F.);
#10691 = PLANE('',#10692);
#10692 = AXIS2_PLACEMENT_3D('',#10693,#10694,#10695);
#10693 = CARTESIAN_POINT('',(0.25,-0.134403742653,-3.301223703467));
#10694 = DIRECTION('',(-9.136856246232E-17,-0.760250805153,
    -0.64962967394));
#10695 = DIRECTION('',(1.,-1.211454098155E-16,1.127308249542E-18));
#10696 = ADVANCED_FACE('',(#10697),#10708,.F.);
#10697 = FACE_BOUND('',#10698,.F.);
#10698 = EDGE_LOOP('',(#10699,#10700,#10701,#10707));
#10699 = ORIENTED_EDGE('',*,*,#10684,.F.);
#10700 = ORIENTED_EDGE('',*,*,#8511,.F.);
#10701 = ORIENTED_EDGE('',*,*,#10702,.T.);
#10702 = EDGE_CURVE('',#8504,#8385,#10703,.T.);
#10703 = LINE('',#10704,#10705);
#10704 = CARTESIAN_POINT('',(0.25,5.E-02,-3.4));
#10705 = VECTOR('',#10706,1.);
#10706 = DIRECTION('',(-1.,1.224646799147E-16,0.));
#10707 = ORIENTED_EDGE('',*,*,#8392,.T.);
#10708 = PLANE('',#10709);
#10709 = AXIS2_PLACEMENT_3D('',#10710,#10711,#10712);
#10710 = CARTESIAN_POINT('',(0.25,0.25,-3.4));
#10711 = DIRECTION('',(0.,0.,1.));
#10712 = DIRECTION('',(-1.224646799147E-16,-1.,0.));
#10713 = ADVANCED_FACE('',(#10714),#10720,.T.);
#10714 = FACE_BOUND('',#10715,.T.);
#10715 = EDGE_LOOP('',(#10716,#10717,#10718,#10719));
#10716 = ORIENTED_EDGE('',*,*,#8503,.F.);
#10717 = ORIENTED_EDGE('',*,*,#10702,.T.);
#10718 = ORIENTED_EDGE('',*,*,#8384,.T.);
#10719 = ORIENTED_EDGE('',*,*,#8415,.F.);
#10720 = PLANE('',#10721);
#10721 = AXIS2_PLACEMENT_3D('',#10722,#10723,#10724);
#10722 = CARTESIAN_POINT('',(0.25,0.165596257347,-3.301223703467));
#10723 = DIRECTION('',(8.302774088379E-17,0.64962967394,-0.760250805153)
  );
#10724 = DIRECTION('',(-1.,1.247195775152E-16,-2.638869166629E-18));
#10725 = ADVANCED_FACE('',(#10726),#10732,.F.);
#10726 = FACE_BOUND('',#10727,.F.);
#10727 = EDGE_LOOP('',(#10728,#10729,#10730,#10731));
#10728 = ORIENTED_EDGE('',*,*,#8533,.F.);
#10729 = ORIENTED_EDGE('',*,*,#8557,.T.);
#10730 = ORIENTED_EDGE('',*,*,#8581,.T.);
#10731 = ORIENTED_EDGE('',*,*,#8605,.F.);
#10732 = PLANE('',#10733);
#10733 = AXIS2_PLACEMENT_3D('',#10734,#10735,#10736);
#10734 = CARTESIAN_POINT('',(2.25,0.25,-3.4));
#10735 = DIRECTION('',(0.,0.,1.));
#10736 = DIRECTION('',(-1.224646799147E-16,-1.,0.));
#10737 = ADVANCED_FACE('',(#10738),#10744,.F.);
#10738 = FACE_BOUND('',#10739,.F.);
#10739 = EDGE_LOOP('',(#10740,#10741,#10742,#10743));
#10740 = ORIENTED_EDGE('',*,*,#8701,.F.);
#10741 = ORIENTED_EDGE('',*,*,#8629,.T.);
#10742 = ORIENTED_EDGE('',*,*,#8653,.T.);
#10743 = ORIENTED_EDGE('',*,*,#8684,.F.);
#10744 = PLANE('',#10745);
#10745 = AXIS2_PLACEMENT_3D('',#10746,#10747,#10748);
#10746 = CARTESIAN_POINT('',(4.25,0.25,-3.4));
#10747 = DIRECTION('',(0.,0.,1.));
#10748 = DIRECTION('',(-1.224646799147E-16,-1.,0.));
#10749 = ADVANCED_FACE('',(#10750),#10756,.F.);
#10750 = FACE_BOUND('',#10751,.F.);
#10751 = EDGE_LOOP('',(#10752,#10753,#10754,#10755));
#10752 = ORIENTED_EDGE('',*,*,#8725,.F.);
#10753 = ORIENTED_EDGE('',*,*,#8749,.T.);
#10754 = ORIENTED_EDGE('',*,*,#8773,.T.);
#10755 = ORIENTED_EDGE('',*,*,#8797,.F.);
#10756 = PLANE('',#10757);
#10757 = AXIS2_PLACEMENT_3D('',#10758,#10759,#10760);
#10758 = CARTESIAN_POINT('',(6.25,0.25,-3.4));
#10759 = DIRECTION('',(0.,0.,1.));
#10760 = DIRECTION('',(-1.224646799147E-16,-1.,0.));
#10761 = ADVANCED_FACE('',(#10762),#10768,.F.);
#10762 = FACE_BOUND('',#10763,.F.);
#10763 = EDGE_LOOP('',(#10764,#10765,#10766,#10767));
#10764 = ORIENTED_EDGE('',*,*,#8821,.F.);
#10765 = ORIENTED_EDGE('',*,*,#8845,.T.);
#10766 = ORIENTED_EDGE('',*,*,#8869,.T.);
#10767 = ORIENTED_EDGE('',*,*,#8893,.F.);
#10768 = PLANE('',#10769);
#10769 = AXIS2_PLACEMENT_3D('',#10770,#10771,#10772);
#10770 = CARTESIAN_POINT('',(8.25,0.25,-3.4));
#10771 = DIRECTION('',(0.,0.,1.));
#10772 = DIRECTION('',(-1.224646799147E-16,-1.,0.));
#10773 = ADVANCED_FACE('',(#10774),#10780,.F.);
#10774 = FACE_BOUND('',#10775,.F.);
#10775 = EDGE_LOOP('',(#10776,#10777,#10778,#10779));
#10776 = ORIENTED_EDGE('',*,*,#8989,.F.);
#10777 = ORIENTED_EDGE('',*,*,#8917,.T.);
#10778 = ORIENTED_EDGE('',*,*,#8941,.T.);
#10779 = ORIENTED_EDGE('',*,*,#8972,.F.);
#10780 = PLANE('',#10781);
#10781 = AXIS2_PLACEMENT_3D('',#10782,#10783,#10784);
#10782 = CARTESIAN_POINT('',(10.25,0.25,-3.4));
#10783 = DIRECTION('',(0.,0.,1.));
#10784 = DIRECTION('',(-1.224646799147E-16,-1.,0.));
#10785 = ADVANCED_FACE('',(#10786),#10792,.F.);
#10786 = FACE_BOUND('',#10787,.F.);
#10787 = EDGE_LOOP('',(#10788,#10789,#10790,#10791));
#10788 = ORIENTED_EDGE('',*,*,#9013,.F.);
#10789 = ORIENTED_EDGE('',*,*,#9037,.T.);
#10790 = ORIENTED_EDGE('',*,*,#9061,.T.);
#10791 = ORIENTED_EDGE('',*,*,#9085,.F.);
#10792 = PLANE('',#10793);
#10793 = AXIS2_PLACEMENT_3D('',#10794,#10795,#10796);
#10794 = CARTESIAN_POINT('',(12.25,0.25,-3.4));
#10795 = DIRECTION('',(0.,0.,1.));
#10796 = DIRECTION('',(-1.224646799147E-16,-1.,0.));
#10797 = ADVANCED_FACE('',(#10798),#10804,.F.);
#10798 = FACE_BOUND('',#10799,.F.);
#10799 = EDGE_LOOP('',(#10800,#10801,#10802,#10803));
#10800 = ORIENTED_EDGE('',*,*,#9164,.F.);
#10801 = ORIENTED_EDGE('',*,*,#9181,.T.);
#10802 = ORIENTED_EDGE('',*,*,#9109,.T.);
#10803 = ORIENTED_EDGE('',*,*,#9140,.F.);
#10804 = PLANE('',#10805);
#10805 = AXIS2_PLACEMENT_3D('',#10806,#10807,#10808);
#10806 = CARTESIAN_POINT('',(14.25,0.25,-3.4));
#10807 = DIRECTION('',(0.,0.,1.));
#10808 = DIRECTION('',(-1.224646799147E-16,-1.,0.));
#10809 = ADVANCED_FACE('',(#10810),#10816,.F.);
#10810 = FACE_BOUND('',#10811,.F.);
#10811 = EDGE_LOOP('',(#10812,#10813,#10814,#10815));
#10812 = ORIENTED_EDGE('',*,*,#9205,.F.);
#10813 = ORIENTED_EDGE('',*,*,#9229,.T.);
#10814 = ORIENTED_EDGE('',*,*,#9253,.T.);
#10815 = ORIENTED_EDGE('',*,*,#9277,.F.);
#10816 = PLANE('',#10817);
#10817 = AXIS2_PLACEMENT_3D('',#10818,#10819,#10820);
#10818 = CARTESIAN_POINT('',(16.25,0.25,-3.4));
#10819 = DIRECTION('',(0.,0.,1.));
#10820 = DIRECTION('',(-1.224646799147E-16,-1.,0.));
#10821 = ADVANCED_FACE('',(#10822),#10828,.F.);
#10822 = FACE_BOUND('',#10823,.F.);
#10823 = EDGE_LOOP('',(#10824,#10825,#10826,#10827));
#10824 = ORIENTED_EDGE('',*,*,#9356,.F.);
#10825 = ORIENTED_EDGE('',*,*,#9373,.T.);
#10826 = ORIENTED_EDGE('',*,*,#9301,.T.);
#10827 = ORIENTED_EDGE('',*,*,#9332,.F.);
#10828 = PLANE('',#10829);
#10829 = AXIS2_PLACEMENT_3D('',#10830,#10831,#10832);
#10830 = CARTESIAN_POINT('',(18.25,0.25,-3.4));
#10831 = DIRECTION('',(0.,0.,1.));
#10832 = DIRECTION('',(-1.224646799147E-16,-1.,0.));
#10833 = ADVANCED_FACE('',(#10834),#10840,.F.);
#10834 = FACE_BOUND('',#10835,.F.);
#10835 = EDGE_LOOP('',(#10836,#10837,#10838,#10839));
#10836 = ORIENTED_EDGE('',*,*,#9397,.F.);
#10837 = ORIENTED_EDGE('',*,*,#9421,.T.);
#10838 = ORIENTED_EDGE('',*,*,#9445,.T.);
#10839 = ORIENTED_EDGE('',*,*,#9469,.F.);
#10840 = PLANE('',#10841);
#10841 = AXIS2_PLACEMENT_3D('',#10842,#10843,#10844);
#10842 = CARTESIAN_POINT('',(20.25,0.25,-3.4));
#10843 = DIRECTION('',(0.,0.,1.));
#10844 = DIRECTION('',(-1.224646799147E-16,-1.,0.));
#10845 = ADVANCED_FACE('',(#10846),#10852,.F.);
#10846 = FACE_BOUND('',#10847,.F.);
#10847 = EDGE_LOOP('',(#10848,#10849,#10850,#10851));
#10848 = ORIENTED_EDGE('',*,*,#9613,.T.);
#10849 = ORIENTED_EDGE('',*,*,#9594,.T.);
#10850 = ORIENTED_EDGE('',*,*,#9563,.F.);
#10851 = ORIENTED_EDGE('',*,*,#9539,.F.);
#10852 = PLANE('',#10853);
#10853 = AXIS2_PLACEMENT_3D('',#10854,#10855,#10856);
#10854 = CARTESIAN_POINT('',(20.25,-0.25,5.));
#10855 = DIRECTION('',(-0.,0.,-1.));
#10856 = DIRECTION('',(1.224646799147E-16,1.,0.));
#10857 = ADVANCED_FACE('',(#10858),#10864,.F.);
#10858 = FACE_BOUND('',#10859,.F.);
#10859 = EDGE_LOOP('',(#10860,#10861,#10862,#10863));
#10860 = ORIENTED_EDGE('',*,*,#9668,.T.);
#10861 = ORIENTED_EDGE('',*,*,#9635,.T.);
#10862 = ORIENTED_EDGE('',*,*,#9707,.F.);
#10863 = ORIENTED_EDGE('',*,*,#9683,.F.);
#10864 = PLANE('',#10865);
#10865 = AXIS2_PLACEMENT_3D('',#10866,#10867,#10868);
#10866 = CARTESIAN_POINT('',(18.25,-0.25,5.));
#10867 = DIRECTION('',(-0.,0.,-1.));
#10868 = DIRECTION('',(1.224646799147E-16,1.,0.));
#10869 = ADVANCED_FACE('',(#10870),#10876,.F.);
#10870 = FACE_BOUND('',#10871,.F.);
#10871 = EDGE_LOOP('',(#10872,#10873,#10874,#10875));
#10872 = ORIENTED_EDGE('',*,*,#9764,.T.);
#10873 = ORIENTED_EDGE('',*,*,#9731,.T.);
#10874 = ORIENTED_EDGE('',*,*,#9803,.F.);
#10875 = ORIENTED_EDGE('',*,*,#9779,.F.);
#10876 = PLANE('',#10877);
#10877 = AXIS2_PLACEMENT_3D('',#10878,#10879,#10880);
#10878 = CARTESIAN_POINT('',(14.25,-0.25,5.));
#10879 = DIRECTION('',(-0.,0.,-1.));
#10880 = DIRECTION('',(1.224646799147E-16,1.,0.));
#10881 = ADVANCED_FACE('',(#10882),#10888,.F.);
#10882 = FACE_BOUND('',#10883,.F.);
#10883 = EDGE_LOOP('',(#10884,#10885,#10886,#10887));
#10884 = ORIENTED_EDGE('',*,*,#9901,.T.);
#10885 = ORIENTED_EDGE('',*,*,#9882,.T.);
#10886 = ORIENTED_EDGE('',*,*,#9851,.F.);
#10887 = ORIENTED_EDGE('',*,*,#9827,.F.);
#10888 = PLANE('',#10889);
#10889 = AXIS2_PLACEMENT_3D('',#10890,#10891,#10892);
#10890 = CARTESIAN_POINT('',(16.25,-0.25,5.));
#10891 = DIRECTION('',(-0.,0.,-1.));
#10892 = DIRECTION('',(1.224646799147E-16,1.,0.));
#10893 = ADVANCED_FACE('',(#10894),#10900,.F.);
#10894 = FACE_BOUND('',#10895,.F.);
#10895 = EDGE_LOOP('',(#10896,#10897,#10898,#10899));
#10896 = ORIENTED_EDGE('',*,*,#9997,.T.);
#10897 = ORIENTED_EDGE('',*,*,#9978,.T.);
#10898 = ORIENTED_EDGE('',*,*,#9947,.F.);
#10899 = ORIENTED_EDGE('',*,*,#9923,.F.);
#10900 = PLANE('',#10901);
#10901 = AXIS2_PLACEMENT_3D('',#10902,#10903,#10904);
#10902 = CARTESIAN_POINT('',(6.25,-0.25,5.));
#10903 = DIRECTION('',(-0.,0.,-1.));
#10904 = DIRECTION('',(1.224646799147E-16,1.,0.));
#10905 = ADVANCED_FACE('',(#10906),#10912,.F.);
#10906 = FACE_BOUND('',#10907,.F.);
#10907 = EDGE_LOOP('',(#10908,#10909,#10910,#10911));
#10908 = ORIENTED_EDGE('',*,*,#10093,.T.);
#10909 = ORIENTED_EDGE('',*,*,#10074,.T.);
#10910 = ORIENTED_EDGE('',*,*,#10043,.F.);
#10911 = ORIENTED_EDGE('',*,*,#10019,.F.);
#10912 = PLANE('',#10913);
#10913 = AXIS2_PLACEMENT_3D('',#10914,#10915,#10916);
#10914 = CARTESIAN_POINT('',(8.25,-0.25,5.));
#10915 = DIRECTION('',(-0.,0.,-1.));
#10916 = DIRECTION('',(1.224646799147E-16,1.,0.));
#10917 = ADVANCED_FACE('',(#10918),#10924,.F.);
#10918 = FACE_BOUND('',#10919,.F.);
#10919 = EDGE_LOOP('',(#10920,#10921,#10922,#10923));
#10920 = ORIENTED_EDGE('',*,*,#10172,.T.);
#10921 = ORIENTED_EDGE('',*,*,#10146,.T.);
#10922 = ORIENTED_EDGE('',*,*,#10115,.F.);
#10923 = ORIENTED_EDGE('',*,*,#10187,.F.);
#10924 = PLANE('',#10925);
#10925 = AXIS2_PLACEMENT_3D('',#10926,#10927,#10928);
#10926 = CARTESIAN_POINT('',(10.25,-0.25,5.));
#10927 = DIRECTION('',(-0.,0.,-1.));
#10928 = DIRECTION('',(1.224646799147E-16,1.,0.));
#10929 = ADVANCED_FACE('',(#10930),#10936,.F.);
#10930 = FACE_BOUND('',#10931,.F.);
#10931 = EDGE_LOOP('',(#10932,#10933,#10934,#10935));
#10932 = ORIENTED_EDGE('',*,*,#10285,.T.);
#10933 = ORIENTED_EDGE('',*,*,#10266,.T.);
#10934 = ORIENTED_EDGE('',*,*,#10235,.F.);
#10935 = ORIENTED_EDGE('',*,*,#10211,.F.);
#10936 = PLANE('',#10937);
#10937 = AXIS2_PLACEMENT_3D('',#10938,#10939,#10940);
#10938 = CARTESIAN_POINT('',(12.25,-0.25,5.));
#10939 = DIRECTION('',(-0.,0.,-1.));
#10940 = DIRECTION('',(1.224646799147E-16,1.,0.));
#10941 = ADVANCED_FACE('',(#10942),#10948,.F.);
#10942 = FACE_BOUND('',#10943,.F.);
#10943 = EDGE_LOOP('',(#10944,#10945,#10946,#10947));
#10944 = ORIENTED_EDGE('',*,*,#10355,.F.);
#10945 = ORIENTED_EDGE('',*,*,#10340,.T.);
#10946 = ORIENTED_EDGE('',*,*,#10307,.T.);
#10947 = ORIENTED_EDGE('',*,*,#10379,.F.);
#10948 = PLANE('',#10949);
#10949 = AXIS2_PLACEMENT_3D('',#10950,#10951,#10952);
#10950 = CARTESIAN_POINT('',(0.25,-0.25,5.));
#10951 = DIRECTION('',(-0.,0.,-1.));
#10952 = DIRECTION('',(1.224646799147E-16,1.,0.));
#10953 = ADVANCED_FACE('',(#10954),#10960,.F.);
#10954 = FACE_BOUND('',#10955,.F.);
#10955 = EDGE_LOOP('',(#10956,#10957,#10958,#10959));
#10956 = ORIENTED_EDGE('',*,*,#10477,.T.);
#10957 = ORIENTED_EDGE('',*,*,#10458,.T.);
#10958 = ORIENTED_EDGE('',*,*,#10427,.F.);
#10959 = ORIENTED_EDGE('',*,*,#10403,.F.);
#10960 = PLANE('',#10961);
#10961 = AXIS2_PLACEMENT_3D('',#10962,#10963,#10964);
#10962 = CARTESIAN_POINT('',(2.25,-0.25,5.));
#10963 = DIRECTION('',(-0.,0.,-1.));
#10964 = DIRECTION('',(1.224646799147E-16,1.,0.));
#10965 = ADVANCED_FACE('',(#10966),#10972,.F.);
#10966 = FACE_BOUND('',#10967,.F.);
#10967 = EDGE_LOOP('',(#10968,#10969,#10970,#10971));
#10968 = ORIENTED_EDGE('',*,*,#10556,.T.);
#10969 = ORIENTED_EDGE('',*,*,#10530,.T.);
#10970 = ORIENTED_EDGE('',*,*,#10499,.F.);
#10971 = ORIENTED_EDGE('',*,*,#10571,.F.);
#10972 = PLANE('',#10973);
#10973 = AXIS2_PLACEMENT_3D('',#10974,#10975,#10976);
#10974 = CARTESIAN_POINT('',(4.25,-0.25,5.));
#10975 = DIRECTION('',(-0.,0.,-1.));
#10976 = DIRECTION('',(1.224646799147E-16,1.,0.));
#10977 = ADVANCED_FACE('',(#10978),#10984,.F.);
#10978 = FACE_BOUND('',#10979,.F.);
#10979 = EDGE_LOOP('',(#10980,#10981,#10982,#10983));
#10980 = ORIENTED_EDGE('',*,*,#10643,.F.);
#10981 = ORIENTED_EDGE('',*,*,#10628,.T.);
#10982 = ORIENTED_EDGE('',*,*,#10595,.T.);
#10983 = ORIENTED_EDGE('',*,*,#10667,.F.);
#10984 = PLANE('',#10985);
#10985 = AXIS2_PLACEMENT_3D('',#10986,#10987,#10988);
#10986 = CARTESIAN_POINT('',(22.25,-0.25,5.));
#10987 = DIRECTION('',(-0.,0.,-1.));
#10988 = DIRECTION('',(1.224646799147E-16,1.,0.));
#10989 = ( GEOMETRIC_REPRESENTATION_CONTEXT(3) 
GLOBAL_UNCERTAINTY_ASSIGNED_CONTEXT((#10993)) 
GLOBAL_UNIT_ASSIGNED_CONTEXT((#10990,#10991,#10992)) 
REPRESENTATION_CONTEXT('Context #1',
  '3D Context with UNIT and UNCERTAINTY') );
#10990 = ( LENGTH_UNIT() NAMED_UNIT(*) SI_UNIT(.MILLI.,.METRE.) );
#10991 = ( NAMED_UNIT(*) PLANE_ANGLE_UNIT() SI_UNIT($,.RADIAN.) );
#10992 = ( NAMED_UNIT(*) SI_UNIT($,.STERADIAN.) SOLID_ANGLE_UNIT() );
#10993 = UNCERTAINTY_MEASURE_WITH_UNIT(LENGTH_MEASURE(1.E-07),#10990,
  'distance_accuracy_value','confusion accuracy');
#10994 = CONTEXT_DEPENDENT_SHAPE_REPRESENTATION(#10995,#10997);
#10995 = ( REPRESENTATION_RELATIONSHIP('','',#36,#10) 
REPRESENTATION_RELATIONSHIP_WITH_TRANSFORMATION(#10996) 
SHAPE_REPRESENTATION_RELATIONSHIP() );
#10996 = ITEM_DEFINED_TRANSFORMATION('','',#11,#15);
#10997 = PRODUCT_DEFINITION_SHAPE('Placement','Placement of an item',
  #10998);
#10998 = NEXT_ASSEMBLY_USAGE_OCCURRENCE('1','J1','',#5,#31,$);
#10999 = PRODUCT_RELATED_PRODUCT_CATEGORY('part',$,(#33));
#11000 = SHAPE_DEFINITION_REPRESENTATION(#11001,#11007);
#11001 = PRODUCT_DEFINITION_SHAPE('','',#11002);
#11002 = PRODUCT_DEFINITION('design','',#11003,#11006);
#11003 = PRODUCT_DEFINITION_FORMATION('','',#11004);
#11004 = PRODUCT('VCU MPR - 5V V1.0_PCB','VCU MPR - 5V V1.0_PCB','',(
    #11005));
#11005 = PRODUCT_CONTEXT('',#2,'mechanical');
#11006 = PRODUCT_DEFINITION_CONTEXT('part definition',#2,'design');
#11007 = ADVANCED_BREP_SHAPE_REPRESENTATION('',(#11,#11008),#13342);
#11008 = MANIFOLD_SOLID_BREP('',#11009);
#11009 = CLOSED_SHELL('',(#11010,#11050,#11081,#11112,#11745,#12378,
    #12390,#12407,#12424,#12441,#12458,#12475,#12492,#12509,#12526,
    #12543,#12560,#12577,#12594,#12611,#12628,#12645,#12662,#12679,
    #12696,#12713,#12730,#12747,#12764,#12781,#12798,#12815,#12832,
    #12849,#12866,#12883,#12900,#12917,#12934,#12951,#12968,#12985,
    #13002,#13019,#13036,#13053,#13070,#13087,#13104,#13121,#13138,
    #13155,#13172,#13189,#13206,#13223,#13240,#13257,#13274,#13291,
    #13308,#13325));
#11010 = ADVANCED_FACE('',(#11011),#11045,.T.);
#11011 = FACE_BOUND('',#11012,.T.);
#11012 = EDGE_LOOP('',(#11013,#11023,#11031,#11039));
#11013 = ORIENTED_EDGE('',*,*,#11014,.T.);
#11014 = EDGE_CURVE('',#11015,#11017,#11019,.T.);
#11015 = VERTEX_POINT('',#11016);
#11016 = CARTESIAN_POINT('',(116.77022,-114.954339,0.));
#11017 = VERTEX_POINT('',#11018);
#11018 = CARTESIAN_POINT('',(116.77022,-114.954339,1.51));
#11019 = LINE('',#11020,#11021);
#11020 = CARTESIAN_POINT('',(116.77022,-114.954339,0.));
#11021 = VECTOR('',#11022,1.);
#11022 = DIRECTION('',(0.,0.,1.));
#11023 = ORIENTED_EDGE('',*,*,#11024,.T.);
#11024 = EDGE_CURVE('',#11017,#11025,#11027,.T.);
#11025 = VERTEX_POINT('',#11026);
#11026 = CARTESIAN_POINT('',(70.77082,-114.954339,1.51));
#11027 = LINE('',#11028,#11029);
#11028 = CARTESIAN_POINT('',(116.77022,-114.954339,1.51));
#11029 = VECTOR('',#11030,1.);
#11030 = DIRECTION('',(-1.,0.,0.));
#11031 = ORIENTED_EDGE('',*,*,#11032,.F.);
#11032 = EDGE_CURVE('',#11033,#11025,#11035,.T.);
#11033 = VERTEX_POINT('',#11034);
#11034 = CARTESIAN_POINT('',(70.77082,-114.954339,0.));
#11035 = LINE('',#11036,#11037);
#11036 = CARTESIAN_POINT('',(70.77082,-114.954339,0.));
#11037 = VECTOR('',#11038,1.);
#11038 = DIRECTION('',(0.,0.,1.));
#11039 = ORIENTED_EDGE('',*,*,#11040,.F.);
#11040 = EDGE_CURVE('',#11015,#11033,#11041,.T.);
#11041 = LINE('',#11042,#11043);
#11042 = CARTESIAN_POINT('',(116.77022,-114.954339,0.));
#11043 = VECTOR('',#11044,1.);
#11044 = DIRECTION('',(-1.,0.,0.));
#11045 = PLANE('',#11046);
#11046 = AXIS2_PLACEMENT_3D('',#11047,#11048,#11049);
#11047 = CARTESIAN_POINT('',(116.77022,-114.954339,0.));
#11048 = DIRECTION('',(0.,-1.,0.));
#11049 = DIRECTION('',(-1.,0.,0.));
#11050 = ADVANCED_FACE('',(#11051),#11076,.T.);
#11051 = FACE_BOUND('',#11052,.T.);
#11052 = EDGE_LOOP('',(#11053,#11063,#11069,#11070));
#11053 = ORIENTED_EDGE('',*,*,#11054,.T.);
#11054 = EDGE_CURVE('',#11055,#11057,#11059,.T.);
#11055 = VERTEX_POINT('',#11056);
#11056 = CARTESIAN_POINT('',(116.77022,-63.613139,0.));
#11057 = VERTEX_POINT('',#11058);
#11058 = CARTESIAN_POINT('',(116.77022,-63.613139,1.51));
#11059 = LINE('',#11060,#11061);
#11060 = CARTESIAN_POINT('',(116.77022,-63.613139,0.));
#11061 = VECTOR('',#11062,1.);
#11062 = DIRECTION('',(0.,0.,1.));
#11063 = ORIENTED_EDGE('',*,*,#11064,.T.);
#11064 = EDGE_CURVE('',#11057,#11017,#11065,.T.);
#11065 = LINE('',#11066,#11067);
#11066 = CARTESIAN_POINT('',(116.77022,-63.613139,1.51));
#11067 = VECTOR('',#11068,1.);
#11068 = DIRECTION('',(0.,-1.,0.));
#11069 = ORIENTED_EDGE('',*,*,#11014,.F.);
#11070 = ORIENTED_EDGE('',*,*,#11071,.F.);
#11071 = EDGE_CURVE('',#11055,#11015,#11072,.T.);
#11072 = LINE('',#11073,#11074);
#11073 = CARTESIAN_POINT('',(116.77022,-63.613139,0.));
#11074 = VECTOR('',#11075,1.);
#11075 = DIRECTION('',(0.,-1.,0.));
#11076 = PLANE('',#11077);
#11077 = AXIS2_PLACEMENT_3D('',#11078,#11079,#11080);
#11078 = CARTESIAN_POINT('',(116.77022,-63.613139,0.));
#11079 = DIRECTION('',(1.,0.,-0.));
#11080 = DIRECTION('',(0.,-1.,0.));
#11081 = ADVANCED_FACE('',(#11082),#11107,.T.);
#11082 = FACE_BOUND('',#11083,.T.);
#11083 = EDGE_LOOP('',(#11084,#11085,#11093,#11101));
#11084 = ORIENTED_EDGE('',*,*,#11032,.T.);
#11085 = ORIENTED_EDGE('',*,*,#11086,.T.);
#11086 = EDGE_CURVE('',#11025,#11087,#11089,.T.);
#11087 = VERTEX_POINT('',#11088);
#11088 = CARTESIAN_POINT('',(70.77082,-63.613139,1.51));
#11089 = LINE('',#11090,#11091);
#11090 = CARTESIAN_POINT('',(70.77082,-114.954339,1.51));
#11091 = VECTOR('',#11092,1.);
#11092 = DIRECTION('',(0.,1.,0.));
#11093 = ORIENTED_EDGE('',*,*,#11094,.F.);
#11094 = EDGE_CURVE('',#11095,#11087,#11097,.T.);
#11095 = VERTEX_POINT('',#11096);
#11096 = CARTESIAN_POINT('',(70.77082,-63.613139,0.));
#11097 = LINE('',#11098,#11099);
#11098 = CARTESIAN_POINT('',(70.77082,-63.613139,0.));
#11099 = VECTOR('',#11100,1.);
#11100 = DIRECTION('',(0.,0.,1.));
#11101 = ORIENTED_EDGE('',*,*,#11102,.F.);
#11102 = EDGE_CURVE('',#11033,#11095,#11103,.T.);
#11103 = LINE('',#11104,#11105);
#11104 = CARTESIAN_POINT('',(70.77082,-114.954339,0.));
#11105 = VECTOR('',#11106,1.);
#11106 = DIRECTION('',(0.,1.,0.));
#11107 = PLANE('',#11108);
#11108 = AXIS2_PLACEMENT_3D('',#11109,#11110,#11111);
#11109 = CARTESIAN_POINT('',(70.77082,-114.954339,0.));
#11110 = DIRECTION('',(-1.,0.,0.));
#11111 = DIRECTION('',(0.,1.,0.));
#11112 = ADVANCED_FACE('',(#11113,#11124,#11135,#11146,#11157,#11168,
    #11179,#11190,#11201,#11212,#11223,#11234,#11245,#11256,#11267,
    #11278,#11289,#11300,#11311,#11322,#11333,#11344,#11355,#11366,
    #11377,#11388,#11399,#11410,#11421,#11432,#11443,#11454,#11465,
    #11476,#11487,#11498,#11509,#11520,#11531,#11542,#11553,#11564,
    #11575,#11586,#11597,#11608,#11619,#11630,#11641,#11652,#11663,
    #11674,#11685,#11696,#11707,#11718,#11729),#11740,.F.);
#11113 = FACE_BOUND('',#11114,.F.);
#11114 = EDGE_LOOP('',(#11115,#11116,#11117,#11123));
#11115 = ORIENTED_EDGE('',*,*,#11040,.F.);
#11116 = ORIENTED_EDGE('',*,*,#11071,.F.);
#11117 = ORIENTED_EDGE('',*,*,#11118,.F.);
#11118 = EDGE_CURVE('',#11095,#11055,#11119,.T.);
#11119 = LINE('',#11120,#11121);
#11120 = CARTESIAN_POINT('',(70.77082,-63.613139,0.));
#11121 = VECTOR('',#11122,1.);
#11122 = DIRECTION('',(1.,0.,0.));
#11123 = ORIENTED_EDGE('',*,*,#11102,.F.);
#11124 = FACE_BOUND('',#11125,.F.);
#11125 = EDGE_LOOP('',(#11126));
#11126 = ORIENTED_EDGE('',*,*,#11127,.T.);
#11127 = EDGE_CURVE('',#11128,#11128,#11130,.T.);
#11128 = VERTEX_POINT('',#11129);
#11129 = CARTESIAN_POINT('',(72.07482,-113.814139,0.));
#11130 = CIRCLE('',#11131,0.508);
#11131 = AXIS2_PLACEMENT_3D('',#11132,#11133,#11134);
#11132 = CARTESIAN_POINT('',(72.07482,-113.306139,0.));
#11133 = DIRECTION('',(-0.,0.,-1.));
#11134 = DIRECTION('',(-0.,-1.,0.));
#11135 = FACE_BOUND('',#11136,.F.);
#11136 = EDGE_LOOP('',(#11137));
#11137 = ORIENTED_EDGE('',*,*,#11138,.T.);
#11138 = EDGE_CURVE('',#11139,#11139,#11141,.T.);
#11139 = VERTEX_POINT('',#11140);
#11140 = CARTESIAN_POINT('',(72.07482,-111.274139,0.));
#11141 = CIRCLE('',#11142,0.508);
#11142 = AXIS2_PLACEMENT_3D('',#11143,#11144,#11145);
#11143 = CARTESIAN_POINT('',(72.07482,-110.766139,0.));
#11144 = DIRECTION('',(-0.,0.,-1.));
#11145 = DIRECTION('',(-0.,-1.,0.));
#11146 = FACE_BOUND('',#11147,.F.);
#11147 = EDGE_LOOP('',(#11148));
#11148 = ORIENTED_EDGE('',*,*,#11149,.T.);
#11149 = EDGE_CURVE('',#11150,#11150,#11152,.T.);
#11150 = VERTEX_POINT('',#11151);
#11151 = CARTESIAN_POINT('',(72.07482,-108.734139,0.));
#11152 = CIRCLE('',#11153,0.508);
#11153 = AXIS2_PLACEMENT_3D('',#11154,#11155,#11156);
#11154 = CARTESIAN_POINT('',(72.07482,-108.226139,0.));
#11155 = DIRECTION('',(-0.,0.,-1.));
#11156 = DIRECTION('',(-0.,-1.,0.));
#11157 = FACE_BOUND('',#11158,.F.);
#11158 = EDGE_LOOP('',(#11159));
#11159 = ORIENTED_EDGE('',*,*,#11160,.T.);
#11160 = EDGE_CURVE('',#11161,#11161,#11163,.T.);
#11161 = VERTEX_POINT('',#11162);
#11162 = CARTESIAN_POINT('',(77.3882,-111.2197,0.));
#11163 = CIRCLE('',#11164,0.9);
#11164 = AXIS2_PLACEMENT_3D('',#11165,#11166,#11167);
#11165 = CARTESIAN_POINT('',(77.3882,-110.3197,0.));
#11166 = DIRECTION('',(-0.,0.,-1.));
#11167 = DIRECTION('',(-1.578983857245E-14,-1.,0.));
#11168 = FACE_BOUND('',#11169,.F.);
#11169 = EDGE_LOOP('',(#11170));
#11170 = ORIENTED_EDGE('',*,*,#11171,.T.);
#11171 = EDGE_CURVE('',#11172,#11172,#11174,.T.);
#11172 = VERTEX_POINT('',#11173);
#11173 = CARTESIAN_POINT('',(72.07482,-106.194139,0.));
#11174 = CIRCLE('',#11175,0.508);
#11175 = AXIS2_PLACEMENT_3D('',#11176,#11177,#11178);
#11176 = CARTESIAN_POINT('',(72.07482,-105.686139,0.));
#11177 = DIRECTION('',(-0.,0.,-1.));
#11178 = DIRECTION('',(-0.,-1.,0.));
#11179 = FACE_BOUND('',#11180,.F.);
#11180 = EDGE_LOOP('',(#11181));
#11181 = ORIENTED_EDGE('',*,*,#11182,.T.);
#11182 = EDGE_CURVE('',#11183,#11183,#11185,.T.);
#11183 = VERTEX_POINT('',#11184);
#11184 = CARTESIAN_POINT('',(72.07482,-103.654139,0.));
#11185 = CIRCLE('',#11186,0.508);
#11186 = AXIS2_PLACEMENT_3D('',#11187,#11188,#11189);
#11187 = CARTESIAN_POINT('',(72.07482,-103.146139,0.));
#11188 = DIRECTION('',(-0.,0.,-1.));
#11189 = DIRECTION('',(-0.,-1.,0.));
#11190 = FACE_BOUND('',#11191,.F.);
#11191 = EDGE_LOOP('',(#11192));
#11192 = ORIENTED_EDGE('',*,*,#11193,.T.);
#11193 = EDGE_CURVE('',#11194,#11194,#11196,.T.);
#11194 = VERTEX_POINT('',#11195);
#11195 = CARTESIAN_POINT('',(89.3882,-113.1197,0.));
#11196 = CIRCLE('',#11197,1.);
#11197 = AXIS2_PLACEMENT_3D('',#11198,#11199,#11200);
#11198 = CARTESIAN_POINT('',(89.3882,-112.1197,0.));
#11199 = DIRECTION('',(-0.,0.,-1.));
#11200 = DIRECTION('',(-0.,-1.,0.));
#11201 = FACE_BOUND('',#11202,.F.);
#11202 = EDGE_LOOP('',(#11203));
#11203 = ORIENTED_EDGE('',*,*,#11204,.T.);
#11204 = EDGE_CURVE('',#11205,#11205,#11207,.T.);
#11205 = VERTEX_POINT('',#11206);
#11206 = CARTESIAN_POINT('',(72.07482,-101.114139,0.));
#11207 = CIRCLE('',#11208,0.508);
#11208 = AXIS2_PLACEMENT_3D('',#11209,#11210,#11211);
#11209 = CARTESIAN_POINT('',(72.07482,-100.606139,0.));
#11210 = DIRECTION('',(-0.,0.,-1.));
#11211 = DIRECTION('',(-0.,-1.,0.));
#11212 = FACE_BOUND('',#11213,.F.);
#11213 = EDGE_LOOP('',(#11214));
#11214 = ORIENTED_EDGE('',*,*,#11215,.T.);
#11215 = EDGE_CURVE('',#11216,#11216,#11218,.T.);
#11216 = VERTEX_POINT('',#11217);
#11217 = CARTESIAN_POINT('',(72.07482,-98.574139,0.));
#11218 = CIRCLE('',#11219,0.508);
#11219 = AXIS2_PLACEMENT_3D('',#11220,#11221,#11222);
#11220 = CARTESIAN_POINT('',(72.07482,-98.066139,0.));
#11221 = DIRECTION('',(-0.,0.,-1.));
#11222 = DIRECTION('',(-0.,-1.,0.));
#11223 = FACE_BOUND('',#11224,.F.);
#11224 = EDGE_LOOP('',(#11225));
#11225 = ORIENTED_EDGE('',*,*,#11226,.T.);
#11226 = EDGE_CURVE('',#11227,#11227,#11229,.T.);
#11227 = VERTEX_POINT('',#11228);
#11228 = CARTESIAN_POINT('',(72.07482,-96.034139,0.));
#11229 = CIRCLE('',#11230,0.508);
#11230 = AXIS2_PLACEMENT_3D('',#11231,#11232,#11233);
#11231 = CARTESIAN_POINT('',(72.07482,-95.526139,0.));
#11232 = DIRECTION('',(-0.,0.,-1.));
#11233 = DIRECTION('',(-0.,-1.,0.));
#11234 = FACE_BOUND('',#11235,.F.);
#11235 = EDGE_LOOP('',(#11236));
#11236 = ORIENTED_EDGE('',*,*,#11237,.T.);
#11237 = EDGE_CURVE('',#11238,#11238,#11240,.T.);
#11238 = VERTEX_POINT('',#11239);
#11239 = CARTESIAN_POINT('',(72.07482,-93.494139,0.));
#11240 = CIRCLE('',#11241,0.508);
#11241 = AXIS2_PLACEMENT_3D('',#11242,#11243,#11244);
#11242 = CARTESIAN_POINT('',(72.07482,-92.986139,0.));
#11243 = DIRECTION('',(-0.,0.,-1.));
#11244 = DIRECTION('',(-0.,-1.,0.));
#11245 = FACE_BOUND('',#11246,.F.);
#11246 = EDGE_LOOP('',(#11247));
#11247 = ORIENTED_EDGE('',*,*,#11248,.T.);
#11248 = EDGE_CURVE('',#11249,#11249,#11251,.T.);
#11249 = VERTEX_POINT('',#11250);
#11250 = CARTESIAN_POINT('',(72.07482,-90.954139,0.));
#11251 = CIRCLE('',#11252,0.508);
#11252 = AXIS2_PLACEMENT_3D('',#11253,#11254,#11255);
#11253 = CARTESIAN_POINT('',(72.07482,-90.446139,0.));
#11254 = DIRECTION('',(-0.,0.,-1.));
#11255 = DIRECTION('',(-0.,-1.,0.));
#11256 = FACE_BOUND('',#11257,.F.);
#11257 = EDGE_LOOP('',(#11258));
#11258 = ORIENTED_EDGE('',*,*,#11259,.T.);
#11259 = EDGE_CURVE('',#11260,#11260,#11262,.T.);
#11260 = VERTEX_POINT('',#11261);
#11261 = CARTESIAN_POINT('',(109.5248,-112.9006,0.));
#11262 = CIRCLE('',#11263,0.375);
#11263 = AXIS2_PLACEMENT_3D('',#11264,#11265,#11266);
#11264 = CARTESIAN_POINT('',(109.5248,-112.5256,0.));
#11265 = DIRECTION('',(-0.,0.,-1.));
#11266 = DIRECTION('',(-0.,-1.,0.));
#11267 = FACE_BOUND('',#11268,.F.);
#11268 = EDGE_LOOP('',(#11269));
#11269 = ORIENTED_EDGE('',*,*,#11270,.T.);
#11270 = EDGE_CURVE('',#11271,#11271,#11273,.T.);
#11271 = VERTEX_POINT('',#11272);
#11272 = CARTESIAN_POINT('',(109.5248,-110.9006,0.));
#11273 = CIRCLE('',#11274,0.375);
#11274 = AXIS2_PLACEMENT_3D('',#11275,#11276,#11277);
#11275 = CARTESIAN_POINT('',(109.5248,-110.5256,0.));
#11276 = DIRECTION('',(-0.,0.,-1.));
#11277 = DIRECTION('',(-0.,-1.,0.));
#11278 = FACE_BOUND('',#11279,.F.);
#11279 = EDGE_LOOP('',(#11280));
#11280 = ORIENTED_EDGE('',*,*,#11281,.T.);
#11281 = EDGE_CURVE('',#11282,#11282,#11284,.T.);
#11282 = VERTEX_POINT('',#11283);
#11283 = CARTESIAN_POINT('',(109.5248,-108.9006,0.));
#11284 = CIRCLE('',#11285,0.375);
#11285 = AXIS2_PLACEMENT_3D('',#11286,#11287,#11288);
#11286 = CARTESIAN_POINT('',(109.5248,-108.5256,0.));
#11287 = DIRECTION('',(-0.,0.,-1.));
#11288 = DIRECTION('',(-0.,-1.,0.));
#11289 = FACE_BOUND('',#11290,.F.);
#11290 = EDGE_LOOP('',(#11291));
#11291 = ORIENTED_EDGE('',*,*,#11292,.T.);
#11292 = EDGE_CURVE('',#11293,#11293,#11295,.T.);
#11293 = VERTEX_POINT('',#11294);
#11294 = CARTESIAN_POINT('',(115.25482,-113.814139,0.));
#11295 = CIRCLE('',#11296,0.508);
#11296 = AXIS2_PLACEMENT_3D('',#11297,#11298,#11299);
#11297 = CARTESIAN_POINT('',(115.25482,-113.306139,0.));
#11298 = DIRECTION('',(-0.,0.,-1.));
#11299 = DIRECTION('',(-0.,-1.,0.));
#11300 = FACE_BOUND('',#11301,.F.);
#11301 = EDGE_LOOP('',(#11302));
#11302 = ORIENTED_EDGE('',*,*,#11303,.T.);
#11303 = EDGE_CURVE('',#11304,#11304,#11306,.T.);
#11304 = VERTEX_POINT('',#11305);
#11305 = CARTESIAN_POINT('',(115.25482,-111.274139,0.));
#11306 = CIRCLE('',#11307,0.508);
#11307 = AXIS2_PLACEMENT_3D('',#11308,#11309,#11310);
#11308 = CARTESIAN_POINT('',(115.25482,-110.766139,0.));
#11309 = DIRECTION('',(-0.,0.,-1.));
#11310 = DIRECTION('',(-0.,-1.,0.));
#11311 = FACE_BOUND('',#11312,.F.);
#11312 = EDGE_LOOP('',(#11313));
#11313 = ORIENTED_EDGE('',*,*,#11314,.T.);
#11314 = EDGE_CURVE('',#11315,#11315,#11317,.T.);
#11315 = VERTEX_POINT('',#11316);
#11316 = CARTESIAN_POINT('',(115.25482,-108.734139,0.));
#11317 = CIRCLE('',#11318,0.508);
#11318 = AXIS2_PLACEMENT_3D('',#11319,#11320,#11321);
#11319 = CARTESIAN_POINT('',(115.25482,-108.226139,0.));
#11320 = DIRECTION('',(-0.,0.,-1.));
#11321 = DIRECTION('',(-0.,-1.,0.));
#11322 = FACE_BOUND('',#11323,.F.);
#11323 = EDGE_LOOP('',(#11324));
#11324 = ORIENTED_EDGE('',*,*,#11325,.T.);
#11325 = EDGE_CURVE('',#11326,#11326,#11328,.T.);
#11326 = VERTEX_POINT('',#11327);
#11327 = CARTESIAN_POINT('',(109.5248,-106.9006,0.));
#11328 = CIRCLE('',#11329,0.375);
#11329 = AXIS2_PLACEMENT_3D('',#11330,#11331,#11332);
#11330 = CARTESIAN_POINT('',(109.5248,-106.5256,0.));
#11331 = DIRECTION('',(-0.,0.,-1.));
#11332 = DIRECTION('',(-0.,-1.,0.));
#11333 = FACE_BOUND('',#11334,.F.);
#11334 = EDGE_LOOP('',(#11335));
#11335 = ORIENTED_EDGE('',*,*,#11336,.T.);
#11336 = EDGE_CURVE('',#11337,#11337,#11339,.T.);
#11337 = VERTEX_POINT('',#11338);
#11338 = CARTESIAN_POINT('',(109.5248,-104.9006,0.));
#11339 = CIRCLE('',#11340,0.375);
#11340 = AXIS2_PLACEMENT_3D('',#11341,#11342,#11343);
#11341 = CARTESIAN_POINT('',(109.5248,-104.5256,0.));
#11342 = DIRECTION('',(-0.,0.,-1.));
#11343 = DIRECTION('',(-0.,-1.,0.));
#11344 = FACE_BOUND('',#11345,.F.);
#11345 = EDGE_LOOP('',(#11346));
#11346 = ORIENTED_EDGE('',*,*,#11347,.T.);
#11347 = EDGE_CURVE('',#11348,#11348,#11350,.T.);
#11348 = VERTEX_POINT('',#11349);
#11349 = CARTESIAN_POINT('',(109.5248,-102.9006,0.));
#11350 = CIRCLE('',#11351,0.375);
#11351 = AXIS2_PLACEMENT_3D('',#11352,#11353,#11354);
#11352 = CARTESIAN_POINT('',(109.5248,-102.5256,0.));
#11353 = DIRECTION('',(-0.,0.,-1.));
#11354 = DIRECTION('',(-0.,-1.,0.));
#11355 = FACE_BOUND('',#11356,.F.);
#11356 = EDGE_LOOP('',(#11357));
#11357 = ORIENTED_EDGE('',*,*,#11358,.T.);
#11358 = EDGE_CURVE('',#11359,#11359,#11361,.T.);
#11359 = VERTEX_POINT('',#11360);
#11360 = CARTESIAN_POINT('',(115.25482,-106.194139,0.));
#11361 = CIRCLE('',#11362,0.508);
#11362 = AXIS2_PLACEMENT_3D('',#11363,#11364,#11365);
#11363 = CARTESIAN_POINT('',(115.25482,-105.686139,0.));
#11364 = DIRECTION('',(-0.,0.,-1.));
#11365 = DIRECTION('',(-0.,-1.,0.));
#11366 = FACE_BOUND('',#11367,.F.);
#11367 = EDGE_LOOP('',(#11368));
#11368 = ORIENTED_EDGE('',*,*,#11369,.T.);
#11369 = EDGE_CURVE('',#11370,#11370,#11372,.T.);
#11370 = VERTEX_POINT('',#11371);
#11371 = CARTESIAN_POINT('',(115.25482,-103.654139,0.));
#11372 = CIRCLE('',#11373,0.508);
#11373 = AXIS2_PLACEMENT_3D('',#11374,#11375,#11376);
#11374 = CARTESIAN_POINT('',(115.25482,-103.146139,0.));
#11375 = DIRECTION('',(-0.,0.,-1.));
#11376 = DIRECTION('',(-0.,-1.,0.));
#11377 = FACE_BOUND('',#11378,.F.);
#11378 = EDGE_LOOP('',(#11379));
#11379 = ORIENTED_EDGE('',*,*,#11380,.T.);
#11380 = EDGE_CURVE('',#11381,#11381,#11383,.T.);
#11381 = VERTEX_POINT('',#11382);
#11382 = CARTESIAN_POINT('',(109.5248,-100.9006,0.));
#11383 = CIRCLE('',#11384,0.375);
#11384 = AXIS2_PLACEMENT_3D('',#11385,#11386,#11387);
#11385 = CARTESIAN_POINT('',(109.5248,-100.5256,0.));
#11386 = DIRECTION('',(-0.,0.,-1.));
#11387 = DIRECTION('',(-0.,-1.,0.));
#11388 = FACE_BOUND('',#11389,.F.);
#11389 = EDGE_LOOP('',(#11390));
#11390 = ORIENTED_EDGE('',*,*,#11391,.T.);
#11391 = EDGE_CURVE('',#11392,#11392,#11394,.T.);
#11392 = VERTEX_POINT('',#11393);
#11393 = CARTESIAN_POINT('',(109.5248,-98.9006,0.));
#11394 = CIRCLE('',#11395,0.375);
#11395 = AXIS2_PLACEMENT_3D('',#11396,#11397,#11398);
#11396 = CARTESIAN_POINT('',(109.5248,-98.5256,0.));
#11397 = DIRECTION('',(-0.,0.,-1.));
#11398 = DIRECTION('',(-0.,-1.,0.));
#11399 = FACE_BOUND('',#11400,.F.);
#11400 = EDGE_LOOP('',(#11401));
#11401 = ORIENTED_EDGE('',*,*,#11402,.T.);
#11402 = EDGE_CURVE('',#11403,#11403,#11405,.T.);
#11403 = VERTEX_POINT('',#11404);
#11404 = CARTESIAN_POINT('',(109.5248,-96.9006,0.));
#11405 = CIRCLE('',#11406,0.375);
#11406 = AXIS2_PLACEMENT_3D('',#11407,#11408,#11409);
#11407 = CARTESIAN_POINT('',(109.5248,-96.5256,0.));
#11408 = DIRECTION('',(-0.,0.,-1.));
#11409 = DIRECTION('',(-0.,-1.,0.));
#11410 = FACE_BOUND('',#11411,.F.);
#11411 = EDGE_LOOP('',(#11412));
#11412 = ORIENTED_EDGE('',*,*,#11413,.T.);
#11413 = EDGE_CURVE('',#11414,#11414,#11416,.T.);
#11414 = VERTEX_POINT('',#11415);
#11415 = CARTESIAN_POINT('',(115.25482,-101.114139,0.));
#11416 = CIRCLE('',#11417,0.508);
#11417 = AXIS2_PLACEMENT_3D('',#11418,#11419,#11420);
#11418 = CARTESIAN_POINT('',(115.25482,-100.606139,0.));
#11419 = DIRECTION('',(-0.,0.,-1.));
#11420 = DIRECTION('',(-0.,-1.,0.));
#11421 = FACE_BOUND('',#11422,.F.);
#11422 = EDGE_LOOP('',(#11423));
#11423 = ORIENTED_EDGE('',*,*,#11424,.T.);
#11424 = EDGE_CURVE('',#11425,#11425,#11427,.T.);
#11425 = VERTEX_POINT('',#11426);
#11426 = CARTESIAN_POINT('',(115.25482,-98.574139,0.));
#11427 = CIRCLE('',#11428,0.508);
#11428 = AXIS2_PLACEMENT_3D('',#11429,#11430,#11431);
#11429 = CARTESIAN_POINT('',(115.25482,-98.066139,0.));
#11430 = DIRECTION('',(-0.,0.,-1.));
#11431 = DIRECTION('',(-0.,-1.,0.));
#11432 = FACE_BOUND('',#11433,.F.);
#11433 = EDGE_LOOP('',(#11434));
#11434 = ORIENTED_EDGE('',*,*,#11435,.T.);
#11435 = EDGE_CURVE('',#11436,#11436,#11438,.T.);
#11436 = VERTEX_POINT('',#11437);
#11437 = CARTESIAN_POINT('',(115.25482,-96.034139,0.));
#11438 = CIRCLE('',#11439,0.508);
#11439 = AXIS2_PLACEMENT_3D('',#11440,#11441,#11442);
#11440 = CARTESIAN_POINT('',(115.25482,-95.526139,0.));
#11441 = DIRECTION('',(-0.,0.,-1.));
#11442 = DIRECTION('',(-0.,-1.,0.));
#11443 = FACE_BOUND('',#11444,.F.);
#11444 = EDGE_LOOP('',(#11445));
#11445 = ORIENTED_EDGE('',*,*,#11446,.T.);
#11446 = EDGE_CURVE('',#11447,#11447,#11449,.T.);
#11447 = VERTEX_POINT('',#11448);
#11448 = CARTESIAN_POINT('',(109.5248,-94.9006,0.));
#11449 = CIRCLE('',#11450,0.375);
#11450 = AXIS2_PLACEMENT_3D('',#11451,#11452,#11453);
#11451 = CARTESIAN_POINT('',(109.5248,-94.5256,0.));
#11452 = DIRECTION('',(-0.,0.,-1.));
#11453 = DIRECTION('',(-0.,-1.,0.));
#11454 = FACE_BOUND('',#11455,.F.);
#11455 = EDGE_LOOP('',(#11456));
#11456 = ORIENTED_EDGE('',*,*,#11457,.T.);
#11457 = EDGE_CURVE('',#11458,#11458,#11460,.T.);
#11458 = VERTEX_POINT('',#11459);
#11459 = CARTESIAN_POINT('',(109.5248,-92.9006,0.));
#11460 = CIRCLE('',#11461,0.375);
#11461 = AXIS2_PLACEMENT_3D('',#11462,#11463,#11464);
#11462 = CARTESIAN_POINT('',(109.5248,-92.5256,0.));
#11463 = DIRECTION('',(-0.,0.,-1.));
#11464 = DIRECTION('',(-0.,-1.,0.));
#11465 = FACE_BOUND('',#11466,.F.);
#11466 = EDGE_LOOP('',(#11467));
#11467 = ORIENTED_EDGE('',*,*,#11468,.T.);
#11468 = EDGE_CURVE('',#11469,#11469,#11471,.T.);
#11469 = VERTEX_POINT('',#11470);
#11470 = CARTESIAN_POINT('',(109.5248,-90.9006,0.));
#11471 = CIRCLE('',#11472,0.375);
#11472 = AXIS2_PLACEMENT_3D('',#11473,#11474,#11475);
#11473 = CARTESIAN_POINT('',(109.5248,-90.5256,0.));
#11474 = DIRECTION('',(-0.,0.,-1.));
#11475 = DIRECTION('',(-0.,-1.,0.));
#11476 = FACE_BOUND('',#11477,.F.);
#11477 = EDGE_LOOP('',(#11478));
#11478 = ORIENTED_EDGE('',*,*,#11479,.T.);
#11479 = EDGE_CURVE('',#11480,#11480,#11482,.T.);
#11480 = VERTEX_POINT('',#11481);
#11481 = CARTESIAN_POINT('',(115.25482,-93.494139,0.));
#11482 = CIRCLE('',#11483,0.508);
#11483 = AXIS2_PLACEMENT_3D('',#11484,#11485,#11486);
#11484 = CARTESIAN_POINT('',(115.25482,-92.986139,0.));
#11485 = DIRECTION('',(-0.,0.,-1.));
#11486 = DIRECTION('',(-0.,-1.,0.));
#11487 = FACE_BOUND('',#11488,.F.);
#11488 = EDGE_LOOP('',(#11489));
#11489 = ORIENTED_EDGE('',*,*,#11490,.T.);
#11490 = EDGE_CURVE('',#11491,#11491,#11493,.T.);
#11491 = VERTEX_POINT('',#11492);
#11492 = CARTESIAN_POINT('',(115.25482,-90.954139,0.));
#11493 = CIRCLE('',#11494,0.508);
#11494 = AXIS2_PLACEMENT_3D('',#11495,#11496,#11497);
#11495 = CARTESIAN_POINT('',(115.25482,-90.446139,0.));
#11496 = DIRECTION('',(-0.,0.,-1.));
#11497 = DIRECTION('',(-0.,-1.,0.));
#11498 = FACE_BOUND('',#11499,.F.);
#11499 = EDGE_LOOP('',(#11500));
#11500 = ORIENTED_EDGE('',*,*,#11501,.T.);
#11501 = EDGE_CURVE('',#11502,#11502,#11504,.T.);
#11502 = VERTEX_POINT('',#11503);
#11503 = CARTESIAN_POINT('',(72.07482,-88.414139,0.));
#11504 = CIRCLE('',#11505,0.508);
#11505 = AXIS2_PLACEMENT_3D('',#11506,#11507,#11508);
#11506 = CARTESIAN_POINT('',(72.07482,-87.906139,0.));
#11507 = DIRECTION('',(-0.,0.,-1.));
#11508 = DIRECTION('',(-0.,-1.,0.));
#11509 = FACE_BOUND('',#11510,.F.);
#11510 = EDGE_LOOP('',(#11511));
#11511 = ORIENTED_EDGE('',*,*,#11512,.T.);
#11512 = EDGE_CURVE('',#11513,#11513,#11515,.T.);
#11513 = VERTEX_POINT('',#11514);
#11514 = CARTESIAN_POINT('',(72.07482,-85.874139,0.));
#11515 = CIRCLE('',#11516,0.508);
#11516 = AXIS2_PLACEMENT_3D('',#11517,#11518,#11519);
#11517 = CARTESIAN_POINT('',(72.07482,-85.366139,0.));
#11518 = DIRECTION('',(-0.,0.,-1.));
#11519 = DIRECTION('',(-0.,-1.,0.));
#11520 = FACE_BOUND('',#11521,.F.);
#11521 = EDGE_LOOP('',(#11522));
#11522 = ORIENTED_EDGE('',*,*,#11523,.T.);
#11523 = EDGE_CURVE('',#11524,#11524,#11526,.T.);
#11524 = VERTEX_POINT('',#11525);
#11525 = CARTESIAN_POINT('',(77.3882,-89.2197,0.));
#11526 = CIRCLE('',#11527,0.9);
#11527 = AXIS2_PLACEMENT_3D('',#11528,#11529,#11530);
#11528 = CARTESIAN_POINT('',(77.3882,-88.3197,0.));
#11529 = DIRECTION('',(-0.,0.,-1.));
#11530 = DIRECTION('',(-1.578983857245E-14,-1.,0.));
#11531 = FACE_BOUND('',#11532,.F.);
#11532 = EDGE_LOOP('',(#11533));
#11533 = ORIENTED_EDGE('',*,*,#11534,.T.);
#11534 = EDGE_CURVE('',#11535,#11535,#11537,.T.);
#11535 = VERTEX_POINT('',#11536);
#11536 = CARTESIAN_POINT('',(72.07482,-83.334139,0.));
#11537 = CIRCLE('',#11538,0.508);
#11538 = AXIS2_PLACEMENT_3D('',#11539,#11540,#11541);
#11539 = CARTESIAN_POINT('',(72.07482,-82.826139,0.));
#11540 = DIRECTION('',(-0.,0.,-1.));
#11541 = DIRECTION('',(-0.,-1.,0.));
#11542 = FACE_BOUND('',#11543,.F.);
#11543 = EDGE_LOOP('',(#11544));
#11544 = ORIENTED_EDGE('',*,*,#11545,.T.);
#11545 = EDGE_CURVE('',#11546,#11546,#11548,.T.);
#11546 = VERTEX_POINT('',#11547);
#11547 = CARTESIAN_POINT('',(72.07482,-80.794139,0.));
#11548 = CIRCLE('',#11549,0.508);
#11549 = AXIS2_PLACEMENT_3D('',#11550,#11551,#11552);
#11550 = CARTESIAN_POINT('',(72.07482,-80.286139,0.));
#11551 = DIRECTION('',(-0.,0.,-1.));
#11552 = DIRECTION('',(-0.,-1.,0.));
#11553 = FACE_BOUND('',#11554,.F.);
#11554 = EDGE_LOOP('',(#11555));
#11555 = ORIENTED_EDGE('',*,*,#11556,.T.);
#11556 = EDGE_CURVE('',#11557,#11557,#11559,.T.);
#11557 = VERTEX_POINT('',#11558);
#11558 = CARTESIAN_POINT('',(72.07482,-78.254139,0.));
#11559 = CIRCLE('',#11560,0.508);
#11560 = AXIS2_PLACEMENT_3D('',#11561,#11562,#11563);
#11561 = CARTESIAN_POINT('',(72.07482,-77.746139,0.));
#11562 = DIRECTION('',(-0.,0.,-1.));
#11563 = DIRECTION('',(-0.,-1.,0.));
#11564 = FACE_BOUND('',#11565,.F.);
#11565 = EDGE_LOOP('',(#11566));
#11566 = ORIENTED_EDGE('',*,*,#11567,.T.);
#11567 = EDGE_CURVE('',#11568,#11568,#11570,.T.);
#11568 = VERTEX_POINT('',#11569);
#11569 = CARTESIAN_POINT('',(89.3882,-85.5197,0.));
#11570 = CIRCLE('',#11571,1.);
#11571 = AXIS2_PLACEMENT_3D('',#11572,#11573,#11574);
#11572 = CARTESIAN_POINT('',(89.3882,-84.5197,0.));
#11573 = DIRECTION('',(-0.,0.,-1.));
#11574 = DIRECTION('',(-0.,-1.,0.));
#11575 = FACE_BOUND('',#11576,.F.);
#11576 = EDGE_LOOP('',(#11577));
#11577 = ORIENTED_EDGE('',*,*,#11578,.T.);
#11578 = EDGE_CURVE('',#11579,#11579,#11581,.T.);
#11579 = VERTEX_POINT('',#11580);
#11580 = CARTESIAN_POINT('',(72.07482,-75.714139,0.));
#11581 = CIRCLE('',#11582,0.508);
#11582 = AXIS2_PLACEMENT_3D('',#11583,#11584,#11585);
#11583 = CARTESIAN_POINT('',(72.07482,-75.206139,0.));
#11584 = DIRECTION('',(-0.,0.,-1.));
#11585 = DIRECTION('',(-0.,-1.,0.));
#11586 = FACE_BOUND('',#11587,.F.);
#11587 = EDGE_LOOP('',(#11588));
#11588 = ORIENTED_EDGE('',*,*,#11589,.T.);
#11589 = EDGE_CURVE('',#11590,#11590,#11592,.T.);
#11590 = VERTEX_POINT('',#11591);
#11591 = CARTESIAN_POINT('',(72.07482,-73.174139,0.));
#11592 = CIRCLE('',#11593,0.508);
#11593 = AXIS2_PLACEMENT_3D('',#11594,#11595,#11596);
#11594 = CARTESIAN_POINT('',(72.07482,-72.666139,0.));
#11595 = DIRECTION('',(-0.,0.,-1.));
#11596 = DIRECTION('',(-0.,-1.,0.));
#11597 = FACE_BOUND('',#11598,.F.);
#11598 = EDGE_LOOP('',(#11599));
#11599 = ORIENTED_EDGE('',*,*,#11600,.T.);
#11600 = EDGE_CURVE('',#11601,#11601,#11603,.T.);
#11601 = VERTEX_POINT('',#11602);
#11602 = CARTESIAN_POINT('',(72.07482,-70.634139,0.));
#11603 = CIRCLE('',#11604,0.508);
#11604 = AXIS2_PLACEMENT_3D('',#11605,#11606,#11607);
#11605 = CARTESIAN_POINT('',(72.07482,-70.126139,0.));
#11606 = DIRECTION('',(-0.,0.,-1.));
#11607 = DIRECTION('',(-0.,-1.,0.));
#11608 = FACE_BOUND('',#11609,.F.);
#11609 = EDGE_LOOP('',(#11610));
#11610 = ORIENTED_EDGE('',*,*,#11611,.T.);
#11611 = EDGE_CURVE('',#11612,#11612,#11614,.T.);
#11612 = VERTEX_POINT('',#11613);
#11613 = CARTESIAN_POINT('',(72.07482,-68.094139,0.));
#11614 = CIRCLE('',#11615,0.508);
#11615 = AXIS2_PLACEMENT_3D('',#11616,#11617,#11618);
#11616 = CARTESIAN_POINT('',(72.07482,-67.586139,0.));
#11617 = DIRECTION('',(-0.,0.,-1.));
#11618 = DIRECTION('',(-0.,-1.,0.));
#11619 = FACE_BOUND('',#11620,.F.);
#11620 = EDGE_LOOP('',(#11621));
#11621 = ORIENTED_EDGE('',*,*,#11622,.T.);
#11622 = EDGE_CURVE('',#11623,#11623,#11625,.T.);
#11623 = VERTEX_POINT('',#11624);
#11624 = CARTESIAN_POINT('',(72.07482,-65.554139,0.));
#11625 = CIRCLE('',#11626,0.508);
#11626 = AXIS2_PLACEMENT_3D('',#11627,#11628,#11629);
#11627 = CARTESIAN_POINT('',(72.07482,-65.046139,0.));
#11628 = DIRECTION('',(-0.,0.,-1.));
#11629 = DIRECTION('',(-0.,-1.,0.));
#11630 = FACE_BOUND('',#11631,.F.);
#11631 = EDGE_LOOP('',(#11632));
#11632 = ORIENTED_EDGE('',*,*,#11633,.T.);
#11633 = EDGE_CURVE('',#11634,#11634,#11636,.T.);
#11634 = VERTEX_POINT('',#11635);
#11635 = CARTESIAN_POINT('',(115.25482,-88.414139,0.));
#11636 = CIRCLE('',#11637,0.508);
#11637 = AXIS2_PLACEMENT_3D('',#11638,#11639,#11640);
#11638 = CARTESIAN_POINT('',(115.25482,-87.906139,0.));
#11639 = DIRECTION('',(-0.,0.,-1.));
#11640 = DIRECTION('',(-0.,-1.,0.));
#11641 = FACE_BOUND('',#11642,.F.);
#11642 = EDGE_LOOP('',(#11643));
#11643 = ORIENTED_EDGE('',*,*,#11644,.T.);
#11644 = EDGE_CURVE('',#11645,#11645,#11647,.T.);
#11645 = VERTEX_POINT('',#11646);
#11646 = CARTESIAN_POINT('',(115.25482,-85.874139,0.));
#11647 = CIRCLE('',#11648,0.508);
#11648 = AXIS2_PLACEMENT_3D('',#11649,#11650,#11651);
#11649 = CARTESIAN_POINT('',(115.25482,-85.366139,0.));
#11650 = DIRECTION('',(-0.,0.,-1.));
#11651 = DIRECTION('',(-0.,-1.,0.));
#11652 = FACE_BOUND('',#11653,.F.);
#11653 = EDGE_LOOP('',(#11654));
#11654 = ORIENTED_EDGE('',*,*,#11655,.T.);
#11655 = EDGE_CURVE('',#11656,#11656,#11658,.T.);
#11656 = VERTEX_POINT('',#11657);
#11657 = CARTESIAN_POINT('',(115.25482,-83.334139,0.));
#11658 = CIRCLE('',#11659,0.508);
#11659 = AXIS2_PLACEMENT_3D('',#11660,#11661,#11662);
#11660 = CARTESIAN_POINT('',(115.25482,-82.826139,0.));
#11661 = DIRECTION('',(-0.,0.,-1.));
#11662 = DIRECTION('',(-0.,-1.,0.));
#11663 = FACE_BOUND('',#11664,.F.);
#11664 = EDGE_LOOP('',(#11665));
#11665 = ORIENTED_EDGE('',*,*,#11666,.T.);
#11666 = EDGE_CURVE('',#11667,#11667,#11669,.T.);
#11667 = VERTEX_POINT('',#11668);
#11668 = CARTESIAN_POINT('',(115.25482,-80.794139,0.));
#11669 = CIRCLE('',#11670,0.508);
#11670 = AXIS2_PLACEMENT_3D('',#11671,#11672,#11673);
#11671 = CARTESIAN_POINT('',(115.25482,-80.286139,0.));
#11672 = DIRECTION('',(-0.,0.,-1.));
#11673 = DIRECTION('',(-0.,-1.,0.));
#11674 = FACE_BOUND('',#11675,.F.);
#11675 = EDGE_LOOP('',(#11676));
#11676 = ORIENTED_EDGE('',*,*,#11677,.T.);
#11677 = EDGE_CURVE('',#11678,#11678,#11680,.T.);
#11678 = VERTEX_POINT('',#11679);
#11679 = CARTESIAN_POINT('',(115.25482,-78.254139,0.));
#11680 = CIRCLE('',#11681,0.508);
#11681 = AXIS2_PLACEMENT_3D('',#11682,#11683,#11684);
#11682 = CARTESIAN_POINT('',(115.25482,-77.746139,0.));
#11683 = DIRECTION('',(-0.,0.,-1.));
#11684 = DIRECTION('',(-0.,-1.,0.));
#11685 = FACE_BOUND('',#11686,.F.);
#11686 = EDGE_LOOP('',(#11687));
#11687 = ORIENTED_EDGE('',*,*,#11688,.T.);
#11688 = EDGE_CURVE('',#11689,#11689,#11691,.T.);
#11689 = VERTEX_POINT('',#11690);
#11690 = CARTESIAN_POINT('',(115.25482,-75.714139,0.));
#11691 = CIRCLE('',#11692,0.508);
#11692 = AXIS2_PLACEMENT_3D('',#11693,#11694,#11695);
#11693 = CARTESIAN_POINT('',(115.25482,-75.206139,0.));
#11694 = DIRECTION('',(-0.,0.,-1.));
#11695 = DIRECTION('',(-0.,-1.,0.));
#11696 = FACE_BOUND('',#11697,.F.);
#11697 = EDGE_LOOP('',(#11698));
#11698 = ORIENTED_EDGE('',*,*,#11699,.T.);
#11699 = EDGE_CURVE('',#11700,#11700,#11702,.T.);
#11700 = VERTEX_POINT('',#11701);
#11701 = CARTESIAN_POINT('',(115.25482,-73.174139,0.));
#11702 = CIRCLE('',#11703,0.508);
#11703 = AXIS2_PLACEMENT_3D('',#11704,#11705,#11706);
#11704 = CARTESIAN_POINT('',(115.25482,-72.666139,0.));
#11705 = DIRECTION('',(-0.,0.,-1.));
#11706 = DIRECTION('',(-0.,-1.,0.));
#11707 = FACE_BOUND('',#11708,.F.);
#11708 = EDGE_LOOP('',(#11709));
#11709 = ORIENTED_EDGE('',*,*,#11710,.T.);
#11710 = EDGE_CURVE('',#11711,#11711,#11713,.T.);
#11711 = VERTEX_POINT('',#11712);
#11712 = CARTESIAN_POINT('',(115.25482,-70.634139,0.));
#11713 = CIRCLE('',#11714,0.508);
#11714 = AXIS2_PLACEMENT_3D('',#11715,#11716,#11717);
#11715 = CARTESIAN_POINT('',(115.25482,-70.126139,0.));
#11716 = DIRECTION('',(-0.,0.,-1.));
#11717 = DIRECTION('',(-0.,-1.,0.));
#11718 = FACE_BOUND('',#11719,.F.);
#11719 = EDGE_LOOP('',(#11720));
#11720 = ORIENTED_EDGE('',*,*,#11721,.T.);
#11721 = EDGE_CURVE('',#11722,#11722,#11724,.T.);
#11722 = VERTEX_POINT('',#11723);
#11723 = CARTESIAN_POINT('',(115.25482,-68.094139,0.));
#11724 = CIRCLE('',#11725,0.508);
#11725 = AXIS2_PLACEMENT_3D('',#11726,#11727,#11728);
#11726 = CARTESIAN_POINT('',(115.25482,-67.586139,0.));
#11727 = DIRECTION('',(-0.,0.,-1.));
#11728 = DIRECTION('',(-0.,-1.,0.));
#11729 = FACE_BOUND('',#11730,.F.);
#11730 = EDGE_LOOP('',(#11731));
#11731 = ORIENTED_EDGE('',*,*,#11732,.T.);
#11732 = EDGE_CURVE('',#11733,#11733,#11735,.T.);
#11733 = VERTEX_POINT('',#11734);
#11734 = CARTESIAN_POINT('',(115.25482,-65.554139,0.));
#11735 = CIRCLE('',#11736,0.508);
#11736 = AXIS2_PLACEMENT_3D('',#11737,#11738,#11739);
#11737 = CARTESIAN_POINT('',(115.25482,-65.046139,0.));
#11738 = DIRECTION('',(-0.,0.,-1.));
#11739 = DIRECTION('',(-0.,-1.,0.));
#11740 = PLANE('',#11741);
#11741 = AXIS2_PLACEMENT_3D('',#11742,#11743,#11744);
#11742 = CARTESIAN_POINT('',(0.,0.,0.));
#11743 = DIRECTION('',(0.,0.,1.));
#11744 = DIRECTION('',(1.,0.,-0.));
#11745 = ADVANCED_FACE('',(#11746,#11757,#11768,#11779,#11790,#11801,
    #11812,#11823,#11834,#11845,#11856,#11867,#11878,#11889,#11900,
    #11911,#11922,#11933,#11944,#11955,#11966,#11977,#11988,#11999,
    #12010,#12021,#12032,#12043,#12054,#12065,#12076,#12087,#12098,
    #12109,#12120,#12131,#12142,#12153,#12164,#12175,#12186,#12197,
    #12208,#12219,#12230,#12241,#12252,#12263,#12274,#12285,#12296,
    #12307,#12318,#12329,#12340,#12351,#12362),#12373,.T.);
#11746 = FACE_BOUND('',#11747,.T.);
#11747 = EDGE_LOOP('',(#11748,#11749,#11750,#11756));
#11748 = ORIENTED_EDGE('',*,*,#11024,.F.);
#11749 = ORIENTED_EDGE('',*,*,#11064,.F.);
#11750 = ORIENTED_EDGE('',*,*,#11751,.F.);
#11751 = EDGE_CURVE('',#11087,#11057,#11752,.T.);
#11752 = LINE('',#11753,#11754);
#11753 = CARTESIAN_POINT('',(70.77082,-63.613139,1.51));
#11754 = VECTOR('',#11755,1.);
#11755 = DIRECTION('',(1.,0.,0.));
#11756 = ORIENTED_EDGE('',*,*,#11086,.F.);
#11757 = FACE_BOUND('',#11758,.T.);
#11758 = EDGE_LOOP('',(#11759));
#11759 = ORIENTED_EDGE('',*,*,#11760,.T.);
#11760 = EDGE_CURVE('',#11761,#11761,#11763,.T.);
#11761 = VERTEX_POINT('',#11762);
#11762 = CARTESIAN_POINT('',(72.07482,-113.814139,1.51));
#11763 = CIRCLE('',#11764,0.508);
#11764 = AXIS2_PLACEMENT_3D('',#11765,#11766,#11767);
#11765 = CARTESIAN_POINT('',(72.07482,-113.306139,1.51));
#11766 = DIRECTION('',(-0.,0.,-1.));
#11767 = DIRECTION('',(-0.,-1.,0.));
#11768 = FACE_BOUND('',#11769,.T.);
#11769 = EDGE_LOOP('',(#11770));
#11770 = ORIENTED_EDGE('',*,*,#11771,.T.);
#11771 = EDGE_CURVE('',#11772,#11772,#11774,.T.);
#11772 = VERTEX_POINT('',#11773);
#11773 = CARTESIAN_POINT('',(72.07482,-111.274139,1.51));
#11774 = CIRCLE('',#11775,0.508);
#11775 = AXIS2_PLACEMENT_3D('',#11776,#11777,#11778);
#11776 = CARTESIAN_POINT('',(72.07482,-110.766139,1.51));
#11777 = DIRECTION('',(-0.,0.,-1.));
#11778 = DIRECTION('',(-0.,-1.,0.));
#11779 = FACE_BOUND('',#11780,.T.);
#11780 = EDGE_LOOP('',(#11781));
#11781 = ORIENTED_EDGE('',*,*,#11782,.T.);
#11782 = EDGE_CURVE('',#11783,#11783,#11785,.T.);
#11783 = VERTEX_POINT('',#11784);
#11784 = CARTESIAN_POINT('',(72.07482,-108.734139,1.51));
#11785 = CIRCLE('',#11786,0.508);
#11786 = AXIS2_PLACEMENT_3D('',#11787,#11788,#11789);
#11787 = CARTESIAN_POINT('',(72.07482,-108.226139,1.51));
#11788 = DIRECTION('',(-0.,0.,-1.));
#11789 = DIRECTION('',(-0.,-1.,0.));
#11790 = FACE_BOUND('',#11791,.T.);
#11791 = EDGE_LOOP('',(#11792));
#11792 = ORIENTED_EDGE('',*,*,#11793,.T.);
#11793 = EDGE_CURVE('',#11794,#11794,#11796,.T.);
#11794 = VERTEX_POINT('',#11795);
#11795 = CARTESIAN_POINT('',(77.3882,-111.2197,1.51));
#11796 = CIRCLE('',#11797,0.9);
#11797 = AXIS2_PLACEMENT_3D('',#11798,#11799,#11800);
#11798 = CARTESIAN_POINT('',(77.3882,-110.3197,1.51));
#11799 = DIRECTION('',(-0.,0.,-1.));
#11800 = DIRECTION('',(-1.578983857245E-14,-1.,0.));
#11801 = FACE_BOUND('',#11802,.T.);
#11802 = EDGE_LOOP('',(#11803));
#11803 = ORIENTED_EDGE('',*,*,#11804,.T.);
#11804 = EDGE_CURVE('',#11805,#11805,#11807,.T.);
#11805 = VERTEX_POINT('',#11806);
#11806 = CARTESIAN_POINT('',(72.07482,-106.194139,1.51));
#11807 = CIRCLE('',#11808,0.508);
#11808 = AXIS2_PLACEMENT_3D('',#11809,#11810,#11811);
#11809 = CARTESIAN_POINT('',(72.07482,-105.686139,1.51));
#11810 = DIRECTION('',(-0.,0.,-1.));
#11811 = DIRECTION('',(-0.,-1.,0.));
#11812 = FACE_BOUND('',#11813,.T.);
#11813 = EDGE_LOOP('',(#11814));
#11814 = ORIENTED_EDGE('',*,*,#11815,.T.);
#11815 = EDGE_CURVE('',#11816,#11816,#11818,.T.);
#11816 = VERTEX_POINT('',#11817);
#11817 = CARTESIAN_POINT('',(72.07482,-103.654139,1.51));
#11818 = CIRCLE('',#11819,0.508);
#11819 = AXIS2_PLACEMENT_3D('',#11820,#11821,#11822);
#11820 = CARTESIAN_POINT('',(72.07482,-103.146139,1.51));
#11821 = DIRECTION('',(-0.,0.,-1.));
#11822 = DIRECTION('',(-0.,-1.,0.));
#11823 = FACE_BOUND('',#11824,.T.);
#11824 = EDGE_LOOP('',(#11825));
#11825 = ORIENTED_EDGE('',*,*,#11826,.T.);
#11826 = EDGE_CURVE('',#11827,#11827,#11829,.T.);
#11827 = VERTEX_POINT('',#11828);
#11828 = CARTESIAN_POINT('',(89.3882,-113.1197,1.51));
#11829 = CIRCLE('',#11830,1.);
#11830 = AXIS2_PLACEMENT_3D('',#11831,#11832,#11833);
#11831 = CARTESIAN_POINT('',(89.3882,-112.1197,1.51));
#11832 = DIRECTION('',(-0.,0.,-1.));
#11833 = DIRECTION('',(-0.,-1.,0.));
#11834 = FACE_BOUND('',#11835,.T.);
#11835 = EDGE_LOOP('',(#11836));
#11836 = ORIENTED_EDGE('',*,*,#11837,.T.);
#11837 = EDGE_CURVE('',#11838,#11838,#11840,.T.);
#11838 = VERTEX_POINT('',#11839);
#11839 = CARTESIAN_POINT('',(72.07482,-101.114139,1.51));
#11840 = CIRCLE('',#11841,0.508);
#11841 = AXIS2_PLACEMENT_3D('',#11842,#11843,#11844);
#11842 = CARTESIAN_POINT('',(72.07482,-100.606139,1.51));
#11843 = DIRECTION('',(-0.,0.,-1.));
#11844 = DIRECTION('',(-0.,-1.,0.));
#11845 = FACE_BOUND('',#11846,.T.);
#11846 = EDGE_LOOP('',(#11847));
#11847 = ORIENTED_EDGE('',*,*,#11848,.T.);
#11848 = EDGE_CURVE('',#11849,#11849,#11851,.T.);
#11849 = VERTEX_POINT('',#11850);
#11850 = CARTESIAN_POINT('',(72.07482,-98.574139,1.51));
#11851 = CIRCLE('',#11852,0.508);
#11852 = AXIS2_PLACEMENT_3D('',#11853,#11854,#11855);
#11853 = CARTESIAN_POINT('',(72.07482,-98.066139,1.51));
#11854 = DIRECTION('',(-0.,0.,-1.));
#11855 = DIRECTION('',(-0.,-1.,0.));
#11856 = FACE_BOUND('',#11857,.T.);
#11857 = EDGE_LOOP('',(#11858));
#11858 = ORIENTED_EDGE('',*,*,#11859,.T.);
#11859 = EDGE_CURVE('',#11860,#11860,#11862,.T.);
#11860 = VERTEX_POINT('',#11861);
#11861 = CARTESIAN_POINT('',(72.07482,-96.034139,1.51));
#11862 = CIRCLE('',#11863,0.508);
#11863 = AXIS2_PLACEMENT_3D('',#11864,#11865,#11866);
#11864 = CARTESIAN_POINT('',(72.07482,-95.526139,1.51));
#11865 = DIRECTION('',(-0.,0.,-1.));
#11866 = DIRECTION('',(-0.,-1.,0.));
#11867 = FACE_BOUND('',#11868,.T.);
#11868 = EDGE_LOOP('',(#11869));
#11869 = ORIENTED_EDGE('',*,*,#11870,.T.);
#11870 = EDGE_CURVE('',#11871,#11871,#11873,.T.);
#11871 = VERTEX_POINT('',#11872);
#11872 = CARTESIAN_POINT('',(72.07482,-93.494139,1.51));
#11873 = CIRCLE('',#11874,0.508);
#11874 = AXIS2_PLACEMENT_3D('',#11875,#11876,#11877);
#11875 = CARTESIAN_POINT('',(72.07482,-92.986139,1.51));
#11876 = DIRECTION('',(-0.,0.,-1.));
#11877 = DIRECTION('',(-0.,-1.,0.));
#11878 = FACE_BOUND('',#11879,.T.);
#11879 = EDGE_LOOP('',(#11880));
#11880 = ORIENTED_EDGE('',*,*,#11881,.T.);
#11881 = EDGE_CURVE('',#11882,#11882,#11884,.T.);
#11882 = VERTEX_POINT('',#11883);
#11883 = CARTESIAN_POINT('',(72.07482,-90.954139,1.51));
#11884 = CIRCLE('',#11885,0.508);
#11885 = AXIS2_PLACEMENT_3D('',#11886,#11887,#11888);
#11886 = CARTESIAN_POINT('',(72.07482,-90.446139,1.51));
#11887 = DIRECTION('',(-0.,0.,-1.));
#11888 = DIRECTION('',(-0.,-1.,0.));
#11889 = FACE_BOUND('',#11890,.T.);
#11890 = EDGE_LOOP('',(#11891));
#11891 = ORIENTED_EDGE('',*,*,#11892,.T.);
#11892 = EDGE_CURVE('',#11893,#11893,#11895,.T.);
#11893 = VERTEX_POINT('',#11894);
#11894 = CARTESIAN_POINT('',(109.5248,-112.9006,1.51));
#11895 = CIRCLE('',#11896,0.375);
#11896 = AXIS2_PLACEMENT_3D('',#11897,#11898,#11899);
#11897 = CARTESIAN_POINT('',(109.5248,-112.5256,1.51));
#11898 = DIRECTION('',(-0.,0.,-1.));
#11899 = DIRECTION('',(-0.,-1.,0.));
#11900 = FACE_BOUND('',#11901,.T.);
#11901 = EDGE_LOOP('',(#11902));
#11902 = ORIENTED_EDGE('',*,*,#11903,.T.);
#11903 = EDGE_CURVE('',#11904,#11904,#11906,.T.);
#11904 = VERTEX_POINT('',#11905);
#11905 = CARTESIAN_POINT('',(109.5248,-110.9006,1.51));
#11906 = CIRCLE('',#11907,0.375);
#11907 = AXIS2_PLACEMENT_3D('',#11908,#11909,#11910);
#11908 = CARTESIAN_POINT('',(109.5248,-110.5256,1.51));
#11909 = DIRECTION('',(-0.,0.,-1.));
#11910 = DIRECTION('',(-0.,-1.,0.));
#11911 = FACE_BOUND('',#11912,.T.);
#11912 = EDGE_LOOP('',(#11913));
#11913 = ORIENTED_EDGE('',*,*,#11914,.T.);
#11914 = EDGE_CURVE('',#11915,#11915,#11917,.T.);
#11915 = VERTEX_POINT('',#11916);
#11916 = CARTESIAN_POINT('',(109.5248,-108.9006,1.51));
#11917 = CIRCLE('',#11918,0.375);
#11918 = AXIS2_PLACEMENT_3D('',#11919,#11920,#11921);
#11919 = CARTESIAN_POINT('',(109.5248,-108.5256,1.51));
#11920 = DIRECTION('',(-0.,0.,-1.));
#11921 = DIRECTION('',(-0.,-1.,0.));
#11922 = FACE_BOUND('',#11923,.T.);
#11923 = EDGE_LOOP('',(#11924));
#11924 = ORIENTED_EDGE('',*,*,#11925,.T.);
#11925 = EDGE_CURVE('',#11926,#11926,#11928,.T.);
#11926 = VERTEX_POINT('',#11927);
#11927 = CARTESIAN_POINT('',(115.25482,-113.814139,1.51));
#11928 = CIRCLE('',#11929,0.508);
#11929 = AXIS2_PLACEMENT_3D('',#11930,#11931,#11932);
#11930 = CARTESIAN_POINT('',(115.25482,-113.306139,1.51));
#11931 = DIRECTION('',(-0.,0.,-1.));
#11932 = DIRECTION('',(-0.,-1.,0.));
#11933 = FACE_BOUND('',#11934,.T.);
#11934 = EDGE_LOOP('',(#11935));
#11935 = ORIENTED_EDGE('',*,*,#11936,.T.);
#11936 = EDGE_CURVE('',#11937,#11937,#11939,.T.);
#11937 = VERTEX_POINT('',#11938);
#11938 = CARTESIAN_POINT('',(115.25482,-111.274139,1.51));
#11939 = CIRCLE('',#11940,0.508);
#11940 = AXIS2_PLACEMENT_3D('',#11941,#11942,#11943);
#11941 = CARTESIAN_POINT('',(115.25482,-110.766139,1.51));
#11942 = DIRECTION('',(-0.,0.,-1.));
#11943 = DIRECTION('',(-0.,-1.,0.));
#11944 = FACE_BOUND('',#11945,.T.);
#11945 = EDGE_LOOP('',(#11946));
#11946 = ORIENTED_EDGE('',*,*,#11947,.T.);
#11947 = EDGE_CURVE('',#11948,#11948,#11950,.T.);
#11948 = VERTEX_POINT('',#11949);
#11949 = CARTESIAN_POINT('',(115.25482,-108.734139,1.51));
#11950 = CIRCLE('',#11951,0.508);
#11951 = AXIS2_PLACEMENT_3D('',#11952,#11953,#11954);
#11952 = CARTESIAN_POINT('',(115.25482,-108.226139,1.51));
#11953 = DIRECTION('',(-0.,0.,-1.));
#11954 = DIRECTION('',(-0.,-1.,0.));
#11955 = FACE_BOUND('',#11956,.T.);
#11956 = EDGE_LOOP('',(#11957));
#11957 = ORIENTED_EDGE('',*,*,#11958,.T.);
#11958 = EDGE_CURVE('',#11959,#11959,#11961,.T.);
#11959 = VERTEX_POINT('',#11960);
#11960 = CARTESIAN_POINT('',(109.5248,-106.9006,1.51));
#11961 = CIRCLE('',#11962,0.375);
#11962 = AXIS2_PLACEMENT_3D('',#11963,#11964,#11965);
#11963 = CARTESIAN_POINT('',(109.5248,-106.5256,1.51));
#11964 = DIRECTION('',(-0.,0.,-1.));
#11965 = DIRECTION('',(-0.,-1.,0.));
#11966 = FACE_BOUND('',#11967,.T.);
#11967 = EDGE_LOOP('',(#11968));
#11968 = ORIENTED_EDGE('',*,*,#11969,.T.);
#11969 = EDGE_CURVE('',#11970,#11970,#11972,.T.);
#11970 = VERTEX_POINT('',#11971);
#11971 = CARTESIAN_POINT('',(109.5248,-104.9006,1.51));
#11972 = CIRCLE('',#11973,0.375);
#11973 = AXIS2_PLACEMENT_3D('',#11974,#11975,#11976);
#11974 = CARTESIAN_POINT('',(109.5248,-104.5256,1.51));
#11975 = DIRECTION('',(-0.,0.,-1.));
#11976 = DIRECTION('',(-0.,-1.,0.));
#11977 = FACE_BOUND('',#11978,.T.);
#11978 = EDGE_LOOP('',(#11979));
#11979 = ORIENTED_EDGE('',*,*,#11980,.T.);
#11980 = EDGE_CURVE('',#11981,#11981,#11983,.T.);
#11981 = VERTEX_POINT('',#11982);
#11982 = CARTESIAN_POINT('',(109.5248,-102.9006,1.51));
#11983 = CIRCLE('',#11984,0.375);
#11984 = AXIS2_PLACEMENT_3D('',#11985,#11986,#11987);
#11985 = CARTESIAN_POINT('',(109.5248,-102.5256,1.51));
#11986 = DIRECTION('',(-0.,0.,-1.));
#11987 = DIRECTION('',(-0.,-1.,0.));
#11988 = FACE_BOUND('',#11989,.T.);
#11989 = EDGE_LOOP('',(#11990));
#11990 = ORIENTED_EDGE('',*,*,#11991,.T.);
#11991 = EDGE_CURVE('',#11992,#11992,#11994,.T.);
#11992 = VERTEX_POINT('',#11993);
#11993 = CARTESIAN_POINT('',(115.25482,-106.194139,1.51));
#11994 = CIRCLE('',#11995,0.508);
#11995 = AXIS2_PLACEMENT_3D('',#11996,#11997,#11998);
#11996 = CARTESIAN_POINT('',(115.25482,-105.686139,1.51));
#11997 = DIRECTION('',(-0.,0.,-1.));
#11998 = DIRECTION('',(-0.,-1.,0.));
#11999 = FACE_BOUND('',#12000,.T.);
#12000 = EDGE_LOOP('',(#12001));
#12001 = ORIENTED_EDGE('',*,*,#12002,.T.);
#12002 = EDGE_CURVE('',#12003,#12003,#12005,.T.);
#12003 = VERTEX_POINT('',#12004);
#12004 = CARTESIAN_POINT('',(115.25482,-103.654139,1.51));
#12005 = CIRCLE('',#12006,0.508);
#12006 = AXIS2_PLACEMENT_3D('',#12007,#12008,#12009);
#12007 = CARTESIAN_POINT('',(115.25482,-103.146139,1.51));
#12008 = DIRECTION('',(-0.,0.,-1.));
#12009 = DIRECTION('',(-0.,-1.,0.));
#12010 = FACE_BOUND('',#12011,.T.);
#12011 = EDGE_LOOP('',(#12012));
#12012 = ORIENTED_EDGE('',*,*,#12013,.T.);
#12013 = EDGE_CURVE('',#12014,#12014,#12016,.T.);
#12014 = VERTEX_POINT('',#12015);
#12015 = CARTESIAN_POINT('',(109.5248,-100.9006,1.51));
#12016 = CIRCLE('',#12017,0.375);
#12017 = AXIS2_PLACEMENT_3D('',#12018,#12019,#12020);
#12018 = CARTESIAN_POINT('',(109.5248,-100.5256,1.51));
#12019 = DIRECTION('',(-0.,0.,-1.));
#12020 = DIRECTION('',(-0.,-1.,0.));
#12021 = FACE_BOUND('',#12022,.T.);
#12022 = EDGE_LOOP('',(#12023));
#12023 = ORIENTED_EDGE('',*,*,#12024,.T.);
#12024 = EDGE_CURVE('',#12025,#12025,#12027,.T.);
#12025 = VERTEX_POINT('',#12026);
#12026 = CARTESIAN_POINT('',(109.5248,-98.9006,1.51));
#12027 = CIRCLE('',#12028,0.375);
#12028 = AXIS2_PLACEMENT_3D('',#12029,#12030,#12031);
#12029 = CARTESIAN_POINT('',(109.5248,-98.5256,1.51));
#12030 = DIRECTION('',(-0.,0.,-1.));
#12031 = DIRECTION('',(-0.,-1.,0.));
#12032 = FACE_BOUND('',#12033,.T.);
#12033 = EDGE_LOOP('',(#12034));
#12034 = ORIENTED_EDGE('',*,*,#12035,.T.);
#12035 = EDGE_CURVE('',#12036,#12036,#12038,.T.);
#12036 = VERTEX_POINT('',#12037);
#12037 = CARTESIAN_POINT('',(109.5248,-96.9006,1.51));
#12038 = CIRCLE('',#12039,0.375);
#12039 = AXIS2_PLACEMENT_3D('',#12040,#12041,#12042);
#12040 = CARTESIAN_POINT('',(109.5248,-96.5256,1.51));
#12041 = DIRECTION('',(-0.,0.,-1.));
#12042 = DIRECTION('',(-0.,-1.,0.));
#12043 = FACE_BOUND('',#12044,.T.);
#12044 = EDGE_LOOP('',(#12045));
#12045 = ORIENTED_EDGE('',*,*,#12046,.T.);
#12046 = EDGE_CURVE('',#12047,#12047,#12049,.T.);
#12047 = VERTEX_POINT('',#12048);
#12048 = CARTESIAN_POINT('',(115.25482,-101.114139,1.51));
#12049 = CIRCLE('',#12050,0.508);
#12050 = AXIS2_PLACEMENT_3D('',#12051,#12052,#12053);
#12051 = CARTESIAN_POINT('',(115.25482,-100.606139,1.51));
#12052 = DIRECTION('',(-0.,0.,-1.));
#12053 = DIRECTION('',(-0.,-1.,0.));
#12054 = FACE_BOUND('',#12055,.T.);
#12055 = EDGE_LOOP('',(#12056));
#12056 = ORIENTED_EDGE('',*,*,#12057,.T.);
#12057 = EDGE_CURVE('',#12058,#12058,#12060,.T.);
#12058 = VERTEX_POINT('',#12059);
#12059 = CARTESIAN_POINT('',(115.25482,-98.574139,1.51));
#12060 = CIRCLE('',#12061,0.508);
#12061 = AXIS2_PLACEMENT_3D('',#12062,#12063,#12064);
#12062 = CARTESIAN_POINT('',(115.25482,-98.066139,1.51));
#12063 = DIRECTION('',(-0.,0.,-1.));
#12064 = DIRECTION('',(-0.,-1.,0.));
#12065 = FACE_BOUND('',#12066,.T.);
#12066 = EDGE_LOOP('',(#12067));
#12067 = ORIENTED_EDGE('',*,*,#12068,.T.);
#12068 = EDGE_CURVE('',#12069,#12069,#12071,.T.);
#12069 = VERTEX_POINT('',#12070);
#12070 = CARTESIAN_POINT('',(115.25482,-96.034139,1.51));
#12071 = CIRCLE('',#12072,0.508);
#12072 = AXIS2_PLACEMENT_3D('',#12073,#12074,#12075);
#12073 = CARTESIAN_POINT('',(115.25482,-95.526139,1.51));
#12074 = DIRECTION('',(-0.,0.,-1.));
#12075 = DIRECTION('',(-0.,-1.,0.));
#12076 = FACE_BOUND('',#12077,.T.);
#12077 = EDGE_LOOP('',(#12078));
#12078 = ORIENTED_EDGE('',*,*,#12079,.T.);
#12079 = EDGE_CURVE('',#12080,#12080,#12082,.T.);
#12080 = VERTEX_POINT('',#12081);
#12081 = CARTESIAN_POINT('',(109.5248,-94.9006,1.51));
#12082 = CIRCLE('',#12083,0.375);
#12083 = AXIS2_PLACEMENT_3D('',#12084,#12085,#12086);
#12084 = CARTESIAN_POINT('',(109.5248,-94.5256,1.51));
#12085 = DIRECTION('',(-0.,0.,-1.));
#12086 = DIRECTION('',(-0.,-1.,0.));
#12087 = FACE_BOUND('',#12088,.T.);
#12088 = EDGE_LOOP('',(#12089));
#12089 = ORIENTED_EDGE('',*,*,#12090,.T.);
#12090 = EDGE_CURVE('',#12091,#12091,#12093,.T.);
#12091 = VERTEX_POINT('',#12092);
#12092 = CARTESIAN_POINT('',(109.5248,-92.9006,1.51));
#12093 = CIRCLE('',#12094,0.375);
#12094 = AXIS2_PLACEMENT_3D('',#12095,#12096,#12097);
#12095 = CARTESIAN_POINT('',(109.5248,-92.5256,1.51));
#12096 = DIRECTION('',(-0.,0.,-1.));
#12097 = DIRECTION('',(-0.,-1.,0.));
#12098 = FACE_BOUND('',#12099,.T.);
#12099 = EDGE_LOOP('',(#12100));
#12100 = ORIENTED_EDGE('',*,*,#12101,.T.);
#12101 = EDGE_CURVE('',#12102,#12102,#12104,.T.);
#12102 = VERTEX_POINT('',#12103);
#12103 = CARTESIAN_POINT('',(109.5248,-90.9006,1.51));
#12104 = CIRCLE('',#12105,0.375);
#12105 = AXIS2_PLACEMENT_3D('',#12106,#12107,#12108);
#12106 = CARTESIAN_POINT('',(109.5248,-90.5256,1.51));
#12107 = DIRECTION('',(-0.,0.,-1.));
#12108 = DIRECTION('',(-0.,-1.,0.));
#12109 = FACE_BOUND('',#12110,.T.);
#12110 = EDGE_LOOP('',(#12111));
#12111 = ORIENTED_EDGE('',*,*,#12112,.T.);
#12112 = EDGE_CURVE('',#12113,#12113,#12115,.T.);
#12113 = VERTEX_POINT('',#12114);
#12114 = CARTESIAN_POINT('',(115.25482,-93.494139,1.51));
#12115 = CIRCLE('',#12116,0.508);
#12116 = AXIS2_PLACEMENT_3D('',#12117,#12118,#12119);
#12117 = CARTESIAN_POINT('',(115.25482,-92.986139,1.51));
#12118 = DIRECTION('',(-0.,0.,-1.));
#12119 = DIRECTION('',(-0.,-1.,0.));
#12120 = FACE_BOUND('',#12121,.T.);
#12121 = EDGE_LOOP('',(#12122));
#12122 = ORIENTED_EDGE('',*,*,#12123,.T.);
#12123 = EDGE_CURVE('',#12124,#12124,#12126,.T.);
#12124 = VERTEX_POINT('',#12125);
#12125 = CARTESIAN_POINT('',(115.25482,-90.954139,1.51));
#12126 = CIRCLE('',#12127,0.508);
#12127 = AXIS2_PLACEMENT_3D('',#12128,#12129,#12130);
#12128 = CARTESIAN_POINT('',(115.25482,-90.446139,1.51));
#12129 = DIRECTION('',(-0.,0.,-1.));
#12130 = DIRECTION('',(-0.,-1.,0.));
#12131 = FACE_BOUND('',#12132,.T.);
#12132 = EDGE_LOOP('',(#12133));
#12133 = ORIENTED_EDGE('',*,*,#12134,.T.);
#12134 = EDGE_CURVE('',#12135,#12135,#12137,.T.);
#12135 = VERTEX_POINT('',#12136);
#12136 = CARTESIAN_POINT('',(72.07482,-88.414139,1.51));
#12137 = CIRCLE('',#12138,0.508);
#12138 = AXIS2_PLACEMENT_3D('',#12139,#12140,#12141);
#12139 = CARTESIAN_POINT('',(72.07482,-87.906139,1.51));
#12140 = DIRECTION('',(-0.,0.,-1.));
#12141 = DIRECTION('',(-0.,-1.,0.));
#12142 = FACE_BOUND('',#12143,.T.);
#12143 = EDGE_LOOP('',(#12144));
#12144 = ORIENTED_EDGE('',*,*,#12145,.T.);
#12145 = EDGE_CURVE('',#12146,#12146,#12148,.T.);
#12146 = VERTEX_POINT('',#12147);
#12147 = CARTESIAN_POINT('',(72.07482,-85.874139,1.51));
#12148 = CIRCLE('',#12149,0.508);
#12149 = AXIS2_PLACEMENT_3D('',#12150,#12151,#12152);
#12150 = CARTESIAN_POINT('',(72.07482,-85.366139,1.51));
#12151 = DIRECTION('',(-0.,0.,-1.));
#12152 = DIRECTION('',(-0.,-1.,0.));
#12153 = FACE_BOUND('',#12154,.T.);
#12154 = EDGE_LOOP('',(#12155));
#12155 = ORIENTED_EDGE('',*,*,#12156,.T.);
#12156 = EDGE_CURVE('',#12157,#12157,#12159,.T.);
#12157 = VERTEX_POINT('',#12158);
#12158 = CARTESIAN_POINT('',(77.3882,-89.2197,1.51));
#12159 = CIRCLE('',#12160,0.9);
#12160 = AXIS2_PLACEMENT_3D('',#12161,#12162,#12163);
#12161 = CARTESIAN_POINT('',(77.3882,-88.3197,1.51));
#12162 = DIRECTION('',(-0.,0.,-1.));
#12163 = DIRECTION('',(-1.578983857245E-14,-1.,0.));
#12164 = FACE_BOUND('',#12165,.T.);
#12165 = EDGE_LOOP('',(#12166));
#12166 = ORIENTED_EDGE('',*,*,#12167,.T.);
#12167 = EDGE_CURVE('',#12168,#12168,#12170,.T.);
#12168 = VERTEX_POINT('',#12169);
#12169 = CARTESIAN_POINT('',(72.07482,-83.334139,1.51));
#12170 = CIRCLE('',#12171,0.508);
#12171 = AXIS2_PLACEMENT_3D('',#12172,#12173,#12174);
#12172 = CARTESIAN_POINT('',(72.07482,-82.826139,1.51));
#12173 = DIRECTION('',(-0.,0.,-1.));
#12174 = DIRECTION('',(-0.,-1.,0.));
#12175 = FACE_BOUND('',#12176,.T.);
#12176 = EDGE_LOOP('',(#12177));
#12177 = ORIENTED_EDGE('',*,*,#12178,.T.);
#12178 = EDGE_CURVE('',#12179,#12179,#12181,.T.);
#12179 = VERTEX_POINT('',#12180);
#12180 = CARTESIAN_POINT('',(72.07482,-80.794139,1.51));
#12181 = CIRCLE('',#12182,0.508);
#12182 = AXIS2_PLACEMENT_3D('',#12183,#12184,#12185);
#12183 = CARTESIAN_POINT('',(72.07482,-80.286139,1.51));
#12184 = DIRECTION('',(-0.,0.,-1.));
#12185 = DIRECTION('',(-0.,-1.,0.));
#12186 = FACE_BOUND('',#12187,.T.);
#12187 = EDGE_LOOP('',(#12188));
#12188 = ORIENTED_EDGE('',*,*,#12189,.T.);
#12189 = EDGE_CURVE('',#12190,#12190,#12192,.T.);
#12190 = VERTEX_POINT('',#12191);
#12191 = CARTESIAN_POINT('',(72.07482,-78.254139,1.51));
#12192 = CIRCLE('',#12193,0.508);
#12193 = AXIS2_PLACEMENT_3D('',#12194,#12195,#12196);
#12194 = CARTESIAN_POINT('',(72.07482,-77.746139,1.51));
#12195 = DIRECTION('',(-0.,0.,-1.));
#12196 = DIRECTION('',(-0.,-1.,0.));
#12197 = FACE_BOUND('',#12198,.T.);
#12198 = EDGE_LOOP('',(#12199));
#12199 = ORIENTED_EDGE('',*,*,#12200,.T.);
#12200 = EDGE_CURVE('',#12201,#12201,#12203,.T.);
#12201 = VERTEX_POINT('',#12202);
#12202 = CARTESIAN_POINT('',(89.3882,-85.5197,1.51));
#12203 = CIRCLE('',#12204,1.);
#12204 = AXIS2_PLACEMENT_3D('',#12205,#12206,#12207);
#12205 = CARTESIAN_POINT('',(89.3882,-84.5197,1.51));
#12206 = DIRECTION('',(-0.,0.,-1.));
#12207 = DIRECTION('',(-0.,-1.,0.));
#12208 = FACE_BOUND('',#12209,.T.);
#12209 = EDGE_LOOP('',(#12210));
#12210 = ORIENTED_EDGE('',*,*,#12211,.T.);
#12211 = EDGE_CURVE('',#12212,#12212,#12214,.T.);
#12212 = VERTEX_POINT('',#12213);
#12213 = CARTESIAN_POINT('',(72.07482,-75.714139,1.51));
#12214 = CIRCLE('',#12215,0.508);
#12215 = AXIS2_PLACEMENT_3D('',#12216,#12217,#12218);
#12216 = CARTESIAN_POINT('',(72.07482,-75.206139,1.51));
#12217 = DIRECTION('',(-0.,0.,-1.));
#12218 = DIRECTION('',(-0.,-1.,0.));
#12219 = FACE_BOUND('',#12220,.T.);
#12220 = EDGE_LOOP('',(#12221));
#12221 = ORIENTED_EDGE('',*,*,#12222,.T.);
#12222 = EDGE_CURVE('',#12223,#12223,#12225,.T.);
#12223 = VERTEX_POINT('',#12224);
#12224 = CARTESIAN_POINT('',(72.07482,-73.174139,1.51));
#12225 = CIRCLE('',#12226,0.508);
#12226 = AXIS2_PLACEMENT_3D('',#12227,#12228,#12229);
#12227 = CARTESIAN_POINT('',(72.07482,-72.666139,1.51));
#12228 = DIRECTION('',(-0.,0.,-1.));
#12229 = DIRECTION('',(-0.,-1.,0.));
#12230 = FACE_BOUND('',#12231,.T.);
#12231 = EDGE_LOOP('',(#12232));
#12232 = ORIENTED_EDGE('',*,*,#12233,.T.);
#12233 = EDGE_CURVE('',#12234,#12234,#12236,.T.);
#12234 = VERTEX_POINT('',#12235);
#12235 = CARTESIAN_POINT('',(72.07482,-70.634139,1.51));
#12236 = CIRCLE('',#12237,0.508);
#12237 = AXIS2_PLACEMENT_3D('',#12238,#12239,#12240);
#12238 = CARTESIAN_POINT('',(72.07482,-70.126139,1.51));
#12239 = DIRECTION('',(-0.,0.,-1.));
#12240 = DIRECTION('',(-0.,-1.,0.));
#12241 = FACE_BOUND('',#12242,.T.);
#12242 = EDGE_LOOP('',(#12243));
#12243 = ORIENTED_EDGE('',*,*,#12244,.T.);
#12244 = EDGE_CURVE('',#12245,#12245,#12247,.T.);
#12245 = VERTEX_POINT('',#12246);
#12246 = CARTESIAN_POINT('',(72.07482,-68.094139,1.51));
#12247 = CIRCLE('',#12248,0.508);
#12248 = AXIS2_PLACEMENT_3D('',#12249,#12250,#12251);
#12249 = CARTESIAN_POINT('',(72.07482,-67.586139,1.51));
#12250 = DIRECTION('',(-0.,0.,-1.));
#12251 = DIRECTION('',(-0.,-1.,0.));
#12252 = FACE_BOUND('',#12253,.T.);
#12253 = EDGE_LOOP('',(#12254));
#12254 = ORIENTED_EDGE('',*,*,#12255,.T.);
#12255 = EDGE_CURVE('',#12256,#12256,#12258,.T.);
#12256 = VERTEX_POINT('',#12257);
#12257 = CARTESIAN_POINT('',(72.07482,-65.554139,1.51));
#12258 = CIRCLE('',#12259,0.508);
#12259 = AXIS2_PLACEMENT_3D('',#12260,#12261,#12262);
#12260 = CARTESIAN_POINT('',(72.07482,-65.046139,1.51));
#12261 = DIRECTION('',(-0.,0.,-1.));
#12262 = DIRECTION('',(-0.,-1.,0.));
#12263 = FACE_BOUND('',#12264,.T.);
#12264 = EDGE_LOOP('',(#12265));
#12265 = ORIENTED_EDGE('',*,*,#12266,.T.);
#12266 = EDGE_CURVE('',#12267,#12267,#12269,.T.);
#12267 = VERTEX_POINT('',#12268);
#12268 = CARTESIAN_POINT('',(115.25482,-88.414139,1.51));
#12269 = CIRCLE('',#12270,0.508);
#12270 = AXIS2_PLACEMENT_3D('',#12271,#12272,#12273);
#12271 = CARTESIAN_POINT('',(115.25482,-87.906139,1.51));
#12272 = DIRECTION('',(-0.,0.,-1.));
#12273 = DIRECTION('',(-0.,-1.,0.));
#12274 = FACE_BOUND('',#12275,.T.);
#12275 = EDGE_LOOP('',(#12276));
#12276 = ORIENTED_EDGE('',*,*,#12277,.T.);
#12277 = EDGE_CURVE('',#12278,#12278,#12280,.T.);
#12278 = VERTEX_POINT('',#12279);
#12279 = CARTESIAN_POINT('',(115.25482,-85.874139,1.51));
#12280 = CIRCLE('',#12281,0.508);
#12281 = AXIS2_PLACEMENT_3D('',#12282,#12283,#12284);
#12282 = CARTESIAN_POINT('',(115.25482,-85.366139,1.51));
#12283 = DIRECTION('',(-0.,0.,-1.));
#12284 = DIRECTION('',(-0.,-1.,0.));
#12285 = FACE_BOUND('',#12286,.T.);
#12286 = EDGE_LOOP('',(#12287));
#12287 = ORIENTED_EDGE('',*,*,#12288,.T.);
#12288 = EDGE_CURVE('',#12289,#12289,#12291,.T.);
#12289 = VERTEX_POINT('',#12290);
#12290 = CARTESIAN_POINT('',(115.25482,-83.334139,1.51));
#12291 = CIRCLE('',#12292,0.508);
#12292 = AXIS2_PLACEMENT_3D('',#12293,#12294,#12295);
#12293 = CARTESIAN_POINT('',(115.25482,-82.826139,1.51));
#12294 = DIRECTION('',(-0.,0.,-1.));
#12295 = DIRECTION('',(-0.,-1.,0.));
#12296 = FACE_BOUND('',#12297,.T.);
#12297 = EDGE_LOOP('',(#12298));
#12298 = ORIENTED_EDGE('',*,*,#12299,.T.);
#12299 = EDGE_CURVE('',#12300,#12300,#12302,.T.);
#12300 = VERTEX_POINT('',#12301);
#12301 = CARTESIAN_POINT('',(115.25482,-80.794139,1.51));
#12302 = CIRCLE('',#12303,0.508);
#12303 = AXIS2_PLACEMENT_3D('',#12304,#12305,#12306);
#12304 = CARTESIAN_POINT('',(115.25482,-80.286139,1.51));
#12305 = DIRECTION('',(-0.,0.,-1.));
#12306 = DIRECTION('',(-0.,-1.,0.));
#12307 = FACE_BOUND('',#12308,.T.);
#12308 = EDGE_LOOP('',(#12309));
#12309 = ORIENTED_EDGE('',*,*,#12310,.T.);
#12310 = EDGE_CURVE('',#12311,#12311,#12313,.T.);
#12311 = VERTEX_POINT('',#12312);
#12312 = CARTESIAN_POINT('',(115.25482,-78.254139,1.51));
#12313 = CIRCLE('',#12314,0.508);
#12314 = AXIS2_PLACEMENT_3D('',#12315,#12316,#12317);
#12315 = CARTESIAN_POINT('',(115.25482,-77.746139,1.51));
#12316 = DIRECTION('',(-0.,0.,-1.));
#12317 = DIRECTION('',(-0.,-1.,0.));
#12318 = FACE_BOUND('',#12319,.T.);
#12319 = EDGE_LOOP('',(#12320));
#12320 = ORIENTED_EDGE('',*,*,#12321,.T.);
#12321 = EDGE_CURVE('',#12322,#12322,#12324,.T.);
#12322 = VERTEX_POINT('',#12323);
#12323 = CARTESIAN_POINT('',(115.25482,-75.714139,1.51));
#12324 = CIRCLE('',#12325,0.508);
#12325 = AXIS2_PLACEMENT_3D('',#12326,#12327,#12328);
#12326 = CARTESIAN_POINT('',(115.25482,-75.206139,1.51));
#12327 = DIRECTION('',(-0.,0.,-1.));
#12328 = DIRECTION('',(-0.,-1.,0.));
#12329 = FACE_BOUND('',#12330,.T.);
#12330 = EDGE_LOOP('',(#12331));
#12331 = ORIENTED_EDGE('',*,*,#12332,.T.);
#12332 = EDGE_CURVE('',#12333,#12333,#12335,.T.);
#12333 = VERTEX_POINT('',#12334);
#12334 = CARTESIAN_POINT('',(115.25482,-73.174139,1.51));
#12335 = CIRCLE('',#12336,0.508);
#12336 = AXIS2_PLACEMENT_3D('',#12337,#12338,#12339);
#12337 = CARTESIAN_POINT('',(115.25482,-72.666139,1.51));
#12338 = DIRECTION('',(-0.,0.,-1.));
#12339 = DIRECTION('',(-0.,-1.,0.));
#12340 = FACE_BOUND('',#12341,.T.);
#12341 = EDGE_LOOP('',(#12342));
#12342 = ORIENTED_EDGE('',*,*,#12343,.T.);
#12343 = EDGE_CURVE('',#12344,#12344,#12346,.T.);
#12344 = VERTEX_POINT('',#12345);
#12345 = CARTESIAN_POINT('',(115.25482,-70.634139,1.51));
#12346 = CIRCLE('',#12347,0.508);
#12347 = AXIS2_PLACEMENT_3D('',#12348,#12349,#12350);
#12348 = CARTESIAN_POINT('',(115.25482,-70.126139,1.51));
#12349 = DIRECTION('',(-0.,0.,-1.));
#12350 = DIRECTION('',(-0.,-1.,0.));
#12351 = FACE_BOUND('',#12352,.T.);
#12352 = EDGE_LOOP('',(#12353));
#12353 = ORIENTED_EDGE('',*,*,#12354,.T.);
#12354 = EDGE_CURVE('',#12355,#12355,#12357,.T.);
#12355 = VERTEX_POINT('',#12356);
#12356 = CARTESIAN_POINT('',(115.25482,-68.094139,1.51));
#12357 = CIRCLE('',#12358,0.508);
#12358 = AXIS2_PLACEMENT_3D('',#12359,#12360,#12361);
#12359 = CARTESIAN_POINT('',(115.25482,-67.586139,1.51));
#12360 = DIRECTION('',(-0.,0.,-1.));
#12361 = DIRECTION('',(-0.,-1.,0.));
#12362 = FACE_BOUND('',#12363,.T.);
#12363 = EDGE_LOOP('',(#12364));
#12364 = ORIENTED_EDGE('',*,*,#12365,.T.);
#12365 = EDGE_CURVE('',#12366,#12366,#12368,.T.);
#12366 = VERTEX_POINT('',#12367);
#12367 = CARTESIAN_POINT('',(115.25482,-65.554139,1.51));
#12368 = CIRCLE('',#12369,0.508);
#12369 = AXIS2_PLACEMENT_3D('',#12370,#12371,#12372);
#12370 = CARTESIAN_POINT('',(115.25482,-65.046139,1.51));
#12371 = DIRECTION('',(-0.,0.,-1.));
#12372 = DIRECTION('',(-0.,-1.,0.));
#12373 = PLANE('',#12374);
#12374 = AXIS2_PLACEMENT_3D('',#12375,#12376,#12377);
#12375 = CARTESIAN_POINT('',(0.,0.,1.51));
#12376 = DIRECTION('',(0.,0.,1.));
#12377 = DIRECTION('',(1.,0.,-0.));
#12378 = ADVANCED_FACE('',(#12379),#12385,.T.);
#12379 = FACE_BOUND('',#12380,.T.);
#12380 = EDGE_LOOP('',(#12381,#12382,#12383,#12384));
#12381 = ORIENTED_EDGE('',*,*,#11094,.T.);
#12382 = ORIENTED_EDGE('',*,*,#11751,.T.);
#12383 = ORIENTED_EDGE('',*,*,#11054,.F.);
#12384 = ORIENTED_EDGE('',*,*,#11118,.F.);
#12385 = PLANE('',#12386);
#12386 = AXIS2_PLACEMENT_3D('',#12387,#12388,#12389);
#12387 = CARTESIAN_POINT('',(70.77082,-63.613139,0.));
#12388 = DIRECTION('',(0.,1.,0.));
#12389 = DIRECTION('',(1.,0.,0.));
#12390 = ADVANCED_FACE('',(#12391),#12402,.F.);
#12391 = FACE_BOUND('',#12392,.T.);
#12392 = EDGE_LOOP('',(#12393,#12394,#12400,#12401));
#12393 = ORIENTED_EDGE('',*,*,#11127,.T.);
#12394 = ORIENTED_EDGE('',*,*,#12395,.T.);
#12395 = EDGE_CURVE('',#11128,#11761,#12396,.T.);
#12396 = LINE('',#12397,#12398);
#12397 = CARTESIAN_POINT('',(72.07482,-113.814139,-4.6E-02));
#12398 = VECTOR('',#12399,1.);
#12399 = DIRECTION('',(0.,0.,1.));
#12400 = ORIENTED_EDGE('',*,*,#11760,.F.);
#12401 = ORIENTED_EDGE('',*,*,#12395,.F.);
#12402 = CYLINDRICAL_SURFACE('',#12403,0.508);
#12403 = AXIS2_PLACEMENT_3D('',#12404,#12405,#12406);
#12404 = CARTESIAN_POINT('',(72.07482,-113.306139,-4.6E-02));
#12405 = DIRECTION('',(-0.,-0.,-1.));
#12406 = DIRECTION('',(-0.,-1.,0.));
#12407 = ADVANCED_FACE('',(#12408),#12419,.F.);
#12408 = FACE_BOUND('',#12409,.T.);
#12409 = EDGE_LOOP('',(#12410,#12411,#12417,#12418));
#12410 = ORIENTED_EDGE('',*,*,#11138,.T.);
#12411 = ORIENTED_EDGE('',*,*,#12412,.T.);
#12412 = EDGE_CURVE('',#11139,#11772,#12413,.T.);
#12413 = LINE('',#12414,#12415);
#12414 = CARTESIAN_POINT('',(72.07482,-111.274139,-4.6E-02));
#12415 = VECTOR('',#12416,1.);
#12416 = DIRECTION('',(0.,0.,1.));
#12417 = ORIENTED_EDGE('',*,*,#11771,.F.);
#12418 = ORIENTED_EDGE('',*,*,#12412,.F.);
#12419 = CYLINDRICAL_SURFACE('',#12420,0.508);
#12420 = AXIS2_PLACEMENT_3D('',#12421,#12422,#12423);
#12421 = CARTESIAN_POINT('',(72.07482,-110.766139,-4.6E-02));
#12422 = DIRECTION('',(-0.,-0.,-1.));
#12423 = DIRECTION('',(-0.,-1.,0.));
#12424 = ADVANCED_FACE('',(#12425),#12436,.F.);
#12425 = FACE_BOUND('',#12426,.T.);
#12426 = EDGE_LOOP('',(#12427,#12428,#12434,#12435));
#12427 = ORIENTED_EDGE('',*,*,#11149,.T.);
#12428 = ORIENTED_EDGE('',*,*,#12429,.T.);
#12429 = EDGE_CURVE('',#11150,#11783,#12430,.T.);
#12430 = LINE('',#12431,#12432);
#12431 = CARTESIAN_POINT('',(72.07482,-108.734139,-4.6E-02));
#12432 = VECTOR('',#12433,1.);
#12433 = DIRECTION('',(0.,0.,1.));
#12434 = ORIENTED_EDGE('',*,*,#11782,.F.);
#12435 = ORIENTED_EDGE('',*,*,#12429,.F.);
#12436 = CYLINDRICAL_SURFACE('',#12437,0.508);
#12437 = AXIS2_PLACEMENT_3D('',#12438,#12439,#12440);
#12438 = CARTESIAN_POINT('',(72.07482,-108.226139,-4.6E-02));
#12439 = DIRECTION('',(-0.,-0.,-1.));
#12440 = DIRECTION('',(-0.,-1.,0.));
#12441 = ADVANCED_FACE('',(#12442),#12453,.F.);
#12442 = FACE_BOUND('',#12443,.T.);
#12443 = EDGE_LOOP('',(#12444,#12445,#12451,#12452));
#12444 = ORIENTED_EDGE('',*,*,#11160,.T.);
#12445 = ORIENTED_EDGE('',*,*,#12446,.T.);
#12446 = EDGE_CURVE('',#11161,#11794,#12447,.T.);
#12447 = LINE('',#12448,#12449);
#12448 = CARTESIAN_POINT('',(77.3882,-111.2197,-4.6E-02));
#12449 = VECTOR('',#12450,1.);
#12450 = DIRECTION('',(0.,0.,1.));
#12451 = ORIENTED_EDGE('',*,*,#11793,.F.);
#12452 = ORIENTED_EDGE('',*,*,#12446,.F.);
#12453 = CYLINDRICAL_SURFACE('',#12454,0.9);
#12454 = AXIS2_PLACEMENT_3D('',#12455,#12456,#12457);
#12455 = CARTESIAN_POINT('',(77.3882,-110.3197,-4.6E-02));
#12456 = DIRECTION('',(-0.,-0.,-1.));
#12457 = DIRECTION('',(-1.578983857245E-14,-1.,0.));
#12458 = ADVANCED_FACE('',(#12459),#12470,.F.);
#12459 = FACE_BOUND('',#12460,.T.);
#12460 = EDGE_LOOP('',(#12461,#12462,#12468,#12469));
#12461 = ORIENTED_EDGE('',*,*,#11171,.T.);
#12462 = ORIENTED_EDGE('',*,*,#12463,.T.);
#12463 = EDGE_CURVE('',#11172,#11805,#12464,.T.);
#12464 = LINE('',#12465,#12466);
#12465 = CARTESIAN_POINT('',(72.07482,-106.194139,-4.6E-02));
#12466 = VECTOR('',#12467,1.);
#12467 = DIRECTION('',(0.,0.,1.));
#12468 = ORIENTED_EDGE('',*,*,#11804,.F.);
#12469 = ORIENTED_EDGE('',*,*,#12463,.F.);
#12470 = CYLINDRICAL_SURFACE('',#12471,0.508);
#12471 = AXIS2_PLACEMENT_3D('',#12472,#12473,#12474);
#12472 = CARTESIAN_POINT('',(72.07482,-105.686139,-4.6E-02));
#12473 = DIRECTION('',(-0.,-0.,-1.));
#12474 = DIRECTION('',(-0.,-1.,0.));
#12475 = ADVANCED_FACE('',(#12476),#12487,.F.);
#12476 = FACE_BOUND('',#12477,.T.);
#12477 = EDGE_LOOP('',(#12478,#12479,#12485,#12486));
#12478 = ORIENTED_EDGE('',*,*,#11182,.T.);
#12479 = ORIENTED_EDGE('',*,*,#12480,.T.);
#12480 = EDGE_CURVE('',#11183,#11816,#12481,.T.);
#12481 = LINE('',#12482,#12483);
#12482 = CARTESIAN_POINT('',(72.07482,-103.654139,-4.6E-02));
#12483 = VECTOR('',#12484,1.);
#12484 = DIRECTION('',(0.,0.,1.));
#12485 = ORIENTED_EDGE('',*,*,#11815,.F.);
#12486 = ORIENTED_EDGE('',*,*,#12480,.F.);
#12487 = CYLINDRICAL_SURFACE('',#12488,0.508);
#12488 = AXIS2_PLACEMENT_3D('',#12489,#12490,#12491);
#12489 = CARTESIAN_POINT('',(72.07482,-103.146139,-4.6E-02));
#12490 = DIRECTION('',(-0.,-0.,-1.));
#12491 = DIRECTION('',(-0.,-1.,0.));
#12492 = ADVANCED_FACE('',(#12493),#12504,.F.);
#12493 = FACE_BOUND('',#12494,.T.);
#12494 = EDGE_LOOP('',(#12495,#12496,#12502,#12503));
#12495 = ORIENTED_EDGE('',*,*,#11193,.T.);
#12496 = ORIENTED_EDGE('',*,*,#12497,.T.);
#12497 = EDGE_CURVE('',#11194,#11827,#12498,.T.);
#12498 = LINE('',#12499,#12500);
#12499 = CARTESIAN_POINT('',(89.3882,-113.1197,-4.6E-02));
#12500 = VECTOR('',#12501,1.);
#12501 = DIRECTION('',(0.,0.,1.));
#12502 = ORIENTED_EDGE('',*,*,#11826,.F.);
#12503 = ORIENTED_EDGE('',*,*,#12497,.F.);
#12504 = CYLINDRICAL_SURFACE('',#12505,1.);
#12505 = AXIS2_PLACEMENT_3D('',#12506,#12507,#12508);
#12506 = CARTESIAN_POINT('',(89.3882,-112.1197,-4.6E-02));
#12507 = DIRECTION('',(-0.,-0.,-1.));
#12508 = DIRECTION('',(-0.,-1.,0.));
#12509 = ADVANCED_FACE('',(#12510),#12521,.F.);
#12510 = FACE_BOUND('',#12511,.T.);
#12511 = EDGE_LOOP('',(#12512,#12513,#12519,#12520));
#12512 = ORIENTED_EDGE('',*,*,#11204,.T.);
#12513 = ORIENTED_EDGE('',*,*,#12514,.T.);
#12514 = EDGE_CURVE('',#11205,#11838,#12515,.T.);
#12515 = LINE('',#12516,#12517);
#12516 = CARTESIAN_POINT('',(72.07482,-101.114139,-4.6E-02));
#12517 = VECTOR('',#12518,1.);
#12518 = DIRECTION('',(0.,0.,1.));
#12519 = ORIENTED_EDGE('',*,*,#11837,.F.);
#12520 = ORIENTED_EDGE('',*,*,#12514,.F.);
#12521 = CYLINDRICAL_SURFACE('',#12522,0.508);
#12522 = AXIS2_PLACEMENT_3D('',#12523,#12524,#12525);
#12523 = CARTESIAN_POINT('',(72.07482,-100.606139,-4.6E-02));
#12524 = DIRECTION('',(-0.,-0.,-1.));
#12525 = DIRECTION('',(-0.,-1.,0.));
#12526 = ADVANCED_FACE('',(#12527),#12538,.F.);
#12527 = FACE_BOUND('',#12528,.T.);
#12528 = EDGE_LOOP('',(#12529,#12530,#12536,#12537));
#12529 = ORIENTED_EDGE('',*,*,#11215,.T.);
#12530 = ORIENTED_EDGE('',*,*,#12531,.T.);
#12531 = EDGE_CURVE('',#11216,#11849,#12532,.T.);
#12532 = LINE('',#12533,#12534);
#12533 = CARTESIAN_POINT('',(72.07482,-98.574139,-4.6E-02));
#12534 = VECTOR('',#12535,1.);
#12535 = DIRECTION('',(0.,0.,1.));
#12536 = ORIENTED_EDGE('',*,*,#11848,.F.);
#12537 = ORIENTED_EDGE('',*,*,#12531,.F.);
#12538 = CYLINDRICAL_SURFACE('',#12539,0.508);
#12539 = AXIS2_PLACEMENT_3D('',#12540,#12541,#12542);
#12540 = CARTESIAN_POINT('',(72.07482,-98.066139,-4.6E-02));
#12541 = DIRECTION('',(-0.,-0.,-1.));
#12542 = DIRECTION('',(-0.,-1.,0.));
#12543 = ADVANCED_FACE('',(#12544),#12555,.F.);
#12544 = FACE_BOUND('',#12545,.T.);
#12545 = EDGE_LOOP('',(#12546,#12547,#12553,#12554));
#12546 = ORIENTED_EDGE('',*,*,#11226,.T.);
#12547 = ORIENTED_EDGE('',*,*,#12548,.T.);
#12548 = EDGE_CURVE('',#11227,#11860,#12549,.T.);
#12549 = LINE('',#12550,#12551);
#12550 = CARTESIAN_POINT('',(72.07482,-96.034139,-4.6E-02));
#12551 = VECTOR('',#12552,1.);
#12552 = DIRECTION('',(0.,0.,1.));
#12553 = ORIENTED_EDGE('',*,*,#11859,.F.);
#12554 = ORIENTED_EDGE('',*,*,#12548,.F.);
#12555 = CYLINDRICAL_SURFACE('',#12556,0.508);
#12556 = AXIS2_PLACEMENT_3D('',#12557,#12558,#12559);
#12557 = CARTESIAN_POINT('',(72.07482,-95.526139,-4.6E-02));
#12558 = DIRECTION('',(-0.,-0.,-1.));
#12559 = DIRECTION('',(-0.,-1.,0.));
#12560 = ADVANCED_FACE('',(#12561),#12572,.F.);
#12561 = FACE_BOUND('',#12562,.T.);
#12562 = EDGE_LOOP('',(#12563,#12564,#12570,#12571));
#12563 = ORIENTED_EDGE('',*,*,#11237,.T.);
#12564 = ORIENTED_EDGE('',*,*,#12565,.T.);
#12565 = EDGE_CURVE('',#11238,#11871,#12566,.T.);
#12566 = LINE('',#12567,#12568);
#12567 = CARTESIAN_POINT('',(72.07482,-93.494139,-4.6E-02));
#12568 = VECTOR('',#12569,1.);
#12569 = DIRECTION('',(0.,0.,1.));
#12570 = ORIENTED_EDGE('',*,*,#11870,.F.);
#12571 = ORIENTED_EDGE('',*,*,#12565,.F.);
#12572 = CYLINDRICAL_SURFACE('',#12573,0.508);
#12573 = AXIS2_PLACEMENT_3D('',#12574,#12575,#12576);
#12574 = CARTESIAN_POINT('',(72.07482,-92.986139,-4.6E-02));
#12575 = DIRECTION('',(-0.,-0.,-1.));
#12576 = DIRECTION('',(-0.,-1.,0.));
#12577 = ADVANCED_FACE('',(#12578),#12589,.F.);
#12578 = FACE_BOUND('',#12579,.T.);
#12579 = EDGE_LOOP('',(#12580,#12581,#12587,#12588));
#12580 = ORIENTED_EDGE('',*,*,#11248,.T.);
#12581 = ORIENTED_EDGE('',*,*,#12582,.T.);
#12582 = EDGE_CURVE('',#11249,#11882,#12583,.T.);
#12583 = LINE('',#12584,#12585);
#12584 = CARTESIAN_POINT('',(72.07482,-90.954139,-4.6E-02));
#12585 = VECTOR('',#12586,1.);
#12586 = DIRECTION('',(0.,0.,1.));
#12587 = ORIENTED_EDGE('',*,*,#11881,.F.);
#12588 = ORIENTED_EDGE('',*,*,#12582,.F.);
#12589 = CYLINDRICAL_SURFACE('',#12590,0.508);
#12590 = AXIS2_PLACEMENT_3D('',#12591,#12592,#12593);
#12591 = CARTESIAN_POINT('',(72.07482,-90.446139,-4.6E-02));
#12592 = DIRECTION('',(-0.,-0.,-1.));
#12593 = DIRECTION('',(-0.,-1.,0.));
#12594 = ADVANCED_FACE('',(#12595),#12606,.F.);
#12595 = FACE_BOUND('',#12596,.T.);
#12596 = EDGE_LOOP('',(#12597,#12598,#12604,#12605));
#12597 = ORIENTED_EDGE('',*,*,#11259,.T.);
#12598 = ORIENTED_EDGE('',*,*,#12599,.T.);
#12599 = EDGE_CURVE('',#11260,#11893,#12600,.T.);
#12600 = LINE('',#12601,#12602);
#12601 = CARTESIAN_POINT('',(109.5248,-112.9006,-4.6E-02));
#12602 = VECTOR('',#12603,1.);
#12603 = DIRECTION('',(0.,0.,1.));
#12604 = ORIENTED_EDGE('',*,*,#11892,.F.);
#12605 = ORIENTED_EDGE('',*,*,#12599,.F.);
#12606 = CYLINDRICAL_SURFACE('',#12607,0.375);
#12607 = AXIS2_PLACEMENT_3D('',#12608,#12609,#12610);
#12608 = CARTESIAN_POINT('',(109.5248,-112.5256,-4.6E-02));
#12609 = DIRECTION('',(-0.,-0.,-1.));
#12610 = DIRECTION('',(-0.,-1.,0.));
#12611 = ADVANCED_FACE('',(#12612),#12623,.F.);
#12612 = FACE_BOUND('',#12613,.T.);
#12613 = EDGE_LOOP('',(#12614,#12615,#12621,#12622));
#12614 = ORIENTED_EDGE('',*,*,#11270,.T.);
#12615 = ORIENTED_EDGE('',*,*,#12616,.T.);
#12616 = EDGE_CURVE('',#11271,#11904,#12617,.T.);
#12617 = LINE('',#12618,#12619);
#12618 = CARTESIAN_POINT('',(109.5248,-110.9006,-4.6E-02));
#12619 = VECTOR('',#12620,1.);
#12620 = DIRECTION('',(0.,0.,1.));
#12621 = ORIENTED_EDGE('',*,*,#11903,.F.);
#12622 = ORIENTED_EDGE('',*,*,#12616,.F.);
#12623 = CYLINDRICAL_SURFACE('',#12624,0.375);
#12624 = AXIS2_PLACEMENT_3D('',#12625,#12626,#12627);
#12625 = CARTESIAN_POINT('',(109.5248,-110.5256,-4.6E-02));
#12626 = DIRECTION('',(-0.,-0.,-1.));
#12627 = DIRECTION('',(-0.,-1.,0.));
#12628 = ADVANCED_FACE('',(#12629),#12640,.F.);
#12629 = FACE_BOUND('',#12630,.T.);
#12630 = EDGE_LOOP('',(#12631,#12632,#12638,#12639));
#12631 = ORIENTED_EDGE('',*,*,#11281,.T.);
#12632 = ORIENTED_EDGE('',*,*,#12633,.T.);
#12633 = EDGE_CURVE('',#11282,#11915,#12634,.T.);
#12634 = LINE('',#12635,#12636);
#12635 = CARTESIAN_POINT('',(109.5248,-108.9006,-4.6E-02));
#12636 = VECTOR('',#12637,1.);
#12637 = DIRECTION('',(0.,0.,1.));
#12638 = ORIENTED_EDGE('',*,*,#11914,.F.);
#12639 = ORIENTED_EDGE('',*,*,#12633,.F.);
#12640 = CYLINDRICAL_SURFACE('',#12641,0.375);
#12641 = AXIS2_PLACEMENT_3D('',#12642,#12643,#12644);
#12642 = CARTESIAN_POINT('',(109.5248,-108.5256,-4.6E-02));
#12643 = DIRECTION('',(-0.,-0.,-1.));
#12644 = DIRECTION('',(-0.,-1.,0.));
#12645 = ADVANCED_FACE('',(#12646),#12657,.F.);
#12646 = FACE_BOUND('',#12647,.T.);
#12647 = EDGE_LOOP('',(#12648,#12649,#12655,#12656));
#12648 = ORIENTED_EDGE('',*,*,#11292,.T.);
#12649 = ORIENTED_EDGE('',*,*,#12650,.T.);
#12650 = EDGE_CURVE('',#11293,#11926,#12651,.T.);
#12651 = LINE('',#12652,#12653);
#12652 = CARTESIAN_POINT('',(115.25482,-113.814139,-4.6E-02));
#12653 = VECTOR('',#12654,1.);
#12654 = DIRECTION('',(0.,0.,1.));
#12655 = ORIENTED_EDGE('',*,*,#11925,.F.);
#12656 = ORIENTED_EDGE('',*,*,#12650,.F.);
#12657 = CYLINDRICAL_SURFACE('',#12658,0.508);
#12658 = AXIS2_PLACEMENT_3D('',#12659,#12660,#12661);
#12659 = CARTESIAN_POINT('',(115.25482,-113.306139,-4.6E-02));
#12660 = DIRECTION('',(-0.,-0.,-1.));
#12661 = DIRECTION('',(-0.,-1.,0.));
#12662 = ADVANCED_FACE('',(#12663),#12674,.F.);
#12663 = FACE_BOUND('',#12664,.T.);
#12664 = EDGE_LOOP('',(#12665,#12666,#12672,#12673));
#12665 = ORIENTED_EDGE('',*,*,#11303,.T.);
#12666 = ORIENTED_EDGE('',*,*,#12667,.T.);
#12667 = EDGE_CURVE('',#11304,#11937,#12668,.T.);
#12668 = LINE('',#12669,#12670);
#12669 = CARTESIAN_POINT('',(115.25482,-111.274139,-4.6E-02));
#12670 = VECTOR('',#12671,1.);
#12671 = DIRECTION('',(0.,0.,1.));
#12672 = ORIENTED_EDGE('',*,*,#11936,.F.);
#12673 = ORIENTED_EDGE('',*,*,#12667,.F.);
#12674 = CYLINDRICAL_SURFACE('',#12675,0.508);
#12675 = AXIS2_PLACEMENT_3D('',#12676,#12677,#12678);
#12676 = CARTESIAN_POINT('',(115.25482,-110.766139,-4.6E-02));
#12677 = DIRECTION('',(-0.,-0.,-1.));
#12678 = DIRECTION('',(-0.,-1.,0.));
#12679 = ADVANCED_FACE('',(#12680),#12691,.F.);
#12680 = FACE_BOUND('',#12681,.T.);
#12681 = EDGE_LOOP('',(#12682,#12683,#12689,#12690));
#12682 = ORIENTED_EDGE('',*,*,#11314,.T.);
#12683 = ORIENTED_EDGE('',*,*,#12684,.T.);
#12684 = EDGE_CURVE('',#11315,#11948,#12685,.T.);
#12685 = LINE('',#12686,#12687);
#12686 = CARTESIAN_POINT('',(115.25482,-108.734139,-4.6E-02));
#12687 = VECTOR('',#12688,1.);
#12688 = DIRECTION('',(0.,0.,1.));
#12689 = ORIENTED_EDGE('',*,*,#11947,.F.);
#12690 = ORIENTED_EDGE('',*,*,#12684,.F.);
#12691 = CYLINDRICAL_SURFACE('',#12692,0.508);
#12692 = AXIS2_PLACEMENT_3D('',#12693,#12694,#12695);
#12693 = CARTESIAN_POINT('',(115.25482,-108.226139,-4.6E-02));
#12694 = DIRECTION('',(-0.,-0.,-1.));
#12695 = DIRECTION('',(-0.,-1.,0.));
#12696 = ADVANCED_FACE('',(#12697),#12708,.F.);
#12697 = FACE_BOUND('',#12698,.T.);
#12698 = EDGE_LOOP('',(#12699,#12700,#12706,#12707));
#12699 = ORIENTED_EDGE('',*,*,#11325,.T.);
#12700 = ORIENTED_EDGE('',*,*,#12701,.T.);
#12701 = EDGE_CURVE('',#11326,#11959,#12702,.T.);
#12702 = LINE('',#12703,#12704);
#12703 = CARTESIAN_POINT('',(109.5248,-106.9006,-4.6E-02));
#12704 = VECTOR('',#12705,1.);
#12705 = DIRECTION('',(0.,0.,1.));
#12706 = ORIENTED_EDGE('',*,*,#11958,.F.);
#12707 = ORIENTED_EDGE('',*,*,#12701,.F.);
#12708 = CYLINDRICAL_SURFACE('',#12709,0.375);
#12709 = AXIS2_PLACEMENT_3D('',#12710,#12711,#12712);
#12710 = CARTESIAN_POINT('',(109.5248,-106.5256,-4.6E-02));
#12711 = DIRECTION('',(-0.,-0.,-1.));
#12712 = DIRECTION('',(-0.,-1.,0.));
#12713 = ADVANCED_FACE('',(#12714),#12725,.F.);
#12714 = FACE_BOUND('',#12715,.T.);
#12715 = EDGE_LOOP('',(#12716,#12717,#12723,#12724));
#12716 = ORIENTED_EDGE('',*,*,#11336,.T.);
#12717 = ORIENTED_EDGE('',*,*,#12718,.T.);
#12718 = EDGE_CURVE('',#11337,#11970,#12719,.T.);
#12719 = LINE('',#12720,#12721);
#12720 = CARTESIAN_POINT('',(109.5248,-104.9006,-4.6E-02));
#12721 = VECTOR('',#12722,1.);
#12722 = DIRECTION('',(0.,0.,1.));
#12723 = ORIENTED_EDGE('',*,*,#11969,.F.);
#12724 = ORIENTED_EDGE('',*,*,#12718,.F.);
#12725 = CYLINDRICAL_SURFACE('',#12726,0.375);
#12726 = AXIS2_PLACEMENT_3D('',#12727,#12728,#12729);
#12727 = CARTESIAN_POINT('',(109.5248,-104.5256,-4.6E-02));
#12728 = DIRECTION('',(-0.,-0.,-1.));
#12729 = DIRECTION('',(-0.,-1.,0.));
#12730 = ADVANCED_FACE('',(#12731),#12742,.F.);
#12731 = FACE_BOUND('',#12732,.T.);
#12732 = EDGE_LOOP('',(#12733,#12734,#12740,#12741));
#12733 = ORIENTED_EDGE('',*,*,#11347,.T.);
#12734 = ORIENTED_EDGE('',*,*,#12735,.T.);
#12735 = EDGE_CURVE('',#11348,#11981,#12736,.T.);
#12736 = LINE('',#12737,#12738);
#12737 = CARTESIAN_POINT('',(109.5248,-102.9006,-4.6E-02));
#12738 = VECTOR('',#12739,1.);
#12739 = DIRECTION('',(0.,0.,1.));
#12740 = ORIENTED_EDGE('',*,*,#11980,.F.);
#12741 = ORIENTED_EDGE('',*,*,#12735,.F.);
#12742 = CYLINDRICAL_SURFACE('',#12743,0.375);
#12743 = AXIS2_PLACEMENT_3D('',#12744,#12745,#12746);
#12744 = CARTESIAN_POINT('',(109.5248,-102.5256,-4.6E-02));
#12745 = DIRECTION('',(-0.,-0.,-1.));
#12746 = DIRECTION('',(-0.,-1.,0.));
#12747 = ADVANCED_FACE('',(#12748),#12759,.F.);
#12748 = FACE_BOUND('',#12749,.T.);
#12749 = EDGE_LOOP('',(#12750,#12751,#12757,#12758));
#12750 = ORIENTED_EDGE('',*,*,#11358,.T.);
#12751 = ORIENTED_EDGE('',*,*,#12752,.T.);
#12752 = EDGE_CURVE('',#11359,#11992,#12753,.T.);
#12753 = LINE('',#12754,#12755);
#12754 = CARTESIAN_POINT('',(115.25482,-106.194139,-4.6E-02));
#12755 = VECTOR('',#12756,1.);
#12756 = DIRECTION('',(0.,0.,1.));
#12757 = ORIENTED_EDGE('',*,*,#11991,.F.);
#12758 = ORIENTED_EDGE('',*,*,#12752,.F.);
#12759 = CYLINDRICAL_SURFACE('',#12760,0.508);
#12760 = AXIS2_PLACEMENT_3D('',#12761,#12762,#12763);
#12761 = CARTESIAN_POINT('',(115.25482,-105.686139,-4.6E-02));
#12762 = DIRECTION('',(-0.,-0.,-1.));
#12763 = DIRECTION('',(-0.,-1.,0.));
#12764 = ADVANCED_FACE('',(#12765),#12776,.F.);
#12765 = FACE_BOUND('',#12766,.T.);
#12766 = EDGE_LOOP('',(#12767,#12768,#12774,#12775));
#12767 = ORIENTED_EDGE('',*,*,#11369,.T.);
#12768 = ORIENTED_EDGE('',*,*,#12769,.T.);
#12769 = EDGE_CURVE('',#11370,#12003,#12770,.T.);
#12770 = LINE('',#12771,#12772);
#12771 = CARTESIAN_POINT('',(115.25482,-103.654139,-4.6E-02));
#12772 = VECTOR('',#12773,1.);
#12773 = DIRECTION('',(0.,0.,1.));
#12774 = ORIENTED_EDGE('',*,*,#12002,.F.);
#12775 = ORIENTED_EDGE('',*,*,#12769,.F.);
#12776 = CYLINDRICAL_SURFACE('',#12777,0.508);
#12777 = AXIS2_PLACEMENT_3D('',#12778,#12779,#12780);
#12778 = CARTESIAN_POINT('',(115.25482,-103.146139,-4.6E-02));
#12779 = DIRECTION('',(-0.,-0.,-1.));
#12780 = DIRECTION('',(-0.,-1.,0.));
#12781 = ADVANCED_FACE('',(#12782),#12793,.F.);
#12782 = FACE_BOUND('',#12783,.T.);
#12783 = EDGE_LOOP('',(#12784,#12785,#12791,#12792));
#12784 = ORIENTED_EDGE('',*,*,#11380,.T.);
#12785 = ORIENTED_EDGE('',*,*,#12786,.T.);
#12786 = EDGE_CURVE('',#11381,#12014,#12787,.T.);
#12787 = LINE('',#12788,#12789);
#12788 = CARTESIAN_POINT('',(109.5248,-100.9006,-4.6E-02));
#12789 = VECTOR('',#12790,1.);
#12790 = DIRECTION('',(0.,0.,1.));
#12791 = ORIENTED_EDGE('',*,*,#12013,.F.);
#12792 = ORIENTED_EDGE('',*,*,#12786,.F.);
#12793 = CYLINDRICAL_SURFACE('',#12794,0.375);
#12794 = AXIS2_PLACEMENT_3D('',#12795,#12796,#12797);
#12795 = CARTESIAN_POINT('',(109.5248,-100.5256,-4.6E-02));
#12796 = DIRECTION('',(-0.,-0.,-1.));
#12797 = DIRECTION('',(-0.,-1.,0.));
#12798 = ADVANCED_FACE('',(#12799),#12810,.F.);
#12799 = FACE_BOUND('',#12800,.T.);
#12800 = EDGE_LOOP('',(#12801,#12802,#12808,#12809));
#12801 = ORIENTED_EDGE('',*,*,#11391,.T.);
#12802 = ORIENTED_EDGE('',*,*,#12803,.T.);
#12803 = EDGE_CURVE('',#11392,#12025,#12804,.T.);
#12804 = LINE('',#12805,#12806);
#12805 = CARTESIAN_POINT('',(109.5248,-98.9006,-4.6E-02));
#12806 = VECTOR('',#12807,1.);
#12807 = DIRECTION('',(0.,0.,1.));
#12808 = ORIENTED_EDGE('',*,*,#12024,.F.);
#12809 = ORIENTED_EDGE('',*,*,#12803,.F.);
#12810 = CYLINDRICAL_SURFACE('',#12811,0.375);
#12811 = AXIS2_PLACEMENT_3D('',#12812,#12813,#12814);
#12812 = CARTESIAN_POINT('',(109.5248,-98.5256,-4.6E-02));
#12813 = DIRECTION('',(-0.,-0.,-1.));
#12814 = DIRECTION('',(-0.,-1.,0.));
#12815 = ADVANCED_FACE('',(#12816),#12827,.F.);
#12816 = FACE_BOUND('',#12817,.T.);
#12817 = EDGE_LOOP('',(#12818,#12819,#12825,#12826));
#12818 = ORIENTED_EDGE('',*,*,#11402,.T.);
#12819 = ORIENTED_EDGE('',*,*,#12820,.T.);
#12820 = EDGE_CURVE('',#11403,#12036,#12821,.T.);
#12821 = LINE('',#12822,#12823);
#12822 = CARTESIAN_POINT('',(109.5248,-96.9006,-4.6E-02));
#12823 = VECTOR('',#12824,1.);
#12824 = DIRECTION('',(0.,0.,1.));
#12825 = ORIENTED_EDGE('',*,*,#12035,.F.);
#12826 = ORIENTED_EDGE('',*,*,#12820,.F.);
#12827 = CYLINDRICAL_SURFACE('',#12828,0.375);
#12828 = AXIS2_PLACEMENT_3D('',#12829,#12830,#12831);
#12829 = CARTESIAN_POINT('',(109.5248,-96.5256,-4.6E-02));
#12830 = DIRECTION('',(-0.,-0.,-1.));
#12831 = DIRECTION('',(-0.,-1.,0.));
#12832 = ADVANCED_FACE('',(#12833),#12844,.F.);
#12833 = FACE_BOUND('',#12834,.T.);
#12834 = EDGE_LOOP('',(#12835,#12836,#12842,#12843));
#12835 = ORIENTED_EDGE('',*,*,#11413,.T.);
#12836 = ORIENTED_EDGE('',*,*,#12837,.T.);
#12837 = EDGE_CURVE('',#11414,#12047,#12838,.T.);
#12838 = LINE('',#12839,#12840);
#12839 = CARTESIAN_POINT('',(115.25482,-101.114139,-4.6E-02));
#12840 = VECTOR('',#12841,1.);
#12841 = DIRECTION('',(0.,0.,1.));
#12842 = ORIENTED_EDGE('',*,*,#12046,.F.);
#12843 = ORIENTED_EDGE('',*,*,#12837,.F.);
#12844 = CYLINDRICAL_SURFACE('',#12845,0.508);
#12845 = AXIS2_PLACEMENT_3D('',#12846,#12847,#12848);
#12846 = CARTESIAN_POINT('',(115.25482,-100.606139,-4.6E-02));
#12847 = DIRECTION('',(-0.,-0.,-1.));
#12848 = DIRECTION('',(-0.,-1.,0.));
#12849 = ADVANCED_FACE('',(#12850),#12861,.F.);
#12850 = FACE_BOUND('',#12851,.T.);
#12851 = EDGE_LOOP('',(#12852,#12853,#12859,#12860));
#12852 = ORIENTED_EDGE('',*,*,#11424,.T.);
#12853 = ORIENTED_EDGE('',*,*,#12854,.T.);
#12854 = EDGE_CURVE('',#11425,#12058,#12855,.T.);
#12855 = LINE('',#12856,#12857);
#12856 = CARTESIAN_POINT('',(115.25482,-98.574139,-4.6E-02));
#12857 = VECTOR('',#12858,1.);
#12858 = DIRECTION('',(0.,0.,1.));
#12859 = ORIENTED_EDGE('',*,*,#12057,.F.);
#12860 = ORIENTED_EDGE('',*,*,#12854,.F.);
#12861 = CYLINDRICAL_SURFACE('',#12862,0.508);
#12862 = AXIS2_PLACEMENT_3D('',#12863,#12864,#12865);
#12863 = CARTESIAN_POINT('',(115.25482,-98.066139,-4.6E-02));
#12864 = DIRECTION('',(-0.,-0.,-1.));
#12865 = DIRECTION('',(-0.,-1.,0.));
#12866 = ADVANCED_FACE('',(#12867),#12878,.F.);
#12867 = FACE_BOUND('',#12868,.T.);
#12868 = EDGE_LOOP('',(#12869,#12870,#12876,#12877));
#12869 = ORIENTED_EDGE('',*,*,#11435,.T.);
#12870 = ORIENTED_EDGE('',*,*,#12871,.T.);
#12871 = EDGE_CURVE('',#11436,#12069,#12872,.T.);
#12872 = LINE('',#12873,#12874);
#12873 = CARTESIAN_POINT('',(115.25482,-96.034139,-4.6E-02));
#12874 = VECTOR('',#12875,1.);
#12875 = DIRECTION('',(0.,0.,1.));
#12876 = ORIENTED_EDGE('',*,*,#12068,.F.);
#12877 = ORIENTED_EDGE('',*,*,#12871,.F.);
#12878 = CYLINDRICAL_SURFACE('',#12879,0.508);
#12879 = AXIS2_PLACEMENT_3D('',#12880,#12881,#12882);
#12880 = CARTESIAN_POINT('',(115.25482,-95.526139,-4.6E-02));
#12881 = DIRECTION('',(-0.,-0.,-1.));
#12882 = DIRECTION('',(-0.,-1.,0.));
#12883 = ADVANCED_FACE('',(#12884),#12895,.F.);
#12884 = FACE_BOUND('',#12885,.T.);
#12885 = EDGE_LOOP('',(#12886,#12887,#12893,#12894));
#12886 = ORIENTED_EDGE('',*,*,#11446,.T.);
#12887 = ORIENTED_EDGE('',*,*,#12888,.T.);
#12888 = EDGE_CURVE('',#11447,#12080,#12889,.T.);
#12889 = LINE('',#12890,#12891);
#12890 = CARTESIAN_POINT('',(109.5248,-94.9006,-4.6E-02));
#12891 = VECTOR('',#12892,1.);
#12892 = DIRECTION('',(0.,0.,1.));
#12893 = ORIENTED_EDGE('',*,*,#12079,.F.);
#12894 = ORIENTED_EDGE('',*,*,#12888,.F.);
#12895 = CYLINDRICAL_SURFACE('',#12896,0.375);
#12896 = AXIS2_PLACEMENT_3D('',#12897,#12898,#12899);
#12897 = CARTESIAN_POINT('',(109.5248,-94.5256,-4.6E-02));
#12898 = DIRECTION('',(-0.,-0.,-1.));
#12899 = DIRECTION('',(-0.,-1.,0.));
#12900 = ADVANCED_FACE('',(#12901),#12912,.F.);
#12901 = FACE_BOUND('',#12902,.T.);
#12902 = EDGE_LOOP('',(#12903,#12904,#12910,#12911));
#12903 = ORIENTED_EDGE('',*,*,#11457,.T.);
#12904 = ORIENTED_EDGE('',*,*,#12905,.T.);
#12905 = EDGE_CURVE('',#11458,#12091,#12906,.T.);
#12906 = LINE('',#12907,#12908);
#12907 = CARTESIAN_POINT('',(109.5248,-92.9006,-4.6E-02));
#12908 = VECTOR('',#12909,1.);
#12909 = DIRECTION('',(0.,0.,1.));
#12910 = ORIENTED_EDGE('',*,*,#12090,.F.);
#12911 = ORIENTED_EDGE('',*,*,#12905,.F.);
#12912 = CYLINDRICAL_SURFACE('',#12913,0.375);
#12913 = AXIS2_PLACEMENT_3D('',#12914,#12915,#12916);
#12914 = CARTESIAN_POINT('',(109.5248,-92.5256,-4.6E-02));
#12915 = DIRECTION('',(-0.,-0.,-1.));
#12916 = DIRECTION('',(-0.,-1.,0.));
#12917 = ADVANCED_FACE('',(#12918),#12929,.F.);
#12918 = FACE_BOUND('',#12919,.T.);
#12919 = EDGE_LOOP('',(#12920,#12921,#12927,#12928));
#12920 = ORIENTED_EDGE('',*,*,#11468,.T.);
#12921 = ORIENTED_EDGE('',*,*,#12922,.T.);
#12922 = EDGE_CURVE('',#11469,#12102,#12923,.T.);
#12923 = LINE('',#12924,#12925);
#12924 = CARTESIAN_POINT('',(109.5248,-90.9006,-4.6E-02));
#12925 = VECTOR('',#12926,1.);
#12926 = DIRECTION('',(0.,0.,1.));
#12927 = ORIENTED_EDGE('',*,*,#12101,.F.);
#12928 = ORIENTED_EDGE('',*,*,#12922,.F.);
#12929 = CYLINDRICAL_SURFACE('',#12930,0.375);
#12930 = AXIS2_PLACEMENT_3D('',#12931,#12932,#12933);
#12931 = CARTESIAN_POINT('',(109.5248,-90.5256,-4.6E-02));
#12932 = DIRECTION('',(-0.,-0.,-1.));
#12933 = DIRECTION('',(-0.,-1.,0.));
#12934 = ADVANCED_FACE('',(#12935),#12946,.F.);
#12935 = FACE_BOUND('',#12936,.T.);
#12936 = EDGE_LOOP('',(#12937,#12938,#12944,#12945));
#12937 = ORIENTED_EDGE('',*,*,#11479,.T.);
#12938 = ORIENTED_EDGE('',*,*,#12939,.T.);
#12939 = EDGE_CURVE('',#11480,#12113,#12940,.T.);
#12940 = LINE('',#12941,#12942);
#12941 = CARTESIAN_POINT('',(115.25482,-93.494139,-4.6E-02));
#12942 = VECTOR('',#12943,1.);
#12943 = DIRECTION('',(0.,0.,1.));
#12944 = ORIENTED_EDGE('',*,*,#12112,.F.);
#12945 = ORIENTED_EDGE('',*,*,#12939,.F.);
#12946 = CYLINDRICAL_SURFACE('',#12947,0.508);
#12947 = AXIS2_PLACEMENT_3D('',#12948,#12949,#12950);
#12948 = CARTESIAN_POINT('',(115.25482,-92.986139,-4.6E-02));
#12949 = DIRECTION('',(-0.,-0.,-1.));
#12950 = DIRECTION('',(-0.,-1.,0.));
#12951 = ADVANCED_FACE('',(#12952),#12963,.F.);
#12952 = FACE_BOUND('',#12953,.T.);
#12953 = EDGE_LOOP('',(#12954,#12955,#12961,#12962));
#12954 = ORIENTED_EDGE('',*,*,#11490,.T.);
#12955 = ORIENTED_EDGE('',*,*,#12956,.T.);
#12956 = EDGE_CURVE('',#11491,#12124,#12957,.T.);
#12957 = LINE('',#12958,#12959);
#12958 = CARTESIAN_POINT('',(115.25482,-90.954139,-4.6E-02));
#12959 = VECTOR('',#12960,1.);
#12960 = DIRECTION('',(0.,0.,1.));
#12961 = ORIENTED_EDGE('',*,*,#12123,.F.);
#12962 = ORIENTED_EDGE('',*,*,#12956,.F.);
#12963 = CYLINDRICAL_SURFACE('',#12964,0.508);
#12964 = AXIS2_PLACEMENT_3D('',#12965,#12966,#12967);
#12965 = CARTESIAN_POINT('',(115.25482,-90.446139,-4.6E-02));
#12966 = DIRECTION('',(-0.,-0.,-1.));
#12967 = DIRECTION('',(-0.,-1.,0.));
#12968 = ADVANCED_FACE('',(#12969),#12980,.F.);
#12969 = FACE_BOUND('',#12970,.T.);
#12970 = EDGE_LOOP('',(#12971,#12972,#12978,#12979));
#12971 = ORIENTED_EDGE('',*,*,#11501,.T.);
#12972 = ORIENTED_EDGE('',*,*,#12973,.T.);
#12973 = EDGE_CURVE('',#11502,#12135,#12974,.T.);
#12974 = LINE('',#12975,#12976);
#12975 = CARTESIAN_POINT('',(72.07482,-88.414139,-4.6E-02));
#12976 = VECTOR('',#12977,1.);
#12977 = DIRECTION('',(0.,0.,1.));
#12978 = ORIENTED_EDGE('',*,*,#12134,.F.);
#12979 = ORIENTED_EDGE('',*,*,#12973,.F.);
#12980 = CYLINDRICAL_SURFACE('',#12981,0.508);
#12981 = AXIS2_PLACEMENT_3D('',#12982,#12983,#12984);
#12982 = CARTESIAN_POINT('',(72.07482,-87.906139,-4.6E-02));
#12983 = DIRECTION('',(-0.,-0.,-1.));
#12984 = DIRECTION('',(-0.,-1.,0.));
#12985 = ADVANCED_FACE('',(#12986),#12997,.F.);
#12986 = FACE_BOUND('',#12987,.T.);
#12987 = EDGE_LOOP('',(#12988,#12989,#12995,#12996));
#12988 = ORIENTED_EDGE('',*,*,#11512,.T.);
#12989 = ORIENTED_EDGE('',*,*,#12990,.T.);
#12990 = EDGE_CURVE('',#11513,#12146,#12991,.T.);
#12991 = LINE('',#12992,#12993);
#12992 = CARTESIAN_POINT('',(72.07482,-85.874139,-4.6E-02));
#12993 = VECTOR('',#12994,1.);
#12994 = DIRECTION('',(0.,0.,1.));
#12995 = ORIENTED_EDGE('',*,*,#12145,.F.);
#12996 = ORIENTED_EDGE('',*,*,#12990,.F.);
#12997 = CYLINDRICAL_SURFACE('',#12998,0.508);
#12998 = AXIS2_PLACEMENT_3D('',#12999,#13000,#13001);
#12999 = CARTESIAN_POINT('',(72.07482,-85.366139,-4.6E-02));
#13000 = DIRECTION('',(-0.,-0.,-1.));
#13001 = DIRECTION('',(-0.,-1.,0.));
#13002 = ADVANCED_FACE('',(#13003),#13014,.F.);
#13003 = FACE_BOUND('',#13004,.T.);
#13004 = EDGE_LOOP('',(#13005,#13006,#13012,#13013));
#13005 = ORIENTED_EDGE('',*,*,#11523,.T.);
#13006 = ORIENTED_EDGE('',*,*,#13007,.T.);
#13007 = EDGE_CURVE('',#11524,#12157,#13008,.T.);
#13008 = LINE('',#13009,#13010);
#13009 = CARTESIAN_POINT('',(77.3882,-89.2197,-4.6E-02));
#13010 = VECTOR('',#13011,1.);
#13011 = DIRECTION('',(0.,0.,1.));
#13012 = ORIENTED_EDGE('',*,*,#12156,.F.);
#13013 = ORIENTED_EDGE('',*,*,#13007,.F.);
#13014 = CYLINDRICAL_SURFACE('',#13015,0.9);
#13015 = AXIS2_PLACEMENT_3D('',#13016,#13017,#13018);
#13016 = CARTESIAN_POINT('',(77.3882,-88.3197,-4.6E-02));
#13017 = DIRECTION('',(-0.,-0.,-1.));
#13018 = DIRECTION('',(-1.578983857245E-14,-1.,0.));
#13019 = ADVANCED_FACE('',(#13020),#13031,.F.);
#13020 = FACE_BOUND('',#13021,.T.);
#13021 = EDGE_LOOP('',(#13022,#13023,#13029,#13030));
#13022 = ORIENTED_EDGE('',*,*,#11534,.T.);
#13023 = ORIENTED_EDGE('',*,*,#13024,.T.);
#13024 = EDGE_CURVE('',#11535,#12168,#13025,.T.);
#13025 = LINE('',#13026,#13027);
#13026 = CARTESIAN_POINT('',(72.07482,-83.334139,-4.6E-02));
#13027 = VECTOR('',#13028,1.);
#13028 = DIRECTION('',(0.,0.,1.));
#13029 = ORIENTED_EDGE('',*,*,#12167,.F.);
#13030 = ORIENTED_EDGE('',*,*,#13024,.F.);
#13031 = CYLINDRICAL_SURFACE('',#13032,0.508);
#13032 = AXIS2_PLACEMENT_3D('',#13033,#13034,#13035);
#13033 = CARTESIAN_POINT('',(72.07482,-82.826139,-4.6E-02));
#13034 = DIRECTION('',(-0.,-0.,-1.));
#13035 = DIRECTION('',(-0.,-1.,0.));
#13036 = ADVANCED_FACE('',(#13037),#13048,.F.);
#13037 = FACE_BOUND('',#13038,.T.);
#13038 = EDGE_LOOP('',(#13039,#13040,#13046,#13047));
#13039 = ORIENTED_EDGE('',*,*,#11545,.T.);
#13040 = ORIENTED_EDGE('',*,*,#13041,.T.);
#13041 = EDGE_CURVE('',#11546,#12179,#13042,.T.);
#13042 = LINE('',#13043,#13044);
#13043 = CARTESIAN_POINT('',(72.07482,-80.794139,-4.6E-02));
#13044 = VECTOR('',#13045,1.);
#13045 = DIRECTION('',(0.,0.,1.));
#13046 = ORIENTED_EDGE('',*,*,#12178,.F.);
#13047 = ORIENTED_EDGE('',*,*,#13041,.F.);
#13048 = CYLINDRICAL_SURFACE('',#13049,0.508);
#13049 = AXIS2_PLACEMENT_3D('',#13050,#13051,#13052);
#13050 = CARTESIAN_POINT('',(72.07482,-80.286139,-4.6E-02));
#13051 = DIRECTION('',(-0.,-0.,-1.));
#13052 = DIRECTION('',(-0.,-1.,0.));
#13053 = ADVANCED_FACE('',(#13054),#13065,.F.);
#13054 = FACE_BOUND('',#13055,.T.);
#13055 = EDGE_LOOP('',(#13056,#13057,#13063,#13064));
#13056 = ORIENTED_EDGE('',*,*,#11556,.T.);
#13057 = ORIENTED_EDGE('',*,*,#13058,.T.);
#13058 = EDGE_CURVE('',#11557,#12190,#13059,.T.);
#13059 = LINE('',#13060,#13061);
#13060 = CARTESIAN_POINT('',(72.07482,-78.254139,-4.6E-02));
#13061 = VECTOR('',#13062,1.);
#13062 = DIRECTION('',(0.,0.,1.));
#13063 = ORIENTED_EDGE('',*,*,#12189,.F.);
#13064 = ORIENTED_EDGE('',*,*,#13058,.F.);
#13065 = CYLINDRICAL_SURFACE('',#13066,0.508);
#13066 = AXIS2_PLACEMENT_3D('',#13067,#13068,#13069);
#13067 = CARTESIAN_POINT('',(72.07482,-77.746139,-4.6E-02));
#13068 = DIRECTION('',(-0.,-0.,-1.));
#13069 = DIRECTION('',(-0.,-1.,0.));
#13070 = ADVANCED_FACE('',(#13071),#13082,.F.);
#13071 = FACE_BOUND('',#13072,.T.);
#13072 = EDGE_LOOP('',(#13073,#13074,#13080,#13081));
#13073 = ORIENTED_EDGE('',*,*,#11567,.T.);
#13074 = ORIENTED_EDGE('',*,*,#13075,.T.);
#13075 = EDGE_CURVE('',#11568,#12201,#13076,.T.);
#13076 = LINE('',#13077,#13078);
#13077 = CARTESIAN_POINT('',(89.3882,-85.5197,-4.6E-02));
#13078 = VECTOR('',#13079,1.);
#13079 = DIRECTION('',(0.,0.,1.));
#13080 = ORIENTED_EDGE('',*,*,#12200,.F.);
#13081 = ORIENTED_EDGE('',*,*,#13075,.F.);
#13082 = CYLINDRICAL_SURFACE('',#13083,1.);
#13083 = AXIS2_PLACEMENT_3D('',#13084,#13085,#13086);
#13084 = CARTESIAN_POINT('',(89.3882,-84.5197,-4.6E-02));
#13085 = DIRECTION('',(-0.,-0.,-1.));
#13086 = DIRECTION('',(-0.,-1.,0.));
#13087 = ADVANCED_FACE('',(#13088),#13099,.F.);
#13088 = FACE_BOUND('',#13089,.T.);
#13089 = EDGE_LOOP('',(#13090,#13091,#13097,#13098));
#13090 = ORIENTED_EDGE('',*,*,#11578,.T.);
#13091 = ORIENTED_EDGE('',*,*,#13092,.T.);
#13092 = EDGE_CURVE('',#11579,#12212,#13093,.T.);
#13093 = LINE('',#13094,#13095);
#13094 = CARTESIAN_POINT('',(72.07482,-75.714139,-4.6E-02));
#13095 = VECTOR('',#13096,1.);
#13096 = DIRECTION('',(0.,0.,1.));
#13097 = ORIENTED_EDGE('',*,*,#12211,.F.);
#13098 = ORIENTED_EDGE('',*,*,#13092,.F.);
#13099 = CYLINDRICAL_SURFACE('',#13100,0.508);
#13100 = AXIS2_PLACEMENT_3D('',#13101,#13102,#13103);
#13101 = CARTESIAN_POINT('',(72.07482,-75.206139,-4.6E-02));
#13102 = DIRECTION('',(-0.,-0.,-1.));
#13103 = DIRECTION('',(-0.,-1.,0.));
#13104 = ADVANCED_FACE('',(#13105),#13116,.F.);
#13105 = FACE_BOUND('',#13106,.T.);
#13106 = EDGE_LOOP('',(#13107,#13108,#13114,#13115));
#13107 = ORIENTED_EDGE('',*,*,#11589,.T.);
#13108 = ORIENTED_EDGE('',*,*,#13109,.T.);
#13109 = EDGE_CURVE('',#11590,#12223,#13110,.T.);
#13110 = LINE('',#13111,#13112);
#13111 = CARTESIAN_POINT('',(72.07482,-73.174139,-4.6E-02));
#13112 = VECTOR('',#13113,1.);
#13113 = DIRECTION('',(0.,0.,1.));
#13114 = ORIENTED_EDGE('',*,*,#12222,.F.);
#13115 = ORIENTED_EDGE('',*,*,#13109,.F.);
#13116 = CYLINDRICAL_SURFACE('',#13117,0.508);
#13117 = AXIS2_PLACEMENT_3D('',#13118,#13119,#13120);
#13118 = CARTESIAN_POINT('',(72.07482,-72.666139,-4.6E-02));
#13119 = DIRECTION('',(-0.,-0.,-1.));
#13120 = DIRECTION('',(-0.,-1.,0.));
#13121 = ADVANCED_FACE('',(#13122),#13133,.F.);
#13122 = FACE_BOUND('',#13123,.T.);
#13123 = EDGE_LOOP('',(#13124,#13125,#13131,#13132));
#13124 = ORIENTED_EDGE('',*,*,#11600,.T.);
#13125 = ORIENTED_EDGE('',*,*,#13126,.T.);
#13126 = EDGE_CURVE('',#11601,#12234,#13127,.T.);
#13127 = LINE('',#13128,#13129);
#13128 = CARTESIAN_POINT('',(72.07482,-70.634139,-4.6E-02));
#13129 = VECTOR('',#13130,1.);
#13130 = DIRECTION('',(0.,0.,1.));
#13131 = ORIENTED_EDGE('',*,*,#12233,.F.);
#13132 = ORIENTED_EDGE('',*,*,#13126,.F.);
#13133 = CYLINDRICAL_SURFACE('',#13134,0.508);
#13134 = AXIS2_PLACEMENT_3D('',#13135,#13136,#13137);
#13135 = CARTESIAN_POINT('',(72.07482,-70.126139,-4.6E-02));
#13136 = DIRECTION('',(-0.,-0.,-1.));
#13137 = DIRECTION('',(-0.,-1.,0.));
#13138 = ADVANCED_FACE('',(#13139),#13150,.F.);
#13139 = FACE_BOUND('',#13140,.T.);
#13140 = EDGE_LOOP('',(#13141,#13142,#13148,#13149));
#13141 = ORIENTED_EDGE('',*,*,#11611,.T.);
#13142 = ORIENTED_EDGE('',*,*,#13143,.T.);
#13143 = EDGE_CURVE('',#11612,#12245,#13144,.T.);
#13144 = LINE('',#13145,#13146);
#13145 = CARTESIAN_POINT('',(72.07482,-68.094139,-4.6E-02));
#13146 = VECTOR('',#13147,1.);
#13147 = DIRECTION('',(0.,0.,1.));
#13148 = ORIENTED_EDGE('',*,*,#12244,.F.);
#13149 = ORIENTED_EDGE('',*,*,#13143,.F.);
#13150 = CYLINDRICAL_SURFACE('',#13151,0.508);
#13151 = AXIS2_PLACEMENT_3D('',#13152,#13153,#13154);
#13152 = CARTESIAN_POINT('',(72.07482,-67.586139,-4.6E-02));
#13153 = DIRECTION('',(-0.,-0.,-1.));
#13154 = DIRECTION('',(-0.,-1.,0.));
#13155 = ADVANCED_FACE('',(#13156),#13167,.F.);
#13156 = FACE_BOUND('',#13157,.T.);
#13157 = EDGE_LOOP('',(#13158,#13159,#13165,#13166));
#13158 = ORIENTED_EDGE('',*,*,#11622,.T.);
#13159 = ORIENTED_EDGE('',*,*,#13160,.T.);
#13160 = EDGE_CURVE('',#11623,#12256,#13161,.T.);
#13161 = LINE('',#13162,#13163);
#13162 = CARTESIAN_POINT('',(72.07482,-65.554139,-4.6E-02));
#13163 = VECTOR('',#13164,1.);
#13164 = DIRECTION('',(0.,0.,1.));
#13165 = ORIENTED_EDGE('',*,*,#12255,.F.);
#13166 = ORIENTED_EDGE('',*,*,#13160,.F.);
#13167 = CYLINDRICAL_SURFACE('',#13168,0.508);
#13168 = AXIS2_PLACEMENT_3D('',#13169,#13170,#13171);
#13169 = CARTESIAN_POINT('',(72.07482,-65.046139,-4.6E-02));
#13170 = DIRECTION('',(-0.,-0.,-1.));
#13171 = DIRECTION('',(-0.,-1.,0.));
#13172 = ADVANCED_FACE('',(#13173),#13184,.F.);
#13173 = FACE_BOUND('',#13174,.T.);
#13174 = EDGE_LOOP('',(#13175,#13176,#13182,#13183));
#13175 = ORIENTED_EDGE('',*,*,#11633,.T.);
#13176 = ORIENTED_EDGE('',*,*,#13177,.T.);
#13177 = EDGE_CURVE('',#11634,#12267,#13178,.T.);
#13178 = LINE('',#13179,#13180);
#13179 = CARTESIAN_POINT('',(115.25482,-88.414139,-4.6E-02));
#13180 = VECTOR('',#13181,1.);
#13181 = DIRECTION('',(0.,0.,1.));
#13182 = ORIENTED_EDGE('',*,*,#12266,.F.);
#13183 = ORIENTED_EDGE('',*,*,#13177,.F.);
#13184 = CYLINDRICAL_SURFACE('',#13185,0.508);
#13185 = AXIS2_PLACEMENT_3D('',#13186,#13187,#13188);
#13186 = CARTESIAN_POINT('',(115.25482,-87.906139,-4.6E-02));
#13187 = DIRECTION('',(-0.,-0.,-1.));
#13188 = DIRECTION('',(-0.,-1.,0.));
#13189 = ADVANCED_FACE('',(#13190),#13201,.F.);
#13190 = FACE_BOUND('',#13191,.T.);
#13191 = EDGE_LOOP('',(#13192,#13193,#13199,#13200));
#13192 = ORIENTED_EDGE('',*,*,#11644,.T.);
#13193 = ORIENTED_EDGE('',*,*,#13194,.T.);
#13194 = EDGE_CURVE('',#11645,#12278,#13195,.T.);
#13195 = LINE('',#13196,#13197);
#13196 = CARTESIAN_POINT('',(115.25482,-85.874139,-4.6E-02));
#13197 = VECTOR('',#13198,1.);
#13198 = DIRECTION('',(0.,0.,1.));
#13199 = ORIENTED_EDGE('',*,*,#12277,.F.);
#13200 = ORIENTED_EDGE('',*,*,#13194,.F.);
#13201 = CYLINDRICAL_SURFACE('',#13202,0.508);
#13202 = AXIS2_PLACEMENT_3D('',#13203,#13204,#13205);
#13203 = CARTESIAN_POINT('',(115.25482,-85.366139,-4.6E-02));
#13204 = DIRECTION('',(-0.,-0.,-1.));
#13205 = DIRECTION('',(-0.,-1.,0.));
#13206 = ADVANCED_FACE('',(#13207),#13218,.F.);
#13207 = FACE_BOUND('',#13208,.T.);
#13208 = EDGE_LOOP('',(#13209,#13210,#13216,#13217));
#13209 = ORIENTED_EDGE('',*,*,#11655,.T.);
#13210 = ORIENTED_EDGE('',*,*,#13211,.T.);
#13211 = EDGE_CURVE('',#11656,#12289,#13212,.T.);
#13212 = LINE('',#13213,#13214);
#13213 = CARTESIAN_POINT('',(115.25482,-83.334139,-4.6E-02));
#13214 = VECTOR('',#13215,1.);
#13215 = DIRECTION('',(0.,0.,1.));
#13216 = ORIENTED_EDGE('',*,*,#12288,.F.);
#13217 = ORIENTED_EDGE('',*,*,#13211,.F.);
#13218 = CYLINDRICAL_SURFACE('',#13219,0.508);
#13219 = AXIS2_PLACEMENT_3D('',#13220,#13221,#13222);
#13220 = CARTESIAN_POINT('',(115.25482,-82.826139,-4.6E-02));
#13221 = DIRECTION('',(-0.,-0.,-1.));
#13222 = DIRECTION('',(-0.,-1.,0.));
#13223 = ADVANCED_FACE('',(#13224),#13235,.F.);
#13224 = FACE_BOUND('',#13225,.T.);
#13225 = EDGE_LOOP('',(#13226,#13227,#13233,#13234));
#13226 = ORIENTED_EDGE('',*,*,#11666,.T.);
#13227 = ORIENTED_EDGE('',*,*,#13228,.T.);
#13228 = EDGE_CURVE('',#11667,#12300,#13229,.T.);
#13229 = LINE('',#13230,#13231);
#13230 = CARTESIAN_POINT('',(115.25482,-80.794139,-4.6E-02));
#13231 = VECTOR('',#13232,1.);
#13232 = DIRECTION('',(0.,0.,1.));
#13233 = ORIENTED_EDGE('',*,*,#12299,.F.);
#13234 = ORIENTED_EDGE('',*,*,#13228,.F.);
#13235 = CYLINDRICAL_SURFACE('',#13236,0.508);
#13236 = AXIS2_PLACEMENT_3D('',#13237,#13238,#13239);
#13237 = CARTESIAN_POINT('',(115.25482,-80.286139,-4.6E-02));
#13238 = DIRECTION('',(-0.,-0.,-1.));
#13239 = DIRECTION('',(-0.,-1.,0.));
#13240 = ADVANCED_FACE('',(#13241),#13252,.F.);
#13241 = FACE_BOUND('',#13242,.T.);
#13242 = EDGE_LOOP('',(#13243,#13244,#13250,#13251));
#13243 = ORIENTED_EDGE('',*,*,#11677,.T.);
#13244 = ORIENTED_EDGE('',*,*,#13245,.T.);
#13245 = EDGE_CURVE('',#11678,#12311,#13246,.T.);
#13246 = LINE('',#13247,#13248);
#13247 = CARTESIAN_POINT('',(115.25482,-78.254139,-4.6E-02));
#13248 = VECTOR('',#13249,1.);
#13249 = DIRECTION('',(0.,0.,1.));
#13250 = ORIENTED_EDGE('',*,*,#12310,.F.);
#13251 = ORIENTED_EDGE('',*,*,#13245,.F.);
#13252 = CYLINDRICAL_SURFACE('',#13253,0.508);
#13253 = AXIS2_PLACEMENT_3D('',#13254,#13255,#13256);
#13254 = CARTESIAN_POINT('',(115.25482,-77.746139,-4.6E-02));
#13255 = DIRECTION('',(-0.,-0.,-1.));
#13256 = DIRECTION('',(-0.,-1.,0.));
#13257 = ADVANCED_FACE('',(#13258),#13269,.F.);
#13258 = FACE_BOUND('',#13259,.T.);
#13259 = EDGE_LOOP('',(#13260,#13261,#13267,#13268));
#13260 = ORIENTED_EDGE('',*,*,#11688,.T.);
#13261 = ORIENTED_EDGE('',*,*,#13262,.T.);
#13262 = EDGE_CURVE('',#11689,#12322,#13263,.T.);
#13263 = LINE('',#13264,#13265);
#13264 = CARTESIAN_POINT('',(115.25482,-75.714139,-4.6E-02));
#13265 = VECTOR('',#13266,1.);
#13266 = DIRECTION('',(0.,0.,1.));
#13267 = ORIENTED_EDGE('',*,*,#12321,.F.);
#13268 = ORIENTED_EDGE('',*,*,#13262,.F.);
#13269 = CYLINDRICAL_SURFACE('',#13270,0.508);
#13270 = AXIS2_PLACEMENT_3D('',#13271,#13272,#13273);
#13271 = CARTESIAN_POINT('',(115.25482,-75.206139,-4.6E-02));
#13272 = DIRECTION('',(-0.,-0.,-1.));
#13273 = DIRECTION('',(-0.,-1.,0.));
#13274 = ADVANCED_FACE('',(#13275),#13286,.F.);
#13275 = FACE_BOUND('',#13276,.T.);
#13276 = EDGE_LOOP('',(#13277,#13278,#13284,#13285));
#13277 = ORIENTED_EDGE('',*,*,#11699,.T.);
#13278 = ORIENTED_EDGE('',*,*,#13279,.T.);
#13279 = EDGE_CURVE('',#11700,#12333,#13280,.T.);
#13280 = LINE('',#13281,#13282);
#13281 = CARTESIAN_POINT('',(115.25482,-73.174139,-4.6E-02));
#13282 = VECTOR('',#13283,1.);
#13283 = DIRECTION('',(0.,0.,1.));
#13284 = ORIENTED_EDGE('',*,*,#12332,.F.);
#13285 = ORIENTED_EDGE('',*,*,#13279,.F.);
#13286 = CYLINDRICAL_SURFACE('',#13287,0.508);
#13287 = AXIS2_PLACEMENT_3D('',#13288,#13289,#13290);
#13288 = CARTESIAN_POINT('',(115.25482,-72.666139,-4.6E-02));
#13289 = DIRECTION('',(-0.,-0.,-1.));
#13290 = DIRECTION('',(-0.,-1.,0.));
#13291 = ADVANCED_FACE('',(#13292),#13303,.F.);
#13292 = FACE_BOUND('',#13293,.T.);
#13293 = EDGE_LOOP('',(#13294,#13295,#13301,#13302));
#13294 = ORIENTED_EDGE('',*,*,#11710,.T.);
#13295 = ORIENTED_EDGE('',*,*,#13296,.T.);
#13296 = EDGE_CURVE('',#11711,#12344,#13297,.T.);
#13297 = LINE('',#13298,#13299);
#13298 = CARTESIAN_POINT('',(115.25482,-70.634139,-4.6E-02));
#13299 = VECTOR('',#13300,1.);
#13300 = DIRECTION('',(0.,0.,1.));
#13301 = ORIENTED_EDGE('',*,*,#12343,.F.);
#13302 = ORIENTED_EDGE('',*,*,#13296,.F.);
#13303 = CYLINDRICAL_SURFACE('',#13304,0.508);
#13304 = AXIS2_PLACEMENT_3D('',#13305,#13306,#13307);
#13305 = CARTESIAN_POINT('',(115.25482,-70.126139,-4.6E-02));
#13306 = DIRECTION('',(-0.,-0.,-1.));
#13307 = DIRECTION('',(-0.,-1.,0.));
#13308 = ADVANCED_FACE('',(#13309),#13320,.F.);
#13309 = FACE_BOUND('',#13310,.T.);
#13310 = EDGE_LOOP('',(#13311,#13312,#13318,#13319));
#13311 = ORIENTED_EDGE('',*,*,#11721,.T.);
#13312 = ORIENTED_EDGE('',*,*,#13313,.T.);
#13313 = EDGE_CURVE('',#11722,#12355,#13314,.T.);
#13314 = LINE('',#13315,#13316);
#13315 = CARTESIAN_POINT('',(115.25482,-68.094139,-4.6E-02));
#13316 = VECTOR('',#13317,1.);
#13317 = DIRECTION('',(0.,0.,1.));
#13318 = ORIENTED_EDGE('',*,*,#12354,.F.);
#13319 = ORIENTED_EDGE('',*,*,#13313,.F.);
#13320 = CYLINDRICAL_SURFACE('',#13321,0.508);
#13321 = AXIS2_PLACEMENT_3D('',#13322,#13323,#13324);
#13322 = CARTESIAN_POINT('',(115.25482,-67.586139,-4.6E-02));
#13323 = DIRECTION('',(-0.,-0.,-1.));
#13324 = DIRECTION('',(-0.,-1.,0.));
#13325 = ADVANCED_FACE('',(#13326),#13337,.F.);
#13326 = FACE_BOUND('',#13327,.T.);
#13327 = EDGE_LOOP('',(#13328,#13329,#13335,#13336));
#13328 = ORIENTED_EDGE('',*,*,#11732,.T.);
#13329 = ORIENTED_EDGE('',*,*,#13330,.T.);
#13330 = EDGE_CURVE('',#11733,#12366,#13331,.T.);
#13331 = LINE('',#13332,#13333);
#13332 = CARTESIAN_POINT('',(115.25482,-65.554139,-4.6E-02));
#13333 = VECTOR('',#13334,1.);
#13334 = DIRECTION('',(0.,0.,1.));
#13335 = ORIENTED_EDGE('',*,*,#12365,.F.);
#13336 = ORIENTED_EDGE('',*,*,#13330,.F.);
#13337 = CYLINDRICAL_SURFACE('',#13338,0.508);
#13338 = AXIS2_PLACEMENT_3D('',#13339,#13340,#13341);
#13339 = CARTESIAN_POINT('',(115.25482,-65.046139,-4.6E-02));
#13340 = DIRECTION('',(-0.,-0.,-1.));
#13341 = DIRECTION('',(-0.,-1.,0.));
#13342 = ( GEOMETRIC_REPRESENTATION_CONTEXT(3) 
GLOBAL_UNCERTAINTY_ASSIGNED_CONTEXT((#13346)) 
GLOBAL_UNIT_ASSIGNED_CONTEXT((#13343,#13344,#13345)) 
REPRESENTATION_CONTEXT('Context #1',
  '3D Context with UNIT and UNCERTAINTY') );
#13343 = ( LENGTH_UNIT() NAMED_UNIT(*) SI_UNIT(.MILLI.,.METRE.) );
#13344 = ( NAMED_UNIT(*) PLANE_ANGLE_UNIT() SI_UNIT($,.RADIAN.) );
#13345 = ( NAMED_UNIT(*) SI_UNIT($,.STERADIAN.) SOLID_ANGLE_UNIT() );
#13346 = UNCERTAINTY_MEASURE_WITH_UNIT(LENGTH_MEASURE(1.E-07),#13343,
  'distance_accuracy_value','confusion accuracy');
#13347 = CONTEXT_DEPENDENT_SHAPE_REPRESENTATION(#13348,#13350);
#13348 = ( REPRESENTATION_RELATIONSHIP('','',#11007,#10) 
REPRESENTATION_RELATIONSHIP_WITH_TRANSFORMATION(#13349) 
SHAPE_REPRESENTATION_RELATIONSHIP() );
#13349 = ITEM_DEFINED_TRANSFORMATION('','',#11,#19);
#13350 = PRODUCT_DEFINITION_SHAPE('Placement','Placement of an item',
  #13351);
#13351 = NEXT_ASSEMBLY_USAGE_OCCURRENCE('2','=>[0:1:1:3]','',#5,#11002,$
  );
#13352 = PRODUCT_RELATED_PRODUCT_CATEGORY('part',$,(#11004));
#13353 = MECHANICAL_DESIGN_GEOMETRIC_PRESENTATION_REPRESENTATION('',(
    #13354),#13342);
#13354 = STYLED_ITEM('color',(#13355),#11008);
#13355 = PRESENTATION_STYLE_ASSIGNMENT((#13356));
#13356 = SURFACE_STYLE_USAGE(.BOTH.,#13357);
#13357 = SURFACE_SIDE_STYLE('',(#13358));
#13358 = SURFACE_STYLE_FILL_AREA(#13359);
#13359 = FILL_AREA_STYLE('',(#13360));
#13360 = FILL_AREA_STYLE_COLOUR('',#13361);
#13361 = COLOUR_RGB('',0.313304153717,0.484529207832,0.410020903123);
#13362 = MECHANICAL_DESIGN_GEOMETRIC_PRESENTATION_REPRESENTATION('',(
    #13363,#13371,#13378,#13385,#13392,#13399,#13406,#13413,#13420,
    #13427,#13434,#13441,#13448,#13455,#13462,#13469,#13476,#13483,
    #13490,#13497,#13504,#13511,#13518,#13525,#13532,#13539,#13546,
    #13553,#13560,#13567,#13574,#13581,#13588,#13595,#13602,#13609,
    #13616,#13623,#13630,#13637,#13644,#13651,#13658,#13665,#13672,
    #13679,#13686,#13693,#13700,#13707,#13714,#13721,#13728,#13735,
    #13742,#13749,#13756,#13763,#13770,#13777,#13784,#13791,#13798,
    #13805,#13812,#13819,#13826,#13833,#13840,#13847,#13854,#13861,
    #13868,#13875,#13882,#13889,#13896,#13903,#13910,#13917,#13924,
    #13931,#13938,#13945,#13952,#13959,#13966,#13973,#13980,#13987,
    #13994,#14001,#14008,#14015,#14022,#14029,#14036,#14043,#14050,
    #14057,#14064,#14071,#14078,#14085,#14093,#14100,#14107,#14114,
    #14121,#14128,#14135,#14142,#14149,#14156,#14163,#14170,#14177,
    #14184,#14191,#14198,#14205,#14212,#14219,#14226,#14233,#14240,
    #14247,#14254,#14261,#14268,#14275,#14282,#14289,#14296,#14303,
    #14310,#14317,#14324,#14331,#14338,#14345,#14352,#14359,#14366,
    #14373,#14380,#14387,#14394,#14401,#14408,#14415,#14422,#14429,
    #14436,#14443,#14450,#14457,#14464,#14471,#14478,#14485,#14492,
    #14499,#14506,#14513,#14520,#14527,#14534,#14541,#14548,#14555,
    #14562,#14569,#14576,#14583,#14590,#14597,#14604,#14611,#14618,
    #14625,#14632,#14639,#14646,#14653,#14660,#14667,#14674,#14681,
    #14688,#14695,#14702,#14709,#14716,#14723,#14730,#14737,#14744,
    #14751,#14758,#14765,#14772,#14779,#14786,#14793,#14800,#14807,
    #14814,#14821,#14828,#14835,#14842,#14849,#14856,#14863,#14870,
    #14877,#14884,#14891,#14898,#14905,#14912,#14919,#14926,#14933,
    #14940,#14947,#14954,#14961,#14968,#14975,#14982,#14989,#14996,
    #15003,#15010,#15017,#15024,#15031,#15038,#15045,#15052,#15059,
    #15066,#15073,#15080,#15087,#15094,#15101,#15108,#15115,#15122,
    #15129,#15136,#15143,#15150,#15157,#15164,#15171,#15178,#15185,
    #15192,#15199,#15206,#15213,#15220,#15227,#15234,#15241,#15248,
    #15255,#15262,#15269,#15276,#15283,#15290,#15297,#15304,#15311,
    #15318,#15325,#15332,#15339,#15346,#15353,#15360,#15367,#15374,
    #15381,#15388,#15395,#15402,#15409,#15416,#15423,#15430,#15437,
    #15444,#15451,#15458,#15465,#15472,#15479,#15486,#15493,#15500,
    #15507,#15514,#15521,#15528,#15535,#15542,#15549,#15556,#15563,
    #15570,#15577,#15584,#15591,#15598,#15605,#15612,#15619,#15626,
    #15633,#15640,#15647,#15654,#15661,#15668,#15675,#15682,#15689,
    #15696,#15703,#15710,#15717,#15724,#15731,#15738,#15745,#15752,
    #15759,#15766,#15773,#15780,#15787,#15794,#15801,#15808,#15815,
    #15822,#15829,#15836,#15843,#15850,#15857,#15864,#15871,#15878,
    #15885,#15892,#15899,#15906,#15913,#15920,#15927,#15934,#15941,
    #15948,#15955,#15962,#15969),#10989);
#13363 = STYLED_ITEM('color',(#13364),#39);
#13364 = PRESENTATION_STYLE_ASSIGNMENT((#13365));
#13365 = SURFACE_STYLE_USAGE(.BOTH.,#13366);
#13366 = SURFACE_SIDE_STYLE('',(#13367));
#13367 = SURFACE_STYLE_FILL_AREA(#13368);
#13368 = FILL_AREA_STYLE('',(#13369));
#13369 = FILL_AREA_STYLE_COLOUR('',#13370);
#13370 = COLOUR_RGB('',0.894117649055,0.890196087049,0.811764731185);
#13371 = STYLED_ITEM('color',(#13372),#79);
#13372 = PRESENTATION_STYLE_ASSIGNMENT((#13373));
#13373 = SURFACE_STYLE_USAGE(.BOTH.,#13374);
#13374 = SURFACE_SIDE_STYLE('',(#13375));
#13375 = SURFACE_STYLE_FILL_AREA(#13376);
#13376 = FILL_AREA_STYLE('',(#13377));
#13377 = FILL_AREA_STYLE_COLOUR('',#13370);
#13378 = STYLED_ITEM('color',(#13379),#143);
#13379 = PRESENTATION_STYLE_ASSIGNMENT((#13380));
#13380 = SURFACE_STYLE_USAGE(.BOTH.,#13381);
#13381 = SURFACE_SIDE_STYLE('',(#13382));
#13382 = SURFACE_STYLE_FILL_AREA(#13383);
#13383 = FILL_AREA_STYLE('',(#13384));
#13384 = FILL_AREA_STYLE_COLOUR('',#13370);
#13385 = STYLED_ITEM('color',(#13386),#551);
#13386 = PRESENTATION_STYLE_ASSIGNMENT((#13387));
#13387 = SURFACE_STYLE_USAGE(.BOTH.,#13388);
#13388 = SURFACE_SIDE_STYLE('',(#13389));
#13389 = SURFACE_STYLE_FILL_AREA(#13390);
#13390 = FILL_AREA_STYLE('',(#13391));
#13391 = FILL_AREA_STYLE_COLOUR('',#13370);
#13392 = STYLED_ITEM('color',(#13393),#591);
#13393 = PRESENTATION_STYLE_ASSIGNMENT((#13394));
#13394 = SURFACE_STYLE_USAGE(.BOTH.,#13395);
#13395 = SURFACE_SIDE_STYLE('',(#13396));
#13396 = SURFACE_STYLE_FILL_AREA(#13397);
#13397 = FILL_AREA_STYLE('',(#13398));
#13398 = FILL_AREA_STYLE_COLOUR('',#13370);
#13399 = STYLED_ITEM('color',(#13400),#1122);
#13400 = PRESENTATION_STYLE_ASSIGNMENT((#13401));
#13401 = SURFACE_STYLE_USAGE(.BOTH.,#13402);
#13402 = SURFACE_SIDE_STYLE('',(#13403));
#13403 = SURFACE_STYLE_FILL_AREA(#13404);
#13404 = FILL_AREA_STYLE('',(#13405));
#13405 = FILL_AREA_STYLE_COLOUR('',#13370);
#13406 = STYLED_ITEM('color',(#13407),#1162);
#13407 = PRESENTATION_STYLE_ASSIGNMENT((#13408));
#13408 = SURFACE_STYLE_USAGE(.BOTH.,#13409);
#13409 = SURFACE_SIDE_STYLE('',(#13410));
#13410 = SURFACE_STYLE_FILL_AREA(#13411);
#13411 = FILL_AREA_STYLE('',(#13412));
#13412 = FILL_AREA_STYLE_COLOUR('',#13370);
#13413 = STYLED_ITEM('color',(#13414),#1186);
#13414 = PRESENTATION_STYLE_ASSIGNMENT((#13415));
#13415 = SURFACE_STYLE_USAGE(.BOTH.,#13416);
#13416 = SURFACE_SIDE_STYLE('',(#13417));
#13417 = SURFACE_STYLE_FILL_AREA(#13418);
#13418 = FILL_AREA_STYLE('',(#13419));
#13419 = FILL_AREA_STYLE_COLOUR('',#13370);
#13420 = STYLED_ITEM('color',(#13421),#1211);
#13421 = PRESENTATION_STYLE_ASSIGNMENT((#13422));
#13422 = SURFACE_STYLE_USAGE(.BOTH.,#13423);
#13423 = SURFACE_SIDE_STYLE('',(#13424));
#13424 = SURFACE_STYLE_FILL_AREA(#13425);
#13425 = FILL_AREA_STYLE('',(#13426));
#13426 = FILL_AREA_STYLE_COLOUR('',#13370);
#13427 = STYLED_ITEM('color',(#13428),#1235);
#13428 = PRESENTATION_STYLE_ASSIGNMENT((#13429));
#13429 = SURFACE_STYLE_USAGE(.BOTH.,#13430);
#13430 = SURFACE_SIDE_STYLE('',(#13431));
#13431 = SURFACE_STYLE_FILL_AREA(#13432);
#13432 = FILL_AREA_STYLE('',(#13433));
#13433 = FILL_AREA_STYLE_COLOUR('',#13370);
#13434 = STYLED_ITEM('color',(#13435),#1284);
#13435 = PRESENTATION_STYLE_ASSIGNMENT((#13436));
#13436 = SURFACE_STYLE_USAGE(.BOTH.,#13437);
#13437 = SURFACE_SIDE_STYLE('',(#13438));
#13438 = SURFACE_STYLE_FILL_AREA(#13439);
#13439 = FILL_AREA_STYLE('',(#13440));
#13440 = FILL_AREA_STYLE_COLOUR('',#13370);
#13441 = STYLED_ITEM('color',(#13442),#1306);
#13442 = PRESENTATION_STYLE_ASSIGNMENT((#13443));
#13443 = SURFACE_STYLE_USAGE(.BOTH.,#13444);
#13444 = SURFACE_SIDE_STYLE('',(#13445));
#13445 = SURFACE_STYLE_FILL_AREA(#13446);
#13446 = FILL_AREA_STYLE('',(#13447));
#13447 = FILL_AREA_STYLE_COLOUR('',#13370);
#13448 = STYLED_ITEM('color',(#13449),#1339);
#13449 = PRESENTATION_STYLE_ASSIGNMENT((#13450));
#13450 = SURFACE_STYLE_USAGE(.BOTH.,#13451);
#13451 = SURFACE_SIDE_STYLE('',(#13452));
#13452 = SURFACE_STYLE_FILL_AREA(#13453);
#13453 = FILL_AREA_STYLE('',(#13454));
#13454 = FILL_AREA_STYLE_COLOUR('',#13370);
#13455 = STYLED_ITEM('color',(#13456),#1363);
#13456 = PRESENTATION_STYLE_ASSIGNMENT((#13457));
#13457 = SURFACE_STYLE_USAGE(.BOTH.,#13458);
#13458 = SURFACE_SIDE_STYLE('',(#13459));
#13459 = SURFACE_STYLE_FILL_AREA(#13460);
#13460 = FILL_AREA_STYLE('',(#13461));
#13461 = FILL_AREA_STYLE_COLOUR('',#13370);
#13462 = STYLED_ITEM('color',(#13463),#1394);
#13463 = PRESENTATION_STYLE_ASSIGNMENT((#13464));
#13464 = SURFACE_STYLE_USAGE(.BOTH.,#13465);
#13465 = SURFACE_SIDE_STYLE('',(#13466));
#13466 = SURFACE_STYLE_FILL_AREA(#13467);
#13467 = FILL_AREA_STYLE('',(#13468));
#13468 = FILL_AREA_STYLE_COLOUR('',#13370);
#13469 = STYLED_ITEM('color',(#13470),#1411);
#13470 = PRESENTATION_STYLE_ASSIGNMENT((#13471));
#13471 = SURFACE_STYLE_USAGE(.BOTH.,#13472);
#13472 = SURFACE_SIDE_STYLE('',(#13473));
#13473 = SURFACE_STYLE_FILL_AREA(#13474);
#13474 = FILL_AREA_STYLE('',(#13475));
#13475 = FILL_AREA_STYLE_COLOUR('',#13370);
#13476 = STYLED_ITEM('color',(#13477),#1444);
#13477 = PRESENTATION_STYLE_ASSIGNMENT((#13478));
#13478 = SURFACE_STYLE_USAGE(.BOTH.,#13479);
#13479 = SURFACE_SIDE_STYLE('',(#13480));
#13480 = SURFACE_STYLE_FILL_AREA(#13481);
#13481 = FILL_AREA_STYLE('',(#13482));
#13482 = FILL_AREA_STYLE_COLOUR('',#13370);
#13483 = STYLED_ITEM('color',(#13484),#1468);
#13484 = PRESENTATION_STYLE_ASSIGNMENT((#13485));
#13485 = SURFACE_STYLE_USAGE(.BOTH.,#13486);
#13486 = SURFACE_SIDE_STYLE('',(#13487));
#13487 = SURFACE_STYLE_FILL_AREA(#13488);
#13488 = FILL_AREA_STYLE('',(#13489));
#13489 = FILL_AREA_STYLE_COLOUR('',#13370);
#13490 = STYLED_ITEM('color',(#13491),#1499);
#13491 = PRESENTATION_STYLE_ASSIGNMENT((#13492));
#13492 = SURFACE_STYLE_USAGE(.BOTH.,#13493);
#13493 = SURFACE_SIDE_STYLE('',(#13494));
#13494 = SURFACE_STYLE_FILL_AREA(#13495);
#13495 = FILL_AREA_STYLE('',(#13496));
#13496 = FILL_AREA_STYLE_COLOUR('',#13370);
#13497 = STYLED_ITEM('color',(#13498),#1516);
#13498 = PRESENTATION_STYLE_ASSIGNMENT((#13499));
#13499 = SURFACE_STYLE_USAGE(.BOTH.,#13500);
#13500 = SURFACE_SIDE_STYLE('',(#13501));
#13501 = SURFACE_STYLE_FILL_AREA(#13502);
#13502 = FILL_AREA_STYLE('',(#13503));
#13503 = FILL_AREA_STYLE_COLOUR('',#13370);
#13504 = STYLED_ITEM('color',(#13505),#1549);
#13505 = PRESENTATION_STYLE_ASSIGNMENT((#13506));
#13506 = SURFACE_STYLE_USAGE(.BOTH.,#13507);
#13507 = SURFACE_SIDE_STYLE('',(#13508));
#13508 = SURFACE_STYLE_FILL_AREA(#13509);
#13509 = FILL_AREA_STYLE('',(#13510));
#13510 = FILL_AREA_STYLE_COLOUR('',#13370);
#13511 = STYLED_ITEM('color',(#13512),#1573);
#13512 = PRESENTATION_STYLE_ASSIGNMENT((#13513));
#13513 = SURFACE_STYLE_USAGE(.BOTH.,#13514);
#13514 = SURFACE_SIDE_STYLE('',(#13515));
#13515 = SURFACE_STYLE_FILL_AREA(#13516);
#13516 = FILL_AREA_STYLE('',(#13517));
#13517 = FILL_AREA_STYLE_COLOUR('',#13370);
#13518 = STYLED_ITEM('color',(#13519),#1604);
#13519 = PRESENTATION_STYLE_ASSIGNMENT((#13520));
#13520 = SURFACE_STYLE_USAGE(.BOTH.,#13521);
#13521 = SURFACE_SIDE_STYLE('',(#13522));
#13522 = SURFACE_STYLE_FILL_AREA(#13523);
#13523 = FILL_AREA_STYLE('',(#13524));
#13524 = FILL_AREA_STYLE_COLOUR('',#13370);
#13525 = STYLED_ITEM('color',(#13526),#1621);
#13526 = PRESENTATION_STYLE_ASSIGNMENT((#13527));
#13527 = SURFACE_STYLE_USAGE(.BOTH.,#13528);
#13528 = SURFACE_SIDE_STYLE('',(#13529));
#13529 = SURFACE_STYLE_FILL_AREA(#13530);
#13530 = FILL_AREA_STYLE('',(#13531));
#13531 = FILL_AREA_STYLE_COLOUR('',#13370);
#13532 = STYLED_ITEM('color',(#13533),#1654);
#13533 = PRESENTATION_STYLE_ASSIGNMENT((#13534));
#13534 = SURFACE_STYLE_USAGE(.BOTH.,#13535);
#13535 = SURFACE_SIDE_STYLE('',(#13536));
#13536 = SURFACE_STYLE_FILL_AREA(#13537);
#13537 = FILL_AREA_STYLE('',(#13538));
#13538 = FILL_AREA_STYLE_COLOUR('',#13370);
#13539 = STYLED_ITEM('color',(#13540),#1678);
#13540 = PRESENTATION_STYLE_ASSIGNMENT((#13541));
#13541 = SURFACE_STYLE_USAGE(.BOTH.,#13542);
#13542 = SURFACE_SIDE_STYLE('',(#13543));
#13543 = SURFACE_STYLE_FILL_AREA(#13544);
#13544 = FILL_AREA_STYLE('',(#13545));
#13545 = FILL_AREA_STYLE_COLOUR('',#13370);
#13546 = STYLED_ITEM('color',(#13547),#1709);
#13547 = PRESENTATION_STYLE_ASSIGNMENT((#13548));
#13548 = SURFACE_STYLE_USAGE(.BOTH.,#13549);
#13549 = SURFACE_SIDE_STYLE('',(#13550));
#13550 = SURFACE_STYLE_FILL_AREA(#13551);
#13551 = FILL_AREA_STYLE('',(#13552));
#13552 = FILL_AREA_STYLE_COLOUR('',#13370);
#13553 = STYLED_ITEM('color',(#13554),#1726);
#13554 = PRESENTATION_STYLE_ASSIGNMENT((#13555));
#13555 = SURFACE_STYLE_USAGE(.BOTH.,#13556);
#13556 = SURFACE_SIDE_STYLE('',(#13557));
#13557 = SURFACE_STYLE_FILL_AREA(#13558);
#13558 = FILL_AREA_STYLE('',(#13559));
#13559 = FILL_AREA_STYLE_COLOUR('',#13370);
#13560 = STYLED_ITEM('color',(#13561),#1759);
#13561 = PRESENTATION_STYLE_ASSIGNMENT((#13562));
#13562 = SURFACE_STYLE_USAGE(.BOTH.,#13563);
#13563 = SURFACE_SIDE_STYLE('',(#13564));
#13564 = SURFACE_STYLE_FILL_AREA(#13565);
#13565 = FILL_AREA_STYLE('',(#13566));
#13566 = FILL_AREA_STYLE_COLOUR('',#13370);
#13567 = STYLED_ITEM('color',(#13568),#1783);
#13568 = PRESENTATION_STYLE_ASSIGNMENT((#13569));
#13569 = SURFACE_STYLE_USAGE(.BOTH.,#13570);
#13570 = SURFACE_SIDE_STYLE('',(#13571));
#13571 = SURFACE_STYLE_FILL_AREA(#13572);
#13572 = FILL_AREA_STYLE('',(#13573));
#13573 = FILL_AREA_STYLE_COLOUR('',#13370);
#13574 = STYLED_ITEM('color',(#13575),#1814);
#13575 = PRESENTATION_STYLE_ASSIGNMENT((#13576));
#13576 = SURFACE_STYLE_USAGE(.BOTH.,#13577);
#13577 = SURFACE_SIDE_STYLE('',(#13578));
#13578 = SURFACE_STYLE_FILL_AREA(#13579);
#13579 = FILL_AREA_STYLE('',(#13580));
#13580 = FILL_AREA_STYLE_COLOUR('',#13370);
#13581 = STYLED_ITEM('color',(#13582),#1831);
#13582 = PRESENTATION_STYLE_ASSIGNMENT((#13583));
#13583 = SURFACE_STYLE_USAGE(.BOTH.,#13584);
#13584 = SURFACE_SIDE_STYLE('',(#13585));
#13585 = SURFACE_STYLE_FILL_AREA(#13586);
#13586 = FILL_AREA_STYLE('',(#13587));
#13587 = FILL_AREA_STYLE_COLOUR('',#13370);
#13588 = STYLED_ITEM('color',(#13589),#1864);
#13589 = PRESENTATION_STYLE_ASSIGNMENT((#13590));
#13590 = SURFACE_STYLE_USAGE(.BOTH.,#13591);
#13591 = SURFACE_SIDE_STYLE('',(#13592));
#13592 = SURFACE_STYLE_FILL_AREA(#13593);
#13593 = FILL_AREA_STYLE('',(#13594));
#13594 = FILL_AREA_STYLE_COLOUR('',#13370);
#13595 = STYLED_ITEM('color',(#13596),#1888);
#13596 = PRESENTATION_STYLE_ASSIGNMENT((#13597));
#13597 = SURFACE_STYLE_USAGE(.BOTH.,#13598);
#13598 = SURFACE_SIDE_STYLE('',(#13599));
#13599 = SURFACE_STYLE_FILL_AREA(#13600);
#13600 = FILL_AREA_STYLE('',(#13601));
#13601 = FILL_AREA_STYLE_COLOUR('',#13370);
#13602 = STYLED_ITEM('color',(#13603),#1919);
#13603 = PRESENTATION_STYLE_ASSIGNMENT((#13604));
#13604 = SURFACE_STYLE_USAGE(.BOTH.,#13605);
#13605 = SURFACE_SIDE_STYLE('',(#13606));
#13606 = SURFACE_STYLE_FILL_AREA(#13607);
#13607 = FILL_AREA_STYLE('',(#13608));
#13608 = FILL_AREA_STYLE_COLOUR('',#13370);
#13609 = STYLED_ITEM('color',(#13610),#1936);
#13610 = PRESENTATION_STYLE_ASSIGNMENT((#13611));
#13611 = SURFACE_STYLE_USAGE(.BOTH.,#13612);
#13612 = SURFACE_SIDE_STYLE('',(#13613));
#13613 = SURFACE_STYLE_FILL_AREA(#13614);
#13614 = FILL_AREA_STYLE('',(#13615));
#13615 = FILL_AREA_STYLE_COLOUR('',#13370);
#13616 = STYLED_ITEM('color',(#13617),#1969);
#13617 = PRESENTATION_STYLE_ASSIGNMENT((#13618));
#13618 = SURFACE_STYLE_USAGE(.BOTH.,#13619);
#13619 = SURFACE_SIDE_STYLE('',(#13620));
#13620 = SURFACE_STYLE_FILL_AREA(#13621);
#13621 = FILL_AREA_STYLE('',(#13622));
#13622 = FILL_AREA_STYLE_COLOUR('',#13370);
#13623 = STYLED_ITEM('color',(#13624),#1993);
#13624 = PRESENTATION_STYLE_ASSIGNMENT((#13625));
#13625 = SURFACE_STYLE_USAGE(.BOTH.,#13626);
#13626 = SURFACE_SIDE_STYLE('',(#13627));
#13627 = SURFACE_STYLE_FILL_AREA(#13628);
#13628 = FILL_AREA_STYLE('',(#13629));
#13629 = FILL_AREA_STYLE_COLOUR('',#13370);
#13630 = STYLED_ITEM('color',(#13631),#2024);
#13631 = PRESENTATION_STYLE_ASSIGNMENT((#13632));
#13632 = SURFACE_STYLE_USAGE(.BOTH.,#13633);
#13633 = SURFACE_SIDE_STYLE('',(#13634));
#13634 = SURFACE_STYLE_FILL_AREA(#13635);
#13635 = FILL_AREA_STYLE('',(#13636));
#13636 = FILL_AREA_STYLE_COLOUR('',#13370);
#13637 = STYLED_ITEM('color',(#13638),#2041);
#13638 = PRESENTATION_STYLE_ASSIGNMENT((#13639));
#13639 = SURFACE_STYLE_USAGE(.BOTH.,#13640);
#13640 = SURFACE_SIDE_STYLE('',(#13641));
#13641 = SURFACE_STYLE_FILL_AREA(#13642);
#13642 = FILL_AREA_STYLE('',(#13643));
#13643 = FILL_AREA_STYLE_COLOUR('',#13370);
#13644 = STYLED_ITEM('color',(#13645),#2074);
#13645 = PRESENTATION_STYLE_ASSIGNMENT((#13646));
#13646 = SURFACE_STYLE_USAGE(.BOTH.,#13647);
#13647 = SURFACE_SIDE_STYLE('',(#13648));
#13648 = SURFACE_STYLE_FILL_AREA(#13649);
#13649 = FILL_AREA_STYLE('',(#13650));
#13650 = FILL_AREA_STYLE_COLOUR('',#13370);
#13651 = STYLED_ITEM('color',(#13652),#2098);
#13652 = PRESENTATION_STYLE_ASSIGNMENT((#13653));
#13653 = SURFACE_STYLE_USAGE(.BOTH.,#13654);
#13654 = SURFACE_SIDE_STYLE('',(#13655));
#13655 = SURFACE_STYLE_FILL_AREA(#13656);
#13656 = FILL_AREA_STYLE('',(#13657));
#13657 = FILL_AREA_STYLE_COLOUR('',#13370);
#13658 = STYLED_ITEM('color',(#13659),#2129);
#13659 = PRESENTATION_STYLE_ASSIGNMENT((#13660));
#13660 = SURFACE_STYLE_USAGE(.BOTH.,#13661);
#13661 = SURFACE_SIDE_STYLE('',(#13662));
#13662 = SURFACE_STYLE_FILL_AREA(#13663);
#13663 = FILL_AREA_STYLE('',(#13664));
#13664 = FILL_AREA_STYLE_COLOUR('',#13370);
#13665 = STYLED_ITEM('color',(#13666),#2146);
#13666 = PRESENTATION_STYLE_ASSIGNMENT((#13667));
#13667 = SURFACE_STYLE_USAGE(.BOTH.,#13668);
#13668 = SURFACE_SIDE_STYLE('',(#13669));
#13669 = SURFACE_STYLE_FILL_AREA(#13670);
#13670 = FILL_AREA_STYLE('',(#13671));
#13671 = FILL_AREA_STYLE_COLOUR('',#13370);
#13672 = STYLED_ITEM('color',(#13673),#2179);
#13673 = PRESENTATION_STYLE_ASSIGNMENT((#13674));
#13674 = SURFACE_STYLE_USAGE(.BOTH.,#13675);
#13675 = SURFACE_SIDE_STYLE('',(#13676));
#13676 = SURFACE_STYLE_FILL_AREA(#13677);
#13677 = FILL_AREA_STYLE('',(#13678));
#13678 = FILL_AREA_STYLE_COLOUR('',#13370);
#13679 = STYLED_ITEM('color',(#13680),#2203);
#13680 = PRESENTATION_STYLE_ASSIGNMENT((#13681));
#13681 = SURFACE_STYLE_USAGE(.BOTH.,#13682);
#13682 = SURFACE_SIDE_STYLE('',(#13683));
#13683 = SURFACE_STYLE_FILL_AREA(#13684);
#13684 = FILL_AREA_STYLE('',(#13685));
#13685 = FILL_AREA_STYLE_COLOUR('',#13370);
#13686 = STYLED_ITEM('color',(#13687),#2234);
#13687 = PRESENTATION_STYLE_ASSIGNMENT((#13688));
#13688 = SURFACE_STYLE_USAGE(.BOTH.,#13689);
#13689 = SURFACE_SIDE_STYLE('',(#13690));
#13690 = SURFACE_STYLE_FILL_AREA(#13691);
#13691 = FILL_AREA_STYLE('',(#13692));
#13692 = FILL_AREA_STYLE_COLOUR('',#13370);
#13693 = STYLED_ITEM('color',(#13694),#2251);
#13694 = PRESENTATION_STYLE_ASSIGNMENT((#13695));
#13695 = SURFACE_STYLE_USAGE(.BOTH.,#13696);
#13696 = SURFACE_SIDE_STYLE('',(#13697));
#13697 = SURFACE_STYLE_FILL_AREA(#13698);
#13698 = FILL_AREA_STYLE('',(#13699));
#13699 = FILL_AREA_STYLE_COLOUR('',#13370);
#13700 = STYLED_ITEM('color',(#13701),#2284);
#13701 = PRESENTATION_STYLE_ASSIGNMENT((#13702));
#13702 = SURFACE_STYLE_USAGE(.BOTH.,#13703);
#13703 = SURFACE_SIDE_STYLE('',(#13704));
#13704 = SURFACE_STYLE_FILL_AREA(#13705);
#13705 = FILL_AREA_STYLE('',(#13706));
#13706 = FILL_AREA_STYLE_COLOUR('',#13370);
#13707 = STYLED_ITEM('color',(#13708),#2308);
#13708 = PRESENTATION_STYLE_ASSIGNMENT((#13709));
#13709 = SURFACE_STYLE_USAGE(.BOTH.,#13710);
#13710 = SURFACE_SIDE_STYLE('',(#13711));
#13711 = SURFACE_STYLE_FILL_AREA(#13712);
#13712 = FILL_AREA_STYLE('',(#13713));
#13713 = FILL_AREA_STYLE_COLOUR('',#13370);
#13714 = STYLED_ITEM('color',(#13715),#2339);
#13715 = PRESENTATION_STYLE_ASSIGNMENT((#13716));
#13716 = SURFACE_STYLE_USAGE(.BOTH.,#13717);
#13717 = SURFACE_SIDE_STYLE('',(#13718));
#13718 = SURFACE_STYLE_FILL_AREA(#13719);
#13719 = FILL_AREA_STYLE('',(#13720));
#13720 = FILL_AREA_STYLE_COLOUR('',#13370);
#13721 = STYLED_ITEM('color',(#13722),#2356);
#13722 = PRESENTATION_STYLE_ASSIGNMENT((#13723));
#13723 = SURFACE_STYLE_USAGE(.BOTH.,#13724);
#13724 = SURFACE_SIDE_STYLE('',(#13725));
#13725 = SURFACE_STYLE_FILL_AREA(#13726);
#13726 = FILL_AREA_STYLE('',(#13727));
#13727 = FILL_AREA_STYLE_COLOUR('',#13370);
#13728 = STYLED_ITEM('color',(#13729),#2389);
#13729 = PRESENTATION_STYLE_ASSIGNMENT((#13730));
#13730 = SURFACE_STYLE_USAGE(.BOTH.,#13731);
#13731 = SURFACE_SIDE_STYLE('',(#13732));
#13732 = SURFACE_STYLE_FILL_AREA(#13733);
#13733 = FILL_AREA_STYLE('',(#13734));
#13734 = FILL_AREA_STYLE_COLOUR('',#13370);
#13735 = STYLED_ITEM('color',(#13736),#2413);
#13736 = PRESENTATION_STYLE_ASSIGNMENT((#13737));
#13737 = SURFACE_STYLE_USAGE(.BOTH.,#13738);
#13738 = SURFACE_SIDE_STYLE('',(#13739));
#13739 = SURFACE_STYLE_FILL_AREA(#13740);
#13740 = FILL_AREA_STYLE('',(#13741));
#13741 = FILL_AREA_STYLE_COLOUR('',#13370);
#13742 = STYLED_ITEM('color',(#13743),#2444);
#13743 = PRESENTATION_STYLE_ASSIGNMENT((#13744));
#13744 = SURFACE_STYLE_USAGE(.BOTH.,#13745);
#13745 = SURFACE_SIDE_STYLE('',(#13746));
#13746 = SURFACE_STYLE_FILL_AREA(#13747);
#13747 = FILL_AREA_STYLE('',(#13748));
#13748 = FILL_AREA_STYLE_COLOUR('',#13370);
#13749 = STYLED_ITEM('color',(#13750),#2461);
#13750 = PRESENTATION_STYLE_ASSIGNMENT((#13751));
#13751 = SURFACE_STYLE_USAGE(.BOTH.,#13752);
#13752 = SURFACE_SIDE_STYLE('',(#13753));
#13753 = SURFACE_STYLE_FILL_AREA(#13754);
#13754 = FILL_AREA_STYLE('',(#13755));
#13755 = FILL_AREA_STYLE_COLOUR('',#13370);
#13756 = STYLED_ITEM('color',(#13757),#2494);
#13757 = PRESENTATION_STYLE_ASSIGNMENT((#13758));
#13758 = SURFACE_STYLE_USAGE(.BOTH.,#13759);
#13759 = SURFACE_SIDE_STYLE('',(#13760));
#13760 = SURFACE_STYLE_FILL_AREA(#13761);
#13761 = FILL_AREA_STYLE('',(#13762));
#13762 = FILL_AREA_STYLE_COLOUR('',#13370);
#13763 = STYLED_ITEM('color',(#13764),#2511);
#13764 = PRESENTATION_STYLE_ASSIGNMENT((#13765));
#13765 = SURFACE_STYLE_USAGE(.BOTH.,#13766);
#13766 = SURFACE_SIDE_STYLE('',(#13767));
#13767 = SURFACE_STYLE_FILL_AREA(#13768);
#13768 = FILL_AREA_STYLE('',(#13769));
#13769 = FILL_AREA_STYLE_COLOUR('',#13370);
#13770 = STYLED_ITEM('color',(#13771),#2554);
#13771 = PRESENTATION_STYLE_ASSIGNMENT((#13772));
#13772 = SURFACE_STYLE_USAGE(.BOTH.,#13773);
#13773 = SURFACE_SIDE_STYLE('',(#13774));
#13774 = SURFACE_STYLE_FILL_AREA(#13775);
#13775 = FILL_AREA_STYLE('',(#13776));
#13776 = FILL_AREA_STYLE_COLOUR('',#13370);
#13777 = STYLED_ITEM('color',(#13778),#2571);
#13778 = PRESENTATION_STYLE_ASSIGNMENT((#13779));
#13779 = SURFACE_STYLE_USAGE(.BOTH.,#13780);
#13780 = SURFACE_SIDE_STYLE('',(#13781));
#13781 = SURFACE_STYLE_FILL_AREA(#13782);
#13782 = FILL_AREA_STYLE('',(#13783));
#13783 = FILL_AREA_STYLE_COLOUR('',#13370);
#13784 = STYLED_ITEM('color',(#13785),#2617);
#13785 = PRESENTATION_STYLE_ASSIGNMENT((#13786));
#13786 = SURFACE_STYLE_USAGE(.BOTH.,#13787);
#13787 = SURFACE_SIDE_STYLE('',(#13788));
#13788 = SURFACE_STYLE_FILL_AREA(#13789);
#13789 = FILL_AREA_STYLE('',(#13790));
#13790 = FILL_AREA_STYLE_COLOUR('',#13370);
#13791 = STYLED_ITEM('color',(#13792),#2634);
#13792 = PRESENTATION_STYLE_ASSIGNMENT((#13793));
#13793 = SURFACE_STYLE_USAGE(.BOTH.,#13794);
#13794 = SURFACE_SIDE_STYLE('',(#13795));
#13795 = SURFACE_STYLE_FILL_AREA(#13796);
#13796 = FILL_AREA_STYLE('',(#13797));
#13797 = FILL_AREA_STYLE_COLOUR('',#13370);
#13798 = STYLED_ITEM('color',(#13799),#2651);
#13799 = PRESENTATION_STYLE_ASSIGNMENT((#13800));
#13800 = SURFACE_STYLE_USAGE(.BOTH.,#13801);
#13801 = SURFACE_SIDE_STYLE('',(#13802));
#13802 = SURFACE_STYLE_FILL_AREA(#13803);
#13803 = FILL_AREA_STYLE('',(#13804));
#13804 = FILL_AREA_STYLE_COLOUR('',#13370);
#13805 = STYLED_ITEM('color',(#13806),#2668);
#13806 = PRESENTATION_STYLE_ASSIGNMENT((#13807));
#13807 = SURFACE_STYLE_USAGE(.BOTH.,#13808);
#13808 = SURFACE_SIDE_STYLE('',(#13809));
#13809 = SURFACE_STYLE_FILL_AREA(#13810);
#13810 = FILL_AREA_STYLE('',(#13811));
#13811 = FILL_AREA_STYLE_COLOUR('',#13370);
#13812 = STYLED_ITEM('color',(#13813),#2685);
#13813 = PRESENTATION_STYLE_ASSIGNMENT((#13814));
#13814 = SURFACE_STYLE_USAGE(.BOTH.,#13815);
#13815 = SURFACE_SIDE_STYLE('',(#13816));
#13816 = SURFACE_STYLE_FILL_AREA(#13817);
#13817 = FILL_AREA_STYLE('',(#13818));
#13818 = FILL_AREA_STYLE_COLOUR('',#13370);
#13819 = STYLED_ITEM('color',(#13820),#2702);
#13820 = PRESENTATION_STYLE_ASSIGNMENT((#13821));
#13821 = SURFACE_STYLE_USAGE(.BOTH.,#13822);
#13822 = SURFACE_SIDE_STYLE('',(#13823));
#13823 = SURFACE_STYLE_FILL_AREA(#13824);
#13824 = FILL_AREA_STYLE('',(#13825));
#13825 = FILL_AREA_STYLE_COLOUR('',#13370);
#13826 = STYLED_ITEM('color',(#13827),#2719);
#13827 = PRESENTATION_STYLE_ASSIGNMENT((#13828));
#13828 = SURFACE_STYLE_USAGE(.BOTH.,#13829);
#13829 = SURFACE_SIDE_STYLE('',(#13830));
#13830 = SURFACE_STYLE_FILL_AREA(#13831);
#13831 = FILL_AREA_STYLE('',(#13832));
#13832 = FILL_AREA_STYLE_COLOUR('',#13370);
#13833 = STYLED_ITEM('color',(#13834),#2736);
#13834 = PRESENTATION_STYLE_ASSIGNMENT((#13835));
#13835 = SURFACE_STYLE_USAGE(.BOTH.,#13836);
#13836 = SURFACE_SIDE_STYLE('',(#13837));
#13837 = SURFACE_STYLE_FILL_AREA(#13838);
#13838 = FILL_AREA_STYLE('',(#13839));
#13839 = FILL_AREA_STYLE_COLOUR('',#13370);
#13840 = STYLED_ITEM('color',(#13841),#2753);
#13841 = PRESENTATION_STYLE_ASSIGNMENT((#13842));
#13842 = SURFACE_STYLE_USAGE(.BOTH.,#13843);
#13843 = SURFACE_SIDE_STYLE('',(#13844));
#13844 = SURFACE_STYLE_FILL_AREA(#13845);
#13845 = FILL_AREA_STYLE('',(#13846));
#13846 = FILL_AREA_STYLE_COLOUR('',#13370);
#13847 = STYLED_ITEM('color',(#13848),#2770);
#13848 = PRESENTATION_STYLE_ASSIGNMENT((#13849));
#13849 = SURFACE_STYLE_USAGE(.BOTH.,#13850);
#13850 = SURFACE_SIDE_STYLE('',(#13851));
#13851 = SURFACE_STYLE_FILL_AREA(#13852);
#13852 = FILL_AREA_STYLE('',(#13853));
#13853 = FILL_AREA_STYLE_COLOUR('',#13370);
#13854 = STYLED_ITEM('color',(#13855),#2787);
#13855 = PRESENTATION_STYLE_ASSIGNMENT((#13856));
#13856 = SURFACE_STYLE_USAGE(.BOTH.,#13857);
#13857 = SURFACE_SIDE_STYLE('',(#13858));
#13858 = SURFACE_STYLE_FILL_AREA(#13859);
#13859 = FILL_AREA_STYLE('',(#13860));
#13860 = FILL_AREA_STYLE_COLOUR('',#13370);
#13861 = STYLED_ITEM('color',(#13862),#2804);
#13862 = PRESENTATION_STYLE_ASSIGNMENT((#13863));
#13863 = SURFACE_STYLE_USAGE(.BOTH.,#13864);
#13864 = SURFACE_SIDE_STYLE('',(#13865));
#13865 = SURFACE_STYLE_FILL_AREA(#13866);
#13866 = FILL_AREA_STYLE('',(#13867));
#13867 = FILL_AREA_STYLE_COLOUR('',#13370);
#13868 = STYLED_ITEM('color',(#13869),#2867);
#13869 = PRESENTATION_STYLE_ASSIGNMENT((#13870));
#13870 = SURFACE_STYLE_USAGE(.BOTH.,#13871);
#13871 = SURFACE_SIDE_STYLE('',(#13872));
#13872 = SURFACE_STYLE_FILL_AREA(#13873);
#13873 = FILL_AREA_STYLE('',(#13874));
#13874 = FILL_AREA_STYLE_COLOUR('',#13370);
#13875 = STYLED_ITEM('color',(#13876),#2891);
#13876 = PRESENTATION_STYLE_ASSIGNMENT((#13877));
#13877 = SURFACE_STYLE_USAGE(.BOTH.,#13878);
#13878 = SURFACE_SIDE_STYLE('',(#13879));
#13879 = SURFACE_STYLE_FILL_AREA(#13880);
#13880 = FILL_AREA_STYLE('',(#13881));
#13881 = FILL_AREA_STYLE_COLOUR('',#13370);
#13882 = STYLED_ITEM('color',(#13883),#2938);
#13883 = PRESENTATION_STYLE_ASSIGNMENT((#13884));
#13884 = SURFACE_STYLE_USAGE(.BOTH.,#13885);
#13885 = SURFACE_SIDE_STYLE('',(#13886));
#13886 = SURFACE_STYLE_FILL_AREA(#13887);
#13887 = FILL_AREA_STYLE('',(#13888));
#13888 = FILL_AREA_STYLE_COLOUR('',#13370);
#13889 = STYLED_ITEM('color',(#13890),#2962);
#13890 = PRESENTATION_STYLE_ASSIGNMENT((#13891));
#13891 = SURFACE_STYLE_USAGE(.BOTH.,#13892);
#13892 = SURFACE_SIDE_STYLE('',(#13893));
#13893 = SURFACE_STYLE_FILL_AREA(#13894);
#13894 = FILL_AREA_STYLE('',(#13895));
#13895 = FILL_AREA_STYLE_COLOUR('',#13370);
#13896 = STYLED_ITEM('color',(#13897),#2986);
#13897 = PRESENTATION_STYLE_ASSIGNMENT((#13898));
#13898 = SURFACE_STYLE_USAGE(.BOTH.,#13899);
#13899 = SURFACE_SIDE_STYLE('',(#13900));
#13900 = SURFACE_STYLE_FILL_AREA(#13901);
#13901 = FILL_AREA_STYLE('',(#13902));
#13902 = FILL_AREA_STYLE_COLOUR('',#13370);
#13903 = STYLED_ITEM('color',(#13904),#3003);
#13904 = PRESENTATION_STYLE_ASSIGNMENT((#13905));
#13905 = SURFACE_STYLE_USAGE(.BOTH.,#13906);
#13906 = SURFACE_SIDE_STYLE('',(#13907));
#13907 = SURFACE_STYLE_FILL_AREA(#13908);
#13908 = FILL_AREA_STYLE('',(#13909));
#13909 = FILL_AREA_STYLE_COLOUR('',#13370);
#13910 = STYLED_ITEM('color',(#13911),#3020);
#13911 = PRESENTATION_STYLE_ASSIGNMENT((#13912));
#13912 = SURFACE_STYLE_USAGE(.BOTH.,#13913);
#13913 = SURFACE_SIDE_STYLE('',(#13914));
#13914 = SURFACE_STYLE_FILL_AREA(#13915);
#13915 = FILL_AREA_STYLE('',(#13916));
#13916 = FILL_AREA_STYLE_COLOUR('',#13370);
#13917 = STYLED_ITEM('color',(#13918),#3044);
#13918 = PRESENTATION_STYLE_ASSIGNMENT((#13919));
#13919 = SURFACE_STYLE_USAGE(.BOTH.,#13920);
#13920 = SURFACE_SIDE_STYLE('',(#13921));
#13921 = SURFACE_STYLE_FILL_AREA(#13922);
#13922 = FILL_AREA_STYLE('',(#13923));
#13923 = FILL_AREA_STYLE_COLOUR('',#13370);
#13924 = STYLED_ITEM('color',(#13925),#3068);
#13925 = PRESENTATION_STYLE_ASSIGNMENT((#13926));
#13926 = SURFACE_STYLE_USAGE(.BOTH.,#13927);
#13927 = SURFACE_SIDE_STYLE('',(#13928));
#13928 = SURFACE_STYLE_FILL_AREA(#13929);
#13929 = FILL_AREA_STYLE('',(#13930));
#13930 = FILL_AREA_STYLE_COLOUR('',#13370);
#13931 = STYLED_ITEM('color',(#13932),#3085);
#13932 = PRESENTATION_STYLE_ASSIGNMENT((#13933));
#13933 = SURFACE_STYLE_USAGE(.BOTH.,#13934);
#13934 = SURFACE_SIDE_STYLE('',(#13935));
#13935 = SURFACE_STYLE_FILL_AREA(#13936);
#13936 = FILL_AREA_STYLE('',(#13937));
#13937 = FILL_AREA_STYLE_COLOUR('',#13370);
#13938 = STYLED_ITEM('color',(#13939),#3116);
#13939 = PRESENTATION_STYLE_ASSIGNMENT((#13940));
#13940 = SURFACE_STYLE_USAGE(.BOTH.,#13941);
#13941 = SURFACE_SIDE_STYLE('',(#13942));
#13942 = SURFACE_STYLE_FILL_AREA(#13943);
#13943 = FILL_AREA_STYLE('',(#13944));
#13944 = FILL_AREA_STYLE_COLOUR('',#13370);
#13945 = STYLED_ITEM('color',(#13946),#3140);
#13946 = PRESENTATION_STYLE_ASSIGNMENT((#13947));
#13947 = SURFACE_STYLE_USAGE(.BOTH.,#13948);
#13948 = SURFACE_SIDE_STYLE('',(#13949));
#13949 = SURFACE_STYLE_FILL_AREA(#13950);
#13950 = FILL_AREA_STYLE('',(#13951));
#13951 = FILL_AREA_STYLE_COLOUR('',#13370);
#13952 = STYLED_ITEM('color',(#13953),#3164);
#13953 = PRESENTATION_STYLE_ASSIGNMENT((#13954));
#13954 = SURFACE_STYLE_USAGE(.BOTH.,#13955);
#13955 = SURFACE_SIDE_STYLE('',(#13956));
#13956 = SURFACE_STYLE_FILL_AREA(#13957);
#13957 = FILL_AREA_STYLE('',(#13958));
#13958 = FILL_AREA_STYLE_COLOUR('',#13370);
#13959 = STYLED_ITEM('color',(#13960),#3181);
#13960 = PRESENTATION_STYLE_ASSIGNMENT((#13961));
#13961 = SURFACE_STYLE_USAGE(.BOTH.,#13962);
#13962 = SURFACE_SIDE_STYLE('',(#13963));
#13963 = SURFACE_STYLE_FILL_AREA(#13964);
#13964 = FILL_AREA_STYLE('',(#13965));
#13965 = FILL_AREA_STYLE_COLOUR('',#13370);
#13966 = STYLED_ITEM('color',(#13967),#3216);
#13967 = PRESENTATION_STYLE_ASSIGNMENT((#13968));
#13968 = SURFACE_STYLE_USAGE(.BOTH.,#13969);
#13969 = SURFACE_SIDE_STYLE('',(#13970));
#13970 = SURFACE_STYLE_FILL_AREA(#13971);
#13971 = FILL_AREA_STYLE('',(#13972));
#13972 = FILL_AREA_STYLE_COLOUR('',#13370);
#13973 = STYLED_ITEM('color',(#13974),#3256);
#13974 = PRESENTATION_STYLE_ASSIGNMENT((#13975));
#13975 = SURFACE_STYLE_USAGE(.BOTH.,#13976);
#13976 = SURFACE_SIDE_STYLE('',(#13977));
#13977 = SURFACE_STYLE_FILL_AREA(#13978);
#13978 = FILL_AREA_STYLE('',(#13979));
#13979 = FILL_AREA_STYLE_COLOUR('',#13370);
#13980 = STYLED_ITEM('color',(#13981),#3280);
#13981 = PRESENTATION_STYLE_ASSIGNMENT((#13982));
#13982 = SURFACE_STYLE_USAGE(.BOTH.,#13983);
#13983 = SURFACE_SIDE_STYLE('',(#13984));
#13984 = SURFACE_STYLE_FILL_AREA(#13985);
#13985 = FILL_AREA_STYLE('',(#13986));
#13986 = FILL_AREA_STYLE_COLOUR('',#13370);
#13987 = STYLED_ITEM('color',(#13988),#3321);
#13988 = PRESENTATION_STYLE_ASSIGNMENT((#13989));
#13989 = SURFACE_STYLE_USAGE(.BOTH.,#13990);
#13990 = SURFACE_SIDE_STYLE('',(#13991));
#13991 = SURFACE_STYLE_FILL_AREA(#13992);
#13992 = FILL_AREA_STYLE('',(#13993));
#13993 = FILL_AREA_STYLE_COLOUR('',#13370);
#13994 = STYLED_ITEM('color',(#13995),#3690);
#13995 = PRESENTATION_STYLE_ASSIGNMENT((#13996));
#13996 = SURFACE_STYLE_USAGE(.BOTH.,#13997);
#13997 = SURFACE_SIDE_STYLE('',(#13998));
#13998 = SURFACE_STYLE_FILL_AREA(#13999);
#13999 = FILL_AREA_STYLE('',(#14000));
#14000 = FILL_AREA_STYLE_COLOUR('',#13370);
#14001 = STYLED_ITEM('color',(#14002),#3736);
#14002 = PRESENTATION_STYLE_ASSIGNMENT((#14003));
#14003 = SURFACE_STYLE_USAGE(.BOTH.,#14004);
#14004 = SURFACE_SIDE_STYLE('',(#14005));
#14005 = SURFACE_STYLE_FILL_AREA(#14006);
#14006 = FILL_AREA_STYLE('',(#14007));
#14007 = FILL_AREA_STYLE_COLOUR('',#13370);
#14008 = STYLED_ITEM('color',(#14009),#3782);
#14009 = PRESENTATION_STYLE_ASSIGNMENT((#14010));
#14010 = SURFACE_STYLE_USAGE(.BOTH.,#14011);
#14011 = SURFACE_SIDE_STYLE('',(#14012));
#14012 = SURFACE_STYLE_FILL_AREA(#14013);
#14013 = FILL_AREA_STYLE('',(#14014));
#14014 = FILL_AREA_STYLE_COLOUR('',#13370);
#14015 = STYLED_ITEM('color',(#14016),#3828);
#14016 = PRESENTATION_STYLE_ASSIGNMENT((#14017));
#14017 = SURFACE_STYLE_USAGE(.BOTH.,#14018);
#14018 = SURFACE_SIDE_STYLE('',(#14019));
#14019 = SURFACE_STYLE_FILL_AREA(#14020);
#14020 = FILL_AREA_STYLE('',(#14021));
#14021 = FILL_AREA_STYLE_COLOUR('',#13370);
#14022 = STYLED_ITEM('color',(#14023),#3874);
#14023 = PRESENTATION_STYLE_ASSIGNMENT((#14024));
#14024 = SURFACE_STYLE_USAGE(.BOTH.,#14025);
#14025 = SURFACE_SIDE_STYLE('',(#14026));
#14026 = SURFACE_STYLE_FILL_AREA(#14027);
#14027 = FILL_AREA_STYLE('',(#14028));
#14028 = FILL_AREA_STYLE_COLOUR('',#13370);
#14029 = STYLED_ITEM('color',(#14030),#3920);
#14030 = PRESENTATION_STYLE_ASSIGNMENT((#14031));
#14031 = SURFACE_STYLE_USAGE(.BOTH.,#14032);
#14032 = SURFACE_SIDE_STYLE('',(#14033));
#14033 = SURFACE_STYLE_FILL_AREA(#14034);
#14034 = FILL_AREA_STYLE('',(#14035));
#14035 = FILL_AREA_STYLE_COLOUR('',#13370);
#14036 = STYLED_ITEM('color',(#14037),#3966);
#14037 = PRESENTATION_STYLE_ASSIGNMENT((#14038));
#14038 = SURFACE_STYLE_USAGE(.BOTH.,#14039);
#14039 = SURFACE_SIDE_STYLE('',(#14040));
#14040 = SURFACE_STYLE_FILL_AREA(#14041);
#14041 = FILL_AREA_STYLE('',(#14042));
#14042 = FILL_AREA_STYLE_COLOUR('',#13370);
#14043 = STYLED_ITEM('color',(#14044),#4012);
#14044 = PRESENTATION_STYLE_ASSIGNMENT((#14045));
#14045 = SURFACE_STYLE_USAGE(.BOTH.,#14046);
#14046 = SURFACE_SIDE_STYLE('',(#14047));
#14047 = SURFACE_STYLE_FILL_AREA(#14048);
#14048 = FILL_AREA_STYLE('',(#14049));
#14049 = FILL_AREA_STYLE_COLOUR('',#13370);
#14050 = STYLED_ITEM('color',(#14051),#4058);
#14051 = PRESENTATION_STYLE_ASSIGNMENT((#14052));
#14052 = SURFACE_STYLE_USAGE(.BOTH.,#14053);
#14053 = SURFACE_SIDE_STYLE('',(#14054));
#14054 = SURFACE_STYLE_FILL_AREA(#14055);
#14055 = FILL_AREA_STYLE('',(#14056));
#14056 = FILL_AREA_STYLE_COLOUR('',#13370);
#14057 = STYLED_ITEM('color',(#14058),#4104);
#14058 = PRESENTATION_STYLE_ASSIGNMENT((#14059));
#14059 = SURFACE_STYLE_USAGE(.BOTH.,#14060);
#14060 = SURFACE_SIDE_STYLE('',(#14061));
#14061 = SURFACE_STYLE_FILL_AREA(#14062);
#14062 = FILL_AREA_STYLE('',(#14063));
#14063 = FILL_AREA_STYLE_COLOUR('',#13370);
#14064 = STYLED_ITEM('color',(#14065),#4150);
#14065 = PRESENTATION_STYLE_ASSIGNMENT((#14066));
#14066 = SURFACE_STYLE_USAGE(.BOTH.,#14067);
#14067 = SURFACE_SIDE_STYLE('',(#14068));
#14068 = SURFACE_STYLE_FILL_AREA(#14069);
#14069 = FILL_AREA_STYLE('',(#14070));
#14070 = FILL_AREA_STYLE_COLOUR('',#13370);
#14071 = STYLED_ITEM('color',(#14072),#4196);
#14072 = PRESENTATION_STYLE_ASSIGNMENT((#14073));
#14073 = SURFACE_STYLE_USAGE(.BOTH.,#14074);
#14074 = SURFACE_SIDE_STYLE('',(#14075));
#14075 = SURFACE_STYLE_FILL_AREA(#14076);
#14076 = FILL_AREA_STYLE('',(#14077));
#14077 = FILL_AREA_STYLE_COLOUR('',#13370);
#14078 = STYLED_ITEM('color',(#14079),#4213);
#14079 = PRESENTATION_STYLE_ASSIGNMENT((#14080));
#14080 = SURFACE_STYLE_USAGE(.BOTH.,#14081);
#14081 = SURFACE_SIDE_STYLE('',(#14082));
#14082 = SURFACE_STYLE_FILL_AREA(#14083);
#14083 = FILL_AREA_STYLE('',(#14084));
#14084 = FILL_AREA_STYLE_COLOUR('',#13370);
#14085 = STYLED_ITEM('color',(#14086),#4225);
#14086 = PRESENTATION_STYLE_ASSIGNMENT((#14087));
#14087 = SURFACE_STYLE_USAGE(.BOTH.,#14088);
#14088 = SURFACE_SIDE_STYLE('',(#14089));
#14089 = SURFACE_STYLE_FILL_AREA(#14090);
#14090 = FILL_AREA_STYLE('',(#14091));
#14091 = FILL_AREA_STYLE_COLOUR('',#14092);
#14092 = COLOUR_RGB('',0.823529417451,0.819607860991,0.780392170416);
#14093 = STYLED_ITEM('color',(#14094),#4288);
#14094 = PRESENTATION_STYLE_ASSIGNMENT((#14095));
#14095 = SURFACE_STYLE_USAGE(.BOTH.,#14096);
#14096 = SURFACE_SIDE_STYLE('',(#14097));
#14097 = SURFACE_STYLE_FILL_AREA(#14098);
#14098 = FILL_AREA_STYLE('',(#14099));
#14099 = FILL_AREA_STYLE_COLOUR('',#14092);
#14100 = STYLED_ITEM('color',(#14101),#4312);
#14101 = PRESENTATION_STYLE_ASSIGNMENT((#14102));
#14102 = SURFACE_STYLE_USAGE(.BOTH.,#14103);
#14103 = SURFACE_SIDE_STYLE('',(#14104));
#14104 = SURFACE_STYLE_FILL_AREA(#14105);
#14105 = FILL_AREA_STYLE('',(#14106));
#14106 = FILL_AREA_STYLE_COLOUR('',#14092);
#14107 = STYLED_ITEM('color',(#14108),#4368);
#14108 = PRESENTATION_STYLE_ASSIGNMENT((#14109));
#14109 = SURFACE_STYLE_USAGE(.BOTH.,#14110);
#14110 = SURFACE_SIDE_STYLE('',(#14111));
#14111 = SURFACE_STYLE_FILL_AREA(#14112);
#14112 = FILL_AREA_STYLE('',(#14113));
#14113 = FILL_AREA_STYLE_COLOUR('',#14092);
#14114 = STYLED_ITEM('color',(#14115),#4385);
#14115 = PRESENTATION_STYLE_ASSIGNMENT((#14116));
#14116 = SURFACE_STYLE_USAGE(.BOTH.,#14117);
#14117 = SURFACE_SIDE_STYLE('',(#14118));
#14118 = SURFACE_STYLE_FILL_AREA(#14119);
#14119 = FILL_AREA_STYLE('',(#14120));
#14120 = FILL_AREA_STYLE_COLOUR('',#13370);
#14121 = STYLED_ITEM('color',(#14122),#4397);
#14122 = PRESENTATION_STYLE_ASSIGNMENT((#14123));
#14123 = SURFACE_STYLE_USAGE(.BOTH.,#14124);
#14124 = SURFACE_SIDE_STYLE('',(#14125));
#14125 = SURFACE_STYLE_FILL_AREA(#14126);
#14126 = FILL_AREA_STYLE('',(#14127));
#14127 = FILL_AREA_STYLE_COLOUR('',#13370);
#14128 = STYLED_ITEM('color',(#14129),#5070);
#14129 = PRESENTATION_STYLE_ASSIGNMENT((#14130));
#14130 = SURFACE_STYLE_USAGE(.BOTH.,#14131);
#14131 = SURFACE_SIDE_STYLE('',(#14132));
#14132 = SURFACE_STYLE_FILL_AREA(#14133);
#14133 = FILL_AREA_STYLE('',(#14134));
#14134 = FILL_AREA_STYLE_COLOUR('',#13370);
#14135 = STYLED_ITEM('color',(#14136),#5094);
#14136 = PRESENTATION_STYLE_ASSIGNMENT((#14137));
#14137 = SURFACE_STYLE_USAGE(.BOTH.,#14138);
#14138 = SURFACE_SIDE_STYLE('',(#14139));
#14139 = SURFACE_STYLE_FILL_AREA(#14140);
#14140 = FILL_AREA_STYLE('',(#14141));
#14141 = FILL_AREA_STYLE_COLOUR('',#13370);
#14142 = STYLED_ITEM('color',(#14143),#5118);
#14143 = PRESENTATION_STYLE_ASSIGNMENT((#14144));
#14144 = SURFACE_STYLE_USAGE(.BOTH.,#14145);
#14145 = SURFACE_SIDE_STYLE('',(#14146));
#14146 = SURFACE_STYLE_FILL_AREA(#14147);
#14147 = FILL_AREA_STYLE('',(#14148));
#14148 = FILL_AREA_STYLE_COLOUR('',#13370);
#14149 = STYLED_ITEM('color',(#14150),#5135);
#14150 = PRESENTATION_STYLE_ASSIGNMENT((#14151));
#14151 = SURFACE_STYLE_USAGE(.BOTH.,#14152);
#14152 = SURFACE_SIDE_STYLE('',(#14153));
#14153 = SURFACE_STYLE_FILL_AREA(#14154);
#14154 = FILL_AREA_STYLE('',(#14155));
#14155 = FILL_AREA_STYLE_COLOUR('',#13370);
#14156 = STYLED_ITEM('color',(#14157),#5159);
#14157 = PRESENTATION_STYLE_ASSIGNMENT((#14158));
#14158 = SURFACE_STYLE_USAGE(.BOTH.,#14159);
#14159 = SURFACE_SIDE_STYLE('',(#14160));
#14160 = SURFACE_STYLE_FILL_AREA(#14161);
#14161 = FILL_AREA_STYLE('',(#14162));
#14162 = FILL_AREA_STYLE_COLOUR('',#13370);
#14163 = STYLED_ITEM('color',(#14164),#5183);
#14164 = PRESENTATION_STYLE_ASSIGNMENT((#14165));
#14165 = SURFACE_STYLE_USAGE(.BOTH.,#14166);
#14166 = SURFACE_SIDE_STYLE('',(#14167));
#14167 = SURFACE_STYLE_FILL_AREA(#14168);
#14168 = FILL_AREA_STYLE('',(#14169));
#14169 = FILL_AREA_STYLE_COLOUR('',#13370);
#14170 = STYLED_ITEM('color',(#14171),#5200);
#14171 = PRESENTATION_STYLE_ASSIGNMENT((#14172));
#14172 = SURFACE_STYLE_USAGE(.BOTH.,#14173);
#14173 = SURFACE_SIDE_STYLE('',(#14174));
#14174 = SURFACE_STYLE_FILL_AREA(#14175);
#14175 = FILL_AREA_STYLE('',(#14176));
#14176 = FILL_AREA_STYLE_COLOUR('',#13370);
#14177 = STYLED_ITEM('color',(#14178),#5224);
#14178 = PRESENTATION_STYLE_ASSIGNMENT((#14179));
#14179 = SURFACE_STYLE_USAGE(.BOTH.,#14180);
#14180 = SURFACE_SIDE_STYLE('',(#14181));
#14181 = SURFACE_STYLE_FILL_AREA(#14182);
#14182 = FILL_AREA_STYLE('',(#14183));
#14183 = FILL_AREA_STYLE_COLOUR('',#13370);
#14184 = STYLED_ITEM('color',(#14185),#5248);
#14185 = PRESENTATION_STYLE_ASSIGNMENT((#14186));
#14186 = SURFACE_STYLE_USAGE(.BOTH.,#14187);
#14187 = SURFACE_SIDE_STYLE('',(#14188));
#14188 = SURFACE_STYLE_FILL_AREA(#14189);
#14189 = FILL_AREA_STYLE('',(#14190));
#14190 = FILL_AREA_STYLE_COLOUR('',#13370);
#14191 = STYLED_ITEM('color',(#14192),#5265);
#14192 = PRESENTATION_STYLE_ASSIGNMENT((#14193));
#14193 = SURFACE_STYLE_USAGE(.BOTH.,#14194);
#14194 = SURFACE_SIDE_STYLE('',(#14195));
#14195 = SURFACE_STYLE_FILL_AREA(#14196);
#14196 = FILL_AREA_STYLE('',(#14197));
#14197 = FILL_AREA_STYLE_COLOUR('',#13370);
#14198 = STYLED_ITEM('color',(#14199),#5289);
#14199 = PRESENTATION_STYLE_ASSIGNMENT((#14200));
#14200 = SURFACE_STYLE_USAGE(.BOTH.,#14201);
#14201 = SURFACE_SIDE_STYLE('',(#14202));
#14202 = SURFACE_STYLE_FILL_AREA(#14203);
#14203 = FILL_AREA_STYLE('',(#14204));
#14204 = FILL_AREA_STYLE_COLOUR('',#13370);
#14205 = STYLED_ITEM('color',(#14206),#5313);
#14206 = PRESENTATION_STYLE_ASSIGNMENT((#14207));
#14207 = SURFACE_STYLE_USAGE(.BOTH.,#14208);
#14208 = SURFACE_SIDE_STYLE('',(#14209));
#14209 = SURFACE_STYLE_FILL_AREA(#14210);
#14210 = FILL_AREA_STYLE('',(#14211));
#14211 = FILL_AREA_STYLE_COLOUR('',#13370);
#14212 = STYLED_ITEM('color',(#14213),#5330);
#14213 = PRESENTATION_STYLE_ASSIGNMENT((#14214));
#14214 = SURFACE_STYLE_USAGE(.BOTH.,#14215);
#14215 = SURFACE_SIDE_STYLE('',(#14216));
#14216 = SURFACE_STYLE_FILL_AREA(#14217);
#14217 = FILL_AREA_STYLE('',(#14218));
#14218 = FILL_AREA_STYLE_COLOUR('',#13370);
#14219 = STYLED_ITEM('color',(#14220),#5354);
#14220 = PRESENTATION_STYLE_ASSIGNMENT((#14221));
#14221 = SURFACE_STYLE_USAGE(.BOTH.,#14222);
#14222 = SURFACE_SIDE_STYLE('',(#14223));
#14223 = SURFACE_STYLE_FILL_AREA(#14224);
#14224 = FILL_AREA_STYLE('',(#14225));
#14225 = FILL_AREA_STYLE_COLOUR('',#13370);
#14226 = STYLED_ITEM('color',(#14227),#5378);
#14227 = PRESENTATION_STYLE_ASSIGNMENT((#14228));
#14228 = SURFACE_STYLE_USAGE(.BOTH.,#14229);
#14229 = SURFACE_SIDE_STYLE('',(#14230));
#14230 = SURFACE_STYLE_FILL_AREA(#14231);
#14231 = FILL_AREA_STYLE('',(#14232));
#14232 = FILL_AREA_STYLE_COLOUR('',#13370);
#14233 = STYLED_ITEM('color',(#14234),#5395);
#14234 = PRESENTATION_STYLE_ASSIGNMENT((#14235));
#14235 = SURFACE_STYLE_USAGE(.BOTH.,#14236);
#14236 = SURFACE_SIDE_STYLE('',(#14237));
#14237 = SURFACE_STYLE_FILL_AREA(#14238);
#14238 = FILL_AREA_STYLE('',(#14239));
#14239 = FILL_AREA_STYLE_COLOUR('',#13370);
#14240 = STYLED_ITEM('color',(#14241),#5419);
#14241 = PRESENTATION_STYLE_ASSIGNMENT((#14242));
#14242 = SURFACE_STYLE_USAGE(.BOTH.,#14243);
#14243 = SURFACE_SIDE_STYLE('',(#14244));
#14244 = SURFACE_STYLE_FILL_AREA(#14245);
#14245 = FILL_AREA_STYLE('',(#14246));
#14246 = FILL_AREA_STYLE_COLOUR('',#13370);
#14247 = STYLED_ITEM('color',(#14248),#5443);
#14248 = PRESENTATION_STYLE_ASSIGNMENT((#14249));
#14249 = SURFACE_STYLE_USAGE(.BOTH.,#14250);
#14250 = SURFACE_SIDE_STYLE('',(#14251));
#14251 = SURFACE_STYLE_FILL_AREA(#14252);
#14252 = FILL_AREA_STYLE('',(#14253));
#14253 = FILL_AREA_STYLE_COLOUR('',#13370);
#14254 = STYLED_ITEM('color',(#14255),#5460);
#14255 = PRESENTATION_STYLE_ASSIGNMENT((#14256));
#14256 = SURFACE_STYLE_USAGE(.BOTH.,#14257);
#14257 = SURFACE_SIDE_STYLE('',(#14258));
#14258 = SURFACE_STYLE_FILL_AREA(#14259);
#14259 = FILL_AREA_STYLE('',(#14260));
#14260 = FILL_AREA_STYLE_COLOUR('',#13370);
#14261 = STYLED_ITEM('color',(#14262),#5484);
#14262 = PRESENTATION_STYLE_ASSIGNMENT((#14263));
#14263 = SURFACE_STYLE_USAGE(.BOTH.,#14264);
#14264 = SURFACE_SIDE_STYLE('',(#14265));
#14265 = SURFACE_STYLE_FILL_AREA(#14266);
#14266 = FILL_AREA_STYLE('',(#14267));
#14267 = FILL_AREA_STYLE_COLOUR('',#13370);
#14268 = STYLED_ITEM('color',(#14269),#5508);
#14269 = PRESENTATION_STYLE_ASSIGNMENT((#14270));
#14270 = SURFACE_STYLE_USAGE(.BOTH.,#14271);
#14271 = SURFACE_SIDE_STYLE('',(#14272));
#14272 = SURFACE_STYLE_FILL_AREA(#14273);
#14273 = FILL_AREA_STYLE('',(#14274));
#14274 = FILL_AREA_STYLE_COLOUR('',#13370);
#14275 = STYLED_ITEM('color',(#14276),#5525);
#14276 = PRESENTATION_STYLE_ASSIGNMENT((#14277));
#14277 = SURFACE_STYLE_USAGE(.BOTH.,#14278);
#14278 = SURFACE_SIDE_STYLE('',(#14279));
#14279 = SURFACE_STYLE_FILL_AREA(#14280);
#14280 = FILL_AREA_STYLE('',(#14281));
#14281 = FILL_AREA_STYLE_COLOUR('',#13370);
#14282 = STYLED_ITEM('color',(#14283),#5549);
#14283 = PRESENTATION_STYLE_ASSIGNMENT((#14284));
#14284 = SURFACE_STYLE_USAGE(.BOTH.,#14285);
#14285 = SURFACE_SIDE_STYLE('',(#14286));
#14286 = SURFACE_STYLE_FILL_AREA(#14287);
#14287 = FILL_AREA_STYLE('',(#14288));
#14288 = FILL_AREA_STYLE_COLOUR('',#13370);
#14289 = STYLED_ITEM('color',(#14290),#5573);
#14290 = PRESENTATION_STYLE_ASSIGNMENT((#14291));
#14291 = SURFACE_STYLE_USAGE(.BOTH.,#14292);
#14292 = SURFACE_SIDE_STYLE('',(#14293));
#14293 = SURFACE_STYLE_FILL_AREA(#14294);
#14294 = FILL_AREA_STYLE('',(#14295));
#14295 = FILL_AREA_STYLE_COLOUR('',#13370);
#14296 = STYLED_ITEM('color',(#14297),#5590);
#14297 = PRESENTATION_STYLE_ASSIGNMENT((#14298));
#14298 = SURFACE_STYLE_USAGE(.BOTH.,#14299);
#14299 = SURFACE_SIDE_STYLE('',(#14300));
#14300 = SURFACE_STYLE_FILL_AREA(#14301);
#14301 = FILL_AREA_STYLE('',(#14302));
#14302 = FILL_AREA_STYLE_COLOUR('',#13370);
#14303 = STYLED_ITEM('color',(#14304),#5614);
#14304 = PRESENTATION_STYLE_ASSIGNMENT((#14305));
#14305 = SURFACE_STYLE_USAGE(.BOTH.,#14306);
#14306 = SURFACE_SIDE_STYLE('',(#14307));
#14307 = SURFACE_STYLE_FILL_AREA(#14308);
#14308 = FILL_AREA_STYLE('',(#14309));
#14309 = FILL_AREA_STYLE_COLOUR('',#13370);
#14310 = STYLED_ITEM('color',(#14311),#5638);
#14311 = PRESENTATION_STYLE_ASSIGNMENT((#14312));
#14312 = SURFACE_STYLE_USAGE(.BOTH.,#14313);
#14313 = SURFACE_SIDE_STYLE('',(#14314));
#14314 = SURFACE_STYLE_FILL_AREA(#14315);
#14315 = FILL_AREA_STYLE('',(#14316));
#14316 = FILL_AREA_STYLE_COLOUR('',#13370);
#14317 = STYLED_ITEM('color',(#14318),#5655);
#14318 = PRESENTATION_STYLE_ASSIGNMENT((#14319));
#14319 = SURFACE_STYLE_USAGE(.BOTH.,#14320);
#14320 = SURFACE_SIDE_STYLE('',(#14321));
#14321 = SURFACE_STYLE_FILL_AREA(#14322);
#14322 = FILL_AREA_STYLE('',(#14323));
#14323 = FILL_AREA_STYLE_COLOUR('',#13370);
#14324 = STYLED_ITEM('color',(#14325),#5679);
#14325 = PRESENTATION_STYLE_ASSIGNMENT((#14326));
#14326 = SURFACE_STYLE_USAGE(.BOTH.,#14327);
#14327 = SURFACE_SIDE_STYLE('',(#14328));
#14328 = SURFACE_STYLE_FILL_AREA(#14329);
#14329 = FILL_AREA_STYLE('',(#14330));
#14330 = FILL_AREA_STYLE_COLOUR('',#13370);
#14331 = STYLED_ITEM('color',(#14332),#5703);
#14332 = PRESENTATION_STYLE_ASSIGNMENT((#14333));
#14333 = SURFACE_STYLE_USAGE(.BOTH.,#14334);
#14334 = SURFACE_SIDE_STYLE('',(#14335));
#14335 = SURFACE_STYLE_FILL_AREA(#14336);
#14336 = FILL_AREA_STYLE('',(#14337));
#14337 = FILL_AREA_STYLE_COLOUR('',#13370);
#14338 = STYLED_ITEM('color',(#14339),#5720);
#14339 = PRESENTATION_STYLE_ASSIGNMENT((#14340));
#14340 = SURFACE_STYLE_USAGE(.BOTH.,#14341);
#14341 = SURFACE_SIDE_STYLE('',(#14342));
#14342 = SURFACE_STYLE_FILL_AREA(#14343);
#14343 = FILL_AREA_STYLE('',(#14344));
#14344 = FILL_AREA_STYLE_COLOUR('',#13370);
#14345 = STYLED_ITEM('color',(#14346),#5744);
#14346 = PRESENTATION_STYLE_ASSIGNMENT((#14347));
#14347 = SURFACE_STYLE_USAGE(.BOTH.,#14348);
#14348 = SURFACE_SIDE_STYLE('',(#14349));
#14349 = SURFACE_STYLE_FILL_AREA(#14350);
#14350 = FILL_AREA_STYLE('',(#14351));
#14351 = FILL_AREA_STYLE_COLOUR('',#13370);
#14352 = STYLED_ITEM('color',(#14353),#5768);
#14353 = PRESENTATION_STYLE_ASSIGNMENT((#14354));
#14354 = SURFACE_STYLE_USAGE(.BOTH.,#14355);
#14355 = SURFACE_SIDE_STYLE('',(#14356));
#14356 = SURFACE_STYLE_FILL_AREA(#14357);
#14357 = FILL_AREA_STYLE('',(#14358));
#14358 = FILL_AREA_STYLE_COLOUR('',#13370);
#14359 = STYLED_ITEM('color',(#14360),#5785);
#14360 = PRESENTATION_STYLE_ASSIGNMENT((#14361));
#14361 = SURFACE_STYLE_USAGE(.BOTH.,#14362);
#14362 = SURFACE_SIDE_STYLE('',(#14363));
#14363 = SURFACE_STYLE_FILL_AREA(#14364);
#14364 = FILL_AREA_STYLE('',(#14365));
#14365 = FILL_AREA_STYLE_COLOUR('',#14092);
#14366 = STYLED_ITEM('color',(#14367),#5848);
#14367 = PRESENTATION_STYLE_ASSIGNMENT((#14368));
#14368 = SURFACE_STYLE_USAGE(.BOTH.,#14369);
#14369 = SURFACE_SIDE_STYLE('',(#14370));
#14370 = SURFACE_STYLE_FILL_AREA(#14371);
#14371 = FILL_AREA_STYLE('',(#14372));
#14372 = FILL_AREA_STYLE_COLOUR('',#14092);
#14373 = STYLED_ITEM('color',(#14374),#5872);
#14374 = PRESENTATION_STYLE_ASSIGNMENT((#14375));
#14375 = SURFACE_STYLE_USAGE(.BOTH.,#14376);
#14376 = SURFACE_SIDE_STYLE('',(#14377));
#14377 = SURFACE_STYLE_FILL_AREA(#14378);
#14378 = FILL_AREA_STYLE('',(#14379));
#14379 = FILL_AREA_STYLE_COLOUR('',#14092);
#14380 = STYLED_ITEM('color',(#14381),#5928);
#14381 = PRESENTATION_STYLE_ASSIGNMENT((#14382));
#14382 = SURFACE_STYLE_USAGE(.BOTH.,#14383);
#14383 = SURFACE_SIDE_STYLE('',(#14384));
#14384 = SURFACE_STYLE_FILL_AREA(#14385);
#14385 = FILL_AREA_STYLE('',(#14386));
#14386 = FILL_AREA_STYLE_COLOUR('',#14092);
#14387 = STYLED_ITEM('color',(#14388),#5945);
#14388 = PRESENTATION_STYLE_ASSIGNMENT((#14389));
#14389 = SURFACE_STYLE_USAGE(.BOTH.,#14390);
#14390 = SURFACE_SIDE_STYLE('',(#14391));
#14391 = SURFACE_STYLE_FILL_AREA(#14392);
#14392 = FILL_AREA_STYLE('',(#14393));
#14393 = FILL_AREA_STYLE_COLOUR('',#14092);
#14394 = STYLED_ITEM('color',(#14395),#5976);
#14395 = PRESENTATION_STYLE_ASSIGNMENT((#14396));
#14396 = SURFACE_STYLE_USAGE(.BOTH.,#14397);
#14397 = SURFACE_SIDE_STYLE('',(#14398));
#14398 = SURFACE_STYLE_FILL_AREA(#14399);
#14399 = FILL_AREA_STYLE('',(#14400));
#14400 = FILL_AREA_STYLE_COLOUR('',#14092);
#14401 = STYLED_ITEM('color',(#14402),#6000);
#14402 = PRESENTATION_STYLE_ASSIGNMENT((#14403));
#14403 = SURFACE_STYLE_USAGE(.BOTH.,#14404);
#14404 = SURFACE_SIDE_STYLE('',(#14405));
#14405 = SURFACE_STYLE_FILL_AREA(#14406);
#14406 = FILL_AREA_STYLE('',(#14407));
#14407 = FILL_AREA_STYLE_COLOUR('',#14092);
#14408 = STYLED_ITEM('color',(#14409),#6024);
#14409 = PRESENTATION_STYLE_ASSIGNMENT((#14410));
#14410 = SURFACE_STYLE_USAGE(.BOTH.,#14411);
#14411 = SURFACE_SIDE_STYLE('',(#14412));
#14412 = SURFACE_STYLE_FILL_AREA(#14413);
#14413 = FILL_AREA_STYLE('',(#14414));
#14414 = FILL_AREA_STYLE_COLOUR('',#14092);
#14415 = STYLED_ITEM('color',(#14416),#6041);
#14416 = PRESENTATION_STYLE_ASSIGNMENT((#14417));
#14417 = SURFACE_STYLE_USAGE(.BOTH.,#14418);
#14418 = SURFACE_SIDE_STYLE('',(#14419));
#14419 = SURFACE_STYLE_FILL_AREA(#14420);
#14420 = FILL_AREA_STYLE('',(#14421));
#14421 = FILL_AREA_STYLE_COLOUR('',#14092);
#14422 = STYLED_ITEM('color',(#14423),#6072);
#14423 = PRESENTATION_STYLE_ASSIGNMENT((#14424));
#14424 = SURFACE_STYLE_USAGE(.BOTH.,#14425);
#14425 = SURFACE_SIDE_STYLE('',(#14426));
#14426 = SURFACE_STYLE_FILL_AREA(#14427);
#14427 = FILL_AREA_STYLE('',(#14428));
#14428 = FILL_AREA_STYLE_COLOUR('',#14092);
#14429 = STYLED_ITEM('color',(#14430),#6096);
#14430 = PRESENTATION_STYLE_ASSIGNMENT((#14431));
#14431 = SURFACE_STYLE_USAGE(.BOTH.,#14432);
#14432 = SURFACE_SIDE_STYLE('',(#14433));
#14433 = SURFACE_STYLE_FILL_AREA(#14434);
#14434 = FILL_AREA_STYLE('',(#14435));
#14435 = FILL_AREA_STYLE_COLOUR('',#14092);
#14436 = STYLED_ITEM('color',(#14437),#6120);
#14437 = PRESENTATION_STYLE_ASSIGNMENT((#14438));
#14438 = SURFACE_STYLE_USAGE(.BOTH.,#14439);
#14439 = SURFACE_SIDE_STYLE('',(#14440));
#14440 = SURFACE_STYLE_FILL_AREA(#14441);
#14441 = FILL_AREA_STYLE('',(#14442));
#14442 = FILL_AREA_STYLE_COLOUR('',#14092);
#14443 = STYLED_ITEM('color',(#14444),#6137);
#14444 = PRESENTATION_STYLE_ASSIGNMENT((#14445));
#14445 = SURFACE_STYLE_USAGE(.BOTH.,#14446);
#14446 = SURFACE_SIDE_STYLE('',(#14447));
#14447 = SURFACE_STYLE_FILL_AREA(#14448);
#14448 = FILL_AREA_STYLE('',(#14449));
#14449 = FILL_AREA_STYLE_COLOUR('',#14092);
#14450 = STYLED_ITEM('color',(#14451),#6168);
#14451 = PRESENTATION_STYLE_ASSIGNMENT((#14452));
#14452 = SURFACE_STYLE_USAGE(.BOTH.,#14453);
#14453 = SURFACE_SIDE_STYLE('',(#14454));
#14454 = SURFACE_STYLE_FILL_AREA(#14455);
#14455 = FILL_AREA_STYLE('',(#14456));
#14456 = FILL_AREA_STYLE_COLOUR('',#14092);
#14457 = STYLED_ITEM('color',(#14458),#6192);
#14458 = PRESENTATION_STYLE_ASSIGNMENT((#14459));
#14459 = SURFACE_STYLE_USAGE(.BOTH.,#14460);
#14460 = SURFACE_SIDE_STYLE('',(#14461));
#14461 = SURFACE_STYLE_FILL_AREA(#14462);
#14462 = FILL_AREA_STYLE('',(#14463));
#14463 = FILL_AREA_STYLE_COLOUR('',#14092);
#14464 = STYLED_ITEM('color',(#14465),#6216);
#14465 = PRESENTATION_STYLE_ASSIGNMENT((#14466));
#14466 = SURFACE_STYLE_USAGE(.BOTH.,#14467);
#14467 = SURFACE_SIDE_STYLE('',(#14468));
#14468 = SURFACE_STYLE_FILL_AREA(#14469);
#14469 = FILL_AREA_STYLE('',(#14470));
#14470 = FILL_AREA_STYLE_COLOUR('',#14092);
#14471 = STYLED_ITEM('color',(#14472),#6233);
#14472 = PRESENTATION_STYLE_ASSIGNMENT((#14473));
#14473 = SURFACE_STYLE_USAGE(.BOTH.,#14474);
#14474 = SURFACE_SIDE_STYLE('',(#14475));
#14475 = SURFACE_STYLE_FILL_AREA(#14476);
#14476 = FILL_AREA_STYLE('',(#14477));
#14477 = FILL_AREA_STYLE_COLOUR('',#14092);
#14478 = STYLED_ITEM('color',(#14479),#6264);
#14479 = PRESENTATION_STYLE_ASSIGNMENT((#14480));
#14480 = SURFACE_STYLE_USAGE(.BOTH.,#14481);
#14481 = SURFACE_SIDE_STYLE('',(#14482));
#14482 = SURFACE_STYLE_FILL_AREA(#14483);
#14483 = FILL_AREA_STYLE('',(#14484));
#14484 = FILL_AREA_STYLE_COLOUR('',#14092);
#14485 = STYLED_ITEM('color',(#14486),#6288);
#14486 = PRESENTATION_STYLE_ASSIGNMENT((#14487));
#14487 = SURFACE_STYLE_USAGE(.BOTH.,#14488);
#14488 = SURFACE_SIDE_STYLE('',(#14489));
#14489 = SURFACE_STYLE_FILL_AREA(#14490);
#14490 = FILL_AREA_STYLE('',(#14491));
#14491 = FILL_AREA_STYLE_COLOUR('',#14092);
#14492 = STYLED_ITEM('color',(#14493),#6312);
#14493 = PRESENTATION_STYLE_ASSIGNMENT((#14494));
#14494 = SURFACE_STYLE_USAGE(.BOTH.,#14495);
#14495 = SURFACE_SIDE_STYLE('',(#14496));
#14496 = SURFACE_STYLE_FILL_AREA(#14497);
#14497 = FILL_AREA_STYLE('',(#14498));
#14498 = FILL_AREA_STYLE_COLOUR('',#14092);
#14499 = STYLED_ITEM('color',(#14500),#6329);
#14500 = PRESENTATION_STYLE_ASSIGNMENT((#14501));
#14501 = SURFACE_STYLE_USAGE(.BOTH.,#14502);
#14502 = SURFACE_SIDE_STYLE('',(#14503));
#14503 = SURFACE_STYLE_FILL_AREA(#14504);
#14504 = FILL_AREA_STYLE('',(#14505));
#14505 = FILL_AREA_STYLE_COLOUR('',#14092);
#14506 = STYLED_ITEM('color',(#14507),#6360);
#14507 = PRESENTATION_STYLE_ASSIGNMENT((#14508));
#14508 = SURFACE_STYLE_USAGE(.BOTH.,#14509);
#14509 = SURFACE_SIDE_STYLE('',(#14510));
#14510 = SURFACE_STYLE_FILL_AREA(#14511);
#14511 = FILL_AREA_STYLE('',(#14512));
#14512 = FILL_AREA_STYLE_COLOUR('',#14092);
#14513 = STYLED_ITEM('color',(#14514),#6384);
#14514 = PRESENTATION_STYLE_ASSIGNMENT((#14515));
#14515 = SURFACE_STYLE_USAGE(.BOTH.,#14516);
#14516 = SURFACE_SIDE_STYLE('',(#14517));
#14517 = SURFACE_STYLE_FILL_AREA(#14518);
#14518 = FILL_AREA_STYLE('',(#14519));
#14519 = FILL_AREA_STYLE_COLOUR('',#14092);
#14520 = STYLED_ITEM('color',(#14521),#6408);
#14521 = PRESENTATION_STYLE_ASSIGNMENT((#14522));
#14522 = SURFACE_STYLE_USAGE(.BOTH.,#14523);
#14523 = SURFACE_SIDE_STYLE('',(#14524));
#14524 = SURFACE_STYLE_FILL_AREA(#14525);
#14525 = FILL_AREA_STYLE('',(#14526));
#14526 = FILL_AREA_STYLE_COLOUR('',#14092);
#14527 = STYLED_ITEM('color',(#14528),#6425);
#14528 = PRESENTATION_STYLE_ASSIGNMENT((#14529));
#14529 = SURFACE_STYLE_USAGE(.BOTH.,#14530);
#14530 = SURFACE_SIDE_STYLE('',(#14531));
#14531 = SURFACE_STYLE_FILL_AREA(#14532);
#14532 = FILL_AREA_STYLE('',(#14533));
#14533 = FILL_AREA_STYLE_COLOUR('',#14092);
#14534 = STYLED_ITEM('color',(#14535),#6456);
#14535 = PRESENTATION_STYLE_ASSIGNMENT((#14536));
#14536 = SURFACE_STYLE_USAGE(.BOTH.,#14537);
#14537 = SURFACE_SIDE_STYLE('',(#14538));
#14538 = SURFACE_STYLE_FILL_AREA(#14539);
#14539 = FILL_AREA_STYLE('',(#14540));
#14540 = FILL_AREA_STYLE_COLOUR('',#14092);
#14541 = STYLED_ITEM('color',(#14542),#6480);
#14542 = PRESENTATION_STYLE_ASSIGNMENT((#14543));
#14543 = SURFACE_STYLE_USAGE(.BOTH.,#14544);
#14544 = SURFACE_SIDE_STYLE('',(#14545));
#14545 = SURFACE_STYLE_FILL_AREA(#14546);
#14546 = FILL_AREA_STYLE('',(#14547));
#14547 = FILL_AREA_STYLE_COLOUR('',#14092);
#14548 = STYLED_ITEM('color',(#14549),#6504);
#14549 = PRESENTATION_STYLE_ASSIGNMENT((#14550));
#14550 = SURFACE_STYLE_USAGE(.BOTH.,#14551);
#14551 = SURFACE_SIDE_STYLE('',(#14552));
#14552 = SURFACE_STYLE_FILL_AREA(#14553);
#14553 = FILL_AREA_STYLE('',(#14554));
#14554 = FILL_AREA_STYLE_COLOUR('',#14092);
#14555 = STYLED_ITEM('color',(#14556),#6521);
#14556 = PRESENTATION_STYLE_ASSIGNMENT((#14557));
#14557 = SURFACE_STYLE_USAGE(.BOTH.,#14558);
#14558 = SURFACE_SIDE_STYLE('',(#14559));
#14559 = SURFACE_STYLE_FILL_AREA(#14560);
#14560 = FILL_AREA_STYLE('',(#14561));
#14561 = FILL_AREA_STYLE_COLOUR('',#14092);
#14562 = STYLED_ITEM('color',(#14563),#6552);
#14563 = PRESENTATION_STYLE_ASSIGNMENT((#14564));
#14564 = SURFACE_STYLE_USAGE(.BOTH.,#14565);
#14565 = SURFACE_SIDE_STYLE('',(#14566));
#14566 = SURFACE_STYLE_FILL_AREA(#14567);
#14567 = FILL_AREA_STYLE('',(#14568));
#14568 = FILL_AREA_STYLE_COLOUR('',#14092);
#14569 = STYLED_ITEM('color',(#14570),#6576);
#14570 = PRESENTATION_STYLE_ASSIGNMENT((#14571));
#14571 = SURFACE_STYLE_USAGE(.BOTH.,#14572);
#14572 = SURFACE_SIDE_STYLE('',(#14573));
#14573 = SURFACE_STYLE_FILL_AREA(#14574);
#14574 = FILL_AREA_STYLE('',(#14575));
#14575 = FILL_AREA_STYLE_COLOUR('',#14092);
#14576 = STYLED_ITEM('color',(#14577),#6600);
#14577 = PRESENTATION_STYLE_ASSIGNMENT((#14578));
#14578 = SURFACE_STYLE_USAGE(.BOTH.,#14579);
#14579 = SURFACE_SIDE_STYLE('',(#14580));
#14580 = SURFACE_STYLE_FILL_AREA(#14581);
#14581 = FILL_AREA_STYLE('',(#14582));
#14582 = FILL_AREA_STYLE_COLOUR('',#14092);
#14583 = STYLED_ITEM('color',(#14584),#6617);
#14584 = PRESENTATION_STYLE_ASSIGNMENT((#14585));
#14585 = SURFACE_STYLE_USAGE(.BOTH.,#14586);
#14586 = SURFACE_SIDE_STYLE('',(#14587));
#14587 = SURFACE_STYLE_FILL_AREA(#14588);
#14588 = FILL_AREA_STYLE('',(#14589));
#14589 = FILL_AREA_STYLE_COLOUR('',#14092);
#14590 = STYLED_ITEM('color',(#14591),#6648);
#14591 = PRESENTATION_STYLE_ASSIGNMENT((#14592));
#14592 = SURFACE_STYLE_USAGE(.BOTH.,#14593);
#14593 = SURFACE_SIDE_STYLE('',(#14594));
#14594 = SURFACE_STYLE_FILL_AREA(#14595);
#14595 = FILL_AREA_STYLE('',(#14596));
#14596 = FILL_AREA_STYLE_COLOUR('',#14092);
#14597 = STYLED_ITEM('color',(#14598),#6672);
#14598 = PRESENTATION_STYLE_ASSIGNMENT((#14599));
#14599 = SURFACE_STYLE_USAGE(.BOTH.,#14600);
#14600 = SURFACE_SIDE_STYLE('',(#14601));
#14601 = SURFACE_STYLE_FILL_AREA(#14602);
#14602 = FILL_AREA_STYLE('',(#14603));
#14603 = FILL_AREA_STYLE_COLOUR('',#14092);
#14604 = STYLED_ITEM('color',(#14605),#6696);
#14605 = PRESENTATION_STYLE_ASSIGNMENT((#14606));
#14606 = SURFACE_STYLE_USAGE(.BOTH.,#14607);
#14607 = SURFACE_SIDE_STYLE('',(#14608));
#14608 = SURFACE_STYLE_FILL_AREA(#14609);
#14609 = FILL_AREA_STYLE('',(#14610));
#14610 = FILL_AREA_STYLE_COLOUR('',#14092);
#14611 = STYLED_ITEM('color',(#14612),#6713);
#14612 = PRESENTATION_STYLE_ASSIGNMENT((#14613));
#14613 = SURFACE_STYLE_USAGE(.BOTH.,#14614);
#14614 = SURFACE_SIDE_STYLE('',(#14615));
#14615 = SURFACE_STYLE_FILL_AREA(#14616);
#14616 = FILL_AREA_STYLE('',(#14617));
#14617 = FILL_AREA_STYLE_COLOUR('',#14092);
#14618 = STYLED_ITEM('color',(#14619),#6744);
#14619 = PRESENTATION_STYLE_ASSIGNMENT((#14620));
#14620 = SURFACE_STYLE_USAGE(.BOTH.,#14621);
#14621 = SURFACE_SIDE_STYLE('',(#14622));
#14622 = SURFACE_STYLE_FILL_AREA(#14623);
#14623 = FILL_AREA_STYLE('',(#14624));
#14624 = FILL_AREA_STYLE_COLOUR('',#14092);
#14625 = STYLED_ITEM('color',(#14626),#6768);
#14626 = PRESENTATION_STYLE_ASSIGNMENT((#14627));
#14627 = SURFACE_STYLE_USAGE(.BOTH.,#14628);
#14628 = SURFACE_SIDE_STYLE('',(#14629));
#14629 = SURFACE_STYLE_FILL_AREA(#14630);
#14630 = FILL_AREA_STYLE('',(#14631));
#14631 = FILL_AREA_STYLE_COLOUR('',#14092);
#14632 = STYLED_ITEM('color',(#14633),#6792);
#14633 = PRESENTATION_STYLE_ASSIGNMENT((#14634));
#14634 = SURFACE_STYLE_USAGE(.BOTH.,#14635);
#14635 = SURFACE_SIDE_STYLE('',(#14636));
#14636 = SURFACE_STYLE_FILL_AREA(#14637);
#14637 = FILL_AREA_STYLE('',(#14638));
#14638 = FILL_AREA_STYLE_COLOUR('',#14092);
#14639 = STYLED_ITEM('color',(#14640),#6809);
#14640 = PRESENTATION_STYLE_ASSIGNMENT((#14641));
#14641 = SURFACE_STYLE_USAGE(.BOTH.,#14642);
#14642 = SURFACE_SIDE_STYLE('',(#14643));
#14643 = SURFACE_STYLE_FILL_AREA(#14644);
#14644 = FILL_AREA_STYLE('',(#14645));
#14645 = FILL_AREA_STYLE_COLOUR('',#14092);
#14646 = STYLED_ITEM('color',(#14647),#6840);
#14647 = PRESENTATION_STYLE_ASSIGNMENT((#14648));
#14648 = SURFACE_STYLE_USAGE(.BOTH.,#14649);
#14649 = SURFACE_SIDE_STYLE('',(#14650));
#14650 = SURFACE_STYLE_FILL_AREA(#14651);
#14651 = FILL_AREA_STYLE('',(#14652));
#14652 = FILL_AREA_STYLE_COLOUR('',#14092);
#14653 = STYLED_ITEM('color',(#14654),#6864);
#14654 = PRESENTATION_STYLE_ASSIGNMENT((#14655));
#14655 = SURFACE_STYLE_USAGE(.BOTH.,#14656);
#14656 = SURFACE_SIDE_STYLE('',(#14657));
#14657 = SURFACE_STYLE_FILL_AREA(#14658);
#14658 = FILL_AREA_STYLE('',(#14659));
#14659 = FILL_AREA_STYLE_COLOUR('',#14092);
#14660 = STYLED_ITEM('color',(#14661),#6888);
#14661 = PRESENTATION_STYLE_ASSIGNMENT((#14662));
#14662 = SURFACE_STYLE_USAGE(.BOTH.,#14663);
#14663 = SURFACE_SIDE_STYLE('',(#14664));
#14664 = SURFACE_STYLE_FILL_AREA(#14665);
#14665 = FILL_AREA_STYLE('',(#14666));
#14666 = FILL_AREA_STYLE_COLOUR('',#14092);
#14667 = STYLED_ITEM('color',(#14668),#6905);
#14668 = PRESENTATION_STYLE_ASSIGNMENT((#14669));
#14669 = SURFACE_STYLE_USAGE(.BOTH.,#14670);
#14670 = SURFACE_SIDE_STYLE('',(#14671));
#14671 = SURFACE_STYLE_FILL_AREA(#14672);
#14672 = FILL_AREA_STYLE('',(#14673));
#14673 = FILL_AREA_STYLE_COLOUR('',#14092);
#14674 = STYLED_ITEM('color',(#14675),#6952);
#14675 = PRESENTATION_STYLE_ASSIGNMENT((#14676));
#14676 = SURFACE_STYLE_USAGE(.BOTH.,#14677);
#14677 = SURFACE_SIDE_STYLE('',(#14678));
#14678 = SURFACE_STYLE_FILL_AREA(#14679);
#14679 = FILL_AREA_STYLE('',(#14680));
#14680 = FILL_AREA_STYLE_COLOUR('',#14092);
#14681 = STYLED_ITEM('color',(#14682),#6983);
#14682 = PRESENTATION_STYLE_ASSIGNMENT((#14683));
#14683 = SURFACE_STYLE_USAGE(.BOTH.,#14684);
#14684 = SURFACE_SIDE_STYLE('',(#14685));
#14685 = SURFACE_STYLE_FILL_AREA(#14686);
#14686 = FILL_AREA_STYLE('',(#14687));
#14687 = FILL_AREA_STYLE_COLOUR('',#14092);
#14688 = STYLED_ITEM('color',(#14689),#6995);
#14689 = PRESENTATION_STYLE_ASSIGNMENT((#14690));
#14690 = SURFACE_STYLE_USAGE(.BOTH.,#14691);
#14691 = SURFACE_SIDE_STYLE('',(#14692));
#14692 = SURFACE_STYLE_FILL_AREA(#14693);
#14693 = FILL_AREA_STYLE('',(#14694));
#14694 = FILL_AREA_STYLE_COLOUR('',#14092);
#14695 = STYLED_ITEM('color',(#14696),#7012);
#14696 = PRESENTATION_STYLE_ASSIGNMENT((#14697));
#14697 = SURFACE_STYLE_USAGE(.BOTH.,#14698);
#14698 = SURFACE_SIDE_STYLE('',(#14699));
#14699 = SURFACE_STYLE_FILL_AREA(#14700);
#14700 = FILL_AREA_STYLE('',(#14701));
#14701 = FILL_AREA_STYLE_COLOUR('',#14092);
#14702 = STYLED_ITEM('color',(#14703),#7038);
#14703 = PRESENTATION_STYLE_ASSIGNMENT((#14704));
#14704 = SURFACE_STYLE_USAGE(.BOTH.,#14705);
#14705 = SURFACE_SIDE_STYLE('',(#14706));
#14706 = SURFACE_STYLE_FILL_AREA(#14707);
#14707 = FILL_AREA_STYLE('',(#14708));
#14708 = FILL_AREA_STYLE_COLOUR('',#14092);
#14709 = STYLED_ITEM('color',(#14710),#7071);
#14710 = PRESENTATION_STYLE_ASSIGNMENT((#14711));
#14711 = SURFACE_STYLE_USAGE(.BOTH.,#14712);
#14712 = SURFACE_SIDE_STYLE('',(#14713));
#14713 = SURFACE_STYLE_FILL_AREA(#14714);
#14714 = FILL_AREA_STYLE('',(#14715));
#14715 = FILL_AREA_STYLE_COLOUR('',#13370);
#14716 = STYLED_ITEM('color',(#14717),#7083);
#14717 = PRESENTATION_STYLE_ASSIGNMENT((#14718));
#14718 = SURFACE_STYLE_USAGE(.BOTH.,#14719);
#14719 = SURFACE_SIDE_STYLE('',(#14720));
#14720 = SURFACE_STYLE_FILL_AREA(#14721);
#14721 = FILL_AREA_STYLE('',(#14722));
#14722 = FILL_AREA_STYLE_COLOUR('',#13370);
#14723 = STYLED_ITEM('color',(#14724),#7095);
#14724 = PRESENTATION_STYLE_ASSIGNMENT((#14725));
#14725 = SURFACE_STYLE_USAGE(.BOTH.,#14726);
#14726 = SURFACE_SIDE_STYLE('',(#14727));
#14727 = SURFACE_STYLE_FILL_AREA(#14728);
#14728 = FILL_AREA_STYLE('',(#14729));
#14729 = FILL_AREA_STYLE_COLOUR('',#13370);
#14730 = STYLED_ITEM('color',(#14731),#7107);
#14731 = PRESENTATION_STYLE_ASSIGNMENT((#14732));
#14732 = SURFACE_STYLE_USAGE(.BOTH.,#14733);
#14733 = SURFACE_SIDE_STYLE('',(#14734));
#14734 = SURFACE_STYLE_FILL_AREA(#14735);
#14735 = FILL_AREA_STYLE('',(#14736));
#14736 = FILL_AREA_STYLE_COLOUR('',#13370);
#14737 = STYLED_ITEM('color',(#14738),#7119);
#14738 = PRESENTATION_STYLE_ASSIGNMENT((#14739));
#14739 = SURFACE_STYLE_USAGE(.BOTH.,#14740);
#14740 = SURFACE_SIDE_STYLE('',(#14741));
#14741 = SURFACE_STYLE_FILL_AREA(#14742);
#14742 = FILL_AREA_STYLE('',(#14743));
#14743 = FILL_AREA_STYLE_COLOUR('',#13370);
#14744 = STYLED_ITEM('color',(#14745),#7131);
#14745 = PRESENTATION_STYLE_ASSIGNMENT((#14746));
#14746 = SURFACE_STYLE_USAGE(.BOTH.,#14747);
#14747 = SURFACE_SIDE_STYLE('',(#14748));
#14748 = SURFACE_STYLE_FILL_AREA(#14749);
#14749 = FILL_AREA_STYLE('',(#14750));
#14750 = FILL_AREA_STYLE_COLOUR('',#13370);
#14751 = STYLED_ITEM('color',(#14752),#7143);
#14752 = PRESENTATION_STYLE_ASSIGNMENT((#14753));
#14753 = SURFACE_STYLE_USAGE(.BOTH.,#14754);
#14754 = SURFACE_SIDE_STYLE('',(#14755));
#14755 = SURFACE_STYLE_FILL_AREA(#14756);
#14756 = FILL_AREA_STYLE('',(#14757));
#14757 = FILL_AREA_STYLE_COLOUR('',#13370);
#14758 = STYLED_ITEM('color',(#14759),#7155);
#14759 = PRESENTATION_STYLE_ASSIGNMENT((#14760));
#14760 = SURFACE_STYLE_USAGE(.BOTH.,#14761);
#14761 = SURFACE_SIDE_STYLE('',(#14762));
#14762 = SURFACE_STYLE_FILL_AREA(#14763);
#14763 = FILL_AREA_STYLE('',(#14764));
#14764 = FILL_AREA_STYLE_COLOUR('',#13370);
#14765 = STYLED_ITEM('color',(#14766),#7167);
#14766 = PRESENTATION_STYLE_ASSIGNMENT((#14767));
#14767 = SURFACE_STYLE_USAGE(.BOTH.,#14768);
#14768 = SURFACE_SIDE_STYLE('',(#14769));
#14769 = SURFACE_STYLE_FILL_AREA(#14770);
#14770 = FILL_AREA_STYLE('',(#14771));
#14771 = FILL_AREA_STYLE_COLOUR('',#13370);
#14772 = STYLED_ITEM('color',(#14773),#7179);
#14773 = PRESENTATION_STYLE_ASSIGNMENT((#14774));
#14774 = SURFACE_STYLE_USAGE(.BOTH.,#14775);
#14775 = SURFACE_SIDE_STYLE('',(#14776));
#14776 = SURFACE_STYLE_FILL_AREA(#14777);
#14777 = FILL_AREA_STYLE('',(#14778));
#14778 = FILL_AREA_STYLE_COLOUR('',#13370);
#14779 = STYLED_ITEM('color',(#14780),#7191);
#14780 = PRESENTATION_STYLE_ASSIGNMENT((#14781));
#14781 = SURFACE_STYLE_USAGE(.BOTH.,#14782);
#14782 = SURFACE_SIDE_STYLE('',(#14783));
#14783 = SURFACE_STYLE_FILL_AREA(#14784);
#14784 = FILL_AREA_STYLE('',(#14785));
#14785 = FILL_AREA_STYLE_COLOUR('',#13370);
#14786 = STYLED_ITEM('color',(#14787),#7203);
#14787 = PRESENTATION_STYLE_ASSIGNMENT((#14788));
#14788 = SURFACE_STYLE_USAGE(.BOTH.,#14789);
#14789 = SURFACE_SIDE_STYLE('',(#14790));
#14790 = SURFACE_STYLE_FILL_AREA(#14791);
#14791 = FILL_AREA_STYLE('',(#14792));
#14792 = FILL_AREA_STYLE_COLOUR('',#14092);
#14793 = STYLED_ITEM('color',(#14794),#7234);
#14794 = PRESENTATION_STYLE_ASSIGNMENT((#14795));
#14795 = SURFACE_STYLE_USAGE(.BOTH.,#14796);
#14796 = SURFACE_SIDE_STYLE('',(#14797));
#14797 = SURFACE_STYLE_FILL_AREA(#14798);
#14798 = FILL_AREA_STYLE('',(#14799));
#14799 = FILL_AREA_STYLE_COLOUR('',#14092);
#14800 = STYLED_ITEM('color',(#14801),#7258);
#14801 = PRESENTATION_STYLE_ASSIGNMENT((#14802));
#14802 = SURFACE_STYLE_USAGE(.BOTH.,#14803);
#14803 = SURFACE_SIDE_STYLE('',(#14804));
#14804 = SURFACE_STYLE_FILL_AREA(#14805);
#14805 = FILL_AREA_STYLE('',(#14806));
#14806 = FILL_AREA_STYLE_COLOUR('',#14092);
#14807 = STYLED_ITEM('color',(#14808),#7282);
#14808 = PRESENTATION_STYLE_ASSIGNMENT((#14809));
#14809 = SURFACE_STYLE_USAGE(.BOTH.,#14810);
#14810 = SURFACE_SIDE_STYLE('',(#14811));
#14811 = SURFACE_STYLE_FILL_AREA(#14812);
#14812 = FILL_AREA_STYLE('',(#14813));
#14813 = FILL_AREA_STYLE_COLOUR('',#14092);
#14814 = STYLED_ITEM('color',(#14815),#7299);
#14815 = PRESENTATION_STYLE_ASSIGNMENT((#14816));
#14816 = SURFACE_STYLE_USAGE(.BOTH.,#14817);
#14817 = SURFACE_SIDE_STYLE('',(#14818));
#14818 = SURFACE_STYLE_FILL_AREA(#14819);
#14819 = FILL_AREA_STYLE('',(#14820));
#14820 = FILL_AREA_STYLE_COLOUR('',#14092);
#14821 = STYLED_ITEM('color',(#14822),#7330);
#14822 = PRESENTATION_STYLE_ASSIGNMENT((#14823));
#14823 = SURFACE_STYLE_USAGE(.BOTH.,#14824);
#14824 = SURFACE_SIDE_STYLE('',(#14825));
#14825 = SURFACE_STYLE_FILL_AREA(#14826);
#14826 = FILL_AREA_STYLE('',(#14827));
#14827 = FILL_AREA_STYLE_COLOUR('',#14092);
#14828 = STYLED_ITEM('color',(#14829),#7354);
#14829 = PRESENTATION_STYLE_ASSIGNMENT((#14830));
#14830 = SURFACE_STYLE_USAGE(.BOTH.,#14831);
#14831 = SURFACE_SIDE_STYLE('',(#14832));
#14832 = SURFACE_STYLE_FILL_AREA(#14833);
#14833 = FILL_AREA_STYLE('',(#14834));
#14834 = FILL_AREA_STYLE_COLOUR('',#14092);
#14835 = STYLED_ITEM('color',(#14836),#7378);
#14836 = PRESENTATION_STYLE_ASSIGNMENT((#14837));
#14837 = SURFACE_STYLE_USAGE(.BOTH.,#14838);
#14838 = SURFACE_SIDE_STYLE('',(#14839));
#14839 = SURFACE_STYLE_FILL_AREA(#14840);
#14840 = FILL_AREA_STYLE('',(#14841));
#14841 = FILL_AREA_STYLE_COLOUR('',#14092);
#14842 = STYLED_ITEM('color',(#14843),#7395);
#14843 = PRESENTATION_STYLE_ASSIGNMENT((#14844));
#14844 = SURFACE_STYLE_USAGE(.BOTH.,#14845);
#14845 = SURFACE_SIDE_STYLE('',(#14846));
#14846 = SURFACE_STYLE_FILL_AREA(#14847);
#14847 = FILL_AREA_STYLE('',(#14848));
#14848 = FILL_AREA_STYLE_COLOUR('',#14092);
#14849 = STYLED_ITEM('color',(#14850),#7426);
#14850 = PRESENTATION_STYLE_ASSIGNMENT((#14851));
#14851 = SURFACE_STYLE_USAGE(.BOTH.,#14852);
#14852 = SURFACE_SIDE_STYLE('',(#14853));
#14853 = SURFACE_STYLE_FILL_AREA(#14854);
#14854 = FILL_AREA_STYLE('',(#14855));
#14855 = FILL_AREA_STYLE_COLOUR('',#14092);
#14856 = STYLED_ITEM('color',(#14857),#7450);
#14857 = PRESENTATION_STYLE_ASSIGNMENT((#14858));
#14858 = SURFACE_STYLE_USAGE(.BOTH.,#14859);
#14859 = SURFACE_SIDE_STYLE('',(#14860));
#14860 = SURFACE_STYLE_FILL_AREA(#14861);
#14861 = FILL_AREA_STYLE('',(#14862));
#14862 = FILL_AREA_STYLE_COLOUR('',#14092);
#14863 = STYLED_ITEM('color',(#14864),#7474);
#14864 = PRESENTATION_STYLE_ASSIGNMENT((#14865));
#14865 = SURFACE_STYLE_USAGE(.BOTH.,#14866);
#14866 = SURFACE_SIDE_STYLE('',(#14867));
#14867 = SURFACE_STYLE_FILL_AREA(#14868);
#14868 = FILL_AREA_STYLE('',(#14869));
#14869 = FILL_AREA_STYLE_COLOUR('',#14092);
#14870 = STYLED_ITEM('color',(#14871),#7491);
#14871 = PRESENTATION_STYLE_ASSIGNMENT((#14872));
#14872 = SURFACE_STYLE_USAGE(.BOTH.,#14873);
#14873 = SURFACE_SIDE_STYLE('',(#14874));
#14874 = SURFACE_STYLE_FILL_AREA(#14875);
#14875 = FILL_AREA_STYLE('',(#14876));
#14876 = FILL_AREA_STYLE_COLOUR('',#14092);
#14877 = STYLED_ITEM('color',(#14878),#7522);
#14878 = PRESENTATION_STYLE_ASSIGNMENT((#14879));
#14879 = SURFACE_STYLE_USAGE(.BOTH.,#14880);
#14880 = SURFACE_SIDE_STYLE('',(#14881));
#14881 = SURFACE_STYLE_FILL_AREA(#14882);
#14882 = FILL_AREA_STYLE('',(#14883));
#14883 = FILL_AREA_STYLE_COLOUR('',#14092);
#14884 = STYLED_ITEM('color',(#14885),#7546);
#14885 = PRESENTATION_STYLE_ASSIGNMENT((#14886));
#14886 = SURFACE_STYLE_USAGE(.BOTH.,#14887);
#14887 = SURFACE_SIDE_STYLE('',(#14888));
#14888 = SURFACE_STYLE_FILL_AREA(#14889);
#14889 = FILL_AREA_STYLE('',(#14890));
#14890 = FILL_AREA_STYLE_COLOUR('',#14092);
#14891 = STYLED_ITEM('color',(#14892),#7570);
#14892 = PRESENTATION_STYLE_ASSIGNMENT((#14893));
#14893 = SURFACE_STYLE_USAGE(.BOTH.,#14894);
#14894 = SURFACE_SIDE_STYLE('',(#14895));
#14895 = SURFACE_STYLE_FILL_AREA(#14896);
#14896 = FILL_AREA_STYLE('',(#14897));
#14897 = FILL_AREA_STYLE_COLOUR('',#14092);
#14898 = STYLED_ITEM('color',(#14899),#7587);
#14899 = PRESENTATION_STYLE_ASSIGNMENT((#14900));
#14900 = SURFACE_STYLE_USAGE(.BOTH.,#14901);
#14901 = SURFACE_SIDE_STYLE('',(#14902));
#14902 = SURFACE_STYLE_FILL_AREA(#14903);
#14903 = FILL_AREA_STYLE('',(#14904));
#14904 = FILL_AREA_STYLE_COLOUR('',#14092);
#14905 = STYLED_ITEM('color',(#14906),#7618);
#14906 = PRESENTATION_STYLE_ASSIGNMENT((#14907));
#14907 = SURFACE_STYLE_USAGE(.BOTH.,#14908);
#14908 = SURFACE_SIDE_STYLE('',(#14909));
#14909 = SURFACE_STYLE_FILL_AREA(#14910);
#14910 = FILL_AREA_STYLE('',(#14911));
#14911 = FILL_AREA_STYLE_COLOUR('',#14092);
#14912 = STYLED_ITEM('color',(#14913),#7642);
#14913 = PRESENTATION_STYLE_ASSIGNMENT((#14914));
#14914 = SURFACE_STYLE_USAGE(.BOTH.,#14915);
#14915 = SURFACE_SIDE_STYLE('',(#14916));
#14916 = SURFACE_STYLE_FILL_AREA(#14917);
#14917 = FILL_AREA_STYLE('',(#14918));
#14918 = FILL_AREA_STYLE_COLOUR('',#14092);
#14919 = STYLED_ITEM('color',(#14920),#7666);
#14920 = PRESENTATION_STYLE_ASSIGNMENT((#14921));
#14921 = SURFACE_STYLE_USAGE(.BOTH.,#14922);
#14922 = SURFACE_SIDE_STYLE('',(#14923));
#14923 = SURFACE_STYLE_FILL_AREA(#14924);
#14924 = FILL_AREA_STYLE('',(#14925));
#14925 = FILL_AREA_STYLE_COLOUR('',#14092);
#14926 = STYLED_ITEM('color',(#14927),#7683);
#14927 = PRESENTATION_STYLE_ASSIGNMENT((#14928));
#14928 = SURFACE_STYLE_USAGE(.BOTH.,#14929);
#14929 = SURFACE_SIDE_STYLE('',(#14930));
#14930 = SURFACE_STYLE_FILL_AREA(#14931);
#14931 = FILL_AREA_STYLE('',(#14932));
#14932 = FILL_AREA_STYLE_COLOUR('',#14092);
#14933 = STYLED_ITEM('color',(#14934),#7714);
#14934 = PRESENTATION_STYLE_ASSIGNMENT((#14935));
#14935 = SURFACE_STYLE_USAGE(.BOTH.,#14936);
#14936 = SURFACE_SIDE_STYLE('',(#14937));
#14937 = SURFACE_STYLE_FILL_AREA(#14938);
#14938 = FILL_AREA_STYLE('',(#14939));
#14939 = FILL_AREA_STYLE_COLOUR('',#14092);
#14940 = STYLED_ITEM('color',(#14941),#7738);
#14941 = PRESENTATION_STYLE_ASSIGNMENT((#14942));
#14942 = SURFACE_STYLE_USAGE(.BOTH.,#14943);
#14943 = SURFACE_SIDE_STYLE('',(#14944));
#14944 = SURFACE_STYLE_FILL_AREA(#14945);
#14945 = FILL_AREA_STYLE('',(#14946));
#14946 = FILL_AREA_STYLE_COLOUR('',#14092);
#14947 = STYLED_ITEM('color',(#14948),#7762);
#14948 = PRESENTATION_STYLE_ASSIGNMENT((#14949));
#14949 = SURFACE_STYLE_USAGE(.BOTH.,#14950);
#14950 = SURFACE_SIDE_STYLE('',(#14951));
#14951 = SURFACE_STYLE_FILL_AREA(#14952);
#14952 = FILL_AREA_STYLE('',(#14953));
#14953 = FILL_AREA_STYLE_COLOUR('',#14092);
#14954 = STYLED_ITEM('color',(#14955),#7779);
#14955 = PRESENTATION_STYLE_ASSIGNMENT((#14956));
#14956 = SURFACE_STYLE_USAGE(.BOTH.,#14957);
#14957 = SURFACE_SIDE_STYLE('',(#14958));
#14958 = SURFACE_STYLE_FILL_AREA(#14959);
#14959 = FILL_AREA_STYLE('',(#14960));
#14960 = FILL_AREA_STYLE_COLOUR('',#14092);
#14961 = STYLED_ITEM('color',(#14962),#7810);
#14962 = PRESENTATION_STYLE_ASSIGNMENT((#14963));
#14963 = SURFACE_STYLE_USAGE(.BOTH.,#14964);
#14964 = SURFACE_SIDE_STYLE('',(#14965));
#14965 = SURFACE_STYLE_FILL_AREA(#14966);
#14966 = FILL_AREA_STYLE('',(#14967));
#14967 = FILL_AREA_STYLE_COLOUR('',#14092);
#14968 = STYLED_ITEM('color',(#14969),#7834);
#14969 = PRESENTATION_STYLE_ASSIGNMENT((#14970));
#14970 = SURFACE_STYLE_USAGE(.BOTH.,#14971);
#14971 = SURFACE_SIDE_STYLE('',(#14972));
#14972 = SURFACE_STYLE_FILL_AREA(#14973);
#14973 = FILL_AREA_STYLE('',(#14974));
#14974 = FILL_AREA_STYLE_COLOUR('',#14092);
#14975 = STYLED_ITEM('color',(#14976),#7858);
#14976 = PRESENTATION_STYLE_ASSIGNMENT((#14977));
#14977 = SURFACE_STYLE_USAGE(.BOTH.,#14978);
#14978 = SURFACE_SIDE_STYLE('',(#14979));
#14979 = SURFACE_STYLE_FILL_AREA(#14980);
#14980 = FILL_AREA_STYLE('',(#14981));
#14981 = FILL_AREA_STYLE_COLOUR('',#14092);
#14982 = STYLED_ITEM('color',(#14983),#7875);
#14983 = PRESENTATION_STYLE_ASSIGNMENT((#14984));
#14984 = SURFACE_STYLE_USAGE(.BOTH.,#14985);
#14985 = SURFACE_SIDE_STYLE('',(#14986));
#14986 = SURFACE_STYLE_FILL_AREA(#14987);
#14987 = FILL_AREA_STYLE('',(#14988));
#14988 = FILL_AREA_STYLE_COLOUR('',#14092);
#14989 = STYLED_ITEM('color',(#14990),#7906);
#14990 = PRESENTATION_STYLE_ASSIGNMENT((#14991));
#14991 = SURFACE_STYLE_USAGE(.BOTH.,#14992);
#14992 = SURFACE_SIDE_STYLE('',(#14993));
#14993 = SURFACE_STYLE_FILL_AREA(#14994);
#14994 = FILL_AREA_STYLE('',(#14995));
#14995 = FILL_AREA_STYLE_COLOUR('',#14092);
#14996 = STYLED_ITEM('color',(#14997),#7930);
#14997 = PRESENTATION_STYLE_ASSIGNMENT((#14998));
#14998 = SURFACE_STYLE_USAGE(.BOTH.,#14999);
#14999 = SURFACE_SIDE_STYLE('',(#15000));
#15000 = SURFACE_STYLE_FILL_AREA(#15001);
#15001 = FILL_AREA_STYLE('',(#15002));
#15002 = FILL_AREA_STYLE_COLOUR('',#14092);
#15003 = STYLED_ITEM('color',(#15004),#7954);
#15004 = PRESENTATION_STYLE_ASSIGNMENT((#15005));
#15005 = SURFACE_STYLE_USAGE(.BOTH.,#15006);
#15006 = SURFACE_SIDE_STYLE('',(#15007));
#15007 = SURFACE_STYLE_FILL_AREA(#15008);
#15008 = FILL_AREA_STYLE('',(#15009));
#15009 = FILL_AREA_STYLE_COLOUR('',#14092);
#15010 = STYLED_ITEM('color',(#15011),#7971);
#15011 = PRESENTATION_STYLE_ASSIGNMENT((#15012));
#15012 = SURFACE_STYLE_USAGE(.BOTH.,#15013);
#15013 = SURFACE_SIDE_STYLE('',(#15014));
#15014 = SURFACE_STYLE_FILL_AREA(#15015);
#15015 = FILL_AREA_STYLE('',(#15016));
#15016 = FILL_AREA_STYLE_COLOUR('',#14092);
#15017 = STYLED_ITEM('color',(#15018),#8002);
#15018 = PRESENTATION_STYLE_ASSIGNMENT((#15019));
#15019 = SURFACE_STYLE_USAGE(.BOTH.,#15020);
#15020 = SURFACE_SIDE_STYLE('',(#15021));
#15021 = SURFACE_STYLE_FILL_AREA(#15022);
#15022 = FILL_AREA_STYLE('',(#15023));
#15023 = FILL_AREA_STYLE_COLOUR('',#14092);
#15024 = STYLED_ITEM('color',(#15025),#8026);
#15025 = PRESENTATION_STYLE_ASSIGNMENT((#15026));
#15026 = SURFACE_STYLE_USAGE(.BOTH.,#15027);
#15027 = SURFACE_SIDE_STYLE('',(#15028));
#15028 = SURFACE_STYLE_FILL_AREA(#15029);
#15029 = FILL_AREA_STYLE('',(#15030));
#15030 = FILL_AREA_STYLE_COLOUR('',#14092);
#15031 = STYLED_ITEM('color',(#15032),#8050);
#15032 = PRESENTATION_STYLE_ASSIGNMENT((#15033));
#15033 = SURFACE_STYLE_USAGE(.BOTH.,#15034);
#15034 = SURFACE_SIDE_STYLE('',(#15035));
#15035 = SURFACE_STYLE_FILL_AREA(#15036);
#15036 = FILL_AREA_STYLE('',(#15037));
#15037 = FILL_AREA_STYLE_COLOUR('',#14092);
#15038 = STYLED_ITEM('color',(#15039),#8067);
#15039 = PRESENTATION_STYLE_ASSIGNMENT((#15040));
#15040 = SURFACE_STYLE_USAGE(.BOTH.,#15041);
#15041 = SURFACE_SIDE_STYLE('',(#15042));
#15042 = SURFACE_STYLE_FILL_AREA(#15043);
#15043 = FILL_AREA_STYLE('',(#15044));
#15044 = FILL_AREA_STYLE_COLOUR('',#14092);
#15045 = STYLED_ITEM('color',(#15046),#8098);
#15046 = PRESENTATION_STYLE_ASSIGNMENT((#15047));
#15047 = SURFACE_STYLE_USAGE(.BOTH.,#15048);
#15048 = SURFACE_SIDE_STYLE('',(#15049));
#15049 = SURFACE_STYLE_FILL_AREA(#15050);
#15050 = FILL_AREA_STYLE('',(#15051));
#15051 = FILL_AREA_STYLE_COLOUR('',#14092);
#15052 = STYLED_ITEM('color',(#15053),#8122);
#15053 = PRESENTATION_STYLE_ASSIGNMENT((#15054));
#15054 = SURFACE_STYLE_USAGE(.BOTH.,#15055);
#15055 = SURFACE_SIDE_STYLE('',(#15056));
#15056 = SURFACE_STYLE_FILL_AREA(#15057);
#15057 = FILL_AREA_STYLE('',(#15058));
#15058 = FILL_AREA_STYLE_COLOUR('',#14092);
#15059 = STYLED_ITEM('color',(#15060),#8146);
#15060 = PRESENTATION_STYLE_ASSIGNMENT((#15061));
#15061 = SURFACE_STYLE_USAGE(.BOTH.,#15062);
#15062 = SURFACE_SIDE_STYLE('',(#15063));
#15063 = SURFACE_STYLE_FILL_AREA(#15064);
#15064 = FILL_AREA_STYLE('',(#15065));
#15065 = FILL_AREA_STYLE_COLOUR('',#14092);
#15066 = STYLED_ITEM('color',(#15067),#8163);
#15067 = PRESENTATION_STYLE_ASSIGNMENT((#15068));
#15068 = SURFACE_STYLE_USAGE(.BOTH.,#15069);
#15069 = SURFACE_SIDE_STYLE('',(#15070));
#15070 = SURFACE_STYLE_FILL_AREA(#15071);
#15071 = FILL_AREA_STYLE('',(#15072));
#15072 = FILL_AREA_STYLE_COLOUR('',#14092);
#15073 = STYLED_ITEM('color',(#15074),#8194);
#15074 = PRESENTATION_STYLE_ASSIGNMENT((#15075));
#15075 = SURFACE_STYLE_USAGE(.BOTH.,#15076);
#15076 = SURFACE_SIDE_STYLE('',(#15077));
#15077 = SURFACE_STYLE_FILL_AREA(#15078);
#15078 = FILL_AREA_STYLE('',(#15079));
#15079 = FILL_AREA_STYLE_COLOUR('',#14092);
#15080 = STYLED_ITEM('color',(#15081),#8218);
#15081 = PRESENTATION_STYLE_ASSIGNMENT((#15082));
#15082 = SURFACE_STYLE_USAGE(.BOTH.,#15083);
#15083 = SURFACE_SIDE_STYLE('',(#15084));
#15084 = SURFACE_STYLE_FILL_AREA(#15085);
#15085 = FILL_AREA_STYLE('',(#15086));
#15086 = FILL_AREA_STYLE_COLOUR('',#14092);
#15087 = STYLED_ITEM('color',(#15088),#8242);
#15088 = PRESENTATION_STYLE_ASSIGNMENT((#15089));
#15089 = SURFACE_STYLE_USAGE(.BOTH.,#15090);
#15090 = SURFACE_SIDE_STYLE('',(#15091));
#15091 = SURFACE_STYLE_FILL_AREA(#15092);
#15092 = FILL_AREA_STYLE('',(#15093));
#15093 = FILL_AREA_STYLE_COLOUR('',#14092);
#15094 = STYLED_ITEM('color',(#15095),#8259);
#15095 = PRESENTATION_STYLE_ASSIGNMENT((#15096));
#15096 = SURFACE_STYLE_USAGE(.BOTH.,#15097);
#15097 = SURFACE_SIDE_STYLE('',(#15098));
#15098 = SURFACE_STYLE_FILL_AREA(#15099);
#15099 = FILL_AREA_STYLE('',(#15100));
#15100 = FILL_AREA_STYLE_COLOUR('',#14092);
#15101 = STYLED_ITEM('color',(#15102),#8290);
#15102 = PRESENTATION_STYLE_ASSIGNMENT((#15103));
#15103 = SURFACE_STYLE_USAGE(.BOTH.,#15104);
#15104 = SURFACE_SIDE_STYLE('',(#15105));
#15105 = SURFACE_STYLE_FILL_AREA(#15106);
#15106 = FILL_AREA_STYLE('',(#15107));
#15107 = FILL_AREA_STYLE_COLOUR('',#14092);
#15108 = STYLED_ITEM('color',(#15109),#8314);
#15109 = PRESENTATION_STYLE_ASSIGNMENT((#15110));
#15110 = SURFACE_STYLE_USAGE(.BOTH.,#15111);
#15111 = SURFACE_SIDE_STYLE('',(#15112));
#15112 = SURFACE_STYLE_FILL_AREA(#15113);
#15113 = FILL_AREA_STYLE('',(#15114));
#15114 = FILL_AREA_STYLE_COLOUR('',#14092);
#15115 = STYLED_ITEM('color',(#15116),#8338);
#15116 = PRESENTATION_STYLE_ASSIGNMENT((#15117));
#15117 = SURFACE_STYLE_USAGE(.BOTH.,#15118);
#15118 = SURFACE_SIDE_STYLE('',(#15119));
#15119 = SURFACE_STYLE_FILL_AREA(#15120);
#15120 = FILL_AREA_STYLE('',(#15121));
#15121 = FILL_AREA_STYLE_COLOUR('',#14092);
#15122 = STYLED_ITEM('color',(#15123),#8355);
#15123 = PRESENTATION_STYLE_ASSIGNMENT((#15124));
#15124 = SURFACE_STYLE_USAGE(.BOTH.,#15125);
#15125 = SURFACE_SIDE_STYLE('',(#15126));
#15126 = SURFACE_STYLE_FILL_AREA(#15127);
#15127 = FILL_AREA_STYLE('',(#15128));
#15128 = FILL_AREA_STYLE_COLOUR('',#14092);
#15129 = STYLED_ITEM('color',(#15130),#8402);
#15130 = PRESENTATION_STYLE_ASSIGNMENT((#15131));
#15131 = SURFACE_STYLE_USAGE(.BOTH.,#15132);
#15132 = SURFACE_SIDE_STYLE('',(#15133));
#15133 = SURFACE_STYLE_FILL_AREA(#15134);
#15134 = FILL_AREA_STYLE('',(#15135));
#15135 = FILL_AREA_STYLE_COLOUR('',#14092);
#15136 = STYLED_ITEM('color',(#15137),#8433);
#15137 = PRESENTATION_STYLE_ASSIGNMENT((#15138));
#15138 = SURFACE_STYLE_USAGE(.BOTH.,#15139);
#15139 = SURFACE_SIDE_STYLE('',(#15140));
#15140 = SURFACE_STYLE_FILL_AREA(#15141);
#15141 = FILL_AREA_STYLE('',(#15142));
#15142 = FILL_AREA_STYLE_COLOUR('',#14092);
#15143 = STYLED_ITEM('color',(#15144),#8445);
#15144 = PRESENTATION_STYLE_ASSIGNMENT((#15145));
#15145 = SURFACE_STYLE_USAGE(.BOTH.,#15146);
#15146 = SURFACE_SIDE_STYLE('',(#15147));
#15147 = SURFACE_STYLE_FILL_AREA(#15148);
#15148 = FILL_AREA_STYLE('',(#15149));
#15149 = FILL_AREA_STYLE_COLOUR('',#14092);
#15150 = STYLED_ITEM('color',(#15151),#8462);
#15151 = PRESENTATION_STYLE_ASSIGNMENT((#15152));
#15152 = SURFACE_STYLE_USAGE(.BOTH.,#15153);
#15153 = SURFACE_SIDE_STYLE('',(#15154));
#15154 = SURFACE_STYLE_FILL_AREA(#15155);
#15155 = FILL_AREA_STYLE('',(#15156));
#15156 = FILL_AREA_STYLE_COLOUR('',#14092);
#15157 = STYLED_ITEM('color',(#15158),#8488);
#15158 = PRESENTATION_STYLE_ASSIGNMENT((#15159));
#15159 = SURFACE_STYLE_USAGE(.BOTH.,#15160);
#15160 = SURFACE_SIDE_STYLE('',(#15161));
#15161 = SURFACE_STYLE_FILL_AREA(#15162);
#15162 = FILL_AREA_STYLE('',(#15163));
#15163 = FILL_AREA_STYLE_COLOUR('',#14092);
#15164 = STYLED_ITEM('color',(#15165),#8521);
#15165 = PRESENTATION_STYLE_ASSIGNMENT((#15166));
#15166 = SURFACE_STYLE_USAGE(.BOTH.,#15167);
#15167 = SURFACE_SIDE_STYLE('',(#15168));
#15168 = SURFACE_STYLE_FILL_AREA(#15169);
#15169 = FILL_AREA_STYLE('',(#15170));
#15170 = FILL_AREA_STYLE_COLOUR('',#14092);
#15171 = STYLED_ITEM('color',(#15172),#8552);
#15172 = PRESENTATION_STYLE_ASSIGNMENT((#15173));
#15173 = SURFACE_STYLE_USAGE(.BOTH.,#15174);
#15174 = SURFACE_SIDE_STYLE('',(#15175));
#15175 = SURFACE_STYLE_FILL_AREA(#15176);
#15176 = FILL_AREA_STYLE('',(#15177));
#15177 = FILL_AREA_STYLE_COLOUR('',#14092);
#15178 = STYLED_ITEM('color',(#15179),#8576);
#15179 = PRESENTATION_STYLE_ASSIGNMENT((#15180));
#15180 = SURFACE_STYLE_USAGE(.BOTH.,#15181);
#15181 = SURFACE_SIDE_STYLE('',(#15182));
#15182 = SURFACE_STYLE_FILL_AREA(#15183);
#15183 = FILL_AREA_STYLE('',(#15184));
#15184 = FILL_AREA_STYLE_COLOUR('',#14092);
#15185 = STYLED_ITEM('color',(#15186),#8600);
#15186 = PRESENTATION_STYLE_ASSIGNMENT((#15187));
#15187 = SURFACE_STYLE_USAGE(.BOTH.,#15188);
#15188 = SURFACE_SIDE_STYLE('',(#15189));
#15189 = SURFACE_STYLE_FILL_AREA(#15190);
#15190 = FILL_AREA_STYLE('',(#15191));
#15191 = FILL_AREA_STYLE_COLOUR('',#14092);
#15192 = STYLED_ITEM('color',(#15193),#8617);
#15193 = PRESENTATION_STYLE_ASSIGNMENT((#15194));
#15194 = SURFACE_STYLE_USAGE(.BOTH.,#15195);
#15195 = SURFACE_SIDE_STYLE('',(#15196));
#15196 = SURFACE_STYLE_FILL_AREA(#15197);
#15197 = FILL_AREA_STYLE('',(#15198));
#15198 = FILL_AREA_STYLE_COLOUR('',#14092);
#15199 = STYLED_ITEM('color',(#15200),#8648);
#15200 = PRESENTATION_STYLE_ASSIGNMENT((#15201));
#15201 = SURFACE_STYLE_USAGE(.BOTH.,#15202);
#15202 = SURFACE_SIDE_STYLE('',(#15203));
#15203 = SURFACE_STYLE_FILL_AREA(#15204);
#15204 = FILL_AREA_STYLE('',(#15205));
#15205 = FILL_AREA_STYLE_COLOUR('',#14092);
#15206 = STYLED_ITEM('color',(#15207),#8672);
#15207 = PRESENTATION_STYLE_ASSIGNMENT((#15208));
#15208 = SURFACE_STYLE_USAGE(.BOTH.,#15209);
#15209 = SURFACE_SIDE_STYLE('',(#15210));
#15210 = SURFACE_STYLE_FILL_AREA(#15211);
#15211 = FILL_AREA_STYLE('',(#15212));
#15212 = FILL_AREA_STYLE_COLOUR('',#14092);
#15213 = STYLED_ITEM('color',(#15214),#8696);
#15214 = PRESENTATION_STYLE_ASSIGNMENT((#15215));
#15215 = SURFACE_STYLE_USAGE(.BOTH.,#15216);
#15216 = SURFACE_SIDE_STYLE('',(#15217));
#15217 = SURFACE_STYLE_FILL_AREA(#15218);
#15218 = FILL_AREA_STYLE('',(#15219));
#15219 = FILL_AREA_STYLE_COLOUR('',#14092);
#15220 = STYLED_ITEM('color',(#15221),#8713);
#15221 = PRESENTATION_STYLE_ASSIGNMENT((#15222));
#15222 = SURFACE_STYLE_USAGE(.BOTH.,#15223);
#15223 = SURFACE_SIDE_STYLE('',(#15224));
#15224 = SURFACE_STYLE_FILL_AREA(#15225);
#15225 = FILL_AREA_STYLE('',(#15226));
#15226 = FILL_AREA_STYLE_COLOUR('',#14092);
#15227 = STYLED_ITEM('color',(#15228),#8744);
#15228 = PRESENTATION_STYLE_ASSIGNMENT((#15229));
#15229 = SURFACE_STYLE_USAGE(.BOTH.,#15230);
#15230 = SURFACE_SIDE_STYLE('',(#15231));
#15231 = SURFACE_STYLE_FILL_AREA(#15232);
#15232 = FILL_AREA_STYLE('',(#15233));
#15233 = FILL_AREA_STYLE_COLOUR('',#14092);
#15234 = STYLED_ITEM('color',(#15235),#8768);
#15235 = PRESENTATION_STYLE_ASSIGNMENT((#15236));
#15236 = SURFACE_STYLE_USAGE(.BOTH.,#15237);
#15237 = SURFACE_SIDE_STYLE('',(#15238));
#15238 = SURFACE_STYLE_FILL_AREA(#15239);
#15239 = FILL_AREA_STYLE('',(#15240));
#15240 = FILL_AREA_STYLE_COLOUR('',#14092);
#15241 = STYLED_ITEM('color',(#15242),#8792);
#15242 = PRESENTATION_STYLE_ASSIGNMENT((#15243));
#15243 = SURFACE_STYLE_USAGE(.BOTH.,#15244);
#15244 = SURFACE_SIDE_STYLE('',(#15245));
#15245 = SURFACE_STYLE_FILL_AREA(#15246);
#15246 = FILL_AREA_STYLE('',(#15247));
#15247 = FILL_AREA_STYLE_COLOUR('',#14092);
#15248 = STYLED_ITEM('color',(#15249),#8809);
#15249 = PRESENTATION_STYLE_ASSIGNMENT((#15250));
#15250 = SURFACE_STYLE_USAGE(.BOTH.,#15251);
#15251 = SURFACE_SIDE_STYLE('',(#15252));
#15252 = SURFACE_STYLE_FILL_AREA(#15253);
#15253 = FILL_AREA_STYLE('',(#15254));
#15254 = FILL_AREA_STYLE_COLOUR('',#14092);
#15255 = STYLED_ITEM('color',(#15256),#8840);
#15256 = PRESENTATION_STYLE_ASSIGNMENT((#15257));
#15257 = SURFACE_STYLE_USAGE(.BOTH.,#15258);
#15258 = SURFACE_SIDE_STYLE('',(#15259));
#15259 = SURFACE_STYLE_FILL_AREA(#15260);
#15260 = FILL_AREA_STYLE('',(#15261));
#15261 = FILL_AREA_STYLE_COLOUR('',#14092);
#15262 = STYLED_ITEM('color',(#15263),#8864);
#15263 = PRESENTATION_STYLE_ASSIGNMENT((#15264));
#15264 = SURFACE_STYLE_USAGE(.BOTH.,#15265);
#15265 = SURFACE_SIDE_STYLE('',(#15266));
#15266 = SURFACE_STYLE_FILL_AREA(#15267);
#15267 = FILL_AREA_STYLE('',(#15268));
#15268 = FILL_AREA_STYLE_COLOUR('',#14092);
#15269 = STYLED_ITEM('color',(#15270),#8888);
#15270 = PRESENTATION_STYLE_ASSIGNMENT((#15271));
#15271 = SURFACE_STYLE_USAGE(.BOTH.,#15272);
#15272 = SURFACE_SIDE_STYLE('',(#15273));
#15273 = SURFACE_STYLE_FILL_AREA(#15274);
#15274 = FILL_AREA_STYLE('',(#15275));
#15275 = FILL_AREA_STYLE_COLOUR('',#14092);
#15276 = STYLED_ITEM('color',(#15277),#8905);
#15277 = PRESENTATION_STYLE_ASSIGNMENT((#15278));
#15278 = SURFACE_STYLE_USAGE(.BOTH.,#15279);
#15279 = SURFACE_SIDE_STYLE('',(#15280));
#15280 = SURFACE_STYLE_FILL_AREA(#15281);
#15281 = FILL_AREA_STYLE('',(#15282));
#15282 = FILL_AREA_STYLE_COLOUR('',#14092);
#15283 = STYLED_ITEM('color',(#15284),#8936);
#15284 = PRESENTATION_STYLE_ASSIGNMENT((#15285));
#15285 = SURFACE_STYLE_USAGE(.BOTH.,#15286);
#15286 = SURFACE_SIDE_STYLE('',(#15287));
#15287 = SURFACE_STYLE_FILL_AREA(#15288);
#15288 = FILL_AREA_STYLE('',(#15289));
#15289 = FILL_AREA_STYLE_COLOUR('',#14092);
#15290 = STYLED_ITEM('color',(#15291),#8960);
#15291 = PRESENTATION_STYLE_ASSIGNMENT((#15292));
#15292 = SURFACE_STYLE_USAGE(.BOTH.,#15293);
#15293 = SURFACE_SIDE_STYLE('',(#15294));
#15294 = SURFACE_STYLE_FILL_AREA(#15295);
#15295 = FILL_AREA_STYLE('',(#15296));
#15296 = FILL_AREA_STYLE_COLOUR('',#14092);
#15297 = STYLED_ITEM('color',(#15298),#8984);
#15298 = PRESENTATION_STYLE_ASSIGNMENT((#15299));
#15299 = SURFACE_STYLE_USAGE(.BOTH.,#15300);
#15300 = SURFACE_SIDE_STYLE('',(#15301));
#15301 = SURFACE_STYLE_FILL_AREA(#15302);
#15302 = FILL_AREA_STYLE('',(#15303));
#15303 = FILL_AREA_STYLE_COLOUR('',#14092);
#15304 = STYLED_ITEM('color',(#15305),#9001);
#15305 = PRESENTATION_STYLE_ASSIGNMENT((#15306));
#15306 = SURFACE_STYLE_USAGE(.BOTH.,#15307);
#15307 = SURFACE_SIDE_STYLE('',(#15308));
#15308 = SURFACE_STYLE_FILL_AREA(#15309);
#15309 = FILL_AREA_STYLE('',(#15310));
#15310 = FILL_AREA_STYLE_COLOUR('',#14092);
#15311 = STYLED_ITEM('color',(#15312),#9032);
#15312 = PRESENTATION_STYLE_ASSIGNMENT((#15313));
#15313 = SURFACE_STYLE_USAGE(.BOTH.,#15314);
#15314 = SURFACE_SIDE_STYLE('',(#15315));
#15315 = SURFACE_STYLE_FILL_AREA(#15316);
#15316 = FILL_AREA_STYLE('',(#15317));
#15317 = FILL_AREA_STYLE_COLOUR('',#14092);
#15318 = STYLED_ITEM('color',(#15319),#9056);
#15319 = PRESENTATION_STYLE_ASSIGNMENT((#15320));
#15320 = SURFACE_STYLE_USAGE(.BOTH.,#15321);
#15321 = SURFACE_SIDE_STYLE('',(#15322));
#15322 = SURFACE_STYLE_FILL_AREA(#15323);
#15323 = FILL_AREA_STYLE('',(#15324));
#15324 = FILL_AREA_STYLE_COLOUR('',#14092);
#15325 = STYLED_ITEM('color',(#15326),#9080);
#15326 = PRESENTATION_STYLE_ASSIGNMENT((#15327));
#15327 = SURFACE_STYLE_USAGE(.BOTH.,#15328);
#15328 = SURFACE_SIDE_STYLE('',(#15329));
#15329 = SURFACE_STYLE_FILL_AREA(#15330);
#15330 = FILL_AREA_STYLE('',(#15331));
#15331 = FILL_AREA_STYLE_COLOUR('',#14092);
#15332 = STYLED_ITEM('color',(#15333),#9097);
#15333 = PRESENTATION_STYLE_ASSIGNMENT((#15334));
#15334 = SURFACE_STYLE_USAGE(.BOTH.,#15335);
#15335 = SURFACE_SIDE_STYLE('',(#15336));
#15336 = SURFACE_STYLE_FILL_AREA(#15337);
#15337 = FILL_AREA_STYLE('',(#15338));
#15338 = FILL_AREA_STYLE_COLOUR('',#14092);
#15339 = STYLED_ITEM('color',(#15340),#9128);
#15340 = PRESENTATION_STYLE_ASSIGNMENT((#15341));
#15341 = SURFACE_STYLE_USAGE(.BOTH.,#15342);
#15342 = SURFACE_SIDE_STYLE('',(#15343));
#15343 = SURFACE_STYLE_FILL_AREA(#15344);
#15344 = FILL_AREA_STYLE('',(#15345));
#15345 = FILL_AREA_STYLE_COLOUR('',#14092);
#15346 = STYLED_ITEM('color',(#15347),#9152);
#15347 = PRESENTATION_STYLE_ASSIGNMENT((#15348));
#15348 = SURFACE_STYLE_USAGE(.BOTH.,#15349);
#15349 = SURFACE_SIDE_STYLE('',(#15350));
#15350 = SURFACE_STYLE_FILL_AREA(#15351);
#15351 = FILL_AREA_STYLE('',(#15352));
#15352 = FILL_AREA_STYLE_COLOUR('',#14092);
#15353 = STYLED_ITEM('color',(#15354),#9176);
#15354 = PRESENTATION_STYLE_ASSIGNMENT((#15355));
#15355 = SURFACE_STYLE_USAGE(.BOTH.,#15356);
#15356 = SURFACE_SIDE_STYLE('',(#15357));
#15357 = SURFACE_STYLE_FILL_AREA(#15358);
#15358 = FILL_AREA_STYLE('',(#15359));
#15359 = FILL_AREA_STYLE_COLOUR('',#14092);
#15360 = STYLED_ITEM('color',(#15361),#9193);
#15361 = PRESENTATION_STYLE_ASSIGNMENT((#15362));
#15362 = SURFACE_STYLE_USAGE(.BOTH.,#15363);
#15363 = SURFACE_SIDE_STYLE('',(#15364));
#15364 = SURFACE_STYLE_FILL_AREA(#15365);
#15365 = FILL_AREA_STYLE('',(#15366));
#15366 = FILL_AREA_STYLE_COLOUR('',#14092);
#15367 = STYLED_ITEM('color',(#15368),#9224);
#15368 = PRESENTATION_STYLE_ASSIGNMENT((#15369));
#15369 = SURFACE_STYLE_USAGE(.BOTH.,#15370);
#15370 = SURFACE_SIDE_STYLE('',(#15371));
#15371 = SURFACE_STYLE_FILL_AREA(#15372);
#15372 = FILL_AREA_STYLE('',(#15373));
#15373 = FILL_AREA_STYLE_COLOUR('',#14092);
#15374 = STYLED_ITEM('color',(#15375),#9248);
#15375 = PRESENTATION_STYLE_ASSIGNMENT((#15376));
#15376 = SURFACE_STYLE_USAGE(.BOTH.,#15377);
#15377 = SURFACE_SIDE_STYLE('',(#15378));
#15378 = SURFACE_STYLE_FILL_AREA(#15379);
#15379 = FILL_AREA_STYLE('',(#15380));
#15380 = FILL_AREA_STYLE_COLOUR('',#14092);
#15381 = STYLED_ITEM('color',(#15382),#9272);
#15382 = PRESENTATION_STYLE_ASSIGNMENT((#15383));
#15383 = SURFACE_STYLE_USAGE(.BOTH.,#15384);
#15384 = SURFACE_SIDE_STYLE('',(#15385));
#15385 = SURFACE_STYLE_FILL_AREA(#15386);
#15386 = FILL_AREA_STYLE('',(#15387));
#15387 = FILL_AREA_STYLE_COLOUR('',#14092);
#15388 = STYLED_ITEM('color',(#15389),#9289);
#15389 = PRESENTATION_STYLE_ASSIGNMENT((#15390));
#15390 = SURFACE_STYLE_USAGE(.BOTH.,#15391);
#15391 = SURFACE_SIDE_STYLE('',(#15392));
#15392 = SURFACE_STYLE_FILL_AREA(#15393);
#15393 = FILL_AREA_STYLE('',(#15394));
#15394 = FILL_AREA_STYLE_COLOUR('',#14092);
#15395 = STYLED_ITEM('color',(#15396),#9320);
#15396 = PRESENTATION_STYLE_ASSIGNMENT((#15397));
#15397 = SURFACE_STYLE_USAGE(.BOTH.,#15398);
#15398 = SURFACE_SIDE_STYLE('',(#15399));
#15399 = SURFACE_STYLE_FILL_AREA(#15400);
#15400 = FILL_AREA_STYLE('',(#15401));
#15401 = FILL_AREA_STYLE_COLOUR('',#14092);
#15402 = STYLED_ITEM('color',(#15403),#9344);
#15403 = PRESENTATION_STYLE_ASSIGNMENT((#15404));
#15404 = SURFACE_STYLE_USAGE(.BOTH.,#15405);
#15405 = SURFACE_SIDE_STYLE('',(#15406));
#15406 = SURFACE_STYLE_FILL_AREA(#15407);
#15407 = FILL_AREA_STYLE('',(#15408));
#15408 = FILL_AREA_STYLE_COLOUR('',#14092);
#15409 = STYLED_ITEM('color',(#15410),#9368);
#15410 = PRESENTATION_STYLE_ASSIGNMENT((#15411));
#15411 = SURFACE_STYLE_USAGE(.BOTH.,#15412);
#15412 = SURFACE_SIDE_STYLE('',(#15413));
#15413 = SURFACE_STYLE_FILL_AREA(#15414);
#15414 = FILL_AREA_STYLE('',(#15415));
#15415 = FILL_AREA_STYLE_COLOUR('',#14092);
#15416 = STYLED_ITEM('color',(#15417),#9385);
#15417 = PRESENTATION_STYLE_ASSIGNMENT((#15418));
#15418 = SURFACE_STYLE_USAGE(.BOTH.,#15419);
#15419 = SURFACE_SIDE_STYLE('',(#15420));
#15420 = SURFACE_STYLE_FILL_AREA(#15421);
#15421 = FILL_AREA_STYLE('',(#15422));
#15422 = FILL_AREA_STYLE_COLOUR('',#14092);
#15423 = STYLED_ITEM('color',(#15424),#9416);
#15424 = PRESENTATION_STYLE_ASSIGNMENT((#15425));
#15425 = SURFACE_STYLE_USAGE(.BOTH.,#15426);
#15426 = SURFACE_SIDE_STYLE('',(#15427));
#15427 = SURFACE_STYLE_FILL_AREA(#15428);
#15428 = FILL_AREA_STYLE('',(#15429));
#15429 = FILL_AREA_STYLE_COLOUR('',#14092);
#15430 = STYLED_ITEM('color',(#15431),#9440);
#15431 = PRESENTATION_STYLE_ASSIGNMENT((#15432));
#15432 = SURFACE_STYLE_USAGE(.BOTH.,#15433);
#15433 = SURFACE_SIDE_STYLE('',(#15434));
#15434 = SURFACE_STYLE_FILL_AREA(#15435);
#15435 = FILL_AREA_STYLE('',(#15436));
#15436 = FILL_AREA_STYLE_COLOUR('',#14092);
#15437 = STYLED_ITEM('color',(#15438),#9464);
#15438 = PRESENTATION_STYLE_ASSIGNMENT((#15439));
#15439 = SURFACE_STYLE_USAGE(.BOTH.,#15440);
#15440 = SURFACE_SIDE_STYLE('',(#15441));
#15441 = SURFACE_STYLE_FILL_AREA(#15442);
#15442 = FILL_AREA_STYLE('',(#15443));
#15443 = FILL_AREA_STYLE_COLOUR('',#14092);
#15444 = STYLED_ITEM('color',(#15445),#9481);
#15445 = PRESENTATION_STYLE_ASSIGNMENT((#15446));
#15446 = SURFACE_STYLE_USAGE(.BOTH.,#15447);
#15447 = SURFACE_SIDE_STYLE('',(#15448));
#15448 = SURFACE_STYLE_FILL_AREA(#15449);
#15449 = FILL_AREA_STYLE('',(#15450));
#15450 = FILL_AREA_STYLE_COLOUR('',#14092);
#15451 = STYLED_ITEM('color',(#15452),#9498);
#15452 = PRESENTATION_STYLE_ASSIGNMENT((#15453));
#15453 = SURFACE_STYLE_USAGE(.BOTH.,#15454);
#15454 = SURFACE_SIDE_STYLE('',(#15455));
#15455 = SURFACE_STYLE_FILL_AREA(#15456);
#15456 = FILL_AREA_STYLE('',(#15457));
#15457 = FILL_AREA_STYLE_COLOUR('',#14092);
#15458 = STYLED_ITEM('color',(#15459),#9515);
#15459 = PRESENTATION_STYLE_ASSIGNMENT((#15460));
#15460 = SURFACE_STYLE_USAGE(.BOTH.,#15461);
#15461 = SURFACE_SIDE_STYLE('',(#15462));
#15462 = SURFACE_STYLE_FILL_AREA(#15463);
#15463 = FILL_AREA_STYLE('',(#15464));
#15464 = FILL_AREA_STYLE_COLOUR('',#14092);
#15465 = STYLED_ITEM('color',(#15466),#9527);
#15466 = PRESENTATION_STYLE_ASSIGNMENT((#15467));
#15467 = SURFACE_STYLE_USAGE(.BOTH.,#15468);
#15468 = SURFACE_SIDE_STYLE('',(#15469));
#15469 = SURFACE_STYLE_FILL_AREA(#15470);
#15470 = FILL_AREA_STYLE('',(#15471));
#15471 = FILL_AREA_STYLE_COLOUR('',#14092);
#15472 = STYLED_ITEM('color',(#15473),#9558);
#15473 = PRESENTATION_STYLE_ASSIGNMENT((#15474));
#15474 = SURFACE_STYLE_USAGE(.BOTH.,#15475);
#15475 = SURFACE_SIDE_STYLE('',(#15476));
#15476 = SURFACE_STYLE_FILL_AREA(#15477);
#15477 = FILL_AREA_STYLE('',(#15478));
#15478 = FILL_AREA_STYLE_COLOUR('',#14092);
#15479 = STYLED_ITEM('color',(#15480),#9582);
#15480 = PRESENTATION_STYLE_ASSIGNMENT((#15481));
#15481 = SURFACE_STYLE_USAGE(.BOTH.,#15482);
#15482 = SURFACE_SIDE_STYLE('',(#15483));
#15483 = SURFACE_STYLE_FILL_AREA(#15484);
#15484 = FILL_AREA_STYLE('',(#15485));
#15485 = FILL_AREA_STYLE_COLOUR('',#14092);
#15486 = STYLED_ITEM('color',(#15487),#9606);
#15487 = PRESENTATION_STYLE_ASSIGNMENT((#15488));
#15488 = SURFACE_STYLE_USAGE(.BOTH.,#15489);
#15489 = SURFACE_SIDE_STYLE('',(#15490));
#15490 = SURFACE_STYLE_FILL_AREA(#15491);
#15491 = FILL_AREA_STYLE('',(#15492));
#15492 = FILL_AREA_STYLE_COLOUR('',#14092);
#15493 = STYLED_ITEM('color',(#15494),#9623);
#15494 = PRESENTATION_STYLE_ASSIGNMENT((#15495));
#15495 = SURFACE_STYLE_USAGE(.BOTH.,#15496);
#15496 = SURFACE_SIDE_STYLE('',(#15497));
#15497 = SURFACE_STYLE_FILL_AREA(#15498);
#15498 = FILL_AREA_STYLE('',(#15499));
#15499 = FILL_AREA_STYLE_COLOUR('',#14092);
#15500 = STYLED_ITEM('color',(#15501),#9654);
#15501 = PRESENTATION_STYLE_ASSIGNMENT((#15502));
#15502 = SURFACE_STYLE_USAGE(.BOTH.,#15503);
#15503 = SURFACE_SIDE_STYLE('',(#15504));
#15504 = SURFACE_STYLE_FILL_AREA(#15505);
#15505 = FILL_AREA_STYLE('',(#15506));
#15506 = FILL_AREA_STYLE_COLOUR('',#14092);
#15507 = STYLED_ITEM('color',(#15508),#9678);
#15508 = PRESENTATION_STYLE_ASSIGNMENT((#15509));
#15509 = SURFACE_STYLE_USAGE(.BOTH.,#15510);
#15510 = SURFACE_SIDE_STYLE('',(#15511));
#15511 = SURFACE_STYLE_FILL_AREA(#15512);
#15512 = FILL_AREA_STYLE('',(#15513));
#15513 = FILL_AREA_STYLE_COLOUR('',#14092);
#15514 = STYLED_ITEM('color',(#15515),#9702);
#15515 = PRESENTATION_STYLE_ASSIGNMENT((#15516));
#15516 = SURFACE_STYLE_USAGE(.BOTH.,#15517);
#15517 = SURFACE_SIDE_STYLE('',(#15518));
#15518 = SURFACE_STYLE_FILL_AREA(#15519);
#15519 = FILL_AREA_STYLE('',(#15520));
#15520 = FILL_AREA_STYLE_COLOUR('',#14092);
#15521 = STYLED_ITEM('color',(#15522),#9719);
#15522 = PRESENTATION_STYLE_ASSIGNMENT((#15523));
#15523 = SURFACE_STYLE_USAGE(.BOTH.,#15524);
#15524 = SURFACE_SIDE_STYLE('',(#15525));
#15525 = SURFACE_STYLE_FILL_AREA(#15526);
#15526 = FILL_AREA_STYLE('',(#15527));
#15527 = FILL_AREA_STYLE_COLOUR('',#14092);
#15528 = STYLED_ITEM('color',(#15529),#9750);
#15529 = PRESENTATION_STYLE_ASSIGNMENT((#15530));
#15530 = SURFACE_STYLE_USAGE(.BOTH.,#15531);
#15531 = SURFACE_SIDE_STYLE('',(#15532));
#15532 = SURFACE_STYLE_FILL_AREA(#15533);
#15533 = FILL_AREA_STYLE('',(#15534));
#15534 = FILL_AREA_STYLE_COLOUR('',#14092);
#15535 = STYLED_ITEM('color',(#15536),#9774);
#15536 = PRESENTATION_STYLE_ASSIGNMENT((#15537));
#15537 = SURFACE_STYLE_USAGE(.BOTH.,#15538);
#15538 = SURFACE_SIDE_STYLE('',(#15539));
#15539 = SURFACE_STYLE_FILL_AREA(#15540);
#15540 = FILL_AREA_STYLE('',(#15541));
#15541 = FILL_AREA_STYLE_COLOUR('',#14092);
#15542 = STYLED_ITEM('color',(#15543),#9798);
#15543 = PRESENTATION_STYLE_ASSIGNMENT((#15544));
#15544 = SURFACE_STYLE_USAGE(.BOTH.,#15545);
#15545 = SURFACE_SIDE_STYLE('',(#15546));
#15546 = SURFACE_STYLE_FILL_AREA(#15547);
#15547 = FILL_AREA_STYLE('',(#15548));
#15548 = FILL_AREA_STYLE_COLOUR('',#14092);
#15549 = STYLED_ITEM('color',(#15550),#9815);
#15550 = PRESENTATION_STYLE_ASSIGNMENT((#15551));
#15551 = SURFACE_STYLE_USAGE(.BOTH.,#15552);
#15552 = SURFACE_SIDE_STYLE('',(#15553));
#15553 = SURFACE_STYLE_FILL_AREA(#15554);
#15554 = FILL_AREA_STYLE('',(#15555));
#15555 = FILL_AREA_STYLE_COLOUR('',#14092);
#15556 = STYLED_ITEM('color',(#15557),#9846);
#15557 = PRESENTATION_STYLE_ASSIGNMENT((#15558));
#15558 = SURFACE_STYLE_USAGE(.BOTH.,#15559);
#15559 = SURFACE_SIDE_STYLE('',(#15560));
#15560 = SURFACE_STYLE_FILL_AREA(#15561);
#15561 = FILL_AREA_STYLE('',(#15562));
#15562 = FILL_AREA_STYLE_COLOUR('',#14092);
#15563 = STYLED_ITEM('color',(#15564),#9870);
#15564 = PRESENTATION_STYLE_ASSIGNMENT((#15565));
#15565 = SURFACE_STYLE_USAGE(.BOTH.,#15566);
#15566 = SURFACE_SIDE_STYLE('',(#15567));
#15567 = SURFACE_STYLE_FILL_AREA(#15568);
#15568 = FILL_AREA_STYLE('',(#15569));
#15569 = FILL_AREA_STYLE_COLOUR('',#14092);
#15570 = STYLED_ITEM('color',(#15571),#9894);
#15571 = PRESENTATION_STYLE_ASSIGNMENT((#15572));
#15572 = SURFACE_STYLE_USAGE(.BOTH.,#15573);
#15573 = SURFACE_SIDE_STYLE('',(#15574));
#15574 = SURFACE_STYLE_FILL_AREA(#15575);
#15575 = FILL_AREA_STYLE('',(#15576));
#15576 = FILL_AREA_STYLE_COLOUR('',#14092);
#15577 = STYLED_ITEM('color',(#15578),#9911);
#15578 = PRESENTATION_STYLE_ASSIGNMENT((#15579));
#15579 = SURFACE_STYLE_USAGE(.BOTH.,#15580);
#15580 = SURFACE_SIDE_STYLE('',(#15581));
#15581 = SURFACE_STYLE_FILL_AREA(#15582);
#15582 = FILL_AREA_STYLE('',(#15583));
#15583 = FILL_AREA_STYLE_COLOUR('',#14092);
#15584 = STYLED_ITEM('color',(#15585),#9942);
#15585 = PRESENTATION_STYLE_ASSIGNMENT((#15586));
#15586 = SURFACE_STYLE_USAGE(.BOTH.,#15587);
#15587 = SURFACE_SIDE_STYLE('',(#15588));
#15588 = SURFACE_STYLE_FILL_AREA(#15589);
#15589 = FILL_AREA_STYLE('',(#15590));
#15590 = FILL_AREA_STYLE_COLOUR('',#14092);
#15591 = STYLED_ITEM('color',(#15592),#9966);
#15592 = PRESENTATION_STYLE_ASSIGNMENT((#15593));
#15593 = SURFACE_STYLE_USAGE(.BOTH.,#15594);
#15594 = SURFACE_SIDE_STYLE('',(#15595));
#15595 = SURFACE_STYLE_FILL_AREA(#15596);
#15596 = FILL_AREA_STYLE('',(#15597));
#15597 = FILL_AREA_STYLE_COLOUR('',#14092);
#15598 = STYLED_ITEM('color',(#15599),#9990);
#15599 = PRESENTATION_STYLE_ASSIGNMENT((#15600));
#15600 = SURFACE_STYLE_USAGE(.BOTH.,#15601);
#15601 = SURFACE_SIDE_STYLE('',(#15602));
#15602 = SURFACE_STYLE_FILL_AREA(#15603);
#15603 = FILL_AREA_STYLE('',(#15604));
#15604 = FILL_AREA_STYLE_COLOUR('',#14092);
#15605 = STYLED_ITEM('color',(#15606),#10007);
#15606 = PRESENTATION_STYLE_ASSIGNMENT((#15607));
#15607 = SURFACE_STYLE_USAGE(.BOTH.,#15608);
#15608 = SURFACE_SIDE_STYLE('',(#15609));
#15609 = SURFACE_STYLE_FILL_AREA(#15610);
#15610 = FILL_AREA_STYLE('',(#15611));
#15611 = FILL_AREA_STYLE_COLOUR('',#14092);
#15612 = STYLED_ITEM('color',(#15613),#10038);
#15613 = PRESENTATION_STYLE_ASSIGNMENT((#15614));
#15614 = SURFACE_STYLE_USAGE(.BOTH.,#15615);
#15615 = SURFACE_SIDE_STYLE('',(#15616));
#15616 = SURFACE_STYLE_FILL_AREA(#15617);
#15617 = FILL_AREA_STYLE('',(#15618));
#15618 = FILL_AREA_STYLE_COLOUR('',#14092);
#15619 = STYLED_ITEM('color',(#15620),#10062);
#15620 = PRESENTATION_STYLE_ASSIGNMENT((#15621));
#15621 = SURFACE_STYLE_USAGE(.BOTH.,#15622);
#15622 = SURFACE_SIDE_STYLE('',(#15623));
#15623 = SURFACE_STYLE_FILL_AREA(#15624);
#15624 = FILL_AREA_STYLE('',(#15625));
#15625 = FILL_AREA_STYLE_COLOUR('',#14092);
#15626 = STYLED_ITEM('color',(#15627),#10086);
#15627 = PRESENTATION_STYLE_ASSIGNMENT((#15628));
#15628 = SURFACE_STYLE_USAGE(.BOTH.,#15629);
#15629 = SURFACE_SIDE_STYLE('',(#15630));
#15630 = SURFACE_STYLE_FILL_AREA(#15631);
#15631 = FILL_AREA_STYLE('',(#15632));
#15632 = FILL_AREA_STYLE_COLOUR('',#14092);
#15633 = STYLED_ITEM('color',(#15634),#10103);
#15634 = PRESENTATION_STYLE_ASSIGNMENT((#15635));
#15635 = SURFACE_STYLE_USAGE(.BOTH.,#15636);
#15636 = SURFACE_SIDE_STYLE('',(#15637));
#15637 = SURFACE_STYLE_FILL_AREA(#15638);
#15638 = FILL_AREA_STYLE('',(#15639));
#15639 = FILL_AREA_STYLE_COLOUR('',#14092);
#15640 = STYLED_ITEM('color',(#15641),#10134);
#15641 = PRESENTATION_STYLE_ASSIGNMENT((#15642));
#15642 = SURFACE_STYLE_USAGE(.BOTH.,#15643);
#15643 = SURFACE_SIDE_STYLE('',(#15644));
#15644 = SURFACE_STYLE_FILL_AREA(#15645);
#15645 = FILL_AREA_STYLE('',(#15646));
#15646 = FILL_AREA_STYLE_COLOUR('',#14092);
#15647 = STYLED_ITEM('color',(#15648),#10158);
#15648 = PRESENTATION_STYLE_ASSIGNMENT((#15649));
#15649 = SURFACE_STYLE_USAGE(.BOTH.,#15650);
#15650 = SURFACE_SIDE_STYLE('',(#15651));
#15651 = SURFACE_STYLE_FILL_AREA(#15652);
#15652 = FILL_AREA_STYLE('',(#15653));
#15653 = FILL_AREA_STYLE_COLOUR('',#14092);
#15654 = STYLED_ITEM('color',(#15655),#10182);
#15655 = PRESENTATION_STYLE_ASSIGNMENT((#15656));
#15656 = SURFACE_STYLE_USAGE(.BOTH.,#15657);
#15657 = SURFACE_SIDE_STYLE('',(#15658));
#15658 = SURFACE_STYLE_FILL_AREA(#15659);
#15659 = FILL_AREA_STYLE('',(#15660));
#15660 = FILL_AREA_STYLE_COLOUR('',#14092);
#15661 = STYLED_ITEM('color',(#15662),#10199);
#15662 = PRESENTATION_STYLE_ASSIGNMENT((#15663));
#15663 = SURFACE_STYLE_USAGE(.BOTH.,#15664);
#15664 = SURFACE_SIDE_STYLE('',(#15665));
#15665 = SURFACE_STYLE_FILL_AREA(#15666);
#15666 = FILL_AREA_STYLE('',(#15667));
#15667 = FILL_AREA_STYLE_COLOUR('',#14092);
#15668 = STYLED_ITEM('color',(#15669),#10230);
#15669 = PRESENTATION_STYLE_ASSIGNMENT((#15670));
#15670 = SURFACE_STYLE_USAGE(.BOTH.,#15671);
#15671 = SURFACE_SIDE_STYLE('',(#15672));
#15672 = SURFACE_STYLE_FILL_AREA(#15673);
#15673 = FILL_AREA_STYLE('',(#15674));
#15674 = FILL_AREA_STYLE_COLOUR('',#14092);
#15675 = STYLED_ITEM('color',(#15676),#10254);
#15676 = PRESENTATION_STYLE_ASSIGNMENT((#15677));
#15677 = SURFACE_STYLE_USAGE(.BOTH.,#15678);
#15678 = SURFACE_SIDE_STYLE('',(#15679));
#15679 = SURFACE_STYLE_FILL_AREA(#15680);
#15680 = FILL_AREA_STYLE('',(#15681));
#15681 = FILL_AREA_STYLE_COLOUR('',#14092);
#15682 = STYLED_ITEM('color',(#15683),#10278);
#15683 = PRESENTATION_STYLE_ASSIGNMENT((#15684));
#15684 = SURFACE_STYLE_USAGE(.BOTH.,#15685);
#15685 = SURFACE_SIDE_STYLE('',(#15686));
#15686 = SURFACE_STYLE_FILL_AREA(#15687);
#15687 = FILL_AREA_STYLE('',(#15688));
#15688 = FILL_AREA_STYLE_COLOUR('',#14092);
#15689 = STYLED_ITEM('color',(#15690),#10295);
#15690 = PRESENTATION_STYLE_ASSIGNMENT((#15691));
#15691 = SURFACE_STYLE_USAGE(.BOTH.,#15692);
#15692 = SURFACE_SIDE_STYLE('',(#15693));
#15693 = SURFACE_STYLE_FILL_AREA(#15694);
#15694 = FILL_AREA_STYLE('',(#15695));
#15695 = FILL_AREA_STYLE_COLOUR('',#14092);
#15696 = STYLED_ITEM('color',(#15697),#10326);
#15697 = PRESENTATION_STYLE_ASSIGNMENT((#15698));
#15698 = SURFACE_STYLE_USAGE(.BOTH.,#15699);
#15699 = SURFACE_SIDE_STYLE('',(#15700));
#15700 = SURFACE_STYLE_FILL_AREA(#15701);
#15701 = FILL_AREA_STYLE('',(#15702));
#15702 = FILL_AREA_STYLE_COLOUR('',#14092);
#15703 = STYLED_ITEM('color',(#15704),#10350);
#15704 = PRESENTATION_STYLE_ASSIGNMENT((#15705));
#15705 = SURFACE_STYLE_USAGE(.BOTH.,#15706);
#15706 = SURFACE_SIDE_STYLE('',(#15707));
#15707 = SURFACE_STYLE_FILL_AREA(#15708);
#15708 = FILL_AREA_STYLE('',(#15709));
#15709 = FILL_AREA_STYLE_COLOUR('',#14092);
#15710 = STYLED_ITEM('color',(#15711),#10374);
#15711 = PRESENTATION_STYLE_ASSIGNMENT((#15712));
#15712 = SURFACE_STYLE_USAGE(.BOTH.,#15713);
#15713 = SURFACE_SIDE_STYLE('',(#15714));
#15714 = SURFACE_STYLE_FILL_AREA(#15715);
#15715 = FILL_AREA_STYLE('',(#15716));
#15716 = FILL_AREA_STYLE_COLOUR('',#14092);
#15717 = STYLED_ITEM('color',(#15718),#10391);
#15718 = PRESENTATION_STYLE_ASSIGNMENT((#15719));
#15719 = SURFACE_STYLE_USAGE(.BOTH.,#15720);
#15720 = SURFACE_SIDE_STYLE('',(#15721));
#15721 = SURFACE_STYLE_FILL_AREA(#15722);
#15722 = FILL_AREA_STYLE('',(#15723));
#15723 = FILL_AREA_STYLE_COLOUR('',#14092);
#15724 = STYLED_ITEM('color',(#15725),#10422);
#15725 = PRESENTATION_STYLE_ASSIGNMENT((#15726));
#15726 = SURFACE_STYLE_USAGE(.BOTH.,#15727);
#15727 = SURFACE_SIDE_STYLE('',(#15728));
#15728 = SURFACE_STYLE_FILL_AREA(#15729);
#15729 = FILL_AREA_STYLE('',(#15730));
#15730 = FILL_AREA_STYLE_COLOUR('',#14092);
#15731 = STYLED_ITEM('color',(#15732),#10446);
#15732 = PRESENTATION_STYLE_ASSIGNMENT((#15733));
#15733 = SURFACE_STYLE_USAGE(.BOTH.,#15734);
#15734 = SURFACE_SIDE_STYLE('',(#15735));
#15735 = SURFACE_STYLE_FILL_AREA(#15736);
#15736 = FILL_AREA_STYLE('',(#15737));
#15737 = FILL_AREA_STYLE_COLOUR('',#14092);
#15738 = STYLED_ITEM('color',(#15739),#10470);
#15739 = PRESENTATION_STYLE_ASSIGNMENT((#15740));
#15740 = SURFACE_STYLE_USAGE(.BOTH.,#15741);
#15741 = SURFACE_SIDE_STYLE('',(#15742));
#15742 = SURFACE_STYLE_FILL_AREA(#15743);
#15743 = FILL_AREA_STYLE('',(#15744));
#15744 = FILL_AREA_STYLE_COLOUR('',#14092);
#15745 = STYLED_ITEM('color',(#15746),#10487);
#15746 = PRESENTATION_STYLE_ASSIGNMENT((#15747));
#15747 = SURFACE_STYLE_USAGE(.BOTH.,#15748);
#15748 = SURFACE_SIDE_STYLE('',(#15749));
#15749 = SURFACE_STYLE_FILL_AREA(#15750);
#15750 = FILL_AREA_STYLE('',(#15751));
#15751 = FILL_AREA_STYLE_COLOUR('',#14092);
#15752 = STYLED_ITEM('color',(#15753),#10518);
#15753 = PRESENTATION_STYLE_ASSIGNMENT((#15754));
#15754 = SURFACE_STYLE_USAGE(.BOTH.,#15755);
#15755 = SURFACE_SIDE_STYLE('',(#15756));
#15756 = SURFACE_STYLE_FILL_AREA(#15757);
#15757 = FILL_AREA_STYLE('',(#15758));
#15758 = FILL_AREA_STYLE_COLOUR('',#14092);
#15759 = STYLED_ITEM('color',(#15760),#10542);
#15760 = PRESENTATION_STYLE_ASSIGNMENT((#15761));
#15761 = SURFACE_STYLE_USAGE(.BOTH.,#15762);
#15762 = SURFACE_SIDE_STYLE('',(#15763));
#15763 = SURFACE_STYLE_FILL_AREA(#15764);
#15764 = FILL_AREA_STYLE('',(#15765));
#15765 = FILL_AREA_STYLE_COLOUR('',#14092);
#15766 = STYLED_ITEM('color',(#15767),#10566);
#15767 = PRESENTATION_STYLE_ASSIGNMENT((#15768));
#15768 = SURFACE_STYLE_USAGE(.BOTH.,#15769);
#15769 = SURFACE_SIDE_STYLE('',(#15770));
#15770 = SURFACE_STYLE_FILL_AREA(#15771);
#15771 = FILL_AREA_STYLE('',(#15772));
#15772 = FILL_AREA_STYLE_COLOUR('',#14092);
#15773 = STYLED_ITEM('color',(#15774),#10583);
#15774 = PRESENTATION_STYLE_ASSIGNMENT((#15775));
#15775 = SURFACE_STYLE_USAGE(.BOTH.,#15776);
#15776 = SURFACE_SIDE_STYLE('',(#15777));
#15777 = SURFACE_STYLE_FILL_AREA(#15778);
#15778 = FILL_AREA_STYLE('',(#15779));
#15779 = FILL_AREA_STYLE_COLOUR('',#14092);
#15780 = STYLED_ITEM('color',(#15781),#10614);
#15781 = PRESENTATION_STYLE_ASSIGNMENT((#15782));
#15782 = SURFACE_STYLE_USAGE(.BOTH.,#15783);
#15783 = SURFACE_SIDE_STYLE('',(#15784));
#15784 = SURFACE_STYLE_FILL_AREA(#15785);
#15785 = FILL_AREA_STYLE('',(#15786));
#15786 = FILL_AREA_STYLE_COLOUR('',#14092);
#15787 = STYLED_ITEM('color',(#15788),#10638);
#15788 = PRESENTATION_STYLE_ASSIGNMENT((#15789));
#15789 = SURFACE_STYLE_USAGE(.BOTH.,#15790);
#15790 = SURFACE_SIDE_STYLE('',(#15791));
#15791 = SURFACE_STYLE_FILL_AREA(#15792);
#15792 = FILL_AREA_STYLE('',(#15793));
#15793 = FILL_AREA_STYLE_COLOUR('',#14092);
#15794 = STYLED_ITEM('color',(#15795),#10662);
#15795 = PRESENTATION_STYLE_ASSIGNMENT((#15796));
#15796 = SURFACE_STYLE_USAGE(.BOTH.,#15797);
#15797 = SURFACE_SIDE_STYLE('',(#15798));
#15798 = SURFACE_STYLE_FILL_AREA(#15799);
#15799 = FILL_AREA_STYLE('',(#15800));
#15800 = FILL_AREA_STYLE_COLOUR('',#14092);
#15801 = STYLED_ITEM('color',(#15802),#10679);
#15802 = PRESENTATION_STYLE_ASSIGNMENT((#15803));
#15803 = SURFACE_STYLE_USAGE(.BOTH.,#15804);
#15804 = SURFACE_SIDE_STYLE('',(#15805));
#15805 = SURFACE_STYLE_FILL_AREA(#15806);
#15806 = FILL_AREA_STYLE('',(#15807));
#15807 = FILL_AREA_STYLE_COLOUR('',#14092);
#15808 = STYLED_ITEM('color',(#15809),#10696);
#15809 = PRESENTATION_STYLE_ASSIGNMENT((#15810));
#15810 = SURFACE_STYLE_USAGE(.BOTH.,#15811);
#15811 = SURFACE_SIDE_STYLE('',(#15812));
#15812 = SURFACE_STYLE_FILL_AREA(#15813);
#15813 = FILL_AREA_STYLE('',(#15814));
#15814 = FILL_AREA_STYLE_COLOUR('',#14092);
#15815 = STYLED_ITEM('color',(#15816),#10713);
#15816 = PRESENTATION_STYLE_ASSIGNMENT((#15817));
#15817 = SURFACE_STYLE_USAGE(.BOTH.,#15818);
#15818 = SURFACE_SIDE_STYLE('',(#15819));
#15819 = SURFACE_STYLE_FILL_AREA(#15820);
#15820 = FILL_AREA_STYLE('',(#15821));
#15821 = FILL_AREA_STYLE_COLOUR('',#14092);
#15822 = STYLED_ITEM('color',(#15823),#10725);
#15823 = PRESENTATION_STYLE_ASSIGNMENT((#15824));
#15824 = SURFACE_STYLE_USAGE(.BOTH.,#15825);
#15825 = SURFACE_SIDE_STYLE('',(#15826));
#15826 = SURFACE_STYLE_FILL_AREA(#15827);
#15827 = FILL_AREA_STYLE('',(#15828));
#15828 = FILL_AREA_STYLE_COLOUR('',#14092);
#15829 = STYLED_ITEM('color',(#15830),#10737);
#15830 = PRESENTATION_STYLE_ASSIGNMENT((#15831));
#15831 = SURFACE_STYLE_USAGE(.BOTH.,#15832);
#15832 = SURFACE_SIDE_STYLE('',(#15833));
#15833 = SURFACE_STYLE_FILL_AREA(#15834);
#15834 = FILL_AREA_STYLE('',(#15835));
#15835 = FILL_AREA_STYLE_COLOUR('',#14092);
#15836 = STYLED_ITEM('color',(#15837),#10749);
#15837 = PRESENTATION_STYLE_ASSIGNMENT((#15838));
#15838 = SURFACE_STYLE_USAGE(.BOTH.,#15839);
#15839 = SURFACE_SIDE_STYLE('',(#15840));
#15840 = SURFACE_STYLE_FILL_AREA(#15841);
#15841 = FILL_AREA_STYLE('',(#15842));
#15842 = FILL_AREA_STYLE_COLOUR('',#14092);
#15843 = STYLED_ITEM('color',(#15844),#10761);
#15844 = PRESENTATION_STYLE_ASSIGNMENT((#15845));
#15845 = SURFACE_STYLE_USAGE(.BOTH.,#15846);
#15846 = SURFACE_SIDE_STYLE('',(#15847));
#15847 = SURFACE_STYLE_FILL_AREA(#15848);
#15848 = FILL_AREA_STYLE('',(#15849));
#15849 = FILL_AREA_STYLE_COLOUR('',#14092);
#15850 = STYLED_ITEM('color',(#15851),#10773);
#15851 = PRESENTATION_STYLE_ASSIGNMENT((#15852));
#15852 = SURFACE_STYLE_USAGE(.BOTH.,#15853);
#15853 = SURFACE_SIDE_STYLE('',(#15854));
#15854 = SURFACE_STYLE_FILL_AREA(#15855);
#15855 = FILL_AREA_STYLE('',(#15856));
#15856 = FILL_AREA_STYLE_COLOUR('',#14092);
#15857 = STYLED_ITEM('color',(#15858),#10785);
#15858 = PRESENTATION_STYLE_ASSIGNMENT((#15859));
#15859 = SURFACE_STYLE_USAGE(.BOTH.,#15860);
#15860 = SURFACE_SIDE_STYLE('',(#15861));
#15861 = SURFACE_STYLE_FILL_AREA(#15862);
#15862 = FILL_AREA_STYLE('',(#15863));
#15863 = FILL_AREA_STYLE_COLOUR('',#14092);
#15864 = STYLED_ITEM('color',(#15865),#10797);
#15865 = PRESENTATION_STYLE_ASSIGNMENT((#15866));
#15866 = SURFACE_STYLE_USAGE(.BOTH.,#15867);
#15867 = SURFACE_SIDE_STYLE('',(#15868));
#15868 = SURFACE_STYLE_FILL_AREA(#15869);
#15869 = FILL_AREA_STYLE('',(#15870));
#15870 = FILL_AREA_STYLE_COLOUR('',#14092);
#15871 = STYLED_ITEM('color',(#15872),#10809);
#15872 = PRESENTATION_STYLE_ASSIGNMENT((#15873));
#15873 = SURFACE_STYLE_USAGE(.BOTH.,#15874);
#15874 = SURFACE_SIDE_STYLE('',(#15875));
#15875 = SURFACE_STYLE_FILL_AREA(#15876);
#15876 = FILL_AREA_STYLE('',(#15877));
#15877 = FILL_AREA_STYLE_COLOUR('',#14092);
#15878 = STYLED_ITEM('color',(#15879),#10821);
#15879 = PRESENTATION_STYLE_ASSIGNMENT((#15880));
#15880 = SURFACE_STYLE_USAGE(.BOTH.,#15881);
#15881 = SURFACE_SIDE_STYLE('',(#15882));
#15882 = SURFACE_STYLE_FILL_AREA(#15883);
#15883 = FILL_AREA_STYLE('',(#15884));
#15884 = FILL_AREA_STYLE_COLOUR('',#14092);
#15885 = STYLED_ITEM('color',(#15886),#10833);
#15886 = PRESENTATION_STYLE_ASSIGNMENT((#15887));
#15887 = SURFACE_STYLE_USAGE(.BOTH.,#15888);
#15888 = SURFACE_SIDE_STYLE('',(#15889));
#15889 = SURFACE_STYLE_FILL_AREA(#15890);
#15890 = FILL_AREA_STYLE('',(#15891));
#15891 = FILL_AREA_STYLE_COLOUR('',#14092);
#15892 = STYLED_ITEM('color',(#15893),#10845);
#15893 = PRESENTATION_STYLE_ASSIGNMENT((#15894));
#15894 = SURFACE_STYLE_USAGE(.BOTH.,#15895);
#15895 = SURFACE_SIDE_STYLE('',(#15896));
#15896 = SURFACE_STYLE_FILL_AREA(#15897);
#15897 = FILL_AREA_STYLE('',(#15898));
#15898 = FILL_AREA_STYLE_COLOUR('',#14092);
#15899 = STYLED_ITEM('color',(#15900),#10857);
#15900 = PRESENTATION_STYLE_ASSIGNMENT((#15901));
#15901 = SURFACE_STYLE_USAGE(.BOTH.,#15902);
#15902 = SURFACE_SIDE_STYLE('',(#15903));
#15903 = SURFACE_STYLE_FILL_AREA(#15904);
#15904 = FILL_AREA_STYLE('',(#15905));
#15905 = FILL_AREA_STYLE_COLOUR('',#14092);
#15906 = STYLED_ITEM('color',(#15907),#10869);
#15907 = PRESENTATION_STYLE_ASSIGNMENT((#15908));
#15908 = SURFACE_STYLE_USAGE(.BOTH.,#15909);
#15909 = SURFACE_SIDE_STYLE('',(#15910));
#15910 = SURFACE_STYLE_FILL_AREA(#15911);
#15911 = FILL_AREA_STYLE('',(#15912));
#15912 = FILL_AREA_STYLE_COLOUR('',#14092);
#15913 = STYLED_ITEM('color',(#15914),#10881);
#15914 = PRESENTATION_STYLE_ASSIGNMENT((#15915));
#15915 = SURFACE_STYLE_USAGE(.BOTH.,#15916);
#15916 = SURFACE_SIDE_STYLE('',(#15917));
#15917 = SURFACE_STYLE_FILL_AREA(#15918);
#15918 = FILL_AREA_STYLE('',(#15919));
#15919 = FILL_AREA_STYLE_COLOUR('',#14092);
#15920 = STYLED_ITEM('color',(#15921),#10893);
#15921 = PRESENTATION_STYLE_ASSIGNMENT((#15922));
#15922 = SURFACE_STYLE_USAGE(.BOTH.,#15923);
#15923 = SURFACE_SIDE_STYLE('',(#15924));
#15924 = SURFACE_STYLE_FILL_AREA(#15925);
#15925 = FILL_AREA_STYLE('',(#15926));
#15926 = FILL_AREA_STYLE_COLOUR('',#14092);
#15927 = STYLED_ITEM('color',(#15928),#10905);
#15928 = PRESENTATION_STYLE_ASSIGNMENT((#15929));
#15929 = SURFACE_STYLE_USAGE(.BOTH.,#15930);
#15930 = SURFACE_SIDE_STYLE('',(#15931));
#15931 = SURFACE_STYLE_FILL_AREA(#15932);
#15932 = FILL_AREA_STYLE('',(#15933));
#15933 = FILL_AREA_STYLE_COLOUR('',#14092);
#15934 = STYLED_ITEM('color',(#15935),#10917);
#15935 = PRESENTATION_STYLE_ASSIGNMENT((#15936));
#15936 = SURFACE_STYLE_USAGE(.BOTH.,#15937);
#15937 = SURFACE_SIDE_STYLE('',(#15938));
#15938 = SURFACE_STYLE_FILL_AREA(#15939);
#15939 = FILL_AREA_STYLE('',(#15940));
#15940 = FILL_AREA_STYLE_COLOUR('',#14092);
#15941 = STYLED_ITEM('color',(#15942),#10929);
#15942 = PRESENTATION_STYLE_ASSIGNMENT((#15943));
#15943 = SURFACE_STYLE_USAGE(.BOTH.,#15944);
#15944 = SURFACE_SIDE_STYLE('',(#15945));
#15945 = SURFACE_STYLE_FILL_AREA(#15946);
#15946 = FILL_AREA_STYLE('',(#15947));
#15947 = FILL_AREA_STYLE_COLOUR('',#14092);
#15948 = STYLED_ITEM('color',(#15949),#10941);
#15949 = PRESENTATION_STYLE_ASSIGNMENT((#15950));
#15950 = SURFACE_STYLE_USAGE(.BOTH.,#15951);
#15951 = SURFACE_SIDE_STYLE('',(#15952));
#15952 = SURFACE_STYLE_FILL_AREA(#15953);
#15953 = FILL_AREA_STYLE('',(#15954));
#15954 = FILL_AREA_STYLE_COLOUR('',#14092);
#15955 = STYLED_ITEM('color',(#15956),#10953);
#15956 = PRESENTATION_STYLE_ASSIGNMENT((#15957));
#15957 = SURFACE_STYLE_USAGE(.BOTH.,#15958);
#15958 = SURFACE_SIDE_STYLE('',(#15959));
#15959 = SURFACE_STYLE_FILL_AREA(#15960);
#15960 = FILL_AREA_STYLE('',(#15961));
#15961 = FILL_AREA_STYLE_COLOUR('',#14092);
#15962 = STYLED_ITEM('color',(#15963),#10965);
#15963 = PRESENTATION_STYLE_ASSIGNMENT((#15964));
#15964 = SURFACE_STYLE_USAGE(.BOTH.,#15965);
#15965 = SURFACE_SIDE_STYLE('',(#15966));
#15966 = SURFACE_STYLE_FILL_AREA(#15967);
#15967 = FILL_AREA_STYLE('',(#15968));
#15968 = FILL_AREA_STYLE_COLOUR('',#14092);
#15969 = STYLED_ITEM('color',(#15970),#10977);
#15970 = PRESENTATION_STYLE_ASSIGNMENT((#15971));
#15971 = SURFACE_STYLE_USAGE(.BOTH.,#15972);
#15972 = SURFACE_SIDE_STYLE('',(#15973));
#15973 = SURFACE_STYLE_FILL_AREA(#15974);
#15974 = FILL_AREA_STYLE('',(#15975));
#15975 = FILL_AREA_STYLE_COLOUR('',#14092);
ENDSEC;
END-ISO-10303-21;
